J,K,N,p,seed,avg_runtime,prop_identifiable,branch_-1,branch_0,branch_1,branch_2,branch_3,branch_4,branch_5,branch_6
50,15,1,0.1,3,0.06079732719808817,0.0,0,0,0,1,0,0,0,0
50,15,1,0.1,4,0.07787910103797913,0.0,0,0,0,1,0,0,0,0
50,15,1,0.1,8,0.03590066824108362,0.0,0,0,0,1,0,0,0,0
