J,K,N,p,seed,avg_runtime,prop_identifiable,branch_-1,branch_0,branch_1,branch_2,branch_3,branch_4,branch_5,branch_6
50,15,1,0.1,8,0.03722847905009985,0.0,0,0,0,1,0,0,0,0
50,15,1,0.1,3,0.0619979202747345,0.0,0,0,0,1,0,0,0,0
50,15,1,0.1,4,0.07639881037175655,0.0,0,0,0,1,0,0,0,0
