J,K,N,p,seed,sim,basis_time,trivial_check_time,two_col_check_time,three_col_check_time,identity_check_time,sat_time,J_basis,algorithm_time,identifiable,branch,branch_label,sat_called,identity_original,not_complete_original,has_pure_node_original,no_pure_nodes_original,two_col_violation_original,identity_basis,two_col_violation_basis,M_basis,preprocess_time,diagnostic_time
25,10,10,0.1,0,0,0.00039055291563272476,0.0,0.0,0.0,0.0,0.0,8,0.00046690809540450573,0,-1,basis_J_less_than_K,0,0,1,1,0,1,0,1,192,0.00039055291563272476,0.00254920800216496
25,10,10,0.1,0,1,0.0017098530661314726,0.00010353396646678448,0.00022687111049890518,0.0,0.0,0.0,13,0.002125923987478018,0,2,two_column_check_failed,0,0,1,1,0,1,0,1,564,0.0020402581430971622,0.003192319069057703
25,10,10,0.1,0,2,0.000440011965110898,4.888582043349743e-05,0.0,0.0,0.0,0.0,10,0.000560523010790348,0,0,all_zero_column,0,0,1,1,0,1,0,1,134,0.0004888977855443954,0.0025323249865323305
25,10,10,0.1,0,3,0.0006662788800895214,0.0,0.0,0.0,0.0,0.0,9,0.0007442550268024206,0,-1,basis_J_less_than_K,0,0,1,1,0,1,0,1,512,0.0006662788800895214,0.0027952808886766434
25,10,10,0.1,0,4,0.0010359690058976412,0.00010042684152722359,4.533817991614342e-05,0.0,0.0,0.0,12,0.0012580929324030876,0,2,two_column_check_failed,0,0,1,1,0,1,0,1,352,0.0011817340273410082,0.002768991980701685
25,10,10,0.1,0,5,0.000866409856826067,9.783008135855198e-05,4.4803135097026825e-05,0.0,0.0,0.0,13,0.0010844608768820763,0,2,two_column_check_failed,0,0,1,1,0,1,0,1,488,0.0010090430732816458,0.0030894658993929625
25,10,10,0.1,0,6,0.0007264642044901848,3.120396286249161e-05,0.0,0.0,0.0,0.0,10,0.0008411500602960587,0,0,all_zero_column,0,0,1,1,0,1,0,1,312,0.0007576681673526764,0.0025718179531395435
25,10,10,0.1,0,7,0.0013051689602434635,9.826011955738068e-05,0.0002927009481936693,0.0,0.0,0.0,11,0.001776921795681119,0,2,two_column_check_failed,0,0,1,1,0,1,0,1,576,0.0016961300279945135,0.0030679460614919662
25,10,10,0.1,0,8,0.0012706778943538666,9.773299098014832e-05,0.00063115986995399,0.0010594241321086884,6.414810195565224e-05,0.09511690097860992,11,0.09824497299268842,1,6,SAT_unsat_identifiable,1,1,0,1,0,0,0,0,672,0.0031231429893523455,0.003877268871292472
25,10,10,0.1,0,9,0.0009613388683646917,9.906408376991749e-05,0.00010484014637768269,0.0,0.0,0.0,10,0.001244005048647523,0,2,two_column_check_failed,0,0,1,1,0,1,0,1,576,0.001165243098512292,0.0027228151448071003
25,10,10,0.1,1,0,0.0007741160225123167,0.0001001809723675251,0.0,0.0,0.0,0.0,11,0.00097748008556664,0,0,all_zero_column,0,0,1,1,0,1,0,1,194,0.0008742969948798418,0.003358404850587249
25,10,10,0.1,1,1,0.0016061188653111458,0.00011479482054710388,0.000529807060956955,0.0,0.0,0.0,13,0.002339581958949566,0,2,two_column_check_failed,0,0,1,1,0,1,0,1,412,0.0022507207468152046,0.004121121019124985
25,10,10,0.1,1,2,0.002098585944622755,0.00012343283742666245,0.0006595258601009846,0.0013300490099936724,0.00012405496090650558,0.24371521407738328,11,0.24806041596457362,1,6,SAT_unsat_identifiable,1,0,1,1,0,0,0,0,768,0.00433564861305058,0.004691312089562416
25,10,10,0.1,1,3,0.0006803390569984913,0.00011047208681702614,9.511085227131844e-05,0.0,0.0,0.0,10,0.0009547430090606213,0,2,two_column_check_failed,0,0,1,1,0,1,0,1,240,0.0008859219960868359,0.003049093997105956
25,10,10,0.1,1,4,0.0008317260071635246,4.654400981962681e-05,0.0,0.0,0.0,0.0,10,0.0009485601913183928,0,0,all_zero_column,0,0,1,1,0,1,0,1,336,0.0008782700169831514,0.002913929056376219
25,10,10,0.1,1,5,0.0014384661335498095,0.00010596099309623241,0.0006263521499931812,0.0,0.0,0.0,14,0.002255402971059084,0,2,two_column_check_failed,0,0,1,1,0,1,0,1,351,0.002170779276639223,0.004360980121418834
25,10,10,0.1,1,6,0.002385813044384122,0.00012424378655850887,0.0007841000333428383,0.0013459539040923119,0.00011681206524372101,0.12895536702126265,14,0.13372076186351478,1,6,SAT_unsat_identifiable,1,0,1,1,0,0,0,0,702,0.004756922833621502,0.0048666829243302345
25,10,10,0.1,1,7,0.0031597509514540434,0.00011789100244641304,0.0006815800443291664,0.001330226892605424,0.00013300706632435322,0.16177240200340748,13,0.167203868040815,1,6,SAT_unsat_identifiable,1,0,1,1,0,0,0,0,720,0.0054224559571594,0.004530585138127208
25,10,10,0.1,1,8,0.0002989950589835644,0.0,0.0,0.0,0.0,0.0,7,0.0004006118979305029,0,-1,basis_J_less_than_K,0,1,0,1,0,1,0,1,96,0.0002989950589835644,0.0024745960254222155
25,10,10,0.1,1,9,0.0011765430681407452,0.00010810978710651398,0.00026572588831186295,0.0,0.0,0.0,11,0.0016161510720849037,0,2,two_column_check_failed,0,0,1,1,0,1,0,1,396,0.001550378743559122,0.0033403239212930202
25,10,10,0.1,2,0,0.00029859994538128376,0.0,0.0,0.0,0.0,0.0,7,0.0003845328465104103,0,-1,basis_J_less_than_K,0,0,1,1,0,1,0,1,128,0.00029859994538128376,0.0030777810607105494
25,10,10,0.1,2,1,0.0009773301426321268,0.00012163398787379265,8.867890574038029e-05,0.0,0.0,0.0,13,0.001273473957553506,0,2,two_column_check_failed,0,0,1,1,0,1,0,1,264,0.0011876430362462997,0.003383972914889455
25,10,10,0.1,2,2,0.0006629941053688526,0.00012520304881036282,0.00016970396973192692,0.0,0.0,0.0,11,0.0010350372176617384,0,2,two_column_check_failed,0,0,1,1,0,1,0,1,207,0.0009579011239111423,0.003286485094577074
25,10,10,0.1,2,3,0.0005392599850893021,8.605979382991791e-05,0.0,0.0,0.0,0.0,11,0.0007087660487741232,0,0,all_zero_column,0,0,1,1,0,1,0,1,120,0.00062531977891922,0.0031646969728171825
25,10,10,0.1,2,4,0.0026204229798167944,0.00012513808906078339,0.0008627299685031176,0.0012726369313895702,0.0002053370699286461,0.23389064893126488,15,0.2389876248780638,1,6,SAT_unsat_identifiable,1,0,1,1,0,0,0,0,610,0.005086265038698912,0.004980035126209259
25,10,10,0.1,2,5,0.0005655840504914522,3.700517117977142e-05,0.0,0.0,0.0,0.0,10,0.0006806058809161186,0,0,all_zero_column,0,0,1,1,0,1,0,1,240,0.0006025892216712236,0.0027965439949184656
25,10,10,0.1,2,6,0.0002713471185415983,0.0,0.0,0.0,0.0,0.0,8,0.00035364110954105854,0,-1,basis_J_less_than_K,0,1,0,1,0,1,0,1,108,0.0002713471185415983,0.002591259079053998
25,10,10,0.1,2,7,0.0005198919679969549,0.0,0.0,0.0,0.0,0.0,9,0.0006000450812280178,0,-1,basis_J_less_than_K,0,0,1,1,0,1,0,1,256,0.0005198919679969549,0.0029585908632725477
25,10,10,0.1,2,8,0.0019122289959341288,8.71878582984209e-05,0.00029911892488598824,0.0,0.0,0.0,12,0.0023883089888840914,0,2,two_column_check_failed,0,0,1,1,0,1,0,1,576,0.002298535779118538,0.0034889508970081806
25,10,10,0.1,2,9,0.000962608028203249,5.3317053243517876e-05,0.0,0.0,0.0,0.0,12,0.0010825390927493572,0,0,all_zero_column,0,0,1,1,0,1,0,1,220,0.0010159250814467669,0.002972489921376109
25,10,10,0.1,3,0,0.0005388900171965361,0.0,0.0,0.0,0.0,0.0,9,0.0006036090198904276,0,-1,basis_J_less_than_K,0,1,0,1,0,1,0,1,192,0.0005388900171965361,0.0027664601802825928
25,10,10,0.1,3,1,0.00025558494962751865,0.0,0.0,0.0,0.0,0.0,8,0.0003288250882178545,0,-1,basis_J_less_than_K,0,0,1,1,0,1,0,1,128,0.00025558494962751865,0.0023327970411628485
25,10,10,0.1,3,2,0.0003834508825093508,2.665002830326557e-05,0.0,0.0,0.0,0.0,10,0.00046343798749148846,0,0,all_zero_column,0,0,1,1,0,1,0,1,155,0.00041010091081261635,0.002644648076966405
25,10,10,0.1,3,3,0.0011305168736726046,8.271797560155392e-05,0.00043279584497213364,0.0,0.0,0.0,14,0.001727044815197587,0,2,two_column_check_failed,0,0,1,1,0,1,0,1,341,0.0016460306942462921,0.00358673301525414
25,10,10,0.1,3,4,0.0009260429069399834,3.856210969388485e-05,0.0,0.0,0.0,0.0,14,0.0010256581008434296,0,0,all_zero_column,0,0,1,1,0,1,0,1,283,0.0009646050166338682,0.003039601957425475
25,10,10,0.1,3,5,0.0005607139319181442,1.5437835827469826e-05,0.0,0.0,0.0,0.0,12,0.0006449669599533081,0,0,all_zero_column,0,0,1,1,0,1,0,1,296,0.000576151767745614,0.0029247391503304243
25,10,10,0.1,3,6,0.0003448349889367819,0.0,0.0,0.0,0.0,0.0,9,0.0004107779823243618,0,-1,basis_J_less_than_K,0,0,1,1,0,1,0,1,224,0.0003448349889367819,0.002505818847566843
25,10,10,0.1,3,7,0.0008587401825934649,8.010701276361942e-05,0.0005502610001713037,0.0,0.0,0.0,11,0.0015461319126188755,0,2,two_column_check_failed,0,0,1,1,0,1,0,1,512,0.001489108195528388,0.0035389179829508066
25,10,10,0.1,3,8,0.0006414172239601612,0.0,0.0,0.0,0.0,0.0,9,0.0007023559883236885,0,-1,basis_J_less_than_K,0,0,1,1,0,1,0,1,384,0.0006414172239601612,0.002359079197049141
25,10,10,0.1,3,9,0.0006000648718327284,3.700307570397854e-05,0.0,0.0,0.0,0.0,11,0.0006999471224844456,0,0,all_zero_column,0,0,1,1,0,1,0,1,202,0.0006370679475367069,0.0026136948727071285
25,10,10,0.1,4,0,0.000891813775524497,0.00013225292786955833,0.0005053780041635036,0.0,0.0,0.0,12,0.0016123710665851831,0,2,two_column_check_failed,0,0,1,1,0,1,0,1,416,0.001529444707557559,0.004481784068048
25,10,10,0.1,4,1,0.0004916491452604532,0.0001040678471326828,0.0002138279378414154,0.0,0.0,0.0,10,0.0008734359871596098,0,2,two_column_check_failed,0,1,0,1,0,1,0,1,260,0.0008095449302345514,0.0032713660039007664
25,10,10,0.1,4,2,0.0009721231181174517,9.529013186693192e-05,0.0003487970679998398,0.0,0.0,0.0,12,0.0014855798799544573,0,2,two_column_check_failed,0,1,0,1,0,1,0,1,402,0.0014162103179842234,0.0036180741153657436
25,10,10,0.1,4,3,0.001049597980454564,9.555788710713387e-05,5.6724995374679565e-05,0.0,0.0,0.0,10,0.001275202026590705,0,2,two_column_check_failed,0,0,1,1,0,1,0,1,480,0.0012018808629363775,0.0029507039580494165
25,10,10,0.1,4,4,0.0020310028921812773,9.52139962464571e-05,0.0006566029042005539,0.001260202843695879,7.44289718568325e-05,0.10395854711532593,12,0.10808162717148662,1,6,SAT_unsat_identifiable,1,0,1,1,0,0,0,0,652,0.004117451608181,0.0041418110486119986
25,10,10,0.1,4,5,0.00034787715412676334,0.0,0.0,0.0,0.0,0.0,8,0.0004209119360893965,0,-1,basis_J_less_than_K,0,1,0,1,0,1,0,1,192,0.00034787715412676334,0.002607847098261118
25,10,10,0.1,4,6,0.0007026998791843653,8.472101762890816e-05,0.0,0.0,0.0,0.0,10,0.0008470169268548489,0,0,all_zero_column,0,1,0,1,0,1,0,1,336,0.0007874208968132734,0.0029994440264999866
25,10,10,0.1,4,7,0.0008549089543521404,5.997391417622566e-05,0.0,0.0,0.0,0.0,12,0.000992160988971591,0,0,all_zero_column,0,0,1,1,0,1,0,1,282,0.0009148828685283661,0.003006132086738944
25,10,10,0.1,4,8,0.0010677359532564878,9.535904973745346e-05,0.00014836504124104977,0.0,0.0,0.0,10,0.0013927649706602097,0,2,two_column_check_failed,0,1,0,1,0,1,0,1,432,0.001311460044234991,0.0030628491658717394
25,10,10,0.1,4,9,0.0010218231473118067,9.591993875801563e-05,4.431605339050293e-05,0.0,0.0,0.0,12,0.0012348259333521128,0,2,two_column_check_failed,0,1,0,1,0,1,0,1,388,0.0011620591394603252,0.0030318950302898884
25,10,10,0.1,5,0,0.0016086918767541647,0.00012659397907555103,0.0004342850297689438,0.0,0.0,0.0,12,0.0022469789255410433,0,2,two_column_check_failed,0,0,1,1,0,1,0,1,572,0.0021695708855986595,0.0035726178903132677
25,10,10,0.1,5,1,0.0007391320541501045,6.950413808226585e-05,0.0,0.0,0.0,0.0,11,0.0008713689167052507,0,0,all_zero_column,0,0,1,1,0,1,0,1,312,0.0008086361922323704,0.002799296984449029
25,10,10,0.1,5,2,0.0004768709186464548,6.0647027567029e-05,0.0,0.0,0.0,0.0,10,0.0005947500467300415,0,0,all_zero_column,0,0,1,1,0,1,0,1,204,0.0005375179462134838,0.0026317439042031765
25,10,10,0.1,5,3,0.0003614320885390043,3.226799890398979e-05,0.0,0.0,0.0,0.0,10,0.00044416915625333786,0,0,all_zero_column,0,0,1,1,0,1,0,1,148,0.0003937000874429941,0.0024163478519767523
25,10,10,0.1,5,4,0.002027014037594199,8.472497574985027e-05,0.0006980611942708492,0.0011793491430580616,6.384286098182201e-05,0.14681637403555214,15,0.1508758431300521,1,6,SAT_unsat_identifiable,1,0,1,1,0,0,0,0,598,0.004052992211654782,0.004252288956195116
25,10,10,0.1,5,5,0.0010493260342627764,3.004097379744053e-05,0.0,0.0,0.0,0.0,11,0.0011580658610910177,0,0,all_zero_column,0,0,1,1,0,1,0,1,368,0.001079367008060217,0.0026868588756769896
25,10,10,0.1,5,6,0.000490979989990592,4.579802043735981e-05,0.0,0.0,0.0,0.0,10,0.0005942790303379297,0,0,all_zero_column,0,0,1,1,0,1,0,1,212,0.0005367780104279518,0.0024439350236207247
25,10,10,0.1,5,7,0.000581671018153429,0.0,0.0,0.0,0.0,0.0,9,0.0006555318832397461,0,-1,basis_J_less_than_K,0,0,1,1,0,1,0,1,384,0.000581671018153429,0.0023713549599051476
25,10,10,0.1,5,8,0.0004403300117701292,0.0,0.0,0.0,0.0,0.0,9,0.0005065139848738909,0,-1,basis_J_less_than_K,0,0,1,1,0,1,0,1,320,0.0004403300117701292,0.002523006871342659
25,10,10,0.1,5,9,0.000945450970903039,0.00010542292147874832,0.00034786900505423546,0.0,0.0,0.0,13,0.0014770058915019035,0,2,two_column_check_failed,0,1,0,1,0,1,0,1,368,0.0013987428974360228,0.0033883589785546064
25,10,10,0.1,6,0,0.0009296860080212355,0.00015357998199760914,0.0,0.0,0.0,0.0,10,0.0011795859318226576,0,0,all_zero_column,0,0,1,1,0,1,0,1,272,0.0010832659900188446,0.0035157310776412487
25,10,10,0.1,6,1,0.0004208078607916832,0.00011331005953252316,0.0003261030651628971,0.0,0.0,0.0,10,0.0009479389991611242,0,2,two_column_check_failed,0,0,1,1,0,1,0,1,156,0.0008602209854871035,0.0034811010118573904
25,10,10,0.1,6,2,0.0010098088532686234,0.00011295615695416927,0.0001423561479896307,0.0,0.0,0.0,10,0.0013466267846524715,0,2,two_column_check_failed,0,0,1,1,0,1,0,1,416,0.0012651211582124233,0.0030982878524810076
25,10,10,0.1,6,3,0.0009476428385823965,0.00010733981616795063,5.3712865337729454e-05,0.0,0.0,0.0,10,0.0011919829994440079,0,2,two_column_check_failed,0,0,1,1,0,1,0,1,448,0.0011086955200880766,0.0029623350128531456
25,10,10,0.1,6,4,0.0009703158866614103,0.00011498690582811832,7.14501366019249e-05,0.0,0.0,0.0,10,0.001244226936250925,0,2,two_column_check_failed,0,1,0,1,0,1,0,1,480,0.0011567529290914536,0.003179249120876193
25,10,10,0.1,6,5,0.0012487620115280151,0.00011373590677976608,0.0006924180779606104,0.0015497570857405663,0.00018435693345963955,0.11018133698962629,12,0.11402164911851287,1,6,SAT_unsat_identifiable,1,1,0,1,0,0,0,0,592,0.0037890300154685974,0.006686025997623801
25,10,10,0.1,6,6,0.0009209939744323492,0.00012323400005698204,0.0,0.0,0.0,0.0,11,0.0011657110881060362,0,0,all_zero_column,0,0,1,1,0,1,0,1,172,0.0010442279744893312,0.003161907894536853
25,10,10,0.1,6,7,0.0006108868401497602,4.535587504506111e-05,0.0,0.0,0.0,0.0,10,0.0007322260644286871,0,0,all_zero_column,0,0,1,1,0,1,0,1,168,0.0006562427151948214,0.002856021048501134
25,10,10,0.1,6,8,0.0011848988942801952,0.00012632692232728004,0.00010774005204439163,0.0,0.0,0.0,10,0.0014918111264705658,0,2,two_column_check_failed,0,1,0,1,0,1,0,1,576,0.001418965868651867,0.0029798520263284445
25,10,10,0.1,6,9,0.0007452899590134621,0.00012569408863782883,0.00028277398087084293,0.0,0.0,0.0,10,0.0012398210819810629,0,2,two_column_check_failed,0,0,1,1,0,1,0,1,336,0.0011537580285221338,0.0034586319234222174
25,10,10,0.1,7,0,0.0011417921632528305,0.0002090930938720703,0.0,0.0,0.0,0.0,10,0.0014386188704520464,0,0,all_zero_column,0,0,1,1,0,1,0,1,368,0.0013508852571249008,0.003603667952120304
25,10,10,0.1,7,1,0.0007110948208719492,0.00010774005204439163,0.0,0.0,0.0,0.0,10,0.0009084490593522787,0,0,all_zero_column,0,0,1,1,0,1,0,1,336,0.0008188348729163408,0.0029115339275449514
25,10,10,0.1,7,2,0.00038675381802022457,4.295306280255318e-05,0.0,0.0,0.0,0.0,10,0.0004947499837726355,0,0,all_zero_column,0,0,1,1,0,1,0,1,156,0.00042970688082277775,0.0028013139963150024
25,10,10,0.1,7,3,0.0008980701677501202,0.0001162069384008646,0.00023843487724661827,0.0,0.0,0.0,11,0.0013185429852455854,0,2,two_column_check_failed,0,1,0,1,0,1,0,1,400,0.001252711983397603,0.0033301948569715023
25,10,10,0.1,7,4,0.0004474481102079153,6.316998042166233e-05,0.0,0.0,0.0,0.0,10,0.0005833378527313471,0,0,all_zero_column,0,0,1,1,0,1,0,1,196,0.0005106180906295776,0.002863895148038864
25,10,10,0.1,7,5,0.0008681919425725937,0.0001169231254607439,0.0002754279412329197,0.0,0.0,0.0,10,0.0013389850500971079,0,2,two_column_check_failed,0,0,1,1,0,1,0,1,448,0.0012605430092662573,0.003372941864654422
25,10,10,0.1,7,6,0.0013856689911335707,0.0001172421034425497,0.00011274917051196098,0.0,0.0,0.0,11,0.001685400027781725,0,2,two_column_check_failed,0,0,1,1,0,1,0,1,592,0.0016156602650880814,0.0031132688745856285
25,10,10,0.1,7,7,0.0004721870645880699,0.0,0.0,0.0,0.0,0.0,9,0.0005661949981004,0,-1,basis_J_less_than_K,0,0,1,1,0,1,0,1,256,0.0004721870645880699,0.0027643090579658747
25,10,10,0.1,7,8,0.0012243858072906733,0.00011683302000164986,0.0006860720459371805,0.0016249138861894608,8.133496157824993e-05,0.1250947320368141,11,0.12886066106148064,1,6,SAT_unsat_identifiable,1,0,1,1,0,0,0,0,736,0.0037335397209972143,0.005728557938709855
25,10,10,0.1,7,9,0.0005776479374617338,0.0,0.0,0.0,0.0,0.0,9,0.0007577389478683472,0,-1,basis_J_less_than_K,0,0,1,1,0,1,0,1,144,0.0005776479374617338,0.002566796960309148
25,10,10,0.1,8,0,0.000559966079890728,0.0,0.0,0.0,0.0,0.0,9,0.000646492000669241,0,-1,basis_J_less_than_K,0,0,1,1,0,1,0,1,256,0.000559966079890728,0.002792478073388338
25,10,10,0.1,8,1,0.00049595907330513,9.249499998986721e-05,5.822302773594856e-05,0.0,0.0,0.0,10,0.000712662935256958,0,2,two_column_check_failed,0,0,1,1,0,1,0,1,216,0.0006466771010309458,0.002596760867163539
25,10,10,0.1,8,2,0.0007814180571585894,8.186395280063152e-05,0.0,0.0,0.0,0.0,11,0.0009222819935530424,0,0,all_zero_column,0,1,0,1,0,1,0,1,228,0.0008632820099592209,0.0026709341909736395
25,10,10,0.1,8,3,0.0021455450914800167,8.673500269651413e-05,0.0006273069884628057,0.0012249040883034468,6.446195766329765e-05,0.09528574999421835,13,0.09944115881808102,1,6,SAT_unsat_identifiable,1,0,1,1,0,0,0,0,576,0.004148953128606081,0.003954326035454869
25,10,10,0.1,8,4,0.0007282511796802282,8.941488340497017e-05,0.00011115404777228832,0.0,0.0,0.0,11,0.0010026399977505207,0,2,two_column_check_failed,0,1,0,1,0,1,0,1,324,0.0009288201108574867,0.002826593117788434
25,10,10,0.1,8,5,0.00029727700166404247,0.0,0.0,0.0,0.0,0.0,8,0.00035866699181497097,0,-1,basis_J_less_than_K,0,0,1,1,0,1,0,1,160,0.00029727700166404247,0.002292674034833908
25,10,10,0.1,8,6,0.000490246107801795,1.580803655087948e-05,0.0,0.0,0.0,0.0,10,0.0005642769392579794,0,0,all_zero_column,0,0,1,1,0,1,0,1,246,0.0005060541443526745,0.0026488599833101034
25,10,10,0.1,8,7,0.0013200240209698677,8.971802890300751e-05,0.0004970850422978401,0.001214487012475729,6.450316868722439e-05,0.0,10,0.0031891241669654846,1,4,identity_submatrix_direct_id,0,0,1,1,0,0,1,0,1024,0.0031858172733336687,0.0035862980876117945
25,10,10,0.1,8,8,0.00015465612523257732,0.0,0.0,0.0,0.0,0.0,7,0.00021721795201301575,0,-1,basis_J_less_than_K,0,0,1,1,0,1,0,1,72,0.00015465612523257732,0.0021006569731980562
25,10,10,0.1,8,9,0.0009354229550808668,4.6062981709837914e-05,0.0,0.0,0.0,0.0,10,0.0010531928855925798,0,0,all_zero_column,0,0,1,1,0,1,0,1,400,0.0009814859367907047,0.002621036022901535
25,10,10,0.1,9,0,0.0008597590494900942,5.078199319541454e-05,0.0,0.0,0.0,0.0,11,0.000992518849670887,0,0,all_zero_column,0,0,1,1,0,1,0,1,392,0.0009105410426855087,0.003096068976446986
25,10,10,0.1,9,1,0.0005197299178689718,0.0,0.0,0.0,0.0,0.0,9,0.0005957579705864191,0,-1,basis_J_less_than_K,0,0,1,1,0,1,0,1,288,0.0005197299178689718,0.0025713969953358173
25,10,10,0.1,9,2,0.0011948009487241507,0.00010117306374013424,0.0003582509234547615,0.0,0.0,0.0,12,0.0017295980360358953,0,2,two_column_check_failed,0,0,1,1,0,1,0,1,720,0.0016542249359190464,0.0034457091242074966
25,10,10,0.1,9,3,0.0004399828612804413,1.5662051737308502e-05,0.0,0.0,0.0,0.0,10,0.0005281809717416763,0,0,all_zero_column,0,0,1,1,0,1,0,1,162,0.0004556449130177498,0.00259144208393991
25,10,10,0.1,9,4,0.0007388170342892408,9.48228407651186e-05,6.09599519520998e-05,0.0,0.0,0.0,10,0.0009735869243741035,0,2,two_column_check_failed,0,0,1,1,0,1,0,1,384,0.0008945998270064592,0.002700917888432741
25,10,10,0.1,9,5,0.0014622339513152838,9.830808266997337e-05,0.000687367981299758,0.0010479600168764591,6.675696931779385e-05,0.09163305000402033,13,0.09500106796622276,1,6,SAT_unsat_identifiable,1,0,1,1,0,0,0,0,564,0.003362627001479268,0.003998450003564358
25,10,10,0.1,9,6,0.00041441386565566063,0.0,0.0,0.0,0.0,0.0,9,0.0004887180402874947,0,-1,basis_J_less_than_K,0,1,0,1,0,1,0,1,224,0.00041441386565566063,0.0024376369547098875
25,10,10,0.1,9,7,0.0005493198987096548,3.0913157388567924e-05,0.0,0.0,0.0,0.0,10,0.0006560718175023794,0,0,all_zero_column,0,1,0,1,0,1,0,1,336,0.0005802330560982227,0.0027164139319211245
25,10,10,0.1,9,8,0.00014007510617375374,0.0,0.0,0.0,0.0,0.0,6,0.0002025039866566658,0,-1,basis_J_less_than_K,0,0,1,1,0,1,0,1,48,0.00014007510617375374,0.0018980810418725014
25,10,10,0.1,9,9,0.0011294051073491573,2.518598921597004e-05,0.0,0.0,0.0,0.0,11,0.0012398730032145977,0,0,all_zero_column,0,0,1,1,0,1,0,1,464,0.0011545910965651274,0.002681407844647765
25,10,10,0.1,10,0,0.00015268498100340366,0.0,0.0,0.0,0.0,0.0,6,0.00021405494771897793,0,-1,basis_J_less_than_K,0,0,1,1,0,1,0,1,56,0.00015268498100340366,0.0023815471213310957
25,10,10,0.1,10,1,0.0002732309512794018,0.0,0.0,0.0,0.0,0.0,8,0.0003469779621809721,0,-1,basis_J_less_than_K,0,0,1,1,0,1,0,1,128,0.0002732309512794018,0.0024038520641624928
25,10,10,0.1,10,2,0.00045204884372651577,8.889613673090935e-05,7.33670312911272e-05,0.0,0.0,0.0,10,0.0006776980590075254,0,2,two_column_check_failed,0,0,1,1,0,1,0,1,208,0.0006143120117485523,0.002758695976808667
25,10,10,0.1,10,3,0.0008019199594855309,0.0001023649238049984,0.000548661919310689,0.0,0.0,0.0,11,0.00154151301831007,0,2,two_column_check_failed,0,0,1,1,0,1,0,1,576,0.0014529468026012182,0.0037705120630562305
25,10,10,0.1,10,4,0.0009450179059058428,0.00010241707786917686,0.0003283638507127762,0.0,0.0,0.0,10,0.0014562259893864393,0,2,two_column_check_failed,0,0,1,1,0,1,0,1,640,0.0013757988344877958,0.0034480688627809286
25,10,10,0.1,10,5,0.0010773809626698494,0.00010020285844802856,0.00014950893819332123,0.0,0.0,0.0,12,0.0013901721686124802,0,2,two_column_check_failed,0,0,1,1,0,1,0,1,396,0.0013270927593111992,0.002996424911543727
25,10,10,0.1,10,6,0.00039157597348093987,0.0,0.0,0.0,0.0,0.0,9,0.0004672701470553875,0,-1,basis_J_less_than_K,0,0,1,1,0,1,0,1,240,0.00039157597348093987,0.0025001540780067444
25,10,10,0.1,10,7,0.000773838022723794,0.00010354514233767986,0.000256882980465889,0.0,0.0,0.0,11,0.0012112699914723635,0,2,two_column_check_failed,0,0,1,1,0,1,0,1,504,0.0011342661455273628,0.0033174839336425066
25,10,10,0.1,10,8,0.00025259004905819893,0.0,0.0,0.0,0.0,0.0,8,0.00031014392152428627,0,-1,basis_J_less_than_K,0,0,1,1,0,1,0,1,96,0.00025259004905819893,0.0022740240674465895
25,10,10,0.1,10,9,0.0006041289307177067,3.92270740121603e-05,0.0,0.0,0.0,0.0,10,0.0007034309674054384,0,0,all_zero_column,0,0,1,1,0,1,0,1,336,0.000643356004729867,0.002643575891852379
25,10,10,0.1,11,0,0.0009219180792570114,0.00013140891678631306,0.00019360310398042202,0.0,0.0,0.0,11,0.0013258741237223148,0,2,two_column_check_failed,0,0,1,1,0,1,0,1,320,0.0012469301000237465,0.003181207925081253
25,10,10,0.1,11,1,0.0005478640086948872,8.13270453363657e-05,0.0,0.0,0.0,0.0,10,0.0006866729818284512,0,0,all_zero_column,0,0,1,1,0,1,0,1,236,0.0006291910540312529,0.002783438889309764
25,10,10,0.1,11,2,0.000636975048109889,8.403114043176174e-05,0.00014658295549452305,0.0,0.0,0.0,10,0.000922034028917551,0,2,two_column_check_failed,0,0,1,1,0,1,0,1,248,0.0008675891440361738,0.002591187134385109
25,10,10,0.1,11,3,0.0007743320893496275,8.788215927779675e-05,9.29129309952259e-05,0.0,0.0,0.0,10,0.0010256310924887657,0,2,two_column_check_failed,0,0,1,1,0,1,0,1,416,0.0009551271796226501,0.002522248076274991
25,10,10,0.1,11,4,0.00105117610655725,1.6049016267061234e-05,0.0,0.0,0.0,0.0,12,0.0011275338474661112,0,0,all_zero_column,0,1,0,1,0,1,0,1,304,0.0010672251228243113,0.0027296999469399452
25,10,10,0.1,11,5,0.0006610038690268993,4.7896988689899445e-05,0.0,0.0,0.0,0.0,10,0.0007795419078320265,0,0,all_zero_column,0,0,1,1,0,1,0,1,448,0.0007089008577167988,0.0027280678041279316
25,10,10,0.1,11,6,0.0006593561265617609,9.861495345830917e-05,4.20489814132452e-05,0.0,0.0,0.0,10,0.0008765771053731441,0,2,two_column_check_failed,0,0,1,1,0,1,0,1,360,0.0008000200614333153,0.002470398088917136
25,10,10,0.1,11,7,0.0010625508148223162,8.369912393391132e-05,0.0001866880338639021,0.0,0.0,0.0,11,0.0013971230946481228,0,2,two_column_check_failed,0,0,1,1,0,1,0,1,544,0.0013329379726201296,0.002911160932853818
25,10,10,0.1,11,8,0.0009663088712841272,8.372310549020767e-05,0.0001020100899040699,0.0,0.0,0.0,10,0.0012115079443901777,0,2,two_column_check_failed,0,0,1,1,0,1,0,1,432,0.0011520420666784048,0.0024483250454068184
25,10,10,0.1,11,9,0.0006959331221878529,5.84449153393507e-05,0.0,0.0,0.0,0.0,10,0.0008207629434764385,0,0,all_zero_column,0,1,0,1,0,1,0,1,448,0.0007543780375272036,0.0026573329232633114
25,10,10,0.1,12,0,0.0008386899717152119,0.00014152098447084427,0.0005186300259083509,0.0,0.0,0.0,12,0.0015758839435875416,0,2,two_column_check_failed,0,0,1,1,0,1,0,1,185,0.001498840982094407,0.003768055932596326
25,10,10,0.1,12,1,0.0009403368458151817,0.0001338960137218237,0.00010998710058629513,0.0,0.0,0.0,12,0.0012627150863409042,0,2,two_column_check_failed,0,0,1,1,0,1,0,1,396,0.0011842199601233006,0.0031243208795785904
25,10,10,0.1,12,2,0.0008889301680028439,0.00010029599070549011,0.0,0.0,0.0,0.0,12,0.0010597009677439928,0,0,all_zero_column,0,0,1,1,0,1,0,1,322,0.000989226158708334,0.003054440952837467
25,10,10,0.1,12,3,0.0006550760008394718,0.0,0.0,0.0,0.0,0.0,9,0.0007426519878208637,0,-1,basis_J_less_than_K,0,0,1,1,0,1,0,1,512,0.0006550760008394718,0.002546448027715087
25,10,10,0.1,12,4,0.00033799302764236927,0.0,0.0,0.0,0.0,0.0,9,0.00039958092384040356,0,-1,basis_J_less_than_K,0,0,1,1,0,1,0,1,176,0.00033799302764236927,0.00243854196742177
25,10,10,0.1,12,5,0.00031222705729305744,8.663884364068508e-05,0.0,0.0,0.0,0.0,10,0.0004623560234904289,0,0,all_zero_column,0,0,1,1,0,1,0,1,170,0.0003988659009337425,0.002746187848970294
25,10,10,0.1,12,6,0.0008239690214395523,7.859407924115658e-05,0.0,0.0,0.0,0.0,11,0.000979808857664466,0,0,all_zero_column,0,0,1,1,0,1,0,1,360,0.0009025631006807089,0.00279383291490376
25,10,10,0.1,12,7,0.00036805798299610615,1.6859034076333046e-05,0.0,0.0,0.0,0.0,10,0.0004625818692147732,0,0,all_zero_column,0,0,1,1,0,1,0,1,100,0.0003849170170724392,0.0025123581290245056
25,10,10,0.1,12,8,0.000816995045170188,4.0528131648898125e-05,0.0,0.0,0.0,0.0,10,0.0009276538621634245,0,0,all_zero_column,0,0,1,1,0,1,0,1,352,0.0008575231768190861,0.002664246130734682
25,10,10,0.1,12,9,0.00035731401294469833,0.0,0.0,0.0,0.0,0.0,8,0.00043158093467354774,0,-1,basis_J_less_than_K,0,0,1,1,0,1,0,1,192,0.00035731401294469833,0.0023537410888820887
25,10,10,0.1,13,0,0.0012828500475734472,0.00013044197112321854,0.0,0.0,0.0,0.0,11,0.0014952439814805984,0,0,all_zero_column,0,1,0,1,0,1,0,1,360,0.0014132920186966658,0.0031980290077626705
25,10,10,0.1,13,1,0.0008536339737474918,8.741393685340881e-05,0.0001031321007758379,0.0,0.0,0.0,11,0.001125670038163662,0,2,two_column_check_failed,0,0,1,1,0,1,0,1,336,0.0010441800113767385,0.002852740930393338
25,10,10,0.1,13,2,0.0006290758028626442,4.792911931872368e-05,0.0,0.0,0.0,0.0,11,0.0007409160025417805,0,0,all_zero_column,0,0,1,1,0,1,0,1,416,0.0006770049221813679,0.002838364103808999
25,10,10,0.1,13,3,0.0006464319303631783,8.511915802955627e-05,0.00020758900791406631,0.0,0.0,0.0,11,0.0010210860054939985,0,2,two_column_check_failed,0,0,1,1,0,1,0,1,312,0.0009391400963068008,0.002881549997255206
25,10,10,0.1,13,4,0.0006089338567107916,0.0,0.0,0.0,0.0,0.0,9,0.0006820629350841045,0,-1,basis_J_less_than_K,0,1,0,1,0,1,0,1,320,0.0006089338567107916,0.002542539034038782
25,10,10,0.1,13,5,0.0016396811697632074,8.368794806301594e-05,0.0005783198866993189,0.0010661459527909756,6.880098953843117e-05,0.0862642121501267,12,0.08970566908828914,1,6,SAT_unsat_identifiable,1,0,1,1,0,0,0,0,580,0.003436635946854949,0.003820194862782955
25,10,10,0.1,13,6,0.0006347398739308119,4.331604577600956e-05,0.0,0.0,0.0,0.0,10,0.0007440368644893169,0,0,all_zero_column,0,0,1,1,0,1,0,1,352,0.0006780559197068214,0.0025602129753679037
25,10,10,0.1,13,7,0.0006139001343399286,9.967805817723274e-05,4.522595554590225e-05,0.0,0.0,0.0,10,0.0008226509671658278,0,2,two_column_check_failed,0,0,1,1,0,1,0,1,312,0.0007588041480630636,0.002669396111741662
25,10,10,0.1,13,8,0.001267606858164072,0.00012151594273746014,0.0003944740165024996,0.0,0.0,0.0,11,0.001857405062764883,0,2,two_column_check_failed,0,0,1,1,0,1,0,1,560,0.0017835968174040318,0.003282790072262287
25,10,10,0.1,13,9,0.0005279940087348223,7.907208055257797e-05,0.0,0.0,0.0,0.0,10,0.0006783879362046719,0,0,all_zero_column,0,0,1,1,0,1,0,1,184,0.0006070660892874002,0.00250459392555058
25,10,10,0.1,14,0,0.0005391580052673817,0.0,0.0,0.0,0.0,0.0,9,0.0006119308527559042,0,-1,basis_J_less_than_K,0,0,1,1,0,1,0,1,208,0.0005391580052673817,0.002732803113758564
25,10,10,0.1,14,1,0.0017533169593662024,9.973393753170967e-05,0.0007928651757538319,0.0011685180943459272,7.093604654073715e-05,0.10899854707531631,16,0.11288985703140497,1,6,SAT_unsat_identifiable,1,0,1,1,0,0,0,0,508,0.0038853702135384083,0.0043376300018280745
25,10,10,0.1,14,2,0.0004783128388226032,2.932990901172161e-05,0.0,0.0,0.0,0.0,10,0.0005714378785341978,0,0,all_zero_column,0,0,1,1,0,1,0,1,236,0.0005076427478343248,0.00265992502681911
25,10,10,0.1,14,3,0.00015487894415855408,0.0,0.0,0.0,0.0,0.0,7,0.00021458999253809452,0,-1,basis_J_less_than_K,0,0,1,1,0,1,0,1,48,0.00015487894415855408,0.0020145520102232695
25,10,10,0.1,14,4,0.00046858307905495167,0.0,0.0,0.0,0.0,0.0,9,0.0005221629980951548,0,-1,basis_J_less_than_K,0,0,1,1,0,1,0,1,160,0.00046858307905495167,0.0023268458899110556
25,10,10,0.1,14,5,0.0010192568879574537,7.958407513797283e-05,5.553686060011387e-05,0.0,0.0,0.0,10,0.0012259390205144882,0,2,two_column_check_failed,0,0,1,1,0,1,0,1,512,0.0011543778236955404,0.002600857987999916
25,10,10,0.1,14,6,0.0009719801601022482,9.686709381639957e-05,0.00011813081800937653,0.0,0.0,0.0,12,0.0012523990590125322,0,2,two_column_check_failed,0,0,1,1,0,1,0,1,408,0.0011869780719280243,0.002777314046397805
25,10,10,0.1,14,7,0.0005654739215970039,6.287195719778538e-05,0.0,0.0,0.0,0.0,10,0.000702402088791132,0,0,all_zero_column,0,0,1,1,0,1,0,1,312,0.0006283458787947893,0.002680442063137889
25,10,10,0.1,14,8,0.00016750488430261612,0.0,0.0,0.0,0.0,0.0,7,0.00021758791990578175,0,-1,basis_J_less_than_K,0,0,1,1,0,1,0,1,96,0.00016750488430261612,0.0021246587857604027
25,10,10,0.1,14,9,0.0007656968664377928,8.126511238515377e-05,0.00010887812823057175,0.0,0.0,0.0,11,0.0010127970017492771,0,2,two_column_check_failed,0,0,1,1,0,1,0,1,360,0.0009558401070535183,0.003010980086401105
25,10,10,0.1,15,0,0.001668489072471857,0.00013253395445644855,0.0006022639572620392,0.0012466551270335913,0.00011141598224639893,0.14207102311775088,11,0.14583920105360448,1,6,SAT_unsat_identifiable,1,0,1,1,0,0,0,0,768,0.003761358093470335,0.0040765858720988035
25,10,10,0.1,15,1,0.0007039671763777733,3.829016350209713e-05,0.0,0.0,0.0,0.0,10,0.0008450550958514214,0,0,all_zero_column,0,0,1,1,0,1,0,1,416,0.0007422573398798704,0.0027800509706139565
25,10,10,0.1,15,2,0.00012723496183753014,0.0,0.0,0.0,0.0,0.0,6,0.0001752509269863367,0,-1,basis_J_less_than_K,0,0,1,1,0,1,0,1,48,0.00012723496183753014,0.001999333966523409
25,10,10,0.1,15,3,0.0007378468289971352,8.833990432322025e-05,0.00015828199684619904,0.0,0.0,0.0,11,0.0010437879245728254,0,2,two_column_check_failed,0,0,1,1,0,1,0,1,288,0.0009844687301665545,0.002870508935302496
25,10,10,0.1,15,4,0.0012610799167305231,8.780905045568943e-05,0.0006222820375114679,0.001200428931042552,6.528384983539581e-05,0.09700035490095615,14,0.10024255700409412,1,6,SAT_unsat_identifiable,1,1,0,1,0,0,0,0,552,0.0032368837855756283,0.004355710931122303
25,10,10,0.1,15,5,0.0006343929562717676,0.00010349485091865063,9.901192970573902e-05,0.0,0.0,0.0,10,0.0009138018358498812,0,2,two_column_check_failed,0,0,1,1,0,1,0,1,336,0.0008368997368961573,0.0028112800791859627
25,10,10,0.1,15,6,0.001398797845467925,8.752988651394844e-05,0.0005594699177891016,0.0011957429815083742,6.880098953843117e-05,0.1722021889872849,12,0.17551883379928768,1,6,SAT_unsat_identifiable,1,0,1,1,0,0,0,0,880,0.0033103416208177805,0.004296592902392149
25,10,10,0.1,15,7,0.0006977980956435204,0.0001133789774030447,0.00019453512504696846,0.0,0.0,0.0,10,0.001079249894246459,0,2,two_column_check_failed,0,0,1,1,0,1,0,1,432,0.0010057121980935335,0.003035892965272069
25,10,10,0.1,15,8,0.0003317550290375948,0.0,0.0,0.0,0.0,0.0,9,0.0004042589571326971,0,-1,basis_J_less_than_K,0,0,1,1,0,1,0,1,180,0.0003317550290375948,0.002624710090458393
25,10,10,0.1,15,9,0.0010795129928737879,0.00010184897109866142,0.0002151159569621086,0.0,0.0,0.0,11,0.001472744159400463,0,2,two_column_check_failed,0,0,1,1,0,1,0,1,504,0.001396477920934558,0.0030723060481250286
25,10,10,0.1,17,0,0.0008165470790117979,7.81200360506773e-05,0.0,0.0,0.0,0.0,10,0.0009711848106235266,0,0,all_zero_column,0,0,1,1,0,1,0,1,248,0.0008946671150624752,0.0028760931454598904
25,10,10,0.1,17,1,0.0006798750255256891,2.0452076569199562e-05,0.0,0.0,0.0,0.0,10,0.0007702677976340055,0,0,all_zero_column,0,1,0,1,0,1,0,1,248,0.0007003271020948887,0.002636984921991825
25,10,10,0.1,17,2,0.00034866202622652054,0.0,0.0,0.0,0.0,0.0,8,0.0004152259789407253,0,-1,basis_J_less_than_K,0,0,1,1,0,1,0,1,192,0.00034866202622652054,0.0023895909544080496
25,10,10,0.1,17,3,0.000269654905423522,0.0,0.0,0.0,0.0,0.0,8,0.0003343699499964714,0,-1,basis_J_less_than_K,0,1,0,1,0,1,0,1,160,0.000269654905423522,0.0025289859622716904
25,10,10,0.1,17,4,0.0008144720923155546,8.729612454771996e-05,0.00021145492792129517,0.0,0.0,0.0,11,0.0011847619898617268,0,2,two_column_check_failed,0,1,0,1,0,1,0,1,336,0.0011132231447845697,0.003026155987754464
25,10,10,0.1,17,5,0.00023844395764172077,0.0,0.0,0.0,0.0,0.0,8,0.0002874019555747509,0,-1,basis_J_less_than_K,0,0,1,1,0,1,0,1,120,0.00023844395764172077,0.0023076448123902082
25,10,10,0.1,17,6,0.0006187139078974724,0.0,0.0,0.0,0.0,0.0,9,0.000674273120239377,0,-1,basis_J_less_than_K,0,0,1,1,0,1,0,1,288,0.0006187139078974724,0.002637062920257449
25,10,10,0.1,17,7,0.0007625329308211803,8.516618981957436e-05,6.948481313884258e-05,0.0,0.0,0.0,10,0.001007154816761613,0,2,two_column_check_failed,0,1,0,1,0,1,0,1,320,0.0009171839337795973,0.002604593988507986
25,10,10,0.1,17,8,0.00020781904458999634,0.0,0.0,0.0,0.0,0.0,7,0.00027312804013490677,0,-1,basis_J_less_than_K,0,0,1,1,0,1,0,1,128,0.00020781904458999634,0.0022777048870921135
25,10,10,0.1,17,9,0.0019005758222192526,8.189305663108826e-05,0.0006379680708050728,0.0011612290982156992,6.88720028847456e-05,0.10610945313237607,13,0.10996545781381428,1,6,SAT_unsat_identifiable,1,0,1,1,0,0,0,0,668,0.0038505380507558584,0.003922255942597985
25,10,10,0.1,16,0,0.00042192498221993446,0.0,0.0,0.0,0.0,0.0,8,0.0005000580567866564,0,-1,basis_J_less_than_K,0,0,1,1,0,1,0,1,144,0.00042192498221993446,0.0026276831049472094
25,10,10,0.1,16,1,0.0006400039419531822,5.70730771869421e-05,0.0,0.0,0.0,0.0,10,0.0007710070349276066,0,0,all_zero_column,0,0,1,1,0,1,0,1,352,0.0006970770191401243,0.002637235913425684
25,10,10,0.1,16,2,0.0008403579704463482,2.6287976652383804e-05,0.0,0.0,0.0,0.0,11,0.0009330748580396175,0,0,all_zero_column,0,0,1,1,0,1,0,1,456,0.000866645947098732,0.0027551078237593174
25,10,10,0.1,16,3,0.0005595358088612556,7.949885912239552e-05,8.113216608762741e-05,0.0,0.0,0.0,11,0.0007951620500534773,0,2,two_column_check_failed,0,0,1,1,0,1,0,1,238,0.0007201668340712786,0.0027781871613115072
25,10,10,0.1,16,4,0.0002895211800932884,0.0,0.0,0.0,0.0,0.0,9,0.0003474049735814333,0,-1,basis_J_less_than_K,0,0,1,1,0,1,0,1,144,0.0002895211800932884,0.0024902301374822855
25,10,10,0.1,16,5,0.0013442318886518478,9.524310007691383e-05,0.00010214000940322876,0.0,0.0,0.0,11,0.0016196640208363533,0,2,two_column_check_failed,0,0,1,1,0,1,0,1,480,0.0015416149981319904,0.0026665038894861937
25,10,10,0.1,16,6,0.00040485593490302563,4.3909065425395966e-05,0.0,0.0,0.0,0.0,10,0.0005270249675959349,0,0,all_zero_column,0,0,1,1,0,1,0,1,240,0.0004487650003284216,0.002659168094396591
25,10,10,0.1,16,7,0.0010272059589624405,7.908395491540432e-05,0.0004072498995810747,0.0,0.0,0.0,10,0.0015891359653323889,0,2,two_column_check_failed,0,0,1,1,0,1,0,1,768,0.0015135398134589195,0.003351844847202301
25,10,10,0.1,16,8,0.0006112568080425262,4.437798634171486e-05,0.0,0.0,0.0,0.0,11,0.0007168930023908615,0,0,all_zero_column,0,0,1,1,0,1,0,1,158,0.0006556347943842411,0.0026568060275167227
25,10,10,0.1,16,9,0.0005264398641884327,0.0,0.0,0.0,0.0,0.0,9,0.0005990320350974798,0,-1,basis_J_less_than_K,0,0,1,1,0,1,0,1,320,0.0005264398641884327,0.0026206928305327892
25,10,10,0.1,18,0,0.0017928620800375938,0.00014065601862967014,0.00021157809533178806,0.0,0.0,0.0,13,0.002230537123978138,0,2,two_column_check_failed,0,0,1,1,0,1,0,1,600,0.002145096193999052,0.0036523249000310898
25,10,10,0.1,18,1,0.00021606404334306717,0.0,0.0,0.0,0.0,0.0,8,0.0002865011338144541,0,-1,basis_J_less_than_K,0,1,0,1,0,1,0,1,55,0.00021606404334306717,0.0023674850817769766
25,10,10,0.1,18,2,0.0016350101213902235,2.019503153860569e-05,0.0,0.0,0.0,0.0,13,0.0017285379581153393,0,0,all_zero_column,0,0,1,1,0,1,0,1,340,0.0016552051529288292,0.0030151589307934046
25,10,10,0.1,18,3,0.0005668350495398045,3.02919652312994e-05,0.0,0.0,0.0,0.0,10,0.0006673131138086319,0,0,all_zero_column,0,1,0,1,0,1,0,1,180,0.0005971270147711039,0.002735914895310998
25,10,10,0.1,18,4,0.00044804508797824383,0.0,0.0,0.0,0.0,0.0,9,0.0005242449697107077,0,-1,basis_J_less_than_K,0,1,0,1,0,1,0,1,240,0.00044804508797824383,0.002763494849205017
25,10,10,0.1,18,5,0.0006668581627309322,0.0,0.0,0.0,0.0,0.0,9,0.0007646658923476934,0,-1,basis_J_less_than_K,0,0,1,1,0,1,0,1,384,0.0006668581627309322,0.002646530047059059
25,10,10,0.1,18,6,0.0002611170057207346,0.0,0.0,0.0,0.0,0.0,8,0.00031982711516320705,0,-1,basis_J_less_than_K,0,0,1,1,0,1,0,1,96,0.0002611170057207346,0.0025166680570691824
25,10,10,0.1,18,7,0.0004205740988254547,0.0,0.0,0.0,0.0,0.0,9,0.0004907979164272547,0,-1,basis_J_less_than_K,0,0,1,1,0,1,0,1,168,0.0004205740988254547,0.002680955920368433
25,10,10,0.1,18,8,0.00038274284452199936,0.0,0.0,0.0,0.0,0.0,8,0.000458321999758482,0,-1,basis_J_less_than_K,0,1,0,1,0,1,0,1,144,0.00038274284452199936,0.002430870896205306
25,10,10,0.1,18,9,0.0003699520602822304,0.0,0.0,0.0,0.0,0.0,8,0.00044931191951036453,0,-1,basis_J_less_than_K,0,0,1,1,0,1,0,1,192,0.0003699520602822304,0.002598081948235631
25,10,10,0.1,19,0,0.0004579019732773304,0.0,0.0,0.0,0.0,0.0,9,0.0005283600185066462,0,-1,basis_J_less_than_K,0,1,0,1,0,1,0,1,192,0.0004579019732773304,0.002791373059153557
25,10,10,0.1,19,1,0.00018793996423482895,0.0,0.0,0.0,0.0,0.0,8,0.0002492459025233984,0,-1,basis_J_less_than_K,0,1,0,1,0,1,0,1,58,0.00018793996423482895,0.00229670200496912
25,10,10,0.1,19,2,0.0003604090306907892,0.0,0.0,0.0,0.0,0.0,9,0.000422643031924963,0,-1,basis_J_less_than_K,0,0,1,1,0,1,0,1,136,0.0003604090306907892,0.0025060211773961782
25,10,10,0.1,19,3,0.0002944250591099262,0.0,0.0,0.0,0.0,0.0,9,0.00034497701562941074,0,-1,basis_J_less_than_K,0,0,1,1,0,1,0,1,100,0.0002944250591099262,0.0023830679710954428
25,10,10,0.1,19,4,0.0006134549621492624,0.0,0.0,0.0,0.0,0.0,9,0.0006876648403704166,0,-1,basis_J_less_than_K,0,0,1,1,0,1,0,1,320,0.0006134549621492624,0.002796089043840766
25,10,10,0.1,19,5,0.0005357072222977877,0.0,0.0,0.0,0.0,0.0,9,0.0006089431699365377,0,-1,basis_J_less_than_K,0,0,1,1,0,1,0,1,384,0.0005357072222977877,0.00280390796251595
25,10,10,0.1,19,6,0.0005800798535346985,8.634594269096851e-05,0.0003865079488605261,0.0,0.0,0.0,12,0.001125524053350091,0,2,two_column_check_failed,0,0,1,1,0,1,0,1,328,0.001052933745086193,0.00353005388751626
25,10,10,0.1,19,7,0.00041935592889785767,2.4174107238650322e-05,0.0,0.0,0.0,0.0,10,0.0005081379786133766,0,0,all_zero_column,0,0,1,1,0,1,0,1,168,0.000443530036136508,0.002530277008190751
25,10,10,0.1,19,8,0.0006023808382451534,6.24489039182663e-05,0.0,0.0,0.0,0.0,10,0.0007205968722701073,0,0,all_zero_column,0,0,1,1,0,1,0,1,260,0.0006648297421634197,0.0027203019708395004
25,10,10,0.1,19,9,0.0004349951632320881,0.0,0.0,0.0,0.0,0.0,9,0.0004911408759653568,0,-1,basis_J_less_than_K,0,0,1,1,0,1,0,1,288,0.0004349951632320881,0.002665909007191658
25,10,10,0.1,20,0,0.0010226208250969648,0.000118571100756526,0.0,0.0,0.0,0.0,11,0.0012165659572929144,0,0,all_zero_column,0,0,1,1,0,1,0,1,280,0.0011411919258534908,0.003136825980618596
25,10,10,0.1,20,1,0.0014074330683797598,8.633988909423351e-05,0.00023554405197501183,0.0,0.0,0.0,13,0.001813707873225212,0,2,two_column_check_failed,0,0,1,1,0,1,0,1,552,0.0017293170094490051,0.0034103989601135254
25,10,10,0.1,20,2,0.0004497950430959463,0.0,0.0,0.0,0.0,0.0,9,0.0005191708914935589,0,-1,basis_J_less_than_K,0,0,1,1,0,1,0,1,320,0.0004497950430959463,0.0024205660447478294
25,10,10,0.1,20,3,0.000308457063511014,0.0,0.0,0.0,0.0,0.0,8,0.00037292903289198875,0,-1,basis_J_less_than_K,0,0,1,1,0,1,0,1,192,0.000308457063511014,0.0021398121025413275
25,10,10,0.1,20,4,0.0001812500413507223,0.0,0.0,0.0,0.0,0.0,7,0.00023393984884023666,0,-1,basis_J_less_than_K,0,0,1,1,0,1,0,1,52,0.0001812500413507223,0.00204381812363863
25,10,10,0.1,20,5,0.0007228869944810867,5.848705768585205e-05,0.0,0.0,0.0,0.0,11,0.0008518381509929895,0,0,all_zero_column,0,0,1,1,0,1,0,1,304,0.0007813740521669388,0.002629969036206603
25,10,10,0.1,20,6,0.00043518003076314926,6.580399349331856e-05,0.0,0.0,0.0,0.0,10,0.00056430883705616,0,0,all_zero_column,0,1,0,1,0,1,0,1,216,0.0005009840242564678,0.002476201858371496
25,10,10,0.1,20,7,0.001016243826597929,8.214497938752174e-05,0.00013493909500539303,0.0,0.0,0.0,10,0.0012919609434902668,0,2,two_column_check_failed,0,0,1,1,0,1,0,1,576,0.0012333279009908438,0.0027535271365195513
25,10,10,0.1,20,8,0.0004297809209674597,0.0,0.0,0.0,0.0,0.0,9,0.0004934959579259157,0,-1,basis_J_less_than_K,0,0,1,1,0,1,0,1,288,0.0004297809209674597,0.0025151900481432676
25,10,10,0.1,20,9,0.0008810469880700111,6.464705802500248e-05,0.0,0.0,0.0,0.0,12,0.0010123448446393013,0,0,all_zero_column,0,0,1,1,0,1,0,1,270,0.0009456940460950136,0.002727305982261896
25,10,10,0.1,21,0,0.0001958189532160759,0.0,0.0,0.0,0.0,0.0,7,0.0002627249341458082,0,-1,basis_J_less_than_K,0,0,1,1,0,1,0,1,56,0.0001958189532160759,0.00244246912188828
25,10,10,0.1,21,1,0.0006256848573684692,8.938414976000786e-05,0.0002900250256061554,0.0,0.0,0.0,11,0.0010927838739007711,0,2,two_column_check_failed,0,0,1,1,0,1,0,1,332,0.0010050940327346325,0.0033263431396335363
25,10,10,0.1,21,2,0.0020297300070524216,8.652196265757084e-05,0.0006562720518559217,0.0011897410731762648,6.706593558192253e-05,0.10697330301627517,14,0.11100796586833894,1,6,SAT_unsat_identifiable,1,0,1,1,0,0,0,0,624,0.0040293310303241014,0.004227384924888611
25,10,10,0.1,21,3,0.0004827640950679779,0.0,0.0,0.0,0.0,0.0,9,0.0005512950010597706,0,-1,basis_J_less_than_K,0,0,1,1,0,1,0,1,208,0.0004827640950679779,0.002562918933108449
25,10,10,0.1,21,4,0.00026365695521235466,0.0,0.0,0.0,0.0,0.0,8,0.00033088005147874355,0,-1,basis_J_less_than_K,0,0,1,1,0,1,0,1,128,0.00026365695521235466,0.0024293758906424046
25,10,10,0.1,21,5,0.0002586517948657274,0.0,0.0,0.0,0.0,0.0,8,0.00031703291460871696,0,-1,basis_J_less_than_K,0,1,0,1,0,1,0,1,84,0.0002586517948657274,0.00211620912887156
25,10,10,0.1,21,6,0.0008297599852085114,8.513405919075012e-05,0.0001889062114059925,0.0,0.0,0.0,11,0.0011724308133125305,0,2,two_column_check_failed,0,0,1,1,0,1,0,1,304,0.001103800255805254,0.0029741099569946527
25,10,10,0.1,21,7,0.00025033392012119293,0.0,0.0,0.0,0.0,0.0,8,0.00030980189330875874,0,-1,basis_J_less_than_K,0,0,1,1,0,1,0,1,120,0.00025033392012119293,0.0023645309265702963
25,10,10,0.1,21,8,0.0012077409774065018,8.421391248703003e-05,0.00018804799765348434,0.0,0.0,0.0,12,0.00154557591304183,0,2,two_column_check_failed,0,1,0,1,0,1,0,1,608,0.0014800028875470161,0.0029137548990547657
25,10,10,0.1,21,9,0.0005245339125394821,0.0,0.0,0.0,0.0,0.0,9,0.0005768358241766691,0,-1,basis_J_less_than_K,0,0,1,1,0,1,0,1,320,0.0005245339125394821,0.0027997721917927265
25,10,10,0.1,22,0,0.0006762861739844084,0.00010614003986120224,0.0,0.0,0.0,0.0,10,0.0008576549589633942,0,0,all_zero_column,0,0,1,1,0,1,0,1,320,0.0007824262138456106,0.0030904009472578764
25,10,10,0.1,22,1,0.0005495760124176741,7.180683314800262e-05,0.0,0.0,0.0,0.0,10,0.0006952120456844568,0,0,all_zero_column,0,0,1,1,0,1,0,1,352,0.0006213828455656767,0.00283402600325644
25,10,10,0.1,22,2,0.0009561651386320591,0.00010094186291098595,0.00038271909579634666,0.0,0.0,0.0,10,0.0015055378898978233,0,2,two_column_check_failed,0,0,1,1,0,1,0,1,640,0.0014398260973393917,0.0033751409500837326
25,10,10,0.1,22,3,0.0008834139443933964,0.00010382500477135181,0.0003233090974390507,0.0,0.0,0.0,12,0.0013798470608890057,0,2,two_column_check_failed,0,0,1,1,0,1,0,1,600,0.0013105480466037989,0.0035527560394257307
25,10,10,0.1,22,4,0.0002939528785645962,0.0,0.0,0.0,0.0,0.0,8,0.0003586011007428169,0,-1,basis_J_less_than_K,0,0,1,1,0,1,0,1,160,0.0002939528785645962,0.002223612042143941
25,10,10,0.1,22,5,0.00036645284853875637,0.0,0.0,0.0,0.0,0.0,9,0.0004270579665899277,0,-1,basis_J_less_than_K,0,0,1,1,0,1,0,1,224,0.00036645284853875637,0.002505779964849353
25,10,10,0.1,22,6,0.0006260131485760212,0.00010397005826234818,0.00036876811645925045,0.0,0.0,0.0,11,0.0011742371134459972,0,2,two_column_check_failed,0,0,1,1,0,1,0,1,272,0.0010987513232976198,0.0032505770213901997
25,10,10,0.1,22,7,0.0005364520475268364,3.136112354695797e-05,0.0,0.0,0.0,0.0,11,0.000637807184830308,0,0,all_zero_column,0,0,1,1,0,1,0,1,143,0.0005678131710737944,0.0025867510121315718
25,10,10,0.1,22,8,0.00029939692467451096,0.0,0.0,0.0,0.0,0.0,8,0.0003534620627760887,0,-1,basis_J_less_than_K,0,0,1,1,0,1,0,1,144,0.00029939692467451096,0.002267339965328574
25,10,10,0.1,22,9,0.0005633849650621414,0.0,0.0,0.0,0.0,0.0,9,0.0006285309791564941,0,-1,basis_J_less_than_K,0,1,0,1,0,1,0,1,384,0.0005633849650621414,0.0026313639245927334
25,10,10,0.1,23,0,0.0015819750260561705,0.00012784218415617943,0.000630158931016922,0.0012168281245976686,0.00011123809963464737,0.15355703188106418,11,0.15723308105953038,1,6,SAT_unsat_identifiable,1,0,1,1,0,0,0,0,832,0.003668042365461588,0.004144857171922922
25,10,10,0.1,23,1,0.00030708499252796173,0.0,0.0,0.0,0.0,0.0,8,0.00037728017196059227,0,-1,basis_J_less_than_K,0,0,1,1,0,1,0,1,192,0.00030708499252796173,0.00240770704112947
25,10,10,0.1,23,2,0.0005788151174783707,1.819385215640068e-05,0.0,0.0,0.0,0.0,10,0.0006618620827794075,0,0,all_zero_column,0,0,1,1,0,1,0,1,208,0.0005970089696347713,0.0024874620139598846
25,10,10,0.1,23,3,0.0007873501162976027,3.988598473370075e-05,0.0,0.0,0.0,0.0,10,0.0008970119524747133,0,0,all_zero_column,0,0,1,1,0,1,0,1,312,0.0008272361010313034,0.0026903930120170116
25,10,10,0.1,23,4,0.001213868847116828,8.572195656597614e-05,0.00044219614937901497,0.0,0.0,0.0,12,0.0018280399963259697,0,2,two_column_check_failed,0,0,1,1,0,1,0,1,504,0.001741786953061819,0.0036272569559514523
25,10,10,0.1,23,5,0.0007542469538748264,8.422997780144215e-05,0.0001522719394415617,0.0,0.0,0.0,12,0.001065287971869111,0,2,two_column_check_failed,0,0,1,1,0,1,0,1,356,0.0009907488711178303,0.0028779800049960613
25,10,10,0.1,23,6,0.0009216840844601393,8.863001130521297e-05,0.0001057041808962822,0.0,0.0,0.0,10,0.0011818180792033672,0,2,two_column_check_failed,0,0,1,1,0,1,0,1,576,0.0011160182766616344,0.002723746933043003
25,10,10,0.1,23,7,0.002053515985608101,8.675083518028259e-05,0.0005492670461535454,0.0,0.0,0.0,12,0.0027590880636125803,0,2,two_column_check_failed,0,0,1,1,0,1,0,1,736,0.002689533866941929,0.00360459485091269
25,10,10,0.1,23,8,0.0005705251824110746,2.4887965992093086e-05,0.0,0.0,0.0,0.0,10,0.0006568050011992455,0,0,all_zero_column,0,1,0,1,0,1,0,1,264,0.0005954131484031677,0.0025718279648572206
25,10,10,0.1,23,9,0.0004893159493803978,3.913207910954952e-05,0.0,0.0,0.0,0.0,10,0.0005876419600099325,0,0,all_zero_column,0,1,0,1,0,1,0,1,240,0.0005284480284899473,0.0026149689219892025
25,10,10,0.1,24,0,0.001653364161029458,0.00013658497482538223,0.0003236890770494938,0.0,0.0,0.0,13,0.0021908790804445744,0,2,two_column_check_failed,0,0,1,1,0,1,0,1,432,0.002113638212904334,0.0034228248987346888
25,10,10,0.1,24,1,0.001911767991259694,8.75729601830244e-05,0.0004037951584905386,0.0,0.0,0.0,13,0.0024646068923175335,0,2,two_column_check_failed,0,0,1,1,0,1,0,1,616,0.002403136109933257,0.0034602361265569925
25,10,10,0.1,24,2,0.000887865899130702,5.415803752839565e-05,0.0,0.0,0.0,0.0,13,0.0010078749619424343,0,0,all_zero_column,0,0,1,1,0,1,0,1,342,0.0009420239366590977,0.0030261720530688763
25,10,10,0.1,24,3,0.0008241771720349789,8.396105840802193e-05,0.00028513604775071144,0.0,0.0,0.0,11,0.0012597260065376759,0,2,two_column_check_failed,0,0,1,1,0,1,0,1,512,0.0011932742781937122,0.003206235123798251
25,10,10,0.1,24,4,0.00042961002327501774,3.976002335548401e-05,0.0,0.0,0.0,0.0,10,0.0005283709615468979,0,0,all_zero_column,0,1,0,1,0,1,0,1,252,0.00046937004663050175,0.002699851058423519
25,10,10,0.1,24,5,0.0005737519823014736,8.24218150228262e-05,0.0001200428232550621,0.0,0.0,0.0,10,0.000841022003442049,0,2,two_column_check_failed,0,0,1,1,0,1,0,1,304,0.0007762166205793619,0.0028653659392148256
25,10,10,0.1,24,6,0.0016193741466850042,8.36679246276617e-05,0.0005921090487390757,0.0,0.0,0.0,15,0.0023781750351190567,0,2,two_column_check_failed,0,0,1,1,0,1,0,1,562,0.0022951511200517416,0.003972085891291499
25,10,10,0.1,24,7,0.0014978691469877958,9.860517457127571e-05,0.00031232601031661034,0.0,0.0,0.0,11,0.001997806830331683,0,2,two_column_check_failed,0,1,0,1,0,1,0,1,640,0.0019088003318756819,0.003142592031508684
25,10,10,0.1,24,8,0.0004165428690612316,0.0,0.0,0.0,0.0,0.0,9,0.0004876428283751011,0,-1,basis_J_less_than_K,0,0,1,1,0,1,0,1,200,0.0004165428690612316,0.0025628129951655865
25,10,10,0.1,24,9,0.00041934801265597343,7.038703188300133e-05,0.0,0.0,0.0,0.0,10,0.0005403109826147556,0,0,all_zero_column,0,0,1,1,0,1,0,1,160,0.0004897350445389748,0.0027099899016320705
25,10,10,0.1,25,0,0.0004790618550032377,0.0,0.0,0.0,0.0,0.0,9,0.0005449261516332626,0,-1,basis_J_less_than_K,0,0,1,1,0,1,0,1,180,0.0004790618550032377,0.002740276977419853
25,10,10,0.1,25,1,0.001210605027154088,9.017297998070717e-05,0.00021744798868894577,0.0,0.0,0.0,13,0.0015975830610841513,0,2,two_column_check_failed,0,1,0,1,0,1,0,1,414,0.001518225995823741,0.003278581891208887
25,10,10,0.1,25,2,0.0010734361130744219,8.535990491509438e-05,0.00012974790297448635,0.0,0.0,0.0,11,0.0013643279671669006,0,2,two_column_check_failed,0,1,0,1,0,1,0,1,528,0.0012885439209640026,0.0030415470246225595
25,10,10,0.1,25,3,0.0004252181388437748,0.0,0.0,0.0,0.0,0.0,9,0.0004948261193931103,0,-1,basis_J_less_than_K,0,0,1,1,0,1,0,1,240,0.0004252181388437748,0.0025317261461168528
25,10,10,0.1,25,4,0.000662757083773613,8.747191168367863e-05,0.00012064888142049313,0.0,0.0,0.0,10,0.000941388076171279,0,2,two_column_check_failed,0,1,0,1,0,1,0,1,272,0.0008708778768777847,0.0026621308643370867
25,10,10,0.1,25,5,0.000703705009073019,8.476502262055874e-05,0.0001020010095089674,0.0,0.0,0.0,11,0.0009552799165248871,0,2,two_column_check_failed,0,0,1,1,0,1,0,1,384,0.0008904710412025452,0.0027735799085348845
25,10,10,0.1,25,6,0.0012688629794865847,8.445093408226967e-05,3.9251986891031265e-05,0.0,0.0,0.0,12,0.0014469809830188751,0,2,two_column_check_failed,0,0,1,1,0,1,0,1,552,0.0013925659004598856,0.0027118928264826536
25,10,10,0.1,25,7,0.0007374619599431753,8.586305193603039e-05,0.00013779685832560062,0.0,0.0,0.0,11,0.0010277519468218088,0,2,two_column_check_failed,0,0,1,1,0,1,0,1,344,0.0009611218702048063,0.0028450111858546734
25,10,10,0.1,25,8,0.00117449089884758,8.513499051332474e-05,0.0004701439756900072,0.0,0.0,0.0,13,0.0018041878938674927,0,2,two_column_check_failed,0,0,1,1,0,1,0,1,656,0.001729769865050912,0.003573240013793111
25,10,10,0.1,25,9,0.0007125309202820063,8.879206143319607e-05,9.708292782306671e-05,0.0,0.0,0.0,10,0.0009609980043023825,0,2,two_column_check_failed,0,1,0,1,0,1,0,1,288,0.000898405909538269,0.0025307349860668182
25,10,10,0.1,26,0,0.0008809750434011221,0.00011201109737157822,0.0002720169723033905,0.0,0.0,0.0,11,0.0013592599425464869,0,2,two_column_check_failed,0,0,1,1,0,1,0,1,392,0.0012650031130760908,0.003453096142038703
25,10,10,0.1,26,1,0.0010272799991071224,8.984096348285675e-05,5.943211726844311e-05,0.0,0.0,0.0,12,0.00125498091802001,0,2,two_column_check_failed,0,0,1,1,0,1,0,1,440,0.0011765530798584223,0.0030163400806486607
25,10,10,0.1,26,2,0.0005324918311089277,0.0,0.0,0.0,0.0,0.0,9,0.0006112908013164997,0,-1,basis_J_less_than_K,0,0,1,1,0,1,0,1,384,0.0005324918311089277,0.002634011209011078
25,10,10,0.1,26,3,0.0006726260762661695,8.173403330147266e-05,0.0,0.0,0.0,0.0,10,0.0008205149788409472,0,0,all_zero_column,0,0,1,1,0,1,0,1,448,0.0007543601095676422,0.0029911277815699577
25,10,10,0.1,26,4,0.000796531094238162,8.365302346646786e-05,0.00018316390924155712,0.0,0.0,0.0,12,0.001146289985626936,0,2,two_column_check_failed,0,1,0,1,0,1,0,1,468,0.001063348026946187,0.003158316947519779
25,10,10,0.1,26,5,0.000357010867446661,0.0,0.0,0.0,0.0,0.0,8,0.0004377448931336403,0,-1,basis_J_less_than_K,0,0,1,1,0,1,0,1,256,0.000357010867446661,0.0023264000192284584
25,10,10,0.1,26,6,0.0006467960774898529,0.0,0.0,0.0,0.0,0.0,9,0.0007079821079969406,0,-1,basis_J_less_than_K,0,0,1,1,0,1,0,1,512,0.0006467960774898529,0.0025152331218123436
25,10,10,0.1,26,7,0.00038640014827251434,2.430099993944168e-05,0.0,0.0,0.0,0.0,10,0.0004661460407078266,0,0,all_zero_column,0,0,1,1,0,1,0,1,134,0.000410701148211956,0.0024212670978158712
25,10,10,0.1,26,8,0.0005138630513101816,6.631319411098957e-05,0.0,0.0,0.0,0.0,10,0.0006434610113501549,0,0,all_zero_column,0,0,1,1,0,1,0,1,312,0.0005801762454211712,0.0027050329372286797
25,10,10,0.1,26,9,0.0005086481105536222,0.0,0.0,0.0,0.0,0.0,9,0.0006059161387383938,0,-1,basis_J_less_than_K,0,0,1,1,0,1,0,1,384,0.0005086481105536222,0.002496030880138278
25,10,10,0.1,28,0,0.0006750640459358692,0.0,0.0,0.0,0.0,0.0,9,0.0007656670641154051,0,-1,basis_J_less_than_K,0,0,1,1,0,1,0,1,384,0.0006750640459358692,0.0029087390284985304
25,10,10,0.1,28,1,0.0009573099669069052,1.925812102854252e-05,0.0,0.0,0.0,0.0,11,0.0010518520139157772,0,0,all_zero_column,0,0,1,1,0,1,0,1,236,0.0009765680879354477,0.0025031520053744316
25,10,10,0.1,28,2,0.0005439580418169498,4.7348905354738235e-05,0.0,0.0,0.0,0.0,11,0.000656211981549859,0,0,all_zero_column,0,0,1,1,0,1,0,1,272,0.0005913069471716881,0.002748101018369198
25,10,10,0.1,28,3,0.001215639989823103,8.398899808526039e-05,9.196903556585312e-05,0.0,0.0,0.0,11,0.001472383039072156,0,2,two_column_check_failed,0,0,1,1,0,1,0,1,528,0.0013915980234742165,0.002774216001853347
25,10,10,0.1,28,4,0.0003954819403588772,8.470192551612854e-05,0.00017387489788234234,0.0,0.0,0.0,10,0.0007212748751044273,0,2,two_column_check_failed,0,1,0,1,0,1,0,1,192,0.0006540587637573481,0.003031892003491521
25,10,10,0.1,28,5,0.0017209730576723814,8.47449991852045e-05,0.0002795399632304907,0.0,0.0,0.0,12,0.0021838562097400427,0,2,two_column_check_failed,0,0,1,1,0,1,0,1,720,0.0020852580200880766,0.003263888880610466
25,10,10,0.1,28,6,0.0013172361068427563,8.511589840054512e-05,0.0005114579107612371,0.0012056769337505102,6.60289078950882e-05,0.0,10,0.0031890440732240677,1,4,identity_submatrix_direct_id,0,0,1,1,0,0,1,0,1024,0.003185515757650137,0.003564242972061038
25,10,10,0.1,28,7,0.00026919995434582233,0.0,0.0,0.0,0.0,0.0,9,0.00032648490741848946,0,-1,basis_J_less_than_K,0,0,1,1,0,1,0,1,104,0.00026919995434582233,0.002404176164418459
25,10,10,0.1,28,8,0.0007960670627653599,8.427305147051811e-05,6.482494063675404e-05,0.0,0.0,0.0,11,0.0010036758612841368,0,2,two_column_check_failed,0,0,1,1,0,1,0,1,336,0.000945165054872632,0.0027836801018565893
25,10,10,0.1,28,9,0.0005484051071107388,8.416594937443733e-05,9.989086538553238e-05,0.0,0.0,0.0,11,0.0007928980048745871,0,2,two_column_check_failed,0,0,1,1,0,1,0,1,164,0.0007324619218707085,0.002703375881537795
25,10,10,0.1,27,0,0.0023788008838891983,0.00013317796401679516,0.000742532080039382,0.001264926977455616,0.00011254800483584404,0.16521929297596216,14,0.1698592589236796,1,6,SAT_unsat_identifiable,1,0,1,1,0,0,0,0,768,0.0046319859102368355,0.004453151021152735
25,10,10,0.1,27,1,0.0003501148894429207,0.0,0.0,0.0,0.0,0.0,8,0.0004189480096101761,0,-1,basis_J_less_than_K,0,0,1,1,0,1,0,1,160,0.0003501148894429207,0.0024783520493656397
25,10,10,0.1,27,2,0.0016238659154623747,0.00010402104817330837,0.0002634271513670683,0.0,0.0,0.0,13,0.0020562720019370317,0,2,two_column_check_failed,0,0,1,1,0,1,0,1,672,0.0019913141150027514,0.0035662648733705282
25,10,10,0.1,27,3,0.0014977918472141027,8.497200906276703e-05,0.00025277305394411087,0.0,0.0,0.0,13,0.0018879889976233244,0,2,two_column_check_failed,0,0,1,1,0,1,0,1,432,0.0018355369102209806,0.0032353040296584368
25,10,10,0.1,27,4,0.0005091170314699411,0.0,0.0,0.0,0.0,0.0,9,0.0005761368665844202,0,-1,basis_J_less_than_K,0,0,1,1,0,1,0,1,384,0.0005091170314699411,0.002675543073564768
25,10,10,0.1,27,5,0.0015898880083113909,8.446886204183102e-05,0.00021685892716050148,0.0,0.0,0.0,13,0.00196659192442894,0,2,two_column_check_failed,0,1,0,1,0,1,0,1,630,0.0018912157975137234,0.003224282991141081
25,10,10,0.1,27,6,0.0005235380958765745,8.593196980655193e-05,0.0003123569767922163,0.0,0.0,0.0,10,0.0009801678825169802,0,2,two_column_check_failed,0,0,1,1,0,1,0,1,384,0.0009218270424753428,0.003352199913933873
25,10,10,0.1,27,7,0.0006723939441144466,6.713089533150196e-05,0.0,0.0,0.0,0.0,11,0.0007995918858796358,0,0,all_zero_column,0,0,1,1,0,1,0,1,234,0.0007395248394459486,0.002625436056405306
25,10,10,0.1,27,8,0.000754290958866477,8.46697948873043e-05,0.00036411196924746037,0.0,0.0,0.0,12,0.0012673239689320326,0,2,two_column_check_failed,0,1,0,1,0,1,0,1,392,0.0012030727230012417,0.0034657809883356094
25,10,10,0.1,27,9,0.0018184930086135864,8.536898531019688e-05,3.943382762372494e-05,0.0,0.0,0.0,11,0.002018215134739876,0,2,two_column_check_failed,0,0,1,1,0,1,0,1,704,0.0019432958215475082,0.0027824079152196646
25,10,10,0.1,29,0,0.0003732128534466028,0.0,0.0,0.0,0.0,0.0,8,0.00044062593951821327,0,-1,basis_J_less_than_K,0,0,1,1,0,1,0,1,160,0.0003732128534466028,0.0026499449741095304
25,10,10,0.1,29,1,0.001316846814006567,8.505000732839108e-05,0.0005191729869693518,0.0011650549713522196,7.539801299571991e-05,0.08446519216522574,11,0.08763152500614524,1,6,SAT_unsat_identifiable,1,0,1,1,0,0,0,0,592,0.0031615227926522493,0.0037694310303777456
25,10,10,0.1,29,2,0.0007232930511236191,6.765197031199932e-05,0.0,0.0,0.0,0.0,10,0.0008470190223306417,0,0,all_zero_column,0,1,0,1,0,1,0,1,336,0.0007909450214356184,0.0027685919776558876
25,10,10,0.1,29,3,0.0009568969253450632,8.071097545325756e-05,4.088692367076874e-05,0.0,0.0,0.0,10,0.0011740019544959068,0,2,two_column_check_failed,0,1,0,1,0,1,0,1,576,0.0010784948244690895,0.0027435419615358114
25,10,10,0.1,29,4,0.0007475879974663258,1.5595927834510803e-05,0.0,0.0,0.0,0.0,11,0.0008164017926901579,0,0,all_zero_column,0,0,1,1,0,1,0,1,252,0.0007631839253008366,0.002731106011196971
25,10,10,0.1,29,5,0.0017565428279340267,8.03160946816206e-05,0.0005535508971661329,0.0011615529656410217,6.520701572299004e-05,0.1342481889296323,12,0.1378704661037773,1,6,SAT_unsat_identifiable,1,0,1,1,0,0,0,0,712,0.003617169801145792,0.003962581045925617
25,10,10,0.1,29,6,0.00042853294871747494,8.346792310476303e-05,0.00011611008085310459,0.0,0.0,0.0,11,0.000704979058355093,0,2,two_column_check_failed,0,0,1,1,0,1,0,1,199,0.0006281109526753426,0.002947058994323015
25,10,10,0.1,29,7,0.0007160489913076162,5.777599290013313e-05,0.0,0.0,0.0,0.0,11,0.0008325008675456047,0,0,all_zero_column,0,1,0,1,0,1,0,1,268,0.0007738249842077494,0.0027150989044457674
25,10,10,0.1,29,8,0.0016188500449061394,8.041597902774811e-05,0.0004228828474879265,0.0,0.0,0.0,13,0.002204152988269925,0,2,two_column_check_failed,0,0,1,1,0,1,0,1,552,0.002122148871421814,0.0035296480637043715
25,10,10,0.1,29,9,0.0006782570853829384,8.170981891453266e-05,8.558621630072594e-05,0.0,0.0,0.0,11,0.0009182619396597147,0,2,two_column_check_failed,0,0,1,1,0,1,0,1,276,0.000845553120598197,0.0028113380540162325
25,10,10,0.1,30,0,0.001078357920050621,0.0001350098755210638,0.0003782580606639385,0.0,0.0,0.0,11,0.0016730960924178362,0,2,two_column_check_failed,0,1,0,1,0,1,0,1,560,0.0015916258562356234,0.0036273030564188957
25,10,10,0.1,30,1,0.0007749509532004595,2.7501024305820465e-05,0.0,0.0,0.0,0.0,11,0.0008831268642097712,0,0,all_zero_column,0,0,1,1,0,1,0,1,432,0.0008024519775062799,0.0027964641340076923
25,10,10,0.1,30,2,0.0006573330610990524,8.535291999578476e-05,0.00014253915287554264,0.0,0.0,0.0,11,0.0009508619550615549,0,2,two_column_check_failed,0,0,1,1,0,1,0,1,232,0.0008852251339703798,0.0028496510349214077
25,10,10,0.1,30,3,0.0007674850057810545,2.483697608113289e-05,0.0,0.0,0.0,0.0,12,0.0008659879676997662,0,0,all_zero_column,0,0,1,1,0,1,0,1,232,0.0007923219818621874,0.0027795229107141495
25,10,10,0.1,30,4,0.0016205839347094297,8.45759641379118e-05,0.0002632529940456152,0.0,0.0,0.0,13,0.0020612438675016165,0,2,two_column_check_failed,0,1,0,1,0,1,0,1,440,0.0019684128928929567,0.0032105857972055674
25,10,10,0.1,30,5,0.0005630191881209612,0.0,0.0,0.0,0.0,0.0,9,0.0006368597969412804,0,-1,basis_J_less_than_K,0,0,1,1,0,1,0,1,384,0.0005630191881209612,0.0027624438516795635
25,10,10,0.1,30,6,0.0004875469021499157,0.0,0.0,0.0,0.0,0.0,9,0.0005586890038102865,0,-1,basis_J_less_than_K,0,0,1,1,0,1,0,1,320,0.0004875469021499157,0.002439916832372546
25,10,10,0.1,30,7,0.0006451350636780262,5.953619256615639e-05,0.0,0.0,0.0,0.0,11,0.0007652970962226391,0,0,all_zero_column,0,0,1,1,0,1,0,1,256,0.0007046712562441826,0.0028085708618164062
25,10,10,0.1,30,8,0.0005234219133853912,2.4507055059075356e-05,0.0,0.0,0.0,0.0,10,0.000604534987360239,0,0,all_zero_column,0,1,0,1,0,1,0,1,280,0.0005479289684444666,0.002666615881025791
25,10,10,0.1,30,9,0.0008142259903252125,8.442695252597332e-05,8.126487955451012e-05,0.0,0.0,0.0,12,0.0010594201739877462,0,2,two_column_check_failed,0,0,1,1,0,1,0,1,410,0.000979917822405696,0.002871152013540268
25,10,10,0.1,31,0,0.0014638099819421768,0.00013803597539663315,0.000705131096765399,0.0014264779165387154,0.00012141396291553974,0.1090072151273489,13,0.11287020007148385,1,6,SAT_unsat_identifiable,1,0,1,1,0,0,0,0,680,0.003854868933558464,0.004179337993264198
25,10,10,0.1,31,1,0.00034770905040204525,0.0,0.0,0.0,0.0,0.0,9,0.0004054829478263855,0,-1,basis_J_less_than_K,0,0,1,1,0,1,0,1,120,0.00034770905040204525,0.002383667975664139
25,10,10,0.1,31,2,0.001972228055819869,8.47959890961647e-05,0.0006410581991076469,0.0011550209019333124,6.84869010001421e-05,0.13926245691254735,14,0.14319061394780874,1,6,SAT_unsat_identifiable,1,0,1,1,0,0,0,0,632,0.003921590046957135,0.004300056956708431
25,10,10,0.1,31,3,0.0008248649537563324,5.0108879804611206e-05,0.0,0.0,0.0,0.0,10,0.000945528969168663,0,0,all_zero_column,0,0,1,1,0,1,0,1,448,0.0008749738335609436,0.0027560419403016567
25,10,10,0.1,31,4,0.0003919049631804228,0.0,0.0,0.0,0.0,0.0,9,0.0004503300879150629,0,-1,basis_J_less_than_K,0,1,0,1,0,1,0,1,256,0.0003919049631804228,0.0026597219984978437
25,10,10,0.1,31,5,0.0003971538972109556,8.829310536384583e-05,0.00017426395788788795,0.0,0.0,0.0,11,0.0007259179838001728,0,2,two_column_check_failed,0,0,1,1,0,1,0,1,180,0.0006597109604626894,0.004718787968158722
25,10,10,0.1,31,6,0.001293783076107502,0.0001082131639122963,0.0004130639135837555,0.0,0.0,0.0,12,0.001908817095682025,0,2,two_column_check_failed,0,0,1,1,0,1,0,1,520,0.0018150601536035538,0.0035809329710900784
25,10,10,0.1,31,7,0.0004515389446169138,0.0,0.0,0.0,0.0,0.0,9,0.0005277430173009634,0,-1,basis_J_less_than_K,0,0,1,1,0,1,0,1,240,0.0004515389446169138,0.002828110009431839
25,10,10,0.1,31,8,0.0009134090505540371,8.838297799229622e-05,0.00041273911483585835,0.0,0.0,0.0,12,0.0015013960655778646,0,2,two_column_check_failed,0,0,1,1,0,1,0,1,464,0.0014145311433821917,0.0035877488553524017
25,10,10,0.1,31,9,0.00032605184242129326,3.385590389370918e-05,0.0,0.0,0.0,0.0,10,0.00041554891504347324,0,0,all_zero_column,0,0,1,1,0,1,0,1,110,0.00035990774631500244,0.0024929000064730644
25,10,10,0.1,33,0,0.0005749668926000595,0.0,0.0,0.0,0.0,0.0,9,0.0006529709789901972,0,-1,basis_J_less_than_K,0,0,1,1,0,1,0,1,256,0.0005749668926000595,0.0028104798402637243
25,10,10,0.1,33,1,0.0005137550178915262,8.815992623567581e-05,0.00019057397730648518,0.0,0.0,0.0,11,0.0008738599717617035,0,2,two_column_check_failed,0,0,1,1,0,1,0,1,238,0.0007924889214336872,0.0029344449285417795
25,10,10,0.1,33,2,0.0015060678124427795,8.510798215866089e-05,0.00048769591376185417,0.0,0.0,0.0,13,0.0021481458097696304,0,2,two_column_check_failed,0,0,1,1,0,1,0,1,638,0.0020788717083632946,0.0035486510023474693
25,10,10,0.1,33,3,0.0006382919382303953,3.232806921005249e-05,0.0,0.0,0.0,0.0,10,0.0007337520364671946,0,0,all_zero_column,0,0,1,1,0,1,0,1,228,0.0006706200074404478,0.0023576251696795225
25,10,10,0.1,33,4,0.0009544019121676683,8.443091064691544e-05,7.709790952503681e-05,0.0,0.0,0.0,11,0.0011749910190701485,0,2,two_column_check_failed,0,0,1,1,0,1,0,1,376,0.0011159307323396206,0.002616944955661893
25,10,10,0.1,33,5,0.0004891699645668268,0.0,0.0,0.0,0.0,0.0,9,0.0005594179965555668,0,-1,basis_J_less_than_K,0,0,1,1,0,1,0,1,224,0.0004891699645668268,0.0024158211890608072
25,10,10,0.1,33,6,0.001976178027689457,8.275709114968777e-05,0.0006595519371330738,0.0012568910606205463,7.357588037848473e-05,0.17889778898097575,14,0.18295278516598046,1,6,SAT_unsat_identifiable,1,1,0,1,0,0,0,0,856,0.00404895399697125,0.0043668500147759914
25,10,10,0.1,33,7,0.00045362208038568497,0.0,0.0,0.0,0.0,0.0,9,0.0005189210642129183,0,-1,basis_J_less_than_K,0,0,1,1,0,1,0,1,224,0.00045362208038568497,0.0025329419877380133
25,10,10,0.1,33,8,0.0005807220004498959,8.492707274854183e-05,0.00021020998246967793,0.0,0.0,0.0,10,0.0009473778773099184,0,2,two_column_check_failed,0,0,1,1,0,1,0,1,336,0.0008758590556681156,0.0029058761429041624
25,10,10,0.1,33,9,0.001652624923735857,9.210803546011448e-05,6.076693534851074e-05,0.0,0.0,0.0,12,0.0018829058390110731,0,2,two_column_check_failed,0,0,1,1,0,1,0,1,520,0.0018054998945444822,0.0027745040133595467
25,10,10,0.1,32,0,0.0009024429600685835,0.0,0.0,0.0,0.0,0.0,9,0.0009845870081335306,0,-1,basis_J_less_than_K,0,1,0,1,0,1,0,1,512,0.0009024429600685835,0.00388948991894722
25,10,10,0.1,32,1,0.0008095849771052599,4.7170091420412064e-05,0.0,0.0,0.0,0.0,11,0.0009293691255152225,0,0,all_zero_column,0,0,1,1,0,1,0,1,250,0.000856755068525672,0.003008357947692275
25,10,10,0.1,32,2,0.000811027130112052,3.164215013384819e-05,0.0,0.0,0.0,0.0,11,0.0009148891549557447,0,0,all_zero_column,0,0,1,1,0,1,0,1,240,0.0008426692802459002,0.0028722931165248156
25,10,10,0.1,32,3,0.003154729027301073,8.574593812227249e-05,0.0006398761179298162,0.0012590258847922087,7.84900039434433e-05,0.1787495301105082,13,0.18397375009953976,1,6,SAT_unsat_identifiable,1,0,1,1,0,0,0,0,816,0.005217866972088814,0.004432403016835451
25,10,10,0.1,32,4,0.000531777972355485,0.0,0.0,0.0,0.0,0.0,9,0.0006153190042823553,0,-1,basis_J_less_than_K,0,0,1,1,0,1,0,1,256,0.000531777972355485,0.0027224670629948378
25,10,10,0.1,32,5,0.0017925889696925879,8.591706864535809e-05,6.872788071632385e-05,0.0,0.0,0.0,15,0.002011305885389447,0,2,two_column_check_failed,0,0,1,1,0,1,0,1,341,0.0019472339190542698,0.005562954116612673
25,10,10,0.1,32,6,0.0009290990419685841,5.908310413360596e-05,0.0,0.0,0.0,0.0,12,0.0010631289333105087,0,0,all_zero_column,0,0,1,1,0,1,0,1,253,0.00098818214610219,0.0032442340161651373
25,10,10,0.1,32,7,0.0007513999007642269,9.570294059813023e-05,0.0003461381420493126,0.0,0.0,0.0,10,0.0012757088989019394,0,2,two_column_check_failed,0,0,1,1,0,1,0,1,416,0.0011932409834116697,0.0035555700305849314
25,10,10,0.1,32,8,0.0003934749402105808,0.0,0.0,0.0,0.0,0.0,9,0.0005002650432288647,0,-1,basis_J_less_than_K,0,0,1,1,0,1,0,1,168,0.0003934749402105808,0.0027171520050615072
25,10,10,0.1,32,9,0.0018333999905735254,9.455904364585876e-05,0.00013375305570662022,0.0,0.0,0.0,13,0.0021334378980100155,0,2,two_column_check_failed,0,0,1,1,0,1,0,1,636,0.0020617120899260044,0.0033989818766713142
25,10,10,0.1,36,0,0.001138768857344985,0.00010727415792644024,5.222484469413757e-05,0.0,0.0,0.0,13,0.0013715748209506273,0,2,two_column_check_failed,0,0,1,1,0,1,0,1,366,0.0012982678599655628,0.0030176430009305477
25,10,10,0.1,36,1,0.0002151180524379015,0.0,0.0,0.0,0.0,0.0,7,0.0002769960556179285,0,-1,basis_J_less_than_K,0,0,1,1,0,1,0,1,128,0.0002151180524379015,0.002226440003141761
25,10,10,0.1,36,2,0.0009083240292966366,7.983902469277382e-05,0.00011201505549252033,0.0,0.0,0.0,11,0.0011814520694315434,0,2,two_column_check_failed,0,0,1,1,0,1,0,1,396,0.0011001781094819307,0.002940064063295722
25,10,10,0.1,36,3,0.0007669930346310139,7.984205149114132e-05,0.00011141598224639893,0.0,0.0,0.0,11,0.0010376379359513521,0,2,two_column_check_failed,0,0,1,1,0,1,0,1,297,0.0009582510683685541,0.002793886000290513
25,10,10,0.1,36,4,0.0009679759386926889,7.947185076773167e-05,0.0005198779981583357,0.0,0.0,0.0,11,0.0016522309742867947,0,2,two_column_check_failed,0,0,1,1,0,1,0,1,672,0.0015673257876187563,0.003783821826800704
25,10,10,0.1,36,5,0.00045897788368165493,6.200396455824375e-05,0.0,0.0,0.0,0.0,10,0.000581223051995039,0,0,all_zero_column,0,0,1,1,0,1,0,1,190,0.0005209818482398987,0.0027473929803818464
25,10,10,0.1,36,6,0.0008126620668917894,8.352706208825111e-05,0.0003672370221465826,0.0,0.0,0.0,10,0.0013494379818439484,0,2,two_column_check_failed,0,0,1,1,0,1,0,1,640,0.0012634261511266232,0.003242586040869355
25,10,10,0.1,36,7,0.0007535859476774931,7.969699800014496e-05,0.0002141979057341814,0.0,0.0,0.0,10,0.0011308190878480673,0,2,two_column_check_failed,0,0,1,1,0,1,0,1,432,0.0010474808514118195,0.0030585669446736574
25,10,10,0.1,36,8,0.0006436100229620934,0.0,0.0,0.0,0.0,0.0,9,0.0007017028983682394,0,-1,basis_J_less_than_K,0,0,1,1,0,1,0,1,512,0.0006436100229620934,0.0026569769252091646
25,10,10,0.1,36,9,0.0004286719486117363,0.0,0.0,0.0,0.0,0.0,9,0.00048352195881307125,0,-1,basis_J_less_than_K,0,0,1,1,0,1,0,1,288,0.0004286719486117363,0.002786459168419242
25,10,10,0.1,34,0,0.0022646409925073385,0.00011521996930241585,0.000364609993994236,0.0,0.0,0.0,13,0.002848028903827071,0,2,two_column_check_failed,0,0,1,1,0,1,0,1,600,0.0027444709558039904,0.0034728311002254486
25,10,10,0.1,34,1,0.0004229589831084013,0.0,0.0,0.0,0.0,0.0,9,0.0004918491467833519,0,-1,basis_J_less_than_K,0,0,1,1,0,1,0,1,240,0.0004229589831084013,0.002425173996016383
25,10,10,0.1,34,2,0.00020600808784365654,0.0,0.0,0.0,0.0,0.0,7,0.00027147307991981506,0,-1,basis_J_less_than_K,0,1,0,1,0,1,0,1,128,0.00020600808784365654,0.002147017978131771
25,10,10,0.1,34,3,0.0011555920355021954,8.469703607261181e-05,0.00012094713747501373,0.0,0.0,0.0,11,0.0014395329635590315,0,2,two_column_check_failed,0,1,0,1,0,1,0,1,640,0.001361236209049821,0.002811589976772666
25,10,10,0.1,34,4,0.00011215708218514919,0.0,0.0,0.0,0.0,0.0,6,0.00015983800403773785,0,-1,basis_J_less_than_K,0,0,1,1,0,1,0,1,36,0.00011215708218514919,0.001831158995628357
25,10,10,0.1,34,5,0.0010672628413885832,8.324091322720051e-05,0.0002725641243159771,0.0,0.0,0.0,11,0.001486246008425951,0,2,two_column_check_failed,0,0,1,1,0,1,0,1,624,0.0014230678789317608,0.00315096415579319
25,10,10,0.1,34,6,0.001027911901473999,8.297199383378029e-05,0.000437665032222867,0.0,0.0,0.0,10,0.0016231262125074863,0,2,two_column_check_failed,0,1,0,1,0,1,0,1,768,0.0015485489275306463,0.003490318078547716
25,10,10,0.1,34,7,0.000543281901627779,0.0,0.0,0.0,0.0,0.0,9,0.0006169069092720747,0,-1,basis_J_less_than_K,0,0,1,1,0,1,0,1,320,0.000543281901627779,0.0023126681335270405
25,10,10,0.1,34,8,0.0005207068752497435,0.0,0.0,0.0,0.0,0.0,9,0.000597106060013175,0,-1,basis_J_less_than_K,0,0,1,1,0,1,0,1,384,0.0005207068752497435,0.002529816934838891
25,10,10,0.1,34,9,0.00020332890562713146,0.0,0.0,0.0,0.0,0.0,7,0.00027203699573874474,0,-1,basis_J_less_than_K,0,0,1,1,0,1,0,1,128,0.00020332890562713146,0.0021237770561128855
25,10,10,0.1,35,0,0.0015296670608222485,0.0001249851193279028,0.0001278170384466648,0.0,0.0,0.0,10,0.0018913219682872295,0,2,two_column_check_failed,0,1,0,1,0,1,0,1,768,0.001782469218596816,0.0032930909655988216
25,10,10,0.1,35,1,0.0007434401195496321,7.3297880589962e-05,0.0,0.0,0.0,0.0,10,0.0008943388238549232,0,0,all_zero_column,0,0,1,1,0,1,0,1,448,0.0008167380001395941,0.002958121011033654
25,10,10,0.1,35,2,0.00099850888364017,3.7427060306072235e-05,0.0,0.0,0.0,0.0,12,0.0011195738334208727,0,0,all_zero_column,0,0,1,1,0,1,0,1,400,0.0010359359439462423,0.0031175678595900536
25,10,10,0.1,35,3,0.0004656808450818062,0.0,0.0,0.0,0.0,0.0,9,0.0005467981100082397,0,-1,basis_J_less_than_K,0,0,1,1,0,1,0,1,256,0.0004656808450818062,0.002890323055908084
25,10,10,0.1,35,4,0.001023181015625596,0.00010100984945893288,4.633492790162563e-05,0.0,0.0,0.0,12,0.0012427400797605515,0,2,two_column_check_failed,0,0,1,1,0,1,0,1,416,0.0011705257929861546,0.003189896000549197
25,10,10,0.1,35,5,0.0012107240036129951,0.00010032998397946358,0.0005073638167232275,0.0,0.0,0.0,10,0.0018926530610769987,0,2,two_column_check_failed,0,0,1,1,0,1,0,1,768,0.0018184178043156862,0.0037717430386692286
25,10,10,0.1,35,6,0.0008560060523450375,9.523495100438595e-05,0.0,0.0,0.0,0.0,10,0.0010299310088157654,0,0,all_zero_column,0,0,1,1,0,1,0,1,336,0.0009512410033494234,0.003027450991794467
25,10,10,0.1,35,7,0.00023851986043155193,0.0,0.0,0.0,0.0,0.0,8,0.0003035541158169508,0,-1,basis_J_less_than_K,0,0,1,1,0,1,0,1,66,0.00023851986043155193,0.002331285970285535
25,10,10,0.1,35,8,0.0002787499688565731,0.0,0.0,0.0,0.0,0.0,8,0.00035860203206539154,0,-1,basis_J_less_than_K,0,0,1,1,0,1,0,1,128,0.0002787499688565731,0.0025341131258755922
25,10,10,0.1,35,9,0.0007504490204155445,9.936699643731117e-05,0.00025078095495700836,0.0,0.0,0.0,10,0.001161365071311593,0,2,two_column_check_failed,0,0,1,1,0,1,0,1,352,0.001100596971809864,0.0033109039068222046
25,10,10,0.1,37,0,0.0018263689707964659,0.00012541399337351322,0.0004856360610574484,0.0,0.0,0.0,14,0.0025093869771808386,0,2,two_column_check_failed,0,1,0,1,0,1,0,1,492,0.0024374190252274275,0.003790623042732477
25,10,10,0.1,37,1,0.00047064595855772495,0.0,0.0,0.0,0.0,0.0,9,0.0005552310030907393,0,-1,basis_J_less_than_K,0,0,1,1,0,1,0,1,320,0.00047064595855772495,0.0028138950001448393
25,10,10,0.1,37,2,0.001684119924902916,8.415710180997849e-05,7.523898966610432e-05,0.0,0.0,0.0,14,0.0019172921311110258,0,2,two_column_check_failed,0,1,0,1,0,1,0,1,570,0.0018435160163789988,0.002836260013282299
25,10,10,0.1,37,3,0.000533571932464838,0.0,0.0,0.0,0.0,0.0,9,0.0006094430573284626,0,-1,basis_J_less_than_K,0,0,1,1,0,1,0,1,208,0.000533571932464838,0.0023197359405457973
25,10,10,0.1,37,4,0.0003260429948568344,0.0,0.0,0.0,0.0,0.0,9,0.0003925550263375044,0,-1,basis_J_less_than_K,0,0,1,1,0,1,0,1,104,0.0003260429948568344,0.0022006030194461346
25,10,10,0.1,37,5,0.0002519339323043823,0.0,0.0,0.0,0.0,0.0,8,0.0003138328902423382,0,-1,basis_J_less_than_K,0,0,1,1,0,1,0,1,120,0.0002519339323043823,0.002233584877103567
25,10,10,0.1,37,6,0.0006691189482808113,2.4390872567892075e-05,0.0,0.0,0.0,0.0,11,0.0007636570371687412,0,0,all_zero_column,0,0,1,1,0,1,0,1,240,0.0006935098208487034,0.002670619171112776
25,10,10,0.1,37,7,0.0009331319015473127,8.092890493571758e-05,0.00023833103477954865,0.0,0.0,0.0,12,0.0013127641286700964,0,2,two_column_check_failed,0,0,1,1,0,1,0,1,376,0.001252391841262579,0.003009964944794774
25,10,10,0.1,37,8,0.0011891399044543505,8.01989808678627e-05,0.00046237511560320854,0.0,0.0,0.0,14,0.001793646952137351,0,2,two_column_check_failed,0,0,1,1,0,1,0,1,466,0.0017317140009254217,0.0035433589946478605
25,10,10,0.1,37,9,0.0006104880012571812,8.923886343836784e-05,0.000476703979074955,0.0,0.0,0.0,10,0.0012375188525766134,0,2,two_column_check_failed,0,0,1,1,0,1,0,1,336,0.001176430843770504,0.0032678209245204926
25,10,10,0.1,38,0,0.0007875789888203144,0.0,0.0,0.0,0.0,0.0,9,0.0008794569876044989,0,-1,basis_J_less_than_K,0,0,1,1,0,1,0,1,320,0.0007875789888203144,0.003006212180480361
25,10,10,0.1,38,1,0.00035818922333419323,0.0,0.0,0.0,0.0,0.0,8,0.00044190604239702225,0,-1,basis_J_less_than_K,0,0,1,1,0,1,0,1,192,0.00035818922333419323,0.0025352761149406433
25,10,10,0.1,38,2,0.0005463238339871168,3.075296990573406e-05,0.0,0.0,0.0,0.0,10,0.000658480916172266,0,0,all_zero_column,0,0,1,1,0,1,0,1,228,0.0005770768038928509,0.002706061815842986
25,10,10,0.1,38,3,0.0012582461349666119,8.627702482044697e-05,0.0005022687837481499,0.0,0.0,0.0,12,0.0019323050510138273,0,2,two_column_check_failed,0,0,1,1,0,1,0,1,324,0.0018467919435352087,0.00384433101862669
25,10,10,0.1,38,4,0.0008705321233719587,9.819190017879009e-05,0.00029103108681738377,0.0,0.0,0.0,11,0.0013359298463910818,0,2,two_column_check_failed,0,0,1,1,0,1,0,1,416,0.0012597551103681326,0.003318279981613159
25,10,10,0.1,38,5,0.0010230110492557287,9.398791007697582e-05,0.00015525403432548046,0.0,0.0,0.0,11,0.0013367438223212957,0,2,two_column_check_failed,0,0,1,1,0,1,0,1,360,0.001272252993658185,0.0029936227947473526
25,10,10,0.1,38,6,0.0011623911559581757,9.382003918290138e-05,0.0005017949733883142,0.0,0.0,0.0,11,0.0018408859614282846,0,2,two_column_check_failed,0,0,1,1,0,1,0,1,672,0.0017580061685293913,0.0037272139452397823
25,10,10,0.1,38,7,0.00037741404958069324,0.0,0.0,0.0,0.0,0.0,9,0.00044508115388453007,0,-1,basis_J_less_than_K,0,0,1,1,0,1,0,1,184,0.00037741404958069324,0.0028131380677223206
25,10,10,0.1,38,8,0.0002448491286486387,0.0,0.0,0.0,0.0,0.0,7,0.0003122091293334961,0,-1,basis_J_less_than_K,0,0,1,1,0,1,0,1,128,0.0002448491286486387,0.002304848050698638
25,10,10,0.1,38,9,0.0004231079947203398,0.0,0.0,0.0,0.0,0.0,8,0.0005209860391914845,0,-1,basis_J_less_than_K,0,0,1,1,0,1,0,1,256,0.0004231079947203398,0.002650205045938492
25,10,10,0.1,40,0,0.0013929239939898252,0.00014621787704527378,0.0002840890083462,0.0,0.0,0.0,12,0.0018844329752027988,0,2,two_column_check_failed,0,0,1,1,0,1,0,1,352,0.001823230879381299,0.0034669721499085426
25,10,10,0.1,40,1,0.00055266497656703,0.00010004197247326374,4.7255074605345726e-05,0.0,0.0,0.0,11,0.000752836000174284,0,2,two_column_check_failed,0,0,1,1,0,1,0,1,224,0.0006999620236456394,0.0027860780246555805
25,10,10,0.1,40,2,0.0003122459165751934,0.0,0.0,0.0,0.0,0.0,9,0.0003907161299139261,0,-1,basis_J_less_than_K,0,0,1,1,0,1,0,1,130,0.0003122459165751934,0.002261105226352811
25,10,10,0.1,40,3,0.0006740379612892866,8.90169758349657e-05,0.00018920586444437504,0.0,0.0,0.0,10,0.001020675990730524,0,2,two_column_check_failed,0,0,1,1,0,1,0,1,416,0.0009522608015686274,0.002815227024257183
25,10,10,0.1,40,4,0.0005628080107271671,1.6259029507637024e-05,0.0,0.0,0.0,0.0,11,0.0006437161937355995,0,0,all_zero_column,0,0,1,1,0,1,0,1,276,0.0005790670402348042,0.0026511407922953367
25,10,10,0.1,40,5,0.0005910920444875956,8.785002864897251e-05,5.3233932703733444e-05,0.0,0.0,0.0,11,0.0007865780498832464,0,2,two_column_check_failed,0,0,1,1,0,1,0,1,248,0.0007321760058403015,0.002567793009802699
25,10,10,0.1,40,6,0.0009699228685349226,2.601812593638897e-05,0.0,0.0,0.0,0.0,12,0.0010697708930820227,0,0,all_zero_column,0,1,0,1,0,1,0,1,364,0.0009959409944713116,0.0027010999619960785
25,10,10,0.1,40,7,0.0005446248687803745,8.817389607429504e-05,0.0,0.0,0.0,0.0,10,0.0006900369189679623,0,0,all_zero_column,0,0,1,1,0,1,0,1,248,0.0006327987648546696,0.0024950490333139896
25,10,10,0.1,40,8,0.0006501919124275446,0.0,0.0,0.0,0.0,0.0,9,0.0007344500627368689,0,-1,basis_J_less_than_K,0,0,1,1,0,1,0,1,512,0.0006501919124275446,0.002408514963462949
25,10,10,0.1,40,9,0.0003979469183832407,0.0,0.0,0.0,0.0,0.0,9,0.00046963291242718697,0,-1,basis_J_less_than_K,0,0,1,1,0,1,0,1,288,0.0003979469183832407,0.0027118290308862925
25,10,10,0.1,39,0,0.001849158899858594,0.0001350210513919592,0.000260830856859684,0.0,0.0,0.0,12,0.002331801922991872,0,2,two_column_check_failed,0,1,0,1,0,1,0,1,528,0.002245010808110237,0.003389650024473667
25,10,10,0.1,39,1,0.0007063020020723343,5.437992513179779e-05,0.0,0.0,0.0,0.0,11,0.0008526111487299204,0,0,all_zero_column,0,1,0,1,0,1,0,1,348,0.0007606819272041321,0.0029849971178919077
25,10,10,0.1,39,2,0.0011391269508749247,9.504193440079689e-05,0.00023159594275057316,0.0,0.0,0.0,11,0.0015393099747598171,0,2,two_column_check_failed,0,0,1,1,0,1,0,1,408,0.0014657648280262947,0.003250078996643424
25,10,10,0.1,39,3,0.0005680930335074663,0.0,0.0,0.0,0.0,0.0,9,0.0006410330533981323,0,-1,basis_J_less_than_K,0,0,1,1,0,1,0,1,224,0.0005680930335074663,0.002749005099758506
25,10,10,0.1,39,4,0.0005320359487086535,0.0,0.0,0.0,0.0,0.0,9,0.0006034229882061481,0,-1,basis_J_less_than_K,0,1,0,1,0,1,0,1,240,0.0005320359487086535,0.0025778610724955797
25,10,10,0.1,39,5,0.0002584601752460003,0.0,0.0,0.0,0.0,0.0,8,0.0003188310656696558,0,-1,basis_J_less_than_K,0,0,1,1,0,1,0,1,108,0.0002584601752460003,0.0022811079397797585
25,10,10,0.1,39,6,0.0006826079916208982,9.533204138278961e-05,0.00015199393965303898,0.0,0.0,0.0,10,0.0010005151852965355,0,2,two_column_check_failed,0,0,1,1,0,1,0,1,248,0.0009299339726567268,0.00291690812446177
25,10,10,0.1,39,7,0.002090136054903269,8.500809781253338e-05,0.0006434579845517874,0.0010997469071298838,6.679398939013481e-05,0.1109267040155828,13,0.1149186750408262,1,6,SAT_unsat_identifiable,1,0,1,1,0,0,0,0,656,0.003985143033787608,0.004476313944905996
25,10,10,0.1,39,8,0.0003063830081373453,0.0,0.0,0.0,0.0,0.0,8,0.00038821506313979626,0,-1,basis_J_less_than_K,0,0,1,1,0,1,0,1,120,0.0003063830081373453,0.0024112239480018616
25,10,10,0.1,39,9,0.0006481350865215063,1.9964994862675667e-05,0.0,0.0,0.0,0.0,11,0.0007458289619535208,0,0,all_zero_column,0,0,1,1,0,1,0,1,368,0.000668100081384182,0.003117911983281374
25,10,10,0.1,42,0,0.0010304299648851156,0.00013892888091504574,0.00011408887803554535,0.0,0.0,0.0,10,0.0013597449287772179,0,2,two_column_check_failed,0,0,1,1,0,1,0,1,336,0.0012834477238357067,0.002978126984089613
25,10,10,0.1,42,1,0.0006729839369654655,0.00010892888531088829,0.00010298308916389942,0.0,0.0,0.0,11,0.0009648751001805067,0,2,two_column_check_failed,0,0,1,1,0,1,0,1,324,0.0008848959114402533,0.002887242939323187
25,10,10,0.1,42,2,0.0002308189868927002,0.0,0.0,0.0,0.0,0.0,8,0.0002998721320182085,0,-1,basis_J_less_than_K,0,1,0,1,0,1,0,1,144,0.0002308189868927002,0.0023115030489861965
25,10,10,0.1,42,3,0.0004167009610682726,0.0,0.0,0.0,0.0,0.0,9,0.00048150401562452316,0,-1,basis_J_less_than_K,0,0,1,1,0,1,0,1,216,0.0004167009610682726,0.0024094399996101856
25,10,10,0.1,42,4,0.0007029809057712555,0.00010478007607161999,0.0006601039785891771,0.0,0.0,0.0,13,0.001521692844107747,0,2,two_column_check_failed,0,0,1,1,0,1,0,1,218,0.0014678649604320526,0.003672868013381958
25,10,10,0.1,42,5,0.0006349037867039442,0.0001043570227921009,0.00032317498698830605,0.0,0.0,0.0,10,0.0011313590221107006,0,2,two_column_check_failed,0,0,1,1,0,1,0,1,432,0.0010624357964843512,0.0031414818949997425
25,10,10,0.1,42,6,0.0016359798610210419,0.00010337796993553638,0.0006482279859483242,0.001136651961132884,6.54030591249466e-05,0.14608271000906825,12,0.14967866311781108,1,6,SAT_unsat_identifiable,1,1,0,1,0,0,0,0,736,0.003589640837162733,0.004308146890252829
25,10,10,0.1,42,7,0.0012523829936981201,0.00011105695739388466,0.00013699405826628208,0.0,0.0,0.0,10,0.0015715938061475754,0,2,two_column_check_failed,0,0,1,1,0,1,0,1,768,0.0015004340093582869,0.002905262866988778
25,10,10,0.1,42,8,0.0004025970119982958,0.0,0.0,0.0,0.0,0.0,9,0.00046647805720567703,0,-1,basis_J_less_than_K,0,0,1,1,0,1,0,1,152,0.0004025970119982958,0.002398062963038683
25,10,10,0.1,42,9,0.00029016193002462387,0.0,0.0,0.0,0.0,0.0,8,0.000362480990588665,0,-1,basis_J_less_than_K,0,0,1,1,0,1,0,1,192,0.00029016193002462387,0.002290331060066819
25,10,10,0.1,41,0,0.0008857641369104385,0.0,0.0,0.0,0.0,0.0,9,0.0009680958464741707,0,-1,basis_J_less_than_K,0,0,1,1,0,1,0,1,512,0.0008857641369104385,0.0030659229960292578
25,10,10,0.1,41,1,0.0011234511621296406,3.7499936297535896e-05,0.0,0.0,0.0,0.0,11,0.0012238728813827038,0,0,all_zero_column,0,0,1,1,0,1,0,1,400,0.0011609510984271765,0.0029560020193457603
25,10,10,0.1,41,2,0.0005911590997129679,0.0,0.0,0.0,0.0,0.0,9,0.0006736649665981531,0,-1,basis_J_less_than_K,0,0,1,1,0,1,0,1,312,0.0005911590997129679,0.0027155629359185696
25,10,10,0.1,41,3,0.0010173479095101357,9.867199696600437e-05,0.0005081698764115572,0.0,0.0,0.0,12,0.0016845809295773506,0,2,two_column_check_failed,0,0,1,1,0,1,0,1,464,0.0016241897828876972,0.003920063842087984
25,10,10,0.1,41,4,0.0005974317900836468,9.881006553769112e-05,0.0002454312052577734,0.0,0.0,0.0,10,0.0009940750896930695,0,2,two_column_check_failed,0,0,1,1,0,1,0,1,288,0.0009416730608791113,0.0033266290556639433
25,10,10,0.1,41,5,0.0024069631472229958,8.67720227688551e-05,0.0006812599021941423,0.0010813919361680746,6.812508217990398e-05,0.15432554599829018,14,0.15865599317476153,1,6,SAT_unsat_identifiable,1,0,1,1,0,0,0,0,640,0.004324512090533972,0.0048203859478235245
25,10,10,0.1,41,6,0.000677627045661211,8.963909931480885e-05,0.0002528850454837084,0.0,0.0,0.0,10,0.0011029872111976147,0,2,two_column_check_failed,0,0,1,1,0,1,0,1,384,0.0010201511904597282,0.0032602481078356504
25,10,10,0.1,41,7,0.00038468092679977417,0.0,0.0,0.0,0.0,0.0,8,0.00048160506412386894,0,-1,basis_J_less_than_K,0,0,1,1,0,1,0,1,192,0.00038468092679977417,0.0024943260941654444
25,10,10,0.1,41,8,0.00020809308625757694,0.0,0.0,0.0,0.0,0.0,8,0.0002690951805561781,0,-1,basis_J_less_than_K,0,0,1,1,0,1,0,1,58,0.00020809308625757694,0.002423894125968218
25,10,10,0.1,41,9,0.0009176498278975487,9.666895493865013e-05,0.0004346200730651617,0.0,0.0,0.0,10,0.0015372831840068102,0,2,two_column_check_failed,0,0,1,1,0,1,0,1,576,0.0014489388559013605,0.005904881050810218
25,10,10,0.1,43,0,0.000747207086533308,0.0001310140360146761,0.00016565504483878613,0.0,0.0,0.0,12,0.001110222889110446,0,2,two_column_check_failed,0,0,1,1,0,1,0,1,162,0.0010438761673867702,0.00317031005397439
25,10,10,0.1,43,1,0.00047806999646127224,3.1825853511691093e-05,0.0,0.0,0.0,0.0,10,0.0005998369306325912,0,0,all_zero_column,0,0,1,1,0,1,0,1,260,0.0005098958499729633,0.002692751120775938
25,10,10,0.1,43,2,0.0008649621158838272,8.178688585758209e-05,0.00015937583521008492,0.0,0.0,0.0,11,0.0011795780155807734,0,2,two_column_check_failed,0,0,1,1,0,1,0,1,288,0.0011061248369514942,0.0029020628426223993
25,10,10,0.1,43,3,0.0005116600077599287,0.0,0.0,0.0,0.0,0.0,9,0.0005906240548938513,0,-1,basis_J_less_than_K,0,0,1,1,0,1,0,1,384,0.0005116600077599287,0.002535412786528468
25,10,10,0.1,43,4,0.0012783389538526535,8.017197251319885e-05,0.0005367959383875132,0.0011986608151346445,6.462587043642998e-05,0.09829847398214042,11,0.1014636920299381,1,6,SAT_unsat_identifiable,1,0,1,1,0,0,0,0,704,0.00315859355032444,0.003961340058594942
25,10,10,0.1,43,5,0.0009781448170542717,7.665413431823254e-05,0.0,0.0,0.0,0.0,11,0.0011300770565867424,0,0,all_zero_column,0,0,1,1,0,1,0,1,312,0.0010547989513725042,0.0029205139726400375
25,10,10,0.1,43,6,0.000545283081009984,7.951795123517513e-05,0.0,0.0,0.0,0.0,10,0.0006930239032953978,0,0,all_zero_column,0,0,1,1,0,1,0,1,336,0.0006248010322451591,0.0030191109981387854
25,10,10,0.1,43,7,0.0005343891680240631,0.0,0.0,0.0,0.0,0.0,9,0.0006162992212921381,0,-1,basis_J_less_than_K,0,0,1,1,0,1,0,1,384,0.0005343891680240631,0.002569897100329399
25,10,10,0.1,43,8,0.0013080190401524305,9.827781468629837e-05,0.0005833881441503763,0.0011953848879784346,6.48139975965023e-05,0.0,10,0.003253401955589652,1,4,identity_submatrix_direct_id,0,0,1,1,0,0,1,0,1024,0.003249883884564042,0.003730101976543665
25,10,10,0.1,43,9,0.0006620869971811771,8.121388964354992e-05,6.434903480112553e-05,0.0,0.0,0.0,11,0.0008882810361683369,0,2,two_column_check_failed,0,0,1,1,0,1,0,1,240,0.0008076499216258526,0.002684796927496791
25,10,10,0.1,44,0,0.0009922098834067583,0.0,0.0,0.0,0.0,0.0,9,0.0011257720179855824,0,-1,basis_J_less_than_K,0,0,1,1,0,1,0,1,512,0.0009922098834067583,0.00412372499704361
25,10,10,0.1,44,1,0.0005614249967038631,5.0930073484778404e-05,0.0,0.0,0.0,0.0,10,0.0006883488968014717,0,0,all_zero_column,0,0,1,1,0,1,0,1,216,0.0006123550701886415,0.0028250208124518394
25,10,10,0.1,44,2,0.0016659048851579428,9.539490565657616e-05,6.863498128950596e-05,0.0,0.0,0.0,15,0.0019315180834382772,0,2,two_column_check_failed,0,0,1,1,0,1,0,1,542,0.0018299347721040249,0.0036850799806416035
25,10,10,0.1,44,3,0.00037402682937681675,0.0,0.0,0.0,0.0,0.0,9,0.0004563620314002037,0,-1,basis_J_less_than_K,0,1,0,1,0,1,0,1,176,0.00037402682937681675,0.0028026888612657785
25,10,10,0.1,44,4,0.0005726609379053116,0.00010186713188886642,9.160302579402924e-05,0.0,0.0,0.0,11,0.0008325600065290928,0,2,two_column_check_failed,0,0,1,1,0,1,0,1,204,0.0007661310955882072,0.002945807995274663
25,10,10,0.1,44,5,0.00024629803374409676,0.0,0.0,0.0,0.0,0.0,8,0.000303854001685977,0,-1,basis_J_less_than_K,0,0,1,1,0,1,0,1,78,0.00024629803374409676,0.002374964067712426
25,10,10,0.1,44,6,0.0003863540478050709,0.0,0.0,0.0,0.0,0.0,9,0.0004584339912980795,0,-1,basis_J_less_than_K,0,0,1,1,0,1,0,1,94,0.0003863540478050709,0.0025225388817489147
25,10,10,0.1,44,7,0.000960230128839612,0.00010571884922683239,6.483704783022404e-05,0.0,0.0,0.0,11,0.0011957020033150911,0,2,two_column_check_failed,0,0,1,1,0,1,0,1,344,0.0011307860258966684,0.0028296459931880236
25,10,10,0.1,44,8,0.0011874600313603878,0.00011305813677608967,0.0002349440474063158,0.0,0.0,0.0,13,0.0016048690304160118,0,2,two_column_check_failed,0,0,1,1,0,1,0,1,351,0.0015354622155427933,0.003405526978895068
25,10,10,0.1,44,9,0.0010413050185889006,0.00010727089829742908,0.00033175013959407806,0.0,0.0,0.0,11,0.0015452869702130556,0,2,two_column_check_failed,0,0,1,1,0,1,0,1,432,0.0014803260564804077,0.003473819000646472
25,10,10,0.1,45,0,0.001492982031777501,0.0001500400248914957,0.00024385214783251286,0.0,0.0,0.0,11,0.0019803158938884735,0,2,two_column_check_failed,0,0,1,1,0,1,0,1,528,0.0018868742045015097,0.003424871014431119
25,10,10,0.1,46,0,0.0005670071113854647,0.0,0.0,0.0,0.0,0.0,9,0.0006401860155165195,0,-1,basis_J_less_than_K,0,0,1,1,0,1,0,1,288,0.0005670071113854647,0.0031921740155667067
25,10,10,0.1,45,1,0.0005684839561581612,3.0738068744540215e-05,0.0,0.0,0.0,0.0,10,0.0006686479318886995,0,0,all_zero_column,0,0,1,1,0,1,0,1,184,0.0005992220249027014,0.002774361986666918
25,10,10,0.1,46,1,0.00039477506652474403,0.0,0.0,0.0,0.0,0.0,9,0.0004661679267883301,0,-1,basis_J_less_than_K,0,1,0,1,0,1,0,1,168,0.00039477506652474403,0.002736633876338601
25,10,10,0.1,45,2,0.000913939205929637,0.00010106805711984634,0.00015192897990345955,0.0,0.0,0.0,12,0.001228231005370617,0,2,two_column_check_failed,0,0,1,1,0,1,0,1,378,0.0011669362429529428,0.0034986829850822687
25,10,10,0.1,46,2,0.000599611084908247,9.884685277938843e-05,0.0,0.0,0.0,0.0,10,0.0007651778869330883,0,0,all_zero_column,0,0,1,1,0,1,0,1,304,0.0006984579376876354,0.0030627299565821886
25,10,10,0.1,45,3,0.0006959009915590286,0.00010036793537437916,0.00031307199969887733,0.0,0.0,0.0,10,0.0011777780018746853,0,2,two_column_check_failed,0,1,0,1,0,1,0,1,480,0.0011093409266322851,0.003536716103553772
25,10,10,0.1,46,3,0.0011603620368987322,9.821890853345394e-05,0.00020087510347366333,0.0,0.0,0.0,12,0.0015526339411735535,0,2,two_column_check_failed,0,0,1,1,0,1,0,1,552,0.0014594560489058495,0.003371824976056814
25,10,10,0.1,45,4,0.0009421010036021471,0.00010127807036042213,4.357099533081055e-05,0.0,0.0,0.0,10,0.0011608689092099667,0,2,two_column_check_failed,0,1,0,1,0,1,0,1,480,0.0010869500692933798,0.0029085008427500725
25,10,10,0.1,46,4,0.001444636844098568,0.00010043894872069359,0.000645345076918602,0.0012630901765078306,0.00010527297854423523,0.09568776492960751,12,0.09925429406575859,1,6,SAT_unsat_identifiable,1,0,1,1,0,0,0,0,564,0.0035587840247899294,0.004292219877243042
25,10,10,0.1,46,5,0.000851969001814723,0.00011896807700395584,0.00023506302386522293,0.0,0.0,0.0,10,0.0012853608932346106,0,2,two_column_check_failed,0,0,1,1,0,1,0,1,344,0.0012060001026839018,0.00322027993388474
25,10,10,0.1,46,6,0.0008332338184118271,0.0001042420044541359,0.00010080612264573574,0.0,0.0,0.0,11,0.001123290043324232,0,2,two_column_check_failed,0,0,1,1,0,1,0,1,352,0.0010382819455116987,0.003020792966708541
25,10,10,0.1,46,7,0.0012612978462129831,6.0339923948049545e-05,0.0,0.0,0.0,0.0,11,0.001396397827193141,0,0,all_zero_column,0,0,1,1,0,1,0,1,480,0.0013216377701610327,0.003024384146556258
25,10,10,0.1,46,8,0.0005763769149780273,0.0,0.0,0.0,0.0,0.0,9,0.0006860899738967419,0,-1,basis_J_less_than_K,0,1,0,1,0,1,0,1,320,0.0005763769149780273,0.002876445883885026
25,10,10,0.1,46,9,0.0020080998074263334,0.00010654982179403305,0.0007020588964223862,0.0,0.0,0.0,12,0.002902213018387556,0,2,two_column_check_failed,0,1,0,1,0,1,0,1,696,0.0028167085256427526,0.0042103310115635395
25,10,10,0.1,45,5,0.0032208350021392107,0.00010100589133799076,0.0007125770207494497,0.0012232849840074778,7.652910426259041e-05,0.184127951040864,13,0.1894686110317707,1,6,SAT_unsat_identifiable,1,1,0,1,0,0,0,0,864,0.005334232002496719,0.004462700104340911
25,10,10,0.1,45,6,0.0012308950535953045,0.00010564015246927738,0.0002852811012417078,0.0,0.0,0.0,12,0.0016902780625969172,0,2,two_column_check_failed,0,0,1,1,0,1,0,1,351,0.0016218163073062897,0.003417514031752944
25,10,10,0.1,45,7,0.0011472278274595737,9.459909051656723e-05,6.046704947948456e-05,0.0,0.0,0.0,11,0.001384953036904335,0,2,two_column_check_failed,0,0,1,1,0,1,0,1,408,0.0013022939674556255,0.0030454550869762897
25,10,10,0.1,45,8,0.000651888083666563,7.496797479689121e-05,0.0,0.0,0.0,0.0,10,0.000805585877969861,0,0,all_zero_column,0,0,1,1,0,1,0,1,336,0.0007268560584634542,0.0029735679272562265
25,10,10,0.1,45,9,0.001056913984939456,1.9829953089356422e-05,0.0,0.0,0.0,0.0,10,0.0011489151511341333,0,0,all_zero_column,0,1,0,1,0,1,0,1,416,0.0010767439380288124,0.002925734966993332
25,10,10,0.1,47,0,0.00041502388194203377,0.0,0.0,0.0,0.0,0.0,9,0.0005236489232629538,0,-1,basis_J_less_than_K,0,0,1,1,0,1,0,1,160,0.00041502388194203377,0.0032130880281329155
25,10,10,0.1,47,1,0.0021384907886385918,0.00011266395449638367,0.0008225520141422749,0.0013167730066925287,9.498791769146919e-05,0.1668920109514147,15,0.17138727521523833,1,6,SAT_unsat_identifiable,1,0,1,1,0,0,0,0,634,0.004485467681661248,0.00489612715318799
25,10,10,0.1,47,2,0.000995212933048606,0.00010851793922483921,0.0004790050443261862,0.0,0.0,0.0,12,0.0016589770093560219,0,2,two_column_check_failed,0,0,1,1,0,1,0,1,440,0.0015827359165996313,0.004052726784721017
25,10,10,0.1,48,0,0.002208372112363577,0.00014008092693984509,0.0007260020356625319,0.0012695288751274347,0.00013978802599012852,0.16166277881711721,13,0.16615655785426497,1,6,SAT_unsat_identifiable,1,0,1,1,0,0,0,0,688,0.004483771976083517,0.004791436949744821
25,10,10,0.1,48,1,0.001077217049896717,9.222188964486122e-05,0.00027326797135174274,0.0,0.0,0.0,10,0.001528439112007618,0,2,two_column_check_failed,0,0,1,1,0,1,0,1,416,0.001442706910893321,0.003279763041064143
25,10,10,0.1,48,2,0.0006024560425430536,0.0,0.0,0.0,0.0,0.0,9,0.0006906241178512573,0,-1,basis_J_less_than_K,0,0,1,1,0,1,0,1,288,0.0006024560425430536,0.0026764480862766504
25,10,10,0.1,48,3,0.0011962330900132656,9.631598368287086e-05,5.133706144988537e-05,0.0,0.0,0.0,13,0.0014081071130931377,0,2,two_column_check_failed,0,0,1,1,0,1,0,1,350,0.0013438861351460218,0.0032230261713266373
25,10,10,0.1,48,4,0.0005370699800550938,0.0,0.0,0.0,0.0,0.0,9,0.000613237963989377,0,-1,basis_J_less_than_K,0,0,1,1,0,1,0,1,256,0.0005370699800550938,0.0028575840406119823
25,10,10,0.1,48,5,0.0006185891106724739,8.496199734508991e-05,0.0,0.0,0.0,0.0,10,0.0007877340540289879,0,0,all_zero_column,0,0,1,1,0,1,0,1,188,0.0007035511080175638,0.0028610120061784983
25,10,10,0.1,48,6,0.0008528251200914383,8.415081538259983e-05,0.0,0.0,0.0,0.0,11,0.0010097769554704428,0,0,all_zero_column,0,0,1,1,0,1,0,1,264,0.0009369759354740381,0.0030446730088442564
25,10,10,0.1,48,7,0.00043068500235676765,0.0,0.0,0.0,0.0,0.0,8,0.0005193788092583418,0,-1,basis_J_less_than_K,0,0,1,1,0,1,0,1,256,0.00043068500235676765,0.002587185939773917
25,10,10,0.1,48,8,0.0007282090373337269,5.319085903465748e-05,0.0,0.0,0.0,0.0,11,0.0008658790029585361,0,0,all_zero_column,0,0,1,1,0,1,0,1,200,0.0007813998963683844,0.0028726381715387106
25,10,10,0.1,47,3,0.001761116785928607,0.00010126898996531963,0.0006558909080922604,0.0013063889928162098,8.886191062629223e-05,0.12849973607808352,11,0.13242710195481777,1,6,SAT_unsat_identifiable,1,0,1,1,0,0,0,0,832,0.003913527587428689,0.004874360049143434
25,10,10,0.1,47,4,0.0007656160742044449,4.9659982323646545e-05,0.0,0.0,0.0,0.0,11,0.0008938198443502188,0,0,all_zero_column,0,1,0,1,0,1,0,1,320,0.0008152760565280914,0.0032328360248357058
25,10,10,0.1,47,5,0.0009207539260387421,0.00010029901750385761,0.0003178680781275034,0.0,0.0,0.0,12,0.0014286870136857033,0,2,two_column_check_failed,0,0,1,1,0,1,0,1,338,0.001338921021670103,0.003655269043520093
25,10,10,0.1,47,6,0.0005864650011062622,6.236997433006763e-05,0.0,0.0,0.0,0.0,10,0.0007342218887060881,0,0,all_zero_column,0,0,1,1,0,1,0,1,240,0.0006488349754363298,0.0030599881429225206
25,10,10,0.1,47,7,0.0014368759002536535,0.00010364502668380737,0.00025523616932332516,0.0,0.0,0.0,11,0.0018591911066323519,0,2,two_column_check_failed,0,0,1,1,0,1,0,1,480,0.001795757096260786,0.0035391459241509438
25,10,10,0.1,47,8,0.00087908492423594,0.0001002708449959755,0.0002796959597617388,0.0,0.0,0.0,10,0.0013417638838291168,0,2,two_column_check_failed,0,0,1,1,0,1,0,1,416,0.0012590517289936543,0.0033221750054508448
25,10,10,0.1,47,9,0.001474273856729269,7.267110049724579e-05,0.0,0.0,0.0,0.0,13,0.0016288610640913248,0,0,all_zero_column,0,0,1,1,0,1,0,1,436,0.0015469449572265148,0.003486693138256669
25,10,10,0.1,48,9,0.0024142549373209476,8.833990432322025e-05,0.0007039040792733431,0.0011112010106444359,9.647011756896973e-05,0.13238375796936452,15,0.13681294885464013,1,6,SAT_unsat_identifiable,1,0,1,1,0,0,0,0,628,0.004414170049130917,0.005137410946190357
25,10,10,0.1,49,0,0.00046349712647497654,0.0,0.0,0.0,0.0,0.0,9,0.0005506498273462057,0,-1,basis_J_less_than_K,0,0,1,1,0,1,0,1,168,0.00046349712647497654,0.0032153239008039236
25,10,10,0.1,49,1,0.0009266301058232784,9.399699047207832e-05,0.00026144296862185,0.0,0.0,0.0,10,0.0013704888988286257,0,2,two_column_check_failed,0,0,1,1,0,1,0,1,368,0.0012820700649172068,0.00325898383744061
25,10,10,0.1,49,2,0.0008955001831054688,4.228483885526657e-05,0.0,0.0,0.0,0.0,11,0.0010148538276553154,0,0,all_zero_column,0,1,0,1,0,1,0,1,304,0.0009377850219607353,0.003035290166735649
25,10,10,0.1,49,3,0.0008042990230023861,5.102204158902168e-05,0.0,0.0,0.0,0.0,10,0.0009333030320703983,0,0,all_zero_column,0,0,1,1,0,1,0,1,280,0.0008553210645914078,0.002897910075262189
25,10,10,0.1,49,4,0.0009130178950726986,0.00011022202670574188,6.793881766498089e-05,0.0,0.0,0.0,12,0.0011597848497331142,0,2,two_column_check_failed,0,1,0,1,0,1,0,1,410,0.0010911787394434214,0.003218478988856077
25,10,10,0.1,49,5,0.00029057590290904045,0.0,0.0,0.0,0.0,0.0,8,0.00037136604078114033,0,-1,basis_J_less_than_K,0,0,1,1,0,1,0,1,144,0.00029057590290904045,0.002538142027333379
25,10,10,0.1,49,6,0.001215689117088914,9.977491572499275e-05,0.0005690460093319416,0.0,0.0,0.0,10,0.0019632529001682997,0,2,two_column_check_failed,0,0,1,1,0,1,0,1,768,0.0018845100421458483,0.003910205094143748
25,10,10,0.1,49,7,0.00033536506816744804,0.0,0.0,0.0,0.0,0.0,9,0.00041921110823750496,0,-1,basis_J_less_than_K,0,0,1,1,0,1,0,1,94,0.00033536506816744804,0.0025669250171631575
25,10,10,0.1,49,8,0.00026556896045804024,0.0,0.0,0.0,0.0,0.0,8,0.0003282588440924883,0,-1,basis_J_less_than_K,0,0,1,1,0,1,0,1,120,0.00026556896045804024,0.0024850619956851006
25,10,10,0.1,49,9,0.0005286519881337881,7.874402217566967e-05,0.0,0.0,0.0,0.0,10,0.0006899400614202023,0,0,all_zero_column,0,1,0,1,0,1,0,1,256,0.0006073960103094578,0.00294038699939847
25,10,10,0.1,50,0,0.0016559520736336708,0.00014204811304807663,0.0004297930281609297,0.0,0.0,0.0,12,0.002316283993422985,0,2,two_column_check_failed,0,0,1,1,0,1,0,1,540,0.002227793214842677,0.003838442964479327
25,10,10,0.1,50,1,0.00026193191297352314,0.0,0.0,0.0,0.0,0.0,8,0.0003321808762848377,0,-1,basis_J_less_than_K,0,0,1,1,0,1,0,1,144,0.00026193191297352314,0.002630349015817046
25,10,10,0.1,50,2,0.0013530049473047256,0.0001003071665763855,0.0003109700046479702,0.0,0.0,0.0,12,0.0018395748920738697,0,2,two_column_check_failed,0,0,1,1,0,1,0,1,448,0.0017642821185290813,0.003468124894425273
25,10,10,0.1,50,3,0.0007843510247766972,3.829784691333771e-05,0.0,0.0,0.0,0.0,11,0.0008948759641498327,0,0,all_zero_column,0,1,0,1,0,1,0,1,304,0.0008226488716900349,0.002957868156954646
25,10,10,0.1,50,4,0.00028160191141068935,0.0,0.0,0.0,0.0,0.0,8,0.0003612188156694174,0,-1,basis_J_less_than_K,0,0,1,1,0,1,0,1,96,0.00028160191141068935,0.002487093908712268
25,10,10,0.1,50,5,0.0016135729383677244,9.809108451008797e-05,0.00045932899229228497,0.0,0.0,0.0,14,0.002251208061352372,0,2,two_column_check_failed,0,1,0,1,0,1,0,1,425,0.0021709930151700974,0.003834308823570609
25,10,10,0.1,50,6,0.0018397790845483541,8.979206904768944e-05,0.0002290438860654831,0.0,0.0,0.0,15,0.0022314400412142277,0,2,two_column_check_failed,0,0,1,1,0,1,0,1,418,0.0021586150396615267,0.0035506081767380238
25,10,10,0.1,50,7,0.0008020980749279261,9.684194810688496e-05,7.542711682617664e-05,0.0,0.0,0.0,10,0.0010337079875171185,0,2,two_column_check_failed,0,1,0,1,0,1,0,1,336,0.0009743671398609877,0.002689467975869775
25,10,10,0.1,50,8,0.0008056319784373045,6.967899389564991e-05,0.0,0.0,0.0,0.0,11,0.0009573891293257475,0,0,all_zero_column,0,0,1,1,0,1,0,1,246,0.0008753109723329544,0.00297926994971931
25,10,10,0.1,50,9,0.0004948829300701618,7.794005796313286e-05,0.0,0.0,0.0,0.0,10,0.000640552956610918,0,0,all_zero_column,0,0,1,1,0,1,0,1,180,0.0005728229880332947,0.0027968029025942087
25,10,10,0.1,51,0,0.000300015090033412,0.0,0.0,0.0,0.0,0.0,8,0.00038267718628048897,0,-1,basis_J_less_than_K,0,0,1,1,0,1,0,1,120,0.000300015090033412,0.002867539878934622
25,10,10,0.1,51,1,0.0003094219136983156,0.0,0.0,0.0,0.0,0.0,9,0.00037737004458904266,0,-1,basis_J_less_than_K,0,0,1,1,0,1,0,1,96,0.0003094219136983156,0.0028410330414772034
25,10,10,0.1,51,2,0.0006858240813016891,2.653012052178383e-05,0.0,0.0,0.0,0.0,10,0.0007853300776332617,0,0,all_zero_column,0,0,1,1,0,1,0,1,240,0.000712354201823473,0.002901298925280571
25,10,10,0.1,51,3,0.001428533112630248,0.00010234490036964417,0.0004124739207327366,0.0,0.0,0.0,12,0.0020286599174141884,0,2,two_column_check_failed,0,1,0,1,0,1,0,1,736,0.0019433519337326288,0.003796669887378812
25,10,10,0.1,51,4,0.0007903219666332006,0.0001016280148178339,0.00017938995733857155,0.0,0.0,0.0,11,0.0011433199979364872,0,2,two_column_check_failed,0,0,1,1,0,1,0,1,384,0.001071339938789606,0.0032283589243888855
25,10,10,0.1,51,5,0.0007676868699491024,0.0,0.0,0.0,0.0,0.0,9,0.0008618601132184267,0,-1,basis_J_less_than_K,0,0,1,1,0,1,0,1,512,0.0007676868699491024,0.0027642049826681614
25,10,10,0.1,51,6,0.0008914819918572903,9.987689554691315e-05,0.0003602390643209219,0.0,0.0,0.0,11,0.0014190031215548515,0,2,two_column_check_failed,0,1,0,1,0,1,0,1,480,0.0013515979517251253,0.0034496248699724674
25,10,10,0.1,51,7,0.002298427978530526,0.00010303896851837635,0.0007249151822179556,0.001206431072205305,9.535299614071846e-05,0.16988217295147479,13,0.17431805399246514,1,6,SAT_unsat_identifiable,1,1,0,1,0,0,0,0,776,0.004428166197612882,0.007995750987902284
25,10,10,0.1,51,8,0.002532246056944132,0.00017551099881529808,0.0007578078657388687,0.0,0.0,0.0,13,0.0036012809723615646,0,2,two_column_check_failed,0,0,1,1,0,1,0,1,744,0.0034655649214982986,0.004655641037970781
25,10,10,0.1,51,9,0.0012151480186730623,0.00010560499504208565,0.0,0.0,0.0,0.0,10,0.0014035699423402548,0,0,all_zero_column,0,0,1,1,0,1,0,1,448,0.001320753013715148,0.0033284949604421854
25,10,10,0.1,53,0,0.0004262118600308895,0.0,0.0,0.0,0.0,0.0,8,0.0004982070531696081,0,-1,basis_J_less_than_K,0,0,1,1,0,1,0,1,192,0.0004262118600308895,0.0027892838697880507
25,10,10,0.1,53,1,0.0010703129228204489,9.221397340297699e-05,7.855799049139023e-05,0.0,0.0,0.0,12,0.0013018939644098282,0,2,two_column_check_failed,0,0,1,1,0,1,0,1,414,0.001241084886714816,0.003229588968679309
25,10,10,0.1,53,2,0.0001701789442449808,0.0,0.0,0.0,0.0,0.0,7,0.00023443112149834633,0,-1,basis_J_less_than_K,0,0,1,1,0,1,0,1,56,0.0001701789442449808,0.002274886006489396
25,10,10,0.1,53,3,0.0007951958104968071,9.927293285727501e-05,0.0001780118327587843,0.0,0.0,0.0,11,0.0011391588486731052,0,2,two_column_check_failed,0,0,1,1,0,1,0,1,396,0.0010724805761128664,0.0032488550059497356
25,10,10,0.1,53,4,0.0007373860571533442,0.0,0.0,0.0,0.0,0.0,9,0.0008165088947862387,0,-1,basis_J_less_than_K,0,0,1,1,0,1,0,1,384,0.0007373860571533442,0.0027875020168721676
25,10,10,0.1,53,5,0.001257890136912465,2.8830021619796753e-05,0.0,0.0,0.0,0.0,11,0.001365073025226593,0,0,all_zero_column,0,0,1,1,0,1,0,1,336,0.0012867201585322618,0.002787355100736022
25,10,10,0.1,53,6,0.0009012760128825903,9.888294152915478e-05,0.00027473107911646366,0.0,0.0,0.0,10,0.0013391550164669752,0,2,two_column_check_failed,0,0,1,1,0,1,0,1,352,0.0012748900335282087,0.0032171481288969517
25,10,10,0.1,53,7,0.0005792758893221617,0.0,0.0,0.0,0.0,0.0,9,0.0006666290573775768,0,-1,basis_J_less_than_K,0,0,1,1,0,1,0,1,216,0.0005792758893221617,0.0026319820899516344
25,10,10,0.1,53,8,0.000708951149135828,3.7152087315917015e-05,0.0,0.0,0.0,0.0,10,0.0008338659536093473,0,0,all_zero_column,0,0,1,1,0,1,0,1,264,0.000746103236451745,0.002983778016641736
25,10,10,0.1,53,9,0.0008248500525951385,8.492497727274895e-05,0.0,0.0,0.0,0.0,11,0.000976368086412549,0,0,all_zero_column,0,0,1,1,0,1,0,1,368,0.0009097750298678875,0.003074060892686248
25,10,10,0.1,52,0,0.0012804712168872356,5.494500510394573e-05,0.0,0.0,0.0,0.0,11,0.0014223640318959951,0,0,all_zero_column,0,1,0,1,0,1,0,1,464,0.0013354162219911814,0.0033915089443325996
25,10,10,0.1,52,1,0.0003142941277474165,0.0,0.0,0.0,0.0,0.0,8,0.0003889198414981365,0,-1,basis_J_less_than_K,0,1,0,1,0,1,0,1,120,0.0003142941277474165,0.002449988154694438
25,10,10,0.1,52,2,0.0010608378797769547,0.000101535115391016,0.00018256902694702148,0.0,0.0,0.0,12,0.0014116910751909018,0,2,two_column_check_failed,0,0,1,1,0,1,0,1,376,0.0013449420221149921,0.0031884608324617147
25,10,10,0.1,52,3,0.0012307199649512768,0.0001035928726196289,0.0005531120114028454,0.0,0.0,0.0,13,0.0019698399119079113,0,2,two_column_check_failed,0,0,1,1,0,1,0,1,435,0.001887424848973751,0.003967928001657128
25,10,10,0.1,52,4,0.0012767170555889606,9.909318760037422e-05,0.0003983790520578623,0.0,0.0,0.0,13,0.001849121181294322,0,2,two_column_check_failed,0,1,0,1,0,1,0,1,363,0.0017741892952471972,0.0036194990389049053
25,10,10,0.1,52,5,0.00056664296425879,0.0,0.0,0.0,0.0,0.0,9,0.0006435632240027189,0,-1,basis_J_less_than_K,0,1,0,1,0,1,0,1,288,0.00056664296425879,0.002848900854587555
25,10,10,0.1,52,6,0.0016897879540920258,9.931996464729309e-05,0.0001924140378832817,0.0,0.0,0.0,12,0.002066110959276557,0,2,two_column_check_failed,0,0,1,1,0,1,0,1,456,0.0019815219566226006,0.0031710369512438774
25,10,10,0.1,52,7,0.0007006318774074316,2.966797910630703e-05,0.0,0.0,0.0,0.0,12,0.0008010698948055506,0,0,all_zero_column,0,0,1,1,0,1,0,1,163,0.0007302998565137386,0.0028935549780726433
25,10,10,0.1,52,8,0.0002611610107123852,0.0,0.0,0.0,0.0,0.0,8,0.0003290879540145397,0,-1,basis_J_less_than_K,0,1,0,1,0,1,0,1,128,0.0002611610107123852,0.002502141986042261
25,10,10,0.1,52,9,0.0004744059406220913,6.188894622027874e-05,0.0,0.0,0.0,0.0,10,0.0006121611222624779,0,0,all_zero_column,0,0,1,1,0,1,0,1,216,0.00053629488684237,0.0029663110617548227
25,10,10,0.1,54,0,0.00037162983790040016,0.0,0.0,0.0,0.0,0.0,8,0.0004433610010892153,0,-1,basis_J_less_than_K,0,0,1,1,0,1,0,1,144,0.00037162983790040016,0.002962768077850342
25,10,10,0.1,54,1,0.0007756240665912628,0.00010311207734048367,8.98528378456831e-05,0.0,0.0,0.0,11,0.0010430850088596344,0,2,two_column_check_failed,0,0,1,1,0,1,0,1,360,0.0009685889817774296,0.0030616510193794966
25,10,10,0.1,54,2,0.001071276143193245,0.00010602199472486973,0.0003888891078531742,0.0,0.0,0.0,10,0.0016558319330215454,0,2,two_column_check_failed,0,0,1,1,0,1,0,1,576,0.0015661872457712889,0.003982739057391882
25,10,10,0.1,54,3,0.00030554598197340965,0.0,0.0,0.0,0.0,0.0,8,0.0003871731460094452,0,-1,basis_J_less_than_K,0,1,0,1,0,1,0,1,100,0.00030554598197340965,0.002526866039261222
25,10,10,0.1,54,4,0.0010476990137249231,9.940005838871002e-05,0.00030899886041879654,0.0,0.0,0.0,11,0.0015639029443264008,0,2,two_column_check_failed,0,0,1,1,0,1,0,1,440,0.0014560979325324297,0.0034059651661664248
25,10,10,0.1,54,5,0.0002690718974918127,0.0,0.0,0.0,0.0,0.0,8,0.00034106895327568054,0,-1,basis_J_less_than_K,0,0,1,1,0,1,0,1,78,0.0002690718974918127,0.0024307959247380495
25,10,10,0.1,54,6,0.0016008659731596708,9.189802221953869e-05,0.0006204871460795403,0.001128125935792923,8.056685328483582e-05,0.11598768504336476,13,0.1195167659316212,1,6,SAT_unsat_identifiable,1,0,1,1,0,0,0,0,660,0.0035219439305365086,0.004315250786021352
25,10,10,0.1,54,7,0.0007728640921413898,6.084004417061806e-05,0.0,0.0,0.0,0.0,10,0.000926534878090024,0,0,all_zero_column,0,0,1,1,0,1,0,1,448,0.0008337041363120079,0.0031296107918024063
25,10,10,0.1,54,8,0.001572588924318552,0.00010994309559464455,0.0005288668908178806,0.0,0.0,0.0,11,0.0022982689552009106,0,2,two_column_check_failed,0,0,1,1,0,1,0,1,672,0.002211398910731077,0.004051421070471406
25,10,10,0.1,54,9,0.001926596974954009,9.188405238091946e-05,0.0004326310008764267,0.0,0.0,0.0,13,0.0025051459670066833,0,2,two_column_check_failed,0,0,1,1,0,1,0,1,540,0.002451112028211355,0.003928001970052719
25,10,10,0.1,56,0,0.0006583230569958687,0.00013578985817730427,0.00030337506905198097,0.0,0.0,0.0,10,0.0011749749537557364,0,2,two_column_check_failed,0,1,0,1,0,1,0,1,276,0.001097487984225154,0.0036143299657851458
25,10,10,0.1,56,1,0.0008567420300096273,3.735092468559742e-05,0.0,0.0,0.0,0.0,10,0.0009612031280994415,0,0,all_zero_column,0,0,1,1,0,1,0,1,352,0.0008940929546952248,0.0028864629566669464
25,10,10,0.1,56,2,0.000758433947339654,9.563704952597618e-05,0.00011192006058990955,0.0,0.0,0.0,11,0.0010367399081587791,0,2,two_column_check_failed,0,0,1,1,0,1,0,1,248,0.0009659910574555397,0.0029289519879966974
25,10,10,0.1,56,3,0.0017429068684577942,9.187916293740273e-05,0.0005091479979455471,0.0,0.0,0.0,13,0.002416410017758608,0,2,two_column_check_failed,0,0,1,1,0,1,0,1,420,0.002343934029340744,0.0036997220013290644
25,10,10,0.1,56,4,0.00036297389306128025,0.0,0.0,0.0,0.0,0.0,9,0.00043806503526866436,0,-1,basis_J_less_than_K,0,0,1,1,0,1,0,1,180,0.00036297389306128025,0.002899209037423134
25,10,10,0.1,56,5,0.0014699080493301153,9.286217391490936e-05,0.00045677111484110355,0.0,0.0,0.0,13,0.002093438059091568,0,2,two_column_check_failed,0,0,1,1,0,1,0,1,442,0.0020195413380861282,0.0037482529878616333
25,10,10,0.1,56,6,0.0016543020028620958,9.423191659152508e-05,0.0007221449632197618,0.0,0.0,0.0,13,0.0025604909751564264,0,2,two_column_check_failed,0,1,0,1,0,1,0,1,752,0.0024706788826733828,0.004234197083860636
25,10,10,0.1,56,7,0.001382146030664444,9.389594197273254e-05,0.0002135271206498146,0.0,0.0,0.0,14,0.001758218975737691,0,2,two_column_check_failed,0,0,1,1,0,1,0,1,304,0.0016895690932869911,0.0034754290245473385
25,10,10,0.1,56,8,0.00039645005017518997,8.991500362753868e-05,0.0,0.0,0.0,0.0,10,0.0005484388675540686,0,0,all_zero_column,0,0,1,1,0,1,0,1,114,0.00048636505380272865,0.002838974818587303
25,10,10,0.1,56,9,0.0006596259772777557,9.911810047924519e-05,6.102793850004673e-05,0.0,0.0,0.0,10,0.0008879208471626043,0,2,two_column_check_failed,0,1,0,1,0,1,0,1,280,0.0008197720162570477,0.0028656949289143085
25,10,10,0.1,55,0,0.0006560268811881542,0.0,0.0,0.0,0.0,0.0,9,0.0007415870204567909,0,-1,basis_J_less_than_K,0,0,1,1,0,1,0,1,288,0.0006560268811881542,0.003066091099753976
25,10,10,0.1,55,1,0.0006620190106332302,4.1221966966986656e-05,0.0,0.0,0.0,0.0,10,0.0007935150060802698,0,0,all_zero_column,0,1,0,1,0,1,0,1,336,0.0007032409776002169,0.002839545952156186
25,10,10,0.1,55,2,0.0005304750520735979,9.499117732048035e-05,6.332993507385254e-05,0.0,0.0,0.0,10,0.0007599529344588518,0,2,two_column_check_failed,0,0,1,1,0,1,0,1,208,0.0006887961644679308,0.0028645109850913286
25,10,10,0.1,55,3,0.00040776305831968784,0.0,0.0,0.0,0.0,0.0,9,0.0004692608490586281,0,-1,basis_J_less_than_K,0,0,1,1,0,1,0,1,128,0.00040776305831968784,0.0025300949346274137
25,10,10,0.1,55,4,0.000896102050319314,9.449501521885395e-05,9.07648354768753e-05,0.0,0.0,0.0,12,0.0011376128531992435,0,2,two_column_check_failed,0,0,1,1,0,1,0,1,230,0.0010813619010150433,0.002934796968474984
25,10,10,0.1,55,5,0.0010640479158610106,9.648595005273819e-05,0.0003979939501732588,0.0,0.0,0.0,10,0.0016252209898084402,0,2,two_column_check_failed,0,0,1,1,0,1,0,1,640,0.0015585278160870075,0.0036316360346972942
25,10,10,0.1,55,6,0.0011708459351211786,7.606600411236286e-05,0.0,0.0,0.0,0.0,11,0.0013274089433252811,0,0,all_zero_column,0,0,1,1,0,1,0,1,456,0.0012469119392335415,0.002974478993564844
25,10,10,0.1,55,7,0.0007267058826982975,9.65020153671503e-05,0.00021796091459691525,0.0,0.0,0.0,12,0.00110713392496109,0,2,two_column_check_failed,0,0,1,1,0,1,0,1,372,0.001041168812662363,0.003452382981777191
25,10,10,0.1,55,8,0.0010720749851316214,9.564007632434368e-05,8.924305438995361e-05,0.0,0.0,0.0,10,0.001319587929174304,0,2,two_column_check_failed,0,0,1,1,0,1,0,1,576,0.0012569581158459187,0.0028578941710293293
25,10,10,0.1,55,9,0.0010229081381112337,9.555695578455925e-05,0.00020409515127539635,0.0,0.0,0.0,13,0.0013819490559399128,0,2,two_column_check_failed,0,0,1,1,0,1,0,1,335,0.0013225602451711893,0.003394880099222064
25,10,10,0.1,57,0,0.0005596338305622339,0.0,0.0,0.0,0.0,0.0,9,0.0006425559986382723,0,-1,basis_J_less_than_K,0,0,1,1,0,1,0,1,240,0.0005596338305622339,0.003060618182644248
25,10,10,0.1,57,1,0.0008434508927166462,0.0001006110105663538,6.98799267411232e-05,0.0,0.0,0.0,13,0.0011115679517388344,0,2,two_column_check_failed,0,0,1,1,0,1,0,1,332,0.0010139418300241232,0.0033026610035449266
25,10,10,0.1,57,2,0.00046775699593126774,0.0,0.0,0.0,0.0,0.0,9,0.0005643961485475302,0,-1,basis_J_less_than_K,0,1,0,1,0,1,0,1,150,0.00046775699593126774,0.0026086089201271534
25,10,10,0.1,57,3,0.0006848261691629887,3.511318936944008e-05,0.0,0.0,0.0,0.0,10,0.0007956710178405046,0,0,all_zero_column,0,1,0,1,0,1,0,1,252,0.0007199393585324287,0.002863482804968953
25,10,10,0.1,57,4,0.001158632105216384,0.00010211020708084106,0.00017606094479560852,0.0,0.0,0.0,12,0.001523531973361969,0,2,two_column_check_failed,0,0,1,1,0,1,0,1,290,0.0014368032570928335,0.003102638991549611
25,10,10,0.1,57,5,0.0005761650390923023,0.0,0.0,0.0,0.0,0.0,9,0.0006898539140820503,0,-1,basis_J_less_than_K,0,1,0,1,0,1,0,1,176,0.0005761650390923023,0.002637580968439579
25,10,10,0.1,57,6,0.0003271978348493576,0.0,0.0,0.0,0.0,0.0,8,0.00041078985668718815,0,-1,basis_J_less_than_K,0,0,1,1,0,1,0,1,160,0.0003271978348493576,0.0025433029513806105
25,10,10,0.1,57,7,0.0021021629218012094,9.234994649887085e-05,0.0007155709899961948,0.0013344071339815855,9.509804658591747e-05,0.11133386800065637,15,0.11568052298389375,1,6,SAT_unsat_identifiable,1,1,0,1,0,0,0,0,524,0.004339589038863778,0.004697137977927923
25,10,10,0.1,57,8,0.0016438851598650217,0.00010979711078107357,0.0007262250874191523,0.0013031989801675081,0.00010278495028614998,0.18274737405590713,13,0.18664472689852118,1,6,SAT_unsat_identifiable,1,0,1,1,0,0,0,0,720,0.0038858912885189056,0.0047628870233893394
25,10,10,0.1,57,9,0.0004696780815720558,0.0,0.0,0.0,0.0,0.0,9,0.000545009970664978,0,-1,basis_J_less_than_K,0,0,1,1,0,1,0,1,196,0.0004696780815720558,0.0030037600081413984
25,10,10,0.1,58,0,0.0006976008880883455,0.0001464150846004486,0.0003952840343117714,0.0,0.0,0.0,10,0.0013079268392175436,0,2,two_column_check_failed,0,1,0,1,0,1,0,1,352,0.0012393000070005655,0.0037709830794483423
25,10,10,0.1,58,1,0.0010439539328217506,6.029685027897358e-05,0.0,0.0,0.0,0.0,13,0.0011847440619021654,0,0,all_zero_column,0,0,1,1,0,1,0,1,314,0.0011042507831007242,0.003298049094155431
25,10,10,0.1,58,2,0.0011304279323667288,0.00010923878289759159,0.00011340691708028316,0.0,0.0,0.0,11,0.0014246678911149502,0,2,two_column_check_failed,0,0,1,1,0,1,0,1,384,0.0013530736323446035,0.002926493063569069
25,10,10,0.1,58,3,0.0026045681443065405,9.96969174593687e-05,0.0006940930616110563,0.0012749661691486835,9.926385246217251e-05,0.11780484206974506,14,0.12258504703640938,1,6,SAT_unsat_identifiable,1,0,1,1,0,0,0,0,620,0.004772588144987822,0.004515040200203657
25,10,10,0.1,58,4,0.0017372069414705038,0.00010978407226502895,0.0006945070344954729,0.0012561259791254997,0.00010042311623692513,0.1436681179329753,12,0.14758251910097897,1,6,SAT_unsat_identifiable,1,0,1,1,0,0,0,0,640,0.0038980471435934305,0.004791053012013435
25,10,10,0.1,58,5,0.0019525277893990278,0.00010647694580256939,0.0001236198004335165,0.0,0.0,0.0,13,0.002279425971210003,0,2,two_column_check_failed,0,0,1,1,0,1,0,1,454,0.0021826245356351137,0.0033528339117765427
25,10,10,0.1,58,6,0.0013748900964856148,0.00011553894728422165,0.00020549888722598553,0.0,0.0,0.0,10,0.0017818990163505077,0,2,two_column_check_failed,0,0,1,1,0,1,0,1,768,0.001695927930995822,0.003188531845808029
25,10,10,0.1,58,7,0.0009031079243868589,7.0223119109869e-05,0.0,0.0,0.0,0.0,11,0.001051406841725111,0,0,all_zero_column,0,0,1,1,0,1,0,1,188,0.0009733310434967279,0.0028936269227415323
25,10,10,0.1,58,8,0.0006797579117119312,5.7938043028116226e-05,0.0,0.0,0.0,0.0,11,0.0008032012265175581,0,0,all_zero_column,0,0,1,1,0,1,0,1,210,0.0007376959547400475,0.0028428719379007816
25,10,10,0.1,58,9,0.000587408896535635,0.0001020519994199276,0.00017292308621108532,0.0,0.0,0.0,10,0.0009360550902783871,0,2,two_column_check_failed,0,0,1,1,0,1,0,1,244,0.0008623839821666479,0.0030627369415014982
25,10,10,0.1,59,0,0.0009476630948483944,0.00014733406715095043,0.00019062194041907787,0.0,0.0,0.0,10,0.001374248880892992,0,2,two_column_check_failed,0,1,0,1,0,1,0,1,352,0.0012856191024184227,0.0035171168856322765
25,10,10,0.1,59,1,0.0007281149737536907,0.00010583107359707355,0.0003193379379808903,0.0,0.0,0.0,11,0.0012268649879842997,0,2,two_column_check_failed,0,0,1,1,0,1,0,1,336,0.0011532839853316545,0.0035727499052882195
25,10,10,0.1,59,2,0.0007571200840175152,8.609495125710964e-05,0.0,0.0,0.0,0.0,11,0.0009130979888141155,0,0,all_zero_column,0,0,1,1,0,1,0,1,264,0.0008432150352746248,0.0031270061153918505
25,10,10,0.1,59,3,0.0010567749850451946,0.0001052231527864933,4.8898160457611084e-05,0.0,0.0,0.0,11,0.0012789599131792784,0,2,two_column_check_failed,0,1,0,1,0,1,0,1,360,0.001210896298289299,0.0029889128636568785
25,10,10,0.1,59,4,0.0007523179519921541,4.359590820968151e-05,0.0,0.0,0.0,0.0,10,0.0008756539318710566,0,0,all_zero_column,0,1,0,1,0,1,0,1,272,0.0007959138602018356,0.0029683851171284914
25,10,10,0.1,59,5,0.0011484858114272356,0.00010125106200575829,0.00013286108151078224,0.0,0.0,0.0,11,0.0014511810149997473,0,2,two_column_check_failed,0,0,1,1,0,1,0,1,384,0.0013825979549437761,0.0030413682106882334
25,10,10,0.1,59,6,0.0006246718112379313,0.0,0.0,0.0,0.0,0.0,9,0.0007116249762475491,0,-1,basis_J_less_than_K,0,0,1,1,0,1,0,1,384,0.0006246718112379313,0.0029081120155751705
25,10,10,0.1,59,7,0.001798967132344842,7.706787437200546e-05,0.0,0.0,0.0,0.0,14,0.0019481801427900791,0,0,all_zero_column,0,1,0,1,0,1,0,1,472,0.0018760350067168474,0.0035767550580203533
25,10,10,0.1,59,8,0.0015724939294159412,0.0001046271063387394,0.0005889309104532003,0.0,0.0,0.0,12,0.0023464260157197714,0,2,two_column_check_failed,0,0,1,1,0,1,0,1,592,0.002266051946207881,0.004109729081392288
25,10,10,0.1,59,9,0.001164840068668127,7.503107190132141e-05,0.0,0.0,0.0,0.0,12,0.0013112130109220743,0,0,all_zero_column,0,0,1,1,0,1,0,1,294,0.0012398711405694485,0.003076581982895732
25,10,10,0.1,60,0,0.0005085689481347799,0.0,0.0,0.0,0.0,0.0,9,0.0006000190041959286,0,-1,basis_J_less_than_K,0,0,1,1,0,1,0,1,208,0.0005085689481347799,0.00297043495811522
25,10,10,0.1,60,1,0.0005207948852330446,5.635712295770645e-05,0.0,0.0,0.0,0.0,11,0.000648953951895237,0,0,all_zero_column,0,0,1,1,0,1,0,1,206,0.0005771520081907511,0.0028974590823054314
25,10,10,0.1,60,2,0.00047721806913614273,0.0,0.0,0.0,0.0,0.0,9,0.0005551232025027275,0,-1,basis_J_less_than_K,0,0,1,1,0,1,0,1,204,0.00047721806913614273,0.002554893959313631
25,10,10,0.1,60,3,0.00045432779006659985,0.0,0.0,0.0,0.0,0.0,9,0.000520352041348815,0,-1,basis_J_less_than_K,0,1,0,1,0,1,0,1,140,0.00045432779006659985,0.0025033908896148205
25,10,10,0.1,60,4,0.0010253670625388622,0.00010565505363047123,8.429796434938908e-05,0.0,0.0,0.0,11,0.0012800830882042646,0,2,two_column_check_failed,0,1,0,1,0,1,0,1,344,0.0012153200805187225,0.0029510660097002983
25,10,10,0.1,60,5,0.0007749940268695354,3.746594302356243e-05,0.0,0.0,0.0,0.0,12,0.00088481605052948,0,0,all_zero_column,0,0,1,1,0,1,0,1,256,0.0008124599698930979,0.0030664601363241673
25,10,10,0.1,60,6,0.0013711489737033844,0.00010093487799167633,0.00030030799098312855,0.0,0.0,0.0,12,0.0018448480404913425,0,2,two_column_check_failed,0,0,1,1,0,1,0,1,536,0.0017723918426781893,0.003476560115814209
25,10,10,0.1,60,7,0.0008909949101507664,9.61890909820795e-05,0.00026954710483551025,0.0,0.0,0.0,11,0.0013344199396669865,0,2,two_column_check_failed,0,0,1,1,0,1,0,1,368,0.0012567311059683561,0.0032944809645414352
25,10,10,0.1,60,8,0.001595483161509037,0.00010036001913249493,0.00012129591777920723,0.0,0.0,0.0,11,0.0019007581286132336,0,2,two_column_check_failed,0,0,1,1,0,1,0,1,528,0.0018171390984207392,0.002832939848303795
25,10,10,0.1,60,9,0.0007803011685609818,9.396602399647236e-05,0.0,0.0,0.0,0.0,11,0.0009494719561189413,0,0,all_zero_column,0,0,1,1,0,1,0,1,416,0.0008742671925574541,0.0033187181688845158
25,10,10,0.1,61,0,0.0008060820400714874,0.00010403408668935299,0.0,0.0,0.0,0.0,10,0.0010001200716942549,0,0,all_zero_column,0,0,1,1,0,1,0,1,336,0.0009101161267608404,0.0031568470876663923
25,10,10,0.1,61,1,0.000374065013602376,0.0,0.0,0.0,0.0,0.0,8,0.000444857869297266,0,-1,basis_J_less_than_K,0,0,1,1,0,1,0,1,256,0.000374065013602376,0.002579977037385106
25,10,10,0.1,61,2,0.0006198929622769356,0.0,0.0,0.0,0.0,0.0,9,0.0006972139235585928,0,-1,basis_J_less_than_K,0,0,1,1,0,1,0,1,320,0.0006198929622769356,0.002663116902112961
25,10,10,0.1,61,3,0.0004778238944709301,0.0,0.0,0.0,0.0,0.0,9,0.000548217911273241,0,-1,basis_J_less_than_K,0,0,1,1,0,1,0,1,224,0.0004778238944709301,0.0024812479969114065
25,10,10,0.1,61,4,0.0005041910335421562,0.0,0.0,0.0,0.0,0.0,9,0.0005668569356203079,0,-1,basis_J_less_than_K,0,0,1,1,0,1,0,1,224,0.0005041910335421562,0.0025492249988019466
25,10,10,0.1,61,5,0.0003296181093901396,0.0,0.0,0.0,0.0,0.0,9,0.0003876658156514168,0,-1,basis_J_less_than_K,0,0,1,1,0,1,0,1,168,0.0003296181093901396,0.0025227461010217667
25,10,10,0.1,61,6,0.00037789996713399887,8.124392479658127e-05,0.0003115590661764145,0.0,0.0,0.0,10,0.0008191019296646118,0,2,two_column_check_failed,0,0,1,1,0,1,0,1,216,0.0007707029581069946,0.003285774029791355
25,10,10,0.1,61,7,0.000309402821585536,0.0,0.0,0.0,0.0,0.0,9,0.00036774296313524246,0,-1,basis_J_less_than_K,0,0,1,1,0,1,0,1,110,0.000309402821585536,0.0024439061526209116
25,10,10,0.1,61,8,0.0010307098273187876,9.671691805124283e-05,0.0004937599878758192,0.0,0.0,0.0,12,0.0016835220158100128,0,2,two_column_check_failed,0,1,0,1,0,1,0,1,414,0.0016211867332458496,0.0034705570433288813
25,10,10,0.1,61,9,0.0011720210313796997,4.698988050222397e-05,0.0,0.0,0.0,0.0,12,0.001283713849261403,0,0,all_zero_column,0,0,1,1,0,1,0,1,360,0.0012190109118819237,0.0028676260262727737
25,10,10,0.1,62,0,0.001326525118201971,0.00013436796143651009,0.00012826686725020409,0.0,0.0,0.0,11,0.0016903369687497616,0,2,two_column_check_failed,0,0,1,1,0,1,0,1,440,0.0015891599468886852,0.0033191118855029345
25,10,10,0.1,62,1,0.0007110831793397665,4.253513179719448e-05,0.0,0.0,0.0,0.0,10,0.0008219340816140175,0,0,all_zero_column,0,1,0,1,0,1,0,1,260,0.000753618311136961,0.002923959866166115
25,10,10,0.1,62,2,0.0006632769946008921,9.451992809772491e-05,0.0004012160934507847,0.0,0.0,0.0,10,0.001234535127878189,0,2,two_column_check_failed,0,0,1,1,0,1,0,1,272,0.0011590130161494017,0.003382158000022173
25,10,10,0.1,62,3,0.0004113300237804651,0.0,0.0,0.0,0.0,0.0,8,0.0005028820596635342,0,-1,basis_J_less_than_K,0,0,1,1,0,1,0,1,192,0.0004113300237804651,0.0025264068972319365
25,10,10,0.1,62,4,0.00022007105872035027,0.0,0.0,0.0,0.0,0.0,8,0.00028374185785651207,0,-1,basis_J_less_than_K,0,0,1,1,0,1,0,1,88,0.00022007105872035027,0.0024988388177007437
25,10,10,0.1,62,5,0.001053998013958335,8.933595381677151e-05,0.0,0.0,0.0,0.0,13,0.0012107370421290398,0,0,all_zero_column,0,0,1,1,0,1,0,1,273,0.0011433339677751064,0.0034470041282474995
25,10,10,0.1,62,6,0.0013925610110163689,2.0890962332487106e-05,0.0,0.0,0.0,0.0,12,0.0014837610069662333,0,0,all_zero_column,0,0,1,1,0,1,0,1,392,0.001413451973348856,0.003221499966457486
25,10,10,0.1,62,7,0.0007996989879757166,9.36770811676979e-05,7.79998954385519e-05,0.0,0.0,0.0,10,0.0010359410662204027,0,2,two_column_check_failed,0,0,1,1,0,1,0,1,416,0.0009713759645819664,0.0030065090395510197
25,10,10,0.1,62,8,0.00038392399437725544,0.0,0.0,0.0,0.0,0.0,9,0.00044108694419264793,0,-1,basis_J_less_than_K,0,0,1,1,0,1,0,1,192,0.00038392399437725544,0.0027648259419947863
25,10,10,0.1,62,9,0.0014616320841014385,9.438302367925644e-05,0.0005952850915491581,0.0,0.0,0.0,13,0.002222491195425391,0,2,two_column_check_failed,0,0,1,1,0,1,0,1,419,0.002151300199329853,0.003933710046112537
25,10,10,0.1,63,0,0.0019376629497855902,0.0001214898657053709,0.0006712870672345161,0.0011949068866670132,0.00010993191972374916,0.09787933994084597,12,0.10192091506905854,1,6,SAT_unsat_identifiable,1,1,0,1,0,0,0,0,656,0.0040352786891162395,0.0038929549045860767
25,10,10,0.1,63,1,0.00043795909732580185,5.759997293353081e-05,0.0,0.0,0.0,0.0,10,0.0005622201133519411,0,0,all_zero_column,0,0,1,1,0,1,0,1,168,0.0004955590702593327,0.002739993156865239
25,10,10,0.1,63,2,0.0014194711111485958,9.594112634658813e-05,0.0006194270681589842,0.001056944951415062,6.578001193702221e-05,0.1425080660264939,11,0.1457706969231367,1,6,SAT_unsat_identifiable,1,0,1,1,0,0,0,0,832,0.0032575642690062523,0.003977668937295675
25,10,10,0.1,63,3,0.0010085629764944315,0.00010138400830328465,0.00011236593127250671,0.0,0.0,0.0,10,0.0012979870662093163,0,2,two_column_check_failed,0,0,1,1,0,1,0,1,480,0.0012223129160702229,0.0029185679741203785
25,10,10,0.1,63,4,0.0005267441738396883,4.17991541326046e-05,0.0,0.0,0.0,0.0,10,0.0006412600632756948,0,0,all_zero_column,0,0,1,1,0,1,0,1,264,0.0005685433279722929,0.002639284124597907
25,10,10,0.1,63,5,0.00027520209550857544,0.0,0.0,0.0,0.0,0.0,8,0.00033689988777041435,0,-1,basis_J_less_than_K,0,0,1,1,0,1,0,1,112,0.00027520209550857544,0.002151407999917865
25,10,10,0.1,63,6,0.00022607180289924145,0.0,0.0,0.0,0.0,0.0,8,0.00027985195629298687,0,-1,basis_J_less_than_K,0,0,1,1,0,1,0,1,128,0.00022607180289924145,0.002256928011775017
25,10,10,0.1,63,7,0.0005641861353069544,2.46330164372921e-05,0.0,0.0,0.0,0.0,10,0.0006600231863558292,0,0,all_zero_column,0,0,1,1,0,1,0,1,264,0.0005888191517442465,0.002548184944316745
25,10,10,0.1,63,8,0.0003027610946446657,0.0,0.0,0.0,0.0,0.0,8,0.00036765378899872303,0,-1,basis_J_less_than_K,0,0,1,1,0,1,0,1,192,0.0003027610946446657,0.0022858099546283484
25,10,10,0.1,63,9,0.001173048047348857,9.594811126589775e-05,6.21420331299305e-05,0.0,0.0,0.0,12,0.001400801120325923,0,2,two_column_check_failed,0,0,1,1,0,1,0,1,476,0.0013311381917446852,0.0027981929015368223
25,10,10,0.1,64,0,0.0008112411014735699,4.978897050023079e-05,0.0,0.0,0.0,0.0,10,0.0009371861815452576,0,0,all_zero_column,0,0,1,1,0,1,0,1,264,0.0008610300719738007,0.003213410032913089
25,10,10,0.1,64,1,0.00014940602704882622,0.0,0.0,0.0,0.0,0.0,6,0.00022308900952339172,0,-1,basis_J_less_than_K,0,1,0,1,0,1,0,1,64,0.00014940602704882622,0.0021319950465112925
25,10,10,0.1,64,2,0.00022932118736207485,0.0,0.0,0.0,0.0,0.0,7,0.0003050570376217365,0,-1,basis_J_less_than_K,0,0,1,1,0,1,0,1,96,0.00022932118736207485,0.0024750318843871355
25,10,10,0.1,64,3,0.0013135240878909826,8.951895870268345e-05,5.480390973389149e-05,0.0,0.0,0.0,11,0.001543516991659999,0,2,two_column_check_failed,0,0,1,1,0,1,0,1,512,0.0014578469563275576,0.0030166360083967447
25,10,10,0.1,64,4,0.0004349062219262123,0.0,0.0,0.0,0.0,0.0,9,0.0005207979120314121,0,-1,basis_J_less_than_K,0,0,1,1,0,1,0,1,240,0.0004349062219262123,0.0032705520279705524
25,10,10,0.1,64,5,0.000889478949829936,6.880797445774078e-05,0.0,0.0,0.0,0.0,11,0.0010285400785505772,0,0,all_zero_column,0,0,1,1,0,1,0,1,294,0.0009582869242876768,0.003012827830389142
25,10,10,0.1,64,6,0.000806465046480298,9.519001469016075e-05,0.00029317312873899937,0.0,0.0,0.0,11,0.001265169819816947,0,2,two_column_check_failed,0,1,0,1,0,1,0,1,408,0.0011948281899094582,0.0034371470101177692
25,10,10,0.1,64,7,0.0011158459819853306,9.421398863196373e-05,4.6879053115844727e-05,0.0,0.0,0.0,11,0.0013533108867704868,0,2,two_column_check_failed,0,0,1,1,0,1,0,1,432,0.001256939023733139,0.0028377538546919823
25,10,10,0.1,64,8,0.0005086420569568872,9.478488937020302e-05,4.822388291358948e-05,0.0,0.0,0.0,12,0.0007231819909065962,0,2,two_column_check_failed,0,0,1,1,0,1,0,1,159,0.0006516508292406797,0.0031444430351257324
25,10,10,0.1,64,9,0.0011585101019591093,9.435205720365047e-05,0.0001027979888021946,0.0,0.0,0.0,11,0.0014282029587775469,0,2,two_column_check_failed,0,1,0,1,0,1,0,1,480,0.0013556601479649544,0.002950053894892335
25,10,10,0.1,65,0,0.0007012509740889072,7.355213165283203e-05,0.0,0.0,0.0,0.0,10,0.000855189049616456,0,0,all_zero_column,0,1,0,1,0,1,0,1,232,0.0007748031057417393,0.00348874693736434
25,10,10,0.1,65,1,0.0006169001571834087,0.0,0.0,0.0,0.0,0.0,9,0.0007009450346231461,0,-1,basis_J_less_than_K,0,0,1,1,0,1,0,1,256,0.0006169001571834087,0.0025425420608371496
25,10,10,0.1,65,2,0.0003217160701751709,0.0,0.0,0.0,0.0,0.0,8,0.00038927700370550156,0,-1,basis_J_less_than_K,0,0,1,1,0,1,0,1,160,0.0003217160701751709,0.0025133579038083553
25,10,10,0.1,65,3,0.000955220079049468,0.0001049521379172802,0.00011397013440728188,0.0,0.0,0.0,10,0.0012329639866948128,0,2,two_column_check_failed,0,0,1,1,0,1,0,1,368,0.0011741423513740301,0.0028318881522864103
25,10,10,0.1,65,4,0.0009788977913558483,7.149297744035721e-05,0.0,0.0,0.0,0.0,11,0.0011225570924580097,0,0,all_zero_column,0,1,0,1,0,1,0,1,300,0.0010503907687962055,0.002904278924688697
25,10,10,0.1,65,5,0.0019383721519261599,8.023995906114578e-05,0.0,0.0,0.0,0.0,13,0.0020846619736403227,0,0,all_zero_column,0,1,0,1,0,1,0,1,504,0.0020186121109873056,0.00300739798694849
25,10,10,0.1,65,6,0.000658608041703701,0.00010259007103741169,4.6558910980820656e-05,0.0,0.0,0.0,10,0.0008933620993047953,0,2,two_column_check_failed,0,1,0,1,0,1,0,1,288,0.0008077570237219334,0.0028066530358046293
25,10,10,0.1,65,7,0.0021357061341404915,8.998997509479523e-05,0.0006628979463130236,0.0,0.0,0.0,14,0.002965794876217842,0,2,two_column_check_failed,0,0,1,1,0,1,0,1,524,0.0028885940555483103,0.0038528989534825087
25,10,10,0.1,65,8,0.0004089290741831064,0.0,0.0,0.0,0.0,0.0,9,0.00048488518223166466,0,-1,basis_J_less_than_K,0,0,1,1,0,1,0,1,136,0.0004089290741831064,0.002576455008238554
25,10,10,0.1,65,9,0.0006293959449976683,9.889109060168266e-05,0.0003872090019285679,0.0,0.0,0.0,10,0.001181039959192276,0,2,two_column_check_failed,0,0,1,1,0,1,0,1,260,0.0011154960375279188,0.0034550889395177364
25,10,10,0.1,66,0,0.0006110009271651506,0.00013557798229157925,0.0,0.0,0.0,0.0,10,0.0008189880754798651,0,0,all_zero_column,0,0,1,1,0,1,0,1,166,0.0007465789094567299,0.0030839438550174236
25,10,10,0.1,66,1,0.0005929339677095413,0.0,0.0,0.0,0.0,0.0,9,0.0006673829630017281,0,-1,basis_J_less_than_K,0,0,1,1,0,1,0,1,384,0.0005929339677095413,0.002913236152380705
25,10,10,0.1,66,2,0.00048431288450956345,2.1104933694005013e-05,0.0,0.0,0.0,0.0,10,0.000574394827708602,0,0,all_zero_column,0,0,1,1,0,1,0,1,132,0.0005054178182035685,0.0026897939387708902
25,10,10,0.1,66,3,0.0003830348141491413,0.0,0.0,0.0,0.0,0.0,8,0.00046283286064863205,0,-1,basis_J_less_than_K,0,0,1,1,0,1,0,1,192,0.0003830348141491413,0.0026272109244018793
25,10,10,0.1,66,4,0.0009011940564960241,9.399512782692909e-05,9.51120164245367e-05,0.0,0.0,0.0,11,0.0011617462150752544,0,2,two_column_check_failed,0,0,1,1,0,1,0,1,320,0.00109030120074749,0.0029733108822256327
25,10,10,0.1,66,5,0.0005874729249626398,9.359791874885559e-05,0.0001546780113130808,0.0,0.0,0.0,10,0.0008973979856818914,0,2,two_column_check_failed,0,0,1,1,0,1,0,1,256,0.0008357488550245762,0.0030181279871612787
25,10,10,0.1,66,6,0.0010193409398198128,2.911686897277832e-05,0.0,0.0,0.0,0.0,12,0.0011176769621670246,0,0,all_zero_column,0,1,0,1,0,1,0,1,424,0.001048457808792591,0.0030783279798924923
25,10,10,0.1,66,7,0.0034106269013136625,8.559506386518478e-05,0.0007740810979157686,0.0012665758840739727,7.624994032084942e-05,0.17149562016129494,16,0.177115524886176,1,6,SAT_unsat_identifiable,1,0,1,1,0,0,0,0,664,0.005613128887489438,0.004886002046987414
25,10,10,0.1,66,8,0.001659963047131896,9.95849259197712e-05,0.000639996025711298,0.0012728201691061258,9.158905595541e-05,0.08363036904484034,12,0.08741411613300443,1,6,SAT_unsat_identifiable,1,0,1,1,0,0,0,0,484,0.003763953223824501,0.004764987155795097
25,10,10,0.1,66,9,0.0008536821696907282,0.0,0.0,0.0,0.0,0.0,9,0.0009662630036473274,0,-1,basis_J_less_than_K,0,0,1,1,0,1,0,1,512,0.0008536821696907282,0.0028110218700021505
25,10,10,0.1,67,0,0.0009542480111122131,8.770613931119442e-05,0.0,0.0,0.0,0.0,10,0.0011356219183653593,0,0,all_zero_column,0,0,1,1,0,1,0,1,312,0.0010419541504234076,0.0032770789694041014
25,10,10,0.1,67,1,0.0004354300908744335,0.0,0.0,0.0,0.0,0.0,9,0.0004979399964213371,0,-1,basis_J_less_than_K,0,0,1,1,0,1,0,1,216,0.0004354300908744335,0.002765459008514881
25,10,10,0.1,67,2,0.0006937200669199228,3.9275968447327614e-05,0.0,0.0,0.0,0.0,10,0.0007995530031621456,0,0,all_zero_column,0,0,1,1,0,1,0,1,280,0.0007329960353672504,0.002904854016378522
25,10,10,0.1,67,3,0.000614664051681757,1.9922154024243355e-05,0.0,0.0,0.0,0.0,10,0.0007036169990897179,0,0,all_zero_column,0,0,1,1,0,1,0,1,352,0.0006345862057060003,0.0030380578245967627
25,10,10,0.1,67,4,0.000999776879325509,9.771808981895447e-05,0.00046300003305077553,0.0,0.0,0.0,12,0.0016275490634143353,0,2,two_column_check_failed,0,0,1,1,0,1,0,1,354,0.001560495002195239,0.0038409398403018713
25,10,10,0.1,67,5,0.0007715660613030195,9.760493412613869e-05,0.00010371394455432892,0.0,0.0,0.0,10,0.0010429208632558584,0,2,two_column_check_failed,0,0,1,1,0,1,0,1,384,0.0009728849399834871,0.003134435974061489
25,10,10,0.1,67,6,0.0007152319885790348,9.668990969657898e-05,0.00011124089360237122,0.0,0.0,0.0,10,0.000977558083832264,0,2,two_column_check_failed,0,0,1,1,0,1,0,1,336,0.000923162791877985,0.0030104690231382847
25,10,10,0.1,67,7,0.0005376131739467382,3.793695941567421e-05,0.0,0.0,0.0,0.0,10,0.0006345210131257772,0,0,all_zero_column,0,0,1,1,0,1,0,1,220,0.0005755501333624125,0.0028840331360697746
25,10,10,0.1,67,8,0.002936579054221511,0.0001034990418702364,0.00011298409663140774,0.0,0.0,0.0,13,0.0032310402020812035,0,2,two_column_check_failed,0,0,1,1,0,1,0,1,616,0.003153062192723155,0.0031689670868217945
25,10,10,0.1,67,9,0.0004548458382487297,4.63870819658041e-05,0.0,0.0,0.0,0.0,10,0.0005727710667997599,0,0,all_zero_column,0,0,1,1,0,1,0,1,156,0.0005012329202145338,0.0029036381747573614
25,10,10,0.1,69,0,0.00042196898721158504,0.0,0.0,0.0,0.0,0.0,9,0.0004805130884051323,0,-1,basis_J_less_than_K,0,0,1,1,0,1,0,1,192,0.00042196898721158504,0.0027480560820549726
25,10,10,0.1,69,1,0.0006484740879386663,0.0,0.0,0.0,0.0,0.0,9,0.0007133579347282648,0,-1,basis_J_less_than_K,0,1,0,1,0,1,0,1,384,0.0006484740879386663,0.0026321180630475283
25,10,10,0.1,69,2,0.0008085109293460846,4.1632913053035736e-05,0.0,0.0,0.0,0.0,11,0.0009315300267189741,0,0,all_zero_column,0,0,1,1,0,1,0,1,464,0.0008501438423991203,0.0028024690691381693
25,10,10,0.1,69,3,0.000346554908901453,0.0,0.0,0.0,0.0,0.0,8,0.00042068492621183395,0,-1,basis_J_less_than_K,0,1,0,1,0,1,0,1,192,0.000346554908901453,0.002484756987541914
25,10,10,0.1,69,4,0.0003390430938452482,0.0,0.0,0.0,0.0,0.0,9,0.00041253003291785717,0,-1,basis_J_less_than_K,0,0,1,1,0,1,0,1,208,0.0003390430938452482,0.0026893599424511194
25,10,10,0.1,69,5,0.0008417780045419931,8.145603351294994e-05,0.0003956540022045374,0.0,0.0,0.0,11,0.001391806174069643,0,2,two_column_check_failed,0,0,1,1,0,1,0,1,420,0.0013188880402594805,0.0033241589553654194
25,10,10,0.1,69,6,0.001000419957563281,8.09540506452322e-05,0.00035764602944254875,0.0,0.0,0.0,11,0.001493121962994337,0,2,two_column_check_failed,0,0,1,1,0,1,0,1,404,0.001439020037651062,0.0032802370842546225
25,10,10,0.1,69,7,0.0002738451585173607,0.0,0.0,0.0,0.0,0.0,8,0.00033848313614726067,0,-1,basis_J_less_than_K,0,1,0,1,0,1,0,1,160,0.0002738451585173607,0.00237265694886446
25,10,10,0.1,69,8,0.001505957916378975,9.690690785646439e-05,4.5405933633446693e-05,0.0,0.0,0.0,12,0.001710257027298212,0,2,two_column_check_failed,0,0,1,1,0,1,0,1,468,0.001648270757868886,0.002802707953378558
25,10,10,0.1,69,9,0.0004777719732373953,7.026898674666882e-05,0.0,0.0,0.0,0.0,10,0.0006182440556585789,0,0,all_zero_column,0,1,0,1,0,1,0,1,225,0.0005480409599840641,0.002596117090433836
25,10,10,0.1,68,0,0.0015812369529157877,0.0001325691118836403,0.0006541730836033821,0.001267140032723546,0.00012548803351819515,0.10411775182001293,11,0.10788681800477207,1,6,SAT_unsat_identifiable,1,0,1,1,0,0,0,0,672,0.0037606072146445513,0.004217625828459859
25,10,10,0.1,68,1,0.0007350009400397539,4.64532058686018e-05,0.0,0.0,0.0,0.0,11,0.0008434201590716839,0,0,all_zero_column,0,0,1,1,0,1,0,1,264,0.0007814541459083557,0.003077586879953742
25,10,10,0.1,68,2,0.0012765920255333185,9.689200669527054e-05,0.00010939408093690872,0.0,0.0,0.0,11,0.0015463009476661682,0,2,two_column_check_failed,0,0,1,1,0,1,0,1,400,0.0014828781131654978,0.0028832019306719303
25,10,10,0.1,68,3,0.001987946918234229,9.616115130484104e-05,0.0006393908988684416,0.0012043730821460485,7.524201646447182e-05,0.1495156150776893,11,0.15353293507359922,1,6,SAT_unsat_identifiable,1,0,1,1,0,0,0,0,768,0.004003114067018032,0.004780913004651666
25,10,10,0.1,68,4,0.000793718034401536,0.0,0.0,0.0,0.0,0.0,9,0.0009283910039812326,0,-1,basis_J_less_than_K,0,0,1,1,0,1,0,1,384,0.000793718034401536,0.0028045200742781162
25,10,10,0.1,68,5,0.0005306531675159931,0.0,0.0,0.0,0.0,0.0,9,0.0005998190026730299,0,-1,basis_J_less_than_K,0,0,1,1,0,1,0,1,320,0.0005306531675159931,0.002882360015064478
25,10,10,0.1,68,6,0.0006681508384644985,0.00010136701166629791,0.00029923487454652786,0.0,0.0,0.0,11,0.0011352421715855598,0,2,two_column_check_failed,0,0,1,1,0,1,0,1,380,0.0010687527246773243,0.0033986170310527086
25,10,10,0.1,68,7,0.0010992640163749456,9.678490459918976e-05,0.0003154610749334097,0.0,0.0,0.0,11,0.0015806879382580519,0,2,two_column_check_failed,0,0,1,1,0,1,0,1,624,0.001511509995907545,0.0034692909102886915
25,10,10,0.1,68,8,0.000618011923506856,0.0,0.0,0.0,0.0,0.0,9,0.0006963110063225031,0,-1,basis_J_less_than_K,0,0,1,1,0,1,0,1,384,0.000618011923506856,0.002688326872885227
25,10,10,0.1,68,9,0.0013710570055991411,9.591318666934967e-05,0.0001726238988339901,0.0,0.0,0.0,12,0.00171908107586205,0,2,two_column_check_failed,0,0,1,1,0,1,0,1,440,0.0016395940911024809,0.0033066088799387217
25,10,10,0.1,70,0,0.0012800120748579502,0.00014253007248044014,0.0003731090109795332,0.0,0.0,0.0,12,0.0018835680093616247,0,2,two_column_check_failed,0,0,1,1,0,1,0,1,464,0.0017956511583179235,0.00386663805693388
25,10,10,0.1,70,1,0.0004472159780561924,6.833579391241074e-05,0.0,0.0,0.0,0.0,10,0.0005717398598790169,0,0,all_zero_column,0,0,1,1,0,1,0,1,145,0.0005155517719686031,0.0028887370135635138
25,10,10,0.1,70,2,0.0012573241256177425,0.00010116305202245712,4.903995431959629e-05,0.0,0.0,0.0,11,0.0014871219173073769,0,2,two_column_check_failed,0,0,1,1,0,1,0,1,512,0.001407527131959796,0.002900524064898491
25,10,10,0.1,70,3,0.0005474130157381296,0.0,0.0,0.0,0.0,0.0,9,0.000649159075692296,0,-1,basis_J_less_than_K,0,0,1,1,0,1,0,1,320,0.0005474130157381296,0.002956558018922806
25,10,10,0.1,70,4,0.0005124749150127172,3.049103543162346e-05,0.0,0.0,0.0,0.0,11,0.000602436950430274,0,0,all_zero_column,0,0,1,1,0,1,0,1,159,0.0005429659504443407,0.0029148058965802193
25,10,10,0.1,70,5,0.0020156127866357565,0.0001027469988912344,0.00020406907424330711,0.0,0.0,0.0,14,0.00240899994969368,0,2,two_column_check_failed,0,0,1,1,0,1,0,1,656,0.002322428859770298,0.0037041460163891315
25,10,10,0.1,70,6,0.0004211550112813711,0.0,0.0,0.0,0.0,0.0,9,0.0005013761110603809,0,-1,basis_J_less_than_K,0,0,1,1,0,1,0,1,180,0.0004211550112813711,0.0026971299666911364
25,10,10,0.1,70,7,0.000671525951474905,0.00010940991342067719,0.00022946693934500217,0.0,0.0,0.0,11,0.0010863500647246838,0,2,two_column_check_failed,0,0,1,1,0,1,0,1,234,0.0010104028042405844,0.0032853190787136555
25,10,10,0.1,70,8,0.00041007716208696365,0.0,0.0,0.0,0.0,0.0,9,0.000499524874612689,0,-1,basis_J_less_than_K,0,1,0,1,0,1,0,1,156,0.00041007716208696365,0.0026522870175540447
25,10,10,0.1,70,9,0.0014408859424293041,9.037787094712257e-05,0.0004952200688421726,0.0,0.0,0.0,13,0.0020903400145471096,0,2,two_column_check_failed,0,0,1,1,0,1,0,1,290,0.0020264838822185993,0.003984339069575071
25,10,10,0.1,71,0,0.0016491538845002651,0.00014285510405898094,0.0006111981347203255,0.0012859019916504622,0.0001495170872658491,0.0,10,0.0038446581456810236,1,4,identity_submatrix_direct_id,0,0,1,1,0,0,1,0,1024,0.003838626202195883,0.0041820399928838015
25,10,10,0.1,71,1,0.00047751888632774353,0.0,0.0,0.0,0.0,0.0,9,0.0005528121255338192,0,-1,basis_J_less_than_K,0,0,1,1,0,1,0,1,320,0.00047751888632774353,0.0026931909378618
25,10,10,0.1,71,2,0.0024346241261810064,9.952299296855927e-05,0.0006994700524955988,0.0012738851364701986,8.124206215143204e-05,0.15467818710021675,12,0.15927337389439344,1,6,SAT_unsat_identifiable,1,0,1,1,0,0,0,0,736,0.004588744370266795,0.004144612001255155
25,10,10,0.1,71,3,0.0016275569796562195,0.00011092796921730042,0.0006892879027873278,0.001266484148800373,9.334017522633076e-05,0.138184682931751,12,0.14199208212085068,1,6,SAT_unsat_identifiable,1,0,1,1,0,0,0,0,832,0.0037875971756875515,0.004728980828076601
25,10,10,0.1,71,4,0.0005066739395260811,0.0,0.0,0.0,0.0,0.0,8,0.0006414318922907114,0,-1,basis_J_less_than_K,0,0,1,1,0,1,0,1,256,0.0005066739395260811,0.0026618940755724907
25,10,10,0.1,71,5,0.00044505600817501545,9.154202416539192e-05,0.0,0.0,0.0,0.0,10,0.0006074928678572178,0,0,all_zero_column,0,0,1,1,0,1,0,1,196,0.0005365980323404074,0.0029354728758335114
25,10,10,0.1,71,6,0.0011121239513158798,9.688688442111015e-05,0.0005050571635365486,0.0,0.0,0.0,12,0.0017854201141744852,0,2,two_column_check_failed,0,0,1,1,0,1,0,1,448,0.0017140679992735386,0.0037227210123091936
25,10,10,0.1,71,7,0.00042663002386689186,0.0,0.0,0.0,0.0,0.0,8,0.0005091528873890638,0,-1,basis_J_less_than_K,0,0,1,1,0,1,0,1,256,0.00042663002386689186,0.0026621269062161446
25,10,10,0.1,71,8,0.0008427470456808805,9.556394070386887e-05,0.00020241504535079002,0.0,0.0,0.0,11,0.0012034999672323465,0,2,two_column_check_failed,0,0,1,1,0,1,0,1,320,0.0011407260317355394,0.0031337090767920017
25,10,10,0.1,71,9,0.00039352686144411564,2.9569026082754135e-05,0.0,0.0,0.0,0.0,10,0.00048502301797270775,0,0,all_zero_column,0,0,1,1,0,1,0,1,154,0.0004230958875268698,0.0028602720703929663
25,10,10,0.1,72,0,0.00041884114034473896,0.0,0.0,0.0,0.0,0.0,9,0.0004897590260952711,0,-1,basis_J_less_than_K,0,0,1,1,0,1,0,1,156,0.00041884114034473896,0.003351024119183421
25,10,10,0.1,72,1,0.0007898039184510708,7.237400859594345e-05,0.0,0.0,0.0,0.0,10,0.0009290559682995081,0,0,all_zero_column,0,1,0,1,0,1,0,1,304,0.0008621779270470142,0.002857526997104287
25,10,10,0.1,72,2,0.0008199620060622692,9.382492862641811e-05,0.000235001090914011,0.0,0.0,0.0,12,0.0012172190472483635,0,2,two_column_check_failed,0,0,1,1,0,1,0,1,232,0.0011487880256026983,0.003278670134022832
25,10,10,0.1,72,3,0.0012281590607017279,9.833695366978645e-05,0.0004062899388372898,0.0,0.0,0.0,10,0.0018120049498975277,0,2,two_column_check_failed,0,0,1,1,0,1,0,1,768,0.0017327859532088041,0.003592415014281869
25,10,10,0.1,72,4,0.0006778337992727757,9.258300997316837e-05,0.00018805894069373608,0.0,0.0,0.0,11,0.0010264602024108171,0,2,two_column_check_failed,0,0,1,1,0,1,0,1,320,0.0009584757499396801,0.003144838148728013
25,10,10,0.1,72,5,0.0006303160917013884,5.115801468491554e-05,0.0,0.0,0.0,0.0,10,0.0007446510717272758,0,0,all_zero_column,0,1,0,1,0,1,0,1,192,0.0006814741063863039,0.0028177499771118164
25,10,10,0.1,72,6,0.0005741359200328588,9.274296462535858e-05,0.00011143693700432777,0.0,0.0,0.0,10,0.00084712915122509,0,2,two_column_check_failed,0,0,1,1,0,1,0,1,180,0.0007783158216625452,0.0027930999640375376
25,10,10,0.1,72,7,0.0008001909591257572,9.369198232889175e-05,4.25390899181366e-05,0.0,0.0,0.0,10,0.0010173290502279997,0,2,two_column_check_failed,0,0,1,1,0,1,0,1,256,0.0009364220313727856,0.002891401993110776
25,10,10,0.1,72,8,0.0007632591295987368,0.0,0.0,0.0,0.0,0.0,9,0.0008396059274673462,0,-1,basis_J_less_than_K,0,0,1,1,0,1,0,1,512,0.0007632591295987368,0.0027672310825437307
25,10,10,0.1,72,9,0.0005044289864599705,2.7864007279276848e-05,0.0,0.0,0.0,0.0,10,0.000606070039793849,0,0,all_zero_column,0,0,1,1,0,1,0,1,189,0.0005322929937392473,0.0027332359459251165
25,10,10,0.1,74,0,0.0002219979651272297,0.0,0.0,0.0,0.0,0.0,7,0.0002957340329885483,0,-1,basis_J_less_than_K,0,0,1,1,0,1,0,1,96,0.0002219979651272297,0.002719324082136154
25,10,10,0.1,74,1,0.000450104009360075,0.0,0.0,0.0,0.0,0.0,9,0.0005248861853033304,0,-1,basis_J_less_than_K,0,0,1,1,0,1,0,1,224,0.000450104009360075,0.0026230639778077602
25,10,10,0.1,74,2,0.0006899340078234673,0.0,0.0,0.0,0.0,0.0,9,0.0007927389815449715,0,-1,basis_J_less_than_K,0,0,1,1,0,1,0,1,384,0.0006899340078234673,0.00290249683894217
25,10,10,0.1,74,3,0.000737910158932209,0.0,0.0,0.0,0.0,0.0,9,0.000826637027785182,0,-1,basis_J_less_than_K,0,0,1,1,0,1,0,1,384,0.000737910158932209,0.002729268977418542
25,10,10,0.1,74,4,0.0017330390401184559,9.720004163682461e-05,0.0005026538856327534,0.0,0.0,0.0,12,0.0023993169888854027,0,2,two_column_check_failed,0,0,1,1,0,1,0,1,608,0.002332892967388034,0.003686652984470129
25,10,10,0.1,74,5,0.0010248098988085985,1.7993152141571045e-05,0.0,0.0,0.0,0.0,12,0.001115849008783698,0,0,all_zero_column,0,0,1,1,0,1,0,1,300,0.0010428030509501696,0.0029603929724544287
25,10,10,0.1,74,6,0.0015004549641162157,8.547399193048477e-05,0.0005133259110152721,0.0,0.0,0.0,11,0.002175245899707079,0,2,two_column_check_failed,0,0,1,1,0,1,0,1,480,0.0020992548670619726,0.0037183829117566347
25,10,10,0.1,74,7,0.0005131899379193783,5.841581150889397e-05,0.0,0.0,0.0,0.0,10,0.0006434100214391947,0,0,all_zero_column,0,0,1,1,0,1,0,1,224,0.0005716057494282722,0.0028939389158040285
25,10,10,0.1,74,8,0.0010082670487463474,3.5877106711268425e-05,0.0,0.0,0.0,0.0,11,0.0011227449867874384,0,0,all_zero_column,0,0,1,1,0,1,0,1,296,0.0010441441554576159,0.002848247066140175
25,10,10,0.1,75,0,0.0006253530737012625,0.0,0.0,0.0,0.0,0.0,9,0.0007140790112316608,0,-1,basis_J_less_than_K,0,0,1,1,0,1,0,1,216,0.0006253530737012625,0.0030260919593274593
25,10,10,0.1,75,1,0.000335128977894783,0.0,0.0,0.0,0.0,0.0,8,0.0004132869653403759,0,-1,basis_J_less_than_K,0,0,1,1,0,1,0,1,192,0.000335128977894783,0.0024802330881357193
25,10,10,0.1,75,2,0.0004057670012116432,0.0,0.0,0.0,0.0,0.0,8,0.000492412131279707,0,-1,basis_J_less_than_K,0,0,1,1,0,1,0,1,192,0.0004057670012116432,0.002405144041404128
25,10,10,0.1,75,3,0.0008254959248006344,0.00010227784514427185,0.0003924090415239334,0.0,0.0,0.0,11,0.0013880489859730005,0,2,two_column_check_failed,0,0,1,1,0,1,0,1,392,0.0013201828114688396,0.0035598259419202805
25,10,10,0.1,73,0,0.0009706229902803898,0.0001316398847848177,0.0002343868836760521,0.0,0.0,0.0,12,0.0014071420300751925,0,2,two_column_check_failed,0,0,1,1,0,1,0,1,272,0.0013366497587412596,0.003529774956405163
25,10,10,0.1,73,1,0.0009630958084017038,9.936094284057617e-05,0.0002751720603555441,0.0,0.0,0.0,10,0.0014298469759523869,0,2,two_column_check_failed,0,0,1,1,0,1,0,1,576,0.001337628811597824,0.003279133001342416
25,10,10,0.1,73,2,0.0009681060910224915,9.828992187976837e-05,7.776706479489803e-05,0.0,0.0,0.0,12,0.0012085619382560253,0,2,two_column_check_failed,0,0,1,1,0,1,0,1,368,0.0011441630776971579,0.0030489671044051647
25,10,10,0.1,73,3,0.0011558569967746735,9.642797522246838e-05,0.0004830160178244114,0.0,0.0,0.0,11,0.001814946997910738,0,2,two_column_check_failed,0,0,1,1,0,1,0,1,640,0.0017353009898215532,0.003713262965902686
25,10,10,0.1,73,4,0.00037900893948972225,0.0,0.0,0.0,0.0,0.0,8,0.0004439351614564657,0,-1,basis_J_less_than_K,0,0,1,1,0,1,0,1,208,0.00037900893948972225,0.0026653988752514124
25,10,10,0.1,73,5,0.0012615891173481941,9.584985673427582e-05,0.000265554990619421,0.0,0.0,0.0,10,0.0017013661563396454,0,2,two_column_check_failed,0,0,1,1,0,1,0,1,768,0.001622993964701891,0.003285694168880582
25,10,10,0.1,73,6,0.0004330540541559458,0.0,0.0,0.0,0.0,0.0,9,0.0005116229876875877,0,-1,basis_J_less_than_K,0,0,1,1,0,1,0,1,192,0.0004330540541559458,0.0025402738247066736
25,10,10,0.1,74,9,0.0035656108520925045,8.543487638235092e-05,0.0007570059970021248,0.0012230649590492249,7.39682000130415e-05,0.19571210909634829,15,0.20142343803308904,1,6,SAT_unsat_identifiable,1,0,1,1,0,0,0,0,856,0.0057050848845392466,0.004595531849190593
25,10,10,0.1,75,4,0.0021347489673644304,0.00010339193977415562,0.0007564921397715807,0.0012520120944827795,7.716217078268528e-05,0.15422087092883885,14,0.15855044801719487,1,6,SAT_unsat_identifiable,1,0,1,1,0,0,0,0,608,0.0043238073121756315,0.004329850897192955
25,10,10,0.1,75,5,0.000925443135201931,0.00010665389709174633,0.00018312782049179077,0.0,0.0,0.0,12,0.0012954769190400839,0,2,two_column_check_failed,0,0,1,1,0,1,0,1,380,0.001215224852785468,0.003408484160900116
25,10,10,0.1,75,6,0.00043485104106366634,7.664412260055542e-05,0.0,0.0,0.0,0.0,10,0.000576026039198041,0,0,all_zero_column,0,1,0,1,0,1,0,1,200,0.0005114951636642218,0.002928138943389058
25,10,10,0.1,75,7,0.00030790618620812893,0.0,0.0,0.0,0.0,0.0,9,0.0003729050513356924,0,-1,basis_J_less_than_K,0,0,1,1,0,1,0,1,100,0.00030790618620812893,0.0026746499352157116
25,10,10,0.1,73,7,0.002215128857642412,8.654408156871796e-05,0.0006993510760366917,0.0010862560011446476,6.747199222445488e-05,0.11525859916582704,15,0.11941868695430458,1,6,SAT_unsat_identifiable,1,0,1,1,0,0,0,0,580,0.004154752008616924,0.004592921119183302
25,10,10,0.1,75,8,0.0014403550885617733,9.571295231580734e-05,0.0003246359992772341,0.0,0.0,0.0,11,0.0019373588729649782,0,2,two_column_check_failed,0,0,1,1,0,1,0,1,576,0.0018607040401548147,0.0035638611298054457
25,10,10,0.1,73,8,0.0010014348663389683,3.840099088847637e-05,0.0,0.0,0.0,0.0,11,0.0011350552085787058,0,0,all_zero_column,0,1,0,1,0,1,0,1,376,0.0010398358572274446,0.0029548541642725468
25,10,10,0.1,73,9,0.001084058079868555,4.7154026105999947e-05,0.0,0.0,0.0,0.0,13,0.001191197894513607,0,0,all_zero_column,0,0,1,1,0,1,0,1,308,0.001131212105974555,0.00314916018396616
25,10,10,0.1,75,9,0.0021706060506403446,0.00010167504660785198,0.0007174198981374502,0.0012410851195454597,7.602316327393055e-05,0.14873403799720109,13,0.1530589631292969,1,6,SAT_unsat_identifiable,1,0,1,1,0,0,0,0,896,0.004306809278205037,0.004768378101289272
25,10,10,0.1,77,0,0.0012405971065163612,0.00013211509212851524,0.0002508298493921757,0.0,0.0,0.0,12,0.001703863963484764,0,2,two_column_check_failed,0,0,1,1,0,1,0,1,364,0.0016235420480370522,0.003245546016842127
25,10,10,0.1,77,1,0.0002902541309595108,0.0,0.0,0.0,0.0,0.0,8,0.0003568441607058048,0,-1,basis_J_less_than_K,0,0,1,1,0,1,0,1,120,0.0002902541309595108,0.0021907449699938297
25,10,10,0.1,77,2,0.00023565604351460934,0.0,0.0,0.0,0.0,0.0,8,0.0002859989181160927,0,-1,basis_J_less_than_K,0,0,1,1,0,1,0,1,76,0.00023565604351460934,0.002138391137123108
25,10,10,0.1,77,3,0.0005431468598544598,0.0,0.0,0.0,0.0,0.0,9,0.0006103729829192162,0,-1,basis_J_less_than_K,0,0,1,1,0,1,0,1,384,0.0005431468598544598,0.0025157921481877565
25,10,10,0.1,77,4,0.0007233968935906887,4.170695319771767e-05,0.0,0.0,0.0,0.0,10,0.0008377430494874716,0,0,all_zero_column,0,1,0,1,0,1,0,1,320,0.0007651038467884064,0.002580001950263977
25,10,10,0.1,76,0,0.0006744731217622757,5.67480456084013e-05,0.0,0.0,0.0,0.0,10,0.0008219180162996054,0,0,all_zero_column,0,0,1,1,0,1,0,1,240,0.000731221167370677,0.003133723046630621
25,10,10,0.1,76,1,0.0008607651107013226,9.886897169053555e-05,0.0003371988423168659,0.0,0.0,0.0,10,0.0013850899413228035,0,2,two_column_check_failed,0,0,1,1,0,1,0,1,576,0.001296832924708724,0.003500201040878892
25,10,10,0.1,76,2,0.0003424510359764099,0.0,0.0,0.0,0.0,0.0,8,0.00041129207238554955,0,-1,basis_J_less_than_K,0,0,1,1,0,1,0,1,144,0.0003424510359764099,0.002375042997300625
25,10,10,0.1,76,3,0.0004547520074993372,0.0,0.0,0.0,0.0,0.0,9,0.000535986153408885,0,-1,basis_J_less_than_K,0,0,1,1,0,1,0,1,192,0.0004547520074993372,0.002558792009949684
25,10,10,0.1,76,4,0.0008640440646559,9.833695366978645e-05,0.00023886212147772312,0.0,0.0,0.0,11,0.0012626079842448235,0,2,two_column_check_failed,0,0,1,1,0,1,0,1,284,0.0012012431398034096,0.003197625046595931
25,10,10,0.1,77,5,0.0013045358937233686,9.352597407996655e-05,0.0006245120894163847,0.0012635178864002228,7.16489739716053e-05,0.09141945000737906,12,0.09478222508914769,1,6,SAT_unsat_identifiable,1,0,1,1,0,0,0,0,608,0.003357740817591548,0.003941244212910533
25,10,10,0.1,76,5,0.0002888450399041176,0.0,0.0,0.0,0.0,0.0,8,0.000358260003849864,0,-1,basis_J_less_than_K,0,0,1,1,0,1,0,1,120,0.0002888450399041176,0.002454675966873765
25,10,10,0.1,77,6,0.0005026010330766439,0.0,0.0,0.0,0.0,0.0,9,0.0005713060963898897,0,-1,basis_J_less_than_K,0,0,1,1,0,1,0,1,320,0.0005026010330766439,0.0024518920108675957
25,10,10,0.1,76,6,0.0008768830448389053,9.651109576225281e-05,0.0003860900178551674,0.0,0.0,0.0,11,0.00144302099943161,0,2,two_column_check_failed,0,0,1,1,0,1,0,1,356,0.0013594841584563255,0.0035437189508229494
25,10,10,0.1,77,7,0.000965639017522335,0.00010608206503093243,0.00015816185623407364,0.0,0.0,0.0,10,0.0013160968665033579,0,2,two_column_check_failed,0,0,1,1,0,1,0,1,576,0.0012298829387873411,0.0029192310757935047
25,10,10,0.1,76,7,0.0004928531125187874,0.0,0.0,0.0,0.0,0.0,9,0.0005568601191043854,0,-1,basis_J_less_than_K,0,0,1,1,0,1,0,1,288,0.0004928531125187874,0.002895751968026161
25,10,10,0.1,77,8,0.0009465550538152456,8.975807577371597e-05,0.00020350608974695206,0.0,0.0,0.0,12,0.0013204049319028854,0,2,two_column_check_failed,0,0,1,1,0,1,0,1,366,0.0012398192193359137,0.0031836640555411577
25,10,10,0.1,76,8,0.0012741920072585344,9.659677743911743e-05,0.00048827496357262135,0.0,0.0,0.0,11,0.001944670919328928,0,2,two_column_check_failed,0,0,1,1,0,1,0,1,520,0.0018590637482702732,0.0037987350951880217
25,10,10,0.1,77,9,0.0006652099546045065,8.877390064299107e-05,0.00034021283499896526,0.0,0.0,0.0,10,0.0011850050650537014,0,2,two_column_check_failed,0,0,1,1,0,1,0,1,480,0.0010941966902464628,0.0031737920362502337
25,10,10,0.1,76,9,0.0005172400269657373,0.0,0.0,0.0,0.0,0.0,9,0.0005978499539196491,0,-1,basis_J_less_than_K,0,0,1,1,0,1,0,1,208,0.0005172400269657373,0.0025848951190710068
25,10,10,0.1,78,0,0.0011825188994407654,0.00014918111264705658,0.00011017918586730957,0.0,0.0,0.0,11,0.0015273001044988632,0,2,two_column_check_failed,0,1,0,1,0,1,0,1,544,0.0014418791979551315,0.0032706339843571186
25,10,10,0.1,78,1,0.0005179159343242645,0.0,0.0,0.0,0.0,0.0,9,0.0005975549574941397,0,-1,basis_J_less_than_K,0,0,1,1,0,1,0,1,288,0.0005179159343242645,0.0027472421061247587
25,10,10,0.1,78,2,0.00018430105410516262,0.0,0.0,0.0,0.0,0.0,7,0.000251132994890213,0,-1,basis_J_less_than_K,0,0,1,1,0,1,0,1,56,0.00018430105410516262,0.0021737669594585896
25,10,10,0.1,78,3,0.0005415261257439852,0.00011754804290831089,0.0001853399444371462,0.0,0.0,0.0,10,0.0009086460340768099,0,2,two_column_check_failed,0,0,1,1,0,1,0,1,210,0.0008444141130894423,0.0031398709397763014
25,10,10,0.1,78,4,0.002081657061353326,0.00011274195276200771,0.0004198499955236912,0.0,0.0,0.0,13,0.0026867911219596863,0,2,two_column_check_failed,0,0,1,1,0,1,0,1,596,0.0026142490096390247,0.0038762870244681835
25,10,10,0.1,78,5,0.0007439309265464544,0.00010625598952174187,0.00026552798226475716,0.0,0.0,0.0,11,0.0011809950228780508,0,2,two_column_check_failed,0,0,1,1,0,1,0,1,264,0.0011157148983329535,0.003290063003078103
25,10,10,0.1,78,6,0.0004959029611200094,0.0,0.0,0.0,0.0,0.0,9,0.0005731051787734032,0,-1,basis_J_less_than_K,0,0,1,1,0,1,0,1,192,0.0004959029611200094,0.002528575947508216
25,10,10,0.1,78,7,0.000951061025261879,0.00011590798385441303,0.00019108480773866177,0.0,0.0,0.0,11,0.0013282510917633772,0,2,two_column_check_failed,0,0,1,1,0,1,0,1,270,0.0012580538168549538,0.0031441659666597843
25,10,10,0.1,78,8,0.0007006358355283737,0.00010566017590463161,0.00030568079091608524,0.0,0.0,0.0,10,0.0011798390187323093,0,2,two_column_check_failed,0,0,1,1,0,1,0,1,416,0.0011119768023490906,0.003425742033869028
25,10,10,0.1,78,9,0.0021169690880924463,0.00010632304474711418,0.0007501998916268349,0.0013507779221981764,7.570302113890648e-05,0.09371908893808722,13,0.09812428196892142,1,6,SAT_unsat_identifiable,1,0,1,1,0,0,0,0,540,0.004399972967803478,0.00440133479423821
25,10,10,0.1,80,0,0.0003188210539519787,0.0,0.0,0.0,0.0,0.0,9,0.0004024950321763754,0,-1,basis_J_less_than_K,0,0,1,1,0,1,0,1,120,0.0003188210539519787,0.002763449912890792
25,10,10,0.1,79,0,0.00022500380873680115,0.0,0.0,0.0,0.0,0.0,7,0.00030062487348914146,0,-1,basis_J_less_than_K,0,0,1,1,0,1,0,1,96,0.00022500380873680115,0.002815167885273695
25,10,10,0.1,79,1,0.0014998030383139849,0.00010312884114682674,0.00032735406421124935,0.0,0.0,0.0,12,0.0020079680252820253,0,2,two_column_check_failed,0,0,1,1,0,1,0,1,472,0.001930285943672061,0.0036170249804854393
25,10,10,0.1,79,2,0.0009336019866168499,3.047613427042961e-05,0.0,0.0,0.0,0.0,11,0.0010238129179924726,0,0,all_zero_column,0,0,1,1,0,1,0,1,308,0.0009640781208872795,0.0028766829054802656
25,10,10,0.1,79,3,0.0009216070175170898,0.00010340893641114235,0.0002636299468576908,0.0,0.0,0.0,10,0.001362428069114685,0,2,two_column_check_failed,0,0,1,1,0,1,0,1,576,0.001288645900785923,0.0032761760521680117
25,10,10,0.1,79,4,0.002032484859228134,0.00010474887676537037,0.0001374951098114252,0.0,0.0,0.0,12,0.0023451850283890963,0,2,two_column_check_failed,0,0,1,1,0,1,0,1,736,0.0022747288458049297,0.0032549649477005005
25,10,10,0.1,80,1,0.0015514290425926447,8.562183938920498e-05,0.0006249791476875544,0.0011792618315666914,6.966199725866318e-05,0.16018171305768192,13,0.16369790211319923,1,6,SAT_unsat_identifiable,1,1,0,1,0,0,0,0,792,0.0035109538584947586,0.004102481994777918
25,10,10,0.1,80,2,0.0007342970930039883,6.879796274006367e-05,0.0,0.0,0.0,0.0,11,0.0008712250273674726,0,0,all_zero_column,0,1,0,1,0,1,0,1,296,0.0008030950557440519,0.0027068450581282377
25,10,10,0.1,80,3,0.0013471520505845547,8.545699529349804e-05,0.00018019601702690125,0.0,0.0,0.0,13,0.0016948929987847805,0,2,two_column_check_failed,0,0,1,1,0,1,0,1,520,0.001612805062904954,0.0030944079626351595
25,10,10,0.1,80,4,0.0006858680862933397,8.059991523623466e-05,0.00024209311231970787,0.0,0.0,0.0,10,0.0010765220504254103,0,2,two_column_check_failed,0,1,0,1,0,1,0,1,480,0.0010085611138492823,0.0030801240354776382
25,10,10,0.1,80,5,0.00029411399737000465,0.0,0.0,0.0,0.0,0.0,9,0.0003507421351969242,0,-1,basis_J_less_than_K,0,0,1,1,0,1,0,1,116,0.00029411399737000465,0.002382395090535283
25,10,10,0.1,79,5,0.0011643560137599707,0.00010901992209255695,0.0006035310216248035,0.0012211559806019068,8.860905654728413e-05,0.08060535788536072,11,0.08379923808388412,1,6,SAT_unsat_identifiable,1,0,1,1,0,0,0,0,512,0.003186671994626522,0.004252556944265962
25,10,10,0.1,79,6,0.0009505529887974262,0.00010084407404065132,4.659988917410374e-05,0.0,0.0,0.0,10,0.0011791870929300785,0,2,two_column_check_failed,0,0,1,1,0,1,0,1,416,0.0010979969520121813,0.002821453846991062
25,10,10,0.1,80,6,0.0016120369546115398,8.134404197335243e-05,0.0006529130041599274,0.0011536069214344025,7.231091149151325e-05,0.0850546439178288,14,0.08863173611462116,1,6,SAT_unsat_identifiable,1,0,1,1,0,0,0,0,524,0.0035722118336707354,0.0039258908946067095
25,10,10,0.1,80,7,0.0009074469562619925,8.443603292107582e-05,0.00012655300088226795,0.0,0.0,0.0,11,0.0011956728994846344,0,2,two_column_check_failed,0,0,1,1,0,1,0,1,504,0.0011184359900653362,0.0028988560661673546
25,10,10,0.1,80,8,0.0003945960197597742,6.433599628508091e-05,0.0,0.0,0.0,0.0,10,0.0005247960798442364,0,0,all_zero_column,0,1,0,1,0,1,0,1,256,0.0004589320160448551,0.002786074997857213
25,10,10,0.1,80,9,0.00023485603742301464,0.0,0.0,0.0,0.0,0.0,8,0.00029437383636832237,0,-1,basis_J_less_than_K,0,0,1,1,0,1,0,1,128,0.00023485603742301464,0.002325708046555519
25,10,10,0.1,79,7,0.0020115349907428026,0.00010627694427967072,0.0007726510521024466,0.0012441598810255527,9.819283150136471e-05,0.16791259893216193,15,0.17215865198522806,1,6,SAT_unsat_identifiable,1,0,1,1,0,0,0,0,604,0.004232815699651837,0.005408833967521787
25,10,10,0.1,79,8,0.0007742908783257008,0.00010646786540746689,0.0003193388693034649,0.0,0.0,0.0,11,0.0012898168060928583,0,2,two_column_check_failed,0,0,1,1,0,1,0,1,280,0.0012000976130366325,0.0036056560929864645
25,10,10,0.1,79,9,0.0004187521990388632,0.0,0.0,0.0,0.0,0.0,9,0.0005316659808158875,0,-1,basis_J_less_than_K,0,0,1,1,0,1,0,1,138,0.0004187521990388632,0.0026038039941340685
25,10,10,0.1,81,0,0.0008703500498086214,0.00010891607962548733,0.0,0.0,0.0,0.0,11,0.0010490131098777056,0,0,all_zero_column,0,0,1,1,0,1,0,1,234,0.0009792661294341087,0.0032418989576399326
25,10,10,0.1,81,1,0.00039706192910671234,0.0,0.0,0.0,0.0,0.0,8,0.0004762411117553711,0,-1,basis_J_less_than_K,0,0,1,1,0,1,0,1,256,0.00039706192910671234,0.002638764912262559
25,10,10,0.1,81,2,0.0005307230167090893,5.403999239206314e-05,0.0,0.0,0.0,0.0,10,0.0006632839795202017,0,0,all_zero_column,0,1,0,1,0,1,0,1,288,0.0005847630091011524,0.0029749618843197823
25,10,10,0.1,81,3,0.000773692037910223,0.0,0.0,0.0,0.0,0.0,9,0.0008461319375783205,0,-1,basis_J_less_than_K,0,0,1,1,0,1,0,1,512,0.000773692037910223,0.002772571984678507
25,10,10,0.1,81,4,0.0008630440570414066,7.643713615834713e-05,0.0,0.0,0.0,0.0,10,0.001025032950565219,0,0,all_zero_column,0,0,1,1,0,1,0,1,240,0.0009394811931997538,0.0027714199386537075
25,10,10,0.1,81,5,0.0006030290387570858,0.0,0.0,0.0,0.0,0.0,9,0.0006721348036080599,0,-1,basis_J_less_than_K,0,0,1,1,0,1,0,1,320,0.0006030290387570858,0.002900470979511738
25,10,10,0.1,81,6,0.0006694509647786617,9.751203469932079e-05,4.706811159849167e-05,0.0,0.0,0.0,10,0.0008787850383669138,0,2,two_column_check_failed,0,1,0,1,0,1,0,1,324,0.0008140311110764742,0.00297973002307117
25,10,10,0.1,81,7,0.0007459470070898533,3.626593388617039e-05,0.0,0.0,0.0,0.0,11,0.0008462460245937109,0,0,all_zero_column,0,0,1,1,0,1,0,1,246,0.0007822129409760237,0.002874925034120679
25,10,10,0.1,81,8,0.0005883858539164066,0.0,0.0,0.0,0.0,0.0,9,0.0006599659100174904,0,-1,basis_J_less_than_K,0,1,0,1,0,1,0,1,288,0.0005883858539164066,0.002665440086275339
25,10,10,0.1,81,9,0.0006038739811629057,0.0,0.0,0.0,0.0,0.0,9,0.0006775930523872375,0,-1,basis_J_less_than_K,0,0,1,1,0,1,0,1,384,0.0006038739811629057,0.0027430891059339046
25,10,10,0.1,82,0,0.0013082849327474833,0.00013787695206701756,0.0001509848516434431,0.0,0.0,0.0,11,0.001687750918790698,0,2,two_column_check_failed,0,0,1,1,0,1,0,1,376,0.001597146736457944,0.003403462003916502
25,10,10,0.1,82,1,0.0004113900940865278,0.0,0.0,0.0,0.0,0.0,9,0.0004810378886759281,0,-1,basis_J_less_than_K,0,0,1,1,0,1,0,1,152,0.0004113900940865278,0.0025370789226144552
25,10,10,0.1,82,2,0.0009312690235674381,0.00010593002662062645,0.0003512019757181406,0.0,0.0,0.0,10,0.0014575179666280746,0,2,two_column_check_failed,0,0,1,1,0,1,0,1,480,0.0013884010259062052,0.0035125589929521084
25,10,10,0.1,82,3,0.000806228956207633,0.00010235910303890705,0.00013065594248473644,0.0,0.0,0.0,10,0.0011131709907203913,0,2,two_column_check_failed,0,0,1,1,0,1,0,1,384,0.0010392440017312765,0.0030718480702489614
25,10,10,0.1,82,4,0.0005988769698888063,0.0,0.0,0.0,0.0,0.0,9,0.0007065460085868835,0,-1,basis_J_less_than_K,0,0,1,1,0,1,0,1,288,0.0005988769698888063,0.0027545189950615168
25,10,10,0.1,82,5,0.001415537903085351,0.0001026899553835392,0.0006717909127473831,0.0012513140682131052,9.90589614957571e-05,0.08758717286400497,12,0.0911353649571538,1,6,SAT_unsat_identifiable,1,0,1,1,0,0,0,0,512,0.0035403918009251356,0.004143913043662906
25,10,10,0.1,82,6,0.00021502305753529072,0.0,0.0,0.0,0.0,0.0,7,0.00028105895034968853,0,-1,basis_J_less_than_K,0,0,1,1,0,1,0,1,96,0.00021502305753529072,0.002521202899515629
25,10,10,0.1,82,7,0.0005089149344712496,0.00010366388596594334,0.0001663940493017435,0.0,0.0,0.0,10,0.0008554791565984488,0,2,two_column_check_failed,0,0,1,1,0,1,0,1,220,0.0007789728697389364,0.00312067405320704
25,10,10,0.1,82,8,0.0005278419703245163,0.0,0.0,0.0,0.0,0.0,9,0.0006216918118298054,0,-1,basis_J_less_than_K,0,0,1,1,0,1,0,1,288,0.0005278419703245163,0.0028273118659853935
25,10,10,0.1,82,9,0.0007703229784965515,7.447204552590847e-05,0.0,0.0,0.0,0.0,10,0.000917527824640274,0,0,all_zero_column,0,0,1,1,0,1,0,1,264,0.00084479502402246,0.0029185221064835787
25,10,10,0.1,84,0,0.0007760068401694298,8.985702879726887e-05,0.0,0.0,0.0,0.0,10,0.0009496379643678665,0,0,all_zero_column,0,0,1,1,0,1,0,1,260,0.0008658638689666986,0.002965830033645034
25,10,10,0.1,84,1,0.0002623009495437145,0.0,0.0,0.0,0.0,0.0,8,0.0003264700062572956,0,-1,basis_J_less_than_K,0,0,1,1,0,1,0,1,128,0.0002623009495437145,0.0022367879282683134
25,10,10,0.1,84,2,0.0009350690525025129,8.10171477496624e-05,0.0001842400524765253,0.0,0.0,0.0,11,0.0012760490644723177,0,2,two_column_check_failed,0,0,1,1,0,1,0,1,528,0.0012003262527287006,0.0030880740378051996
25,10,10,0.1,84,3,0.0020456588827073574,8.012400940060616e-05,0.000506554963067174,0.0,0.0,0.0,13,0.0027104730252176523,0,2,two_column_check_failed,0,1,0,1,0,1,0,1,688,0.0026323378551751375,0.003680255962535739
25,10,10,0.1,84,4,0.00033412803895771503,5.625095218420029e-05,0.0,0.0,0.0,0.0,10,0.00044046295806765556,0,0,all_zero_column,0,0,1,1,0,1,0,1,174,0.0003903789911419153,0.0027543988544493914
25,10,10,0.1,84,5,0.0012611609417945147,8.038687519729137e-05,0.0005466628354042768,0.0011632870882749557,6.482494063675404e-05,0.1616597070824355,11,0.1647819778881967,1,6,SAT_unsat_identifiable,1,0,1,1,0,0,0,0,896,0.0031163226813077927,0.004013722063973546
25,10,10,0.1,84,6,0.0007264211308211088,0.0,0.0,0.0,0.0,0.0,9,0.0008113828953355551,0,-1,basis_J_less_than_K,0,0,1,1,0,1,0,1,512,0.0007264211308211088,0.002439343836158514
25,10,10,0.1,84,7,0.0009295940399169922,5.861511453986168e-05,0.0,0.0,0.0,0.0,12,0.0010429881513118744,0,0,all_zero_column,0,0,1,1,0,1,0,1,364,0.0009882091544568539,0.0029202760197222233
25,10,10,0.1,84,8,0.0003888721112161875,0.0,0.0,0.0,0.0,0.0,9,0.0004536239430308342,0,-1,basis_J_less_than_K,0,0,1,1,0,1,0,1,240,0.0003888721112161875,0.0024155681021511555
25,10,10,0.1,84,9,0.001172032905742526,7.938896305859089e-05,0.0004726019687950611,0.0,0.0,0.0,13,0.0017948220483958721,0,2,two_column_check_failed,0,0,1,1,0,1,0,1,420,0.001724023837596178,0.003498977981507778
25,10,10,0.1,83,0,0.0006493199616670609,0.00012510991655290127,7.187481969594955e-05,0.0,0.0,0.0,10,0.0009182821959257126,0,2,two_column_check_failed,0,0,1,1,0,1,0,1,240,0.0008463046979159117,0.0031050031539052725
25,10,10,0.1,83,1,0.0007413399871438742,0.00010375585407018661,4.869094118475914e-05,0.0,0.0,0.0,10,0.0009760400280356407,0,2,two_column_check_failed,0,0,1,1,0,1,0,1,272,0.0008937867823988199,0.0029070901218801737
25,10,10,0.1,83,2,0.0004869760014116764,0.0,0.0,0.0,0.0,0.0,9,0.0005688550882041454,0,-1,basis_J_less_than_K,0,0,1,1,0,1,0,1,192,0.0004869760014116764,0.0026445549447089434
25,10,10,0.1,83,3,0.0005823788233101368,9.540608152747154e-05,4.5217107981443405e-05,0.0,0.0,0.0,10,0.0008040920365601778,0,2,two_column_check_failed,0,0,1,1,0,1,0,1,224,0.0007230020128190517,0.002830851124599576
25,10,10,0.1,83,4,0.000956500181928277,0.00010361615568399429,0.00018368102610111237,0.0,0.0,0.0,11,0.0013219621032476425,0,2,two_column_check_failed,0,0,1,1,0,1,0,1,280,0.0012437973637133837,0.0031778940465301275
25,10,10,0.1,83,5,0.0011276500299572945,6.741611286997795e-05,0.0,0.0,0.0,0.0,11,0.0012797769159078598,0,0,all_zero_column,0,0,1,1,0,1,0,1,376,0.0011950661428272724,0.0030970610678195953
25,10,10,0.1,83,6,0.000311173964291811,0.0,0.0,0.0,0.0,0.0,8,0.00038751796819269657,0,-1,basis_J_less_than_K,0,0,1,1,0,1,0,1,144,0.000311173964291811,0.0025901810731738806
25,10,10,0.1,83,7,0.0003502101171761751,0.0,0.0,0.0,0.0,0.0,8,0.0004280300345271826,0,-1,basis_J_less_than_K,0,1,0,1,0,1,0,1,192,0.0003502101171761751,0.002582305110991001
25,10,10,0.1,83,8,0.0006825898308306932,3.1093135476112366e-05,0.0,0.0,0.0,0.0,11,0.0007788150105625391,0,0,all_zero_column,0,0,1,1,0,1,0,1,296,0.0007136829663068056,0.0030024670995771885
25,10,10,0.1,83,9,0.001186249079182744,0.00010181707330048084,0.00016093417070806026,0.0,0.0,0.0,10,0.001523470040410757,0,2,two_column_check_failed,0,0,1,1,0,1,0,1,576,0.0014490003231912851,0.0030568460933864117
25,10,10,0.1,85,0,0.00025949906557798386,0.0,0.0,0.0,0.0,0.0,7,0.0003334588836878538,0,-1,basis_J_less_than_K,0,0,1,1,0,1,0,1,128,0.00025949906557798386,0.0028175548650324345
25,10,10,0.1,85,1,0.0007258630357682705,9.69648826867342e-05,0.0,0.0,0.0,0.0,11,0.0008896379731595516,0,0,all_zero_column,0,0,1,1,0,1,0,1,256,0.0008228279184550047,0.003133578924462199
25,10,10,0.1,85,2,0.0014460091479122639,0.00010476913303136826,0.0004701779689639807,0.0,0.0,0.0,13,0.0020939400419592857,0,2,two_column_check_failed,0,0,1,1,0,1,0,1,295,0.002020956249907613,0.0036537328269332647
25,10,10,0.1,85,3,0.0006874548271298409,5.1619019359350204e-05,0.0,0.0,0.0,0.0,10,0.0008281960617750883,0,0,all_zero_column,0,1,0,1,0,1,0,1,240,0.0007390738464891911,0.002764832926914096
25,10,10,0.1,85,4,0.0006339999381452799,9.553809650242329e-05,0.0,0.0,0.0,0.0,10,0.0007952151354402304,0,0,all_zero_column,0,1,0,1,0,1,0,1,336,0.0007295380346477032,0.0031072930432856083
25,10,10,0.1,85,5,0.0008136541582643986,9.995698928833008e-05,9.482097811996937e-05,0.0,0.0,0.0,10,0.0010768859647214413,0,2,two_column_check_failed,0,0,1,1,0,1,0,1,276,0.001008432125672698,0.0028549779672175646
25,10,10,0.1,85,6,0.000425978098064661,0.0,0.0,0.0,0.0,0.0,9,0.0004949020221829414,0,-1,basis_J_less_than_K,0,0,1,1,0,1,0,1,136,0.000425978098064661,0.00264498102478683
25,10,10,0.1,85,7,0.001382316928356886,3.9288075640797615e-05,0.0,0.0,0.0,0.0,14,0.001497936900705099,0,0,all_zero_column,0,0,1,1,0,1,0,1,313,0.0014216050039976835,0.0033557990100234747
25,10,10,0.1,85,8,0.000878994120284915,9.940005838871002e-05,0.00014793896116316319,0.0,0.0,0.0,12,0.0012005651369690895,0,2,two_column_check_failed,0,0,1,1,0,1,0,1,262,0.0011263331398367882,0.003134276019409299
25,10,10,0.1,85,9,0.0011863380204886198,0.00010063801892101765,9.830296039581299e-05,0.0,0.0,0.0,11,0.0014484799467027187,0,2,two_column_check_failed,0,0,1,1,0,1,0,1,448,0.0013852789998054504,0.0030447531025856733
25,10,10,0.1,87,0,0.0004986468702554703,0.0,0.0,0.0,0.0,0.0,9,0.0005803790409117937,0,-1,basis_J_less_than_K,0,0,1,1,0,1,0,1,150,0.0004986468702554703,0.002762413118034601
25,10,10,0.1,87,1,0.0005461869295686483,0.0,0.0,0.0,0.0,0.0,9,0.0006212820298969746,0,-1,basis_J_less_than_K,0,0,1,1,0,1,0,1,208,0.0005461869295686483,0.0023018519859761
25,10,10,0.1,87,2,0.0008945020381361246,8.591590449213982e-05,0.0001000850461423397,0.0,0.0,0.0,10,0.001152130076661706,0,2,two_column_check_failed,0,0,1,1,0,1,0,1,480,0.0010805029887706041,0.0027011020574718714
25,10,10,0.1,87,3,0.0008944601286202669,5.321088247001171e-05,0.0,0.0,0.0,0.0,12,0.0010123709216713905,0,0,all_zero_column,0,0,1,1,0,1,0,1,292,0.0009476710110902786,0.0027819331735372543
25,10,10,0.1,87,4,0.0004401151090860367,2.4620909243822098e-05,0.0,0.0,0.0,0.0,11,0.0005330459680408239,0,0,all_zero_column,0,1,0,1,0,1,0,1,184,0.0004647360183298588,0.002721322001889348
25,10,10,0.1,87,5,0.0005326641257852316,0.0,0.0,0.0,0.0,0.0,9,0.0005959048867225647,0,-1,basis_J_less_than_K,0,0,1,1,0,1,0,1,384,0.0005326641257852316,0.0027726099360734224
25,10,10,0.1,87,6,0.0002410411834716797,0.0,0.0,0.0,0.0,0.0,8,0.00029037403874099255,0,-1,basis_J_less_than_K,0,0,1,1,0,1,0,1,76,0.0002410411834716797,0.0020121640991419554
25,10,10,0.1,87,7,0.00041709677316248417,8.307001553475857e-05,6.449711509048939e-05,0.0,0.0,0.0,11,0.0006131331901997328,0,2,two_column_check_failed,0,0,1,1,0,1,0,1,125,0.0005646639037877321,0.002547687850892544
25,10,10,0.1,87,8,0.000702710123732686,8.453894406557083e-05,9.146705269813538e-05,0.0,0.0,0.0,12,0.0009400858543813229,0,2,two_column_check_failed,0,0,1,1,0,1,0,1,214,0.0008787161204963923,0.002802993869408965
25,10,10,0.1,87,9,0.0009788591414690018,8.323485963046551e-05,0.0002694469876587391,0.0,0.0,0.0,12,0.001394340069964528,0,2,two_column_check_failed,0,0,1,1,0,1,0,1,368,0.0013315409887582064,0.0032440409995615482
25,10,10,0.1,86,0,0.00026157195679843426,0.0,0.0,0.0,0.0,0.0,8,0.00033802399411797523,0,-1,basis_J_less_than_K,0,0,1,1,0,1,0,1,120,0.00026157195679843426,0.002887990092858672
25,10,10,0.1,86,1,0.0008130280766636133,9.063095785677433e-05,0.0004534649197012186,0.0,0.0,0.0,10,0.0014609519857913256,0,2,two_column_check_failed,0,0,1,1,0,1,0,1,576,0.0013571239542216063,0.0038856130558997393
25,10,10,0.1,86,2,0.00030268309637904167,0.0,0.0,0.0,0.0,0.0,8,0.00037079397588968277,0,-1,basis_J_less_than_K,0,0,1,1,0,1,0,1,128,0.00030268309637904167,0.002472963882610202
25,10,10,0.1,86,3,0.0015021020080894232,9.57348383963108e-05,0.00020285486243665218,0.0,0.0,0.0,13,0.0018750459421426058,0,2,two_column_check_failed,0,0,1,1,0,1,0,1,496,0.0018006917089223862,0.0034393451642245054
25,10,10,0.1,86,4,0.0005761298816651106,0.0,0.0,0.0,0.0,0.0,9,0.0006728589069098234,0,-1,basis_J_less_than_K,0,0,1,1,0,1,0,1,224,0.0005761298816651106,0.0026609778869897127
25,10,10,0.1,86,5,0.000594825018197298,4.41188458353281e-05,0.0,0.0,0.0,0.0,10,0.0007050749845802784,0,0,all_zero_column,0,0,1,1,0,1,0,1,196,0.0006389438640326262,0.0027333181351423264
25,10,10,0.1,86,6,0.0006601868662983179,0.0,0.0,0.0,0.0,0.0,9,0.0007500140927731991,0,-1,basis_J_less_than_K,0,0,1,1,0,1,0,1,384,0.0006601868662983179,0.002739325864240527
25,10,10,0.1,86,7,0.0011516709346324205,0.00010692281648516655,0.00030917301774024963,0.0,0.0,0.0,10,0.0016489271074533463,0,2,two_column_check_failed,0,0,1,1,0,1,0,1,768,0.0015677667688578367,0.0034468481317162514
25,10,10,0.1,86,8,0.00157417100854218,8.479808457195759e-05,6.264890544116497e-05,0.0,0.0,0.0,11,0.0018002369906753302,0,2,two_column_check_failed,0,0,1,1,0,1,0,1,560,0.0017216179985553026,0.002991083078086376
25,10,10,0.1,86,9,0.0007207279559224844,0.0,0.0,0.0,0.0,0.0,9,0.0007932961452752352,0,-1,basis_J_less_than_K,0,0,1,1,0,1,0,1,320,0.0007207279559224844,0.002729677129536867
25,10,10,0.1,88,0,0.0019029269460588694,0.00012077903375029564,0.0005526251625269651,0.0011945641599595547,0.00011506211012601852,0.1476359642110765,11,0.1515287859365344,1,6,SAT_unsat_identifiable,1,0,1,1,0,0,0,0,800,0.0038859574124217033,0.0039133739192038774
25,10,10,0.1,88,1,0.0019564630929380655,0.0001001178752630949,0.00021999794989824295,0.0,0.0,0.0,14,0.002354204887524247,0,2,two_column_check_failed,0,0,1,1,0,1,0,1,560,0.0022765789180994034,0.0032483921386301517
25,10,10,0.1,88,2,0.0006582639180123806,3.875908441841602e-05,0.0,0.0,0.0,0.0,10,0.0007655271328985691,0,0,all_zero_column,0,1,0,1,0,1,0,1,368,0.0006970230024307966,0.0027022468857467175
25,10,10,0.1,88,3,0.00037272204644978046,0.0,0.0,0.0,0.0,0.0,9,0.0004318810533732176,0,-1,basis_J_less_than_K,0,0,1,1,0,1,0,1,128,0.00037272204644978046,0.002374684903770685
25,10,10,0.1,88,4,0.0009955628775060177,0.00010438193567097187,0.0004388929810374975,0.0,0.0,0.0,11,0.00162231782451272,0,2,two_column_check_failed,0,0,1,1,0,1,0,1,560,0.001538837794214487,0.003498133970424533
25,10,10,0.1,88,5,0.001258126925677061,0.00010180589742958546,0.00046245381236076355,0.0,0.0,0.0,12,0.0018991648685187101,0,2,two_column_check_failed,0,0,1,1,0,1,0,1,492,0.00182238663546741,0.0035715659614652395
25,10,10,0.1,88,6,0.0007996021304279566,9.661703370511532e-05,0.0002085960004478693,0.0,0.0,0.0,11,0.0011918689124286175,0,2,two_column_check_failed,0,0,1,1,0,1,0,1,464,0.0011048151645809412,0.002964121988043189
25,10,10,0.1,88,7,0.0006413350347429514,3.1975097954273224e-05,0.0,0.0,0.0,0.0,10,0.0007525312248617411,0,0,all_zero_column,0,1,0,1,0,1,0,1,352,0.0006733101326972246,0.0027034999802708626
25,10,10,0.1,88,8,0.0006029559299349785,9.55299474298954e-05,0.0001108129508793354,0.0,0.0,0.0,10,0.0008693048730492592,0,2,two_column_check_failed,0,0,1,1,0,1,0,1,312,0.0008092988282442093,0.0027811559848487377
25,10,10,0.1,88,9,0.000843430869281292,8.148699998855591e-05,0.000264566857367754,0.0,0.0,0.0,11,0.0012616659514606,0,2,two_column_check_failed,0,0,1,1,0,1,0,1,364,0.0011894847266376019,0.0030851990450173616
25,10,10,0.1,90,0,0.0002586161717772484,0.0,0.0,0.0,0.0,0.0,9,0.00031611695885658264,0,-1,basis_J_less_than_K,0,0,1,1,0,1,0,1,104,0.0002586161717772484,0.002923819003626704
25,10,10,0.1,90,1,0.0006790249608457088,0.0,0.0,0.0,0.0,0.0,9,0.000761532923206687,0,-1,basis_J_less_than_K,0,0,1,1,0,1,0,1,512,0.0006790249608457088,0.0029619799461215734
25,10,10,0.1,90,2,0.0009502558968961239,8.20669811218977e-05,0.00037127197720110416,0.0,0.0,0.0,10,0.0014850101433694363,0,2,two_column_check_failed,0,1,0,1,0,1,0,1,576,0.0014035948552191257,0.0034145961981266737
25,10,10,0.1,90,3,0.0005621470045298338,7.095793262124062e-05,0.0,0.0,0.0,0.0,12,0.0006953098345547915,0,0,all_zero_column,0,0,1,1,0,1,0,1,276,0.0006331049371510744,0.0031603570096194744
25,10,10,0.1,90,4,0.0002979391720145941,0.0,0.0,0.0,0.0,0.0,8,0.0003719108644872904,0,-1,basis_J_less_than_K,0,0,1,1,0,1,0,1,112,0.0002979391720145941,0.002280307002365589
25,10,10,0.1,90,5,0.0005879569798707962,8.024415001273155e-05,0.0003906420897692442,0.0,0.0,0.0,11,0.0011276439763605595,0,2,two_column_check_failed,0,0,1,1,0,1,0,1,261,0.001058843219652772,0.0033595289569348097
25,10,10,0.1,90,6,0.00024713994935154915,0.0,0.0,0.0,0.0,0.0,8,0.0003092130646109581,0,-1,basis_J_less_than_K,0,0,1,1,0,1,0,1,120,0.00024713994935154915,0.0023280009627342224
25,10,10,0.1,90,7,0.0008591820951551199,9.591598063707352e-05,0.0002939028199762106,0.0,0.0,0.0,10,0.0013181180693209171,0,2,two_column_check_failed,0,1,0,1,0,1,0,1,416,0.001249000895768404,0.003081192960962653
25,10,10,0.1,90,8,0.00030860304832458496,0.0,0.0,0.0,0.0,0.0,9,0.00036408891901373863,0,-1,basis_J_less_than_K,0,0,1,1,0,1,0,1,176,0.00030860304832458496,0.00233836704865098
25,10,10,0.1,90,9,0.0005861888639628887,7.622595876455307e-05,0.0,0.0,0.0,0.0,11,0.000723149860277772,0,0,all_zero_column,0,0,1,1,0,1,0,1,288,0.0006624148227274418,0.002718627918511629
25,10,10,0.1,89,0,0.0016885160002857447,0.00013051601126790047,0.0002853588666766882,0.0,0.0,0.0,14,0.002184688812121749,0,2,two_column_check_failed,0,0,1,1,0,1,0,1,616,0.0021043908782303333,0.004054216900840402
25,10,10,0.1,89,1,0.001454629935324192,8.679297752678394e-05,0.0005596589762717485,0.0012599430046975613,7.832399569451809e-05,0.07357582007534802,11,0.07702098414301872,1,6,SAT_unsat_identifiable,1,0,1,1,0,0,0,0,472,0.003439348889514804,0.003941557137295604
25,10,10,0.1,89,2,0.0007963520474731922,0.0,0.0,0.0,0.0,0.0,9,0.0008922240231186152,0,-1,basis_J_less_than_K,0,0,1,1,0,1,0,1,512,0.0007963520474731922,0.0031275919172912836
25,10,10,0.1,89,3,0.001529431901872158,9.362609125673771e-05,6.511388346552849e-05,0.0,0.0,0.0,12,0.001774537842720747,0,2,two_column_check_failed,0,1,0,1,0,1,0,1,720,0.0016881718765944242,0.003060522023588419
25,10,10,0.1,89,4,0.000991747947409749,9.189406409859657e-05,0.00021390896290540695,0.0,0.0,0.0,10,0.0013741578441113234,0,2,two_column_check_failed,0,0,1,1,0,1,0,1,512,0.0012975509744137526,0.0032696230337023735
25,10,10,0.1,89,5,0.0004090159200131893,0.0,0.0,0.0,0.0,0.0,8,0.0004804909694939852,0,-1,basis_J_less_than_K,0,0,1,1,0,1,0,1,192,0.0004090159200131893,0.0025608341675251722
25,10,10,0.1,89,6,0.0013596978969871998,8.309399709105492e-05,6.426498293876648e-05,0.0,0.0,0.0,10,0.001577257877215743,0,2,two_column_check_failed,0,0,1,1,0,1,0,1,640,0.0015070568770170212,0.003109134966507554
25,10,10,0.1,89,7,0.0009799969848245382,9.149289689958096e-05,8.652801625430584e-05,0.0,0.0,0.0,11,0.0012304510455578566,0,2,two_column_check_failed,0,1,0,1,0,1,0,1,304,0.001158017897978425,0.002962504979223013
25,10,10,0.1,89,8,0.0008203568868339062,1.760595478117466e-05,0.0,0.0,0.0,0.0,10,0.0009271788876503706,0,0,all_zero_column,0,0,1,1,0,1,0,1,312,0.0008379628416150808,0.002945033134892583
25,10,10,0.1,89,9,0.0020865609403699636,8.350121788680553e-05,0.0005545811727643013,0.001101125031709671,6.710994057357311e-05,0.16300441208295524,11,0.16691311891190708,1,6,SAT_unsat_identifiable,1,0,1,1,0,0,0,0,832,0.0038928783033043146,0.004728666041046381
25,10,10,0.1,91,0,0.0009555728174746037,8.060201071202755e-05,0.0,0.0,0.0,0.0,10,0.0011170520447194576,0,0,all_zero_column,0,0,1,1,0,1,0,1,352,0.0010361748281866312,0.0032050160225480795
25,10,10,0.1,91,1,0.0009388912003487349,0.00011902395635843277,0.00023901206441223621,0.0,0.0,0.0,12,0.001372222788631916,0,2,two_column_check_failed,0,1,0,1,0,1,0,1,364,0.0012969272211194038,0.0033682810608297586
25,10,10,0.1,91,2,0.0015160918701440096,0.0001093840692192316,0.0002269779797643423,0.0,0.0,0.0,11,0.0019166979473084211,0,2,two_column_check_failed,0,0,1,1,0,1,0,1,528,0.0018524539191275835,0.0033457339741289616
25,10,10,0.1,91,3,0.0007864909712225199,0.00010413303971290588,0.00020529492758214474,0.0,0.0,0.0,11,0.0011690719984471798,0,2,two_column_check_failed,0,0,1,1,0,1,0,1,360,0.0010959189385175705,0.003266924060881138
25,10,10,0.1,91,4,0.0014300639741122723,0.0001129519660025835,0.0006050958763808012,0.0,0.0,0.0,11,0.002233490813523531,0,2,two_column_check_failed,0,0,1,1,0,1,0,1,640,0.002148111816495657,0.003982570953667164
25,10,10,0.1,91,5,0.0011478951200842857,0.00010356493294239044,0.0002174610272049904,0.0,0.0,0.0,11,0.001543082995340228,0,2,two_column_check_failed,0,0,1,1,0,1,0,1,396,0.0014689210802316666,0.0033411909826099873
25,10,10,0.1,91,6,0.00036853388883173466,0.0,0.0,0.0,0.0,0.0,9,0.0004606728907674551,0,-1,basis_J_less_than_K,0,0,1,1,0,1,0,1,168,0.00036853388883173466,0.002781165996566415
25,10,10,0.1,91,7,0.0010223300196230412,0.00010722316801548004,0.0002596820704638958,0.0,0.0,0.0,12,0.001455250894650817,0,2,two_column_check_failed,0,0,1,1,0,1,0,1,360,0.001389235258102417,0.0033993669785559177
25,10,10,0.1,91,8,0.0006106849759817123,8.227396756410599e-05,0.0,0.0,0.0,0.0,11,0.0007676619570702314,0,0,all_zero_column,0,0,1,1,0,1,0,1,238,0.0006929589435458183,0.0030766210984438658
25,10,10,0.1,91,9,0.00040311296470463276,0.0,0.0,0.0,0.0,0.0,9,0.0004758338909596205,0,-1,basis_J_less_than_K,0,0,1,1,0,1,0,1,112,0.00040311296470463276,0.0025480238255113363
25,10,10,0.1,93,0,0.0006277028005570173,9.170803241431713e-05,0.0,0.0,0.0,0.0,12,0.0007822350598871708,0,0,all_zero_column,0,0,1,1,0,1,0,1,166,0.0007194108329713345,0.0031417037826031446
25,10,10,0.1,93,1,0.0012986210640519857,8.49040225148201e-05,0.0005592838861048222,0.0,0.0,0.0,12,0.0020025609992444515,0,2,two_column_check_failed,0,0,1,1,0,1,0,1,418,0.001942808972671628,0.003613807028159499
25,10,10,0.1,93,2,0.0005245259962975979,0.0,0.0,0.0,0.0,0.0,9,0.0006073638796806335,0,-1,basis_J_less_than_K,0,0,1,1,0,1,0,1,384,0.0005245259962975979,0.0025538760237395763
25,10,10,0.1,93,3,0.0005125049501657486,0.0,0.0,0.0,0.0,0.0,9,0.0005759440828114748,0,-1,basis_J_less_than_K,0,1,0,1,0,1,0,1,384,0.0005125049501657486,0.002749436069279909
25,10,10,0.1,93,4,0.002145289210602641,9.963102638721466e-05,0.0006722440011799335,0.0010929640848189592,6.967596709728241e-05,0.1721241818740964,12,0.17620960692875087,1,6,SAT_unsat_identifiable,1,0,1,1,0,0,0,0,928,0.004079804290086031,0.00410176906734705
25,10,10,0.1,93,5,0.0005675009451806545,0.0,0.0,0.0,0.0,0.0,9,0.000634653028100729,0,-1,basis_J_less_than_K,0,0,1,1,0,1,0,1,384,0.0005675009451806545,0.0025731429923325777
25,10,10,0.1,93,6,0.0010741411242634058,0.00010808301158249378,0.0003091949038207531,0.0,0.0,0.0,10,0.0015590849798172712,0,2,two_column_check_failed,0,0,1,1,0,1,0,1,768,0.0014914190396666527,0.003210649127140641
25,10,10,0.1,93,7,0.000979047967121005,8.428096771240234e-05,0.00010004499927163124,0.0,0.0,0.0,10,0.0012234419118613005,0,2,two_column_check_failed,0,0,1,1,0,1,0,1,576,0.0011633739341050386,0.002733424073085189
25,10,10,0.1,93,8,0.0008721610065549612,5.172519013285637e-05,0.0,0.0,0.0,0.0,11,0.0009889511857181787,0,0,all_zero_column,0,0,1,1,0,1,0,1,352,0.0009238861966878176,0.0028821700252592564
25,10,10,0.1,93,9,0.0009227539412677288,8.697318844497204e-05,5.418783985078335e-05,0.0,0.0,0.0,11,0.0011222849134355783,0,2,two_column_check_failed,0,1,0,1,0,1,0,1,384,0.0010639149695634842,0.002686005085706711
25,10,10,0.1,92,0,0.0015445759054273367,0.00013650697655975819,8.04038718342781e-05,0.0,0.0,0.0,10,0.0018619389738887548,0,2,two_column_check_failed,0,0,1,1,0,1,0,1,768,0.001761486753821373,0.0031744849402457476
25,10,10,0.1,92,1,0.0005406232085078955,4.0700891986489296e-05,0.0,0.0,0.0,0.0,10,0.000664175022393465,0,0,all_zero_column,0,0,1,1,0,1,0,1,168,0.0005813241004943848,0.0027711859438568354
25,10,10,0.1,92,2,0.0005577239207923412,0.00010406295768916607,6.890110671520233e-05,0.0,0.0,0.0,11,0.0007972728926688433,0,2,two_column_check_failed,0,0,1,1,0,1,0,1,170,0.0007306879851967096,0.002880978165194392
25,10,10,0.1,92,3,0.00024429289624094963,0.0,0.0,0.0,0.0,0.0,7,0.0003127618692815304,0,-1,basis_J_less_than_K,0,0,1,1,0,1,0,1,96,0.00024429289624094963,0.0024134290870279074
25,10,10,0.1,92,4,0.0007472210563719273,6.50361180305481e-05,0.0,0.0,0.0,0.0,10,0.0008755619637668133,0,0,all_zero_column,0,0,1,1,0,1,0,1,252,0.0008122571744024754,0.002827394986525178
25,10,10,0.1,92,5,0.0009168630931526423,0.00010012509301304817,0.0002507681492716074,0.0,0.0,0.0,10,0.001339899841696024,0,2,two_column_check_failed,0,0,1,1,0,1,0,1,416,0.0012677563354372978,0.0032118188682943583
25,10,10,0.1,92,6,0.001024471828714013,4.185293801128864e-05,0.0,0.0,0.0,0.0,11,0.0011446420103311539,0,0,all_zero_column,0,1,0,1,0,1,0,1,464,0.0010663247667253017,0.0030531499069184065
25,10,10,0.1,92,7,0.00039543211460113525,0.0,0.0,0.0,0.0,0.0,9,0.0004787989892065525,0,-1,basis_J_less_than_K,0,1,0,1,0,1,0,1,180,0.00039543211460113525,0.0027811310719698668
25,10,10,0.1,92,8,0.0005838880315423012,0.0,0.0,0.0,0.0,0.0,9,0.0006731599569320679,0,-1,basis_J_less_than_K,0,0,1,1,0,1,0,1,216,0.0005838880315423012,0.0027023619040846825
25,10,10,0.1,92,9,0.00037944712676107883,0.0,0.0,0.0,0.0,0.0,8,0.00045953295193612576,0,-1,basis_J_less_than_K,0,0,1,1,0,1,0,1,192,0.00037944712676107883,0.00253675295971334
25,10,10,0.1,94,0,0.0003969259560108185,0.0,0.0,0.0,0.0,0.0,8,0.00046809599734842777,0,-1,basis_J_less_than_K,0,1,0,1,0,1,0,1,144,0.0003969259560108185,0.002948956098407507
25,10,10,0.1,94,1,0.001319801900535822,0.0001073051244020462,0.0003947929944843054,0.0,0.0,0.0,12,0.001898663816973567,0,2,two_column_check_failed,0,0,1,1,0,1,0,1,356,0.0018219000194221735,0.0037214849144220352
25,10,10,0.1,94,2,0.0019541019573807716,9.892089292407036e-05,0.000625313026830554,0.0012247851118445396,8.924701251089573e-05,0.10319626587443054,11,0.10719736898317933,1,6,SAT_unsat_identifiable,1,1,0,1,0,0,0,0,672,0.003992368001490831,0.0043558229226619005
25,10,10,0.1,94,3,0.0006167308893054724,0.0,0.0,0.0,0.0,0.0,9,0.0007154680788516998,0,-1,basis_J_less_than_K,0,0,1,1,0,1,0,1,384,0.0006167308893054724,0.0032617219258099794
25,10,10,0.1,94,4,0.0009207038674503565,9.806104935705662e-05,0.00011314707808196545,0.0,0.0,0.0,10,0.0012123810593038797,0,2,two_column_check_failed,0,0,1,1,0,1,0,1,400,0.0011319119948893785,0.003032670821994543
25,10,10,0.1,94,5,0.0010612108744680882,8.374196477234364e-05,0.0,0.0,0.0,0.0,12,0.0012280151713639498,0,0,all_zero_column,0,0,1,1,0,1,0,1,288,0.0011449528392404318,0.0032585321459919214
25,10,10,0.1,94,6,0.0011252209078520536,9.581889025866985e-05,6.384914740920067e-05,0.0,0.0,0.0,11,0.0013575879856944084,0,2,two_column_check_failed,0,0,1,1,0,1,0,1,528,0.0012848889455199242,0.003182755084708333
25,10,10,0.1,94,7,0.0009072308894246817,9.08880028873682e-05,0.0,0.0,0.0,0.0,11,0.0010637680534273386,0,0,all_zero_column,0,0,1,1,0,1,0,1,264,0.0009981188923120499,0.003213234944269061
25,10,10,0.1,94,8,0.0006238548085093498,4.4387998059391975e-05,0.0,0.0,0.0,0.0,11,0.0007336852140724659,0,0,all_zero_column,0,0,1,1,0,1,0,1,138,0.0006682428065687418,0.002982954028993845
25,10,10,0.1,94,9,0.00023729493841528893,0.0,0.0,0.0,0.0,0.0,7,0.0003044458571821451,0,-1,basis_J_less_than_K,0,0,1,1,0,1,0,1,96,0.00023729493841528893,0.002444363897666335
25,10,10,0.1,96,0,0.0007700850255787373,0.0001298289280384779,0.00018734391778707504,0.0,0.0,0.0,10,0.001166030066087842,0,2,two_column_check_failed,0,1,0,1,0,1,0,1,416,0.0010872578714042902,0.003082768991589546
25,10,10,0.1,96,1,0.0009086201898753643,9.063887409865856e-05,0.00010678195394575596,0.0,0.0,0.0,10,0.0011751700658351183,0,2,two_column_check_failed,0,0,1,1,0,1,0,1,432,0.0011060410179197788,0.0027157950680702925
25,10,10,0.1,96,2,0.0006262590177357197,3.9326027035713196e-05,0.0,0.0,0.0,0.0,10,0.00072636385448277,0,0,all_zero_column,0,0,1,1,0,1,0,1,240,0.0006655850447714329,0.0024415019433945417
25,10,10,0.1,96,3,0.00094837904907763,8.113216608762741e-05,9.93178691715002e-05,0.0,0.0,0.0,14,0.0011926600709557533,0,2,two_column_check_failed,0,0,1,1,0,1,0,1,309,0.0011288290843367577,0.0031807399354875088
25,10,10,0.1,96,4,0.0005761268548667431,4.480290226638317e-05,0.0,0.0,0.0,0.0,11,0.0006718910299241543,0,0,all_zero_column,0,0,1,1,0,1,0,1,216,0.0006209297571331263,0.002517560962587595
25,10,10,0.1,96,5,0.0005450178869068623,8.133985102176666e-05,0.00015936396084725857,0.0,0.0,0.0,10,0.0008440590463578701,0,2,two_column_check_failed,0,0,1,1,0,1,0,1,320,0.0007857216987758875,0.0027594349812716246
25,10,10,0.1,96,6,0.00033064698800444603,0.0,0.0,0.0,0.0,0.0,9,0.00039238505996763706,0,-1,basis_J_less_than_K,0,1,0,1,0,1,0,1,192,0.00033064698800444603,0.0024909370113164186
25,10,10,0.1,96,7,0.0005263329949229956,7.929396815598011e-05,3.7439167499542236e-05,0.0,0.0,0.0,10,0.0007111020386219025,0,2,two_column_check_failed,0,1,0,1,0,1,0,1,240,0.0006430661305785179,0.0023777498863637447
25,10,10,0.1,96,8,0.0019958310294896364,7.943087257444859e-05,0.0003497241996228695,0.0,0.0,0.0,15,0.002482813084498048,0,2,two_column_check_failed,0,0,1,1,0,1,0,1,466,0.0024249861016869545,0.0032431529834866524
25,10,10,0.1,96,9,0.0005097859539091587,6.936490535736084e-05,0.0,0.0,0.0,0.0,11,0.000639735022559762,0,0,all_zero_column,0,0,1,1,0,1,0,1,184,0.0005791508592665195,0.0027793999761343002
25,10,10,0.1,95,0,0.0006768228486180305,0.00010467506945133209,0.0,0.0,0.0,0.0,10,0.0008754420559853315,0,0,all_zero_column,0,1,0,1,0,1,0,1,216,0.0007814979180693626,0.003437233157455921
25,10,10,0.1,95,1,0.0012351509649306536,0.0001025218516588211,0.00013521104119718075,0.0,0.0,0.0,11,0.0015440271236002445,0,2,two_column_check_failed,0,0,1,1,0,1,0,1,544,0.0014728838577866554,0.003201254876330495
25,10,10,0.1,95,2,0.000623330008238554,3.7315068766474724e-05,0.0,0.0,0.0,0.0,10,0.0007317881099879742,0,0,all_zero_column,0,0,1,1,0,1,0,1,336,0.0006606450770050287,0.002869275864213705
25,10,10,0.1,95,3,0.0004951099399477243,0.0,0.0,0.0,0.0,0.0,9,0.0005634909030050039,0,-1,basis_J_less_than_K,0,0,1,1,0,1,0,1,240,0.0004951099399477243,0.0029720449820160866
25,10,10,0.1,95,4,0.000410847133025527,4.454702138900757e-05,0.0,0.0,0.0,0.0,10,0.000519647030159831,0,0,all_zero_column,0,0,1,1,0,1,0,1,133,0.00045539415441453457,0.002883640117943287
25,10,10,0.1,95,5,0.001214026939123869,9.509106166660786e-05,0.0004139919765293598,0.0,0.0,0.0,12,0.0018005480524152517,0,2,two_column_check_failed,0,0,1,1,0,1,0,1,400,0.0017231099773198366,0.003963324939832091
25,10,10,0.1,95,6,0.0022420771420001984,9.590690024197102e-05,0.0007567359134554863,0.0012112569529563189,7.711583748459816e-05,0.17041559191420674,14,0.17480533500202,1,6,SAT_unsat_identifiable,1,0,1,1,0,0,0,0,692,0.004383092746138573,0.00465323799289763
25,10,10,0.1,95,7,0.00041326088830828667,0.0,0.0,0.0,0.0,0.0,8,0.00048613897524774075,0,-1,basis_J_less_than_K,0,0,1,1,0,1,0,1,160,0.00041326088830828667,0.0024708749260753393
25,10,10,0.1,95,8,0.0007162641268223524,0.0,0.0,0.0,0.0,0.0,9,0.0007915990427136421,0,-1,basis_J_less_than_K,0,0,1,1,0,1,0,1,384,0.0007162641268223524,0.0029549049213528633
25,10,10,0.1,95,9,0.0007018148899078369,9.697605855762959e-05,0.0002180479932576418,0.0,0.0,0.0,11,0.0011030680034309626,0,2,two_column_check_failed,0,0,1,1,0,1,0,1,344,0.0010168389417231083,0.0034193359315395355
25,10,10,0.1,98,0,0.0007557689677923918,5.4037896916270256e-05,0.0,0.0,0.0,0.0,10,0.0008804399985820055,0,0,all_zero_column,0,0,1,1,0,1,0,1,352,0.000809806864708662,0.0028196480125188828
25,10,10,0.1,98,1,0.0005414849147200584,2.8547830879688263e-05,0.0,0.0,0.0,0.0,10,0.0006297810468822718,0,0,all_zero_column,0,0,1,1,0,1,0,1,184,0.0005700327455997467,0.002422393998131156
25,10,10,0.1,98,2,0.0007143111433833838,7.57251400500536e-05,0.0,0.0,0.0,0.0,10,0.0008456369396299124,0,0,all_zero_column,0,0,1,1,0,1,0,1,312,0.0007900362834334373,0.0027907330077141523
25,10,10,0.1,98,3,0.0004677688702940941,2.879183739423752e-05,0.0,0.0,0.0,0.0,11,0.0005484570283442736,0,0,all_zero_column,0,0,1,1,0,1,0,1,139,0.0004965607076883316,0.0025812750682234764
25,10,10,0.1,98,4,0.001332947053015232,8.249678649008274e-05,0.0005205799825489521,0.001200087834149599,6.500701420009136e-05,0.0,10,0.0032047799322754145,1,4,identity_submatrix_direct_id,0,0,1,1,0,0,1,0,1024,0.0032011186704039574,0.003629729151725769
25,10,10,0.1,98,5,0.00013226387090981007,0.0,0.0,0.0,0.0,0.0,6,0.00019875401630997658,0,-1,basis_J_less_than_K,0,0,1,1,0,1,0,1,64,0.00013226387090981007,0.0020434230100363493
25,10,10,0.1,98,6,0.0008077090606093407,8.013495244085789e-05,0.00013407296501100063,0.0,0.0,0.0,12,0.0011005240958184004,0,2,two_column_check_failed,0,0,1,1,0,1,0,1,416,0.0010219169780611992,0.003025691956281662
25,10,10,0.1,98,7,0.00014014984481036663,0.0,0.0,0.0,0.0,0.0,6,0.00019644200801849365,0,-1,basis_J_less_than_K,0,1,0,1,0,1,0,1,64,0.00014014984481036663,0.00196942500770092
25,10,10,0.1,97,0,0.0005823818501085043,0.0001057011540979147,0.0,0.0,0.0,0.0,11,0.0007731441874057055,0,0,all_zero_column,0,0,1,1,0,1,0,1,200,0.000688083004206419,0.0034537240862846375
25,10,10,0.1,97,1,0.0005427710711956024,0.0,0.0,0.0,0.0,0.0,9,0.0006247442215681076,0,-1,basis_J_less_than_K,0,0,1,1,0,1,0,1,272,0.0005427710711956024,0.002814703853800893
25,10,10,0.1,97,2,0.0007549840956926346,0.0,0.0,0.0,0.0,0.0,9,0.0008337369654327631,0,-1,basis_J_less_than_K,0,0,1,1,0,1,0,1,384,0.0007549840956926346,0.0026870230212807655
25,10,10,0.1,97,3,0.0011152250226587057,6.806710734963417e-05,0.0,0.0,0.0,0.0,10,0.0012714930344372988,0,0,all_zero_column,0,0,1,1,0,1,0,1,448,0.0011832921300083399,0.002857607090845704
25,10,10,0.1,97,4,0.0007289662025868893,2.8221867978572845e-05,0.0,0.0,0.0,0.0,11,0.0008211079984903336,0,0,all_zero_column,0,0,1,1,0,1,0,1,248,0.0007571880705654621,0.002876127138733864
25,10,10,0.1,97,5,0.001147543080151081,9.492295794188976e-05,4.7490932047367096e-05,0.0,0.0,0.0,10,0.001389176119118929,0,2,two_column_check_failed,0,0,1,1,0,1,0,1,576,0.001289956970140338,0.00278408988378942
25,10,10,0.1,97,6,0.0008668790105730295,0.00010074605233967304,9.678886272013187e-05,0.0,0.0,0.0,13,0.0011309301480650902,0,2,two_column_check_failed,0,0,1,1,0,1,0,1,348,0.0010644139256328344,0.0033663439098745584
25,10,10,0.1,97,7,0.000687809893861413,9.472295641899109e-05,0.00031184288673102856,0.0,0.0,0.0,11,0.001165695022791624,0,2,two_column_check_failed,0,0,1,1,0,1,0,1,246,0.0010943757370114326,0.0033246621023863554
25,10,10,0.1,98,8,0.0010159178636968136,8.092098869383335e-05,0.0005527909379452467,0.0011733840219676495,6.467383354902267e-05,0.07169449888169765,11,0.07458757585845888,1,6,SAT_unsat_identifiable,1,1,0,1,0,0,0,0,496,0.0028876876458525658,0.0037222409155219793
25,10,10,0.1,98,9,0.0010963489767163992,8.535897359251976e-05,7.080193608999252e-05,0.0,0.0,0.0,12,0.0013413899578154087,0,2,two_column_check_failed,0,0,1,1,0,1,0,1,304,0.0012525098863989115,0.0027201941702514887
25,10,10,0.1,97,8,0.002448315965011716,0.00010043103247880936,0.0006704789120703936,0.0012123498599976301,7.41549301892519e-05,0.16207545110955834,12,0.16658823494799435,1,6,SAT_unsat_identifiable,1,0,1,1,0,0,0,0,784,0.004505730699747801,0.004117476986721158
25,10,10,0.1,97,9,0.0015537608414888382,0.00011408701539039612,0.0006324560381472111,0.001245355000719428,8.866004645824432e-05,0.13565242290496826,11,0.13930651592090726,1,6,SAT_unsat_identifiable,1,0,1,1,0,0,0,0,896,0.0036343189422041178,0.004521109163761139
25,10,10,0.1,99,0,0.0011461740359663963,0.00013679894618690014,0.00016225897707045078,0.0,0.0,0.0,12,0.0015248570125550032,0,2,two_column_check_failed,0,1,0,1,0,1,0,1,476,0.0014452319592237473,0.0036377310752868652
25,10,10,0.1,99,1,0.0010460580233484507,8.931290358304977e-05,0.00020595709793269634,0.0,0.0,0.0,11,0.0014172799419611692,0,2,two_column_check_failed,0,0,1,1,0,1,0,1,440,0.0013413280248641968,0.0033192550763487816
25,10,10,0.1,99,2,0.00207028491422534,9.583402425050735e-05,0.0002356870099902153,0.0,0.0,0.0,12,0.0024832619819790125,0,2,two_column_check_failed,0,1,0,1,0,1,0,1,552,0.0024018059484660625,0.0033161030150949955
25,10,10,0.1,99,3,0.0007666531018912792,0.0,0.0,0.0,0.0,0.0,9,0.0008607630152255297,0,-1,basis_J_less_than_K,0,0,1,1,0,1,0,1,512,0.0007666531018912792,0.002850026125088334
25,10,10,0.1,99,4,0.0015447682235389948,9.297183714807034e-05,0.00023636408150196075,0.0,0.0,0.0,12,0.0019360198639333248,0,2,two_column_check_failed,0,0,1,1,0,1,0,1,456,0.0018741041421890259,0.0033434878569096327
25,10,10,0.1,99,5,0.0008945099543780088,1.8582912161946297e-05,0.0,0.0,0.0,0.0,11,0.0009917709976434708,0,0,all_zero_column,0,1,0,1,0,1,0,1,300,0.0009130928665399551,0.003074378939345479
25,10,10,0.1,99,6,0.0011833799071609974,2.6192981749773026e-05,0.0,0.0,0.0,0.0,12,0.0012767231091856956,0,0,all_zero_column,0,0,1,1,0,1,0,1,276,0.0012095728889107704,0.0028027279768139124
25,10,10,0.1,99,7,0.0015421491116285324,9.546801447868347e-05,0.0005722809582948685,0.0012068739160895348,8.231098763644695e-05,0.0,10,0.003502646926790476,1,4,identity_submatrix_direct_id,0,0,1,1,0,0,1,0,1024,0.003499082988128066,0.004021550994366407
25,10,10,0.1,99,8,0.0002520389389246702,0.0,0.0,0.0,0.0,0.0,7,0.0003489821683615446,0,-1,basis_J_less_than_K,0,0,1,1,0,1,0,1,128,0.0002520389389246702,0.0022908919490873814
25,10,10,0.1,99,9,0.0024041838478296995,9.546615183353424e-05,0.0007004470098763704,0.001243008067831397,7.58129172027111e-05,0.1800884201657027,13,0.18461379990912974,1,6,SAT_unsat_identifiable,1,0,1,1,0,0,0,0,816,0.004518917994573712,0.004453113069757819
