schema_version,J,K,N,seed,sim,operator,solver_name,rng_engine,generation_time,q_bitstring,q_sha256,design,design_id,p,zero_row_policy,basis_time,identity_check_time,two_col_check_time,three_col_check_time,sat_time,algorithm_time,preprocess_time,J_basis,M_basis,identifiable,branch,branch_label,sat_called,sat_formulation,sat_cardinality_encoding,cardinality_encoding_requested,maximal_candidate_requested,sat_variables,sat_clauses,identity_original,not_complete_original,has_pure_node_original,no_pure_nodes_original,has_zero_row_original,two_col_violation_original,three_col_violation_original,two_column_pass_original,both_necessary_checks_pass_original,I_3c,identity_basis,two_col_violation_basis,diagnostics_time
4,100,5,100,488783887,0,conj,glucose42,MT19937-RandomState,0.00015862379223108292,00111011111001011111011111101101110011001111101001101111001111001110100011111111011100111011111100111110111111010110101111101111111000111011110111011111110001011111110011111101100101110001111111001101101111101100010111011101111010101111110111111100111010011001011011110101101011010001110110101111111000010111101101001100011111111110101011111111110011111001110000010011101111111011110001111111110001001011111101111111110110001111111101111111011111111111111011010011110101011111011111111111101111011110,ab5137cd79c550ae72a6ce6a56a05c8ee7c6b7956ebe359f50d8dd5ea2af3206,bernoulli,bernoulli|conj|p=0.7|zero=allow_iid|rng=MT19937-RandomState,0.7,allow_iid,0.00048224255442619324,6.650108844041824e-05,0.00015211477875709534,0.00014110561460256577,0.015460609458386898,0.016308956779539585,0.0008419640362262726,10,28,1,6,SAT_unsat_identifiable,1,boolean_factorization,exclude_x,exclude_x,0,205,598,0,1,1,0,0,0,0,1,1,1,0,0,0.0016532158479094505
4,100,5,100,488783887,1,conj,glucose42,MT19937-RandomState,5.374569445848465e-05,11111111111111111010111001011101010001110101111111011111111110100001111111110111111111111111101100100100101111011111111111101111110100011010111110101101011011101011010111110101111111110101111111011111010110110001100010101111111111111011111110111111111111101011001111111011111101011011010101111110101001100110001101110111101111011001011111001111101111111111101111011111101010100001111011110111101111010101110111111110111101001110011111111111110110111111100010111011110101111110100111111101110111011011,6dea424d9f901b9adaee3f1062deff0f1e9b4d02d5004c6b46117f9657897a4f,bernoulli,bernoulli|conj|p=0.7|zero=allow_iid|rng=MT19937-RandomState,0.7,allow_iid,0.00039576925337314606,4.149414598941803e-05,0.00012644007802009583,0.00010271184146404266,0.0008359942585229874,0.001507757231593132,0.0006664153188467026,8,25,1,6,SAT_unsat_identifiable,1,boolean_factorization,exclude_x,exclude_x,0,172,480,0,1,1,0,0,0,0,1,1,1,0,0,0.0015476308763027191
4,100,5,100,488783887,2,conj,glucose42,MT19937-RandomState,3.780145198106766e-05,10101011001111111101111111111011111111001110011100111111101010011111110111111110011110101010010000111111111111011111110011100101011011110110011101110111100111110111111011111001101001111000100101001101010101011011111111101010000011110011111111111011101111101011111101111101000111011110111110111111110101110101111101011111011010111110011011110111101110001000111011001101101111110011111111111100000110011101111010101011001111111111111111111110101101111010111110111101000110010111101110000101110101000101,830290332b3e2fd6d89697556d9cffaea7ddae91faf3aa2d0393cfd4c62f6791,bernoulli,bernoulli|conj|p=0.7|zero=allow_iid|rng=MT19937-RandomState,0.7,allow_iid,0.0003987392410635948,3.6510638892650604e-05,0.00011305324733257294,0.00010795705020427704,0.0006582466885447502,0.0013185041025280952,0.0006562601774930954,7,29,1,6,SAT_unsat_identifiable,1,boolean_factorization,exclude_x,exclude_x,0,143,406,0,1,1,0,1,0,0,1,1,1,0,0,0.0014746645465493202
4,100,5,100,488783887,3,conj,glucose42,MT19937-RandomState,3.577210009098053e-05,01111111011000001100111110011011011111100011111111111101001111111101101101111011110111111111101111100111111110111110111101110111110101110000110110110111100011110100110111111111110111010011101001111111101011111111111011000111100011101111011000010110110100111111001011001010110111111111101111110111011101111111111110111110111111010111111101010111111011110110011101010111110111100011111100111001101111110011101111010110100100011101111100010110001101101110101111111010011010110110111101010001111101111111,944d11b5c2db798d10554077a81ac946f62bff96758260b0aa0bf073a2e129b6,bernoulli,bernoulli|conj|p=0.7|zero=allow_iid|rng=MT19937-RandomState,0.7,allow_iid,0.0004248702898621559,3.818050026893616e-05,0.00013771653175354004,0.00012782402336597443,0.0008441675454378128,0.0015769442543387413,0.0007285913452506065,10,28,1,6,SAT_unsat_identifiable,1,boolean_factorization,exclude_x,exclude_x,0,205,598,0,1,1,0,0,0,0,1,1,1,0,0,0.0015159565955400467
4,100,5,100,488783887,4,conj,glucose42,MT19937-RandomState,3.523007035255432e-05,11010101111111110111011110111111111010111101011101111001111111111110100001111101111010110111111110101111110011111011100111110001111111111010111011101001111111110111111010100100101110011000011110111101011010101011101001010000111111011001110101011101101111000000101100101110100101111101111111111111110111100011111011101110111101111011111110111011110111101000111111111111010111100111110001111111001111111111101011111111111101011101110110110100101000111111100111111001011111101100111000111101111111111100,e3e6a1a39c7df5ef1c876f473e0591299a6cf41482c11b5ae99a8bbf1c5cf96e,bernoulli,bernoulli|conj|p=0.7|zero=allow_iid|rng=MT19937-RandomState,0.7,allow_iid,0.0003939373418688774,3.695674240589142e-05,0.0001214984804391861,9.841099381446838e-05,0.000695742666721344,0.0013506673276424408,0.0006508035585284233,8,25,1,6,SAT_unsat_identifiable,1,boolean_factorization,exclude_x,exclude_x,0,172,480,0,1,1,0,1,0,0,1,1,1,0,0,0.0014791134744882584
4,100,5,100,488783887,5,conj,glucose42,MT19937-RandomState,3.518350422382355e-05,00101100111100101111101111101111000000111001111011011101111011001110111110101111001111011011111111010111111111100101111100111101000011101010111011110111100010111111111110101101110111011110111110110111111101110011011011001111000010111110101111110110111101011111111110000111011110011011010111111111110000111101101110110110111110111111111111110111011111110101101111111111011001011101001111011111101111110000111011111101111101100101010101110010001110100110011111101110111000010011011111001101111111111011,18cd65ca816a0bcaf28ae90dd855af32f677004cd7709409aa31de4787bc5a26,bernoulli,bernoulli|conj|p=0.7|zero=allow_iid|rng=MT19937-RandomState,0.7,allow_iid,0.0004103202372789383,4.125572741031647e-05,0.00012973137199878693,0.00010009761899709702,0.0007695099338889122,0.0014548646286129951,0.0006814049556851387,9,27,1,6,SAT_unsat_identifiable,1,boolean_factorization,exclude_x,exclude_x,0,186,536,0,1,1,0,0,0,0,1,1,1,0,0,0.001498313620686531
4,100,5,100,488783887,6,conj,glucose42,MT19937-RandomState,3.640633076429367e-05,11001010111101001111111111000110001010101111110111111111101110111011111111101010111011111101111110111111111111010100111011111001011111101110111011111011100110101001111111111111111011111111111110111101011011101010011110111011010101001010111111111100111111010011110101111010001110111110111101111101000110011101011110011111111011101111010010100111111011111101101011001010100111110111101101011001111110011110010001011110111111111111111111101101101001111110110110111111100111111011111010011000111001101001,03ea91dc3bd3a0abb2f288ed100b63562eacf10d0bdbf3aedd8ffd82b594ae54,bernoulli,bernoulli|conj|p=0.7|zero=allow_iid|rng=MT19937-RandomState,0.7,allow_iid,0.0003763725981116295,3.807898610830307e-05,0.0001397533342242241,0.00010016188025474548,0.0008973600342869759,0.0015557743608951569,0.0006543667986989021,10,23,1,6,SAT_unsat_identifiable,1,boolean_factorization,exclude_x,exclude_x,0,235,634,0,1,0,1,0,0,0,1,1,1,0,0,0.0014990810304880142
4,100,5,100,488783887,7,conj,glucose42,MT19937-RandomState,3.855302929878235e-05,11000111100111011011111110111111110011001101111111111010011100001011101111111111110101101011101101111111010110010111010111111111011001011111111111111011010101110010011100101001101111110111001011111111100111111101111010111101011011011111110111111001111110101110111000000110111010101111110100111111111101101111110110111111111011100011111111010101111101101111111101011101010110011111100110001111110110111001010011101111111111101111101100111010010111100011010101110111110111111111010011011000111111001001,e574a17592c92f52f8e68154d2d76240cfe67639e8b837498a4229ad8b8b53b4,bernoulli,bernoulli|conj|p=0.7|zero=allow_iid|rng=MT19937-RandomState,0.7,allow_iid,0.00040947552770376205,3.786012530326843e-05,0.00013038795441389084,9.781122207641602e-05,0.0007656896486878395,0.0014464044943451881,0.0006755348294973373,9,27,1,6,SAT_unsat_identifiable,1,boolean_factorization,exclude_x,exclude_x,0,186,536,0,1,1,0,0,0,0,1,1,1,0,0,0.0015192758291959763
4,100,5,100,488783887,8,conj,glucose42,MT19937-RandomState,3.5585835576057434e-05,11111001101010111111011010100111110001110111111100111011111101101111100100011111110111001110100110111001011000100111111001111110110011110011111011101111101110010011111101110101001001111110110101010101000110111110101101011110111011111110100010111111011011001100011010000111110001111011101011101111101010111010110100111000111001110101111101110101101111100101111111000111001100101111001001000011011001111111111111111101110111111111100111111010111111110111001111111110110010111111011110111111010011001111,474c4a7b992ec19e57a2708a93c4fc36eb6459c726a359c278531a86140ee7d7,bernoulli,bernoulli|conj|p=0.7|zero=allow_iid|rng=MT19937-RandomState,0.7,allow_iid,0.0004205899313092232,3.627035766839981e-05,0.00012017786502838135,0.00010479521006345749,0.0006925575435161591,0.0013778842985630035,0.0006818333640694618,8,31,1,6,SAT_unsat_identifiable,1,boolean_factorization,exclude_x,exclude_x,0,157,462,0,1,1,0,0,0,0,1,1,1,0,0,0.0014771679416298866
4,100,5,100,488783887,9,conj,glucose42,MT19937-RandomState,3.357231616973877e-05,11111011111011001110111011011101100000110011110111110111001111101011111101110011110111111000110101011011110111111111011001110111101011111011001110100111111101101101011001100011110111011011011101111111001111011111100011001001111111111111101110111111110111101111110101101010100101000101111010111111101110110111111111101101111110011111011100011110111100111111111111111101111011111110111111111011111111110100101001100111010010111111110011101111111100111111111111101000100011111101111110101111011001111101,373500bf0ca3a48a5269f6c97dc42374c387219fd4262bb627030d8533e3d263,bernoulli,bernoulli|conj|p=0.7|zero=allow_iid|rng=MT19937-RandomState,0.7,allow_iid,0.00034534092992544174,3.364682197570801e-05,0.00011249072849750519,0.0001055356115102768,0.0006608730182051659,0.001261257566511631,0.0005970140919089317,7,23,1,6,SAT_unsat_identifiable,1,boolean_factorization,exclude_x,exclude_x,0,163,430,0,1,0,1,0,0,0,1,1,1,0,0,0.0014487719163298607
4,100,5,100,488783887,10,conj,glucose42,MT19937-RandomState,5.506817251443863e-05,11001110000110101011100011110011010110111010011111011111110100011101101100110111101111111101110100100110111101100111011111000110110000010111100011011111110111110100111110110111110111111111011110011111101110011001111101111011011110111011010111100100111011110111111100111100011101110101111011111111111110100111110011100100111111111011111011000111111011101101111111111111101111010110101111111000011101000111011101111111111111011111111000111111111111111011110011111111101101111111100101001100001011101011,6c0f83bec1d7625cd33199b2faeedd64dbe3a2605a82d1f0e8299f755aa73e81,bernoulli,bernoulli|conj|p=0.7|zero=allow_iid|rng=MT19937-RandomState,0.7,allow_iid,0.0004208972677588463,4.0335580706596375e-05,0.00013321544975042343,0.00010221078991889954,0.0008309511467814445,0.0015313075855374336,0.0006966590881347656,9,27,1,6,SAT_unsat_identifiable,1,boolean_factorization,exclude_x,exclude_x,0,186,536,0,1,1,0,1,0,0,1,1,1,0,0,0.0014948779717087746
4,100,5,100,488783887,11,conj,glucose42,MT19937-RandomState,3.637094050645828e-05,11111001101111010101011100011100011100101111101011111101101111101101111111111011111111010001100000111101111100001101111110111011111000110111110101000010111100110000101011000011101000110100111111110101011001111001100111111101100100011111100011010111101111111100111011111111111110101111101111101111111101110011111100111110001010111100101101101110111110111111011111101101001101111100000000110100011111110011110111111111111100001010111101000111110111001111011001111110000011111011011111011001101011001111,3faf47658b94c2d7bb09cc0544aa17aeda24c4f76acb50967433d2b7e52acd41,bernoulli,bernoulli|conj|p=0.7|zero=allow_iid|rng=MT19937-RandomState,0.7,allow_iid,0.0004324642941355705,3.735348582267761e-05,0.00013545434921979904,9.921751916408539e-05,0.0007852595299482346,0.001493324525654316,0.0007044896483421326,9,28,1,6,SAT_unsat_identifiable,1,boolean_factorization,exclude_x,exclude_x,0,186,536,0,1,1,0,1,0,0,1,1,1,0,0,0.0014920542016625404
4,100,5,100,488783887,12,conj,glucose42,MT19937-RandomState,3.499723970890045e-05,11100111001100110111111011111101111111101111010101101011111011110100001011001111111001010111111111011001101010111111101111111010101111101101110101111110110011100111001001110101100111101101010101111110101101101110111111110111101111111100101011100011011111110010111111110001111101111010101101010111010111010011001010101100110111110110101111110111110100100100011111110110101101101010100010111011111111101111111100010110101110001100011011111111110111110010011000111111011101111010101111011111110101110111,4ee67d1075d5c43331a24dcef7f229756c9652f27805f594c65757259fd0e26a,bernoulli,bernoulli|conj|p=0.7|zero=allow_iid|rng=MT19937-RandomState,0.7,allow_iid,0.00040603242814540863,3.665406256914139e-05,0.00012984499335289001,9.986571967601776e-05,0.0007779151201248169,0.0014536771923303604,0.0006723972037434578,9,25,1,6,SAT_unsat_identifiable,1,boolean_factorization,exclude_x,exclude_x,0,196,548,0,1,1,0,0,0,0,1,1,1,0,0,0.0014770254492759705
4,100,5,100,488783887,13,conj,glucose42,MT19937-RandomState,3.378000110387802e-05,00010111011111111111101111001111110110111101111100111111111101110011111110110111111010100010111011010110101101100111011100100111011111111010101111111101011010111110100111100010010110101111111110111111110011011111110111111111111001111110100110111100111110011101101110111111001111011110011111111001101101111011010011101111001011111110110111100001110111011110111111010110110011011100111110011000111010101111110101111111111110111001101111111111110111111111101101110111100110101000010111100111010110111111,2288da99b551b0bf28e5c97ff19085224fd53910c98c66de6f213954e7212524,bernoulli,bernoulli|conj|p=0.7|zero=allow_iid|rng=MT19937-RandomState,0.7,allow_iid,0.0004154480993747711,3.7235207855701447e-05,0.00012904498726129532,9.930692613124847e-05,0.0007282150909304619,0.0014125732704997063,0.0006810352206230164,9,28,1,6,SAT_unsat_identifiable,1,boolean_factorization,exclude_x,exclude_x,0,186,536,0,1,1,0,0,0,0,1,1,1,0,0,0.0014842404052615166
4,100,5,100,488783887,14,conj,glucose42,MT19937-RandomState,3.329012542963028e-05,11101111001110101101100110100110111111011111111101001001110101110101011111101100100101111111110100101110110111101101111110100011111110111100001011111111100101101100111110111100111111111001111011110000010101111111101111000011111111111111011111111010101101010111011110011111111010101101100111101111110101110110011011111101111001111010111011110111100111110110100111100111110011111111110011011111101101100111111110111101111110011111010010111101110110111001111111101011111011111010011011110111011111111111,73826e59382ac77d99d255e87f9f3a7fe7c5cea4e02d7d367750da990ee1882d,bernoulli,bernoulli|conj|p=0.7|zero=allow_iid|rng=MT19937-RandomState,0.7,allow_iid,0.0004111044108867645,3.699492663145065e-05,0.00013007037341594696,9.83458012342453e-05,0.0007439050823450089,0.0014238469302654266,0.0006765155121684074,9,26,1,6,SAT_unsat_identifiable,1,boolean_factorization,exclude_x,exclude_x,0,191,542,0,1,1,0,0,0,0,1,1,1,0,0,0.0014811474829912186
4,100,5,100,488783887,15,conj,glucose42,MT19937-RandomState,4.9309805035591125e-05,11011101111111111110111111111011101101001111010011001111110111111000110101111111011001101110111111110111100101111001111111000111110110011110111001010111111111011110100001111111101110011111111110011111111110110111110111111101001100101000011111101110110110111111010111111111111110111101011011111101011011010011010110110111111001010111011111111111101101111100110110011111100110111010101101110100111101110101111100001111011011111111110011110110111011101011101110111101111101000000101111011101111110100110,0bae233b3bcd7e624e570315261bb959db4145e141171b3fd67e490f4edb9876,bernoulli,bernoulli|conj|p=0.7|zero=allow_iid|rng=MT19937-RandomState,0.7,allow_iid,0.0003801342099905014,3.8207508623600006e-05,0.00013834331184625626,9.89055261015892e-05,0.0008538533002138138,0.0015127947553992271,0.0006555905565619469,10,24,1,6,SAT_unsat_identifiable,1,boolean_factorization,exclude_x,exclude_x,0,225,622,0,1,1,0,1,0,0,1,1,1,0,0,0.00150286965072155
4,100,5,100,488783887,16,conj,glucose42,MT19937-RandomState,3.3777207136154175e-05,10111110011101001010110110110010111111110111111111000101011110011111110001111111011111001011111111111100001100010011111110001011011110101111111111111111100101110110111111011101001010111101110011011111111111011001110110110100111111111111011111101111000011000110011010001110111001111011001011011111100011011001011111101111101111111111111111011100011111111011001011111001011011101101010101110111111110101001110010111100111011001011101110111100111111110111011111101011111111111111101011111101101111001110,2885abbd2b2db5782b59778616f4b527981fef15163a397b4288d4950c948867,bernoulli,bernoulli|conj|p=0.7|zero=allow_iid|rng=MT19937-RandomState,0.7,allow_iid,0.000425451435148716,3.802962601184845e-05,0.00013946183025836945,9.958073496818542e-05,0.0008080378174781799,0.001513998955488205,0.0007025236263871193,10,27,1,6,SAT_unsat_identifiable,1,boolean_factorization,exclude_x,exclude_x,0,210,604,0,1,1,0,0,0,0,1,1,1,0,0,0.001501026563346386
4,100,5,100,488783887,17,conj,glucose42,MT19937-RandomState,3.400444984436035e-05,10101111101000100011101110110110011111110100011111111101010101011111101001100101111101011111111111111101111101100111011001011110110110011111101010111101001111110100001100111101011101101111111001011101101111011111011111101111011100001101111111111001101110111101011111000111111111111100110101111001111001001001111111111101101001010111111110011011111111011110101101001110111111011111110011111111111111101111110101110111101111110110110101110001111011110110110011011010111011100111000101000111001100011111,64e35713dd74b1364509521864005f71c653eb5ed4ee5921b3e304ac6111853d,bernoulli,bernoulli|conj|p=0.7|zero=allow_iid|rng=MT19937-RandomState,0.7,allow_iid,0.0004088990390300751,3.6728568375110626e-05,0.0001566065475344658,0.00010050833225250244,0.0008159270510077477,0.0015220660716295242,0.0007027424871921539,10,27,1,6,SAT_unsat_identifiable,1,boolean_factorization,exclude_x,exclude_x,0,210,604,0,1,1,0,0,0,0,1,1,1,0,0,0.001497059129178524
4,100,5,100,488783887,18,conj,glucose42,MT19937-RandomState,3.553368151187897e-05,11010100111010111101101011010011101101111110001101101111101101101110011111010010010001111001011111101111101111101110100010111110101100111001101111111110111100101111111110111111010111011001111111000101011111001011110101011011101111011011010111001101111101110101111001111111101100001100111101111100111111111111101110010111100111011011100011000111100011111110100011111011010111110111111011011001111111111111111100111111101111110111110110111001111110100110011101110111110111111011100100110000101011101111,2beeaed03204d2ab20023a299a603eb12dc160d6a18ac6a3710075b06bb0bda4,bernoulli,bernoulli|conj|p=0.7|zero=allow_iid|rng=MT19937-RandomState,0.7,allow_iid,0.0004198625683784485,3.654882311820984e-05,0.0001290915533900261,9.868573397397995e-05,0.0007275380194187164,0.001415289007127285,0.0006841886788606644,9,29,1,6,SAT_unsat_identifiable,1,boolean_factorization,exclude_x,exclude_x,0,181,530,0,1,1,0,0,0,0,1,1,1,0,0,0.001488231122493744
4,100,5,100,488783887,19,conj,glucose42,MT19937-RandomState,3.472156822681427e-05,10110011110011110111101010101011111011101101111010011101111000010100111100111111100111111011101111010111001000111011101100111110111001101011110110111001001100110011111100110101010010011100011111101001110101111111101111010110100111111100101111010110111111011001101010111111000101111011110011110110001011010110100010001010000010110111111111010011111111111100111111101111101110111111110100110001110110101011110111111111110000110110101111111110000110111111010111111110111011111101111011010101101110110111,f5751c57b402919218760174cbbe3cc57a7cf2cddc8f7a5e3d9265463640a65c,bernoulli,bernoulli|conj|p=0.7|zero=allow_iid|rng=MT19937-RandomState,0.7,allow_iid,0.0003961976617574692,3.509409725666046e-05,0.00011213123798370361,9.889993816614151e-05,0.0006193630397319794,0.001265079714357853,0.0006423229351639748,7,30,1,6,SAT_unsat_identifiable,1,boolean_factorization,exclude_x,exclude_x,0,138,400,0,1,1,0,0,0,0,1,1,1,0,0,0.0014621270820498466
4,100,5,100,488783887,20,conj,glucose42,MT19937-RandomState,5.143415182828903e-05,10111001100101111111110111110011111110010101111110101111001111110100110101111100101111111001110101101110010110010111111111011011001110111111111100011000001110111000110110111010111111111111011110010010011101110111111010110010110111111101111101111111111100110100001111011111111011111111000101100101111111110111111111100011111111111110001101111011111111101111111111110011111111100111000100010001001111111100100111010111101111011110010111001111111111111111100010100010111110111111011111111011101111111100,cbb1ab97f75db2c215257d79d63690d77200c2898a11b3a6b0164db2e28fb539,bernoulli,bernoulli|conj|p=0.7|zero=allow_iid|rng=MT19937-RandomState,0.7,allow_iid,0.00040678028017282486,4.0434300899505615e-05,0.00013345573097467422,0.0001022089272737503,0.0007286248728632927,0.0014151176437735558,0.000682879239320755,9,29,1,6,SAT_unsat_identifiable,1,boolean_factorization,exclude_x,exclude_x,0,181,530,0,1,1,0,0,0,0,1,1,1,0,0,0.001490316353738308
4,100,5,100,488783887,21,conj,glucose42,MT19937-RandomState,3.477372229099274e-05,01011111110011000011111110111111101111011111111110011111111101111101111001110111011110001101100110101111111110011011111010001111111111111100110111110101111110101110100111111011111101011011000111111101010111011111101111111110110011111111100111010110011100111111011101010000101111100111111101111011110101111110111100111100101111110101001101111111110011011111111111100111010001011111010111011000111111011010110011101101111111100101100011110101010000111101101111111111001101111111101001001011011111011111,cad58b6d8d09ecc986ceb1224443af6ddd2bda5dde1d4cf6406d723a251e2b56,bernoulli,bernoulli|conj|p=0.7|zero=allow_iid|rng=MT19937-RandomState,0.7,allow_iid,0.000420229509472847,3.7155114114284515e-05,0.000137990340590477,9.845755994319916e-05,0.000852612778544426,0.0015497514978051186,0.0006938325241208076,10,27,1,6,SAT_unsat_identifiable,1,boolean_factorization,exclude_x,exclude_x,0,210,604,0,1,1,0,0,0,0,1,1,1,0,0,0.001502430997788906
4,100,5,100,488783887,22,conj,glucose42,MT19937-RandomState,3.4186989068984985e-05,01011111010101011111001110100100111101101011011010110111110111000111101111111110110111110110100111111101000011111101001111110101111111111101110111111111110111101011101011111100001111010001011111010110010100010000011011011111101110011111111111001111011001111010111101011100111110011110011111100001100110111111101111111111111110111010100111011111101011001111110101011011101111111111111101110111101010011110110100011101001111111000001110110101110110101110111101111011010011110111011011111011101101110000,3a477b359855dc344d607c11e8e414edffe9f0dfb1912f650e597c3ce092af8d,bernoulli,bernoulli|conj|p=0.7|zero=allow_iid|rng=MT19937-RandomState,0.7,allow_iid,0.00038445182144641876,3.523658961057663e-05,0.00012454483658075333,9.880494326353073e-05,0.0007065022364258766,0.0013529220595955849,0.0006430381909012794,8,25,1,6,SAT_unsat_identifiable,1,boolean_factorization,exclude_x,exclude_x,0,172,480,0,1,1,0,1,0,0,1,1,1,0,0,0.0014647971838712692
4,100,5,100,488783887,23,conj,glucose42,MT19937-RandomState,3.390572965145111e-05,10111010111011011111101101101110111010100101111011111100001100111011111110011011101001101111111101010100011111111110110111111000111100100111000111111110101100111110001111111101101101011011111111111111110100110101111101101111001110110111000111101011010110110011110111111011011101101111110011010111101011110011111101101110101001101111111100111110100111110111111010101001111111110111001100111010011101101110111111110011011011100110001101011110001101101100010011111111101001001111001011111111111111011111,e88d60862c21ee405bda08551f58b0679ae11e2bff0408c6e8647063887adf63,bernoulli,bernoulli|conj|p=0.7|zero=allow_iid|rng=MT19937-RandomState,0.7,allow_iid,0.00042576249688863754,4.3301843106746674e-05,0.00013838056474924088,9.891949594020844e-05,0.0008049001917243004,0.0015147635713219643,0.0007063644006848335,10,27,1,6,SAT_unsat_identifiable,1,boolean_factorization,exclude_x,exclude_x,0,210,604,0,1,1,0,0,0,0,1,1,1,0,0,0.0014940965920686722
4,100,5,100,488783887,24,conj,glucose42,MT19937-RandomState,3.405846655368805e-05,11110111101101110100110111110111001111111111111100111011111011111010000101011011111010111110011111111111101101101100111101110110111111111111100101111100111011011001110011101110011101101011001011110110111111100110110001001110111011011001110111001111011111111111011100101010100011110111011110001111011110111000101111101111011111111100101111101011111110101011000110111101011000111111010011110111111110011001010001001111100101101111111111111011110011111100011101111011111100100001110110101110110010011011,4d7cd3c37a3b0da1ce6dbdc7d4a93cd90f25c6e93dcb75e75e909dd78e381a35,bernoulli,bernoulli|conj|p=0.7|zero=allow_iid|rng=MT19937-RandomState,0.7,allow_iid,0.0004224926233291626,3.608502447605133e-05,0.00012120325118303299,9.836535900831223e-05,0.0006615845486521721,0.0013431794941425323,0.0006781462579965591,8,31,1,6,SAT_unsat_identifiable,1,boolean_factorization,exclude_x,exclude_x,0,157,462,0,1,1,0,0,0,0,1,1,1,0,0,0.0014638286083936691
4,100,5,100,488783887,25,conj,glucose42,MT19937-RandomState,3.323052078485489e-05,01110101111011111110001011010010111110011110011100111111111111101011001011101111111010110101101111100011101010011111111011111001011111110111100111110101110111110111110101100111110011110110011011110101100001111111111001111101111101111111101011111111111011110100111110000101100010111111110001111100010011110011011011110011011101101111101011110011110110100101100111000101101110111100111110101011110110111111101111111101111110011011111111110001110101111111011110111110111011001010100011111101111011111110,6251c4fb54549bb184283f5d53f5e70b7b7a72cab751f46ff734b8eaff2ba163,bernoulli,bernoulli|conj|p=0.7|zero=allow_iid|rng=MT19937-RandomState,0.7,allow_iid,0.0004206513985991478,3.647897392511368e-05,0.00011227000504732132,9.96096059679985e-05,0.0006232094019651413,0.0012957248836755753,0.0006690099835395813,7,29,1,6,SAT_unsat_identifiable,1,boolean_factorization,exclude_x,exclude_x,0,143,406,0,1,1,0,0,0,0,1,1,1,0,0,0.001445721834897995
4,100,5,100,488783887,26,conj,glucose42,MT19937-RandomState,3.2949261367321014e-05,10011100111101110001110111111101011001111111011001111110111111111110101101010011101010101111111111100010111111010100111111101111110111110101100111010100101001001101111011111111011110110011001101110110011000101111110101111110111010111111011100110111100100110111111110100011110110001011110111111110011101110011101111101001111011111101111111001011111011111010111011111111111111100111111100101111101011111111111001111111111101110011111101111111110001010110100110000111111110011100111011011101101110111111,5a4f6163a80c734b716878e04409435e3ff78e56a329cd917609625bda2f6f56,bernoulli,bernoulli|conj|p=0.7|zero=allow_iid|rng=MT19937-RandomState,0.7,allow_iid,0.00042133498936891556,3.8010068237781525e-05,0.0001373356208205223,9.765010327100754e-05,0.0008672755211591721,0.0015649748966097832,0.0006943307816982269,10,27,1,6,SAT_unsat_identifiable,1,boolean_factorization,exclude_x,exclude_x,0,210,604,0,1,1,0,0,0,0,1,1,1,0,0,0.0014998950064182281
4,100,5,100,488783887,27,conj,glucose42,MT19937-RandomState,4.580058157444e-05,11110110011011101011111110101001111111010101111011110111001011111111110111101011010011111010101001100111011111010001111001111000110111111100111111101110111110010011101100111110111110111010111111111100101111111110011001011010011111100010110111111011011001011001101111011111110111110011110110111011111101111101011100111111110011111101101111100111111111010011101111110100101111111111001011111101101111110101111111111100111101101101111101011100011111000101110001111010110111100101110111101001100101110011,25cd91db395053ca3e0d4ce8418f8136785aeb4e01258d1eefdaea8ef83dd22f,bernoulli,bernoulli|conj|p=0.7|zero=allow_iid|rng=MT19937-RandomState,0.7,allow_iid,0.0004276316612958908,3.79001721739769e-05,0.00013861153274774551,9.803660213947296e-05,0.0008149659261107445,0.0015205694362521172,0.0007021799683570862,10,27,1,6,SAT_unsat_identifiable,1,boolean_factorization,exclude_x,exclude_x,0,210,604,0,1,1,0,0,0,0,1,1,1,0,0,0.001501479186117649
4,100,5,100,488783887,28,conj,glucose42,MT19937-RandomState,3.3629126846790314e-05,01001010110101000101011001110110011111111001001101111111111001111011111111100110101111010111101111110011111101111101111011110001111101111011111111011001111111010100011111011011111111111111111111100111100111001111101100111010011110101011111110010011111011001011110111111101011010101111011001111111011111111111101000111111010001101011111110111101011011011111110111011100101101111011111111111110101010010100111000101011101101100011111111111111010011111011100111011011110110101111111111011111110111101001,bb4c030ffbc381fa67e551ef0800b119ad6c41ddc7c9307ca50627db26cb6866,bernoulli,bernoulli|conj|p=0.7|zero=allow_iid|rng=MT19937-RandomState,0.7,allow_iid,0.0004153493791818619,3.8226135075092316e-05,0.00013785343617200851,9.957235306501389e-05,0.0008036671206355095,0.001497998833656311,0.0006910013034939766,10,27,1,6,SAT_unsat_identifiable,1,boolean_factorization,exclude_x,exclude_x,0,210,604,0,1,1,0,0,0,0,1,1,1,0,0,0.0015356717631220818
4,100,5,100,488783887,29,conj,glucose42,MT19937-RandomState,3.3964402973651886e-05,01111010101010010111001111111110011100001111111111110101001001111111110111111101111111001011001111111111110110000011101111100001011100100001111111111111101111110011101100010000111100111011010111111111011010111101010111011110101110101111110011100001111111110111011111110101101110110011011010100011111101111110011000101111100110111111100101011110111111101111011110011011001101111111001010111110100011111011111101000101101111101110111011111110111111111110011101011110111111010100010100110101110111111111,572c4b42b4eb739f46ce1e565cafadceabdb17db4d339df7ee1bf91213f05857,bernoulli,bernoulli|conj|p=0.7|zero=allow_iid|rng=MT19937-RandomState,0.7,allow_iid,0.0004157489165663719,3.5179778933525085e-05,0.00012529641389846802,9.939633309841156e-05,0.0006595412269234657,0.001338510774075985,0.0006756214424967766,8,31,1,6,SAT_unsat_identifiable,1,boolean_factorization,exclude_x,exclude_x,0,157,462,0,1,1,0,0,0,0,1,1,1,0,0,0.001512216404080391
4,100,5,100,488783887,30,conj,glucose42,MT19937-RandomState,4.728417843580246e-05,11001000111011001100101111111011011101011111111011110111110110101011011001011110111101011011000000111011101111111110111100111110011111111111001111111001111110111010001101101101100111100010111010111111111110100101011111001110001111111111111001011100110111011011111110100001011111011111001101011111001101001111101001110010111100101011111000101000111110111110111010110001101111111101100001011101111101111111111011100010111011111111101010011111110111111010101011011011011010111010111110111000111100101001,ac8619f480765d9c317645c17cd14df4eece498779adde8c714ecfc9ad641633,bernoulli,bernoulli|conj|p=0.7|zero=allow_iid|rng=MT19937-RandomState,0.7,allow_iid,0.00045337341725826263,3.997050225734711e-05,0.0001339837908744812,0.00010085850954055786,0.0007528997957706451,0.001484776847064495,0.0007281862199306488,9,29,1,6,SAT_unsat_identifiable,1,boolean_factorization,exclude_x,exclude_x,0,181,530,0,1,1,0,0,0,0,1,1,1,0,0,0.0014819605275988579
4,100,5,100,488783887,31,conj,glucose42,MT19937-RandomState,3.428012132644653e-05,01100011011101011111111111010010100110110101010010111111011111101011010111111011111110111111110111111111110111111101111111101111111000011110101101111010110111111011110011110110111001111010111100101111111101110110111010110101101111011111111101001011010111111011111010101111111011110001100111010011001111111111111000111011011110110011111110010011111111101011100111011011011101100110110111001111011101001110111011110101111011111110111000111010110110011111010011100010001110011111111101110111000111001110,916a29591b8770d0999326aff9092bc144b0a72d79314cbbab11afcd35e031f6,bernoulli,bernoulli|conj|p=0.7|zero=allow_iid|rng=MT19937-RandomState,0.7,allow_iid,0.0004194974899291992,3.6162324249744415e-05,0.00012946687638759613,9.83458012342453e-05,0.0007721958681941032,0.0014589596539735794,0.0006834724918007851,9,27,1,6,SAT_unsat_identifiable,1,boolean_factorization,exclude_x,exclude_x,0,186,536,0,1,1,0,0,0,0,1,1,1,0,0,0.0014805346727371216
4,100,5,100,488783887,32,conj,glucose42,MT19937-RandomState,3.388151526451111e-05,11100011111011001110011010111100111001111101111111011101111111110111010001001111111111111101111111011010111110110111111111001011010011110111011101100110010111011111101001111111111011101000101110000011010111110100110100110110111111111110111011111111101111101110101001111101110011001011111001111011110011110001111000101111010101101011011001101111101100111010100101111011101111110111110111111110110110110111010111111111111110011100011001111111111111001101111111011110111011010100101111011001111101100111,5eb07fe52fe59e44f2506ec45546c388f51b9d7fd79c680f1920f2c20c28b74d,bernoulli,bernoulli|conj|p=0.7|zero=allow_iid|rng=MT19937-RandomState,0.7,allow_iid,0.000405261293053627,3.6519020795822144e-05,0.00013009831309318542,9.844452142715454e-05,0.0007537193596363068,0.0014273375272750854,0.0006703231483697891,9,26,1,6,SAT_unsat_identifiable,1,boolean_factorization,exclude_x,exclude_x,0,191,542,0,1,1,0,0,0,0,1,1,1,0,0,0.0014785779640078545
4,100,5,100,488783887,33,conj,glucose42,MT19937-RandomState,3.475509583950043e-05,10111111101111111111011011101111111110111111111101100011010101010110110011011101001111101001011111110111111101110110110001101101111000100111110010111111111111011001100111111101001111110111111110111001011110111001011111101101111100100111110110111111111111111101011001010110101100110111001101110110110101111111011110110001111111100110101111011111101001011111101011101011101101110111101111110110111110001111010110111101110110010001110111011011110101000110001110011011011010111011110111111110110101011110,2697212c35555d0e6f0ea95e51826a4c945d3e1ae0927018d33be85ead1ebd2a,bernoulli,bernoulli|conj|p=0.7|zero=allow_iid|rng=MT19937-RandomState,0.7,allow_iid,0.00038358382880687714,3.6368146538734436e-05,0.00012959446758031845,0.00010730046778917313,0.0010010302066802979,0.0016615483909845352,0.0006568469107151031,9,24,1,6,SAT_unsat_identifiable,1,boolean_factorization,exclude_x,exclude_x,0,206,560,0,1,0,1,0,0,0,1,1,1,0,0,0.0014935294166207314
4,100,5,100,488783887,34,conj,glucose42,MT19937-RandomState,3.405380994081497e-05,01110011011001101101111110100101101110101011111110111111011111101110001110100111110011010100011011100100101111011011111100010101011101111110111111010110001110111010110111011111111011101011011111111111101111011010111101111101110110001000001001001110110011111111111111101111111111011001011101011101101001101101100011011110110101111111111111100110011111111010101111010001111111100100110101100111010001111101111111111111111101101011000011110110111111010111110111110110001101111110110011011010101101011101,8202ab4b945ae77c612417618454ff915b85e77c418da787210180d3b37abde1,bernoulli,bernoulli|conj|p=0.7|zero=allow_iid|rng=MT19937-RandomState,0.7,allow_iid,0.0004171030595898628,3.744661808013916e-05,0.00012882333248853683,9.845197200775146e-05,0.0007294556125998497,0.0014147423207759857,0.0006818249821662903,9,27,1,6,SAT_unsat_identifiable,1,boolean_factorization,exclude_x,exclude_x,0,186,536,0,1,1,0,0,0,0,1,1,1,0,0,0.0014903917908668518
4,100,5,100,488783887,35,conj,glucose42,MT19937-RandomState,3.3828429877758026e-05,11111100010101101011111111111110011101110100011110111111110100110011011011011111011111100010100000010011111111111010111110011111110110010011110111101111111011111110000011101111111101111011111010101101111111111110101111110111101100110101001011110110111111011011110011001010111110111111011010101111101111100110111110110110111110111110011010100101110111110110111011110110011010110000101111111010111111101010001111011100011001101111110110100111111101111101111111111110101011011111001000001010111111011110,df1d8e044805a211526c9678c8424df25db205facefad41d9408829fd24502b9,bernoulli,bernoulli|conj|p=0.7|zero=allow_iid|rng=MT19937-RandomState,0.7,allow_iid,0.0004358859732747078,3.6405399441719055e-05,0.00012845080345869064,9.883753955364227e-05,0.0007455125451087952,0.0014485158026218414,0.0006995797157287598,9,29,1,6,SAT_unsat_identifiable,1,boolean_factorization,exclude_x,exclude_x,0,181,530,0,1,1,0,0,0,0,1,1,1,0,0,0.0014993734657764435
4,100,5,100,488783887,36,conj,glucose42,MT19937-RandomState,3.472715616226196e-05,01111100111110111111001111110101011101001111111000011111010101000010101111011000000111110011011111100111011111101111111011001101001111111011011100110111111100101101101111011111111111001100110011100110110110010010101111111001111111010011000101101011011111110100111011010110001010111010001001111101110101111001101011111101111111111111111101111000110101011111101111110000011011011101111001110001101111111110111111001010111011101111111111100010101010010010011101011001101111011101110101110111111100101000,704916d97664b6c41af50b3cd81790164e39819461bed701053becb2b9e9e808,bernoulli,bernoulli|conj|p=0.7|zero=allow_iid|rng=MT19937-RandomState,0.7,allow_iid,0.00040599703788757324,3.553275018930435e-05,0.00011969264596700668,9.86224040389061e-05,0.0006797779351472855,0.0013435306027531624,0.0006598448380827904,8,31,1,6,SAT_unsat_identifiable,1,boolean_factorization,exclude_x,exclude_x,0,157,462,0,1,1,0,0,0,0,1,1,1,0,0,0.0014725271612405777
4,100,5,100,488783887,37,conj,glucose42,MT19937-RandomState,3.345869481563568e-05,10101011111111111111111111001111111111111011000110011011111101111111111111011001001111110101111001100111110111001100010111100011110111101011111011011000111111011110011111110111110011111101010110110111010010100001111111100110100010011111110110111110110011111101111111111001001001111111111100011111101110000111111111001111100011111110111101111100111111000001111110111111111101010011111111111101111101111110011110101010101111111101110111011011101101111111001110101010110011110011001011110111111111111001,161df035689fb61ec039ea79a6957c7429df2567e38177f978e361a19b25e0c5,bernoulli,bernoulli|conj|p=0.7|zero=allow_iid|rng=MT19937-RandomState,0.7,allow_iid,0.00038684532046318054,3.512110561132431e-05,0.00012141186743974686,9.802635759115219e-05,0.0006989026442170143,0.0013436740264296532,0.0006414046511054039,8,27,1,6,SAT_unsat_identifiable,1,boolean_factorization,exclude_x,exclude_x,0,167,474,0,1,1,0,1,0,0,1,1,1,0,0,0.0014673750847578049
4,100,5,100,488783887,38,conj,glucose42,MT19937-RandomState,3.451574593782425e-05,00110111110011011101111011101101111110111011111110111110110001001000010110011110111011111111110111101111101101001110110101011110010101111101111111001111111110000010100111111010010101011111011111111111011111011010001110001111011110110101101100101011110101111101110110110011111100010011110111011101110101011101110111101111100101111110101011110001110001011011011011011111111101100110101111011011111110011110100101011111000101101111110111001101011111011010101101111111111111111101110111111101111001110111,684625625b489037682b07bd66d8a59535f10eb879e8a9111365a0b08562116f,bernoulli,bernoulli|conj|p=0.7|zero=allow_iid|rng=MT19937-RandomState,0.7,allow_iid,0.0003986116498708725,3.6386772990226746e-05,0.0001283818855881691,9.886454790830612e-05,0.0007713213562965393,0.0014367932453751564,0.0006622448563575745,9,26,1,6,SAT_unsat_identifiable,1,boolean_factorization,exclude_x,exclude_x,0,191,542,0,1,1,0,0,0,0,1,1,1,0,0,0.0014866255223751068
4,100,5,100,488783887,39,conj,glucose42,MT19937-RandomState,3.472715616226196e-05,11111101110111011001111011101110001010101110110001111111110001111110111111111001101111101100110110111011111110110001100111111010111101111111101110110111111111101111010001111010011111010011101010110111010111111110111110011111001111101110111011110010111011101001111011101101101111111101111111111111111011100010001111101110111010111001110010101111010011111110110111111101001110010101101101000110101101101111011110110011111111001111110111001110101101011111100010111111011110110111010000111110011111111011,704e2814aba12b6e43839b0f8955e160f26fc7571112410adbc7d5dafa905fd0,bernoulli,bernoulli|conj|p=0.7|zero=allow_iid|rng=MT19937-RandomState,0.7,allow_iid,0.00040196720510721207,3.761705011129379e-05,0.00013730209320783615,9.760446846485138e-05,0.000903639942407608,0.0015814434736967087,0.0006744908168911934,10,24,1,6,SAT_unsat_identifiable,1,boolean_factorization,exclude_x,exclude_x,0,225,622,0,1,1,0,0,0,0,1,1,1,0,0,0.0015240581706166267
4,100,5,100,488783887,40,conj,glucose42,MT19937-RandomState,4.872400313615799e-05,11111111011101100101111011111111111110010011011010111111101011101011010101011011010110101111110111111101111001111011111111111111011111101010011111110111110101110110111111110111111110111100111110001011110001111101101101111101101011100001011110111101111101110101101110100111110011011010111101111111101001111110000110111110100111111100001111110111011101111110011011110111011011011011111110110001011111111001011100110111001110011001110111101111011111111011011101111100111010110111111111010101001111110000,1976cb0289def55004e65457c546b0ca9415b55aacf9afba82dea9987b1ec48e,bernoulli,bernoulli|conj|p=0.7|zero=allow_iid|rng=MT19937-RandomState,0.7,allow_iid,0.0004406040534377098,4.03132289648056e-05,0.00014070793986320496,0.00010124407708644867,0.0007871920242905617,0.0015136050060391426,0.000722869299352169,10,28,1,6,SAT_unsat_identifiable,1,boolean_factorization,exclude_x,exclude_x,0,205,598,0,1,1,0,0,0,0,1,1,1,0,0,0.001504720188677311
4,100,5,100,488783887,41,conj,glucose42,MT19937-RandomState,3.359280526638031e-05,11111110111011101111110111011111011011111000110011001011110101111101001101110111111000011110111011111111111111111111111111101011110111110111011010101100111111110011011110101001111110100011011010111010111011111110100100111010110111100010101001110001111001010111011111111111111000000100111111101111101100111110111010001011101001111011111011011111110111110010100101010010101100101101011100111101110101101100110001111111001011100111101111010100111010111111101010111111011011011111100111011001111111110110,2bb5ac572bac0bc79f36e5b8db638bd6dd26f0ed7cf1d229e42dea1b0f68719a,bernoulli,bernoulli|conj|p=0.7|zero=allow_iid|rng=MT19937-RandomState,0.7,allow_iid,0.00036946404725313187,3.566499799489975e-05,0.00012124329805374146,9.870249778032303e-05,0.0007028514519333839,0.0013312846422195435,0.0006250748410820961,8,24,1,6,SAT_unsat_identifiable,1,boolean_factorization,exclude_x,exclude_x,0,182,492,0,1,0,1,1,0,0,1,1,1,0,0,0.0014607561752200127
4,100,5,100,488783887,42,conj,glucose42,MT19937-RandomState,3.3643096685409546e-05,11111001111110101011101100001101111111100111011101001010101011111011011111011010011010010101111110111100010111111011001111111111001111111011111111101001101110110100011110111111111011101011011111011101111101101011010011011111111111010110110111100010111111101110111001001110100111101001111011011111101111101111110010111111001110011110101110011100101010011011111001011110101011010101101111101011110111111010011111111101001110011011111111000110010111111111111101000111111011111111111111111101101100111011,bf92ea223fdd6bc57187d0b2737f87090b0a66543d83725df56af2add105278d,bernoulli,bernoulli|conj|p=0.7|zero=allow_iid|rng=MT19937-RandomState,0.7,allow_iid,0.0003951694816350937,3.6599114537239075e-05,0.0001292303204536438,9.891856461763382e-05,0.0007524825632572174,0.0014156876131892204,0.0006599174812436104,9,24,1,6,SAT_unsat_identifiable,1,boolean_factorization,exclude_x,exclude_x,0,201,554,0,1,1,0,0,0,0,1,1,1,0,0,0.0014764433726668358
4,100,5,100,488783887,43,conj,glucose42,MT19937-RandomState,3.3756718039512634e-05,01111111001011111111100011010011101111101110011111111111111000110011011100111100111101101111111111101111000111011110111110100111101111011111010111111111101111011111010011011111111111011111100010111111011111100111111101011110011100011101101101110111110001011110100111101111011011111101111101110111001011101010110101011011110101101101111011111011011111000010111111001111011011011011100111000010111100001100111011010111101011111111011101110110110111111110001110101010110111110111011011101110011000111111,7964205ce2b1789469f736564bed2d22985b7356f6257df290b5566d21195cee,bernoulli,bernoulli|conj|p=0.7|zero=allow_iid|rng=MT19937-RandomState,0.7,allow_iid,0.0004137037321925163,3.718957304954529e-05,0.00013789813965559006,9.813252836465836e-05,0.0008082026615738869,0.0014985166490077972,0.00068692397326231,10,27,1,6,SAT_unsat_identifiable,1,boolean_factorization,exclude_x,exclude_x,0,215,610,0,1,1,0,0,0,0,1,1,1,0,0,0.0015126103535294533
4,100,5,100,488783887,44,conj,glucose42,MT19937-RandomState,3.359280526638031e-05,01101110100110101111011110111000101111011111110111111011001101011101001111101111011111101001011011011100110111010101111101000001001111111011011011111111111111011110011111010111011101111111110110101110010011111111010111111111110011110011110011000101001111110011110111011111110011101111011101101101100110111110111011010011110011011111101110011100011111111111001110111111111110110011100010111001111100111100011110111101111101111101111011111111111100010011101111101110001101001111111100101100101111101101,9a68df9a80923ecfc164edc3c2d677ef89da821b97c734e8a717b505692ba005,bernoulli,bernoulli|conj|p=0.7|zero=allow_iid|rng=MT19937-RandomState,0.7,allow_iid,0.0004156036302447319,3.7413090467453e-05,0.00013797078281641006,9.850598871707916e-05,0.0008540078997612,0.0015467945486307144,0.0006894934922456741,10,27,1,6,SAT_unsat_identifiable,1,boolean_factorization,exclude_x,exclude_x,0,210,604,0,1,1,0,0,0,0,1,1,1,0,0,0.0015060128644108772
4,100,5,100,488783887,45,conj,glucose42,MT19937-RandomState,3.310013562440872e-05,11011101111011010011111010111011111111011011010101111101101100001101001101110101111110010111001110101100110000000001111010000100111101001010011111111111110010110001111111110111111111110110111011101100011111111011011110111011011111110011110110111110110110011111110001011100110000001101111001000111111111111011010101110101111111111111110111111101011101111000100110011111011111111111110111100111111101111100111001111110110100100011011011010011111100101111011111101111011010111011110111001011111110111001,e566390d41f2ea91803fe42459a505731e433d398e4c0d8c3aac56a8ca886b0d,bernoulli,bernoulli|conj|p=0.7|zero=allow_iid|rng=MT19937-RandomState,0.7,allow_iid,0.000419064424932003,4.8821792006492615e-05,0.00012900494039058685,9.834021329879761e-05,0.0007267920300364494,0.0014254869893193245,0.0006952313706278801,9,29,1,6,SAT_unsat_identifiable,1,boolean_factorization,exclude_x,exclude_x,0,181,530,0,1,1,0,1,0,0,1,1,1,0,0,0.0015036892145872116
4,100,5,100,488783887,46,conj,glucose42,MT19937-RandomState,3.3585354685783386e-05,10101100110111110001111101011101011111100110111011111111011110111011111010010011111110001011110001111100111011011101001111110111111111101110001111011110111111100010101111111111001011010111110110101011111100111110011110111011111111001101010110010111101110011101110101111111101111101011010000011111101011111011101101111111111110101111001111011011110111111001111111010001110010111011111001111111101110100000001111100010101111101101110100110011111101011001001100111110111010111011110110101011010111111011,c1f8caf9dc12fce32dbf0d6e85fb3af9a273ec3a0dbf4215155fb8709e689ea3,bernoulli,bernoulli|conj|p=0.7|zero=allow_iid|rng=MT19937-RandomState,0.7,allow_iid,0.00041550491005182266,3.799889236688614e-05,0.0001390865072607994,9.884126484394073e-05,0.0008518863469362259,0.0015467861667275429,0.0006914315745234489,10,25,1,6,SAT_unsat_identifiable,1,boolean_factorization,exclude_x,exclude_x,0,220,616,0,1,1,0,1,0,0,1,1,1,0,0,0.001499837264418602
4,100,5,100,488783887,47,conj,glucose42,MT19937-RandomState,3.329012542963028e-05,11110011011011011111110011111100100010101111111100001111010110001111011111110101101011100100011011010100111111011111011101001101111111011101010111111101110011011101111011111001001011111111101111111110000011110111011111110101101011110111110100111100111110101100110110101001001100011111000101101101001111001111101000110110111111011111111111101011111000101110111111001101101011111011010110011100111111011111010111101111111110001011111111111111010111011001101111110110111111000111111011101101100001111111,83f4e5d68e3aa6c036e6809c80136925db3bf1fafa7dc8aecfd46dae333394af,bernoulli,bernoulli|conj|p=0.7|zero=allow_iid|rng=MT19937-RandomState,0.7,allow_iid,0.00041070207953453064,3.629177808761597e-05,0.00012887921184301376,9.807571768760681e-05,0.0007317755371332169,0.0014091581106185913,0.0006739487871527672,9,27,1,6,SAT_unsat_identifiable,1,boolean_factorization,exclude_x,exclude_x,0,186,536,0,1,1,0,0,0,0,1,1,1,0,0,0.00148017518222332
4,100,5,100,488783887,48,conj,glucose42,MT19937-RandomState,3.490224480628967e-05,11101110001101111110111111101011011110101111111111110101101111110000011010011101110000111011010111000110111111111111110110011000111111111101111100011100111001111010111111111110010110011111011111111010111111010111011111111111111110111111111010101101101100101111111101100101101101111101100110100110111111110110101001110111001111011110101111111011110111101011111111011111101111111101010100011111001110100111011111110111101001111001100111101100101001110111000101110011011111011011111111110010101010011011,b35a6fda5b0a79e39107b2d97ac7bfc9eab2426dc97cd65e50afa485954df7bc,bernoulli,bernoulli|conj|p=0.7|zero=allow_iid|rng=MT19937-RandomState,0.7,allow_iid,0.00038954149931669235,3.6121346056461334e-05,0.00012852251529693604,9.844731539487839e-05,0.0007578227669000626,0.0014139721170067787,0.0006526326760649681,9,25,1,6,SAT_unsat_identifiable,1,boolean_factorization,exclude_x,exclude_x,0,196,548,0,1,1,0,0,0,0,1,1,1,0,0,0.0014798007905483246
4,100,5,100,488783887,49,conj,glucose42,MT19937-RandomState,3.423728048801422e-05,10110001100111111110011111010011100100011110011011010111101111010110011010101111101101011111011101101111111101011110111101111111110100110110101011011100111101111110111111011101110111001110101111101111011111110111111100110110101110111011111010101110011111111100111100001111111110101111011101100110111001110001111101101111111111111010100110111011011111111110011011000111101001111111110101111111111011111110001111011011011111101011110010111101111110111101111111010101111110101111000111111011111110011110,f026c0d2bd41e24a7df5e41eb76a6992bae5a2f053955558c97b8f1f25cd0654,bernoulli,bernoulli|conj|p=0.7|zero=allow_iid|rng=MT19937-RandomState,0.7,allow_iid,0.00037473905831575394,3.6685727536678314e-05,0.00012891460210084915,9.942427277565002e-05,0.000759410671889782,0.001402527093887329,0.0006397636607289314,9,24,1,6,SAT_unsat_identifiable,1,boolean_factorization,exclude_x,exclude_x,0,206,560,0,1,0,1,0,0,0,1,1,1,0,0,0.0014882925897836685
4,100,5,100,488783887,50,conj,glucose42,MT19937-RandomState,5.096849054098129e-05,10110110001101001011111001111110011000010111101101111010111101000001011111111011001111110001000101110101011100011111100011111110001110111111110010100011111110011010111110111100111111111101001111101111010010111111001111011111110110111111111101111111110110111111110000001111110111111001111101110111110111111101101100111111110101110101111100110101011010011001111101110001001111101110101101010111010101101111110011110100100011011111100101111111100110101101011010101110011111111001110011111011101111101101,bc4743f2f99e7668987b2e489463787dce3680f9610920f2ae3bb7109cd983e1,bernoulli,bernoulli|conj|p=0.7|zero=allow_iid|rng=MT19937-RandomState,0.7,allow_iid,0.00041302572935819626,4.0621496737003326e-05,0.0001347595825791359,0.00010132882744073868,0.000741591677069664,0.001434970647096634,0.0006897356361150742,9,27,1,6,SAT_unsat_identifiable,1,boolean_factorization,exclude_x,exclude_x,0,191,542,0,1,1,0,0,0,0,1,1,1,0,0,0.0014901021495461464
4,100,5,100,488783887,51,conj,glucose42,MT19937-RandomState,3.381539136171341e-05,11111010001111111111011110101111011011111111101111111110111110000111100100110111111101110111010111001111001101100110100111001110011101111111001100111100011111101111101111110010001001111011100011111111110111001111101111111101111001111110111010010111011101111111011011110111010111110100111101111110011110111101110011011111000101110010010111111111111110100111101110010110010011111111111100010101010101111000111110010111111111101111011111110111101110101111101111111101111101111010100110111010101001111110,933c0850f357e4a76e116f340b86bb147fef7e9284b1c681a3b0008eaf7c0edf,bernoulli,bernoulli|conj|p=0.7|zero=allow_iid|rng=MT19937-RandomState,0.7,allow_iid,0.00039593130350112915,3.6607496440410614e-05,0.00012934021651744843,0.0001043081283569336,0.0007390165701508522,0.0014085164293646812,0.0006661871448159218,9,28,1,6,SAT_unsat_identifiable,1,boolean_factorization,exclude_x,exclude_x,0,186,536,0,1,1,0,0,0,0,1,1,1,0,0,0.0014812909066677094
4,100,5,100,488783887,52,conj,glucose42,MT19937-RandomState,3.341119736433029e-05,11100100111011001111111101111111111001110111011101010110010011000111001111101110110100011110110011000111011011100110100101111101110011100001010011110000111111101101110111001110111011111011111110101111111110011101011001011010111011111011011101110111111110011110011011111110101011101111010011111110111111111111110111110111001111001111111100101011111101000011111110111101101111011111111111100011111110010001010101101101111000101110101000101111011111111111011001111111100111001011111100100011111110111111,bd40af8946e1c778a89634e0ebef0b76f9d4c0d1cdca10e3a24bdb5ac6f1ca3c,bernoulli,bernoulli|conj|p=0.7|zero=allow_iid|rng=MT19937-RandomState,0.7,allow_iid,0.0003987550735473633,3.6512501537799835e-05,0.00012631528079509735,0.00010119564831256866,0.0006626229733228683,0.0013286564499139786,0.0006627785041928291,8,28,1,6,SAT_unsat_identifiable,1,boolean_factorization,exclude_x,exclude_x,0,162,468,0,1,1,0,0,0,0,1,1,1,0,0,0.0014783143997192383
4,100,5,100,488783887,53,conj,glucose42,MT19937-RandomState,3.345869481563568e-05,10100111000011110101111111110110111110111111111010000111101111111010100101101111111110000111111111111111101101101111110110111001101100110111001111001111101011001100111111111101111111101111101110111101111110111011001111011101011111001101011011111101000101110101111111001111111011010111001110111101001101111110111011100101110111101111100111101011101101100111011001111110001111110111111111110111111111100110111111111111110111110101100111111101110111001110110101111100101101001110111111110011111111110101,fce8bbfdbdba823fa56475143221be5a0cd1b9ab95cf0428d56bf0064c287c2e,bernoulli,bernoulli|conj|p=0.7|zero=allow_iid|rng=MT19937-RandomState,0.7,allow_iid,0.00039387308061122894,3.609899431467056e-05,0.00013455282896757126,9.90862026810646e-05,0.0007972242310643196,0.0014642635360360146,0.0006636111065745354,9,25,1,6,SAT_unsat_identifiable,1,boolean_factorization,exclude_x,exclude_x,0,196,548,0,1,1,0,0,0,0,1,1,1,0,0,0.001477847807109356
4,100,5,100,488783887,54,conj,glucose42,MT19937-RandomState,3.4188851714134216e-05,10101000001010011111111000111100011010111110011011111010111111110110100101111100111101101111001011101001111110011011011111111101111010111111110000100111011110010100001111001111010001011111110010100101111111110101101101111111110110011110010111111110111111011011111111001111111110111111010111101011011100111101111110101101101111001001101101010111000111110111001101100011110001010111111101110001101011111110100111101111111111111011111100111101101000101110000101001101111111011111111101111100011011110110,29caab28dc08e38a4ce858543aa9b08a4476d57f1fb1446cf0af9099ca8344c9,bernoulli,bernoulli|conj|p=0.7|zero=allow_iid|rng=MT19937-RandomState,0.7,allow_iid,0.0004386110231280327,3.693532198667526e-05,0.00012976117432117462,0.00010017771273851395,0.0007406249642372131,0.0014495588839054108,0.0007054852321743965,9,29,1,6,SAT_unsat_identifiable,1,boolean_factorization,exclude_x,exclude_x,0,181,530,0,1,1,0,1,0,0,1,1,1,0,0,0.001485014334321022
4,100,5,100,488783887,55,conj,glucose42,MT19937-RandomState,3.3029355108737946e-05,01110101110111110011111000111010000111111111111110011101110100100101110011101100011111011110111101110111110111110111010111010111110111110011101101110011111111111110011001011111101111011111011101011111000101011111111111111111101011100011101111101111001010001010111011110111001111110110110100100010011101111101101110001001001011001111111110101110011101111010111001110101101111101111110000111011111111111111000010111011001011111110111111101010001110001110010011111011110101011101001111101011111000000101,ea85335b3f24ee2f130aaae9b4574693d2fb8963dccefde860431423fc73aa1a,bernoulli,bernoulli|conj|p=0.7|zero=allow_iid|rng=MT19937-RandomState,0.7,allow_iid,0.0004566190764307976,3.765616565942764e-05,0.00013890769332647324,9.926874190568924e-05,0.0007932884618639946,0.0015292158350348473,0.0007324516773223877,10,30,1,6,SAT_unsat_identifiable,1,boolean_factorization,exclude_x,exclude_x,0,200,592,0,1,1,0,0,0,0,1,1,1,0,0,0.0015203449875116348
4,100,5,100,488783887,56,conj,glucose42,MT19937-RandomState,3.393925726413727e-05,10111100110111111111111011111101111111011111111111011101100010111111101111000011110011111111111101111011101011101111111101001111111011010011110010110111111111111111111110111011110011111111110110110111000101111111001111101101111101111000110111110101111100011011001101011101111110011100111111010111100010011101111111110110111110111111101100111100101010101101010111111110111111111101110111111000110111111110110111111101110001111111101010111111001111111110110110110111111110011011101110111101101100111101,a012a289a2b3fe1ce467251e443de068a74b4e21cc5e4ef830527a9acd90dc6b,bernoulli,bernoulli|conj|p=0.7|zero=allow_iid|rng=MT19937-RandomState,0.7,allow_iid,0.00038336310535669327,3.9149075746536255e-05,0.00014724303036928177,9.923707693815231e-05,0.0009514670819044113,0.0016238586977124214,0.0006689922884106636,11,23,1,6,SAT_unsat_identifiable,1,boolean_factorization,exclude_x,exclude_x,0,254,696,0,1,1,0,0,0,0,1,1,1,0,0,0.0015185726806521416
4,100,5,100,488783887,57,conj,glucose42,MT19937-RandomState,3.379210829734802e-05,10111010011101110110111110111101111111100001110100110111001110001100011111010111001111111101111101101011110101111101010110110111011011101111111110011111010111111100111110110101110011111001111110011011111110001110101110111011110011111101101011101101110101011011101010010011011111110110001111111111101011011111011111111011111101001111111110011011100000111111010111111111111111011110010011111111100011111111011101100111110111011100111111011111010101101111101111011000110111110111111110100111010000101111,85daa8b6eda668e33859fee62ec2b99f219664575e45bd132a7a506e23d4af6f,bernoulli,bernoulli|conj|p=0.7|zero=allow_iid|rng=MT19937-RandomState,0.7,allow_iid,0.00038766954094171524,3.817118704319e-05,0.0001452285796403885,9.947828948497772e-05,0.0007884921506047249,0.0014624632894992828,0.0006705475971102715,10,26,1,6,SAT_unsat_identifiable,1,boolean_factorization,exclude_x,exclude_x,0,215,610,0,1,1,0,1,0,0,1,1,1,0,0,0.0015113353729248047
4,100,5,100,488783887,58,conj,glucose42,MT19937-RandomState,3.399606794118881e-05,01111011110111100111001111101001101101010010110000111111111111111111001001110111101111111111110111011101111111101011011110011000000011001101111111101101011110111111111111101011111011110010111110101111111011111111110110110111111101111111111110111011001101011010011110100011111111111111110110111111010110110101010111010111110101111111111111100110011111110101111111110011111011111111111111101100111101010011011011011010011110011011111010011110001111111111111110011100111110111101001001111110111111101011,b60239e236cb4404cf80193ce329e7b5087952c4bd333c0b3f9331d8b393c590,bernoulli,bernoulli|conj|p=0.7|zero=allow_iid|rng=MT19937-RandomState,0.7,allow_iid,0.0004012174904346466,3.820843994617462e-05,0.00013762526214122772,9.870342910289764e-05,0.0008206013590097427,0.0014997757971286774,0.0006757546216249466,10,25,1,6,SAT_unsat_identifiable,1,boolean_factorization,exclude_x,exclude_x,0,220,616,0,1,1,0,1,0,0,1,1,1,0,0,0.0015009744092822075
4,100,5,100,488783887,59,conj,glucose42,MT19937-RandomState,3.367476165294647e-05,11011101111111111011011101111111101100110011000111111111111100111111100111110111111110111111111011101001111111111011111101011000001111101011111101100011111110011111110101010010101111111011011111111110110111111110011100011110111001111110010111010111101011111111011101011111110110001001110111110110111111110110101111111111111111001111110110111001101111111101111011011111001011100001101110111011110101101111111101010111111101100101111111111110100110111111011111111101111110011011110110101111110011110100,c435fdc4ef0af9163d2d8cb176fc760ed2b20ceb6ad50a5d543db23b06365dd0,bernoulli,bernoulli|conj|p=0.7|zero=allow_iid|rng=MT19937-RandomState,0.7,allow_iid,0.00042340997606515884,3.882031887769699e-05,0.00014701858162879944,9.90796834230423e-05,0.0009256759658455849,0.0016374308615922928,0.0007083285599946976,11,25,1,6,SAT_unsat_identifiable,1,boolean_factorization,exclude_x,exclude_x,0,244,684,0,1,1,0,1,0,0,1,1,1,0,0,0.0015171729028224945
4,100,5,100,488783887,60,conj,glucose42,MT19937-RandomState,5.790218710899353e-05,00011111111101111000011010000100011111111010111110100111111101001111111110111010101010110111111111100101111111110011011111011010110110101111011110111111111101101100000111100101101111101011111101111111001101110101111010010011101001010111111011011101110110011111111001000011010111010000001110111111011110011111110110111001111011010011111001111110011110111111110101111101111011111111011111010111011110110100101111110110111111100011111110101010111111110110111111000100101110101011101111101011101111101111,4a64ebc648c78b454e8f6651a2e89aa60bf7132404c3fb7abebd9c965eea0ec2,bernoulli,bernoulli|conj|p=0.7|zero=allow_iid|rng=MT19937-RandomState,0.7,allow_iid,0.0004386305809020996,4.851166158914566e-05,0.00014402996748685837,0.00010196398943662643,0.0008331974968314171,0.0015705907717347145,0.0007331361994147301,10,28,1,6,SAT_unsat_identifiable,1,boolean_factorization,exclude_x,exclude_x,0,205,598,0,1,1,0,1,0,0,1,1,1,0,0,0.0014986461028456688
4,100,5,100,488783887,61,conj,glucose42,MT19937-RandomState,3.5453587770462036e-05,11111111011111101111111111111010110000010011111111111011011101001100011111011110011101011101011111111011011111110011111111100011010111111110000111010000111110111001110101011100111011100000111110011011111100110110111101011110010111111001000101110011110110111001110001101111101010111011100101111001011111000101111101111001111010110001010111110111111111001100001110010101111100111101110101111110111111010001110111001100010110110101101111101011011001001111101110000011010000100110011110011101111101111011,d94b044ef35ab1cbcac68b3874dda902de548a2877de630622c988aefa555c12,bernoulli,bernoulli|conj|p=0.7|zero=allow_iid|rng=MT19937-RandomState,0.7,allow_iid,0.00046761054545640945,3.943033516407013e-05,0.00014724209904670715,9.868759661912918e-05,0.0008659455925226212,0.001622241921722889,0.0007529705762863159,11,29,1,6,SAT_unsat_identifiable,1,boolean_factorization,exclude_x,exclude_x,0,224,660,0,1,1,0,0,0,0,1,1,1,0,0,0.0015167305245995522
4,100,5,100,488783887,62,conj,glucose42,MT19937-RandomState,3.4158118069171906e-05,10110111111111111111010101111100111111111110100001111111111101011101111111111011101111010001111010111111111111011111101000010111111110011101111101101111111100011111110100101101111111111100111011001111111011100101010101111101100101111111110111010101011111111110100111011111111111110101010111101010100001101101011001101000111011011111111111101101101010111111011111101111101000010110111111111110001101101101110101111110011010111011111111111110111101111111101110011001101010111101101111110101011011000111,c2adba65e5051d16a5e46a69af5d0b0a8b337ee1b4bbe3a775c04941ec24f378,bernoulli,bernoulli|conj|p=0.7|zero=allow_iid|rng=MT19937-RandomState,0.7,allow_iid,0.00038440339267253876,3.4390948712825775e-05,0.0001124553382396698,9.740050882101059e-05,0.0006297407671809196,0.0012617064639925957,0.0006286501884460449,7,30,1,6,SAT_unsat_identifiable,1,boolean_factorization,exclude_x,exclude_x,0,138,400,0,1,1,0,0,0,0,1,1,1,0,0,0.0014509735628962517
4,100,5,100,488783887,63,conj,glucose42,MT19937-RandomState,3.5249628126621246e-05,10110111110010111111111111111111111101101011101111111111100011111110111111111011111111111110111111111111110101111110110110110110101111010110110010011110001111111110011111001110100110100101000100110101111111111111011101011001011010101101111100101110110111111111011011010101101010101011110111110001011101010011111001011011111111011001101011110011100111101110101111110110111101111101001100010011101101110111110101010111011010101101101100111111101111110100001111011101101110110101111111000100111111101111,e37dc1b35d3ede45a0faf72751abc914ca3353097b95f3448111040879d7521c,bernoulli,bernoulli|conj|p=0.7|zero=allow_iid|rng=MT19937-RandomState,0.7,allow_iid,0.0004078773781657219,3.6815181374549866e-05,0.00012894533574581146,9.903404861688614e-05,0.0007483493536710739,0.0014243796467781067,0.0006726719439029694,9,27,1,6,SAT_unsat_identifiable,1,boolean_factorization,exclude_x,exclude_x,0,186,536,0,1,1,0,0,0,0,1,1,1,0,0,0.0014870958402752876
4,100,5,100,488783887,64,conj,glucose42,MT19937-RandomState,3.480538725852966e-05,10100100101110111111110100111001011111001010011111111001111011100011000111111110111111110111111101111111110111100011111010011011111100111001111111111011111100010110111111111111111111101111101110111101110011111110111010110101011111100101110111111100101011111101111111011111110111111111101111111001111011111011001100010110010100101111111100011111011111111110011010110011111111101101101111111111110111011011000010111011101011110111100111111000111101111111111111110111111011011110111101010011110111111011,25d8195f937393c328f5a23797566c7889b3b6323371d9412b906399ec652766,bernoulli,bernoulli|conj|p=0.7|zero=allow_iid|rng=MT19937-RandomState,0.7,allow_iid,0.000391433946788311,3.742612898349762e-05,0.00013779476284980774,9.832251816987991e-05,0.0009014569222927094,0.001570083200931549,0.0006649773567914963,10,24,1,6,SAT_unsat_identifiable,1,boolean_factorization,exclude_x,exclude_x,0,220,616,0,1,1,0,0,0,0,1,1,1,0,0,0.0015044240280985832
4,100,5,100,488783887,65,conj,glucose42,MT19937-RandomState,3.3591873943805695e-05,11111011111100000111110110111101011001111100000011011011011011110101000111111001111100011011010011110100011111111111111011100011101111111000110101111111101001111111110101111110110100111010011001001111001011111011111010101111011101111111111110111110000011100100110101110100001101111101110111110010100111001001111111111110111111110100111101100010010111101110111100111101011011101111111011101101001111110110101101100111111100111110011000110111011011001110111111111101111101011101011111000011011111110111,5666184ea4c4fac1df3d5f44cb4fc12f3f6d63a8f19ee328a910f0d487990610,bernoulli,bernoulli|conj|p=0.7|zero=allow_iid|rng=MT19937-RandomState,0.7,allow_iid,0.0004481598734855652,4.3662264943122864e-05,0.0001388266682624817,9.909551590681076e-05,0.0007823668420314789,0.001515655778348446,0.0007297443225979805,10,30,1,6,SAT_unsat_identifiable,1,boolean_factorization,exclude_x,exclude_x,0,200,592,0,1,1,0,0,0,0,1,1,1,0,0,0.0015080636367201805
4,100,5,100,488783887,66,conj,glucose42,MT19937-RandomState,3.38871031999588e-05,10100011011110001011011001011110111110111110111101100111011100110011110101111111110011110110110111110111011101110110111011011111111010110011110110010101001111101111111111111111110101110110000111101101100111101111110001000111111111101001011101111001100100111011110101110011010101101111101110011111001110111111111110101101110111111111011111101010001000110001101011111110101011101011111111010110011001011101111111011011010000111111010111110101111110011000011010011111111111111110100011110111110011101011,df3be91481a3740ca1e442f21cbd6c9d73c386ff7fa8b01b3b9a870adf2247a3,bernoulli,bernoulli|conj|p=0.7|zero=allow_iid|rng=MT19937-RandomState,0.7,allow_iid,0.0004197563976049423,3.8071535527706146e-05,0.00013747159391641617,9.965989738702774e-05,0.0008334852755069733,0.0015318533405661583,0.0006949594244360924,10,26,1,6,SAT_unsat_identifiable,1,boolean_factorization,exclude_x,exclude_x,0,215,610,0,1,1,0,0,0,0,1,1,1,0,0,0.001504022628068924
4,100,5,100,488783887,67,conj,glucose42,MT19937-RandomState,3.838632255792618e-05,11110011111101111011111001111001101101110101111111101101100111110010110101011111011011011010111011111011011101111011011100011111111110110111111100110011001011111011111011101110111011111110001111001011101111111001101110101110001010100010101011111111011110111110111111111101111101101101100110011110100011001111011111011011111111010011111111111111001111011110001111110111110111110111111111110111011111111011111101111101101011010101111111111111011111101111111111111111110101001011101010001111100100110111,b81bd8c1b1a17c2cb1a1b5d395b48cdb02749bf185fc49c566becd07b3d6375c,bernoulli,bernoulli|conj|p=0.7|zero=allow_iid|rng=MT19937-RandomState,0.7,allow_iid,0.0004165554419159889,3.719329833984375e-05,0.00013822410255670547,9.814370423555374e-05,0.000817849300801754,0.001511366106569767,0.0006901165470480919,10,27,1,6,SAT_unsat_identifiable,1,boolean_factorization,exclude_x,exclude_x,0,210,604,0,1,1,0,0,0,0,1,1,1,0,0,0.001506962813436985
4,100,5,100,488783887,68,conj,glucose42,MT19937-RandomState,3.490876406431198e-05,10001100101110111011011110110101110101001101011001110011111010111101101111010111011101011111111011100000110100100000000110000011110111110110011111100001011111111110101111110101110000110110111001110010001101001101110111111111101001011101111110101101110101111111110111100001001011001011110011011111111001000001011110110111101011011011110111110111101101111111111001000111100010001011111110011010001111111111011110111111110101010011100111110110111100101111110111110100110011011010110111101101011110101011,0f8f280e952fe98d757317c127082e1f26f74184e917602bc94b1d300f295d4a,bernoulli,bernoulli|conj|p=0.7|zero=allow_iid|rng=MT19937-RandomState,0.7,allow_iid,0.00040615443140268326,3.5453587770462036e-05,0.00011304300278425217,9.661354124546051e-05,0.0006176801398396492,0.0012721382081508636,0.000651264563202858,7,30,1,6,SAT_unsat_identifiable,1,boolean_factorization,exclude_x,exclude_x,0,138,400,0,1,1,0,0,0,0,1,1,1,0,0,0.0014601191505789757
4,100,5,100,488783887,69,conj,glucose42,MT19937-RandomState,3.528781235218048e-05,10101000110101111011111011111011110110011111011111111010000111110101011101100110011101110000001111101011101011011101111101101110100011110111010101111110011110111111101111001111110111011111111111010110011110110001111111011110101110111111111111111011110110101111111101111110111111001111110011111111011011011100111011111011101101111101111111011110110100011111111100101100011110111100010110110000100111110110011101111000111101110011111101111111111110011110111101011011111111110011001111111010111111110001,d2e84610e44dc8f47001a6108ae4b9db94857744ec94d6684628cfdfe49678cb,bernoulli,bernoulli|conj|p=0.7|zero=allow_iid|rng=MT19937-RandomState,0.7,allow_iid,0.0004097381606698036,3.7804245948791504e-05,0.00013735517859458923,9.831041097640991e-05,0.0008069304749369621,0.0014934726059436798,0.0006832079961895943,10,26,1,6,SAT_unsat_identifiable,1,boolean_factorization,exclude_x,exclude_x,0,215,610,0,1,1,0,0,0,0,1,1,1,0,0,0.0015172027051448822
4,100,5,100,488783887,70,conj,glucose42,MT19937-RandomState,7.445178925991058e-05,10010101001111100011100001110101101110111111011110110010110111101111111111011111111110110101100101111011111011011111111110111011000001010111111100111110111111001110110111111111111011111100110111110001111100001100101101000101011111111011110011101111110110111111110001110111111111011011011110100111111111101111111110110111001010111111111110111100100100001111110111110011111010111110111111100101011111101110101100100110010110100010011011011100110101111111101110000011111010011001011100110101101001100111,0a11c93ed81267bbe4ad024e0504baf1e5907da798fe676bbb17c3f1d1dce8a6,bernoulli,bernoulli|conj|p=0.7|zero=allow_iid|rng=MT19937-RandomState,0.7,allow_iid,0.00047546904534101486,4.61013987660408e-05,0.00014656689018011093,0.00010352954268455505,0.0009165555238723755,0.001692766323685646,0.0007716668769717216,10,30,1,6,SAT_unsat_identifiable,1,boolean_factorization,exclude_x,exclude_x,0,200,592,0,1,1,0,0,0,0,1,1,1,0,0,0.0015260819345712662
4,100,5,100,488783887,71,conj,glucose42,MT19937-RandomState,4.3684616684913635e-05,11101111011111111001110111111101111111110110011001111000111000011010001010010011111111111011111110100100100111000100010110011111101111111100001110111111110011111001110110101110011111001010111111111011110101100110111110011101101111111110111010110110101111111010111111101011110101110001011111101011001010001110111111111110101110111100011111100101101010111101110011011001110001101111100110101101010010110110011101011111001111110011001111110101101010101111101111000110101111111111011001011111000111101111,132111ccb40c8e8ef41e114ec1ba63b4c0e7e01687ad3168041224736391af1e,bernoulli,bernoulli|conj|p=0.7|zero=allow_iid|rng=MT19937-RandomState,0.7,allow_iid,0.00042518042027950287,3.7449412047863007e-05,0.00013008806854486465,9.887013584375381e-05,0.0008062776178121567,0.0015018098056316376,0.0006915880367159843,9,27,1,6,SAT_unsat_identifiable,1,boolean_factorization,exclude_x,exclude_x,0,186,536,0,1,1,0,0,0,0,1,1,1,0,0,0.0015038372948765755
4,100,5,100,488783887,72,conj,glucose42,MT19937-RandomState,3.798212856054306e-05,10100110011001101011110111010111101011101111110011001011111111111111111101111011111011111110110111110011101111110101101111101110111111111111010101110100111111100001010100010111011110111111101111001110011101001011111101110111011111111111110100110101001111111111110110111111100001111111100000010111011111101011110111011001011101111111110011001100111111111111011001111110011111110010100111111111111101001101111100101111001111111001111110111011110010101001100111111110011111101110111010100110101111011111,2120e40b5afa26f746f367f759ee20cbca53f5f967359ddaba4b0e6214620e86,bernoulli,bernoulli|conj|p=0.7|zero=allow_iid|rng=MT19937-RandomState,0.7,allow_iid,0.0003935527056455612,3.759842365980148e-05,0.00013911165297031403,9.952392429113388e-05,0.0008707139641046524,0.0015444140881299973,0.0006697867065668106,10,24,1,6,SAT_unsat_identifiable,1,boolean_factorization,exclude_x,exclude_x,0,225,622,0,1,1,0,1,0,0,1,1,1,0,0,0.0015096133574843407
4,100,5,100,488783887,73,conj,glucose42,MT19937-RandomState,3.674905747175217e-05,01111111011111111101011010111110110111011110001111001111101101110011110100100111111111111111101111001111001101000010101111110101110111111111001111111110011010101011111110111111101010110101111110010111101111110000110111111000101101111111101101011111100111101111001101110000101111101110010100111011111111111111111010111101111111100111100100100111010011111111111111000111101101110001101101011111100110101101111011011100111111111111010111010010111101111011111101111010101111011111111101101010010111101110,8535d295ef6213056a34c83f3189ea1f2f0126815d13fab0ce5ff0bc5cfc297a,bernoulli,bernoulli|conj|p=0.7|zero=allow_iid|rng=MT19937-RandomState,0.7,allow_iid,0.00040853582322597504,4.272814840078354e-05,0.00012989714741706848,9.861774742603302e-05,0.0007967939600348473,0.0014806082472205162,0.0006797788664698601,9,26,1,6,SAT_unsat_identifiable,1,boolean_factorization,exclude_x,exclude_x,0,191,542,0,1,1,0,0,0,0,1,1,1,0,0,0.001501910388469696
4,100,5,100,488783887,74,conj,glucose42,MT19937-RandomState,3.653392195701599e-05,10100111111011110111100011110111010111111111101001011110111011111111111111111010111001101011111111001111111100100001100010111111111011101101011011101000001001111111111001110011111101001110001101111101000101111010110101101010011110111001100001110011111101111011110111111111001101111111101000001101101101010111101111101111011111110111011110101101001110111001101110101110101111111101011100111110110111010110110111111110001111111000011111110111111111011111111110001011111101111001111111111101110111111111,fb6b326c19313576581b3db2e9b3c6ec078291b420e551840a4345b4d3b809cd,bernoulli,bernoulli|conj|p=0.7|zero=allow_iid|rng=MT19937-RandomState,0.7,allow_iid,0.00038963649421930313,3.558490425348282e-05,0.00011288095265626907,9.983032941818237e-05,0.0006660940125584602,0.0013080229982733727,0.0006379326805472374,7,29,1,6,SAT_unsat_identifiable,1,boolean_factorization,exclude_x,exclude_x,0,143,406,0,1,1,0,0,0,0,1,1,1,0,0,0.0014627166092395782
4,100,5,100,488783887,75,conj,glucose42,MT19937-RandomState,3.604777157306671e-05,10100000100101111101011110001101111111110100001110011101111111010011010100111100111111111111011110111111101111111110110111011101110001110001011011011110001110111110101011011111100100011111101111101111101111011111001010111111101010010111111111111011111011011011011111101001111011010111111111110111100101111011010111010101100111001111011110101101101111010011011011110111110100110111100010011101011011001111011001001101111011101110111100111111101101111011010010000000111011111111111110111111101000111101,84de97e4ec7113fbbba64a6d9c38314e000c57bd7a5bcc4bd51ce90eb8b42e3e,bernoulli,bernoulli|conj|p=0.7|zero=allow_iid|rng=MT19937-RandomState,0.7,allow_iid,0.00040399376302957535,3.765057772397995e-05,0.00012282375246286392,0.00010112207382917404,0.0007104771211743355,0.0013802023604512215,0.0006655901670455933,8,27,1,6,SAT_unsat_identifiable,1,boolean_factorization,exclude_x,exclude_x,0,167,474,0,1,1,0,0,0,0,1,1,1,0,0,0.0014776317402720451
4,100,5,100,488783887,76,conj,glucose42,MT19937-RandomState,3.634300082921982e-05,10011111101111101011000111111111001001101001110011101111010111100111010111010101110111011010111101101001100110111001101001111111111110100111001101001111101111101111111011101011110011111111111101010111011111111110111011001101100101000010011111111001110101011101111111011101110111101001110101011101110111111111111011111111110001101110111101111010111011100110100110111111011110111101111101111110011100100111011011111000110111011100111101101011110111110111011111111111010011011111010110111011101100111100,c075e775a5087b29313c376273f3e4a61b85c93fa839276f0a1788a2bfcd3205,bernoulli,bernoulli|conj|p=0.7|zero=allow_iid|rng=MT19937-RandomState,0.7,allow_iid,0.00042714178562164307,3.789830952882767e-05,0.00013700686395168304,9.895022958517075e-05,0.0008822064846754074,0.0015868544578552246,0.0007009971886873245,10,26,1,6,SAT_unsat_identifiable,1,boolean_factorization,exclude_x,exclude_x,0,215,610,0,1,1,0,0,0,0,1,1,1,0,0,0.0015078848227858543
4,100,5,100,488783887,77,conj,glucose42,MT19937-RandomState,3.690458834171295e-05,01111111111101111011110011111110111111011100110101100111100111110110101111111000101110011000111111111110011001110101111111010111010111111111010110110001000011111010111100001010101000110101000101100011111111111111111010111001011111101010110101001111001011101110001110000010011111101111111111110101111101101111011110000110100101111111011110111110011110111111110100110111111100111111101111111101100101011001111110110010100101010100100011100111100111001110111101111100111111111111111100111011111110111111,bf19579438fd14460531f58bbc4e33d989dbad03a9bf6c08d2c152419bc29750,bernoulli,bernoulli|conj|p=0.7|zero=allow_iid|rng=MT19937-RandomState,0.7,allow_iid,0.00042314454913139343,3.8362108170986176e-05,0.00013813376426696777,0.00010238029062747955,0.0008417954668402672,0.001547408290207386,0.0007020207121968269,10,27,1,6,SAT_unsat_identifiable,1,boolean_factorization,exclude_x,exclude_x,0,210,604,0,1,1,0,1,0,0,1,1,1,0,0,0.0015379786491394043
4,100,5,100,488783887,78,conj,glucose42,MT19937-RandomState,3.710296005010605e-05,11111000001100110111011101111110101001010011110110011101101101111111101011111110011111111101111011001101111011010111011010101111111111100011111110011110111010111100011110110111100110111011111111111111111001111101111001101110001011110111110111101111101111111111101111011110101111110101110110110001110111001110001111110111111111101101111111111110111100100010001100011011111111010110011111011111011011010111001011000111001001100010110011101111101011001110111001010100111011100111000101111111000111111110,5012538d277c4a43d05a112b31ec0f4680604afa4829d71f8020f9423a793671,bernoulli,bernoulli|conj|p=0.7|zero=allow_iid|rng=MT19937-RandomState,0.7,allow_iid,0.00037054717540740967,3.501772880554199e-05,0.00012471061199903488,9.85199585556984e-05,0.0007203379645943642,0.0013527097180485725,0.0006287954747676849,8,25,1,6,SAT_unsat_identifiable,1,boolean_factorization,exclude_x,exclude_x,0,177,486,0,1,0,1,1,0,0,1,1,1,0,0,0.0014971178025007248
4,100,5,100,488783887,79,conj,glucose42,MT19937-RandomState,3.5258010029792786e-05,11111000110011001100111011101100101101101011001110110101111111111111110110101100101100111111111111111110100110001100101111000100101010101011100111001101110111110001111011101111001110101100111111100111100111111111111111110111111110110111110110010101111000101001110101111100101011111011111101011111110011111101000010011101111100010110111011111110011001111111101101010110001111100101111101011100000101011101111000110001011011110100100001011110111011001100011101110110100001011011101000110111011111111011,93962ed8b98098156e5b59c3d75dfcebb77da308ec2e87cac83e542977793d0a,bernoulli,bernoulli|conj|p=0.7|zero=allow_iid|rng=MT19937-RandomState,0.7,allow_iid,0.0004532700404524803,3.887992352247238e-05,0.00013795867562294006,9.781122207641602e-05,0.0007969886064529419,0.0015284977853298187,0.0007279198616743088,10,30,1,6,SAT_unsat_identifiable,1,boolean_factorization,exclude_x,exclude_x,0,200,592,0,1,1,0,1,0,0,1,1,1,0,0,0.0015311473980545998
4,100,5,100,488783887,80,conj,glucose42,MT19937-RandomState,4.900805652141571e-05,01011110110111011111010110101111010111111111101111011101101001110110110011111010101101101010010110111111011011001101110111010011111110001001001111011001101011100110101111111111000110101111111010011010000111110010101110100110011100110110101010111110100100111010110011101001111111111110011111001101110100110011101111111011110110101111111110110110001011101010011011111011101011111101111011111011011101011111101000111000101010011111110111101111101111001101111111110110111101011110110100110100111001111011,8353f5c03fe8fd2f794f7b88d5970add9a1a049b1d3cb6327012ecc095910f2f,bernoulli,bernoulli|conj|p=0.7|zero=allow_iid|rng=MT19937-RandomState,0.7,allow_iid,0.00041289255023002625,3.9732083678245544e-05,0.00013206340372562408,0.00010037515312433243,0.0007793344557285309,0.0014680931344628334,0.0006850631907582283,9,26,1,6,SAT_unsat_identifiable,1,boolean_factorization,exclude_x,exclude_x,0,191,542,0,1,1,0,0,0,0,1,1,1,0,0,0.0014892015606164932
4,100,5,100,488783887,81,conj,glucose42,MT19937-RandomState,3.463774919509888e-05,11111001111111111011111110010111111111111000111110110111001011111101100111111011010111010011011101111111101111101110101011011111110101001111011100111010010110101010001111011110001110000110110011111010111111111110001111101111111001011011111111100111111001110111111111001111111010101110110101010011100111111000001100101100011111011110100001011101101110111111111101111111111110101101111111101111001111101110011100110111000011011111110111111011010111101111110110101100011111110101110010111101111111111110,69799e1b783723352b8b3f57d8a6b850c9a76b6ee1274e6efc6062fa7295dcfc,bernoulli,bernoulli|conj|p=0.7|zero=allow_iid|rng=MT19937-RandomState,0.7,allow_iid,0.00042369216680526733,3.764871507883072e-05,0.00013811513781547546,9.707361459732056e-05,0.000858512707054615,0.0015585348010063171,0.0006965296342968941,10,27,1,6,SAT_unsat_identifiable,1,boolean_factorization,exclude_x,exclude_x,0,210,604,0,1,1,0,1,0,0,1,1,1,0,0,0.0015045078471302986
4,100,5,100,488783887,82,conj,glucose42,MT19937-RandomState,3.422051668167114e-05,01110110010011110101011111111111111101111110101011011111001111111100111011111011110101110011011110111111101111000111100111011111110001001101101111110101111111111110111111111111011111100110111101111010000101111110111111111110101111101101110001010000011010111111101011101111011111101100001110011110110101001110000001111111000111001101111101110111111011111011101010110111001111101100111010100111111111001101011111110100100011111111111011111010011101101111001001101101011011101101011011110111111110110111,a8ebaff763faa76d6d11d64cc6266294fe7b3dc8676a66600a1732438a88e61d,bernoulli,bernoulli|conj|p=0.7|zero=allow_iid|rng=MT19937-RandomState,0.7,allow_iid,0.00039630383253097534,3.629922866821289e-05,0.00013586971908807755,0.00010050926357507706,0.0007413644343614578,0.0014137141406536102,0.0006689820438623428,9,26,1,6,SAT_unsat_identifiable,1,boolean_factorization,exclude_x,exclude_x,0,196,548,0,1,1,0,0,0,0,1,1,1,0,0,0.0014971951022744179
4,100,5,100,488783887,83,conj,glucose42,MT19937-RandomState,3.3707357943058014e-05,11111111101010011111101111111101111010111111101111101111101110110111000110110100011111111111111100110011111100111110001001101101101111110011010101100011001111111101110100001010101101111111010111100101111011011011010111110111011011011111110001110111001011111011010111111110101011011000111111001001111111110100110111111111110010011101110010111001111011101101100011101110010110011111101111111111101111011111101001111111101010010011111110100111111101001001000011100101111011111001011101111011010101000001,64844563c2121ec97204892d936a571c918a12440e883fa6d8212ff8d74601f8,bernoulli,bernoulli|conj|p=0.7|zero=allow_iid|rng=MT19937-RandomState,0.7,allow_iid,0.0004219803959131241,3.627873957157135e-05,0.00012047868221998215,9.840074926614761e-05,0.0006779283285140991,0.0013584010303020477,0.0006771385669708252,8,31,1,6,SAT_unsat_identifiable,1,boolean_factorization,exclude_x,exclude_x,0,157,462,0,1,1,0,0,0,0,1,1,1,0,0,0.0014725206419825554
4,100,5,100,488783887,84,conj,glucose42,MT19937-RandomState,3.364682197570801e-05,11101011111110001011100011111111011101101011110111101011011011100011011111001110111101110110010100111101010101110111101111111111111111111010110100110111110001110001111011110011110011110111111101101111101110010101111111110111010111110001011100110011110111100110011101011101111000001101110111111011111111011011010111101100111011111000111010110100111111101110111111011110101111110111010011010110011111001111001000111111111011111111111100111111111111111100101101000110011111000001101110010111111000110101,3739c1fff310606b8ddd94910d22e53c695f951d30af2cd85e3e9c2ce82a724e,bernoulli,bernoulli|conj|p=0.7|zero=allow_iid|rng=MT19937-RandomState,0.7,allow_iid,0.00042586401104927063,3.7901103496551514e-05,0.00013754703104496002,9.818095713853836e-05,0.0008219722658395767,0.00152492243796587,0.0006994931027293205,10,27,1,6,SAT_unsat_identifiable,1,boolean_factorization,exclude_x,exclude_x,0,210,604,0,1,1,0,1,0,0,1,1,1,0,0,0.001513511873781681
4,100,5,100,488783887,85,conj,glucose42,MT19937-RandomState,3.375764936208725e-05,11111111100111111010111011111111111101111111100111111111010111101110111011110100110011111110111101011111110101111011101010100011101111011111100111111101101111111010100011111111000011110000011101110010011110111100111111111011111111111101111110011100111100011101101001110011110111110111101001111110101101000110111111110111101111000011101111111111010000011110010111100011101111011000111111101110011110101010111011000110110111011011101011011111001110110100111001111110111111101110010110111111110111001111,532c3d43e30f12ebf38913544ad2f8c394a4874a0c37249a36066ba04bcecbbe,bernoulli,bernoulli|conj|p=0.7|zero=allow_iid|rng=MT19937-RandomState,0.7,allow_iid,0.00041297636926174164,3.643147647380829e-05,0.00012078043073415756,9.894836694002151e-05,0.000687980093061924,0.0013604722917079926,0.000669136643409729,8,27,1,6,SAT_unsat_identifiable,1,boolean_factorization,exclude_x,exclude_x,0,167,474,0,1,1,0,0,0,0,1,1,1,0,0,0.0014647869393229485
4,100,5,100,488783887,86,conj,glucose42,MT19937-RandomState,3.297440707683563e-05,11111101101101011101010111111101111110111101111111111001011110111100011110111111111011110011011101111010100111111111101011111111011110110011101111101111111110110011101111110011011100111110111111101110110111111111111111011010111101111010111110011100110100100101001001111111100100000011001010111101101110110110011110010111011011111101111010100011101111110011100111101101111011110110110010101111111111110101100101111011000100110010111111101111111010111101111101111111100101011111001001010101010111110101,fe4f81b912c9ee0471a31ad24c4243e5c0c31ef70179cce6b1567d7681200c0c,bernoulli,bernoulli|conj|p=0.7|zero=allow_iid|rng=MT19937-RandomState,0.7,allow_iid,0.0003942083567380905,3.578048199415207e-05,0.00012874789535999298,9.657535701990128e-05,0.000735958106815815,0.0013945931568741798,0.0006553120911121368,9,26,1,6,SAT_unsat_identifiable,1,boolean_factorization,exclude_x,exclude_x,0,191,542,0,1,1,0,0,0,0,1,1,1,0,0,0.0014809500426054
4,100,5,100,488783887,87,conj,glucose42,MT19937-RandomState,3.399699926376343e-05,11110011011011100101011111101111110101101111110111010111111111101110101110011110010011111101110110111111111100110100111100100101101011111111111111110110101110000111010101101111000101111110001011010111111100011110110101000100011100010101010111110011111111011111111011101110011001101111000111111101100101111101101001110101111111110011101111011011010100101101011101110110001101101000111111100111010111101011110001001110111010100111110111111111111111100101101100100111111111011101110111101110110101111011,8872e08e11b07b91023683be6e2dbff7a664e85e6ad3b4b56b35099b1b61fe92,bernoulli,bernoulli|conj|p=0.7|zero=allow_iid|rng=MT19937-RandomState,0.7,allow_iid,0.000425754114985466,3.726966679096222e-05,0.0001366492360830307,9.858328849077225e-05,0.0008340887725353241,0.0015357071533799171,0.0006982563063502312,10,28,1,6,SAT_unsat_identifiable,1,boolean_factorization,exclude_x,exclude_x,0,205,598,0,1,1,0,0,0,0,1,1,1,0,0,0.0015065884217619896
4,100,5,100,488783887,88,conj,glucose42,MT19937-RandomState,3.36645171046257e-05,01101101111010001010111110111100111111110011110010111011101111000000011111111100110111110111101111111111111001100111101001101111110101010110010011101011101111111010101110110111001100111000011101111011111101011111001011111111111100010111010101101111011111110111111101100001111011111111110101110001111111111111110111110111011101101110111101001011011001110101100011100011111111111111011100111110100101101111011111111111111110100000101011110100111111110111100101001000111010111110101101101110111111101001,9e0598d9d2d8c13ee3bfd1094a0170d4307979aee4eec6b921f6ac26dd7f2118,bernoulli,bernoulli|conj|p=0.7|zero=allow_iid|rng=MT19937-RandomState,0.7,allow_iid,0.00042711757123470306,3.808457404375076e-05,0.00014689378440380096,0.00010471418499946594,0.0008652955293655396,0.0015854155644774437,0.0007168101146817207,11,26,1,6,SAT_unsat_identifiable,1,boolean_factorization,exclude_x,exclude_x,0,239,678,0,1,1,0,0,0,0,1,1,1,0,0,0.001520196907222271
4,100,5,100,488783887,89,conj,glucose42,MT19937-RandomState,3.444962203502655e-05,01101111111101111101101001110110111110110101011010011111110110101110111110101110010010011111011100111110011111110101110011110101111100100110010100110110100101011011111101111101111101101001111111101111110000111101110110010000111001111100011100011011011010101111011111000111111110001011111110111111001110111111111111111101010101101111011111111111101011011111111011111001111010011111011111111111101111101100011101110001001110001111110101000111010001001101001100011111111110111011111111110110111110000101,387796b9ca89f8a98763622a0748d672a9aeae79d94e06009d432fc188438d16,bernoulli,bernoulli|conj|p=0.7|zero=allow_iid|rng=MT19937-RandomState,0.7,allow_iid,0.0004266742616891861,3.7931837141513824e-05,0.00012938305735588074,9.820610284805298e-05,0.0007462287321686745,0.0014417655766010284,0.0006921952590346336,9,27,1,6,SAT_unsat_identifiable,1,boolean_factorization,exclude_x,exclude_x,0,186,536,0,1,1,0,0,0,0,1,1,1,0,0,0.0014849798753857613
4,100,5,100,488783887,90,conj,glucose42,MT19937-RandomState,5.262717604637146e-05,00111101111111001100110111101111000110101111011101111001101100111100111111101111010111111000111101111101011111111011011101110111111101101101110110111111101111101110101111110110010101101101110110111001001101111010110111111011111111010111110111011111010111111110101011110111011111000001001001111111111101101101111111011110011111011111111111111011110101101111111101110011111111101011110001100111111110100101110110100000111111111110010001110110100100101111010010101011101111111111100110111111110011100110,6b1a36bb60c6ac3a3dac76b8b4b0922c4504a754f0a1e6a140497389da5b622b,bernoulli,bernoulli|conj|p=0.7|zero=allow_iid|rng=MT19937-RandomState,0.7,allow_iid,0.00043216999620199203,4.04873862862587e-05,0.00013280287384986877,0.00010037701576948166,0.0007526660338044167,0.0014619529247283936,0.0007058372721076012,9,27,1,6,SAT_unsat_identifiable,1,boolean_factorization,exclude_x,exclude_x,0,186,536,0,1,1,0,0,0,0,1,1,1,0,0,0.0014773188158869743
4,100,5,100,488783887,91,conj,glucose42,MT19937-RandomState,3.394857048988342e-05,00000101011111110010100110111111101011011101111011001101111110111100111110101111111111101000111111100110011011101111111110111110111100101010110010111111110101111101111000111100101101001011100010100110001010101101111000011101111011011110111111111111111100111110010100101111111011111111101111011101011101011111111011001101111011111111110010011110011110011101001111111011010111111111111110110111110011111000110111111111101111000101110111100011111011101110100011110100000111010011110111011010010110011111,d7bfca27d052a3fbaf5bfceaaf63928500c40dd4c3249f6a57aa708f1834d0d2,bernoulli,bernoulli|conj|p=0.7|zero=allow_iid|rng=MT19937-RandomState,0.7,allow_iid,0.00046346988528966904,3.868434578180313e-05,0.00014635920524597168,9.969528764486313e-05,0.0009110644459724426,0.001662720926105976,0.000748208723962307,11,29,1,6,SAT_unsat_identifiable,1,boolean_factorization,exclude_x,exclude_x,0,224,660,0,1,1,0,1,0,0,1,1,1,0,0,0.0015239724889397621
4,100,5,100,488783887,92,conj,glucose42,MT19937-RandomState,3.345496952533722e-05,11011111010111110011111100111010011111000111111011111101110111111110011111101101111111011011111010001011110011111101101111011111111111010111111010111100111111110110111011100111111110010111111011111111011000110111111011101011110110101100111100011111011111111111010110110111111111110011100111111101111111011111110111110111111111111011111101011110010111111110111110011110011111111111111010101110011101001010011111111111111111111111110110110101110111110111111101100011001011011111010111111111110111111101,88a88e2b546b1db650bd41439a635dcc971c7e702a5c4d274760f8986c6f0391,bernoulli,bernoulli|conj|p=0.7|zero=allow_iid|rng=MT19937-RandomState,0.7,allow_iid,0.0003616577014327049,3.582704812288284e-05,0.00012860260903835297,9.889993816614151e-05,0.0007638856768608093,0.0013923179358243942,0.0006249872967600822,9,23,1,6,SAT_unsat_identifiable,1,boolean_factorization,exclude_x,exclude_x,0,206,560,0,1,1,0,0,0,0,1,1,1,0,0,0.0014907987788319588
4,100,5,100,488783887,93,conj,glucose42,MT19937-RandomState,3.3960677683353424e-05,10111111011111001101011101011101011111111011111110001111011111111010001011110111100111101111111111100011111111111101011110110110101111011000111110110111011010111110110110110111101101110010011101011110111111111001111111111111111111111111111111010111110001001011110110111011101111101111111000110011100000101110111100111110111110011111101111011001111101011100111111111100111011011011001111011101110100111111001011100011101010111101110001110111110101110111101111111011101111010011101111111101110010011111,d900181456745d217ef8d922d37c74f03e26f7f096beba65ec87a91836aad2a9,bernoulli,bernoulli|conj|p=0.7|zero=allow_iid|rng=MT19937-RandomState,0.7,allow_iid,0.00038172584027051926,3.663264214992523e-05,0.00013385247439146042,9.966455399990082e-05,0.0007266970351338387,0.0013820389285683632,0.0006518755108118057,9,28,1,6,SAT_unsat_identifiable,1,boolean_factorization,exclude_x,exclude_x,0,186,536,0,1,1,0,0,0,0,1,1,1,0,0,0.001498265191912651
4,100,5,100,488783887,94,conj,glucose42,MT19937-RandomState,3.489479422569275e-05,11011101011110111101011111111101110011110101111101011111110101111111110010010011001111111011111111011110111100110111111001101110001011111101111110000111111111110111011011011111101110110011101110011011111011110100101111111101110001111100110010111111100011111111111011001101111101000111111011111011011001101011110111101111111010011101110111011111010111100110000100111111100101111000001101111011111111111111011011100110111011101101111110001001111111100111110011111011110111101110111101011101111111101011,2883a2e06fee73608d61a69e8546968f0e6e2d39bd725028d1297199bb87e069,bernoulli,bernoulli|conj|p=0.7|zero=allow_iid|rng=MT19937-RandomState,0.7,allow_iid,0.00040983129292726517,4.286039620637894e-05,0.00013768672943115234,9.835232049226761e-05,0.0007983706891536713,0.0014906730502843857,0.0006887307390570641,10,25,1,6,SAT_unsat_identifiable,1,boolean_factorization,exclude_x,exclude_x,0,215,610,0,1,1,0,0,0,0,1,1,1,0,0,0.0014979932457208633
4,100,5,100,488783887,95,conj,glucose42,MT19937-RandomState,3.411155194044113e-05,01111011111110111010110011011010111101111101111011101111111011011111011111011110110100101011100001101100101111111111011101101110111111101001001111010000110011011111111110101111101101001101000111111101011110101110010011111001101011011111011000100001101111011010011111101011111010111111110110001100011110110111011001101000111111100011101111011001111100000011111111101111010111010100111101001111011111110110000111111111111111101011110011010011111111010111111101111001111110111001001111011111010011110110,e294badf8a20d7a5fbf0d741eeb260d15e355e967987d22c696a0448fd39c8e3,bernoulli,bernoulli|conj|p=0.7|zero=allow_iid|rng=MT19937-RandomState,0.7,allow_iid,0.0004023406654596329,3.6316923797130585e-05,0.00011958647519350052,9.939447045326233e-05,0.0006880918517708778,0.0013490784913301468,0.0006576385349035263,8,28,1,6,SAT_unsat_identifiable,1,boolean_factorization,exclude_x,exclude_x,0,162,468,0,1,1,0,0,0,0,1,1,1,0,0,0.0014702389016747475
4,100,5,100,488783887,96,conj,glucose42,MT19937-RandomState,3.3546239137649536e-05,10010100010011110111101010111101011111101111110010111110101111010101111110111111111010001101111110111110011100110111010100010111001111101001101110110000011110011101111111111111110111111010111010100101111110011111111111110101101011110011111111100100000111111111111101101000111110111110111110101111101010111111100011011010111010000001011111011110111111110101101111111111110011111111101101010100111100110000110111010011111011111111011111111111110110111100111111011001110101011011111110100111111110111111,28ac8f04a1841017d42f937af5ff34349cbb792486dc54b05161e17799701e6d,bernoulli,bernoulli|conj|p=0.7|zero=allow_iid|rng=MT19937-RandomState,0.7,allow_iid,0.00041445065289735794,3.6811456084251404e-05,0.00012818258255720139,9.730085730552673e-05,0.0007284553721547127,0.0014086877927184105,0.0006767455488443375,9,28,1,6,SAT_unsat_identifiable,1,boolean_factorization,exclude_x,exclude_x,0,186,536,0,1,1,0,1,0,0,1,1,1,0,0,0.0014861701056361198
4,100,5,100,488783887,97,conj,glucose42,MT19937-RandomState,3.328174352645874e-05,11011101111111110101101111111101111001011101010111011101100111111101110100111110111111011010110100011101110111011111111010001101101110011110110111100001110110110011111110111111110101011111110100111011101111001111001111011111111110011110111111111111111010111111111111001111110010001111101110111111011101101111100111101111101110110011110101100011111111101111001101001111001000111101001010111100011010111111000111111111111111101101110001100110111111111011110000000111110111111101011000101100110111101100,357036dfcb0b88b97095a4d7491b2bebb46782c392ce16304452aad5ce99a91d,bernoulli,bernoulli|conj|p=0.7|zero=allow_iid|rng=MT19937-RandomState,0.7,allow_iid,0.0004073316231369972,3.7583522498607635e-05,0.00013783108443021774,0.00010015163570642471,0.0008715242147445679,0.0015581166371703148,0.0006828978657722473,10,25,1,6,SAT_unsat_identifiable,1,boolean_factorization,exclude_x,exclude_x,0,220,616,0,1,1,0,1,0,0,1,1,1,0,0,0.0014977827668190002
4,100,5,100,488783887,98,conj,glucose42,MT19937-RandomState,3.4514814615249634e-05,11011111101110111110111111101001110111111101110001111101011111111110100101110111101011111100111111101110110010011101010111111101111111001101001001111010011001010010001111111111100011111101101111111011101001111100100101100011011111100111111010111110110011001111101111111011110101101100111010111110011101111011111011110001101100111101001110111100110111000000111111101111111101011111101110010011110011010110010100111101110100111111010111011111110111000110101010111100101011010110111111111010111111110111,2e655e68243d3659822858afcf2123187ba127b50f795096c28ff8cbb67df666,bernoulli,bernoulli|conj|p=0.7|zero=allow_iid|rng=MT19937-RandomState,0.7,allow_iid,0.0004035579040646553,3.724079579114914e-05,0.0001377137377858162,9.737908840179443e-05,0.0008247401565313339,0.001503998413681984,0.0006758915260434151,10,26,1,6,SAT_unsat_identifiable,1,boolean_factorization,exclude_x,exclude_x,0,215,610,0,1,1,0,1,0,0,1,1,1,0,0,0.0015009306371212006
4,100,5,100,488783887,99,conj,glucose42,MT19937-RandomState,3.48435714840889e-05,11101101110111111011111001110101111111000110001111011001110111111111111111101111111000011111101100111011110111100101101111011111111010111011110001010111111110111010101010111101110111111101101110001111000101111110100101111111111001111111101010111011011010101101111000101110011011010001010110110111101100010001111110101110100111111110011110100101111111111101001101101111101001101101011111010110111001000101101100011111111110101101011110111111111001111111111010111010001001101111111100101110111111111111,18eedb0b90cb27c5405559d043e5928eafbb8c3d9209d73b1a6b1c069f937ea2,bernoulli,bernoulli|conj|p=0.7|zero=allow_iid|rng=MT19937-RandomState,0.7,allow_iid,0.0004169512540102005,3.792252391576767e-05,0.00014237966388463974,0.0001000361517071724,0.0007963692769408226,0.0014970367774367332,0.0006972895935177803,10,27,1,6,SAT_unsat_identifiable,1,boolean_factorization,exclude_x,exclude_x,0,210,604,0,1,1,0,0,0,0,1,1,1,0,0,0.0015055648982524872
