schema_version,J,K,N,seed,sim,operator,solver_name,rng_engine,generation_time,q_bitstring,q_sha256,design,design_id,p,zero_row_policy,basis_time,identity_check_time,two_col_check_time,three_col_check_time,sat_time,algorithm_time,preprocess_time,J_basis,M_basis,identifiable,branch,branch_label,sat_called,sat_formulation,sat_cardinality_encoding,cardinality_encoding_requested,maximal_candidate_requested,sat_variables,sat_clauses,identity_original,not_complete_original,has_pure_node_original,no_pure_nodes_original,has_zero_row_original,two_col_violation_original,three_col_violation_original,two_column_pass_original,both_necessary_checks_pass_original,I_3c,identity_basis,two_col_violation_basis,diagnostics_time
4,100,5,100,268675334,0,conj,glucose42,MT19937-RandomState,0.00017893314361572266,01000001101111111110110100011111101111111111100011010110011101111010010101101010110111100011111101101110111101011010101111111100110010011111111111111111111111011011110011100001111011001111111011111000111110110001111011111010011101101110111111100101111111110101001111111110010110110110111110111111101111011101101101111101101011001010111111110111010001111111111111011110011010101010011101111111101111111111110011010011001110100111101011111111011010010011010100011010011011001100110111110111111110110101,63a62a0bc4a7e2573cecb1e2ac8090398ec82746ebe4239cd22c04a92dbafbb4,bernoulli,bernoulli|conj|p=0.7|zero=allow_iid|rng=MT19937-RandomState,0.7,allow_iid,0.0005426583811640739,7.21001997590065e-05,0.00014639180153608322,0.00014420785009860992,0.015340990386903286,0.01625417172908783,0.0009053582325577736,9,29,1,6,SAT_unsat_identifiable,1,boolean_factorization,exclude_x,exclude_x,0,181,530,0,1,1,0,0,0,0,1,1,1,0,0,0.0017039906233549118
4,100,5,100,268675334,1,conj,glucose42,MT19937-RandomState,5.3443945944309235e-05,01110111011011111111100010101110111110100101110011111010111100011101111010111111010111111011101111111011001010101011111100111111111110011110111111010001110101111111111111101110111101001011001111110111011101110111001111111110010100110101111111101110101100110011000111110111101111111101010010110101111010111001110101110010111011110110000011100011011111101011101011101010111011111111110100111111111110110111011111110110111101100111010100011011011011110001110110111000011101110111111011100101110111111101,d9b9693e7333d9ecab7a0c22dc62d9f71cfa1cd925417d5473d5f1ef75c0d282,bernoulli,bernoulli|conj|p=0.7|zero=allow_iid|rng=MT19937-RandomState,0.7,allow_iid,0.0004501752555370331,4.6508386731147766e-05,0.0001435624435544014,0.00010075513273477554,0.0010355021804571152,0.0017818911001086235,0.0007410012185573578,10,28,1,6,SAT_unsat_identifiable,1,boolean_factorization,exclude_x,exclude_x,0,205,598,0,1,1,0,0,0,0,1,1,1,0,0,0.001596297137439251
4,100,5,100,268675334,2,conj,glucose42,MT19937-RandomState,4.172511398792267e-05,11000010101011111011011001101001110111110111011110000110111010100111011001111011110111001110111011011111010111110001111111111111111110011100111111111110101110101010101110011100011111110100110101011101111001111010011000111010110111100111111101100110111111111111111111011111111101011110111111110001001111001110011011000011110001010001110011111010011110111000011101111111110011101111010100101111111111111001111110111111110010100000011111010011011001101101111101111111111111101010011110111011111111000111,962fe93198604be20d8c0a87f9c5790cef4caf7c5b37c622ed57c55146ba7d7a,bernoulli,bernoulli|conj|p=0.7|zero=allow_iid|rng=MT19937-RandomState,0.7,allow_iid,0.000405128113925457,4.0615908801555634e-05,0.00013181846588850021,9.951461106538773e-05,0.000806889496743679,0.0014887750148773193,0.0006770770996809006,9,23,1,6,SAT_unsat_identifiable,1,boolean_factorization,exclude_x,exclude_x,0,206,560,0,1,1,0,0,0,0,1,1,1,0,0,0.0015318170189857483
4,100,5,100,268675334,3,conj,glucose42,MT19937-RandomState,3.995373845100403e-05,11011010011101100111111111110111110111100101111111100110111101111011011011100000100110011111001101010000110001111111111011110111011010111101111011101111011011101011110101011111101011011110111011111111101001110010011000011111011111110100111111111010111111110001110001100111000001101111111001101001000101101101001011101111111010010101100111110101111010110001111111011011111111111010011010110001110010001110111101010111101001100111101101011101110111100101011110001101110010011011110101001011110110100110,79e5fca4d6b0f40d10d98b7a19e9fbfebfb6651d5f99d9ccf28583342ab9ed1f,bernoulli,bernoulli|conj|p=0.7|zero=allow_iid|rng=MT19937-RandomState,0.7,allow_iid,0.00042038876563310623,3.917422145605087e-05,0.0001408904790878296,9.929109364748001e-05,0.0009387042373418808,0.001643485389649868,0.0006997445598244667,10,27,1,6,SAT_unsat_identifiable,1,boolean_factorization,exclude_x,exclude_x,0,210,604,0,1,1,0,1,0,0,1,1,1,0,0,0.0015689413994550705
4,100,5,100,268675334,4,conj,glucose42,MT19937-RandomState,4.196632653474808e-05,11111011101011001111101111110000101101011111101110011111011110011011110111111100001100111011110111111111101111111000101000010010000111111001111111011101101111110111110110101111010111010001000111001111111001011111110111011110110101111101110100111010011011011111101111011101111110000111110101101110111101101010111010111111110111101110010100110110110110111101101011100111111111001111011110110111110111101111111101111111111110101101111000110111011101110110100100101000111011100101110110001010110011111101,73642262507b43d939598487f8f3108e85baf334465e6f5a17eabcde6fef90e3,bernoulli,bernoulli|conj|p=0.7|zero=allow_iid|rng=MT19937-RandomState,0.7,allow_iid,0.00042156409472227097,3.811996430158615e-05,0.0001404331997036934,9.809061884880066e-05,0.0007611960172653198,0.0014647608622908592,0.0006982078775763512,9,29,1,6,SAT_unsat_identifiable,1,boolean_factorization,exclude_x,exclude_x,0,181,530,0,1,1,0,0,0,0,1,1,1,0,0,0.0015358449891209602
4,100,5,100,268675334,5,conj,glucose42,MT19937-RandomState,4.042871296405792e-05,11010111101001111010110111111111011111111111010101011101011110110111101001111111101101100011011110010110101011001111000111100100110110110110110010111011011010111111100001010001111110101111111110111110110110011111100111111011001111011100101110111110100011010011111101111101111111111111011101111011010110010111001101001111111111011010100101111111111111101011110111110010000100100101111001111111111111101011110111001001110001110111010001000001110101110110010111001111101101111110011111011011010101011101,234da98bd0442828e960b315a6914702df6f01e85535822344a297e845f917ce,bernoulli,bernoulli|conj|p=0.7|zero=allow_iid|rng=MT19937-RandomState,0.7,allow_iid,0.00042188167572021484,4.545878618955612e-05,0.00012230314314365387,9.829550981521606e-05,0.0007411343976855278,0.0014337599277496338,0.0006879391148686409,8,31,1,6,SAT_unsat_identifiable,1,boolean_factorization,exclude_x,exclude_x,0,157,462,0,1,1,0,0,0,0,1,1,1,0,0,0.001504712738096714
4,100,5,100,268675334,6,conj,glucose42,MT19937-RandomState,4.1690655052661896e-05,11111111111011111101110111111111110110111011001101011100110011111101110011000111101010111101001011001111001111111000111111111010011100011110101011100111111110111101111110010010110111010111111111111111101101101010100010011111011110111010111111010001010111111101001011110011001111011011111111110110100110111101110101110011101111001101111011101100001101111010110000111111010110110010001010110111010111101110010100110000111111111111000110111111110100011111101110101011111101101111111001011110111011011111,9fd57dbdb37e60a01d92e403ea2e312599966fdb9e2570d368ad0bdafe0e9fea,bernoulli,bernoulli|conj|p=0.7|zero=allow_iid|rng=MT19937-RandomState,0.7,allow_iid,0.000408414751291275,4.004128277301788e-05,0.00013285595923662186,9.991321712732315e-05,0.000859363004565239,0.0015455018728971481,0.0006812252104282379,9,24,1,6,SAT_unsat_identifiable,1,boolean_factorization,exclude_x,exclude_x,0,206,560,0,1,0,1,0,0,0,1,1,1,0,0,0.0015215473249554634
4,100,5,100,268675334,7,conj,glucose42,MT19937-RandomState,4.31649386882782e-05,11111111011100110010111110111011101110110111111111001001011100001111101111111101111111110111111011100110100101111001011010101101101111011110001101011011110101100110110001111111011111101111111110101110001101111111111001100110111101111101010100110111001111101110111011110011111110100111100110110100010111111011001110011111111101101111111101111101111110101011101110001011101101010011001111101010111010111111111011110110110111111111111101110110110011101011011001101011111111011010110101111001110001100111,9f582cd99bc30495a48c7cd2b46be2dd11d65ef9297c661bef87969059e9efc2,bernoulli,bernoulli|conj|p=0.7|zero=allow_iid|rng=MT19937-RandomState,0.7,allow_iid,0.00040951743721961975,4.126317799091339e-05,0.00014960579574108124,9.887479245662689e-05,0.0010018590837717056,0.001706535927951336,0.0006992612034082413,11,25,1,6,SAT_unsat_identifiable,1,boolean_factorization,exclude_x,exclude_x,0,244,684,0,1,1,0,0,0,0,1,1,1,0,0,0.001630924642086029
4,100,5,100,268675334,8,conj,glucose42,MT19937-RandomState,3.8955360651016235e-05,11110100110011110111011111101010011111100011111111101011110111110101101101110101111111100111011100110010101110110001101111011111011111111011111011111111111100011101001011101111101101100101110111001011110111011010000111111101001111101111101111110011111111101001111111111111111011011011011110011111111111110111001111010011101111000110111011101101011101111011111111111100101011111111111110001001101010100001111111011110001111111110111010111111101101101010110110111111111100011110101010111001011111101111,9452943b403cd20622ddf65381ee2a02349c6b050d012096bac56ed6379c9f49,bernoulli,bernoulli|conj|p=0.7|zero=allow_iid|rng=MT19937-RandomState,0.7,allow_iid,0.00043425243347883224,3.91397625207901e-05,0.00014065764844417572,9.883567690849304e-05,0.0008858125656843185,0.0016025351360440254,0.0007128855213522911,10,27,1,6,SAT_unsat_identifiable,1,boolean_factorization,exclude_x,exclude_x,0,210,604,0,1,1,0,0,0,0,1,1,1,0,0,0.0015192441642284393
4,100,5,100,268675334,9,conj,glucose42,MT19937-RandomState,3.760959953069687e-05,11011111011011111111001101101100011111101100001111011111110101110101111110111011111001100111111110110111111111101011000011101100001111101101010011111110111011111110110110011011001100011111110111111111011110001010110011111011011111100111111011110000111100111111110111011011011100111110111100001101111011100001110001010111111011111101101111011110100111111111111001100111111101110010010001011111101101101001101011111001111110111011011111010101100011010001010101001101101111011111111111110011101111111000,aaa0298b924c089973b7c02359977dc9c1ed0404962e37c289d6370a9ed20ce9,bernoulli,bernoulli|conj|p=0.7|zero=allow_iid|rng=MT19937-RandomState,0.7,allow_iid,0.000426354818046093,3.766641020774841e-05,0.00013165362179279327,9.699445217847824e-05,0.0007644593715667725,0.0014608437195420265,0.0006926693022251129,9,29,1,6,SAT_unsat_identifiable,1,boolean_factorization,exclude_x,exclude_x,0,181,530,0,1,1,0,0,0,0,1,1,1,0,0,0.001527431420981884
4,100,5,100,268675334,10,conj,glucose42,MT19937-RandomState,8.71848315000534e-05,11001101111110111011100110001010001001111111010111111100101101111100101110110001011101010110111110110011010110101000011001111011101111111101111001111101110110000111100111111111111010111100110111110011011110101111011101111101111110011011111100001011011111111100111111000001000011110111100100011111110111110100101111100001100101101010110111010111111111111011111101111101111100101000101111101011110111111111011010011110111101101000010111111010101110100101100110001111110001110011111111110011111111111011,c80af6dd5b8dcea8d553c4b4daca7bed7798e5fceb0f09182c84005bb81ad573,bernoulli,bernoulli|conj|p=0.7|zero=allow_iid|rng=MT19937-RandomState,0.7,allow_iid,0.00040257256478071213,4.10713255405426e-05,0.0,0.0,0.0,0.00044779572635889053,0.00044364389032125473,5,32,1,4,identity_submatrix_identifiable,0,,,exclude_x,0,0,0,1,0,1,0,0,0,0,1,1,1,1,0,0.0014343410730361938
4,100,5,100,268675334,11,conj,glucose42,MT19937-RandomState,3.9286911487579346e-05,00011111001111110011111110011011111001111010011010111100011111110000111101101111101111011100110110101111110101101001111110011111010111001111111100000111110011110101111011110010001111110111100111111111111111011101011101001011110101110110101111111110111100110111111110111111011011110111111101111111100111011111011101010110111111111100010101101101111111100111101111110111110111101111101011111010111111101101101111111110111011010110001110111110111101111010110111110111110111001111111010100111100111111111,73e64ef08ac0ca5e8032d0437c837386ffd7904d39edf0ab7cdcdbecf4a2fb45,bernoulli,bernoulli|conj|p=0.7|zero=allow_iid|rng=MT19937-RandomState,0.7,allow_iid,0.00037331320345401764,3.68775799870491e-05,0.000123513862490654,9.710155427455902e-05,0.0008008908480405807,0.001435786485671997,0.0006308062002062798,8,22,1,6,SAT_unsat_identifiable,1,boolean_factorization,exclude_x,exclude_x,0,182,492,0,1,1,0,0,0,0,1,1,1,0,0,0.001503225415945053
4,100,5,100,268675334,12,conj,glucose42,MT19937-RandomState,3.9122067391872406e-05,11111111100101011111000111011001100101101111110111111111011110010111100111100011010001011011110000111010101110110101111001101110010111101111111100101111111010111101100101011100010101111111111011111111111101000110010111011111101110111111100111111011111111111011101011011101001010111011101001111110111111111111110111001101100010110100011100111111010001010110111101000111110110111111111100011001101111110101111011101111011100111010111111111011110111010011110001111101011111101100111111001111101011101011,5524a1a7177b4e66868985044f0aebe2b079d4fcdd0d60c782292a6c45929229,bernoulli,bernoulli|conj|p=0.7|zero=allow_iid|rng=MT19937-RandomState,0.7,allow_iid,0.00043014995753765106,3.8621947169303894e-05,0.00014002714306116104,9.79844480752945e-05,0.0008931076154112816,0.001603899523615837,0.0007067834958434105,10,27,1,6,SAT_unsat_identifiable,1,boolean_factorization,exclude_x,exclude_x,0,210,604,0,1,1,0,0,0,0,1,1,1,0,0,0.0015433542430400848
4,100,5,100,268675334,13,conj,glucose42,MT19937-RandomState,3.882870078086853e-05,00111110011110110111101100001010001111111111011111001111111100011010101111100110101101110101111010100111101111111111011001101111111110010011101011111100111110111001111111001110110101111111111010110011111100111001110111010101001101111110110101011110111001101010010110111111001111011110110111011111001110110111110000111000010111101111101111001111111110100101111011111010111111011111101111100110001010110010111000010011110100001111011101011110111111111111101111001010101111101101011111111101011111110111,36e42f586915142ea2abd6936fbb2975b273438b50aef38e6eb687006f8be2dc,bernoulli,bernoulli|conj|p=0.7|zero=allow_iid|rng=MT19937-RandomState,0.7,allow_iid,0.0004188874736428261,3.766641020774841e-05,0.0001466618850827217,9.864289313554764e-05,0.0008217738941311836,0.0015276381745934486,0.0007018586620688438,10,27,1,6,SAT_unsat_identifiable,1,boolean_factorization,exclude_x,exclude_x,0,210,604,0,1,1,0,0,0,0,1,1,1,0,0,0.0015257103368639946
4,100,5,100,268675334,14,conj,glucose42,MT19937-RandomState,3.870110958814621e-05,11011110110111110011010011011011111100011101101101101110011011111110001111100110011101111010111111110100111111110110101010111111110001110100110111101111110111110101111001001011111011111101111111100100111110111111101111101010110101111111111111101011111111011011011101110110111110110101000001111100101011011110011101011111011111110011111101110110111110100111111000010010111111011011111001011110111001101111110111111111111110111111011111111111111111011101111110111111111100110110111111110010111111001010,e0244dff4f5f961a8b71858b5394cbb088fe3efb01df6ead59671a5b6310f1c5,bernoulli,bernoulli|conj|p=0.7|zero=allow_iid|rng=MT19937-RandomState,0.7,allow_iid,0.00041550491005182266,3.779865801334381e-05,0.00012171082198619843,9.902473539113998e-05,0.0007173353806138039,0.001395195722579956,0.0006740391254425049,8,28,1,6,SAT_unsat_identifiable,1,boolean_factorization,exclude_x,exclude_x,0,162,468,0,1,1,0,0,0,0,1,1,1,0,0,0.0014960337430238724
4,100,5,100,268675334,15,conj,glucose42,MT19937-RandomState,3.804173320531845e-05,11100100111111110001011011011111011101010111110011101100110111001011010111111101110111011011111110011110011111111111101010111111101100011100101110001010011011111100010111101100101110110101111111110101101111011011101011101111111111111101111011100111100011011001111100111101100110100101111110101111111110111011110101110111001110101011011011011111011110111000001111010110010011011111101011100001101011110111101110110111111111011101111111100101101101100101111101111101111111001111111010111101110101101110,bc1f28a1f8b782e65adc97cde3599aba6db51886b34d1888421f68ed00022319,bernoulli,bernoulli|conj|p=0.7|zero=allow_iid|rng=MT19937-RandomState,0.7,allow_iid,0.0004121372476220131,3.8771890103816986e-05,0.00013129878789186478,9.90619882941246e-05,0.000782347284257412,0.0014674682170152664,0.0006812699139118195,9,25,1,6,SAT_unsat_identifiable,1,boolean_factorization,exclude_x,exclude_x,0,196,548,0,1,1,0,0,0,0,1,1,1,0,0,0.0014995355159044266
4,100,5,100,268675334,16,conj,glucose42,MT19937-RandomState,3.83695587515831e-05,10101011101110011010000111101011110111101101111111101111110111110100100110111111011100101111101101111001101010101011110011111110111010111101100110101011111110111110011101011111010111100111101011011001100111111101100111100100110110111110011101111101111111011111111111011111111110001111111111100110101001111011111001011110110111111001011111101101011111001101111111011010101101110101111010011111110010111110100011110010111111011111100010110110101110111101111111110111110111111111111111111111100011111011,dbb8e9f36d92c9488441d9797a2a2ff2c6453f80816a9a02bc769976b1f396b9,bernoulli,bernoulli|conj|p=0.7|zero=allow_iid|rng=MT19937-RandomState,0.7,allow_iid,0.0003961389884352684,3.73348593711853e-05,0.00013032089918851852,9.808596223592758e-05,0.0007823659107089043,0.0014479607343673706,0.0006618807092308998,9,25,1,6,SAT_unsat_identifiable,1,boolean_factorization,exclude_x,exclude_x,0,201,554,0,1,0,1,0,0,0,1,1,1,0,0,0.0015203151851892471
4,100,5,100,268675334,17,conj,glucose42,MT19937-RandomState,3.863871097564697e-05,11111110111110100010101111000111100101101011101111011111101001111100011010110111011011001111110011111111010111111011011111011110010101111111100100110110011011100101111110100111110010101111010001100110000011111101111110110111101011100110111101011111101111011110110011111010001011011101010011110111000001111100110111111111110010111111011010101111001001111111111011011111100110111101100111101110101011101001111001111000101111010110111100110101111100011111110111111111011110010010001111110011110111011101,bbe2e90bc0aeb5764de701f2c66577d523ce1299dcc4485b42f7bc661a35e29c,bernoulli,bernoulli|conj|p=0.7|zero=allow_iid|rng=MT19937-RandomState,0.7,allow_iid,0.0003986302763223648,3.745313733816147e-05,0.0001319563016295433,9.887386113405228e-05,0.0007725255563855171,0.001443246379494667,0.0006669135764241219,9,26,1,6,SAT_unsat_identifiable,1,boolean_factorization,exclude_x,exclude_x,0,196,548,0,1,1,0,0,0,0,1,1,1,0,0,0.0014962172135710716
4,100,5,100,268675334,18,conj,glucose42,MT19937-RandomState,4.025176167488098e-05,11011110111111110101101011001111101011111101110111110011110111010010011100111111100111011110101001110011100000100111001110111111010100011101111101110111101111100111101101101011100101111001111001110100101011110011111001111011111101101010111111010111111100001101011111101111111111101111111111111111011101100110100101111111111110111010110011101001110110101111000110011010110101001111111111111101101111100101101111110000010100111000100111110111111010111110101011111111111101011111111111110110111011101111,f6c8132d94da839f4aa0513839f44b991122889d09b294de83fbf4c165ff096d,bernoulli,bernoulli|conj|p=0.7|zero=allow_iid|rng=MT19937-RandomState,0.7,allow_iid,0.0003903759643435478,3.603845834732056e-05,0.00013161543756723404,9.796209633350372e-05,0.0007112585008144379,0.0013712644577026367,0.0006559919565916061,8,26,1,6,SAT_unsat_identifiable,1,boolean_factorization,exclude_x,exclude_x,0,167,474,0,1,1,0,1,0,0,1,1,1,0,0,0.00149590615183115
4,100,5,100,268675334,19,conj,glucose42,MT19937-RandomState,3.909226506948471e-05,11110101111111011111111111111000111101100111011000111110011011010101111001111111111011111111011101100110111110010010110011111110011111010011011101110111111100110111011011101011001111011001111111101110110111000100101110100111010111101001111111110011110111110001100011101011111101110101101111111110011110101111111100010111111011111111001100111101011011010010101001100001111001101110110001111110111110001111111011011111100111101110011001010101011111101011111011111111111101111101111111101101111111111111,982b3cefce62a835c11560097cb89de083f510a822d29028d7f7c674828c2b3b,bernoulli,bernoulli|conj|p=0.7|zero=allow_iid|rng=MT19937-RandomState,0.7,allow_iid,0.00038337986916303635,3.727991133928299e-05,0.0001432793214917183,9.771715849637985e-05,0.0008345078676939011,0.0014999881386756897,0.0006616562604904175,9,26,1,6,SAT_unsat_identifiable,1,boolean_factorization,exclude_x,exclude_x,0,196,548,0,1,0,1,0,0,0,1,1,1,0,0,0.0015104198828339577
4,100,5,100,268675334,20,conj,glucose42,MT19937-RandomState,7.521919906139374e-05,11111001111011110000010101100111100011110010111011100011111110111011111101111111100011101111001001111101110010011110000111101011011101001110110111110111110000100111010100110011101111101110010110100101111001101111110111011011100011001111001111111001010011110011011111111011110100110010101111111101110111011100010100011110011101111111110111011110100111010011111011011111110111111011100111011111001111011111001111011101110111010100111101001001110101010111111111111111011110111110110101111111111010110111,bb1fe85cc839cf5d15d8d13f6d1a92613c09bf56af292165f051b08057b569d8,bernoulli,bernoulli|conj|p=0.7|zero=allow_iid|rng=MT19937-RandomState,0.7,allow_iid,0.00039161741733551025,4.115048795938492e-05,0.00011928752064704895,0.00010273046791553497,0.0006965082138776779,0.0013563195243477821,0.0006547858938574791,7,29,1,6,SAT_unsat_identifiable,1,boolean_factorization,exclude_x,exclude_x,0,143,406,0,1,1,0,0,0,0,1,1,1,0,0,0.0014814706519246101
4,100,5,100,268675334,21,conj,glucose42,MT19937-RandomState,3.977678716182709e-05,10010011111111011111110111101010101000111101101001011111101110011101011100111001111111011110100111111101111001010101011110101111011110111111110111001111101110011100111100010111110011111111011110100111011101101111111111111111111111110010101001101100001011110111111111011110010000110100101111011110011111001101101010000111111111101110110111000000111111111111101011101001111101101111110011100101111111110111101101011110111100011100011010101101111100101111111001000000000111110101101000110010111111111011,bc2a418980f20c634b1f2c478e7cf24f87a29f584782bc7fbd6a61f99f7a6d3d,bernoulli,bernoulli|conj|p=0.7|zero=allow_iid|rng=MT19937-RandomState,0.7,allow_iid,0.0004144897684454918,3.752950578927994e-05,0.0001314263790845871,0.0001127319410443306,0.000767124816775322,0.0014674318954348564,0.0006961775943636894,9,28,1,6,SAT_unsat_identifiable,1,boolean_factorization,exclude_x,exclude_x,0,186,536,0,1,1,0,1,0,0,1,1,1,0,0,0.001516270451247692
4,100,5,100,268675334,22,conj,glucose42,MT19937-RandomState,3.7631019949913025e-05,11111110001011100111011011011011111111101011111101111101101111101101011111101110111011110111111001111110111101111101101110110100010100011111111101111101000001001010000001011110001111111101111111111011101100111111111111101111101011111101111010110011011011010111101011100110110100111100010010011110011110111111110111101111100111101111011110110101111101101000000111111111110111001000111111110010010110101001110101111000110110101111111101011010101001101001111111110111110111100111100001101010110110111111,6ead6e148e2e3d38adae093bbde69f87b51f681d8d58b9792513ea1d1fa26dba,bernoulli,bernoulli|conj|p=0.7|zero=allow_iid|rng=MT19937-RandomState,0.7,allow_iid,0.0004015835002064705,4.4223852455616e-05,0.00013128109276294708,9.804777801036835e-05,0.0007730741053819656,0.001452113501727581,0.0006751362234354019,9,28,1,6,SAT_unsat_identifiable,1,boolean_factorization,exclude_x,exclude_x,0,186,536,0,1,1,0,0,0,0,1,1,1,0,0,0.0014894083142280579
4,100,5,100,268675334,23,conj,glucose42,MT19937-RandomState,3.871787339448929e-05,11001101011001111111110011001010111100011101111111101110011011111111011110011111111111000111100111110110100101011111111001011111100101110111111100111111010110100011001111111110001110111011111101100111011111011111111011110111110111011100111001111110111100101011110111111111111110111011011010110011111010011111111101011111111111111111111011101111010111111101100110001011111011101101011011111111111100101110001111011111110111110011111110001001111111011111111111110000011011011111100101101111111000111110,75f4621fd984e759c9954227cc7fd19ddec8036b159135572beadbc332cbc8ef,bernoulli,bernoulli|conj|p=0.7|zero=allow_iid|rng=MT19937-RandomState,0.7,allow_iid,0.0003765113651752472,3.723800182342529e-05,0.00013112183660268784,9.884964674711227e-05,0.0008185785263776779,0.0014661243185400963,0.0006437208503484726,9,23,1,6,SAT_unsat_identifiable,1,boolean_factorization,exclude_x,exclude_x,0,211,566,0,1,0,1,1,0,0,1,1,1,0,0,0.0014998242259025574
4,100,5,100,268675334,24,conj,glucose42,MT19937-RandomState,3.855861723423004e-05,01011111110100001011111110111110001110110010011111011001111100110111110101111001010111110010111111110111110011011100000101011011011011010100111111011111101011110010101111110111110011101110111010110010111111110010011010010001111011111111111110111101111010111101011111011010000101101100001010101111001101110111110101000001111101111101000111111111010111101111111111101010111111111011111001111111111111011110000011111100101101110011111011110011111111101100101111001110101001111111111111110011111110111110,62564dd1b39fe7e7301317735c50b4b0f23b08a6853ba173eebe159a2b27940b,bernoulli,bernoulli|conj|p=0.7|zero=allow_iid|rng=MT19937-RandomState,0.7,allow_iid,0.00044227298349142075,3.7794001400470734e-05,0.00012243632227182388,9.801704436540604e-05,0.0006835022941231728,0.00138784758746624,0.0007005203515291214,8,31,1,6,SAT_unsat_identifiable,1,boolean_factorization,exclude_x,exclude_x,0,157,462,0,1,1,0,0,0,0,1,1,1,0,0,0.0014875903725624084
4,100,5,100,268675334,25,conj,glucose42,MT19937-RandomState,3.699585795402527e-05,01011111110111111011101001111111111101010111001011111110001101111001110101010011101101111011111111111001111101111100001011011001110011111110111101111111110011010100011101110010111001111111101100101111111111111111100111011111111100101111011111100000101110111011101000100100011010111010011010010010110101111111010111011110110101010100011110110111011111110111101011111111111111110001110011110010101111111111110111100101111111101001111011101110101111111101101111110000010110111111101011111101010101111110,9f179f490009f74f793b00b602f638ca4c42f2ade3b7605e08e54d02ee1e18fa,bernoulli,bernoulli|conj|p=0.7|zero=allow_iid|rng=MT19937-RandomState,0.7,allow_iid,0.0004162518307566643,3.833509981632233e-05,0.0001396695151925087,9.877793490886688e-05,0.0009347740560770035,0.001631585881114006,0.0006930343806743622,10,25,1,6,SAT_unsat_identifiable,1,boolean_factorization,exclude_x,exclude_x,0,220,616,0,1,1,0,1,0,0,1,1,1,0,0,0.0015327557921409607
4,100,5,100,268675334,26,conj,glucose42,MT19937-RandomState,3.852415829896927e-05,11011111111011001111010001111101110111111110101110011011011111011101000001101111011111101110111111111011011011000010111011111101101110011001101110001111110100011111111111111111101111011110111010101111111110010111011010111111100110111101011011110110110111111111111111001111111111111111110011011111111100100110011110110000011100011111011110011110111111010011100111000111010111101011011111111110100111101111111011010001111111101011111111100110101101011111011110111111110111011100111011101111111101100101,dd2780ca6a765e063da244ce2e65da5954ad4f8255f659be503f915f62eb88d7,bernoulli,bernoulli|conj|p=0.7|zero=allow_iid|rng=MT19937-RandomState,0.7,allow_iid,0.0003823721781373024,3.478117287158966e-05,0.00010453443974256516,0.00012146774679422379,0.0005894089117646217,0.0012363502755761147,0.000643155537545681,6,28,1,6,SAT_unsat_identifiable,1,boolean_factorization,exclude_x,exclude_x,0,119,338,0,1,1,0,0,0,0,1,1,1,0,0,0.0014544185250997543
4,100,5,100,268675334,27,conj,glucose42,MT19937-RandomState,3.9655715227127075e-05,11101111111011011111101101111110111110111110101100111000101101000011111110111111101101101101111111000101011101011111100110011011100111111101111000111111100010000101001101010101011011100111111001101101001111111011111110101111001111111101101010001101111010110011011011101101111110110111011110111101101111101011110111110011011110101001110010111111011101101110001110110111011100011001111101111111101011101010111111111011101011011001100110011010011011111011111011101101111011110010111000110111101111111110,f549010d2962a1fdbf76c37223c5957dab4d256b91441f1f872b11cbad616bd4,bernoulli,bernoulli|conj|p=0.7|zero=allow_iid|rng=MT19937-RandomState,0.7,allow_iid,0.0003935350105166435,3.7721358239650726e-05,0.00013817287981510162,0.0001070825383067131,0.0008299732580780983,0.0015105949714779854,0.000676511786878109,10,24,1,6,SAT_unsat_identifiable,1,boolean_factorization,exclude_x,exclude_x,0,225,622,0,1,1,0,0,0,0,1,1,1,0,0,0.0015141814947128296
4,100,5,100,268675334,28,conj,glucose42,MT19937-RandomState,3.800634294748306e-05,01111111111110100001111111110011011110111001101111101010010111111010010110101010110111011011111101101111111111111111010011011011001101101111111000111011111110101111100111010001011001111101101011110010101110101111110111101100111111111010001111110111110110111011111111001010010111101110100011111101100111011010000111111001011111111100111111101111111111111001110001111101100101111110101111000110111110111101111101100111110101100110101000001110111101101011011011001101111110111100010110111111101110111011,75fc883a78205aca5ef5d6f6abd1f50e689131cc452ac4402acf15496b566706,bernoulli,bernoulli|conj|p=0.7|zero=allow_iid|rng=MT19937-RandomState,0.7,allow_iid,0.0004357956349849701,3.695208579301834e-05,0.00013012997806072235,9.723473340272903e-05,0.0007605766877532005,0.0014652833342552185,0.0007001124322414398,9,29,1,6,SAT_unsat_identifiable,1,boolean_factorization,exclude_x,exclude_x,0,181,530,0,1,1,0,0,0,0,1,1,1,0,0,0.001506788656115532
4,100,5,100,268675334,29,conj,glucose42,MT19937-RandomState,3.704149276018143e-05,11010101101001111111011111111111111101101001001001111111010011111100001110110111011110011011011111111101010001101010111100011101110011101111111101111111110101111100111110011110010111111111111010011011001001010101111000011101101100000101101111101111111001010100111110111111111111101100110010011111011111111110111001111110010000010011110110101100111110101001001111110011110011110111110011110110110101110001011111111110111110011011011110101111110110100101110100110111011111110111001111111101111111111001,e3eae8cabb107943fc808da8d36075ec7ce42d73b94f8205a03c4b773baa8d26,bernoulli,bernoulli|conj|p=0.7|zero=allow_iid|rng=MT19937-RandomState,0.7,allow_iid,0.00039552245289087296,3.6123208701610565e-05,0.0,0.0,0.0,0.0004346659407019615,0.0004316456615924835,5,32,1,4,identity_submatrix_identifiable,0,,,exclude_x,0,0,0,1,0,1,0,0,0,0,1,1,1,1,0,0.0014154613018035889
4,100,5,100,268675334,30,conj,glucose42,MT19937-RandomState,6.698351353406906e-05,11111111011111010000100111110101011101101011110111111110001111110100010101111111010111101001011111111011000010111111111111000100101010111011111111101110111011111111011111100011111001111101111101101110111011111111111001110110111001111101110010111111011111111100011110110111011111001101111101100101011111111111110101110010001110111100101011010100111111000100111101011111110101011101100011111001111111111101100100011111011101111111110101111101010011111110101100111110111001001111100101011111101101111111,b07106ce8aee807adf74c0db6d22d6139b29b23bd0a29f6561a64867895ad09a,bernoulli,bernoulli|conj|p=0.7|zero=allow_iid|rng=MT19937-RandomState,0.7,allow_iid,0.00044348184019327164,4.3585896492004395e-05,0.0001375880092382431,0.00010318774729967117,0.0008239513263106346,0.00155645702034235,0.0007278434932231903,9,29,1,6,SAT_unsat_identifiable,1,boolean_factorization,exclude_x,exclude_x,0,181,530,0,1,1,0,0,0,0,1,1,1,0,0,0.0015026368200778961
4,100,5,100,268675334,31,conj,glucose42,MT19937-RandomState,3.9150938391685486e-05,10101100111110101110111111011111101101111111110101110111100101111101110100100111110101111111101011110011111111111111110011011010111111011101101111110111011010100001111011101111111101111111010110111101111011111001011111010010111110111111100101110110011110101111111001001111111111111010010111101001011110101111001010110111100011101111011111011101111111010100101010010111101110111011111011011011111111111111110111100111111110111111001111101111010111111011101101111100111101101111101110111111011011101011,80c5754dfb25f6a36f3f6bce07d451cf1185634c9a08adbc209b574aae830374,bernoulli,bernoulli|conj|p=0.7|zero=allow_iid|rng=MT19937-RandomState,0.7,allow_iid,0.000384417362511158,4.329998046159744e-05,0.00013167131692171097,9.858515113592148e-05,0.0010221470147371292,0.0016842680051922798,0.0006579738110303879,9,24,1,6,SAT_unsat_identifiable,1,boolean_factorization,exclude_x,exclude_x,0,206,560,0,1,0,1,0,0,0,1,1,1,0,0,0.001515689305961132
4,100,5,100,268675334,32,conj,glucose42,MT19937-RandomState,4.056282341480255e-05,11010111111110110100111110111011001110010011101011001110111111111111010111111011101110010110101001110110011111110111011110111110110011111111001110011110111111110101110010010110010111110111111011111100101100011111011001111101101011011100111011010000011011000011011001111001111011111111111111110011100010001101010011111101110101111101011111111111101111111110001111110111111010100111011101000111110111111101011111011111100010110111111101111011111111110101011111111111010111110111111111001110111110000111,3e7b3fec31bdc498d597db2b3f72fee20e6b2c5c00e22b509b412818ebe117b6,bernoulli,bernoulli|conj|p=0.7|zero=allow_iid|rng=MT19937-RandomState,0.7,allow_iid,0.0003985948860645294,3.7882477045059204e-05,0.0001400969922542572,0.00010561756789684296,0.0008704271167516708,0.0015570400282740593,0.0006821919232606888,10,25,1,6,SAT_unsat_identifiable,1,boolean_factorization,exclude_x,exclude_x,0,220,616,0,1,1,0,0,0,0,1,1,1,0,0,0.0015293098986148834
4,100,5,100,268675334,33,conj,glucose42,MT19937-RandomState,3.87728214263916e-05,11111011101111100001100110001011110011111110111001111110100011111111101111111011101101111111100110001110111000000100111011011100101001101110111111010001111111111111111110010111111111101111111010001100011101110011011010110011110011111001111011011110111111111011100001111111101110000111011111111001101111100011011001101111101011111111111110011110011111111100101001011111000110110101111101101000101010101111001110101011111111101111111010111111100111010011101111110111111110001100010101111101001101011111,a9362e4a3851c77f6577b8088ed1517a7abc8c443a000905d73420919b696ace,bernoulli,bernoulli|conj|p=0.7|zero=allow_iid|rng=MT19937-RandomState,0.7,allow_iid,0.000425080768764019,3.7766993045806885e-05,0.0001225220039486885,9.868666529655457e-05,0.0007117921486496925,0.0014000274240970612,0.000684056431055069,8,31,1,6,SAT_unsat_identifiable,1,boolean_factorization,exclude_x,exclude_x,0,157,462,0,1,1,0,0,0,0,1,1,1,0,0,0.0014869580045342445
4,100,5,100,268675334,34,conj,glucose42,MT19937-RandomState,3.7855468690395355e-05,10111101101111011110111111110001011100111011001001011111001100101001111111101010110101111111001111111010101111011001111111111101011111011111111110011011111111111111110111101001111111110101011111101011111101111111110011111010111111101011000011011111011111111110011110011110011110111101110111010111111111111110101011101110111000101001111000101011101001110011101111111111001000111101100111011111111111011101011100101000001001101110001110111000110001011011100110001111110011111001110111110111000001111011,5532b615edf18c426c45f01b8a82d624378830b127270c13b775cb205c81e3c1,bernoulli,bernoulli|conj|p=0.7|zero=allow_iid|rng=MT19937-RandomState,0.7,allow_iid,0.00046394113451242447,4.023965448141098e-05,0.00014769099652767181,9.976234287023544e-05,0.0009036548435688019,0.0016597704961895943,0.0007516341283917427,11,29,1,6,SAT_unsat_identifiable,1,boolean_factorization,exclude_x,exclude_x,0,224,660,0,1,1,0,0,0,0,1,1,1,0,0,0.0015840539708733559
4,100,5,100,268675334,35,conj,glucose42,MT19937-RandomState,3.9394013583660126e-05,11111011011111110011111111110010100011110111011110110011100001110101010111111001100010110110011111111101101111111001010001101001110111010011011111111101111110101111111111111100110111011011011001101111111011110110101101001111011111101111101101111110111110011111110111110100110111011101101101111111011111101111110110101111011100000111111111111101011111110001110011111101110111110111101101111101110100011100111010111111001010111110001110111110100010001111110011111011001111011001111111001111111011111010,e1fe7d7e7157ca4607a5f3fe02dc10c972150379bae4551c7997ced91d17bb7f,bernoulli,bernoulli|conj|p=0.7|zero=allow_iid|rng=MT19937-RandomState,0.7,allow_iid,0.00038677360862493515,3.7350691854953766e-05,0.00012167263776063919,9.716954082250595e-05,0.0007213428616523743,0.0013684071600437164,0.0006429664790630341,8,24,1,6,SAT_unsat_identifiable,1,boolean_factorization,exclude_x,exclude_x,0,172,480,0,1,1,0,0,0,0,1,1,1,0,0,0.0015377877280116081
4,100,5,100,268675334,36,conj,glucose42,MT19937-RandomState,3.8363970816135406e-05,11010111111010011111011110111100111110010111011001101010001100111111110111110111001101110111010110111111111100111011001111011110011010111110101101101111101101110111111000011101101111111111111101111111111001111011111110111101101010011010101101111111001111101000111111100111111001011111011001011111100111011111011101010111101111111111110101111010111110011110111101111010011111001110111111100101001100000010110111111001111111111011101111100111111110111000111001111001100111111111111110111101011011111111,db79a4f6861486ee932e33359eb5cd52640de5a3e47bc6747dcead082d27dc97,bernoulli,bernoulli|conj|p=0.7|zero=allow_iid|rng=MT19937-RandomState,0.7,allow_iid,0.0003981413319706917,3.5746023058891296e-05,0.00012098997831344604,0.00010690465569496155,0.0006980942562222481,0.0013637533411383629,0.0006617819890379906,8,26,1,6,SAT_unsat_identifiable,1,boolean_factorization,exclude_x,exclude_x,0,167,474,0,1,1,0,0,0,0,1,1,1,0,0,0.0015071844682097435
4,100,5,100,268675334,37,conj,glucose42,MT19937-RandomState,3.683287650346756e-05,11111110101111101011010110110111101111111111110111111010011011011111110111111010011110001100111111111111110110101110101011011111111101101110101100111101111111111011111110011100010101111111110101111111011100000110010111110101001101111000111001100101110101111000010100000111101101100111111111011111111011110111101110111011101111110111111111111011111011100001101111011111111111101001111111111111110111101011101110101101111111101011101101111001111001111111010101010001111110100111111101001110101111101101,fc5eb33c6d82b2758d83476b1a9288502038784cfc93f28f4360f62fc6826fbd,bernoulli,bernoulli|conj|p=0.7|zero=allow_iid|rng=MT19937-RandomState,0.7,allow_iid,0.0004310114309191704,3.7795864045619965e-05,0.0001482497900724411,9.933579713106155e-05,0.0008605681359767914,0.0015810215845704079,0.000716392882168293,10,28,1,6,SAT_unsat_identifiable,1,boolean_factorization,exclude_x,exclude_x,0,205,598,0,1,1,0,0,0,0,1,1,1,0,0,0.0015469053760170937
4,100,5,100,268675334,38,conj,glucose42,MT19937-RandomState,3.631319850683212e-05,10111101011101110110110011111111100010011101110111111111011101001101111111111111101111110011111100101110111111101010111111100010110111010000111111111111110111111101111111111100101010101000100110111111011110111101001110011101111101010101111011110111000011111111111000011111111111101011011110010101101110111010001111001111001101111101101011111101110101101111101111110110101101101111111011110000011111101011100111110101011010111001110110011101010010111110010111111000011111111100111111010010111101111111,0a4386a610e7d1e28417f69ca85d1bd2dbefdcc76ebac0f70c284b0da70ed9dd,bernoulli,bernoulli|conj|p=0.7|zero=allow_iid|rng=MT19937-RandomState,0.7,allow_iid,0.0004009651020169258,3.644544631242752e-05,0.00012150872498750687,9.785685688257217e-05,0.0007111066952347755,0.0013718213886022568,0.0006567761301994324,8,27,1,6,SAT_unsat_identifiable,1,boolean_factorization,exclude_x,exclude_x,0,167,474,0,1,1,0,0,0,0,1,1,1,0,0,0.0015092520043253899
4,100,5,100,268675334,39,conj,glucose42,MT19937-RandomState,3.6872923374176025e-05,10010001001101111101111111110111101001010101000011101101101111000111111111111010111011010001011011111100111001111111111100111001101010101001110111011110111111011111110010010111101110101101111110011111010011111100111111111011110110111010001111110101110111010111111011100011111111110011111110101110010111001100101011100110001110101111111010011111111101110000100111111101111111111100111110111110101111111010010011101011010110101111011011100010010100100111110111110111111100011101011010110111011111111111,25677871aba776af4b80d410d3fa45b58ab56879de0cce96400e25937feb904e,bernoulli,bernoulli|conj|p=0.7|zero=allow_iid|rng=MT19937-RandomState,0.7,allow_iid,0.0004317238926887512,3.957469016313553e-05,0.00013144966214895248,9.780284017324448e-05,0.0007595522329211235,0.001464017666876316,0.0007005510851740837,9,27,1,6,SAT_unsat_identifiable,1,boolean_factorization,exclude_x,exclude_x,0,186,536,0,1,1,0,0,0,0,1,1,1,0,0,0.001507655717432499
4,100,5,100,268675334,40,conj,glucose42,MT19937-RandomState,8.517131209373474e-05,11111001110010111101111111011010110010111111111000101101100010101101111111100011011101011110111010111000000101100011100111011111111101111111110011001111011110111101111000111101111101011101111111110111110111111001000011111111110111100101101101110011010100111011011000100111111110100110011011111111101011111110100011011111111110011111101111101111011101111111100011111100111111011101110001011101101011001011111111011111000010100011111110111101111111100011101111110100100001101010100101111111110111100011,f65dbe14cd7ecb81359112803cdb722724231e2664e1a5b9988f855f2b4199dd,bernoulli,bernoulli|conj|p=0.7|zero=allow_iid|rng=MT19937-RandomState,0.7,allow_iid,0.0004491526633501053,4.431605339050293e-05,0.00013570021837949753,0.0001034904271364212,0.0008321842178702354,0.0015698941424489021,0.000732659362256527,9,29,1,6,SAT_unsat_identifiable,1,boolean_factorization,exclude_x,exclude_x,0,181,530,0,1,1,0,0,0,0,1,1,1,0,0,0.0015227524563670158
4,100,5,100,268675334,41,conj,glucose42,MT19937-RandomState,4.303082823753357e-05,01111111111011011011101010111111100111011101011011111101111101110110110011011111110110100101110101110010100011111111110111110111101111111111111111111101110001011111010100011101101011111011111000001111111101101100111111110010111001111111010111010111011100111111111010101110011111111001010011101111111110101101000111110111101011101111111111011011111001101111101010001110011001110111111011111111101101101000101111000111100111101111101111011101010111000010111111101011101111111011111110011000111111100100,b61ee35f0352aeb1e99dba25fdb5018ef075dfe91b81848db4fc7b6a4845aa1f,bernoulli,bernoulli|conj|p=0.7|zero=allow_iid|rng=MT19937-RandomState,0.7,allow_iid,0.0004171626642346382,4.004966467618942e-05,0.00014860089868307114,9.72086563706398e-05,0.0009947791695594788,0.0017023822292685509,0.0007030218839645386,11,26,1,6,SAT_unsat_identifiable,1,boolean_factorization,exclude_x,exclude_x,0,239,678,0,1,1,0,0,0,0,1,1,1,0,0,0.0015524663031101227
4,100,5,100,268675334,42,conj,glucose42,MT19937-RandomState,3.9482489228248596e-05,01101111111111111011101000111001111111111011011110110100011110111011111111111111110000111111111110011101110001111011110111111101110110101111111001011110111111111011111010110001111101111110111111111100011111001001101110010110110001011000111001111111011101111000000111011011010110000111111101111001111111111101011111110111111011011001001110111101001101111111011110111011101011101101011010111011101111111111001101101100111101000101111000111101001011111111100001101011111011001111100011110101111111010010,efc5abfa07f7a48367ad5df822147f7398bb5a776bd1ddf51897ab3ba3a39ee0,bernoulli,bernoulli|conj|p=0.7|zero=allow_iid|rng=MT19937-RandomState,0.7,allow_iid,0.000416620634496212,3.862939774990082e-05,0.00013866089284420013,9.821262210607529e-05,0.0008395323529839516,0.0015355292707681656,0.0006921235471963882,10,27,1,6,SAT_unsat_identifiable,1,boolean_factorization,exclude_x,exclude_x,0,210,604,0,1,1,0,0,0,0,1,1,1,0,0,0.0015511726960539818
4,100,5,100,268675334,43,conj,glucose42,MT19937-RandomState,3.9900653064250946e-05,00011101111110111111110111011111110111111111111001111111101111111111110101110111011110101101111110111110101101110111001011111110111110100101011111111101111111110001110111100010111101100010011101110111111011011111101010100110111111110111011110100111011111101101111100110111011010101000110111111011110111111100111101111101111010110111101011111011101111111111001101100101101010111010101101100110101110010111011101100111111011111111101111110111111111111100101110111110011111011101011001100011111111100111,c544f71b804a0c75cbac3b1c6cca5fffb9ff610007c26001e5f68c1cc780f96d,bernoulli,bernoulli|conj|p=0.7|zero=allow_iid|rng=MT19937-RandomState,0.7,allow_iid,0.00039039459079504013,3.6288052797317505e-05,0.00012096762657165527,9.64682549238205e-05,0.0007396508008241653,0.0013877889141440392,0.0006441185250878334,8,25,1,6,SAT_unsat_identifiable,1,boolean_factorization,exclude_x,exclude_x,0,177,486,0,1,0,1,0,0,0,1,1,1,0,0,0.0014882879331707954
4,100,5,100,268675334,44,conj,glucose42,MT19937-RandomState,3.876443952322006e-05,10111110111100100111111111100101111111110100011101111010111011111101100101111000111110101111111101110001101011110101111001000001011111111111111001101010111101101001110010111101111111101111111110110111001110111111101011111111100011100110110110110111010110111111111001011011010000100100111101111111110011101111110111001110110111000110111111010101100111111100000010110111000111111100111100101111111011111110010010011111111010110111111111110111101111100111111111011110111111111011011110111111111111111001,fc3b381e508dad137ec988aad9812c0d4d4b1498647ee8eaacb129c9da1b4020,bernoulli,bernoulli|conj|p=0.7|zero=allow_iid|rng=MT19937-RandomState,0.7,allow_iid,0.00040598586201667786,3.966875374317169e-05,0.00014792196452617645,9.834207594394684e-05,0.0009314520284533501,0.0016269702464342117,0.0006919186562299728,11,26,1,6,SAT_unsat_identifiable,1,boolean_factorization,exclude_x,exclude_x,0,239,678,0,1,1,0,1,0,0,1,1,1,0,0,0.001543327234685421
4,100,5,100,268675334,45,conj,glucose42,MT19937-RandomState,3.7884339690208435e-05,11100001011111101111111100110001111111111111111011010111011110110001000111100001110100001010011111101111111111111100100111111101111101111111001111101011101100111011111110011011111101101101010111001111111111111011101101111010100110101110111101100111100111000101101011111011111111111101010111111111011110111111111111010101110111111111101111011110000111011111100011010110010101000001101111111111111111110111110100111101101111101111011111111111111110101011110001010111101010111101100011011001011111101011,c0916ab3314ddaa3eef5595888f28166acdb3aabedcc5d73f4a1f3cbb23c80f7,bernoulli,bernoulli|conj|p=0.7|zero=allow_iid|rng=MT19937-RandomState,0.7,allow_iid,0.0004157600924372673,3.796350210905075e-05,0.00013697054237127304,9.710714221000671e-05,0.0007638977840542793,0.0014554290100932121,0.0006878012791275978,9,28,1,6,SAT_unsat_identifiable,1,boolean_factorization,exclude_x,exclude_x,0,186,536,0,1,1,0,0,0,0,1,1,1,0,0,0.00152486190199852
4,100,5,100,268675334,46,conj,glucose42,MT19937-RandomState,3.7534162402153015e-05,11111011111011101101001110111011011111101110111011101011101110111111101111110110111111100101111111010101011011110111111100111011110101111111000010001100110111111101111111111111101111001100101111111100110111111001011100001100110110111010110111111100110010101000011011110111101111110110111101010010101011101100011111100111110111111100010011011111101111111110101000110100111101001100010100111111101110110110011111011010011110111011111110111011001111010011110110011111100111111010101111111110011110111000,cec59d52b6ab7dcd45fb7c72037d9d372996af51e5290b1bed4b0dc4ab5fe92e,bernoulli,bernoulli|conj|p=0.7|zero=allow_iid|rng=MT19937-RandomState,0.7,allow_iid,0.00045883655548095703,3.718864172697067e-05,0.00012212712317705154,9.757932275533676e-05,0.0006926925852894783,0.0014122221618890762,0.000715731643140316,8,31,1,6,SAT_unsat_identifiable,1,boolean_factorization,exclude_x,exclude_x,0,157,462,0,1,1,0,0,0,0,1,1,1,0,0,0.001482497900724411
4,100,5,100,268675334,47,conj,glucose42,MT19937-RandomState,3.732368350028992e-05,01110111011010100011110111101110011110011111100011101011111111110011011111111111101010101111001001111111011111111011110111100101101111001111111110011110001111111110110111111111011101111010101111111101011111110100111101110100110111011101110111111111111001100111110101110110101111110001111111110110001111011101111110110111111001101110001110111101111101000011110110101011000111111101100101111011011111101011111001001101111110000100010110101011111111100111011110011011110011110101011111011110111011101011,465467001f1836326f139d8cb3a9fd52e7c17aa4e1224ba7c9f7974bcbd05dbc,bernoulli,bernoulli|conj|p=0.7|zero=allow_iid|rng=MT19937-RandomState,0.7,allow_iid,0.0004156585782766342,3.798212856054306e-05,0.00013057701289653778,9.757280349731445e-05,0.0007776673883199692,0.0014633014798164368,0.0006817905232310295,9,26,1,6,SAT_unsat_identifiable,1,boolean_factorization,exclude_x,exclude_x,0,191,542,0,1,1,0,0,0,0,1,1,1,0,0,0.0015079639852046967
4,100,5,100,268675334,48,conj,glucose42,MT19937-RandomState,3.8567930459976196e-05,11111011111101011111101111101101100110101110001110111111011110110011101011111110011110011111101001001111111110111110110101000101101101111111101111101100111001110101110111011110100010111111111111110011111111101010110111110110011010011011111011110110111010111101110010000111111011110111101100110111011111000001110110100101011111110011111110111111110100111111011111001011111111001101111111110101111111110101111111110111111111111111011011100111111100011110001111111110011111011010011011111011111001001100,3b0c11c14c96b649bfe52fe47a823a26e3c8d5e0cfa1c534d7f9a6b714f85511,bernoulli,bernoulli|conj|p=0.7|zero=allow_iid|rng=MT19937-RandomState,0.7,allow_iid,0.0004104888066649437,3.812182694673538e-05,0.00013093091547489166,0.00010026060044765472,0.0007547801360487938,0.0014384165406227112,0.0006798021495342255,9,28,1,6,SAT_unsat_identifiable,1,boolean_factorization,exclude_x,exclude_x,0,186,536,0,1,1,0,0,0,0,1,1,1,0,0,0.0015407456085085869
4,100,5,100,268675334,49,conj,glucose42,MT19937-RandomState,3.8957223296165466e-05,11000111101100111111111111011011101111011101111111111111111111111011101111100111100111001110101100101100111111101111101010011110111011110101101101110101101100111111101111110001001010011101010110110101110111101011111111101000110111111011111011001001111101111111101111110011100011111111111011011111100010010111010110011110001111000010111110111101011111000111111001111001111111011010101100111110110111100110110111111111110001110000011001111101011101011011101001001100111010010001101001111101011100011100,faac5174e0b02811040e4f3342f6a025a9eb8e364e2278773cc435cae90db1b3,bernoulli,bernoulli|conj|p=0.7|zero=allow_iid|rng=MT19937-RandomState,0.7,allow_iid,0.00038603972643613815,3.7338584661483765e-05,0.00011260528117418289,9.729154407978058e-05,0.0006475737318396568,0.001284698024392128,0.0006332751363515854,7,29,1,6,SAT_unsat_identifiable,1,boolean_factorization,exclude_x,exclude_x,0,143,406,0,1,1,0,0,0,0,1,1,1,0,0,0.0014879126101732254
4,100,5,100,268675334,50,conj,glucose42,MT19937-RandomState,6.908830255270004e-05,11110001110111111001001001110110111111101110111100110111101010100011111000000101011001101011110011101010111011100111111010101010111111110111000111101000010111011110111110100111011101101100100101111111111111101111011110111111101011110110011011100111001111111101100100101010101011101001011111001011111101110100010111101111110000111101111111111111011111111111001011001110111111110111111011101111111110010110011111111111111111011010101110111011110111111100010101101011010100110111111111100111111011111111,5ff8794e1caa3feb3d94272b4bc21de40d829646ea4bff450c3048ab4673d350,bernoulli,bernoulli|conj|p=0.7|zero=allow_iid|rng=MT19937-RandomState,0.7,allow_iid,0.00045238249003887177,4.397798329591751e-05,0.00013842713087797165,0.00010204967111349106,0.0007993746548891068,0.0015409784391522408,0.000736837275326252,9,29,1,6,SAT_unsat_identifiable,1,boolean_factorization,exclude_x,exclude_x,0,181,530,0,1,1,0,0,0,0,1,1,1,0,0,0.0015032598748803139
4,100,5,100,268675334,51,conj,glucose42,MT19937-RandomState,3.99099662899971e-05,11110111111011011111010010011011101111111111111010110110110111011000111111100111110100111001011110111111101011000101110111111010110111101111111111001101111111111001111101100010001111111111111011011011111010111011100111001111110011111001111001101111111101111011100010111111111110111001001011010010111111000011010110100111111110100100000001111011011111010101110111111111111011111110111101011110111101110110110111100100101011101101010111111101010111001111101111010111011110111011101111101011100111001111,f990068d04671d5bbd3f5e2ce571e65413e3a5e93f73e23bf3fd3377493b16b2,bernoulli,bernoulli|conj|p=0.7|zero=allow_iid|rng=MT19937-RandomState,0.7,allow_iid,0.00041196029633283615,4.1117891669273376e-05,0.0001507159322500229,9.82377678155899e-05,0.0009728614240884781,0.0016790255904197693,0.0007020318880677223,11,25,1,6,SAT_unsat_identifiable,1,boolean_factorization,exclude_x,exclude_x,0,244,684,0,1,1,0,1,0,0,1,1,1,0,0,0.001555885188281536
4,100,5,100,268675334,52,conj,glucose42,MT19937-RandomState,4.1076913475990295e-05,11111111111111101111111111101110111001111110111101111110010111011001011110011111011111011110110001111100111011000111111011011111111001111011010111110101101101000111111011111111111010010101011111011111110111110111111011111111101110011111111110001100011000111011010010110110111110110111110111101011110011000111011100111011101111011101101011011111000101111101110001001110011111011100101100110111111110110011110011110011111111010101100010111100001001001011111111101101010111011101010110101101101001111010,e21aec837e35b80796664949d84961c08c6598688785e96f0e3c1270ec1351a0,bernoulli,bernoulli|conj|p=0.7|zero=allow_iid|rng=MT19937-RandomState,0.7,allow_iid,0.0004026982933282852,3.799889236688614e-05,0.00013001076877117157,0.00010672025382518768,0.0007838616147637367,0.001465504989027977,0.0006774282082915306,9,25,1,6,SAT_unsat_identifiable,1,boolean_factorization,exclude_x,exclude_x,0,196,548,0,1,1,0,0,0,0,1,1,1,0,0,0.001513955183327198
4,100,5,100,268675334,53,conj,glucose42,MT19937-RandomState,3.878585994243622e-05,00011001111110001101101111010100101101111110110110111111111100110111111010111111011110011011111111101110011011101111011011111111110010011111111010011111111111111100111011001011101000011010101101111111111111111101111011100100011111111111111011011101011100111111011011001110101010111101111001011101010100111101111101111111011111110110011011011111110110111001111110110111111001010111111111100111110101001111111110100010110001000101010111011101011110011111000111110111111000111100110011011000111100111101,acfb8e4a86dcb9abb867dca07df11c47cbc8faa90b60d966cb19ad548e75ca9a,bernoulli,bernoulli|conj|p=0.7|zero=allow_iid|rng=MT19937-RandomState,0.7,allow_iid,0.0004359334707260132,5.5138953030109406e-05,0.0001391405239701271,9.757094085216522e-05,0.0008341111242771149,0.0015663346275687218,0.0007277838885784149,10,28,1,6,SAT_unsat_identifiable,1,boolean_factorization,exclude_x,exclude_x,0,205,598,0,1,1,0,0,0,0,1,1,1,0,0,0.0015365583822131157
4,100,5,100,268675334,54,conj,glucose42,MT19937-RandomState,3.7017278373241425e-05,01110101111111110110101011010011111000010101101111010111010111101111010011111011011000101111101111111010111010110110101111010101111111101110111111111011000111110111101110101111111101010111110111110011110111111110111011111101111110011111011111110111101111101111111111111011110101101110010111001100100111011101110111101101111111011011010100111100011011011110111111010011111001111111001100111111010110111101100110111111110111111101011111100011101111111111111110001111100011100010101010110101111011111001,62f754c25a37668c17510170afef2cb3337c949deb709ba4e96aea2a32fb0060,bernoulli,bernoulli|conj|p=0.7|zero=allow_iid|rng=MT19937-RandomState,0.7,allow_iid,0.00041575822979211807,3.793276846408844e-05,0.00013000424951314926,9.714998304843903e-05,0.0007788455113768578,0.0014636116102337837,0.0006808452308177948,9,26,1,6,SAT_unsat_identifiable,1,boolean_factorization,exclude_x,exclude_x,0,191,542,0,1,1,0,0,0,0,1,1,1,0,0,0.0015127351507544518
4,100,5,100,268675334,55,conj,glucose42,MT19937-RandomState,3.862939774990082e-05,11011111111110101110110001010001111111100010111101100111110111111111110101000100101110001001111110111110111101101011110011111101111111100110111101111100011001111100011010101010101011110111011110011111111111011110111110111010111000111111111011110011011111101110011011101111111011111001011101001101110101011011111100111111011010111011110011101110111111110011101100111101100111111110010011111111101101111110101011111101111101111101111000110011110111111111001010011111110001111111000001010111011011111100,8f784ec68707b57fefb757926cec25c661bcd8236c413fed8b73a8e2deed5c78,bernoulli,bernoulli|conj|p=0.7|zero=allow_iid|rng=MT19937-RandomState,0.7,allow_iid,0.00043474510312080383,3.7544406950473785e-05,0.00013167783617973328,9.961612522602081e-05,0.0007551126182079315,0.001462743617594242,0.0007035834714770317,9,29,1,6,SAT_unsat_identifiable,1,boolean_factorization,exclude_x,exclude_x,0,181,530,0,1,1,0,0,0,0,1,1,1,0,0,0.0015535345301032066
4,100,5,100,268675334,56,conj,glucose42,MT19937-RandomState,3.870949149131775e-05,11011111011000111111010111111101111101101001111111101110111111111101110111101000101110111011001111011110110101111011100111101101101010111111110111011111111011111111110111111000110111111111101101101101110001101110101110111001110110110110001111100011111000110001010110111110101011101011111111101101011101011110001101101111101111111101100111110001111101100011111101110000111011111110010101111001011111101011001010111110010101100110011110110111011000111111101111110111010011101011111111101111101101011101,dcd58481fb5b1faa13611d25cf9f0c4f3c83f4d7bdd792548bc474527e4d476f,bernoulli,bernoulli|conj|p=0.7|zero=allow_iid|rng=MT19937-RandomState,0.7,allow_iid,0.00037207920104265213,3.650970757007599e-05,0.0001222621649503708,9.785499423742294e-05,0.0007290467619895935,0.001361452043056488,0.0006287060678005219,8,24,1,6,SAT_unsat_identifiable,1,boolean_factorization,exclude_x,exclude_x,0,177,486,0,1,1,0,0,0,0,1,1,1,0,0,0.0015070391818881035
4,100,5,100,268675334,57,conj,glucose42,MT19937-RandomState,3.759562969207764e-05,10111100010110111111011111111110000010111100010000110111110001101101011110011111111111101110111110110101111010111101111111001111110100111111110010001110000111011111010011011111110101010111101010010001000110101110101101111110110101111111111111011101010111101011011111111111111111001110111101011111111001110101011111101011111101100111100111111011100110111111001110111111011111011000110111110001000110111001111111101110011011101101101111111111111001001111111111101010111110110111110110111100110101111111,3de963d909c79ef06372d992a89e3bf6909f89278622619d5e574aef61af359c,bernoulli,bernoulli|conj|p=0.7|zero=allow_iid|rng=MT19937-RandomState,0.7,allow_iid,0.0004070485010743141,3.761518746614456e-05,0.00014002714306116104,9.885989129543304e-05,0.0007640644907951355,0.0014516254886984825,0.0006835507228970528,9,26,1,6,SAT_unsat_identifiable,1,boolean_factorization,exclude_x,exclude_x,0,191,542,0,1,1,0,0,0,0,1,1,1,0,0,0.001513705588877201
4,100,5,100,268675334,58,conj,glucose42,MT19937-RandomState,3.880169242620468e-05,10111010111111010010110111110110111110000111000111010111011010011101110001111101111111011111111111101001111101011111110111011111110110111111101101110101111010010011110101011110010111101111111111111111011111101001011010111110101110101111101001101011111011111001011100110101011111110011110110011011111101011111111011010111011110011010110101111111011111000101110011011111101101011011101010111111100101101010111111010011100111111110111011110110111111110011111011111101100100001100111111111111111111011101,e53866df0f00f82e62c4379a7f1fb777b9c23cf29acdcfb771ab6f7be0e0a7e6,bernoulli,bernoulli|conj|p=0.7|zero=allow_iid|rng=MT19937-RandomState,0.7,allow_iid,0.00041727442294359207,3.769155591726303e-05,0.00013140030205249786,9.788945317268372e-05,0.0007782559841871262,0.0014663347974419594,0.0006842557340860367,9,25,1,6,SAT_unsat_identifiable,1,boolean_factorization,exclude_x,exclude_x,0,196,548,0,1,1,0,0,0,0,1,1,1,0,0,0.0015285937115550041
4,100,5,100,268675334,59,conj,glucose42,MT19937-RandomState,3.7828460335731506e-05,10100111111111111100110111100010011101011111011111111110111100010111111011111101111011111111100111011110101010011111101110101110111111111110011010110010111101010111111111001111111111011111011111111111011110100100111101110110011100111011101111011111011110001101111111111001111100010011111111011100111111110111101111110011011010110111101111111111011101111011111111011111010110111110011111100110111110010011111110011100010110010111001110111111101110110010000010101111011010101101110110011011111101011111,e9b594d7bdedf100e6b82565a9696e4fcedc31eb5d3e5ef6868a8b9a35baeff4,bernoulli,bernoulli|conj|p=0.7|zero=allow_iid|rng=MT19937-RandomState,0.7,allow_iid,0.0004170965403318405,3.826059401035309e-05,0.00013152789324522018,9.734183549880981e-05,0.0007821545004844666,0.001469956710934639,0.0006842268630862236,9,27,1,6,SAT_unsat_identifiable,1,boolean_factorization,exclude_x,exclude_x,0,186,536,0,1,1,0,0,0,0,1,1,1,0,0,0.001557481475174427
4,100,5,100,268675334,60,conj,glucose42,MT19937-RandomState,8.385162800550461e-05,11101011111011111011111111110111111110100011011001011011100010111101011100100101100101111101011111110110110111011111110111011011100111111111011011011111100010111011011101010111011110101101001100111110101011011111111110100011111111011111110001101001111111111010011111001011111110110111101101101110111110111101111101001110101110101111111011000111111011011111111101011101001001111111110111111101011111100011100110110011111111111111010111010000100111001011001110110111110001111011110111011111111110101010,0ec35fca591ad3577eec6f9ee1bcca561258c0ddb7fa6f868d3065f89e0088d4,bernoulli,bernoulli|conj|p=0.7|zero=allow_iid|rng=MT19937-RandomState,0.7,allow_iid,0.0004345448687672615,4.5550987124443054e-05,0.00014629121869802475,0.00010181590914726257,0.0009363237768411636,0.0016697049140930176,0.0007282029837369919,10,26,1,6,SAT_unsat_identifiable,1,boolean_factorization,exclude_x,exclude_x,0,215,610,0,1,1,0,0,0,0,1,1,1,0,0,0.0015565333887934685
4,100,5,100,268675334,61,conj,glucose42,MT19937-RandomState,4.18834388256073e-05,00101111111101111111011101110111110111011101101111001100010100111011101111111010111101111100101010000100110111111001111111011111100100110111101110111111111110110110011010011111011101111111111111001101111011011111011101100101100111111011110110010010111110111101100111101111010111101111101111111100111111111110111110110110111110110101010110011111011011011011001111011111111110011101010111011000101001111011111011010111110111101111111111010111111001110111011100101110011101010101101100010010111111111101,3aad74d366882c4f854df36135dff4ce2e10699becaeab39b92726267f46f361,bernoulli,bernoulli|conj|p=0.7|zero=allow_iid|rng=MT19937-RandomState,0.7,allow_iid,0.0003954721614718437,3.863684833049774e-05,0.0001411018893122673,0.00010939408093690872,0.0008487030863761902,0.001537499949336052,0.0006846049800515175,10,24,1,6,SAT_unsat_identifiable,1,boolean_factorization,exclude_x,exclude_x,0,220,616,0,1,1,0,0,0,0,1,1,1,0,0,0.001544811762869358
4,100,5,100,268675334,62,conj,glucose42,MT19937-RandomState,3.951322287321091e-05,11011110111110000111011110101001100100111011111111000101111011001111000111001110111001100111111110111110000010011111010001100111100111111011111010000100000101001111111001111110010111101010111111111010101101110111111101111001001101011111011110001011101011111111111100111110010101001111101011011010111111110110010101011111101011010101010111111010111011111111111111001111100110001111111101101110101110011101111111110010110011110111111101111111110111011111011111110111011011011111110111011001101001111111,2a6e93c92ffa5793454bfec75cc4fc20f77fb9b4d8b8821273199854563eec02,bernoulli,bernoulli|conj|p=0.7|zero=allow_iid|rng=MT19937-RandomState,0.7,allow_iid,0.00043311063200235367,3.8800761103630066e-05,0.00014019478112459183,9.802449494600296e-05,0.0008247522637248039,0.0015388475731015205,0.0007101306691765785,10,27,1,6,SAT_unsat_identifiable,1,boolean_factorization,exclude_x,exclude_x,0,210,604,0,1,1,0,1,0,0,1,1,1,0,0,0.001519761048257351
4,100,5,100,268675334,63,conj,glucose42,MT19937-RandomState,5.0411559641361237e-05,00111111111101111010100001001010100001111100011111111101100111111110011100111010001111010011011100111111011110111111111110111101011111111111111000100010110101111010111111110011110010010111111111100111110111111001011111011000111000011110101111111000110011101110010111101110011111011110101011111110011111110110111111100011111111011100110001111100111110011101111100111111111010011000111011110111111111111001111111111001001100101110110001101100111001110010101101011111110111111101111100110000101111111110,e80a141bf556422d1d83d6f4f5c53998029990f0c93d9458733746f8c4ef310e,bernoulli,bernoulli|conj|p=0.7|zero=allow_iid|rng=MT19937-RandomState,0.7,allow_iid,0.00042749475687742233,3.820471465587616e-05,0.00013141240924596786,9.869225323200226e-05,0.0007851282134652138,0.001484917476773262,0.0006958041340112686,9,29,1,6,SAT_unsat_identifiable,1,boolean_factorization,exclude_x,exclude_x,0,181,530,0,1,1,0,0,0,0,1,1,1,0,0,0.0015145549550652504
4,100,5,100,268675334,64,conj,glucose42,MT19937-RandomState,3.9638951420783997e-05,11101111000011111111111100110010100111100101001111011110101110011101110101101011111101111111001001001011101111110111110111001011001111011010110001001101100111111111111110011110111010011011110010010111111111110110010110110010111110111110011001110101110001111110110111111111011101111111111001111101110111110110011011100010111111000111111111110111011011010110111111001100000101011111011111111111110111011011100101101111011111111111101110011100111110110101111111000001010011001111101001111100101011001111,f4c2a4daddbdd17060da9eeeee81709c23afc78d9b211cf015ef5315817fa100,bernoulli,bernoulli|conj|p=0.7|zero=allow_iid|rng=MT19937-RandomState,0.7,allow_iid,0.00042446330189704895,3.7593767046928406e-05,0.00013052020221948624,9.817630052566528e-05,0.0007497873157262802,0.0014446927234530449,0.0006907535716891289,9,29,1,6,SAT_unsat_identifiable,1,boolean_factorization,exclude_x,exclude_x,0,181,530,0,1,1,0,0,0,0,1,1,1,0,0,0.00151726882904768
4,100,5,100,268675334,65,conj,glucose42,MT19937-RandomState,3.779679536819458e-05,00111101101110011111111110111110101100100110110110110110111010110101111001011111101101100111101111101010101010111110110011011110111001101111110001111011000111101011011111011100101011011110101111000111011011111110111111111001111110101111111111011111111111110101111111100010110110011111101111111011100110011100110000111111111111100010010101110101111111110110101111010111111110010100111101111011110100111110110100110001001011101111001101110111010011100100010111011111110101011001001111110111011011101111,9cb9dad8d8ce8bf4ad7d51047d8d5c8b6db4bfe2d1a4cf90ad190f29ee0d2a11,bernoulli,bernoulli|conj|p=0.7|zero=allow_iid|rng=MT19937-RandomState,0.7,allow_iid,0.0004013748839497566,3.673788160085678e-05,0.0001393929123878479,9.813997894525528e-05,0.0007550204172730446,0.0014344081282615662,0.0006756456568837166,9,26,1,6,SAT_unsat_identifiable,1,boolean_factorization,exclude_x,exclude_x,0,191,542,0,1,1,0,0,0,0,1,1,1,0,0,0.0015066424384713173
4,100,5,100,268675334,66,conj,glucose42,MT19937-RandomState,3.679376095533371e-05,10111111111111101111110001110011111011011101011111111101111110111111011111100101100111110011111001011100101110101111001001111111011111101111111110011011101101111111111000111110110101010111111110011111011101100011111111110011110000111101111110101111101000000110111101111111011111101110011111110011111110010111010111101111111111010110111001110111110110001111111100111100110110011101100011110011111111101010011011011110101000111111111101110111111111111100111001010000111111100011011111101110111111111011,14c78f78fe72839ee25b581235d91b4c79755e60968561066a820d632eb5b3fa,bernoulli,bernoulli|conj|p=0.7|zero=allow_iid|rng=MT19937-RandomState,0.7,allow_iid,0.000428907573223114,3.9340928196907043e-05,0.00013132765889167786,9.743217378854752e-05,0.0007612565532326698,0.001462334766983986,0.0006970083341002464,9,27,1,6,SAT_unsat_identifiable,1,boolean_factorization,exclude_x,exclude_x,0,186,536,0,1,1,0,0,0,0,1,1,1,0,0,0.0015181005001068115
4,100,5,100,268675334,67,conj,glucose42,MT19937-RandomState,3.8634054362773895e-05,11011001010111011011111111011101101111101110110111111101101111000011111101011110010010011001111110110101110101111110111010111110101111111011101100110011101101100101110011011110011010010100000001111011111111111111111011101010111011110100111101110101110111011110000010011111011101011011111001000011111001000111111110011110101111111101001111101101110001110010111110110110101101111011010100101011010110100110010111110011111111111110111111111111111010100011011110011110110001111100111011011111100010101010,c418f7e7e7fba03996bd875415cdae4a3fc36a2d04db359cbe2826e07d4ef3dd,bernoulli,bernoulli|conj|p=0.7|zero=allow_iid|rng=MT19937-RandomState,0.7,allow_iid,0.0004502655938267708,3.811437636613846e-05,0.00013079214841127396,9.795743972063065e-05,0.0007481137290596962,0.0014689452946186066,0.0007171295583248138,9,29,1,6,SAT_unsat_identifiable,1,boolean_factorization,exclude_x,exclude_x,0,181,530,0,1,1,0,0,0,0,1,1,1,0,0,0.0015030419453978539
4,100,5,100,268675334,68,conj,glucose42,MT19937-RandomState,4.013627767562866e-05,01101111101001001111111101111011011001100001110111101111101101110011110011100101011100011111111011111110101101111111001111110111010100110111111101011111011111111101111111111001011001011100110111100011111010001111010111011101111111110011100001010010110110110111011111011101101111110011111011111001101111010110011011111001001111001011111100111101101011100111111111111011111110011110001111111101111111011011111011100101111111111111111011111011011110111101111111110111111111111110111101111111101101111110,c291af5499ba881e1ff33e19ed8bb96ba3e2c4d75def0d11b1669a13dfde1e61,bernoulli,bernoulli|conj|p=0.7|zero=allow_iid|rng=MT19937-RandomState,0.7,allow_iid,0.000362178310751915,3.627501428127289e-05,0.0001221839338541031,9.610876441001892e-05,0.0007358575239777565,0.001356479711830616,0.0006167460232973099,8,23,1,6,SAT_unsat_identifiable,1,boolean_factorization,exclude_x,exclude_x,0,182,492,0,1,0,1,0,0,0,1,1,1,0,0,0.0015067066997289658
4,100,5,100,268675334,69,conj,glucose42,MT19937-RandomState,4.006829112768173e-05,00001011100010100011110110111111100101111111111001111110111110001100111011110111111111111100111100101111011001111110111101101010000111101001101111011011101110100110000110011111111101110010011110001101111110011100011100010001011110111111100011111111101101111101111101100111111011100010111100011001011111110111111101001111100111011011110111011010110111111110111110111010110110010011010111000110101101101011101110011011011011101111110110100111111011111111100010110111111101110111111101010001011111000101,2041ab46cf399495aa6c88be3b458089188afdb63a242272004c8d8e242b474d,bernoulli,bernoulli|conj|p=0.7|zero=allow_iid|rng=MT19937-RandomState,0.7,allow_iid,0.0004358207806944847,3.716070204973221e-05,0.00012987665832042694,9.751878678798676e-05,0.0008229296654462814,0.0015270393341779709,0.0007003769278526306,9,29,1,6,SAT_unsat_identifiable,1,boolean_factorization,exclude_x,exclude_x,0,181,530,0,1,1,0,0,0,0,1,1,1,0,0,0.0015372037887573242
4,100,5,100,268675334,70,conj,glucose42,MT19937-RandomState,6.483122706413269e-05,11101111111111101111101101110110011011110011011011111111110011111111110111101110010101001111011101101100111100010011111000111111101110111100111110011001111101001111111000101011011101010111101111010101000111110111100111011011111111111111101111111100011111101110111110110100110011111011110101111111011101110101110101101011110100110111011111100101011111101001111001000011111110111110101101110010111011111111111101111100111111111111100111110111110011111111101101011101111111110100000110110101001100010011,7cfeb963212900c997332890c92900d1cf88069bd24eadd5e7db615154572941,bernoulli,bernoulli|conj|p=0.7|zero=allow_iid|rng=MT19937-RandomState,0.7,allow_iid,0.00042569730430841446,4.3215230107307434e-05,0.00013637356460094452,0.00010205991566181183,0.0008312789723277092,0.0015431810170412064,0.0007073460146784782,9,26,1,6,SAT_unsat_identifiable,1,boolean_factorization,exclude_x,exclude_x,0,191,542,0,1,1,0,0,0,0,1,1,1,0,0,0.0015225410461425781
4,100,5,100,268675334,71,conj,glucose42,MT19937-RandomState,4.203617572784424e-05,01001010011110111111110001100011110010111011010111111110111111001111111111111101101111110010101110011111111110011100110111111011111111110101110101100110010101011000101111001101110111111101110100111010000110100010101111111100110101011101100110010110100110100101101110000111010010111101100111101111111000110110110110111111110001111111101111110011111000111111110001010101101111111011101111111110111111111010110111111111011110110111101111111111011110010000000111010111111010001010110000111111101100111110,f9af8b920cfc66be073278f5b975ded2efde6f4e03dfa191cc0251850f4b5aea,bernoulli,bernoulli|conj|p=0.7|zero=allow_iid|rng=MT19937-RandomState,0.7,allow_iid,0.0004253983497619629,3.787875175476074e-05,0.00014351215213537216,9.794440120458603e-05,0.000760241411626339,0.0014691241085529327,0.0007047336548566818,9,29,1,6,SAT_unsat_identifiable,1,boolean_factorization,exclude_x,exclude_x,0,181,530,0,1,1,0,1,0,0,1,1,1,0,0,0.0015134252607822418
4,100,5,100,268675334,72,conj,glucose42,MT19937-RandomState,3.868900239467621e-05,11101000110011111101111110011111101111111110100111001111101101111111011111111101110111110011011001101111101110110101111110000110110100111111111010011010111110011111111111111110101000110101000011001101110010101110001101101101100101111011001111111110011111111111111101010101111111110011110011111001111011111111111011111110010011010111110011111111011111010111110011110111101111100101111111001000011101111111111101001101111111110111111011111111111010011101001100001111111111101100111011000111110111100100,010e3050bb53cd472da88de8c1e8a4516046d63d2834c641533894453502760f,bernoulli,bernoulli|conj|p=0.7|zero=allow_iid|rng=MT19937-RandomState,0.7,allow_iid,0.0004468914121389389,3.917515277862549e-05,0.00014052912592887878,9.851623326539993e-05,0.0008645094931125641,0.0015932274982333183,0.0007251119241118431,10,28,1,6,SAT_unsat_identifiable,1,boolean_factorization,exclude_x,exclude_x,0,205,598,0,1,1,0,0,0,0,1,1,1,0,0,0.0015227021649479866
4,100,5,100,268675334,73,conj,glucose42,MT19937-RandomState,4.917476326227188e-05,11100111100110111110011101111111011011101101101111111111011010110111111101001000111111101101101111111100100101110101101111111111111100111011011111100111111110101111111010111101110100111011001011111011111111110001111001111011101110111011111001101011000011001100111110111111010101011101111101011101111110101111111111111110100101111010111101100101110110000011010010110111110101101101011011111010111111111111001100111001110101100111011111101110111101110010111011110101101011111011111100101111101111011110,5b34b5e6c849144b62629341d9c9843424725b2d71c217823a6cd59f9431cbdf,bernoulli,bernoulli|conj|p=0.7|zero=allow_iid|rng=MT19937-RandomState,0.7,allow_iid,0.00038678478449583054,3.7095509469509125e-05,0.00013246852904558182,9.785778820514679e-05,0.0008049365133047104,0.0014626551419496536,0.0006542066112160683,9,25,1,6,SAT_unsat_identifiable,1,boolean_factorization,exclude_x,exclude_x,0,196,548,0,1,1,0,0,0,0,1,1,1,0,0,0.0015019597485661507
4,100,5,100,268675334,74,conj,glucose42,MT19937-RandomState,3.91937792301178e-05,00101110110101011111011111011101010111101111011110101001111101010100110101011111000110110110111111111011110111110111111100110101101111011110101111111100110011011101101111011110011111011001111110111101011011011111110010110110101111011001100011101011110111111110110101001101101110001111110011100110001011111111101101111101111111011111111101100101011111110010101011111111111010101111111111011111111101111111110111111100101011101111101100111110110110111001111111000011111000110011110100011111111111101111,95a05c743c47b47bedd76d6bd527d93f751bead54db585aab5e5acb09e522e70,bernoulli,bernoulli|conj|p=0.7|zero=allow_iid|rng=MT19937-RandomState,0.7,allow_iid,0.0004056515172123909,3.8417987525463104e-05,0.00014004576951265335,9.678024798631668e-05,0.0008994275704026222,0.0015840576961636543,0.000680895522236824,10,25,1,6,SAT_unsat_identifiable,1,boolean_factorization,exclude_x,exclude_x,0,220,616,0,1,1,0,0,0,0,1,1,1,0,0,0.0015301629900932312
4,100,5,100,268675334,75,conj,glucose42,MT19937-RandomState,3.80026176571846e-05,10111111111011111101010101011010111100111111111001111100010001110000111001101111111011011011111011110011011111111111011111111100111111111010001111111001010110111110111110100111110001010011111011111011111011000111111010110111111111110110111001111101111111101000010111101011111101111010110111111101011110111100011111111111101110111100111011110101100010111001111111111111001110101010110101111010101011011111111101111101101110110111111001111101011101111101111111100111011101111010010010111111111101111110,488de2f254957de20459893f897d831da0990d236314bc038bf0c709ab423555,bernoulli,bernoulli|conj|p=0.7|zero=allow_iid|rng=MT19937-RandomState,0.7,allow_iid,0.0003759274259209633,3.732740879058838e-05,0.00014421623200178146,9.70885157585144e-05,0.0007788315415382385,0.0014373743906617165,0.0006545595824718475,9,25,1,6,SAT_unsat_identifiable,1,boolean_factorization,exclude_x,exclude_x,0,201,554,0,1,1,0,0,0,0,1,1,1,0,0,0.0015084100887179375
4,100,5,100,268675334,76,conj,glucose42,MT19937-RandomState,3.777351230382919e-05,00111101010111111110111110010011110101111110011111100111111101010011111110101111111101100100100110011010101111101101010100100111001111011100111111011111101110111110101111101111110101000010011011111101111011011101011111110101111111011111101111101101110111100010110011110111111000111011011111110011110110010011111110011111110100100011101001111110001111111101011110011111000110100100011111100011111111011011001011000111100111011010111011110001011101011011111111111101111111111111010100011111111010111110,c5a6df4e06d3c3478b7971ae3d8ecc2dbfe50f6c3f669d3f7ae3b7a66c17371f,bernoulli,bernoulli|conj|p=0.7|zero=allow_iid|rng=MT19937-RandomState,0.7,allow_iid,0.0004167826846241951,3.8516707718372345e-05,0.00012186914682388306,9.822845458984375e-05,0.0007040305063128471,0.001383199356496334,0.0006753969937562943,8,28,1,6,SAT_unsat_identifiable,1,boolean_factorization,exclude_x,exclude_x,0,162,468,0,1,1,0,0,0,0,1,1,1,0,0,0.0014884620904922485
4,100,5,100,268675334,77,conj,glucose42,MT19937-RandomState,3.776606172323227e-05,01000111101001111111111101111101110110111111101101110111111011010001111110101110111011110111011011110110100111010001110001000001111111110111101110011101011111001011101110110110110101000011111111111010100111101111000011111010111101010111101101111011010111111011110101001111001111110100111011111111111011011111111010110011001110100100011101010111101110111100011100100011001111110111001100111111111101111011110110100111111100001111011011111011111111111110111010111111111111111101010010101101111011111011,33b97029a81c0fc5f7f4c39fa289b377321af1c6ed16a35105a2e9977ecbbfd9,bernoulli,bernoulli|conj|p=0.7|zero=allow_iid|rng=MT19937-RandomState,0.7,allow_iid,0.0004111137241125107,3.761518746614456e-05,0.00013023614883422852,9.765848517417908e-05,0.0007607927545905113,0.0014413418248295784,0.0006766235455870628,9,27,1,6,SAT_unsat_identifiable,1,boolean_factorization,exclude_x,exclude_x,0,191,542,0,1,1,0,0,0,0,1,1,1,0,0,0.0015140203759074211
4,100,5,100,268675334,78,conj,glucose42,MT19937-RandomState,4.627835005521774e-05,11111010100111101011001110011110101101111011111100111110110101110110011110011111001101101111111111111111100111000101111111111110011101111101111101101101111110100110111110011101101111111011100000111001111101100111111110111110011110111101001111110100111110111111111101111111101110101011111011111111110111111110001011100110101101111110011011111100011011100110110011111010111101100011101110111110111111111000011111111111000011100111111111101010110011010111101111011110111100110111111110101011001011111111,1f63f382c9de0f08d6101063ea46af12dc5d517757ff6d19e15517f167135021,bernoulli,bernoulli|conj|p=0.7|zero=allow_iid|rng=MT19937-RandomState,0.7,allow_iid,0.000385873019695282,3.611668944358826e-05,0.00012190267443656921,9.654741734266281e-05,0.0007037026807665825,0.0013478891924023628,0.0006404398009181023,8,27,1,6,SAT_unsat_identifiable,1,boolean_factorization,exclude_x,exclude_x,0,167,474,0,1,1,0,0,0,0,1,1,1,0,0,0.0014966335147619247
4,100,5,100,268675334,79,conj,glucose42,MT19937-RandomState,4.038028419017792e-05,11110011011111101111011111110111011101111100011111101100101001011110101111010100001111100111011011110101010110111011111001100110001011111111101111110110111110111110111111011110101001111111110111010011101110100101110111111111100101001010111011110010011011011110111110000111100110101110000111010011111011100110111010101011111100101110111111111010111101110110111100111010111111000110111110110100110111110111100111111010011001100111100111111101111010111110111111011110000011011010111011111101110011110111,7067db29953003c79b914dcccb3e88d44ada38e099cc033d52fa246c01bd8b17,bernoulli,bernoulli|conj|p=0.7|zero=allow_iid|rng=MT19937-RandomState,0.7,allow_iid,0.0004234183579683304,3.84235754609108e-05,0.00013916566967964172,9.685661643743515e-05,0.0008726734668016434,0.001574300229549408,0.000697864219546318,10,26,1,6,SAT_unsat_identifiable,1,boolean_factorization,exclude_x,exclude_x,0,215,610,0,1,1,0,0,0,0,1,1,1,0,0,0.0015282612293958664
4,100,5,100,268675334,80,conj,glucose42,MT19937-RandomState,6.694253534078598e-05,11011111111110111111100101111111111110100111100100111111111011110001101101011111111110100111111111001101111011101010101100111101111110111111000000111011101101111111110101111110110010111001110110110110011011111001111001110110010011011110111011101111101110001010100111101111011111001111111111100111100111110111111101000111101111100111011111111110011101111111011111010101111011110101011110111100011111101101101101111111111101011100000111100111101111110111100011101111110111111110110100100011111010101101,9b786a5bacc8c035a231108d1ed58ce30f2499d5d3be3d180c8943e94f2a7073,bernoulli,bernoulli|conj|p=0.7|zero=allow_iid|rng=MT19937-RandomState,0.7,allow_iid,0.0004155011847615242,4.321988672018051e-05,0.00013689696788787842,0.00010358262807130814,0.0008334629237651825,0.0015374012291431427,0.0006992006674408913,9,26,1,6,SAT_unsat_identifiable,1,boolean_factorization,exclude_x,exclude_x,0,191,542,0,1,1,0,1,0,0,1,1,1,0,0,0.0015350840985774994
4,100,5,100,268675334,81,conj,glucose42,MT19937-RandomState,4.089623689651489e-05,11111011111011110111011101001011011011111001011011011101111111100101000110010100101001011110011110011110101111100111110101101111101111101111010011011111001101010111110111101001100011111111101110111111111011001110000011011101001111011010010111100011101110111011111011101101110101110101101111011111111111110111001110111111111110111110111101100111000111111100110111111110110011110011110110011101001110001010100110011110111111111111011110101111111111010011001111110000101111001110110000101000101011111011,a84d38d37f0b4b7d09de63f136218d7d5a1ba78373b1e8287330d4d3e6cfc7a1,bernoulli,bernoulli|conj|p=0.7|zero=allow_iid|rng=MT19937-RandomState,0.7,allow_iid,0.0004241708666086197,3.734324127435684e-05,0.00013692304491996765,9.797699749469757e-05,0.0007594674825668335,0.0014599701389670372,0.0006964141502976418,9,29,1,6,SAT_unsat_identifiable,1,boolean_factorization,exclude_x,exclude_x,0,181,530,0,1,1,0,0,0,0,1,1,1,0,0,0.0015225382521748543
4,100,5,100,268675334,82,conj,glucose42,MT19937-RandomState,3.91155481338501e-05,11111110100100111101010101101001111110101110111001111011111110001111001111111111110111111001111111111111101100011111101110011111010111001111110010111011101110011110001010100101100101110101111111111111011111111101101011111011100011111011100111111010101111111111010111110010101100101111101011011100011110111011111010010110111001001001101011111111011011011111111001110001101001110101001100110111001111111111111111111011110011111110110011111110101100110011011101111111011001110010110111010010110110010101,4f4dada917e18018697c47a3eb70faac7dacecd4912c34d364218a722ff056d6,bernoulli,bernoulli|conj|p=0.7|zero=allow_iid|rng=MT19937-RandomState,0.7,allow_iid,0.00039078015834093094,3.680586814880371e-05,0.00012164656072854996,9.602867066860199e-05,0.0007516779005527496,0.001401236280798912,0.0006452612578868866,8,25,1,6,SAT_unsat_identifiable,1,boolean_factorization,exclude_x,exclude_x,0,177,486,0,1,0,1,0,0,0,1,1,1,0,0,0.0014887955039739609
4,100,5,100,268675334,83,conj,glucose42,MT19937-RandomState,3.715790808200836e-05,00111111110111111111101111111010111111110011011110010101110110001001100101011011110101101111111000111111111111111110110111111110111111111011011000101010101101001111111011011101101111011001111111111111100011101100011101011101010001001110001010001111111010111111010111111111011111100110111111010100110111011001011100100001110111111111111111111111011101111000101101111110111011001110011111111111011111011111111011110101110010101011001100111110111111001011110101111011000001111101111110111110111101011100,a79a65c57b1156314bf849b68650ef7a094fddbce24b468c30dfaf778c23f6a4,bernoulli,bernoulli|conj|p=0.7|zero=allow_iid|rng=MT19937-RandomState,0.7,allow_iid,0.00042545516043901443,3.841705620288849e-05,0.00013987813144922256,9.838584810495377e-05,0.000864710658788681,0.001570981927216053,0.0007021361961960793,10,27,1,6,SAT_unsat_identifiable,1,boolean_factorization,exclude_x,exclude_x,0,210,604,0,1,1,0,0,0,0,1,1,1,0,0,0.0015437640249729156
4,100,5,100,268675334,84,conj,glucose42,MT19937-RandomState,3.972649574279785e-05,11111010110110001111000001101110000110111110010110101110100110111011110101111111110101001101101111001111110110011011111011111101100111111110001110101110100101100110110111111011010101111000111111011011111101101111100110111001111110111111111010011011111101100111011010011101101101010111011110111101110001100110110011110111101110011101001000000100110101101011001110010111010100110011110101110110100111011111111011101010011111110110011001101111100011111101001111111110110111111001101111011001111110111111,fd89269b69c52b13b531af21037460d247944669440c1b28d7708e955b6baa13,bernoulli,bernoulli|conj|p=0.7|zero=allow_iid|rng=MT19937-RandomState,0.7,allow_iid,0.0004001650959253311,3.849342465400696e-05,0.00013996846973896027,9.843986481428146e-05,0.0008948231115937233,0.0015761908143758774,0.0006770668551325798,10,24,1,6,SAT_unsat_identifiable,1,boolean_factorization,exclude_x,exclude_x,0,225,622,0,1,1,0,1,0,0,1,1,1,0,0,0.0015534395352005959
4,100,5,100,268675334,85,conj,glucose42,MT19937-RandomState,3.917515277862549e-05,11011111111101001110111101111100010111110101001111000111011111011111111111011001111100011110011110111101011000001010111110010000111111111101011100011111111110110100011101000111111110101111011011100111101101101111010110101110101101110111000101111111111111111111101101001110111110011011111000000101110010111111111011011111001110011011111011110110110111111111011101111101110111110011011111001100111110111111111110001111111010111111011111011111010111111101110110110101111100111111101011001110010111101111,040ccf7dbe66cf3a0188a7b73d0b424d168570153166bf26e765dcd49e69950b,bernoulli,bernoulli|conj|p=0.7|zero=allow_iid|rng=MT19937-RandomState,0.7,allow_iid,0.00040108058601617813,3.8916245102882385e-05,0.00014329049736261368,9.995978325605392e-05,0.000772673636674881,0.0014598006382584572,0.0006832471117377281,9,26,1,6,SAT_unsat_identifiable,1,boolean_factorization,exclude_x,exclude_x,0,191,542,0,1,1,0,0,0,0,1,1,1,0,0,0.0015156576409935951
4,100,5,100,268675334,86,conj,glucose42,MT19937-RandomState,3.6308541893959045e-05,01101011110111110110011110111101111101101111111010110101101101111011111011101011111010110101110111101101100011011001011011111011101111101111110001011001011111110110001001110011111011110011111111111111001111100111110010010111111110100000111111000011011111101111111111011011110111111111000111001101110101111111111111111101111111111000011001101000011011011011011110100111111101101110100111101110110111111111111111111001111111110110111100000111111011011011101101111101111011111011010101111111111101100011,00e5aaeae23493be4a609b40df30bec0642bd1a0eec60d3f690e5243d355e5a6,bernoulli,bernoulli|conj|p=0.7|zero=allow_iid|rng=MT19937-RandomState,0.7,allow_iid,0.00040228478610515594,3.906618803739548e-05,0.00013242103159427643,9.863637387752533e-05,0.0008084522560238838,0.0014845291152596474,0.0006724083796143532,9,24,1,6,SAT_unsat_identifiable,1,boolean_factorization,exclude_x,exclude_x,0,201,554,0,1,1,0,0,0,0,1,1,1,0,0,0.001529245637357235
4,100,5,100,268675334,87,conj,glucose42,MT19937-RandomState,3.9381906390190125e-05,11001110110110111111111111111101100111011011101110110111001111101101101100110110110111111001111100010011110101010111110111001110011111111000101111011011101100011110111011001111000101111100111101011111110110111111110001111101100111111111111111011100101111001110101111110000110101111111111111111011110111111111101011001101101111110111011110111011110111011111000101111111101111110110111111111111100000011111100000111111101010101111110000011110101011011111111010111111111010011101101110011101100101011110,f347a7525212520fcbaf59a7f5bbfd2eed3463cf362ca13301659e5c2ef20efc,bernoulli,bernoulli|conj|p=0.7|zero=allow_iid|rng=MT19937-RandomState,0.7,allow_iid,0.00038694869726896286,3.620702773332596e-05,0.00012191012501716614,9.923055768013e-05,0.0007307399064302444,0.0013790801167488098,0.000644296407699585,8,24,1,6,SAT_unsat_identifiable,1,boolean_factorization,exclude_x,exclude_x,0,177,486,0,1,1,0,1,0,0,1,1,1,0,0,0.001508096233010292
4,100,5,100,268675334,88,conj,glucose42,MT19937-RandomState,3.816932439804077e-05,10110111111111100111111110101111010111011101000111011111111011010011011010111101110111111001100111110111101101111010111111000111111001010111101011011010111111111000100011100111011111101011111011011111101101111110101010101111111010101111010111111100101001111000111111101111011111000001011110111101111011111101111101011001101110100011111010111111100011110111101111111011111110111110110111011111101110111111100011110100111110110111001001001101011001101101001111001101101010111101001111001111110111100001,20f49cc33eac0b2816290f1ceb8963505b4e5e5a02a1c798a297899f70f0e4cb,bernoulli,bernoulli|conj|p=0.7|zero=allow_iid|rng=MT19937-RandomState,0.7,allow_iid,0.0004146229475736618,3.79001721739769e-05,0.00013964995741844177,9.6919946372509e-05,0.0008684871718287468,0.0015617376193404198,0.0006890930235385895,10,27,1,6,SAT_unsat_identifiable,1,boolean_factorization,exclude_x,exclude_x,0,215,610,0,1,1,0,0,0,0,1,1,1,0,0,0.001577075570821762
4,100,5,100,268675334,89,conj,glucose42,MT19937-RandomState,3.969017416238785e-05,11010111001111001011110110100010010111110010101111111010001110111101111111110111111111000101111011010010101111110101111000011010011011100011110010011011111010011101011111101110101111101011111111001110110110001011111111010111111101101100000011110111010110101111011101101100111111100101111110111101011111110111010100100101111111111111011111011111111011111101110101111101101110001110011111111101111100011101101111110101111111111000111111111101000110011111011110011111011101010001110011110010110110110111,778404c3b9f9cdb805e171e61af037c3fe32fc48ff3ff7db6550b7c337fa9d5b,bernoulli,bernoulli|conj|p=0.7|zero=allow_iid|rng=MT19937-RandomState,0.7,allow_iid,0.0003822688013315201,3.750808537006378e-05,0.00014015939086675644,9.816139936447144e-05,0.0007720012217760086,0.0014338456094264984,0.0006580976769328117,9,26,1,6,SAT_unsat_identifiable,1,boolean_factorization,exclude_x,exclude_x,0,191,542,0,1,1,0,1,0,0,1,1,1,0,0,0.0015514567494392395
4,100,5,100,268675334,90,conj,glucose42,MT19937-RandomState,7.19139352440834e-05,11111101011110101111111101111111111100111011111001110110110111001110001001111011000111111111111110001010010111111110111101101101111101001101101111110011010111011101110111100111111101111101001001111101000111011111100111110001101111110111111101111111111111100100110101100111110111111111010011001111011110010011101111111011000001110101011111110110111011000011011111101011111111111010010101111011010011111111001001100101101001101011111111010111110110010111101110101100110111101111011110110110111111111100,714ce9d2de029074549bc603507211f79e8d06eafd899cfb9b8d4b3415434c43,bernoulli,bernoulli|conj|p=0.7|zero=allow_iid|rng=MT19937-RandomState,0.7,allow_iid,0.0004097502678632736,4.268437623977661e-05,0.00012674089521169662,0.0001015225425362587,0.0007770340889692307,0.0014629485085606575,0.0006806980818510056,8,26,1,6,SAT_unsat_identifiable,1,boolean_factorization,exclude_x,exclude_x,0,167,474,0,1,1,0,1,0,0,1,1,1,0,0,0.0015099188312888145
4,100,5,100,268675334,91,conj,glucose42,MT19937-RandomState,3.958214074373245e-05,11111111110110011111111011010111110010101110011101010101011111111111111111010111111001110111110011110110100110111011111111010111110101110101000010110110111101011111011001100011010111000111111111111111111111110101110111011101100111111111110111011010001011111100111110111101111011111110111111111101011111111011011001111111111010100110111101111110011100011110100111111111011111111011111011111000111110110111111111101101101111111011111101100111111110111001101111111101100001111001010111111111110011100111,0ae18e7dbf8dd4cabf6d10281bf2dd762752f7f129a168ade33606db6b17182d,bernoulli,bernoulli|conj|p=0.7|zero=allow_iid|rng=MT19937-RandomState,0.7,allow_iid,0.0004008309915661812,3.931671380996704e-05,0.00014796946197748184,9.785313159227371e-05,0.0009076632559299469,0.001598128117620945,0.0006859702989459038,10,25,1,6,SAT_unsat_identifiable,1,boolean_factorization,exclude_x,exclude_x,0,220,616,0,1,1,0,0,0,0,1,1,1,0,0,0.001536402851343155
4,100,5,100,268675334,92,conj,glucose42,MT19937-RandomState,4.01744619011879e-05,11110011010011111011100011101011111110101111101011011110000010011111101111010111111111111100011010111110110011010010111011110111111011011100001110000111110001110111111101100111011011111101110011101010111100011111110111111111111111110111110111110101100101111011011111000101101111111110111111111010011101111010111111111111111101111011111010111100101000111111011110111111000111111110010110111101011111101000001111011101101111111111111110011111100101110111111011010111101111011111011010011001111011101101,fe7c53f6847ca21d1a6555589fe5d3cf6a594ea947e6bbcab53041f583b2e70d,bernoulli,bernoulli|conj|p=0.7|zero=allow_iid|rng=MT19937-RandomState,0.7,allow_iid,0.0004180595278739929,3.9538368582725525e-05,0.00014930963516235352,9.879376739263535e-05,0.0009401673451066017,0.0016498751938343048,0.0007057012990117073,11,25,1,6,SAT_unsat_identifiable,1,boolean_factorization,exclude_x,exclude_x,0,244,684,0,1,1,0,1,0,0,1,1,1,0,0,0.0015458054840564728
4,100,5,100,268675334,93,conj,glucose42,MT19937-RandomState,3.953743726015091e-05,11110111111110101000000011100111101110101011101111010011110011111101110011110100111111011111111111110111101100111100110110101111011111111111010010010111101100011000001011111010110111101101111111010011110101101001111111111100110111111101111011011110100101111110111111111110101011111001101100000111011110011101101100111001111111110000110111111110101111101001111010110110011011101110110010111011111111111101010110110111011001100010110111100011100011101001011111011111101101011001110111100011111011101001,3f5069daffa1b0cfe780bc125082f780f352e346e069c4a8b8ce95772bf2d92e,bernoulli,bernoulli|conj|p=0.7|zero=allow_iid|rng=MT19937-RandomState,0.7,allow_iid,0.0004179375246167183,3.7346966564655304e-05,0.0001307157799601555,9.736046195030212e-05,0.000786718912422657,0.0014737369492650032,0.0006833607330918312,9,28,1,6,SAT_unsat_identifiable,1,boolean_factorization,exclude_x,exclude_x,0,186,536,0,1,1,0,0,0,0,1,1,1,0,0,0.0015136068686842918
4,100,5,100,268675334,94,conj,glucose42,MT19937-RandomState,3.7853606045246124e-05,11110101111101010111110100111100101111111011111001100100110111101111011010111111011111001011100111100011101010011111100110110011110110100100100101011110111001111111000111011111111101001101110111000110111011111011011100111110001110110011111110111010110000101111111111101101111111011110100111101101011101100101111111110111110111010001011101100111110111110111100001110100110011001011011010110101111111011011001110011111111110110111011010111111111100101111011011101001111011111110011111011111000111111110,978e192f8f946eb93ef6a4481737cc6a3cf7e8a520fc5bfca3aa9146d2b2281e,bernoulli,bernoulli|conj|p=0.7|zero=allow_iid|rng=MT19937-RandomState,0.7,allow_iid,0.0004120953381061554,3.719516098499298e-05,0.00013536028563976288,9.728781878948212e-05,0.0007617119699716568,0.0014475956559181213,0.0006819386035203934,9,27,1,6,SAT_unsat_identifiable,1,boolean_factorization,exclude_x,exclude_x,0,186,536,0,1,1,0,0,0,0,1,1,1,0,0,0.001513962633907795
4,100,5,100,268675334,95,conj,glucose42,MT19937-RandomState,3.8168393075466156e-05,11101111100010010110101101110010101101100110111110110111111111011011101111111101011011110011111011111110111110111100010101111101000111011111111010100100110010111111110100110111110011101111111101111011110111110111100111111001011111110110110010011110111011111110111011000111111101011011101111100010011011011000001111110111101111111111111111011111011111001011101001111100111111111111111001110000111010010111110110011111101110111110111011101111101111111011001011110111010110101111100011111111011100111010,0e38ab4a1d41a475455d3d9330de509c4a3b44e09a6aff0aee92bec65658ef2f,bernoulli,bernoulli|conj|p=0.7|zero=allow_iid|rng=MT19937-RandomState,0.7,allow_iid,0.00042840372771024704,3.941170871257782e-05,0.00014037825167179108,9.741820394992828e-05,0.0008566854521632195,0.0015660198405385017,0.0007056118920445442,10,26,1,6,SAT_unsat_identifiable,1,boolean_factorization,exclude_x,exclude_x,0,215,610,0,1,1,0,1,0,0,1,1,1,0,0,0.0015183687210083008
4,100,5,100,268675334,96,conj,glucose42,MT19937-RandomState,3.6959536373615265e-05,01001001111101111010110101111011101111111011100010101010111110100010011111101111110011010011110111110111100111010111111111111111111111110011110111000001111011110101110110110111010011111010001010111110111111010111111110111111000111011110111111101100111111011111111011111110111111110010010101111110100010111111101111111110111011000111111110011111101110110111110001001010111111111110111111001110010101111111100100111101000101001011010100111001111011101100001101111111011000011011110011111111111101110101,bc3733b608b4b1e25fb9ced7376e1219db04d3fbd5458059bee40d3026d1a330,bernoulli,bernoulli|conj|p=0.7|zero=allow_iid|rng=MT19937-RandomState,0.7,allow_iid,0.0003912542015314102,3.496278077363968e-05,0.0,0.0,0.0,0.0004292204976081848,0.0004262169823050499,5,32,1,4,identity_submatrix_identifiable,0,,,exclude_x,0,0,0,1,0,1,0,0,0,0,1,1,1,1,0,0.0014206226915121078
4,100,5,100,268675334,97,conj,glucose42,MT19937-RandomState,3.600120544433594e-05,01111111101011011110111111111101111011111111111011111111101011111111110101100101111111110001101110110110111111111110100000111110101110111101011110101010111010111110111001111110011111111111111010110101101001010101111001001011001111011000011110010111110011001111111101001010001000000111111101100111101001111000111100111011010101111111111100010111100110110011011011110101011011101111110101110101011100111001110010110011101111011011011101101101010011101111111110011111111111111111111011111101111011110100,2b8ac8c1a959e7ea7deb5d0a8069c9b896d350970fc3fecf2e79dc24ad26c7c8,bernoulli,bernoulli|conj|p=0.7|zero=allow_iid|rng=MT19937-RandomState,0.7,allow_iid,0.00042920466512441635,3.8547441363334656e-05,0.0001389002427458763,9.689759463071823e-05,0.0009505860507488251,0.0016576582565903664,0.0007035499438643456,10,28,1,6,SAT_unsat_identifiable,1,boolean_factorization,exclude_x,exclude_x,0,205,598,0,1,1,0,1,0,0,1,1,1,0,0,0.0015427814796566963
4,100,5,100,268675334,98,conj,glucose42,MT19937-RandomState,3.7943944334983826e-05,11110110111111011010101100011100010111001111110011011111101110001001001000001111111001111111111011101111110001101111101110010111011101111110110011011111101110111101011111111111100010111111101111100000011101110111111111111111011011111011011101110101111110011100111011111111110111011011111011000010100010111011010011111111011110101001110111111111111111111101011010011100010010101101000000111111011110110011010100101110000111010111011101110110110111101101101110101111111111101001011111111111110101101111,c487c5fae3b095da4cd7172064f5f7f336ffc3ab596747d18b97d174b67e33e2,bernoulli,bernoulli|conj|p=0.7|zero=allow_iid|rng=MT19937-RandomState,0.7,allow_iid,0.0003720158711075783,3.724638372659683e-05,0.0,0.0,0.0,0.00041198451071977615,0.0004092622548341751,5,32,1,4,identity_submatrix_identifiable,0,,,exclude_x,0,0,0,1,0,1,0,1,0,0,1,1,1,1,0,0.0014200080186128616
4,100,5,100,268675334,99,conj,glucose42,MT19937-RandomState,3.4242868423461914e-05,11010001101100010110111101111111101111111110110001111111110101110110111001011101011000110101111010101011101111111100101010101101101110101110111111111110111111101011111110100101010011100111110111011110010100111001111111111011101100111010101111011110110101101110011010111011111111110111100011011110111111110111111111101111011111011101001101011111110110010111111111011111001111101001110111011100001110111000111111011111111111110100111011110001111111011111101101001111111110101101101110111101110111000101,98f8964339340ce458d780dc295596af1fcb5fd864f0aac619a0f83990a6e294,bernoulli,bernoulli|conj|p=0.7|zero=allow_iid|rng=MT19937-RandomState,0.7,allow_iid,0.000429580919444561,6.280094385147095e-05,0.000151108019053936,9.759422391653061e-05,0.0009464612230658531,0.0016914252191781998,0.0007410841062664986,11,28,1,6,SAT_unsat_identifiable,1,boolean_factorization,exclude_x,exclude_x,0,229,666,0,1,1,0,0,0,0,1,1,1,0,0,0.001532936468720436
