schema_version,J,K,N,seed,sim,operator,solver_name,rng_engine,generation_time,q_bitstring,q_sha256,design,design_id,p,zero_row_policy,basis_time,identity_check_time,two_col_check_time,three_col_check_time,sat_time,algorithm_time,preprocess_time,J_basis,M_basis,identifiable,branch,branch_label,sat_called,sat_formulation,sat_cardinality_encoding,cardinality_encoding_requested,maximal_candidate_requested,sat_variables,sat_clauses,identity_original,not_complete_original,has_pure_node_original,no_pure_nodes_original,has_zero_row_original,two_col_violation_original,three_col_violation_original,two_column_pass_original,both_necessary_checks_pass_original,I_3c,identity_basis,two_col_violation_basis,diagnostics_time
4,50,10,100,3576811976,0,conj,glucose42,MT19937-RandomState,0.00011922046542167664,00000110010101110010111010111011011100001100011100011110000111001001010011011010100011010100111010010000110001100011111000111000010000011001110010101010110111011000000000011001001010000011111000010000101101111100110101011010001111110010001010101010111010100001011000110110001010101100001110100100011010000100110000001100001111110001110100011010110100010000101111111001000111110001101010001000010100011101101000110100101101111101011000001011110001110100110110000111000010001110011011100000111100000011,a20151d68ac7ed8c24a4222842a69e6724ee53e72617302c3e2434b51727bfd9,bernoulli,bernoulli|conj|p=0.5|zero=allow_iid|rng=MT19937-RandomState,0.5,allow_iid,0.0011129938066005707,0.0001275399699807167,0.0017938092350959778,0.0010422635823488235,0.0246568750590086,0.02874071802943945,0.004076606594026089,39,343,1,6,SAT_unsat_identifiable,1,boolean_factorization,exclude_x,exclude_x,0,2541,7890,0,1,1,0,0,0,0,1,1,1,0,0,0.007263722829520702
4,50,10,100,3576811976,1,conj,glucose42,MT19937-RandomState,5.11733815073967e-05,01110001010101011000101000001100111011110001011000110110111010100000010111101011011110000101010111110110111011011111001111100000010111000001001001111001000000011100000000000101110011101110100000101101110100100111011100100001111011100010111101111011101110011111101100110101011110110110001010011010101010011010111010111010101101110100111111011001111010111001110111101110000101001010000101101000110100101011101000011011011010001011000101111011100101000101001100011001110000011011110111101010101011001111,2ef9143d2a63dca8920156b3ba7841376716dd3de91f1e334349079cf4ac603e,bernoulli,bernoulli|conj|p=0.5|zero=allow_iid|rng=MT19937-RandomState,0.5,allow_iid,0.001033581793308258,9.69497486948967e-05,0.0016273744404315948,0.0009942864999175072,0.04107823222875595,0.044838049449026585,0.0037521924823522568,36,241,1,6,SAT_unsat_identifiable,1,boolean_factorization,exclude_x,exclude_x,0,2534,7480,0,1,0,1,0,0,0,1,1,1,0,0,0.006509220227599144
4,50,10,100,3576811976,2,conj,glucose42,MT19937-RandomState,4.785042256116867e-05,10001011111110110100110000100000100101100011010111110110000001111000011100000110011101100110111110001010000001000101011110111001001000011100111111110010110000010111110110111000011101111110110100111011000100011101011101110110011011000000011010100011110100111100001001001110011100010011111011110011101000001110000000101100100010110000011010111100101101000111110011101011110101011111110101101010011010001110110011111111100110010010010010100111000100111010001001100110110011011001110001100110010000010001,70e3cbb065048e4b41129e154230944c274dd863c21770d3164ed246a46a1f47,bernoulli,bernoulli|conj|p=0.5|zero=allow_iid|rng=MT19937-RandomState,0.5,allow_iid,0.0011439137160778046,9.511597454547882e-05,0.0017630187794566154,0.001012176275253296,0.0221167104318738,0.026138619519770145,0.004014224745333195,40,291,1,6,SAT_unsat_identifiable,1,boolean_factorization,exclude_x,exclude_x,0,2760,8265,0,1,0,1,0,0,0,1,1,1,0,0,0.006967394612729549
4,50,10,100,3576811976,3,conj,glucose42,MT19937-RandomState,4.834029823541641e-05,01101100010011010000100011100100001111111111101000010110111100000010101000010001001111000011110110100110001101010101110100101011101101110010010000010010111010100110011111011101000100101101011011010101000110100110111111100101110101000011101111101010001111010000111011001011000111110001101000000100001011101110000001110001000101011110111001000011000110000011010110111011010001010001001000110101111010001100111101010101111001101010000000111011100001001100011110111101100101000101010111011110100000101010,f676debea876f8fe7e3771d1878cabf4498f834e9d687537ebd1c2798a1b925a,bernoulli,bernoulli|conj|p=0.5|zero=allow_iid|rng=MT19937-RandomState,0.5,allow_iid,0.0010325480252504349,9.451713413000107e-05,0.0015359772369265556,0.0010009603574872017,0.015037070028483868,0.018707220442593098,0.0036640027537941933,34,281,1,6,SAT_unsat_identifiable,1,boolean_factorization,exclude_x,exclude_x,0,2256,6906,0,1,0,1,0,0,0,1,1,1,0,0,0.006388500332832336
4,50,10,100,3576811976,4,conj,glucose42,MT19937-RandomState,4.434119910001755e-05,01001000100111000111111000100100111001111100110110100011101011100000100011011011100000110010100111001010011010001101110011001101001010111011001111111000111110000010111111010111110011111100111111010001010110101010111110001100001010100100010100100011000011010111110100101011000001001000011010011010001111010001111100111101111010001001011010011001000000100010001011110001111101101100101101111011110000110010000000110010010001010111010100000111001010101101010000011001111101101011110001111100011101010101,94b6d1cab48b19884aa2b2b7df2f15f191c74496ebc54cc83877e59ded8618a1,bernoulli,bernoulli|conj|p=0.5|zero=allow_iid|rng=MT19937-RandomState,0.5,allow_iid,0.001104624941945076,8.320622146129608e-05,0.0016328180208802223,0.000986902043223381,0.035247500985860825,0.03906100336462259,0.0038075512275099754,36,282,1,6,SAT_unsat_identifiable,1,boolean_factorization,exclude_x,exclude_x,0,2504,7447,0,1,1,0,0,0,0,1,1,1,0,0,0.006583456881344318
4,50,10,100,3576811976,5,conj,glucose42,MT19937-RandomState,4.550255835056305e-05,01010100110101001010111000101011110000011101000111011101011110011010111110011111011010001110110000100110100100001110010011001100101010111010110011110011111001011011011101000001000100011011011110010000110001100010011011011011011000100100101000101100100011110100100011000110100010101101111010010010111001101101001010001110110111010011111001110010001011011000011110001011001101001111011000011101101100110010101111001010001001001100011100111111110010001001001101000001110111011111101101000011010001011011,507ec4a6c061fb14727fa084937e4fcae0f8e8889fcc681714d6dc36a408c625,bernoulli,bernoulli|conj|p=0.5|zero=allow_iid|rng=MT19937-RandomState,0.5,allow_iid,0.0010492634028196335,8.274335414171219e-05,0.0016249269247055054,0.001002877950668335,0.032127829268574715,0.03589484374970198,0.003759811632335186,36,283,1,6,SAT_unsat_identifiable,1,boolean_factorization,exclude_x,exclude_x,0,2444,7381,0,1,0,1,0,0,0,1,1,1,0,0,0.006633725017309189
4,50,10,100,3576811976,6,conj,glucose42,MT19937-RandomState,4.6986155211925507e-05,00100011110001100010110011010010100110000110000111000110011011000000011101101010001010010011011001110101101011110001001111001000010000111100010111011101011001011110110010011110110110100110110001100001011010101101001100110010011000100110101011111100010001100101100101111111010010111010101100001111100001100010010101111101101111111110110101001101001010011010100010110101010110010100001001110100001111100001011100000111100011000100101111010011010110011010100000001100001110001101100001111101011111111000,18d885d58aa1ebaac917e9c39780b9159314db714016749625406d472498efc6,bernoulli,bernoulli|conj|p=0.5|zero=allow_iid|rng=MT19937-RandomState,0.5,allow_iid,0.001076861284673214,9.3802809715271e-05,0.0016928520053625107,0.0010027233511209488,0.03410299774259329,0.037976295687258244,0.0038662394508719444,38,289,1,6,SAT_unsat_identifiable,1,boolean_factorization,exclude_x,exclude_x,0,2592,7812,0,1,0,1,0,0,0,1,1,1,0,0,0.006794541142880917
4,50,10,100,3576811976,7,conj,glucose42,MT19937-RandomState,5.377456545829773e-05,10000000111100010010101101000001111001101101010111011111010101110111101100011000101100101110111101000101001110110101001100110100110110011101011100001101100000001010100000111011001100011001001011000110100001101011110101011110100011011000111100101101001100000100011110101101111001000011011000111111011100101110101010010101000111111001101010101110100010011011011111101011000100000110001011000101000001100101101000010111001010010010100011010011101100110010001110011010100111011110001010101110000100111011,bf36ed37665c18a89794080944e38e2a765915f27a84c2aa90d075841054e86b,bernoulli,bernoulli|conj|p=0.5|zero=allow_iid|rng=MT19937-RandomState,0.5,allow_iid,0.001001567579805851,8.873920887708664e-05,0.0016193659976124763,0.0009936541318893433,0.05903696920722723,0.06274827755987644,0.0037033269181847572,36,305,1,6,SAT_unsat_identifiable,1,boolean_factorization,exclude_x,exclude_x,0,2444,7381,0,1,0,1,0,0,0,1,1,1,0,0,0.006766865029931068
4,50,10,100,3576811976,8,conj,glucose42,MT19937-RandomState,4.756171256303787e-05,11011110101110000010111100110101111100011111001100111001111101110000001001001010110011100101010110000011010000100111001011101000010110111101010100010001010111101011010111111100111110011001000110100011011011001110101101111111001010110010110100111001101110100101111100001111000101110101001110010101011101011110001101000001111011100111100000110000000000000000011001001100000110101010011000101010101100101011100011110000100110010101100101111000101001001010011000111011001100101011011100000011010001011001,1cfa2aa3cedf6acf81dd7aea96836ccbb097e97083ee9befad60052348049317,bernoulli,bernoulli|conj|p=0.5|zero=allow_iid|rng=MT19937-RandomState,0.5,allow_iid,0.0010067299008369446,8.821021765470505e-05,0.0015802383422851562,0.0009966110810637474,0.015491058118641376,0.01917003095149994,0.0036717895418405533,35,302,1,6,SAT_unsat_identifiable,1,boolean_factorization,exclude_x,exclude_x,0,2415,7215,0,1,0,1,1,0,0,1,1,1,0,0,0.006676456891000271
4,50,10,100,3576811976,9,conj,glucose42,MT19937-RandomState,4.8452988266944885e-05,01110010001111011100111101010010110011111001111111011111100100110101010001110000110111001100001111011000010100101001100001110111100000110011110101010101010100101111010010010110000010010010100001111011000010001010011000111011110100010100000110000111100101000110100110110101110100000011110100000010101001010110111001110111111100100101010100101000111110011110010111011001110101101011000100101001101001101100000001110100000111010101100100000100001000001101000011111110001111100001110110011100001010111011,a32a9f82a31ec821d94cefb96f452faadcf2d3056c8f2a1bf6f19353dc88194e,bernoulli,bernoulli|conj|p=0.5|zero=allow_iid|rng=MT19937-RandomState,0.5,allow_iid,0.0010208655148744583,8.91219824552536e-05,0.0013790754601359367,0.0010056281462311745,0.00918087549507618,0.012681016698479652,0.003494691103696823,30,336,1,6,SAT_unsat_identifiable,1,boolean_factorization,exclude_x,exclude_x,0,1920,6000,0,1,0,1,0,0,0,1,1,1,0,0,0.0064320070669054985
4,50,10,100,3576811976,10,conj,glucose42,MT19937-RandomState,8.868146687746048e-05,00100000110011011000011000011101111101000001000110101100111101000101111101010001111011000100000101101001100011110011100100111000111010011011011111111110010101110111110110010111111100110111100101111001100101011011101010010111010011100100011100001110011001111011000100100010011001001111110101000110011000110000000101011010100010000110101001111110111000101101101001101001111111010111111110101111001011000101011110100000110101010000111100110001000100101111000011111101101110000000101100011011000001000001,5bc78b2d1380913aee7c62627df259e8017c5c84babd37cd2e3fb09808580d60,bernoulli,bernoulli|conj|p=0.5|zero=allow_iid|rng=MT19937-RandomState,0.5,allow_iid,0.0011321408674120903,9.692646563053131e-05,0.001628883183002472,0.0009976569563150406,0.01416813675314188,0.018031567335128784,0.003855607472360134,36,290,1,6,SAT_unsat_identifiable,1,boolean_factorization,exclude_x,exclude_x,0,2434,7370,0,1,0,1,0,0,0,1,1,1,0,0,0.00668797641992569
4,50,10,100,3576811976,11,conj,glucose42,MT19937-RandomState,5.268212407827377e-05,01011001011111011110111111101111011011001100110010010000101111000110000110000111001100110110111001000001101111101010111011111100100110111001100111100100011011010011001111101100010100001111001011001011011001010001110100001000001111100011100101001010100111101011101100000001001110101010010011110011111000011110110101001100101000000001011011010111000000100100101111111000110101011100010001110111110011100001110011110100010100110010001110010111000001100000100000100001000100011011001011100100001000010101,1e712d884eac2df214253bd8fd4a3e79f9f717c52060fbdc5289705596ccf4e9,bernoulli,bernoulli|conj|p=0.5|zero=allow_iid|rng=MT19937-RandomState,0.5,allow_iid,0.0010781381279230118,9.197182953357697e-05,0.0016630720347166061,0.00099249929189682,0.021252219565212727,0.02508428692817688,0.003825681284070015,37,332,1,6,SAT_unsat_identifiable,1,boolean_factorization,exclude_x,exclude_x,0,2453,7525,0,1,0,1,0,0,0,1,1,1,0,0,0.006940892897546291
4,50,10,100,3576811976,12,conj,glucose42,MT19937-RandomState,4.350580275058746e-05,00111100001100001101001011110010010100011011101011111010110010100101011010010110011000001000000100101000101111001101100101100001010000010001010001011100100000101001010101111111110010011010100001011000111101010011101011101101100110100010100001011010110000001111100111100111111001111110000010000000101010110101100011011110110010100110100001111000011000000101110111000100001010001001000111101111100000010001100011110100000110111111110111000101001111111010101110101011011110010111011110010110110100100101,d91ed71d8659c6395c822c4ee4a64edacb56161c79a338b6c656897ae3cf1195,bernoulli,bernoulli|conj|p=0.5|zero=allow_iid|rng=MT19937-RandomState,0.5,allow_iid,0.0011186329647898674,8.454080671072006e-05,0.0016827266663312912,0.0009821848943829536,0.012491704896092415,0.016365690156817436,0.0038680853322148323,37,344,1,6,SAT_unsat_identifiable,1,boolean_factorization,exclude_x,exclude_x,0,2393,7459,0,1,0,1,0,0,0,1,1,1,0,0,0.006906382739543915
4,50,10,100,3576811976,13,conj,glucose42,MT19937-RandomState,4.226621240377426e-05,00001111110110000000101001011010111111111000101000011111100011100100101001100110100010111110010100110111001101100100111110110000100010100000011100110101001010000111110010111110100010111010001111001010111111110110011111100000110100001110010111001100011000011011110110011111001101111111000000100001100111010101010010010100000000100100111010000110010100011111001011001010001111001010111110010100001010011010011110101110011010010010101101000101001111011000011000001010010100100100000111111001110011100011,5dd81cb24670f3621281057154fb8cd9370899ccc1089cd893c5f7bba51847ed,bernoulli,bernoulli|conj|p=0.5|zero=allow_iid|rng=MT19937-RandomState,0.5,allow_iid,0.0010767076164484024,9.066704660654068e-05,0.0015854807570576668,0.0010029282420873642,0.014256160706281662,0.01801739912480116,0.003755783662199974,35,286,1,6,SAT_unsat_identifiable,1,boolean_factorization,exclude_x,exclude_x,0,2325,7116,0,1,0,1,0,0,0,1,1,1,0,0,0.006615053862333298
4,50,10,100,3576811976,14,conj,glucose42,MT19937-RandomState,4.482921212911606e-05,00011001000110010001101100010100110100100100000001101100110011010101110111011011101000100011110000101011011001010011100111000000111101001100101101110000101000011000011000001110101111011110110101001100000111111000110100000010011101011111001011011100111001011011111110010111000001011000100100100011010011010010110011001010110000110001110001000001011011111110000110011001000000111000001111100101000001001101110011001010011100001100011010010010101100010111101000111011000101101000010011011000000010101100,8ba375978bcab2883614dce0314c2cc2a7169f77654d49c57411115180cb44bc,bernoulli,bernoulli|conj|p=0.5|zero=allow_iid|rng=MT19937-RandomState,0.5,allow_iid,0.000985700637102127,8.632615208625793e-05,0.0015360256657004356,0.0009942399337887764,0.015612227842211723,0.0192200792953372,0.003602292388677597,34,369,1,6,SAT_unsat_identifiable,1,boolean_factorization,exclude_x,exclude_x,0,2146,6785,0,1,0,1,0,0,0,1,1,1,0,0,0.006806743331253529
4,50,10,100,3576811976,15,conj,glucose42,MT19937-RandomState,4.4356100261211395e-05,10111100101100100100000100111110101100111110111000111101111111010011011101000100001101001000001001110001010110011010110010001101110001110010111110010101011100000101100001010001110000111001000001010010100010111000101010001111011110001000001010010101010010100110101000010001110011001100111010101000110000111111000100010100010111101000101010001110011110111111111101110101011011011011011011111110010101001001000001111110111011010010101011111001110101100011101101011001100110111000010101010100010111010011,ec9de5e68bf6c762addb92600872ae3621aa6196741d93cc091fc690ff8bc5ef,bernoulli,bernoulli|conj|p=0.5|zero=allow_iid|rng=MT19937-RandomState,0.5,allow_iid,0.0011203782632946968,9.069126099348068e-05,0.0016918368637561798,0.000991886481642723,0.03141619637608528,0.035317324101924896,0.0038947928696870804,38,312,1,6,SAT_unsat_identifiable,1,boolean_factorization,exclude_x,exclude_x,0,2592,7812,0,1,0,1,0,0,0,1,1,1,0,0,0.006930784322321415
4,50,10,100,3576811976,16,conj,glucose42,MT19937-RandomState,4.74071130156517e-05,00111110110100011001000101111100101100111000100011001110010011101100001010011001011110110100101101000101110000101001010100000110010011010111111111100110000001101100010010111101000110000001010111001001010001011110000100001101111010101010001101110010000000011011111110000111101001110010010001001100100110101010011111000010011111001101101111010100111010110111110100000101001110101101010111011000110111110110101110001001000100100101001100110011101111110010010001111100010101110111000011011100001001000101,81c0094494f1111f68ba14d07382c1f605d3bebbf3564a719bc26da7ba5688c6,bernoulli,bernoulli|conj|p=0.5|zero=allow_iid|rng=MT19937-RandomState,0.5,allow_iid,0.0009985994547605515,8.452031761407852e-05,0.0015794821083545685,0.0009831907227635384,0.012968835420906544,0.016620646230876446,0.003645792603492737,34,273,1,6,SAT_unsat_identifiable,1,boolean_factorization,exclude_x,exclude_x,0,2306,6961,0,1,0,1,0,0,0,1,1,1,0,0,0.0064088888466358185
4,50,10,100,3576811976,17,conj,glucose42,MT19937-RandomState,5.107838660478592e-05,00101111110011011111101110101011111000111000100111001011000100101011100010010110110101101100000110010110110100011111111011000110110001100010010011001001110010000011100010110111110000001110000111011011101000011011001001010010010011001001100011000111110010011101100100001010001111000011111100101100011101010101100001100001101100001100010011001110000100011001111011111011100110011101110010010101110000000110001111000011100101000010110111011100011000110010111000000100010101111111011000001110101111010001,a5f3351e29d20111fd6a709114a462c6d8a1a800416e28aa25f2d22e78db5c46,bernoulli,bernoulli|conj|p=0.5|zero=allow_iid|rng=MT19937-RandomState,0.5,allow_iid,0.001010701060295105,9.091291576623917e-05,0.001521386206150055,0.0010014316067099571,0.014654874801635742,0.018285557627677917,0.003624431788921356,33,333,1,6,SAT_unsat_identifiable,1,boolean_factorization,exclude_x,exclude_x,0,2137,6641,0,1,0,1,0,0,0,1,1,1,0,0,0.006570661440491676
4,50,10,100,3576811976,18,conj,glucose42,MT19937-RandomState,4.367809742689133e-05,01011000110010100011110010001010101010011000011011111011101101001111110001101010101010100000100110000100011111000101010001100001001001111000001010101001001111001010010000101100110001011111110000111110110100101111011101011010001010100101010111001100101100101001100100101001111011100001100001100011001001100001010101001110111001101010001101101101110110001111001110001101010100111010101011100110110011100101010011010000000010111111000101101110101111110011010010001001111110011000101110100001100111100011,6fd89c24e09bf9866ea991be4b0764b2ae66ccc18302daef826e139ec14e34b7,bernoulli,bernoulli|conj|p=0.5|zero=allow_iid|rng=MT19937-RandomState,0.5,allow_iid,0.0010249363258481026,9.21487808227539e-05,0.001590091735124588,0.0010143490508198738,0.03364596143364906,0.037373353727161884,0.0037215258926153183,35,321,1,6,SAT_unsat_identifiable,1,boolean_factorization,exclude_x,exclude_x,0,2295,7083,0,1,1,0,0,0,0,1,1,1,0,0,0.006791248917579651
4,50,10,100,3576811976,19,conj,glucose42,MT19937-RandomState,4.5643188059329987e-05,11110001110000100011111111010011100101101110110111111100100010101101000110111011101111000111011001011011101001011111110010011000010110011101001101000110011010101000010111101000100001011000010011011000011000110011001101011011010010110011111111010110000000010001110100101001011110100101000001100111001101010001110000100110011101100111001010110100001111111011101011000000000101010111111001010100110001001100011011100001101000111000101111010000010111011010010001000110100101011111010111010111110010011101,ac1818e0e8bffe902540a4b395d638fcd5bad57d01f9f5614381fcff382c6f8e,bernoulli,bernoulli|conj|p=0.5|zero=allow_iid|rng=MT19937-RandomState,0.5,allow_iid,0.0010690847411751747,8.262880146503448e-05,0.0016288142651319504,0.0010001929476857185,0.014625148847699165,0.018411357887089252,0.003780720755457878,36,316,1,6,SAT_unsat_identifiable,1,boolean_factorization,exclude_x,exclude_x,0,2454,7392,0,1,0,1,0,0,0,1,1,1,0,0,0.006731225177645683
4,50,10,100,3576811976,20,conj,glucose42,MT19937-RandomState,6.710179150104523e-05,01010000000000011100110101111100111011000111101101000010010010010001001011010111000110010011000011101010000100111010001000101111101010010111111001010100101011111001110000010110000011001000100111110111000110000100001111011111000010011110000011101001101011011010000010100100001011011011010101001100111001001110101100100001101100001111101110101010010001011011110100000111001111101000101001111111110101000000001111000100101101101001101100111100010011100011011111000011001101010000001101100110001001110001,9b57b12876f00f0fa2f965f030785750179950ef3bac1fb0fc166602bb801bc1,bernoulli,bernoulli|conj|p=0.5|zero=allow_iid|rng=MT19937-RandomState,0.5,allow_iid,0.0010710544884204865,8.971989154815674e-05,0.0016354480758309364,0.0010005775839090347,0.02235383167862892,0.026158200576901436,0.0037968000397086143,37,339,1,6,SAT_unsat_identifiable,1,boolean_factorization,exclude_x,exclude_x,0,2453,7525,0,1,0,1,0,0,0,1,1,1,0,0,0.006952572613954544
4,50,10,100,3576811976,21,conj,glucose42,MT19937-RandomState,4.6106986701488495e-05,10011100111010110110101101111100101101000010010001101101110101110011011110100110010110111101001110110100011011000100001011100111110000010101011000110010111010001101010101101111100110001100101111110110111001000000001001010011100111000101101011111110011110101110011100101010100010101101100010110001111001110101100101011111000111010101011001000011100000000101110111100101001101011100001011001110000100001110110111011100101000001111000010011010011000010001011001111000011011111110101000001001101100011111,f69f9049cfc51cf08cc6e0b090c1af8c6a3917909bd41fc8266989a9a7d951ee,bernoulli,bernoulli|conj|p=0.5|zero=allow_iid|rng=MT19937-RandomState,0.5,allow_iid,0.0011024540290236473,8.145533502101898e-05,0.0015543792396783829,0.0009930236265063286,0.012464543804526329,0.016201228834688663,0.0037313122302293777,34,302,1,6,SAT_unsat_identifiable,1,boolean_factorization,exclude_x,exclude_x,0,2276,6928,0,1,0,1,0,0,0,1,1,1,0,0,0.006470989435911179
4,50,10,100,3576811976,22,conj,glucose42,MT19937-RandomState,4.391465336084366e-05,00110101100100111001111101100100100110101011010001101000111100000010000110000001111000100011101111001011010011011001001101001101000000111000110111111001010111110101010000010111101001101010001001011111000101010110111001000001101111111110100010110110100011111010000010011010110011110110110010110011000001100001100000111011000111110100010001100100000111100110010010010111010010000011000001000010111001001111100010111010101111010110011010111011111010011101111011110010010100110110000101001011010110101000,bdc64c8663124691a3836c8716963be4be16d98c062c3fe08948dc53ce96ec82,bernoulli,bernoulli|conj|p=0.5|zero=allow_iid|rng=MT19937-RandomState,0.5,allow_iid,0.001058025285601616,8.292216807603836e-05,0.0016346918419003487,0.00099243875592947,0.010929726995527744,0.014703742228448391,0.003768078051507473,36,338,1,6,SAT_unsat_identifiable,1,boolean_factorization,exclude_x,exclude_x,0,2404,7337,0,1,1,0,0,0,0,1,1,1,0,0,0.006830274127423763
4,50,10,100,3576811976,23,conj,glucose42,MT19937-RandomState,4.6574510633945465e-05,10010000110110100011111111010011010111110111011010111001011011110110001000000101010101100001101101101101011001101111000000101110001011100000101010110000011110111111011010101001100111110101101001100100101110001000101010010001100110001100101010110110011111101110111100010100111000100111001111011111001110100011100000101010010010101001011000000100001001010001000010010001011011100001110101100110011101100110000111011110000011110001100111111100000010011001000100111100011110110101000001001100010111010110,272fb6068ce688cd1fbb77982530b8aff40098629c3a5cbadd6694ecfa3b3d96,bernoulli,bernoulli|conj|p=0.5|zero=allow_iid|rng=MT19937-RandomState,0.5,allow_iid,0.0011249175295233727,8.799228817224503e-05,0.0017615053802728653,0.0009945565834641457,0.017346428707242012,0.021321401931345463,0.003968971781432629,39,306,1,6,SAT_unsat_identifiable,1,boolean_factorization,exclude_x,exclude_x,0,2631,7989,0,1,0,1,0,0,0,1,1,1,0,0,0.007047269493341446
4,50,10,100,3576811976,24,conj,glucose42,MT19937-RandomState,4.9280934035778046e-05,10011001001101010011111111001000010000100111101100000000001011100100110111010101100010000111100100011000100010101011100010010010100010101110100101100011000000011001011100010100111010011010011010000001011111001101110101010100111000111100001011110110011100100100010101011100001110000010011111011110110101100100000111001000101001011011001001101100111101101000011111010110000011000110111010010101001111010001010110101011011111100011101100110100100111010010011011011000101110010010100010000011011101011010,568b414ae17422dfb0340448203fec9754213f7c8a8cf3c1892fbc1c8d85f71d,bernoulli,bernoulli|conj|p=0.5|zero=allow_iid|rng=MT19937-RandomState,0.5,allow_iid,0.0010927440598607063,9.616650640964508e-05,0.0017049182206392288,0.0009825937449932098,0.012569403275847435,0.016451461240649223,0.00387642253190279,38,323,1,6,SAT_unsat_identifiable,1,boolean_factorization,exclude_x,exclude_x,0,2542,7757,0,1,1,0,0,0,0,1,1,1,0,0,0.006930182687938213
4,50,10,100,3576811976,25,conj,glucose42,MT19937-RandomState,4.667509347200394e-05,10010001010011101010010110011001100111100110110111100000101000011000011110001001010010010010000111110001110001100010010101110000111001100100010000101101011001111011101110011010101011001010111110000100111010110001011100100100011010110110000100000111011011100111001001010110000001010011110110001110100000110000111111001000111100110111010001001100111100101101110100011000110111110101000110010111111011010110101011111001010010111110111010000111111011101111111100010100000111011111000010100000011101011110,6228cc6e7fb2fac80d0a58202ceabfb808049e9b801669bfe571750184e33624,bernoulli,bernoulli|conj|p=0.5|zero=allow_iid|rng=MT19937-RandomState,0.5,allow_iid,0.0010960251092910767,8.244253695011139e-05,0.0016350848600268364,0.0009938795119524002,0.02264380268752575,0.026457976549863815,0.0038074320182204247,36,302,1,6,SAT_unsat_identifiable,1,boolean_factorization,exclude_x,exclude_x,0,2384,7315,0,1,0,1,0,0,0,1,1,1,0,0,0.006704417988657951
4,50,10,100,3576811976,26,conj,glucose42,MT19937-RandomState,4.335399717092514e-05,00000010011101000110001100111101001011110001011001110100000100101110001100100110011011010101001011010001111000010011110010111101011010000001110101110100111000010110010011101101010100100110101011000101100110011110000100110100110101001100100000000101101100000111111010110010110010100100110100000111000110000100011001101001111100111001100001001101010011100001001101011100000111010100000000100000110000110101011011010101110011110011000101010111000010101001000111100111000101010110011101000010011010010011,74710f93959e6ed93dc91905b6449b35e4c10144c8a7ec8e30ae47bd6ce0c4ac,bernoulli,bernoulli|conj|p=0.5|zero=allow_iid|rng=MT19937-RandomState,0.5,allow_iid,0.0010842811316251755,0.00010142568498849869,0.0018167868256568909,0.0010434025898575783,0.012691380456089973,0.016744239255785942,0.004045896232128143,40,345,1,6,SAT_unsat_identifiable,1,boolean_factorization,exclude_x,exclude_x,0,2610,8100,0,1,1,0,0,0,0,1,1,1,0,0,0.007207993417978287
4,50,10,100,3576811976,27,conj,glucose42,MT19937-RandomState,4.562642425298691e-05,11101011100101101010011111100001000111100001001111000010000000010010011000000111111000101010110011001101001110100110011100111111001111110000000111001011100001100101111001010100101001010010110010010110000010110010111111111011101000111101001111110111011011100000000110011011110011111000110000011010010001010101011001000001000110011110100111110101101011111100000110001010101010110011011000001011101011101000101101111001011011011111001111001010000000110010110001110010010000111010111000010000100111010111,5ac4ff91b11daba57976dc9245099ed9073442362873288c4394b2592489ab95,bernoulli,bernoulli|conj|p=0.5|zero=allow_iid|rng=MT19937-RandomState,0.5,allow_iid,0.0010125916451215744,8.687656372785568e-05,0.0014972258359193802,0.0009862175211310387,0.01806167233735323,0.021649954840540886,0.003582911565899849,33,317,1,6,SAT_unsat_identifiable,1,boolean_factorization,exclude_x,exclude_x,0,2177,6685,0,1,1,0,0,0,0,1,1,1,0,0,0.00655620452016592
4,50,10,100,3576811976,28,conj,glucose42,MT19937-RandomState,4.599522799253464e-05,10111111010110111011011011101100100100110000000010011100011000111011011000011100100000011010101010101111010110001101001110101110101101101111001110001101101111011100111101001110110101000110101110110111010101101001011101011010011100011010111000010110101111000101001100111000001100001010000010111100110011110010010011001001010001011101010011111100001101101000010010001001000011111011000011011010011100101100111001100100111011010100111011001111100111110010000100100010000111110111111111011000001100001010,c4095f2c81d2de6064ed1c21101d388db651b0a4e3dec83f7b175d96bc1a2684,bernoulli,bernoulli|conj|p=0.5|zero=allow_iid|rng=MT19937-RandomState,0.5,allow_iid,0.0010787025094032288,8.898694068193436e-05,0.0016256477683782578,0.0009929658845067024,0.01727476716041565,0.021066573448479176,0.0037863031029701233,36,264,1,6,SAT_unsat_identifiable,1,boolean_factorization,exclude_x,exclude_x,0,2444,7381,0,1,1,0,0,0,0,1,1,1,0,0,0.006497722119092941
4,50,10,100,3576811976,29,conj,glucose42,MT19937-RandomState,4.470907151699066e-05,10111011111001001000000111101111100010011111000101000010111111101100110011010001111010110000000000101101101101011000101011110011010100011010001010110110110100111101000101011100010010101000011100100110010110011110101011010011111110100111000011101101111010101101110110011010000101011110001001100110101000000111000000001011100001001111000101101001100110101000101111001010000010110001011101111010010010111111000011000010001100100110100110101001101100110011001000000100101011000000000010001011000111001111,ad0d1456209f93e05e3225cb9d18737a96b2ba10bd308a1048206c945649aea0,bernoulli,bernoulli|conj|p=0.5|zero=allow_iid|rng=MT19937-RandomState,0.5,allow_iid,0.001034536398947239,8.208677172660828e-05,0.0015760967507958412,0.001007579267024994,0.01025594212114811,0.01396157220005989,0.0037002991884946823,35,306,1,6,SAT_unsat_identifiable,1,boolean_factorization,exclude_x,exclude_x,0,2315,7105,0,1,1,0,1,0,0,1,1,1,0,0,0.006545382551848888
4,50,10,100,3576811976,30,conj,glucose42,MT19937-RandomState,6.0780905187129974e-05,10100001000111000101001010110100010011010101011100001110001111101101110110101011101010011011001110010111101100100111000111100100001000101001100010000100000000111110111100011011100011111100011000111100011111010100000111111100010001111101010010101101011110100000110010101001011010101011100111111000111000011101110111011101011111010100000111000111010100001001101011111110000011101100111000110001010101000111100001010101000100101001100011100001010100111111101111010100111001100010001010010110000011101101,a4c44a5802f4e80b527e88c317164d953b7945c65d43e5ccba1a3a690a184002,bernoulli,bernoulli|conj|p=0.5|zero=allow_iid|rng=MT19937-RandomState,0.5,allow_iid,0.0010355617851018906,8.180178701877594e-05,0.0015385672450065613,0.0009919442236423492,0.014064387418329716,0.017718592658638954,0.003647875040769577,34,298,1,6,SAT_unsat_identifiable,1,boolean_factorization,exclude_x,exclude_x,0,2286,6939,0,1,0,1,0,0,0,1,1,1,0,0,0.006576903164386749
4,50,10,100,3576811976,31,conj,glucose42,MT19937-RandomState,4.508066922426224e-05,01000110011001110000111011000101101110000101100011111011001000010110010011100011110011100110010111001110001010010101111001011110100100110001011110001001010100101010011111110000011010011101010110110011100000011011000101110011101000110011101100011001100110100111010111110110011011101001110001100110010100111000100001100001111110101001100111001101111001010010011101111110110110010110010100001100001111000100100011000011111111100011000001111100001001011101011010000011001010000000110110001110111010110000,ba0c1c7facad203202a40c88bc60244ddd8d41f1db2ef4d7839529639e02e6d7,bernoulli,bernoulli|conj|p=0.5|zero=allow_iid|rng=MT19937-RandomState,0.5,allow_iid,0.0010843630880117416,0.00011823698878288269,0.0017220182344317436,0.0010070428252220154,0.024862641468644142,0.028801124542951584,0.003931661136448383,38,291,1,6,SAT_unsat_identifiable,1,boolean_factorization,exclude_x,exclude_x,0,2602,7823,0,1,0,1,0,0,0,1,1,1,0,0,0.006843220442533493
4,50,10,100,3576811976,32,conj,glucose42,MT19937-RandomState,4.4102780520915985e-05,11001011111000011001100001111011100101100111101010110100010100100111001111101001000101011010111001110100100001110011101001000011010000001101111100110010000110110101111001101100001110110111000001110000001010011110101100001100111011110110111101101010000001001011011110100000100010101101011010011111110011100000101001010000011111101000011010110010101010011111101101100100011010001000000110100010110001001001100011001100001101011111001110000101100001011010010110011110010100000000011010100100001110111111,3d7ca595eab1d833a6cb0280a0a344d041de072cb8965d516f1eec2fe28d7ad0,bernoulli,bernoulli|conj|p=0.5|zero=allow_iid|rng=MT19937-RandomState,0.5,allow_iid,0.0010581742972135544,8.388329297304153e-05,0.0015923380851745605,0.0009878920391201973,0.011950827203691006,0.01567849423736334,0.0037222877144813538,35,354,1,6,SAT_unsat_identifiable,1,boolean_factorization,exclude_x,exclude_x,0,2255,7039,0,1,0,1,0,0,0,1,1,1,0,0,0.006897660903632641
4,50,10,100,3576811976,33,conj,glucose42,MT19937-RandomState,4.659034311771393e-05,01011000101011111111001000000010110000100000010011111110110100000010110000001000110011110110001011100000100000111010010101000100111100001011001000100001111011111001010000100010100110011100110010101011101110001001011111011011110011111101011010101011101001011010111001011100100101001010001000011100010011111110110011100011000001000000110110010011010000011111001101111111010000100010101001000001001011101001100101101010100100011111111111010010110101011011010000010100111101110110110000000001010110111110,ecb3a46a06999b74ab78b40c0bd46e5c5923f9bc68ef00c4fe3bdcef2a8e80a0,bernoulli,bernoulli|conj|p=0.5|zero=allow_iid|rng=MT19937-RandomState,0.5,allow_iid,0.0011743810027837753,7.916707545518875e-05,0.0015085330232977867,0.0009861476719379425,0.00824887864291668,0.01200221385806799,0.0037482287734746933,33,414,1,6,SAT_unsat_identifiable,1,boolean_factorization,exclude_x,exclude_x,0,2047,6542,0,1,1,0,0,0,0,1,1,1,0,0,0.006912287324666977
4,50,10,100,3576811976,34,conj,glucose42,MT19937-RandomState,4.284363240003586e-05,00101000101010111110110011101000001100110101110011001000110000000000011111110010100011101110001111011101010011101100100010010001101101101000011011110010001101000101011100100111111001010001111101000001011110011111100010001010100111000101111110101100111110000011110100011101100110100101110010101011100010001011101100110011011011011010011100001001001010001001001001100111000010000111111101011010101001011001010010001010011011000100101010010011001111010101011001001101110011111010101011111011011000011001,3dfb251797b86ba12b574e601152362bd9a6c97baba36e4fb09351c61a625fb6,bernoulli,bernoulli|conj|p=0.5|zero=allow_iid|rng=MT19937-RandomState,0.5,allow_iid,0.0010727616026997566,7.98320397734642e-05,0.0015430012717843056,0.0009982772171497345,0.016514028422534466,0.02021308522671461,0.003693872131407261,34,318,1,6,SAT_unsat_identifiable,1,boolean_factorization,exclude_x,exclude_x,0,2256,6906,0,1,1,0,0,0,0,1,1,1,0,0,0.006607936695218086
4,50,10,100,3576811976,35,conj,glucose42,MT19937-RandomState,4.55779954791069e-05,00011110001101111000011110000101101011111010000000000001001011010010000010110111111001110000011111011111101110001100000011001110100100010011010010111101100011010010100000001011000111010001101001100010111110100001000101001000101110110100011110011100010100100000101011010110111111001000111000111001111000111000111011110001011001000010010011110100101111110100010100111001011100111110001111101000110011010000011100111101101010101101100001001100010000001001011010101101101101110000000000100110011000011110,e320c6623f57b9170db5775ea3ded148918c3e193446c047546a65b7b54500b2,bernoulli,bernoulli|conj|p=0.5|zero=allow_iid|rng=MT19937-RandomState,0.5,allow_iid,0.0011474331840872765,9.199138730764389e-05,0.0015833927318453789,0.0010010581463575363,0.011086870916187763,0.014917245134711266,0.0038238754495978355,35,411,1,6,SAT_unsat_identifiable,1,boolean_factorization,exclude_x,exclude_x,0,2215,6995,0,1,0,1,0,0,0,1,1,1,0,0,0.007165051996707916
4,50,10,100,3576811976,36,conj,glucose42,MT19937-RandomState,4.801340401172638e-05,11110101010010100010111001101100100100011010101100001100000101110010001001010101010010001010001110010010100110011101001010010101011010010000010111100001011100001010111111001111001011101110010111011111011100110001100100111010110111110000110010101111010010010100011100100001110101001101110011011001101011110011101111101011001010000001011011000111011011001001110000010011001101001011111101100100110110111111100011011111000011011111000010011100001010011101010010010000110111101010110011000100100100000101,e15a55de500426641eb37dce7ecded4b6bf365afa0e1ec5177c5cccf796a049d,bernoulli,bernoulli|conj|p=0.5|zero=allow_iid|rng=MT19937-RandomState,0.5,allow_iid,0.0010175826027989388,9.287334978580475e-05,0.0015422143042087555,0.0010111937299370766,0.029791947454214096,0.033461928367614746,0.0036638639867305756,34,299,1,6,SAT_unsat_identifiable,1,boolean_factorization,exclude_x,exclude_x,0,2286,6939,0,1,0,1,0,0,0,1,1,1,0,0,0.006547817960381508
4,50,10,100,3576811976,37,conj,glucose42,MT19937-RandomState,4.531536251306534e-05,11101001110010100111010011000100011110000010001000111100100110111001011001011000000000011100100110001100001011110111111110100000100110110011000110011110011101110000101001010000000100111011101010110111111100111111100100111011111100000111010100100011010011111111110101100110110100110111000101111110011000010000100111001001010011111110100001010001100000001001100000101101111010001011111001001110110111010100001000000110010001100100111111101101010100110110000101000011000011010100010111000100111000001011,e2466e91f38f4821a173aa3af01f569b5d14aa7c840f203a5890fee437fd2dbd,bernoulli,bernoulli|conj|p=0.5|zero=allow_iid|rng=MT19937-RandomState,0.5,allow_iid,0.0010264795273542404,7.558334618806839e-05,0.0013434523716568947,0.0009990651160478592,0.011049131862819195,0.014500461518764496,0.0034445803612470627,29,371,1,6,SAT_unsat_identifiable,1,boolean_factorization,exclude_x,exclude_x,0,1801,5735,0,1,0,1,0,0,0,1,1,1,0,0,0.006395702250301838
4,50,10,100,3576811976,38,conj,glucose42,MT19937-RandomState,4.521850496530533e-05,11110110111111001010001110110100010111101000101111110110001101111011010101000101010010100001101110101101000101100110000001011111100010000010001111001110111010111000001101100010001010000011100010010110000110101011101010010111010110110111011101111011110001001100001001010000100011001000111100101010001101110000010110001101100011001110111101101100011001011110010111001110001000111101010010000101001011000110010111100000101001111111010000000101011110111000011000101000100010111111010110010010010100011010,e74fe65cef9c90f7fee133a352eaf09a23d8b28dbdef9c10e98caf2834d9234b,bernoulli,bernoulli|conj|p=0.5|zero=allow_iid|rng=MT19937-RandomState,0.5,allow_iid,0.0010528592392802238,7.995311170816422e-05,0.0015069236978888512,0.0009999396279454231,0.013438994064927101,0.017084671184420586,0.0036396756768226624,33,338,1,6,SAT_unsat_identifiable,1,boolean_factorization,exclude_x,exclude_x,0,2117,6619,0,1,0,1,0,0,0,1,1,1,0,0,0.006667653098702431
4,50,10,100,3576811976,39,conj,glucose42,MT19937-RandomState,4.576332867145538e-05,10111111101111100111110111000111011010111100101111111111011111010000101000010001100101000111010111010111010111100010111011010111110101110000110111011011011100100001011001101110011010010011000111011101001010110000011001000100010000000000110100001111001000001001001101111111101100101000001011100100101111000101011010010100000101101100001000000100111101001100010100000111000111000001001010100001000111110010101101100111111100111101010111100011010111001001111011011101001101111111001110010011101110011000,b8eb2a5f170b0f068aef938d4f7a87a12651bbd107f3fd9af4cce25ae479657c,bernoulli,bernoulli|conj|p=0.5|zero=allow_iid|rng=MT19937-RandomState,0.5,allow_iid,0.0011307550594210625,8.028745651245117e-05,0.0015077674761414528,0.0009962162002921104,0.01039038971066475,0.014110960066318512,0.003715026192367077,33,293,1,6,SAT_unsat_identifiable,1,boolean_factorization,exclude_x,exclude_x,0,2187,6696,0,1,1,0,0,0,0,1,1,1,0,0,0.006481310352683067
4,50,10,100,3576811976,40,conj,glucose42,MT19937-RandomState,5.982257425785065e-05,01000010001001000000011111000001001111110001101110100010111100010101100000101001010011011011110100110011010101111011011101000101001001100100001101010010010101111010100110010000001001111000010101110101000011110011111101110010101101100111001010101001100011110111011111111011000101010101100101010101001111010011100011001100001011100111100000000001011111011011001110101001011100110100000101000001001010010101111011001000010111101111101001010010011010101101110100011101111110000000001110010001001000001100,bc378f69612b8bed53d8454165c724317673da71ef38c32d9494208d65c1bd2d,bernoulli,bernoulli|conj|p=0.5|zero=allow_iid|rng=MT19937-RandomState,0.5,allow_iid,0.001068074256181717,8.292589336633682e-05,0.0015120264142751694,0.0010019028559327126,0.010817868635058403,0.01448865421116352,0.0036649294197559357,33,393,1,6,SAT_unsat_identifiable,1,boolean_factorization,exclude_x,exclude_x,0,2097,6597,0,1,0,1,0,0,0,1,1,1,0,0,0.006755948998034
4,50,10,100,3576811976,41,conj,glucose42,MT19937-RandomState,4.418846219778061e-05,10010101001011001011111010011011101001101111011101101101101000001100101010111011010000010110111011111110000001011110110001000101101011001000110010001011000110111011000000101001010111011111010101101111110010011100111010000101001101001000101110011110100101010000110100101001111111110011011011111011101000000010110100000111110011100111101011011101111100110100010110011000100110001001100000010100111011010101010100100111011010000000001010010100100001111111000111001101001110111000010100010110000011101100,32db3247e94bb8c38e3c39eddd184ceb9a5194f5d67f897bdb23fae2f3458358,bernoulli,bernoulli|conj|p=0.5|zero=allow_iid|rng=MT19937-RandomState,0.5,allow_iid,0.0010696956887841225,9.454414248466492e-05,0.0016798889264464378,0.0010039322078227997,0.014255937188863754,0.01810999121516943,0.003848060965538025,37,282,1,6,SAT_unsat_identifiable,1,boolean_factorization,exclude_x,exclude_x,0,2513,7591,0,1,1,0,0,0,0,1,1,1,0,0,0.006771698594093323
4,50,10,100,3576811976,42,conj,glucose42,MT19937-RandomState,4.8100948333740234e-05,01100011010000011000010110101001110111001000000001101010010010000000000110000101011010010011101111011110101101011111010001111010101100011001000110100100010001001000001011000100100111101001111100111010001010101011101000110101101010010100111110100101000001110101000110111111111010001110011101111111010010011010111000010000000101010010101011110011110001111001110011001011111101000101111111111110010101000000011001100100010010100010100110000010101011111100100101100110011010110101000111101001111000010000,a9cb72ce21f74d9b9820b56acec684bda0aa5ef0fe0ac05760323dfc08635105,bernoulli,bernoulli|conj|p=0.5|zero=allow_iid|rng=MT19937-RandomState,0.5,allow_iid,0.0010495157912373543,8.513033390045166e-05,0.0014988230541348457,0.0009961621835827827,0.013159890659153461,0.016795622184872627,0.0036296313628554344,33,307,1,6,SAT_unsat_identifiable,1,boolean_factorization,exclude_x,exclude_x,0,2137,6641,0,1,1,0,0,0,0,1,1,1,0,0,0.006633453071117401
4,50,10,100,3576811976,43,conj,glucose42,MT19937-RandomState,4.580337554216385e-05,11010011010100100001100111010000000111111010111100011010001000011011000101001111000100011110000110110011101111011110110101010110100101010100110000001011010011100110100110000010001001110100010111110000110110110010110101110001001011110001101100000000101110000000011110110011111100100000001111110001110101110001110111001011000000110011010000000011111000010101011001001001011101101001011111100111001010111110111111000101100101100100011100101110011111010111101001111100010010010010001100010001010110110100,7bfa64e87f34980a9af9b5348aa1db7f6e231a04df7f384f37e6324ea921c1db,bernoulli,bernoulli|conj|p=0.5|zero=allow_iid|rng=MT19937-RandomState,0.5,allow_iid,0.0011376729235053062,8.973106741905212e-05,0.0016376497223973274,0.0010151201859116554,0.01008550077676773,0.01397207286208868,0.0038801738992333412,36,300,1,6,SAT_unsat_identifiable,1,boolean_factorization,exclude_x,exclude_x,0,2414,7348,0,1,1,0,0,0,0,1,1,1,0,0,0.006560595706105232
4,50,10,100,3576811976,44,conj,glucose42,MT19937-RandomState,4.479382187128067e-05,11110011110101001101001000110011101011101000001000111000010110011000001100001001100110101010000010101110000100111000011010011010011011001010010100001111010000110111111111001101101001101011000111011001110100010110000110111000100111011111000101101011011001011101000000101111100000011010100010010000111001000001001111101010001010000110010010111111010101000101010000101100011110010100110011100001110111000111100110001111010001101101101110010010101110110111101001101001011000110100011000011001010010110010,3dfa4c84d8b2fbf538b9ce01ad6483bc976eb1bbd729a21c72ab18b0fda08bce,bernoulli,bernoulli|conj|p=0.5|zero=allow_iid|rng=MT19937-RandomState,0.5,allow_iid,0.0011296290904283524,8.608493953943253e-05,0.0017431359738111496,0.001000841148197651,0.01949408371001482,0.02346132043749094,0.003959691151976585,39,347,1,6,SAT_unsat_identifiable,1,boolean_factorization,exclude_x,exclude_x,0,2571,7923,0,1,0,1,0,0,0,1,1,1,0,0,0.007325880229473114
4,50,10,100,3576811976,45,conj,glucose42,MT19937-RandomState,5.0265341997146606e-05,01110100010000011110000011010110000011100011111011001000101010001110001011111001100110010101001111100010001110101001111001001110100110011001000111110010000100011110001111101110111110010000011110111000111111101101100000111000011010010001101001000000110000000010110111101010010110011100101010101011100101010011101001101100010011011100100001011101111101010100100110110111100011001000111000001011101000000101010100001100111000110010101011000011000100011001110101000110110110110010110000111010011010100010,11866e210f6f7c9f6fe8384a830a473b6d4be9b2d2dbd0f192424f16e043b316,bernoulli,bernoulli|conj|p=0.5|zero=allow_iid|rng=MT19937-RandomState,0.5,allow_iid,0.0011509023606777191,8.885003626346588e-05,0.0017171772196888924,0.0010024737566709518,0.022881582379341125,0.02684785332530737,0.003959403373301029,38,356,1,6,SAT_unsat_identifiable,1,boolean_factorization,exclude_x,exclude_x,0,2472,7680,0,1,1,0,0,0,0,1,1,1,0,0,0.007084790617227554
4,50,10,100,3576811976,46,conj,glucose42,MT19937-RandomState,4.733819514513016e-05,10011110101001100100111001100010111111110111000010111101000010001011000010101000001101000011110111011111101110110001100100011111001110100100011000010111000010010011111000110111110100100000101101000111101001100010101010001001101001110111010001000010000011101110111100101100111001011011110110001011100010101110110001110110110011001001110101001011111111000111100010000110001100000111101110111001100001010000010010101010011110100000100001010111110110001101001011110010010110011011111000000011000100111100,05c7506cbfc1810a4cb9a28340a6ff7080575034ba9e1be3ff39da48677fd4d8,bernoulli,bernoulli|conj|p=0.5|zero=allow_iid|rng=MT19937-RandomState,0.5,allow_iid,0.0010601440444588661,8.867401629686356e-05,0.0015909085050225258,0.0009925281628966331,0.01583853643387556,0.019576161168515682,0.0037322547286748886,35,317,1,6,SAT_unsat_identifiable,1,boolean_factorization,exclude_x,exclude_x,0,2295,7083,0,1,0,1,0,0,0,1,1,1,0,0,0.0067251864820718765
4,50,10,100,3576811976,47,conj,glucose42,MT19937-RandomState,4.469044506549835e-05,01001000000001100011001010111011111111000101000010110011101000100011000110000110011101110011111000011110000100001000101011000001001011110001111001101100110110010011100011101011000000110001011110000011011001011101101101110100010111101101100111101011010011110011011000001101111011001010100110101101001000110001111101000101110110010001000001100000110011100111110001110100111101101111000101110101111011100001001101000011100011011110001000000111000110000010100001001110000100010101110001110110010110010001,0e93455517551828af3cc157f8b9948ecd186dac05958df81b0068abfa5eca05,bernoulli,bernoulli|conj|p=0.5|zero=allow_iid|rng=MT19937-RandomState,0.5,allow_iid,0.0010615922510623932,8.250214159488678e-05,0.0016287779435515404,0.0010036369785666466,0.024225247092545033,0.02800796367228031,0.003776509314775467,36,341,1,6,SAT_unsat_identifiable,1,boolean_factorization,exclude_x,exclude_x,0,2374,7304,0,1,0,1,0,0,0,1,1,1,0,0,0.00692407600581646
4,50,10,100,3576811976,48,conj,glucose42,MT19937-RandomState,4.693865776062012e-05,10101010011000001010011110111011100101010111010100011110001000100101111001001000110101100011110100001101101100111101100111001100001100110100011111010011000101001001010100100110100010010101011011011111010010011010100110111001001100110101010010110011011100011100110001001100100110010111000000011111000100111001010111101001100000011001010100111111111000011010101001010000010101111101111101100100000010100001000010001101110010011010111010001100000110111110000111101101001011011101000011000111010010000100,bfce497873d28ea17e1a5b5774f5abb7eeb2601641f650e9aa2a63bbcd2bd93c,bernoulli,bernoulli|conj|p=0.5|zero=allow_iid|rng=MT19937-RandomState,0.5,allow_iid,0.001124141737818718,8.778925985097885e-05,0.0017862571403384209,0.0010015154257416725,0.017337849363684654,0.021343685686588287,0.00399970356374979,40,311,1,6,SAT_unsat_identifiable,1,boolean_factorization,exclude_x,exclude_x,0,2690,8188,0,1,0,1,0,0,0,1,1,1,0,0,0.007126224227249622
4,50,10,100,3576811976,49,conj,glucose42,MT19937-RandomState,4.474259912967682e-05,10100111011111100010001011110110011100000110010100000001110001001000101111110111001011011101000001111110110111000001001110011001011000101100111001110101000111110000111011010001001010010000110101000111101010011100101100000101100001010101100000110000101110011000111010010100100111111001010001001100010101001110001111101011001000111010011110001110000011101111000111100001000010101000100000111011111011011111000110011101110110110000000111101010101010011010111111000001110011011011010111011000101101100001,4c7211d9ac49f30e66fbf5abc9d37ffac5c090de8700a0485b262ab457ab52e4,bernoulli,bernoulli|conj|p=0.5|zero=allow_iid|rng=MT19937-RandomState,0.5,allow_iid,0.0011296682059764862,8.606910705566406e-05,0.00165608711540699,0.0009863274171948433,0.016049674712121487,0.019914216361939907,0.0038581518456339836,37,353,1,6,SAT_unsat_identifiable,1,boolean_factorization,exclude_x,exclude_x,0,2423,7492,0,1,0,1,0,0,0,1,1,1,0,0,0.007022847421467304
4,50,10,100,3576811976,50,conj,glucose42,MT19937-RandomState,7.47833400964737e-05,11110011100101110000110001001101011111011000110100100010111000111010100010011101110100000111011000000010001110001011000001000110110011111110110000101011111011110010011000110011000101111001110000011101110111100011001000000000101010110011101100101001100001110100000101011101100100010101000010000111101010100100101101001100001100111011001100011001010000011010001111011111101001101010011011010100101000010000100101011000001000001001110000100010010011010101111001101001001101010010011010110110010000010000,5be8260faecbc465ba20bc704aa06cff2d60524dd83fc15fef7fb1d0bc081612,bernoulli,bernoulli|conj|p=0.5|zero=allow_iid|rng=MT19937-RandomState,0.5,allow_iid,0.0010802913457155228,9.482633322477341e-05,0.0016708653420209885,0.000994039699435234,0.011592094786465168,0.015438251197338104,0.0038400227203965187,37,393,1,6,SAT_unsat_identifiable,1,boolean_factorization,exclude_x,exclude_x,0,2303,7360,0,1,1,0,0,0,0,1,1,1,0,0,0.007089101709425449
4,50,10,100,3576811976,51,conj,glucose42,MT19937-RandomState,4.3392181396484375e-05,00001000111100010111101011000001001010010000100010011110101110001010010101001010101100000011111000011100001110100111110100001101010011110011011000010111100111100001000010011110010000110110100100100000110110010111011110111000011001011110110100101011001111000100010011100011010100001001100101010011111011001100011000011100000011101100110010110001110101011001001110101001000010111010010101101001010101101010001110111111000110100000010110100010111010100011110001100010010101001100011100010110110001110010,d65eccd93194c0fb9bb4ae8c8f93a1d9f40bc1df8a23836d8307ae2206fd3633,bernoulli,bernoulli|conj|p=0.5|zero=allow_iid|rng=MT19937-RandomState,0.5,allow_iid,0.0011392980813980103,9.888783097267151e-05,0.0018237940967082977,0.0010020304471254349,0.01610956620424986,0.020179702900350094,0.004064010456204414,41,383,1,6,SAT_unsat_identifiable,1,boolean_factorization,exclude_x,exclude_x,0,2659,8288,0,1,0,1,0,0,0,1,1,1,0,0,0.007398886606097221
4,50,10,100,3576811976,52,conj,glucose42,MT19937-RandomState,4.1991472244262695e-05,00010110001111000001001001100001111111100100010100001010111111111111101101000111110010100011101101100101011000100101011010100111000111011001100111101111011100101000011001110010001000110001010101110100011101010011001010000100001000110010011010000000111101001110111010001111000101011100110010110111010010100011110010011011111111101100110101010011001001100000001010110000011111000000101010110000110011111111011111111111011000011100000111011000100111110000001111100101110010011111111001101001111001010011,b56438356b527ffa2fbf36d7142f181949bd6b355693790df22d1abefcb346a4,bernoulli,bernoulli|conj|p=0.5|zero=allow_iid|rng=MT19937-RandomState,0.5,allow_iid,0.0010876143351197243,8.976645767688751e-05,0.0016268035396933556,0.0010035866871476173,0.023281079716980457,0.027095564641058445,0.0038077710196375847,36,284,1,6,SAT_unsat_identifiable,1,boolean_factorization,exclude_x,exclude_x,0,2464,7403,0,1,0,1,0,0,0,1,1,1,0,0,0.006735250353813171
4,50,10,100,3576811976,53,conj,glucose42,MT19937-RandomState,4.82732430100441e-05,10001010100011000110010011111100100011011101010110000000010110100010101110000011010110111010001001000000000100000010001011011011001111010100011111110010111001011100111000110001101110011001011111111110110111000101000001101101011100101010001100100111110000011111101100000001001001000010010011100100001001011011001010100010011001001010001110011100101111110111011111001100111010000101000011001010110001011100111101010001010000001101010011101111000001011000000001001011100000000111110001110111010101001111,5d1dbed65dc8354b661872292a940d991c265eccc15c06fb90609659065c1441,bernoulli,bernoulli|conj|p=0.5|zero=allow_iid|rng=MT19937-RandomState,0.5,allow_iid,0.001128626987338066,0.00010076910257339478,0.0016324156895279884,0.0010335519909858704,0.012557312846183777,0.016459093429148197,0.0038953637704253197,36,332,1,6,SAT_unsat_identifiable,1,boolean_factorization,exclude_x,exclude_x,0,2314,7238,0,1,1,0,0,0,0,1,1,1,0,0,0.006782122887670994
4,50,10,100,3576811976,54,conj,glucose42,MT19937-RandomState,4.63360920548439e-05,11010001101011111101100100100110010111100101001001101011100110101101010010011110000011100000111011000111001111100011110100100100101100011110000011010111000000111010110110100000100010110100111101100001011011101110101010011110110000101000110110010100101100110001001000001010111111100000001101111011011111101100000110111000000100000011001000010101110001011101000000011011001000010101101111101001101101010110000111111111100010100101100101101001000111001111111001001011011000000110110010011100111011101111,39fa8b8484951826304029a81a77d6aa24d7df6ae4d614d4bc792c0c4fe63aa5,bernoulli,bernoulli|conj|p=0.5|zero=allow_iid|rng=MT19937-RandomState,0.5,allow_iid,0.0011053942143917084,8.360762149095535e-05,0.0016641076654195786,0.001013411208987236,0.0239240825176239,0.027796348556876183,0.0038665207102894783,37,307,1,6,SAT_unsat_identifiable,1,boolean_factorization,exclude_x,exclude_x,0,2493,7569,0,1,1,0,0,0,0,1,1,1,0,0,0.006794986315071583
4,50,10,100,3576811976,55,conj,glucose42,MT19937-RandomState,4.440918564796448e-05,10000101010011101111000111111100101101001001011101010001101111001000100000100111110110101111111111000101001100010001011110010101001010111000011100111110011111001110010011111001010000100101101100111101100001100111010011101000001011101100100110100000011111000110110110100000111011100000111010001001100010010010001000111100100010010100110010000011000000111111000111000101010100011110101010110010010011010110001100100101101100101000000101010001000100101101111011000010111101001111011000101010001010011010,3cab7d17dacb98f3c748b77a075aec2ff0dd40286c2cdbfa869dd24e8ce3dac6,bernoulli,bernoulli|conj|p=0.5|zero=allow_iid|rng=MT19937-RandomState,0.5,allow_iid,0.0010509099811315536,9.056739509105682e-05,0.0016699228435754776,0.0009966017678380013,0.023615464568138123,0.027429169975221157,0.0038080019876360893,37,332,1,6,SAT_unsat_identifiable,1,boolean_factorization,exclude_x,exclude_x,0,2403,7470,0,1,0,1,0,0,0,1,1,1,0,0,0.006900555454194546
4,50,10,100,3576811976,56,conj,glucose42,MT19937-RandomState,5.169026553630829e-05,10100001000111100011100110010001111000110011101111101010100100011101000000001111001111010101011100011010000000110010001100001100101111010111110110010010100010100000110001011011011100111111111110110110101000110010011011010001010111001111001011011110111101001100101000000011101101000110100110100110111011011110011000001000100010110111001110111110011111100011001111001101011111111000100000100101010010100010101010010111001110000010010000111101000100111110101100111100101001001111011111010011001101001000,ba0a21101149bea4f4dbdd7b47849ad8671e2ed0295e8aa0babe6252dde57cad,bernoulli,bernoulli|conj|p=0.5|zero=allow_iid|rng=MT19937-RandomState,0.5,allow_iid,0.0009717736393213272,9.40132886171341e-05,0.0015703579410910606,0.0010158391669392586,0.02489713579416275,0.028555662371218204,0.0036519840359687805,34,236,1,6,SAT_unsat_identifiable,1,boolean_factorization,exclude_x,exclude_x,0,2366,7027,0,1,0,1,0,0,0,1,1,1,0,0,0.006345291621983051
4,50,10,100,3576811976,57,conj,glucose42,MT19937-RandomState,4.357658326625824e-05,01101101011000011011000011111111101111110011100000000110001010001010101000010111001110001010111011111100011111010010000111110010001110000110001110011100000010110000101010100000011101010100000101011010000011000100110001010001010100000011101100101101111000110001000110000110010110010110111000010101000001101100100101000100010001111101110100010111001110011100010011111011101000000110110111011100111010111010101111111110001111000011100010111111001010110010110101111110010101101011001111100010001110010011,1283db28209e3d0672db4a9eb457746cf421475eb5575d08584523e1b0899dd5,bernoulli,bernoulli|conj|p=0.5|zero=allow_iid|rng=MT19937-RandomState,0.5,allow_iid,0.0010412558913230896,9.759142994880676e-05,0.0017353789880871773,0.000989518128335476,0.011314707808196545,0.01518491841852665,0.0038637444376945496,37,316,1,6,SAT_unsat_identifiable,1,boolean_factorization,exclude_x,exclude_x,0,2463,7536,0,1,0,1,0,0,0,1,1,1,0,0,0.006838526576757431
4,50,10,100,3576811976,58,conj,glucose42,MT19937-RandomState,4.5979395508766174e-05,01000010111001110001101000011101100011110000100001001010101110011110000110011100110001001110110010011010010101100101011100010101100110110110100110111111000011100110001011010111100101001010000000000010001011100001110000010001000101001110110010101011111100000001110111110011100100011110110000001110011111110011110110100110010110110011111101100111100111011100011011001111010110011010110011000001010001000001111111110111011101000100000001000101010100001111000100001110110111111000000100111001000010100010,789ef63f6d0d24b6665dd42ba7d5dfce65b8845babe08d2347198beef9eaea8c,bernoulli,bernoulli|conj|p=0.5|zero=allow_iid|rng=MT19937-RandomState,0.5,allow_iid,0.0011358745396137238,8.313450962305069e-05,0.0016711261123418808,0.0009868191555142403,0.01427304558455944,0.01815592311322689,0.0038769543170928955,37,335,1,6,SAT_unsat_identifiable,1,boolean_factorization,exclude_x,exclude_x,0,2443,7514,0,1,1,0,0,0,0,1,1,1,0,0,0.006894592195749283
4,50,10,100,3576811976,59,conj,glucose42,MT19937-RandomState,4.6430155634880066e-05,00001001110111011010011100100111110111101011011001100101111110110011100000101010011101101011010111111101111010110101010100111100101101000110000110010011001010011101101011011111111100010111100100110101000011110011001001000001100001100001011001011001100100101111011011001010001011001111110001101001100110011001110010010001001101100000001110111100110000101001000001010111010111110000010011111010000101111111101101011110011001010101111110010010111111000100001010111100010011010101110111110011101110001010,1efa5b3633ee40c6a92b593780d3515ed7d59344dbceb3f6fe1dd44098ede4f1,bernoulli,bernoulli|conj|p=0.5|zero=allow_iid|rng=MT19937-RandomState,0.5,allow_iid,0.001071942038834095,8.629914373159409e-05,0.00170863326638937,0.0009928978979587555,0.021001006476581097,0.024866691790521145,0.0038597723469138145,38,274,1,6,SAT_unsat_identifiable,1,boolean_factorization,exclude_x,exclude_x,0,2652,7878,0,1,0,1,0,0,0,1,1,1,0,0,0.006751696579158306
4,50,10,100,3576811976,60,conj,glucose42,MT19937-RandomState,6.349850445985794e-05,11010010011100100100000110001001110011011100010110011111000010011111011110110011111001101000000001100010100010011001110100101001101100110110101010011110111010101001000110010101010010010000010011100110110011011111011001110111110010101100011000001011111100111001001001001111111010111111110011100010011110101011111111001001110000000010110000100001010010001001111111010100011110111010000000100111100001101011101101001010100011100001000111001100001000111001110000111011100001010101000010110111000000010010,f61191201d611dd9859d6a94582cd4b83d5599524cf8ec2d30fb2a738a0668b8,bernoulli,bernoulli|conj|p=0.5|zero=allow_iid|rng=MT19937-RandomState,0.5,allow_iid,0.001029251143336296,9.089522063732147e-05,0.0013841502368450165,0.0010055284947156906,0.00930720753967762,0.012823650613427162,0.0035098250955343246,30,323,1,6,SAT_unsat_identifiable,1,boolean_factorization,exclude_x,exclude_x,0,1950,6033,0,1,0,1,0,0,0,1,1,1,0,0,0.006309959106147289
4,50,10,100,3576811976,61,conj,glucose42,MT19937-RandomState,4.578288644552231e-05,11100111100111111001111111000110111010101101100000100101101001110000101011101100000001111110110110011100101010110001110011000011010001110001101100100011001010001111100011010001010111010000110100100010110111010111101001111011001000100000101001010111110000010101111111000110100000110001111001010111010100110001111110101111100100000110001110000010011011111001101100101101011100000101111101110111010100100111100001100110001101111110000010010111011000100000011010100001100111101100000001111110101011001100,efe18399bc120e6971326592cc3570f6812bd4d9e249bfccdb1d2a34503823f8,bernoulli,bernoulli|conj|p=0.5|zero=allow_iid|rng=MT19937-RandomState,0.5,allow_iid,0.0010627489537000656,8.301250636577606e-05,0.0015788562595844269,0.0009939344599843025,0.03651181980967522,0.04023610707372427,0.003718552179634571,35,292,1,6,SAT_unsat_identifiable,1,boolean_factorization,exclude_x,exclude_x,0,2345,7138,0,1,0,1,0,0,0,1,1,1,0,0,0.006670246832072735
4,50,10,100,3576811976,62,conj,glucose42,MT19937-RandomState,4.6510249376297e-05,10011011011001000100000101010011101000000100100011111111100000101101000011000011111011101101100000000011001001110101011110011110011100000111101010001010010001010001110101110011001000000010000011011000101111010011001011111011110001110011001001011111100001110101010000110101001101100111111110010001000000110010111110000011010010110011101011111000100100110101111000010010001010010000011001000011010101100000010011011100011101101000100111001001011011100011001100111000111011110111010111100101110110010010,98a459140f3cea8f47ae7155ddb4437ad4ce29c22399cee3f051da8175a81c43,bernoulli,bernoulli|conj|p=0.5|zero=allow_iid|rng=MT19937-RandomState,0.5,allow_iid,0.0010432302951812744,8.003972470760345e-05,0.0014760708436369896,0.0009895013645291328,0.020062264055013657,0.02365688793361187,0.0035888422280550003,32,357,1,6,SAT_unsat_identifiable,1,boolean_factorization,exclude_x,exclude_x,0,2008,6365,0,1,1,0,0,0,0,1,1,1,0,0,0.006686015985906124
4,50,10,100,3576811976,63,conj,glucose42,MT19937-RandomState,5.176011472940445e-05,10100111000100011111000100110011000110010101000001010001010110100111001110010110101010001000010100110110100111111001010001110100100100010000010001010110001001011110101001001010110100111100111001100001010000110011011001011010100001110111011011101100101111110100010101100011000001101101001011010110111001110011011001000101110000001011011011111101011111101001000000000010001010001100111000100101000100101101100000111100111010011011111011111100011010111001000000001110010100001100111110101011101000110110,552aa6a419b42a88fa2e177125d47a004b861b873a5e57fc2189366bf3fa6629,bernoulli,bernoulli|conj|p=0.5|zero=allow_iid|rng=MT19937-RandomState,0.5,allow_iid,0.0010760920122265816,8.923374116420746e-05,0.0015578977763652802,0.001004265621304512,0.019872846081852913,0.023606407456099987,0.003727489151060581,34,313,1,6,SAT_unsat_identifiable,1,boolean_factorization,exclude_x,exclude_x,0,2206,6851,0,1,1,0,0,0,0,1,1,1,0,0,0.006554668769240379
4,50,10,100,3576811976,64,conj,glucose42,MT19937-RandomState,4.56739217042923e-05,10110110100000000011000001010100010100001110001100110011101000010111010010000010100111101111101100011111110011101111011011100010010110111111001110011101001111000101000000110010111100100110110111010011111100111011111001101101001011110000011100111010000100011100001011101101111011100001001000000000010101000010101000110101110010110010101100001011111111011111111111011001000010010100111100000000001010001110001001011110010101100010110000110101101011101111000101111011000110110010111010011010000010100100,6488d0af5a41d0f3dddda2d39ddf5106ca5c1a93eda41e719dd4ac1f30b57899,bernoulli,bernoulli|conj|p=0.5|zero=allow_iid|rng=MT19937-RandomState,0.5,allow_iid,0.0010164687409996986,7.843133062124252e-05,0.001392553560435772,0.0009882142767310143,0.009032883681356907,0.012514709495007992,0.0034756679087877274,30,393,1,6,SAT_unsat_identifiable,1,boolean_factorization,exclude_x,exclude_x,0,1870,5945,0,1,0,1,0,0,0,1,1,1,0,0,0.006615101359784603
4,50,10,100,3576811976,65,conj,glucose42,MT19937-RandomState,4.6984292566776276e-05,11001011000010010011011111101001111101010100010100010010111100011101110101011110011111110101100110001101100001011000110100001000010100001000100110110000100001010111100100000110000000001110111011111001010110011001101110011010100010011111111111011111010101011100110000100101111111110001111110101110001100000001000101101101100100111001111111000010011001101111100110110010101101110001010111001011101000110100000100010101000011001000010000010111010110100000010111101101110001111111010101101010000111010001,3afc60996a846bf30716b1f99b67b16b5da24bda1098b70ee6be48bfc61ba51f,bernoulli,bernoulli|conj|p=0.5|zero=allow_iid|rng=MT19937-RandomState,0.5,allow_iid,0.0009696939960122108,7.942039519548416e-05,0.001302151009440422,0.0009973011910915375,0.01293240301311016,0.01628668885678053,0.0033485665917396545,28,288,1,6,SAT_unsat_identifiable,1,boolean_factorization,exclude_x,exclude_x,0,1762,5558,0,1,1,0,0,0,0,1,1,1,0,0,0.006061295047402382
4,50,10,100,3576811976,66,conj,glucose42,MT19937-RandomState,4.5523978769779205e-05,11101100000110100001001001010100100010101010000000101101101000011000000110100010000001001001001101110000111000010110011111111111011010010010111100110011100111110001000100101101110000001001111000001110010101110110010111110000011100111011110011001000001001111101111011011111011101101010001101110010110001011011010111100000101010101111110000101001001000001011011000100010111101011100111101100001100001011001010110000011000011010011110110010111010100111011111100100111111111000011011011001110111100000000,0545043ab71de54954699bf5e5e331890a759d8fb203b2372260c618bca40f3f,bernoulli,bernoulli|conj|p=0.5|zero=allow_iid|rng=MT19937-RandomState,0.5,allow_iid,0.0012233704328536987,8.989404886960983e-05,0.0016287295147776604,0.0009968755766749382,0.013564060442149639,0.01750868186354637,0.003938869573175907,36,389,1,6,SAT_unsat_identifiable,1,boolean_factorization,exclude_x,exclude_x,0,2354,7282,0,1,0,1,0,0,0,1,1,1,0,0,0.00708331074565649
4,50,10,100,3576811976,67,conj,glucose42,MT19937-RandomState,5.1326118409633636e-05,10110000111001110111111000001101101110110010110110000010001111110110011101101101110110001001010100101001100111100010110111101000110000100010101001001000011111011111011010001011000010010000001110101111111110111110000000101110010011110110010101001101010100111000101110100101000011110111000010101000010101000101001001100010101010011110111100101100010011101111000111001101111000001001100010100101011001011111010110000110011101001011001110011101010101011100010111011001111111011000110011011000010010011100,62b5ee4a161b7492daa5ca32db87460e9581b1b37f8ea17cc3384b26dff54596,bernoulli,bernoulli|conj|p=0.5|zero=allow_iid|rng=MT19937-RandomState,0.5,allow_iid,0.0011541219428181648,8.395500481128693e-05,0.001582736149430275,0.0009992746636271477,0.03075477946549654,0.03458121791481972,0.0038200877606868744,35,306,1,6,SAT_unsat_identifiable,1,boolean_factorization,exclude_x,exclude_x,0,2355,7149,0,1,0,1,0,0,0,1,1,1,0,0,0.006730965338647366
4,50,10,100,3576811976,68,conj,glucose42,MT19937-RandomState,4.6319328248500824e-05,00101000011000110010011010110100010000100011010100010011111000001101000011000000010111011000110110011000011001100100111011010010001100000101100000010110011001000000010000000111110101011111101000000000001001000001110100111100111000111101101011010000110010001001100100001111011000001110101000111100101000110100110010111000011001010101110100110100111111011001000001000011110111001001101111111110111101011001000010011000010011100000000100011110111001000011000010101101000100010111100000110110101100001111,e4b6db7b395296e3e4f73be7642f77481e837b6996136fdcaf4fadf96f69c7ee,bernoulli,bernoulli|conj|p=0.5|zero=allow_iid|rng=MT19937-RandomState,0.5,allow_iid,0.0010742703452706337,8.975807577371597e-05,0.0016175797209143639,0.0010052071884274483,0.01687299832701683,0.020665058866143227,0.003786815330386162,36,423,1,6,SAT_unsat_identifiable,1,boolean_factorization,exclude_x,exclude_x,0,2184,7095,0,1,1,0,0,0,0,1,1,1,0,0,0.007247142493724823
4,50,10,100,3576811976,69,conj,glucose42,MT19937-RandomState,4.5709311962127686e-05,00100010110010011001101001001100001101001011000001100111111111101111011010010111101010010000101000011001110100100111111000110010001111001101000100110100010001011001000011011110101011001100111100011001100111000001111100110100111010101110101100001100011011010001001001010111010011011001101110101100101111110100010100010011110010010001110111011100011011100001011000011111111001011000001110111110110100010010101111111110100101001110100000111010010011000011011110000101011001001011100101000101100110111110,84f449a337abfa26eab3ef876527a001b6491201a80d7172f299e6bbec458b85,bernoulli,bernoulli|conj|p=0.5|zero=allow_iid|rng=MT19937-RandomState,0.5,allow_iid,0.0009761173278093338,8.639134466648102e-05,0.0015003792941570282,0.0009836256504058838,0.014397554099559784,0.017950212582945824,0.003546513617038727,33,293,1,6,SAT_unsat_identifiable,1,boolean_factorization,exclude_x,exclude_x,0,2237,6751,0,1,0,1,0,0,0,1,1,1,0,0,0.006489059887826443
4,50,10,100,3576811976,70,conj,glucose42,MT19937-RandomState,6.279628723859787e-05,00111101111010101011000011101000110001001011000110000100001001010111110110101001011110101001011010100110100010101111101111101001011011100000110101110111101010011101001011101001110111010000100001110101011100001011111000001111101000010100111000001011011010110000111011001101011001011001110100001001011110101001011100000100001111100100001101010010110001001110001100110100101010000111110111110101010010000001111111000011100011000001010101100111001111111001101100110010110000101011100001000010000100001100,7cd0c8e0a4b999f8849fd46a1ee07bbd7b5711fbe84a4fe5c62c00ef9abcdb83,bernoulli,bernoulli|conj|p=0.5|zero=allow_iid|rng=MT19937-RandomState,0.5,allow_iid,0.001084103249013424,8.867587894201279e-05,0.001672765240073204,0.001001361757516861,0.022572034038603306,0.026426692493259907,0.0038469061255455017,37,303,1,6,SAT_unsat_identifiable,1,boolean_factorization,exclude_x,exclude_x,0,2453,7525,0,1,0,1,0,0,0,1,1,1,0,0,0.006936796009540558
4,50,10,100,3576811976,71,conj,glucose42,MT19937-RandomState,4.653818905353546e-05,10010110010000000010111101011101010000000011101010111100100111000001101100001000100100001010010001000101010011110110011011011010111011011000000010011011100011011101001000011010000000101110001100110110001001100110001010010110000100000001010110001101111000000001000111110110111010101011011001001000011000111110100110000011101010111001010100100100001010001101010001011001001100001101100011101111101001010100011100001100100111100100100011000110000110001001101101101110101110101001110101001010110000000111,18ff4eb9cd02ac5157a934d0cabd48620091cdbf1abb42f8938e547137c61dc8,bernoulli,bernoulli|conj|p=0.5|zero=allow_iid|rng=MT19937-RandomState,0.5,allow_iid,0.0011466080322861671,9.035691618919373e-05,0.0016501173377037048,0.001006903126835823,0.018001528456807137,0.02190106362104416,0.0038939854130148888,37,453,1,6,SAT_unsat_identifiable,1,boolean_factorization,exclude_x,exclude_x,0,2273,7327,0,1,1,0,0,0,0,1,1,1,0,0,0.007316742092370987
4,50,10,100,3576811976,72,conj,glucose42,MT19937-RandomState,4.618242383003235e-05,01011110000100010100101100010010101101110100111011001001110011100101000101010010000001011100110001000001000011000100011001000100101010000101110011011001100111001001010000101000011111110101101111001011000001000011001100101111010011001110101001101110011011110000010110111110011101101111101011000110101101101001001010100111011111011100101100010010110111011000101100100010011110000100000011110110110010110110000110100011001001001000110010011000110110110100000011111010100111001101010011111101010110101111,54fdb6ce3015f3f1f91a42d40548184f5a46592e05ce4fb4b6ced3f2ae0a1339,bernoulli,bernoulli|conj|p=0.5|zero=allow_iid|rng=MT19937-RandomState,0.5,allow_iid,0.0010826271027326584,8.070934563875198e-05,0.0015494702383875847,0.0009776288643479347,0.018042615614831448,0.021739155054092407,0.0036904355511069298,34,315,1,6,SAT_unsat_identifiable,1,boolean_factorization,exclude_x,exclude_x,0,2206,6851,0,1,1,0,0,0,0,1,1,1,0,0,0.00656538549810648
4,50,10,100,3576811976,73,conj,glucose42,MT19937-RandomState,4.6222470700740814e-05,01110001001110010000011010111000010101110001011000110010011110000010100100100101101010011010000010111111011110110011011101001011110100001100110010010100000101000000001101110011001011111101010011010110100000010110111110011110001100010101100101011111000101001110100011110011001110110101010000001101101011011001001100011001100111000010110101000001010101110010111001000001011000101100001000010001001011010111011111111111101101101011001011100101101100110111100100110010000001101110000111101001011111010001,4aa10b2e598bc3c33703b8f02af21f6d7b8d8b9a9bd19ca8b58f5247ee16bccc,bernoulli,bernoulli|conj|p=0.5|zero=allow_iid|rng=MT19937-RandomState,0.5,allow_iid,0.001137944869697094,8.971709758043289e-05,0.0016301525756716728,0.00100747961550951,0.016646133735775948,0.020518196746706963,0.0038652941584587097,36,325,1,6,SAT_unsat_identifiable,1,boolean_factorization,exclude_x,exclude_x,0,2344,7271,0,1,0,1,0,0,0,1,1,1,0,0,0.006897255778312683
4,50,10,100,3576811976,74,conj,glucose42,MT19937-RandomState,4.525482654571533e-05,11111101111111010001101010000110101001011001111000101000010001001001010001100101110001111101111000111100101001111100100010110110000001101001101111100100010001000100001010100100010010000001011000100000000011001110011011111101101110011010001001001101011111001101110000110001011010101001111100101011011011011110101011101101000000001010101111011111011101110101010001110010111000110111101011111110100000101111010000001100000110011111100100011011000110100001010110011111000101101000100011011111100110101101,c7cf3442fad83b3f483f3a6f06d2fd272cc56c732b6a3ca0a1bfe30bc26c3323,bernoulli,bernoulli|conj|p=0.5|zero=allow_iid|rng=MT19937-RandomState,0.5,allow_iid,0.0010739956051111221,8.786655962467194e-05,0.0014229854568839073,0.0009874440729618073,0.017041546292603016,0.02061911765486002,0.0035722916945815086,31,333,1,6,SAT_unsat_identifiable,1,boolean_factorization,exclude_x,exclude_x,0,1959,6177,0,1,1,0,0,0,0,1,1,1,0,0,0.006458645686507225
4,50,10,100,3576811976,75,conj,glucose42,MT19937-RandomState,4.512537270784378e-05,00101001010111101100101101101011011110101100111111010111010011101000001000111100000110111011010111100000101000101010100010011111010000010100111101000111001010010100101111100101101011100001110111101110110110010001101010000110101101001101101011011111000110100010100110000001001100000010100110001010010110111011000111111011001010001100010000000000000100001101111111010111001101001100111101001100000111110001011000001100101110111110000110111001101011000000001111110010000000011011110101011010100001000010,1fc350ba0e2d1d3889567f4998ef7dad33b9d76686004ec4d2af323c06d9c9b1,bernoulli,bernoulli|conj|p=0.5|zero=allow_iid|rng=MT19937-RandomState,0.5,allow_iid,0.0010284874588251114,8.319783955812454e-05,0.0013916725292801857,0.0009873267263174057,0.012275055050849915,0.01577169355005026,0.0034906845539808273,30,336,1,6,SAT_unsat_identifiable,1,boolean_factorization,exclude_x,exclude_x,0,1880,5956,0,1,1,0,0,0,0,1,1,1,0,0,0.006340378895401955
4,50,10,100,3576811976,76,conj,glucose42,MT19937-RandomState,4.583876579999924e-05,00000010100101011011000011100110010010000110101011000110000000010000001011100011010110000011111110110011101100101110000001101001101010110101001001101100001001001111100100001111111000001010100000010110100001111001011111111110100011100100110110100010100111000100111001100010110111100100101110110011101111010001000011110100000111000011001100010101110000000001010110001011101100101110000100010100000000110100000000000101100011000000100001110011011100000111110101111001110101000000000100111000110100110011,e571cb57bbef5abad012a62ecaa43e189c8b72bc7775411015d10046379cd613,bernoulli,bernoulli|conj|p=0.5|zero=allow_iid|rng=MT19937-RandomState,0.5,allow_iid,0.0011915815994143486,8.909404277801514e-05,0.0015951469540596008,0.0009876498952507973,0.010924351401627064,0.014792761765420437,0.003863472491502762,35,460,1,6,SAT_unsat_identifiable,1,boolean_factorization,exclude_x,exclude_x,0,2095,6863,0,1,1,0,0,0,0,1,1,1,0,0,0.007237046957015991
4,50,10,100,3576811976,77,conj,glucose42,MT19937-RandomState,4.45069745182991e-05,11100010101010010101101010000010110110010100110111011110000110110001011000011001100001110011101001110010010000110000101111000000111110100011111101101000011011111111111001110001111011010010001100100111100110100011101000100010010101001100101110110100110000010111001100000111111010011001010000110100011111111111110011100011011100000101110010111010011000000100011001010111100100000100101111010001001100101110111011000011101110101101010111111001101100111100111000100110011001001011000010011000011110001010,f6c5ce0ca501a5ae97a4daf1207123e77d2bb115137ac0db2dbc1d9ac7da155e,bernoulli,bernoulli|conj|p=0.5|zero=allow_iid|rng=MT19937-RandomState,0.5,allow_iid,0.0010794997215270996,8.780788630247116e-05,0.0015210602432489395,0.001007656566798687,0.05011160206049681,0.05381671339273453,0.0036960244178771973,34,339,1,6,SAT_unsat_identifiable,1,boolean_factorization,exclude_x,exclude_x,0,2226,6873,0,1,0,1,0,0,0,1,1,1,0,0,0.006763569079339504
4,50,10,100,3576811976,78,conj,glucose42,MT19937-RandomState,4.815682768821716e-05,11010000010010001011110000100111101111111110110100011001010010101001111001111101101011000110010010011101001000001101011010110111100000011000100101011001000001000111011100011001010010100001001001101000110010110111111010110110111110101110011010110010110001001100010010111111101100011101000000101011100101110010111000001001110100111101010010001000000000111111011101110100000000111110101011011111010010011100000001111111010011100111000101010100011001110110111001111101100101111100111000100101011101110110,c61bcbc769fc23773db193c27f68933f69748e0d36d5da8483c4a8f3c1b59a32,bernoulli,bernoulli|conj|p=0.5|zero=allow_iid|rng=MT19937-RandomState,0.5,allow_iid,0.0010358989238739014,8.195824921131134e-05,0.0013491353020071983,0.0010017575696110725,0.023128382861614227,0.026602838188409805,0.0034687500447034836,29,239,1,6,SAT_unsat_identifiable,1,boolean_factorization,exclude_x,exclude_x,0,1931,5878,0,1,1,0,0,0,0,1,1,1,0,0,0.0060578444972634315
4,50,10,100,3576811976,79,conj,glucose42,MT19937-RandomState,4.47174534201622e-05,00001011001101011001100000110011110000010100110100001011011010110001001111100001111100110110101100110000110100110101001001010000001000110011011001001000110000011101001110111000110010100011011011101101110001000000101011011011011101111001110110101000000101110100001011010100111011100110000000100100100110100110000101100010000000010010111111000000010101101111100001001111111010010000001100000110000101001011101101011110110001011011000110100000101100001101011001010100000001000011111101101100111001101000,645c5024a7d9a1e2b5c9af7fa342715cf04dc298540a577e0ec988a0a5de2587,bernoulli,bernoulli|conj|p=0.5|zero=allow_iid|rng=MT19937-RandomState,0.5,allow_iid,0.0010508252307772636,8.392147719860077e-05,0.0015211822465062141,0.001004224643111229,0.00940487440675497,0.013070736080408096,0.0036601535975933075,33,360,1,6,SAT_unsat_identifiable,1,boolean_factorization,exclude_x,exclude_x,0,2007,6498,0,1,1,0,0,0,0,1,1,1,0,0,0.0066923713311553
4,50,10,100,3576811976,80,conj,glucose42,MT19937-RandomState,9.652785956859589e-05,11101010010011111111100100011110000111110101000111001010100001010110100110011010000000011111100010011001111100000001110011110101011111111011101101111100111000111011110100010110010110100011111001111011100110011010111100000101001110111111001000000010011111000011100001110101111000100001011111101101001001000111101011100011101101011011110101111011001101011100111101100111101000100010101010011011110101001111011011011011100100001000001110001010001001111001110011001101101011011110001001111010011000100000,74ed1973506707eb64be6925a1226fa8b63b3d9e58ac593b5f9a4bfc46240097,bernoulli,bernoulli|conj|p=0.5|zero=allow_iid|rng=MT19937-RandomState,0.5,allow_iid,0.001167861744761467,9.854696691036224e-05,0.001729893498122692,0.0010053887963294983,0.022309395484626293,0.02631932497024536,0.00400169100612402,38,234,1,6,SAT_unsat_identifiable,1,boolean_factorization,exclude_x,exclude_x,0,2702,7933,0,1,1,0,0,0,0,1,1,1,0,0,0.006663228385150433
4,50,10,100,3576811976,81,conj,glucose42,MT19937-RandomState,5.2959658205509186e-05,01101000111101110010110111010010011000011110011001111101011011110111010010011000011110100101001001011000011010100001101111011110000111100011000111010001000010010011101100110111110001001001010010100000011110000100110001111010111000111010100011011000000011000100100110100001001001010101000111111101010001010000101001001000001010000110010010100101000101010001100011100100011011001001000000000100011111100111010110011001001100100110000101110001010110001101111100101010110111010011111011001011100011110011,4ad777679eaa859390c2025ec8b053b7a3251251800e744e9fd724ba42aca6dc,bernoulli,bernoulli|conj|p=0.5|zero=allow_iid|rng=MT19937-RandomState,0.5,allow_iid,0.0010206783190369606,8.728168904781342e-05,0.0016435189172625542,0.0010260231792926788,0.03703717701137066,0.040821061469614506,0.003777502104640007,36,306,1,6,SAT_unsat_identifiable,1,boolean_factorization,exclude_x,exclude_x,0,2414,7348,0,1,1,0,0,0,0,1,1,1,0,0,0.0067970482632517815
4,50,10,100,3576811976,82,conj,glucose42,MT19937-RandomState,5.002506077289581e-05,01100000011000011010110011010010100010000011100111011110100110111111111111000001100000100101011100010110101101111101100011110110100010110000011001010011000000111111101111100101111101010010101011110110010011000000010001110101010100000010010110101100110011101010101011010001000101010010010110001101000001000100101001101100011100100010110110011100010010100010000101010110110110010110010001000101111101100011000001110001000010101000011001110111010110001101110011000100011100100010010111001100000111101101,291aa7138e6cf60a11fbac8f4f22be12df6318e85195f5324957edacc3ab7a55,bernoulli,bernoulli|conj|p=0.5|zero=allow_iid|rng=MT19937-RandomState,0.5,allow_iid,0.0010874029248952866,8.344091475009918e-05,0.001588219776749611,0.0010039499029517174,0.020539797842502594,0.024308737367391586,0.003763013519346714,35,385,1,6,SAT_unsat_identifiable,1,boolean_factorization,exclude_x,exclude_x,0,2215,6995,0,1,0,1,0,0,0,1,1,1,0,0,0.006933880038559437
4,50,10,100,3576811976,83,conj,glucose42,MT19937-RandomState,4.590023308992386e-05,00010010000110001111000011000110110010101110010010110001101101111111000001000010011100010100100100001010000000010111011001010101011100001010101101101111110101111101001111101000010010110111100011010111000011100001000111001010000010000011100001000000101111110011101011000011010101010010101001101000110000010011000110000100010000100111101111011110010100001111111111010110011101100101000001110011110001101001010101011100101000011110001011011011010000110000000001010110011010100001001000010000100000100000,0df8e0334813269a12997e9694f0b601308ce257560953daf64b5c23de90ebdb,bernoulli,bernoulli|conj|p=0.5|zero=allow_iid|rng=MT19937-RandomState,0.5,allow_iid,0.0010000308975577354,7.969606667757034e-05,0.0013422248885035515,0.0009955726563930511,0.009354641661047935,0.01277807354927063,0.0034175245091319084,29,492,1,6,SAT_unsat_identifiable,1,boolean_factorization,exclude_x,exclude_x,0,1701,5625,0,1,1,0,0,0,0,1,1,1,0,0,0.006900736130774021
4,50,10,100,3576811976,84,conj,glucose42,MT19937-RandomState,4.977919161319733e-05,01111000010011100100010011000111000100010101101010011111110101011101101100101010000101010001011110100101000100101001100010110110110111100010011010100110010101000000111101011111100101011101010011001101111010001111110010100111010010000101001100011100011010111101000110101111011011010101010011000010001001110111010101011100110011110101010101011011101111010000110000101101111100001010110101000010100000101011011010001001001010100011100011100000110100110000101011101011000011110101000000010111110001111111,67a48ce4b502a01040c1120c5e9b161752f3d8684509e3a3b7e212eb4d07ee45,bernoulli,bernoulli|conj|p=0.5|zero=allow_iid|rng=MT19937-RandomState,0.5,allow_iid,0.001036270521581173,9.133759886026382e-05,0.0016630692407488823,0.0009859371930360794,0.02059775311499834,0.024379906244575977,0.0037766145542263985,37,292,1,6,SAT_unsat_identifiable,1,boolean_factorization,exclude_x,exclude_x,0,2493,7569,0,1,0,1,0,0,0,1,1,1,0,0,0.006770169362425804
4,50,10,100,3576811976,85,conj,glucose42,MT19937-RandomState,4.6533532440662384e-05,10111001011100001100001010011101001110001001111010001001101000000110111101001110101110010111110000001111010101101110000000011111110000100001100001101101111010000000001011010100100110001010010111001111000101010000001100110101110001010101101001110111001000111000011101001100111100010011000111110100101100101111101100001011001110110010011010100000101011111110100000101110010001001100011100010101010110111111000110100001111000011100001010101001001111001000011011101001011101100101000100010010111101001010,22eea49425d9b7c0bb76e1c7db500c6a99938f369fe3e25fc08dcf209dd78a64,bernoulli,bernoulli|conj|p=0.5|zero=allow_iid|rng=MT19937-RandomState,0.5,allow_iid,0.0010653678327798843,8.898507803678513e-05,0.0017531933262944221,0.0010151760652661324,0.014009818434715271,0.017938509583473206,0.003922722302377224,39,316,1,6,SAT_unsat_identifiable,1,boolean_factorization,exclude_x,exclude_x,0,2611,7967,0,1,0,1,0,0,0,1,1,1,0,0,0.006975006312131882
4,50,10,100,3576811976,86,conj,glucose42,MT19937-RandomState,4.3042004108428955e-05,11010100000111100011111111000000010110011110010101100001111010110111011011010001101110100111111001010111101111110110000110001101010000100010110010000110111011000101110100011110101000100100011101111001100101001010000011011110111110010001111110001111000010100001010000101000101111010110100110110110010001001101111010111110000001101101000011010101101100110011111100000111001100100101110101010010101010111100011000010010101100110011011000101101110110001100001010011001000110000000011000011101111101010011,1326489b8933b4ccd974eb45059efbc191e591b172b69c1d077e2b234de8f2c2,bernoulli,bernoulli|conj|p=0.5|zero=allow_iid|rng=MT19937-RandomState,0.5,allow_iid,0.001116681843996048,8.706282824277878e-05,0.0017389506101608276,0.0009949905797839165,0.01445635873824358,0.01840009167790413,0.003937685862183571,39,317,1,6,SAT_unsat_identifiable,1,boolean_factorization,exclude_x,exclude_x,0,2661,8022,0,1,0,1,0,0,0,1,1,1,0,0,0.007171612232923508
4,50,10,100,3576811976,87,conj,glucose42,MT19937-RandomState,4.837755113840103e-05,00000001110101010101110000011011010111010011000101011111111001100101000001011101010010111100110100001110101011001111100011110011100011100000100101111110001111101010101000110111011001001100011111100000110110110100110101011000011100110011000011111100011101101101110011010011111101100011100001111111110010010110010101000001011001111111101100001111100100111110010100011111100100111111111100110110110111111011011011100000101110011101010110111000111110011111111000100011101111001000000101011011110010110011,79eb855c4a4c5d2bd81e4cf67b3825394b27fa3b880fd9e2adb754a497da4861,bernoulli,bernoulli|conj|p=0.5|zero=allow_iid|rng=MT19937-RandomState,0.5,allow_iid,0.0010668346658349037,8.130073547363281e-05,0.001590237021446228,0.0010039471089839935,0.055417587980628014,0.05916586797684431,0.003742319531738758,35,244,1,6,SAT_unsat_identifiable,1,boolean_factorization,exclude_x,exclude_x,0,2525,7336,0,1,0,1,0,0,0,1,1,1,0,0,0.00642860122025013
4,50,10,100,3576811976,88,conj,glucose42,MT19937-RandomState,4.604272544384003e-05,01011101011010010000111110001111110101101010111101010011010010010010101100010111110011110101110000000001111011110110000110001011000000001101100000000110111010001010011111100111100000000001011101010100000111101110100100001100011010111100011100001010101000100110111000110101010000010000101001110000010111101000001101011010001101010001000110110011010110010110100001001110001001011101100100100011000100101011101111010100010000100011010101100011100001101011001111001111001001100100011011101001111001011101,5fc8d97b9ed687743b86a0f5ce1f6b555ae61e346718dfa5a85be8a82298a1c4,bernoulli,bernoulli|conj|p=0.5|zero=allow_iid|rng=MT19937-RandomState,0.5,allow_iid,0.0010280022397637367,8.434057235717773e-05,0.0014603491872549057,0.0010073157027363777,0.017159792594611645,0.020745422691106796,0.003580007702112198,32,362,1,6,SAT_unsat_identifiable,1,boolean_factorization,exclude_x,exclude_x,0,1978,6332,0,1,0,1,0,0,0,1,1,1,0,0,0.006570484489202499
4,50,10,100,3576811976,89,conj,glucose42,MT19937-RandomState,4.685577005147934e-05,11100111110111111000111101001101111001000010011110101000001000011100111111001010110111100110110001000100010111110010011111001000000100000111100110001111010110000010111000110100110000100001110010111111100010011110111011111100010111111111111011001010101011100101101000100101100011011100101011001001111011010011010000111011001000101111110001011000100010010111001111000010101001011001110010100001100000010000110001110100111011101010101100101000101001100100001100010010010011001000101101100001100111100010,bdc2577a57cb737c81e22034e8e1fe060b6c1662d7c99e7cc7f210602a6b088c,bernoulli,bernoulli|conj|p=0.5|zero=allow_iid|rng=MT19937-RandomState,0.5,allow_iid,0.0010266778990626335,8.379947394132614e-05,0.0016410620883107185,0.0010081399232149124,0.0376068577170372,0.04137330316007137,0.0037596793845295906,36,258,1,6,SAT_unsat_identifiable,1,boolean_factorization,exclude_x,exclude_x,0,2474,7414,0,1,0,1,0,0,0,1,1,1,0,0,0.006470764055848122
4,50,10,100,3576811976,90,conj,glucose42,MT19937-RandomState,6.461702287197113e-05,01101011111010011011111001011010011001101101001000011001110001011110010001110011000000110000001111111011101011000110110001000000011101011000000110000000011011110111001011011011100001010100101001100001101111000111010110100011001100001000011100001010100101111110000010110010001100100000100011100111100100110001000111001011110100111010110010000100110101111101011010101100011011100101100000110001000011101010011101110101100011111100110110001111101010001111100001011001000010111011100011010000110001101000,ff82d647660e36af1ddcbc33679c20e5b8c46759cd5628152f140e557e39f99d,bernoulli,bernoulli|conj|p=0.5|zero=allow_iid|rng=MT19937-RandomState,0.5,allow_iid,0.0010006269440054893,9.227264672517776e-05,0.0015370585024356842,0.0009982362389564514,0.014783266931772232,0.01841775979846716,0.0036281943321228027,34,326,1,6,SAT_unsat_identifiable,1,boolean_factorization,exclude_x,exclude_x,0,2226,6873,0,1,0,1,0,0,0,1,1,1,0,0,0.00666685588657856
4,50,10,100,3576811976,91,conj,glucose42,MT19937-RandomState,4.745554178953171e-05,11101000001000010001100001101110001001111000011100001010110000001111100011010101111101100001110101001011111001100111011101111100001101011100100100110101001010000100101111010100001100111110110000101001100111101001011000000000000110100010110000111001010100100111110001011100000010100010110101011100010110100101001010100110010010010001011100111001100000010010100100111000101001000000001110100011100111110011011110001110001011101101010100001100101111011001110111000100111100001010010000101101110101010011,34f8354dc9cc034acebafe69e91671771bf02739c54f3c0599901e4721469fe2,bernoulli,bernoulli|conj|p=0.5|zero=allow_iid|rng=MT19937-RandomState,0.5,allow_iid,0.0010420642793178558,8.552428334951401e-05,0.0016674632206559181,0.0009985966607928276,0.011259608902037144,0.015059221535921097,0.0037936484441161156,37,378,1,6,SAT_unsat_identifiable,1,boolean_factorization,exclude_x,exclude_x,0,2383,7448,0,1,0,1,0,0,0,1,1,1,0,0,0.007064119912683964
4,50,10,100,3576811976,92,conj,glucose42,MT19937-RandomState,4.401709884405136e-05,11100010101110100001001100100111001101001010010001000010001011000000100100101111010001111001010000011101110110001101010100110101001111001011100110110001111000100010111010101001000100011000111010001101001010110001000001111110110000011011000101111000100100001000110011001011010001111001001111011100000101010001111100001111001100101011010011110111111010101001010000001110001011101010100111101110111110001001111110011101101111101100001000110111001100011011010001111000001111000100101011000000001010011111,60c2b9b2ec82924547e795a0646e4607a97ac69bb434691175611825722d4265,bernoulli,bernoulli|conj|p=0.5|zero=allow_iid|rng=MT19937-RandomState,0.5,allow_iid,0.0009575700387358665,8.970033377408981e-05,0.0016305018216371536,0.0009898021817207336,0.013301525264978409,0.016975417733192444,0.0036675743758678436,36,320,1,6,SAT_unsat_identifiable,1,boolean_factorization,exclude_x,exclude_x,0,2404,7337,0,1,0,1,0,0,0,1,1,1,0,0,0.006964697502553463
4,50,10,100,3576811976,93,conj,glucose42,MT19937-RandomState,4.6778470277786255e-05,00001010111000101101000100101011011011100111111100000001111011001000001001101000001101010010010100111110010010111011000001101010010010111110101111000001011010110101100011111110011000101010100110011010110001000101001000001000000101001001101011010010001100000001011000100111101110010001001110100110000001000100010000101100000100101011110100010010010001000100101110011101011101010110110011011111000000010110101001011100011100101011000010011011100111111011100110100010001100100100101000001010000100010111,3add806f4318699fef28d8f1049aceab2c223d49cb9950e2d8d613075f45d390,bernoulli,bernoulli|conj|p=0.5|zero=allow_iid|rng=MT19937-RandomState,0.5,allow_iid,0.0009501604363322258,8.456595242023468e-05,0.001507704146206379,0.0009931810200214386,0.015513794496655464,0.019055504351854324,0.003535611554980278,33,342,1,6,SAT_unsat_identifiable,1,boolean_factorization,exclude_x,exclude_x,0,2097,6597,0,1,0,1,0,0,0,1,1,1,0,0,0.0066659171134233475
4,50,10,100,3576811976,94,conj,glucose42,MT19937-RandomState,5.997903645038605e-05,10010111110100001110011101011110011010101011110010011000110100100101110111000001110100001001001001100100100100111010011101000000011111110001100001011111000101010100101100000010000000010011011011001101101111001001010111011101000000101100111010010101000000001110101100111000001100001100111110000011100111101001010110100000100110111110000011100100100101010101100011111010100100100000100100011011101001000101000001110011010010100100101110001010001110001001001000001010000011010100001000110111111011110111,f862b1abfd8c2a201bcbce92f1fa296cde6ea654320228ebac6d9ad656f801a0,bernoulli,bernoulli|conj|p=0.5|zero=allow_iid|rng=MT19937-RandomState,0.5,allow_iid,0.0010051550343632698,9.0012326836586e-05,0.0015039397403597832,0.001016995869576931,0.012636411003768444,0.016257849521934986,0.00361610297113657,33,363,1,6,SAT_unsat_identifiable,1,boolean_factorization,exclude_x,exclude_x,0,2017,6509,0,1,1,0,0,0,0,1,1,1,0,0,0.00674067996442318
4,50,10,100,3576811976,95,conj,glucose42,MT19937-RandomState,4.546996206045151e-05,01100100011100010110011111010000001000000101100100101111101111101001111111111101001001011001111010011000100000101011100011110000110101101010101111010001101000111000000010011000101101110000011001100111001100101101100101001111000000000000111110100110111010100001111011101101011010011011011011000110101010001010001110110010001010111001101001011101101000011010101110101101110001001110011010010011111001101111001001001001011100100110000001010110101001010010000010111110111100011001110101101100000001010110,6f6d63697b98e2eb8d99c1321252007035b12cd4c6615b07fe7e2c4aef62be1e,bernoulli,bernoulli|conj|p=0.5|zero=allow_iid|rng=MT19937-RandomState,0.5,allow_iid,0.0010894369333982468,7.957965135574341e-05,0.001511414535343647,0.0009932396933436394,0.020926127210259438,0.0246058227494359,0.0036736708134412766,33,307,1,6,SAT_unsat_identifiable,1,boolean_factorization,exclude_x,exclude_x,0,2117,6619,0,1,1,0,0,0,0,1,1,1,0,0,0.0065811993554234505
4,50,10,100,3576811976,96,conj,glucose42,MT19937-RandomState,4.6623870730400085e-05,01001100010100000101110011101011001000100100111111010101001000110000000101101111100100011100110011111000100111010000000101010000011011111110111010110000110010101001011101111000011110110110011100000110001110011101000101101000100101011101100100000111011010111011011011000001101010111111100101011111110010101111010010100010010111111010010111110000110010001111100100101100010110100111000000111101110101100001101011110001110011001101111001001101000010010010110111111110001100011001011101110110001101000111,e86e483b85edba290104c4267b58d30e4c13abf233d43ecd9ccd39d757309dde,bernoulli,bernoulli|conj|p=0.5|zero=allow_iid|rng=MT19937-RandomState,0.5,allow_iid,0.0010600173845887184,8.976366370916367e-05,0.0015982221812009811,0.000998462550342083,0.018922630697488785,0.022674747742712498,0.003746465779840946,35,300,1,6,SAT_unsat_identifiable,1,boolean_factorization,exclude_x,exclude_x,0,2375,7171,0,1,0,1,0,0,0,1,1,1,0,0,0.006705150008201599
4,50,10,100,3576811976,97,conj,glucose42,MT19937-RandomState,4.601292312145233e-05,10010010001100110100100101011111000111010110110100010011011010001100101100101100011000100000111001011010000101111010010011010111000001010000111101000000111110011100000011001011101100110101011001100011010001100110001110011010011010011111101011100110100111011101100110011100100101101110100011100010010000100010001110010001100011010000110110010111000000010001111110101011111100000111001111100110101101001000100110011100101100111100110010111011111101100111111001010100011110100111010011010110000101101001,976ef63e8c10cef7e1706a6d8d2929ca38e47cba08ebac018fdd135172a5b2b2,bernoulli,bernoulli|conj|p=0.5|zero=allow_iid|rng=MT19937-RandomState,0.5,allow_iid,0.001045464538037777,8.837785571813583e-05,0.0017889682203531265,0.001012737862765789,0.03041090816259384,0.034353043884038925,0.003935548476874828,40,293,1,6,SAT_unsat_identifiable,1,boolean_factorization,exclude_x,exclude_x,0,2750,8254,0,1,0,1,0,0,0,1,1,1,0,0,0.0070245033130049706
4,50,10,100,3576811976,98,conj,glucose42,MT19937-RandomState,4.770234227180481e-05,00010001001100000110101001001011000101110001011001001110111000000110000100110101011011011110110011101100011100011100011001111110000100010111001110101001000010100001110110001101010110010010011001100001011001100010010100011101000000100101001010101010111110001010001010010110000111100111010111001111101010111101011111111101110001100101000100111001001000001111001001110001000111011010011011010100100000100101100111001100000001101000100000111010110111010101101011011010101111001100010011011100101100111000,90071663fe887d472d442ad4164d0efdabd24ca1bee2469b34b3e187aa6eadfa,bernoulli,bernoulli|conj|p=0.5|zero=allow_iid|rng=MT19937-RandomState,0.5,allow_iid,0.0010372353717684746,8.954573422670364e-05,0.0016288217157125473,0.000988156534731388,0.020258660428225994,0.024008930660784245,0.0037437593564391136,36,362,1,6,SAT_unsat_identifiable,1,boolean_factorization,exclude_x,exclude_x,0,2324,7249,0,1,0,1,0,0,0,1,1,1,0,0,0.006923398934304714
4,50,10,100,3576811976,99,conj,glucose42,MT19937-RandomState,4.783552139997482e-05,10010001001101001001011101010110001110111100101110011000001010010100101010100000010101111110011111001100001001000000010100111011111100101111100010000000011111100000101111001110000001101011011000101111001011011010001001110001011001010001110101111100001111011100010000100011010111011010101010011000101001011001101011100001111111111001011001001010011010101111110000000011001010011111110000110010000100001000010011100001000110000111001001100000011010100011011001010100110011111110100001110010111010111111,5067d1016f8cd8b9a82faefe2a2ced990ab68a8a2c448370f7c27ba6fea2ebe8,bernoulli,bernoulli|conj|p=0.5|zero=allow_iid|rng=MT19937-RandomState,0.5,allow_iid,0.0011357581242918968,8.528679609298706e-05,0.0016341032460331917,0.0009877262637019157,0.016224210150539875,0.02007339708507061,0.0038428744301199913,36,351,1,6,SAT_unsat_identifiable,1,boolean_factorization,exclude_x,exclude_x,0,2334,7260,0,1,0,1,0,0,0,1,1,1,0,0,0.006953178904950619
