schema_version,J,K,N,seed,sim,operator,solver_name,rng_engine,generation_time,q_bitstring,q_sha256,design,design_id,p,zero_row_policy,basis_time,identity_check_time,two_col_check_time,three_col_check_time,sat_time,algorithm_time,preprocess_time,J_basis,M_basis,identifiable,branch,branch_label,sat_called,sat_formulation,sat_cardinality_encoding,cardinality_encoding_requested,maximal_candidate_requested,sat_variables,sat_clauses,identity_original,not_complete_original,has_pure_node_original,no_pure_nodes_original,has_zero_row_original,two_col_violation_original,three_col_violation_original,two_column_pass_original,both_necessary_checks_pass_original,I_3c,identity_basis,two_col_violation_basis,diagnostics_time
4,50,10,100,1735198123,0,conj,glucose42,MT19937-RandomState,0.0007843747735023499,00111000100110111101110011101000111111010011010010001101000111000100010001100101100101000001111111100001100111100111111101010101001111110011110110000100000111011110101010100110011010001111110000000010110101000010000000100011001110111011111110010010011010110110100010111011100100001100111111010010010111000101110001101111010110110111111000101100100111011100111110100001100110001000010101011000111011110011110000001011011011100011110110001110000001110010111111001001100000111110010011010110011100011111,430797b9a619f41265a519353f2f63fba42d7563f40d341f58bf684e25b48440,bernoulli,bernoulli|conj|p=0.5|zero=allow_iid|rng=MT19937-RandomState,0.5,allow_iid,0.001077926717698574,0.00013248901814222336,0.0015061087906360626,0.0015720715746283531,0.05585705116391182,0.060154395177960396,0.004288596101105213,34,301,1,6,SAT_unsat_identifiable,1,boolean_factorization,exclude_x,exclude_x,0,2276,6928,0,1,1,0,0,0,0,1,1,1,0,0,0.006622654385864735
4,50,10,100,1735198123,1,conj,glucose42,MT19937-RandomState,4.947371780872345e-05,10010101011001001111000000110101011010011010010111001100011100010101111000110100110100001010100001101110010111110001110111101011101111110111010111010011001001001101110011110111110001000100111111000101110111010001011100110001110110011110111011110100110101110010100101001000011001100001111101011001010111011000010101000101011110111110101110010101010010000010011111001111011111000011110000110010011011001010101010000011010100110011010110011100111010000000111000111011011111001111101001000010101110011111,ead84c4e1742279abc55752255c4c032bae8b45221b1083828d40141c2083047,bernoulli,bernoulli|conj|p=0.5|zero=allow_iid|rng=MT19937-RandomState,0.5,allow_iid,0.0011478262022137642,9.351596236228943e-05,0.0016630403697490692,0.0010619498789310455,0.023561757057905197,0.02753615751862526,0.003966332413256168,38,280,1,6,SAT_unsat_identifiable,1,boolean_factorization,exclude_x,exclude_x,0,2652,7878,0,1,0,1,0,0,0,1,1,1,0,0,0.0067785754799842834
4,50,10,100,1735198123,2,conj,glucose42,MT19937-RandomState,4.8395246267318726e-05,10010001111010110110010110001110000011001011011010101000100010000110000101110101110000001101000101010100100011010100101110110011001100110010101001110110010010100110000000110111111010011010101001001100101000010001001000100110001111111011110111110011001000011101011000111000000101101000000101111010101101100111100111001001101010101000110001111111011011100010010101111111101111100000100000111001001101000111100101111001101110001100111101011111000010110010011001011001100011100000000100010111011100010000,c6edd5793b9d587ec5b5af4bf2c1ca59402b856fc39585b09e5e52257a8f9b26,bernoulli,bernoulli|conj|p=0.5|zero=allow_iid|rng=MT19937-RandomState,0.5,allow_iid,0.0011663492769002914,9.458698332309723e-05,0.0016210079193115234,0.00107627734541893,0.020711437799036503,0.024676626548171043,0.003958221524953842,37,345,1,6,SAT_unsat_identifiable,1,boolean_factorization,exclude_x,exclude_x,0,2403,7470,0,1,0,1,0,0,0,1,1,1,0,0,0.006937764585018158
4,50,10,100,1735198123,3,conj,glucose42,MT19937-RandomState,4.485808312892914e-05,11100000101011101000010111010000110100001011100101101100101101110011000010011000100010110010010101101000100010011110010001010110111111101101000101011100011010010100001010010111011101101100110000010001111010110100001010100000101010100011000110000001101011011001110101011010110111111010111011000010001100000100011011001111010101001000010110010111001000010011000100111101010111100001000101010010000110111111011100110110010110100101011101101100010001101010111011000101011000110101010000000101001110101011,464ccb6bfa066a3eb13974bc48839191d8946bca9d44b630c70021c37d1e22b1,bernoulli,bernoulli|conj|p=0.5|zero=allow_iid|rng=MT19937-RandomState,0.5,allow_iid,0.0010786447674036026,8.337851613759995e-05,0.001628275029361248,0.0010522659868001938,0.018419785425066948,0.022270234301686287,0.0038425642997026443,37,355,1,6,SAT_unsat_identifiable,1,boolean_factorization,exclude_x,exclude_x,0,2423,7492,0,1,0,1,0,0,0,1,1,1,0,0,0.0069516124203801155
4,50,10,100,1735198123,4,conj,glucose42,MT19937-RandomState,4.949979484081268e-05,01010101011000000001111111100100111010000101100101100000000111011111111011001010001101001111011111111110100100111000010101001010111111100001111111010111110100101001111010010001101000000011000110011100110011110001001011101001010110001011010010011101101110010101110111111010101100110010110011101100110101011011110010100110110110011101000100000110101000001000110100110101101001001111010101111001101010100001100010010110001101110100010101111010100111110110111010110011110000010000010010001111101010000100,dbb3d26f55ba799bbb42fd81352642286caa801a83386f474c466f599f0490d1,bernoulli,bernoulli|conj|p=0.5|zero=allow_iid|rng=MT19937-RandomState,0.5,allow_iid,0.0010761022567749023,8.880719542503357e-05,0.0015935208648443222,0.0010567214339971542,0.019145567901432514,0.0229727691039443,0.0038151517510414124,36,309,1,6,SAT_unsat_identifiable,1,boolean_factorization,exclude_x,exclude_x,0,2454,7392,0,1,0,1,0,0,0,1,1,1,0,0,0.006663378328084946
4,50,10,100,1735198123,5,conj,glucose42,MT19937-RandomState,4.413444548845291e-05,00101011101010111001010000000000000101100011110110011110111010000110101011010111101011001011010011011011010010011010110111010111111000111110000000100011000010010010010011011100101100011110110011101011110101101110100101000110010101000111110100110101100111101001111111111111001100100101110100010111100110000100001010000010101010111010110000100000111100000101111011011101101000001001011100111011110101111001011001001001101110011110101000011010110111100110010100010000111110111110011011110111001110011011,463ecf1f45bf1dd0ae44ac16c012ed5747bec636b75e8acf684acd7aa4747095,bernoulli,bernoulli|conj|p=0.5|zero=allow_iid|rng=MT19937-RandomState,0.5,allow_iid,0.0010852375999093056,8.456595242023468e-05,0.001451142132282257,0.0010648854076862335,0.01178295724093914,0.015475805848836899,0.003685831092298031,33,255,1,6,SAT_unsat_identifiable,1,boolean_factorization,exclude_x,exclude_x,0,2307,6828,0,1,1,0,0,0,0,1,1,1,0,0,0.006167981773614883
4,50,10,100,1735198123,6,conj,glucose42,MT19937-RandomState,4.4626183807849884e-05,11010111000001110001101010000011000010000101101011001101001000000010011000000111110000000110110101100000101001111101111000011110100111000101001100011001111100010111001111110111101011010111000010110101001111110111000010111110110001100001010010101111010111010010000111000000000001001110100101000101000010111101010011100011111101111000111110010011101101101011111100011000110011101001101110111001001111100100100010100101001101000001100000000000111000000110001010010010010010000001101100100111110010111010,723bb752b6c45c8d0cf5a362a7f0a06a70ffffb79b111dd128a11e50d0ea98e7,bernoulli,bernoulli|conj|p=0.5|zero=allow_iid|rng=MT19937-RandomState,0.5,allow_iid,0.001004575751721859,8.383207023143768e-05,0.0014311699196696281,0.0010558916255831718,0.010960021056234837,0.014542772434651852,0.0035754693672060966,32,350,1,6,SAT_unsat_identifiable,1,boolean_factorization,exclude_x,exclude_x,0,2008,6365,0,1,1,0,1,0,0,1,1,1,0,0,0.006467399187386036
4,50,10,100,1735198123,7,conj,glucose42,MT19937-RandomState,4.669930785894394e-05,00000001100100111101000011110101111110100011111101000011111001000110010110110011110111101110100110001011101001001100100010001000001011001110110010110101010011100100110111010101000000001101110110111111101100011101110000110001011111110010110001110001011001001010000101000011010111011110010001101101110100011101001000100011100011100100100101001010100100000011101111000110100010101101011010100010010000000011010110110001001000000101100110010001110000010100111101011110110000110101001011001111111010101100,b1149a5310ece3ea54fdac8a77e156e8b1489c1a89d3688c65767603fb2ead28,bernoulli,bernoulli|conj|p=0.5|zero=allow_iid|rng=MT19937-RandomState,0.5,allow_iid,0.0011066263541579247,9.303074330091476e-05,0.0017514405772089958,0.0010602129623293877,0.016739873215556145,0.0207599475979805,0.004011310636997223,40,360,1,6,SAT_unsat_identifiable,1,boolean_factorization,exclude_x,exclude_x,0,2660,8155,0,1,0,1,0,0,0,1,1,1,0,0,0.007217997685074806
4,50,10,100,1735198123,8,conj,glucose42,MT19937-RandomState,4.3274834752082825e-05,11011000011100010111110010010001100110011000001000101000111001101100111111100011110011101010011111001110000011011100110101101101010010010000100001110100110010010010101001111011010011100011101101010101110100010000000101110101101100001110111100100000101010001000010101000100000111110110010011001010010011011111101010111111000010010000111000010010110101110011111100001001100100011111001011100011001010110111000110110100010100111000000110000001100011110111111010011010111111110110001111000100101010100010,c62cfb0732466f912e7b06ef12d5cfe108bfe319375995666895435f81b5e177,bernoulli,bernoulli|conj|p=0.5|zero=allow_iid|rng=MT19937-RandomState,0.5,allow_iid,0.001094677485525608,8.251797407865524e-05,0.0016379132866859436,0.0010537663474678993,0.019190816208720207,0.023065940476953983,0.0038688750937581062,37,338,1,6,SAT_unsat_identifiable,1,boolean_factorization,exclude_x,exclude_x,0,2413,7481,0,1,0,1,0,0,0,1,1,1,0,0,0.006870375946164131
4,50,10,100,1735198123,9,conj,glucose42,MT19937-RandomState,4.152487963438034e-05,00100100110000101010111011110010000011101000100101000100101111110100111001100111010101110010001101010110010101110010010111101011001000001010001101100011110100000011010001100001010110001110110001101110101110111100101100101001100110100110101011110000001111010001010110011011001001110000010001100010100010010000101000100100101101001000101000111101010101110100100011000001001000011001011111101000111011000101001111110101000011111101111001111000110011111011110000101111100110010110011000000100111111100111,53d3194a5e97964162b137ebc9dcd448553fc024e1d8c0ac0a42cbd7cf3943aa,bernoulli,bernoulli|conj|p=0.5|zero=allow_iid|rng=MT19937-RandomState,0.5,allow_iid,0.001104036346077919,7.967185229063034e-05,0.0015198411419987679,0.0010530436411499977,0.011361897923052311,0.015124360099434853,0.003756592981517315,34,283,1,6,SAT_unsat_identifiable,1,boolean_factorization,exclude_x,exclude_x,0,2236,6884,0,1,0,1,0,0,0,1,1,1,0,0,0.006370058283209801
4,50,10,100,1735198123,10,conj,glucose42,MT19937-RandomState,5.4681673645973206e-05,01100001011100001001010000010010001011101110101110011011111100011001010001110101100001111011100111101001010000110000101101010110100101110101100001111100110101101100011101110011100010110001011010001111010011100100101111110110110010111101111111011000001110110010011111101111000100111110010100000010111110011111110111001000001111110011000110010000000011101010111100011000000011011011111110110000111001000010110111011010100111101111100100011111110110001010010100110100111101001101111000110110010111111101,831ca9a74bbf21aec3d6f0862b82dad8571cd6f75a717fe9698f51f23011a38a,bernoulli,bernoulli|conj|p=0.5|zero=allow_iid|rng=MT19937-RandomState,0.5,allow_iid,0.0010304898023605347,8.650589734315872e-05,0.0014743553474545479,0.0010672304779291153,0.01678103767335415,0.02044587954878807,0.0036585815250873566,33,276,1,6,SAT_unsat_identifiable,1,boolean_factorization,exclude_x,exclude_x,0,2287,6806,0,1,0,1,0,0,0,1,1,1,0,0,0.006241397000849247
4,50,10,100,1735198123,11,conj,glucose42,MT19937-RandomState,4.872027784585953e-05,11100100111111110000010011000011110111100111101111110001101100010010000111000001000101000110110101000010101110100010011000101101000100000100000111011001111000110110101010011011010111001001101101100001111000010011101000100110000011100010110011010000100110000010111001101010110001100001111010001001100101011100101000110000100111101000111000100111101101001101010101000010011010010101110100010011010011110111100110110011000100101111111101010111010101100011100110101100010100001001101110110101100101010111,7edff3dd81dbc5788593752a7d497b547cbf8b48b957a993e5498b152d3897b3,bernoulli,bernoulli|conj|p=0.5|zero=allow_iid|rng=MT19937-RandomState,0.5,allow_iid,0.0010546576231718063,9.231828153133392e-05,0.0017107175663113594,0.0010507935658097267,0.03044247906655073,0.03435874078422785,0.003908487036824226,39,350,1,6,SAT_unsat_identifiable,1,boolean_factorization,exclude_x,exclude_x,0,2591,7945,0,1,0,1,0,0,0,1,1,1,0,0,0.007073488086462021
4,50,10,100,1735198123,12,conj,glucose42,MT19937-RandomState,4.587322473526001e-05,01100101110000101110101001011111000101100111100100111010011001001001010001111000111101001001110010100000000110001101000000000011101101101101001001011010100101111110011000110001101010001111100101101001010010111010010000100011000110001111001111111111000111110011000110011000111001000101001101010111110001000010100011011101111011001001010100100001010001100110111001010100001000100011011110000010101100111000111010100111100000011111101001010101101001101000111111100111100011101010101110010011000100101001,0280f1b18ad170c7627f421d79e5ba3b4b176335a162225d55b36ca8111ea63a,bernoulli,bernoulli|conj|p=0.5|zero=allow_iid|rng=MT19937-RandomState,0.5,allow_iid,0.0010686656460165977,8.989684283733368e-05,0.001707928255200386,0.0010513225570321083,0.015036968514323235,0.018961035646498203,0.003917813301086426,39,305,1,6,SAT_unsat_identifiable,1,boolean_factorization,exclude_x,exclude_x,0,2621,7978,0,1,0,1,0,0,0,1,1,1,0,0,0.0068519338965415955
4,50,10,100,1735198123,13,conj,glucose42,MT19937-RandomState,4.514865577220917e-05,00011100101011110100000101101100000110111000010001111010101000111111011000100001111010101111010110000110110000110110010001100000111001011011111011001110111110000101000100100100110111010100111100001100000010111101111110011100011111011010110000011100010110010111010000001011010111101001001011101111100011011011100110001000110010101001101010110011100001010111010010111010001001111000100011001010100001101110001001111011100010010000000010111100010111111100110010101011111100001010000010001000011011010001,47337539b4a021468539497ba573eea50021b7444484da5c7c5aae59c82469e2,bernoulli,bernoulli|conj|p=0.5|zero=allow_iid|rng=MT19937-RandomState,0.5,allow_iid,0.0010218294337391853,8.473265916109085e-05,0.001513405703008175,0.0010664695873856544,0.03955333027988672,0.04324611835181713,0.0036864373832941055,34,340,1,6,SAT_unsat_identifiable,1,boolean_factorization,exclude_x,exclude_x,0,2206,6851,0,1,0,1,0,0,0,1,1,1,0,0,0.006669098511338234
4,50,10,100,1735198123,14,conj,glucose42,MT19937-RandomState,4.318077117204666e-05,10101110001000100101111100100011100011010010000110101001010000110110000100000100000001001011110110110110110111101011011001001101010001011010001011000000000011100111001111000101100100111111101111101111111011110101001011000100111101110101111001111000111101100110000000111101011001000100111000111101100010011100100110001101100000001110010001111010000000000111111110001011000111011011110011100111001011011101000011000011010100101111100011010000100010100101001111011010111000011010010111110101010000111100,f42cb2c4a3840cbf32a224a6dbb46d03175abfe1bc502748d3538cf5d315c9d7,bernoulli,bernoulli|conj|p=0.5|zero=allow_iid|rng=MT19937-RandomState,0.5,allow_iid,0.0010528545826673508,7.886718958616257e-05,0.001519576646387577,0.001051783561706543,0.01296207308769226,0.016671315766870975,0.0037030819803476334,34,365,1,6,SAT_unsat_identifiable,1,boolean_factorization,exclude_x,exclude_x,0,2226,6873,0,1,0,1,0,0,0,1,1,1,0,0,0.006745855323970318
4,50,10,100,1735198123,15,conj,glucose42,MT19937-RandomState,4.362035542726517e-05,00010111011110101010111111010111101101001101010010000111010111101011110110011111110100100111101110001011111011101100001101000111110010010010111011101001110011101011010111001111101101000111100011011011001101011110000101110101000010001001110001100000010011100100000111110011100001000011000011010110100110011101010100011100100110101000110001100111110111000100000001001001100010111011011101101100010001110000000111010101001101011101101101100000001111111000010010110010000011110001010110011011001001110001,75bab29a5fb059f10c8aaba897fac4dd989e449b82e893502afb03e2a884a212,bernoulli,bernoulli|conj|p=0.5|zero=allow_iid|rng=MT19937-RandomState,0.5,allow_iid,0.0010172827169299126,8.116848766803741e-05,0.0015170983970165253,0.001058291643857956,0.014186023734509945,0.0178659800440073,0.003673841245472431,34,284,1,6,SAT_unsat_identifiable,1,boolean_factorization,exclude_x,exclude_x,0,2286,6939,0,1,1,0,0,0,0,1,1,1,0,0,0.006372014991939068
4,50,10,100,1735198123,16,conj,glucose42,MT19937-RandomState,4.3330714106559753e-05,00000111001100000011000111011110110001000010010111101000100101111111010001011000000110010100000100110100010001010111101010011001110100111100010100010010010101110000000010001100110000100110011110000100010011011011100111000011100110000011001011101101010010010011101011100010111011010101010010111000011101100100011110010001001100111110010100010011010100010101110001111011100100010000010100100101000000111111011100110011010101011111001010011000100110111011001001000111011001001001001111011100000011010011,80bccb9bdaf83b9b1f76f773e39c09f158f1d571fc5edea818063061423380e2,bernoulli,bernoulli|conj|p=0.5|zero=allow_iid|rng=MT19937-RandomState,0.5,allow_iid,0.0010611079633235931,8.548051118850708e-05,0.0015904707834124565,0.0010478934273123741,0.010040110908448696,0.013830813579261303,0.003784952685236931,36,358,1,6,SAT_unsat_identifiable,1,boolean_factorization,exclude_x,exclude_x,0,2264,7183,0,1,1,0,0,0,0,1,1,1,0,0,0.006795443594455719
4,50,10,100,1735198123,17,conj,glucose42,MT19937-RandomState,4.6963803470134735e-05,01000001010110101101011100011101011011100100110010011101001101011101111110000111000010010001000000010000110001000101010111110100110100001111110011010100001000011100101111010000001001111001001110110010111100111001010101110010101110000111101101001011010110111110001000000110101111011110100000110001101011001010101011011010001111010010001010101010101100000011010101000100110100110010101001000001101111001000111001101000000010100000000011111001000011010111111010010111000110011000101100101010000011111111,24f3448e6c644d6bf8abe10b162558f7a39df0ed3e7d5d250d61ee476a9c6fab,bernoulli,bernoulli|conj|p=0.5|zero=allow_iid|rng=MT19937-RandomState,0.5,allow_iid,0.001033211126923561,7.970817387104034e-05,0.0014719730243086815,0.0010357284918427467,0.01094258576631546,0.014568805694580078,0.0036206208169460297,33,281,1,6,SAT_unsat_identifiable,1,boolean_factorization,exclude_x,exclude_x,0,2177,6685,0,1,0,1,0,0,0,1,1,1,0,0,0.006305123679339886
4,50,10,100,1735198123,18,conj,glucose42,MT19937-RandomState,4.138238728046417e-05,01011001011000011100011001110000010111000101100001011110100011000001010111001011000111011011000111011100010010101000010010010100001101010011110001111010011001010000111100011110110110010101101110111011101101001111100011001110101110000011011100111101010001111100101101001000100111111011111010111111000110001011000101101111101011111100100000001111000000011101101010101001010010111101001100100111010101111111100011001111101110010100100101010110100100101011000010101010011010100111101100000110111100000000,70909cff87846979252b515acccdd06bea184862ef77e94477bb4d69368ad4f7,bernoulli,bernoulli|conj|p=0.5|zero=allow_iid|rng=MT19937-RandomState,0.5,allow_iid,0.0011178655549883842,9.342283010482788e-05,0.0017997147515416145,0.0010598264634609222,0.040117078460752964,0.04419484734535217,0.004070829600095749,41,272,1,6,SAT_unsat_identifiable,1,boolean_factorization,exclude_x,exclude_x,0,2889,8541,0,1,1,0,0,0,0,1,1,1,0,0,0.006954288110136986
4,50,10,100,1735198123,19,conj,glucose42,MT19937-RandomState,4.348158836364746e-05,10100111010001011111011110000100100100100011100110100010111001000011010011000001110010010110001110010110011111100110010011101100000110111011100110101110011010001100001100101111000001011100111101001011100001001010100011110110110001110011010011101001001101011011111000101010100100001101010001110110011100101010010110000011110000010001100100110100001011110010011000110100100110001111110111010110101100011011010101010101000000111000011110111101100010001010011111011111100000101101011100001101010101101011,5afcc662572b0b2c272abc6202c59c474e9f0be185b40f1ed42c8831378ba849,bernoulli,bernoulli|conj|p=0.5|zero=allow_iid|rng=MT19937-RandomState,0.5,allow_iid,0.0010564625263214111,8.42725858092308e-05,0.0017081620171666145,0.0010602157562971115,0.042621281929314137,0.04653892945498228,0.003909112885594368,39,317,1,6,SAT_unsat_identifiable,1,boolean_factorization,exclude_x,exclude_x,0,2631,7989,0,1,0,1,0,0,0,1,1,1,0,0,0.006978191435337067
4,50,10,100,1735198123,20,conj,glucose42,MT19937-RandomState,7.467437535524368e-05,01001110011001100100010001001010101010111111001100010000000111001111011010101010100001000111111110100000111010110000100111100000110010010100000011111101110100000110110011000000100100010100000010110001100101100000000001111110001010010100100000101100011101011000000000111011001101011001111011110111010011110110101111100101011101001101000100010101000101111010110010001111100101011001100001101110010000000001110110001100101010010101000110010110110100100101010011010100111111101101111101001001110000010100,cbd76138fa61a55965b1b3e30945b3594bcc5c6b45ec9925af28f4a715825537,bernoulli,bernoulli|conj|p=0.5|zero=allow_iid|rng=MT19937-RandomState,0.5,allow_iid,0.0010636914521455765,9.510759264230728e-05,0.001482042483985424,0.0010560844093561172,0.011569228023290634,0.015274275094270706,0.003696925938129425,33,385,1,6,SAT_unsat_identifiable,1,boolean_factorization,exclude_x,exclude_x,0,2077,6575,0,1,0,1,0,0,0,1,1,1,0,0,0.006814947351813316
4,50,10,100,1735198123,21,conj,glucose42,MT19937-RandomState,5.007162690162659e-05,10101100001010111100000000101101010011000110010001110000100100000101111110111110010001011011101101101010100101001011110110111101001101110100010111000111101110001001101101011101100110000000100011010101000011110000101100001101100110110111011101110010011000001001001001110010100000111010111000101001100100001010010110100011011010010010011001110001111101101101100010011100010110011111001101101010000111110000101100001110111110000010111111110101010110001001110001110010011000000110001100000000101111101000,b454bb2697835f47cffffaef848c591e1a82a84bbb8484ebde259d8224bf433c,bernoulli,bernoulli|conj|p=0.5|zero=allow_iid|rng=MT19937-RandomState,0.5,allow_iid,0.0011523012071847916,8.626468479633331e-05,0.0016748346388339996,0.0010544154793024063,0.011692614294588566,0.01566838938742876,0.003967816010117531,38,330,1,6,SAT_unsat_identifiable,1,boolean_factorization,exclude_x,exclude_x,0,2522,7735,0,1,1,0,0,0,0,1,1,1,0,0,0.007016933523118496
4,50,10,100,1735198123,22,conj,glucose42,MT19937-RandomState,5.0399452447891235e-05,01011001101000101101000100001100110111001001011110010001101001110001101110110010001110101011111011000110100100011110001111110111110000110111101101010111100100101000111000100111111101100100001001111010011001000101101001011101011011111111001011011111001110001011100001101011010000011100101110101110001010011110000110110111110101010011110000101110111110101110110111011110110110011101001011010101010101000100001111101011000010101011011001111101000001101000000000011001111011010010111110110110001011100100,2079e28c37e6ae22fc29414293c1404aa18d58a462b83dbce3fd772f9d7827b5,bernoulli,bernoulli|conj|p=0.5|zero=allow_iid|rng=MT19937-RandomState,0.5,allow_iid,0.0010957075282931328,8.240062743425369e-05,0.0015455679967999458,0.0010506920516490936,0.013475229032337666,0.017257665283977985,0.003774368204176426,35,261,1,6,SAT_unsat_identifiable,1,boolean_factorization,exclude_x,exclude_x,0,2445,7248,0,1,1,0,0,0,0,1,1,1,0,0,0.006537908688187599
4,50,10,100,1735198123,23,conj,glucose42,MT19937-RandomState,5.384068936109543e-05,11001111100011000111000101001111000000011110101011111001100100100100011000011100000100010111011010110001111110000001101001000011010101011011010100000111110110101111010000000010001110110100110000111110010010000011111101010111001011000010100110101000000101011100100100110011010100001001010000011111000100011010011110111010011000111110111100001111000101101110010110000110110001101000001100111010101000000000001000100100110101001010000100001111111101011101101010110010101001100110111001000111010111110101,adfeebd7544151fbd43dd822e7104bdbd70bed3e36e94d3fd5ec6586c5fc3023,bernoulli,bernoulli|conj|p=0.5|zero=allow_iid|rng=MT19937-RandomState,0.5,allow_iid,0.001048896461725235,7.693655788898468e-05,0.0013533299788832664,0.001054098829627037,0.011786322109401226,0.015328237786889076,0.003533261828124523,30,353,1,6,SAT_unsat_identifiable,1,boolean_factorization,exclude_x,exclude_x,0,1880,5956,0,1,1,0,0,0,0,1,1,1,0,0,0.00635682325810194
4,50,10,100,1735198123,24,conj,glucose42,MT19937-RandomState,4.9048103392124176e-05,00100101011111101001010101111010011001111000010111110011110010101110101100101010011000011100011111001101001011110100001111001100110000010000011100110000101100111010110111010001100100000010011110110001010010010100110110111000000001010001001101101010011110101101000110001010100110011001001010010111000010011001000010001110110011000011101001100010100101010010101011000100001100010011000101110101100100101000111011101010001000101100101101010001111011011101111100010111001101100111100001010011101100001111,50dd17fa087de2c83f2d72d9321b753ce7c6af96bd18b0d219f8e397bbbbf02c,bernoulli,bernoulli|conj|p=0.5|zero=allow_iid|rng=MT19937-RandomState,0.5,allow_iid,0.0011646738275885582,8.820276707410812e-05,0.0017944294959306717,0.00106134545058012,0.018066308461129665,0.022183180786669254,0.004108651541173458,41,350,1,6,SAT_unsat_identifiable,1,boolean_factorization,exclude_x,exclude_x,0,2749,8387,0,1,1,0,0,0,0,1,1,1,0,0,0.007358175702393055
4,50,10,100,1735198123,25,conj,glucose42,MT19937-RandomState,5.146488547325134e-05,11110111101010110100111000111000100001110011101001110001101011110011010101101111000001000101100100000000010111100001010110010000111101000101110010111000000001001010000111100110011000100010011101001010010011100100111100010011000100110000011100111001110010001001000010001110011110111000110001100110110101100111011010100000000111011111010001111010110010110010111110110111010100010011010100000000010100111001000101101000011101110100011101111000011010010110101100101010110011010010000100110111100111100011,f7c0f03e05fb1e4475a916e2a71ec722b394e5a85c44037bb1f4d451911af1c6,bernoulli,bernoulli|conj|p=0.5|zero=allow_iid|rng=MT19937-RandomState,0.5,allow_iid,0.0010151257738471031,8.933711796998978e-05,0.001595309004187584,0.0010501500219106674,0.010251550935208797,0.01400972343981266,0.0037499219179153442,36,343,1,6,SAT_unsat_identifiable,1,boolean_factorization,exclude_x,exclude_x,0,2384,7315,0,1,1,0,0,0,0,1,1,1,0,0,0.0069341110065579414
4,50,10,100,1735198123,26,conj,glucose42,MT19937-RandomState,4.935171455144882e-05,11001111001010011000001101001101000000111001001100111111001000110110010110111000011100100011000110001001111011001001101100111110110111001111110111010111001010001100111111111001101000011010110100011000000010000110010111100111110000100101001011011111000101011000100011001010001001100101101110011110010011110110101001110000011101100101101110100001101101110010110000110101100101011001000101111001001010001011110110011100011010101011100110100101010111110001111000100110100001100100011010011010100010110100,f83b02ed9a517e8a22c34da9d78ba3700181e467d981b06bb827eff448e27fd0,bernoulli,bernoulli|conj|p=0.5|zero=allow_iid|rng=MT19937-RandomState,0.5,allow_iid,0.0011296151205897331,8.716247975826263e-05,0.0016924124211072922,0.0010666977614164352,0.0717794531956315,0.07576486002653837,0.003975887782871723,39,296,1,6,SAT_unsat_identifiable,1,boolean_factorization,exclude_x,exclude_x,0,2641,8000,0,1,0,1,0,0,0,1,1,1,0,0,0.006910338997840881
4,50,10,100,1735198123,27,conj,glucose42,MT19937-RandomState,4.810746759176254e-05,11000101010110011000100100001110001010000100000010101000011100101100011111110010000001101000101100001100100001000100000001100001010001000000010010110111001110111000001101010000001100011010001001111011011000001110010101000010111000100010111101011010111110100100111111111111100011011001110111111111111101101101100101111000110010011101111010001110111011111100110011000111101010001111111110111111100111000001001011010110010100101101100000001011100001110111000001000101010001000110111111110110101000011001,0ae8664515ffac256490b7eac7ec40f50892e341be96b83b94ff15c7a405fa9f,bernoulli,bernoulli|conj|p=0.5|zero=allow_iid|rng=MT19937-RandomState,0.5,allow_iid,0.001067478209733963,7.881131023168564e-05,0.0014779726043343544,0.0010452428832650185,0.019603177905082703,0.023280220106244087,0.0036695050075650215,33,341,1,6,SAT_unsat_identifiable,1,boolean_factorization,exclude_x,exclude_x,0,2137,6641,0,1,1,0,0,0,0,1,1,1,0,0,0.006589303724467754
4,50,10,100,1735198123,28,conj,glucose42,MT19937-RandomState,5.0147995352745056e-05,11010100101111011001001000001100100001111000110111111111001101001010010110001001101001010000100010100100111110101010110110111100100011110000010000010010001100110000101010100101100101110001011010111101111011110000010101011101100000100110011010100010011010001111000000010100111100011000110001000011011110010100101111111101011110111111010001100001001011010000001110110110000011111111011010111110111000000011001111110001111101110110011101010011000100010111110010111000110110111010110011010001101000000010,b02c5ea10c9956f5b492b010bc32963373a1993762e1dc6573f53bd84ef3e901,bernoulli,bernoulli|conj|p=0.5|zero=allow_iid|rng=MT19937-RandomState,0.5,allow_iid,0.0010673310607671738,7.857009768486023e-05,0.0014937743544578552,0.001058744266629219,0.01673854235559702,0.020444389432668686,0.0036984197795391083,33,338,1,6,SAT_unsat_identifiable,1,boolean_factorization,exclude_x,exclude_x,0,2137,6641,0,1,0,1,0,0,0,1,1,1,0,0,0.006538844667375088
4,50,10,100,1735198123,29,conj,glucose42,MT19937-RandomState,4.8500485718250275e-05,01101111011111010011000011011011010100110001011101101010100000111111100000101001001101100011001011011101010110100100110000011001101001000000010011011101001010110100000011000111000100110101001010110011011100110011001111001001001111010001000011011011111010101011101100100001001101100011000001000010000000011111001001111000011011010101000010010011111011000010111000001010101000111110000100110100110100000110110000001000001111101011011000101100011001011011111100010110000110110010000101011110000011100110,807c4bcdd4d954cabc2ce176caef4d511bc6b3ca1ae6f7e4a579f7db64903943,bernoulli,bernoulli|conj|p=0.5|zero=allow_iid|rng=MT19937-RandomState,0.5,allow_iid,0.0011214567348361015,8.594058454036713e-05,0.0015123393386602402,0.0010484475642442703,0.009672271087765694,0.013447803445160389,0.003768184222280979,34,392,1,6,SAT_unsat_identifiable,1,boolean_factorization,exclude_x,exclude_x,0,2106,6741,0,1,1,0,0,0,0,1,1,1,0,0,0.006813253276050091
4,50,10,100,1735198123,30,conj,glucose42,MT19937-RandomState,8.651521056890488e-05,10110110100000100100011010011101001101001111111101110011101011010001111000000001010011111101000111010000111111000011100101000111101011010000100101000110101011110101111000101110101010010100001001011000100101001110111101010000001111100101111001100111111011010011010001100110000010111010000101000010111110100000010001100001100011011010011110001001000000111000111011010010011110000000000101000010010110110010110000000000010000100101001001110010001110111010001111110100110111101011111110100000110011110111,e586bbd1bcdeeb2c280fb56fb3d5f7a6d5e469cbf110e8572adebbf33e261704,bernoulli,bernoulli|conj|p=0.5|zero=allow_iid|rng=MT19937-RandomState,0.5,allow_iid,0.0010944576933979988,8.76178964972496e-05,0.0015558451414108276,0.0010619834065437317,0.012189977802336216,0.015998991206288338,0.0037999041378498077,35,332,1,6,SAT_unsat_identifiable,1,boolean_factorization,exclude_x,exclude_x,0,2285,7072,0,1,1,0,0,0,0,1,1,1,0,0,0.006824535317718983
4,50,10,100,1735198123,31,conj,glucose42,MT19937-RandomState,4.8432499170303345e-05,00101011101110010100111001010100010000100000000010101001001010011001101110110111010100001010000100001000000100001000011010100111011111100101101010110101010000001011101101100011000000110010010110001101100010111100111100011100100010100001110001000000011110010110111001101011110010100100010011100110000100011001101001010000101110011000000011000100000011011001001111000001111100011011101110010100111101001010000000101011110000111100011001111000010001010110010000111101000000010011110001010011000101111001,8d83f57ec8b5fdbd5131668072482f607158991660fc783e3986565014ff5244,bernoulli,bernoulli|conj|p=0.5|zero=allow_iid|rng=MT19937-RandomState,0.5,allow_iid,0.0010666297748684883,9.486358612775803e-05,0.0015143975615501404,0.0010512741282582283,0.011598826386034489,0.01533414050936699,0.003727165050804615,34,410,1,6,SAT_unsat_identifiable,1,boolean_factorization,exclude_x,exclude_x,0,2116,6752,0,1,1,0,0,0,0,1,1,1,0,0,0.006892465986311436
4,50,10,100,1735198123,32,conj,glucose42,MT19937-RandomState,5.073379725217819e-05,00111010010001101010100110100000111001111000111111110101100100101011100101000011111000110000001000011000010111101011011100000110010000101010111100100111001011110011100001101010110010111001011011000110100011010101010000111101100011101000111100001001110000110110101100110000110111101110011001011100010011011100100111110111010010100110101001110101011111011001011011110000000011110110100110001001100110010110001110001011110011011111011001101100000111100110000011001100100101000110000000010111100101011001,ba5409be484275c08496ff33a98c77154b3eb870cd50fc4066a3dc433a4508f1,bernoulli,bernoulli|conj|p=0.5|zero=allow_iid|rng=MT19937-RandomState,0.5,allow_iid,0.0010215630754828453,9.08123329281807e-05,0.0016658967360854149,0.001051045022904873,0.015076957643032074,0.018914591521024704,0.0038293171674013138,38,280,1,6,SAT_unsat_identifiable,1,boolean_factorization,exclude_x,exclude_x,0,2602,7823,0,1,0,1,0,0,0,1,1,1,0,0,0.00678417831659317
4,50,10,100,1735198123,33,conj,glucose42,MT19937-RandomState,5.109421908855438e-05,00101100011101001010100100001010110110111111000101110101110101011101101111100100001010000011101000111100110111001010100011100111100100111110000110100001011010111000010011010010001011001011100011001100110000110001111100010100001001011001000101000000001101101110010011100000011100110000010100100010100100011000011010011011010111110010110000101101100001000111100101100011010001000001101011011001011111110110010000010111110010111101010010110100101100100011110000101000001111010100100110010001101101111010,65c85419e4f92f9c4a77376919eb01a2af6831acc101bfec23da6cc00d0281bc,bernoulli,bernoulli|conj|p=0.5|zero=allow_iid|rng=MT19937-RandomState,0.5,allow_iid,0.0010309582576155663,8.810125291347504e-05,0.0015542497858405113,0.0010522222146391869,0.013687404803931713,0.017422513104975224,0.0037255315110087395,35,367,1,6,SAT_unsat_identifiable,1,boolean_factorization,exclude_x,exclude_x,0,2245,7028,0,1,1,0,0,0,0,1,1,1,0,0,0.006970700807869434
4,50,10,100,1735198123,34,conj,glucose42,MT19937-RandomState,4.802551120519638e-05,00011110000001111110100010010011100001101101101111111000001111011110111100000010010101100011001001110011111101011111101000010100010011010000011000111011110100010011010111000011101101100100001101011111001011001001110101010101100001111001001111101011010001100011011001000111010101011010011110100010001101001001100010110010111010101001110001011111000001011101101010000011011011011111100101011001111101100010010110001000001110001011001010110111101100110100110010110011110101001000110110010010101001101101,f3709fe620293881c6e3eddd0156049b9594ae810dc458788695e0ee7a0538e0,bernoulli,bernoulli|conj|p=0.5|zero=allow_iid|rng=MT19937-RandomState,0.5,allow_iid,0.0010577347129583359,8.749868720769882e-05,0.0015612849965691566,0.0010527297854423523,0.0336568308994174,0.037423945032060146,0.0037592481821775436,35,303,1,6,SAT_unsat_identifiable,1,boolean_factorization,exclude_x,exclude_x,0,2365,7160,0,1,0,1,0,0,0,1,1,1,0,0,0.006673007272183895
4,50,10,100,1735198123,35,conj,glucose42,MT19937-RandomState,4.917941987514496e-05,10001101001011101010101101010011001101101001100011111000101110101100101111100000100011110011000001111110100110001111010000100001000000100001001110000001010011001111110100100010111001100101110101010100100101010101101101101010111111111100001001100101101111101100011011010000101000001100001010000110001111011001010101001101010110100111000000001110100110010101110100111100000111101000111111011011100110100011001101010010101110010110000001110000100110010010011011000010111011100001101100011001000101110101,1c4bb0f23b6d1058307c884fc254c3cfb3790bf9697b61374dcc47dec7e03169,bernoulli,bernoulli|conj|p=0.5|zero=allow_iid|rng=MT19937-RandomState,0.5,allow_iid,0.001068253070116043,9.146891534328461e-05,0.00166977196931839,0.0010562632232904434,0.011761805973947048,0.015654699876904488,0.003885757178068161,38,312,1,6,SAT_unsat_identifiable,1,boolean_factorization,exclude_x,exclude_x,0,2542,7757,0,1,0,1,0,0,0,1,1,1,0,0,0.006999964825809002
4,50,10,100,1735198123,36,conj,glucose42,MT19937-RandomState,5.0805509090423584e-05,01010100100110011000100110011111000101100011010100101001101111110100110001111100010010110100100111011010101101010111010000100010100101100100001110110010100100011111000010100100111101001100000101000110001010111011101010100001000110001011110110111010001100110011010100000101011110010000011110001001101101100001011010000101001100000011010101001011100001111010111100011010111110010100010101011100011110111001101000101000100010100101011110110110010010101000110111101001000101011010001011001101010101000010,bb48a381cc3f4bc1f48c5e712c27161243c2f1a6870343e309108f48adaaf86c,bernoulli,bernoulli|conj|p=0.5|zero=allow_iid|rng=MT19937-RandomState,0.5,allow_iid,0.001063731499016285,9.155459702014923e-05,0.0017058495432138443,0.001072692684829235,0.04180872440338135,0.0457512466236949,0.0039338283240795135,39,352,1,6,SAT_unsat_identifiable,1,boolean_factorization,exclude_x,exclude_x,0,2601,7956,0,1,0,1,0,0,0,1,1,1,0,0,0.00711103156208992
4,50,10,100,1735198123,37,conj,glucose42,MT19937-RandomState,4.763435572385788e-05,11010100101101111011101000100001001111000010111110101001011000110001011001011000101001010001011000111100100100110011101000011100100100010100001101000001110101101100001111110010001110011011100011001010111100001001010011010010100110110001110110010011110111101101101001111001000111100101111110010011000001001001111111001101011010100101010010100000111111011000011100100010010001101001110010010001000001000010010110010001010010011011111010110100010001001100110100100111001000010100101111111000111010001101,6e416343c0ed6624786bbc94bf6a2d48f528078d472ac214c26ef2788c5a1cb4,bernoulli,bernoulli|conj|p=0.5|zero=allow_iid|rng=MT19937-RandomState,0.5,allow_iid,0.0010507451370358467,8.530821651220322e-05,0.001710427924990654,0.0010479241609573364,0.10385562479496002,0.10775785520672798,0.0038944054394960403,39,331,1,6,SAT_unsat_identifiable,1,boolean_factorization,exclude_x,exclude_x,0,2601,7956,0,1,0,1,0,0,0,1,1,1,0,0,0.006999320350587368
4,50,10,100,1735198123,38,conj,glucose42,MT19937-RandomState,5.1363371312618256e-05,10101011010011111001110000000011101010111111101100111000010010101010110000110000011100111101111010100001100110101000111110110001000001010101001110111110011111100001111000011001100011000010101000111011011100010110110000010001111110010110010000001000111100000100100000100010111110100001101110110000111100001011111110011011000011011110001101001111111000000011111111011110111001110101011101010111001010101101111000001101100100100101101111111011111010011010001001111110000110100101011101110100100110110001,e6463df4488766373444c11c1f0aceccb4dcea3c93dd31d86f3215bd5c28087f,bernoulli,bernoulli|conj|p=0.5|zero=allow_iid|rng=MT19937-RandomState,0.5,allow_iid,0.0011072726920247078,8.493103086948395e-05,0.0016298657283186913,0.0010606572031974792,0.01870144624263048,0.02259240671992302,0.0038827266544103622,37,286,1,6,SAT_unsat_identifiable,1,boolean_factorization,exclude_x,exclude_x,0,2563,7646,0,1,0,1,0,0,0,1,1,1,0,0,0.006753823719918728
4,50,10,100,1735198123,39,conj,glucose42,MT19937-RandomState,5.239900201559067e-05,10110110000101010010110001111111000110000111000011101011101011101111110010100010110000100110100110100001100000010110100100100011110111010010100101001000010111101011111111111011110001000010111000001110110100100110101010111111001000110100000100111011011010100110000011100001010101100000001110011000101000011000110100100110000011100010111110110011010110011111001100001010000100101001000101000111000011011101010000110010000000001111101110001111110001111110011111111001000100101100110010111010011101110111,30e2cc8606c5e9a1be65a7860e8743e52c016076f9a84863f6f9bbbcab958c1d,bernoulli,bernoulli|conj|p=0.5|zero=allow_iid|rng=MT19937-RandomState,0.5,allow_iid,0.0010570883750915527,9.034108370542526e-05,0.00156333576887846,0.0010567409917712212,0.012758364900946617,0.016534453257918358,0.003767506219446659,36,337,1,6,SAT_unsat_identifiable,1,boolean_factorization,exclude_x,exclude_x,0,2334,7260,0,1,0,1,0,0,0,1,1,1,0,0,0.006876377388834953
4,50,10,100,1735198123,40,conj,glucose42,MT19937-RandomState,8.078571408987045e-05,00110000111001100000111001111000001110111011011001010110111101011111110100010110101111111011110101111110011011110100111110101111111000011110010011110010011100111010000011101101010001101010010100111010001101110001100111000000001011001101010111000110101010100111101011010110100011110111110011110111100110111001100010111100001110010011101001100100111111001100110110011010000100011100001110100010111110011001011010001010100111101100101000011010001110100110100100011000111111100111101110110110001011000100,b00d01561a6398a3b1fefa2b1f5776c283b2b63c1fc5d4649682b078926d4ecf,bernoulli,bernoulli|conj|p=0.5|zero=allow_iid|rng=MT19937-RandomState,0.5,allow_iid,0.00111410953104496,9.29664820432663e-05,0.0016702646389603615,0.0010589882731437683,0.03366130869835615,0.037606862373650074,0.003936328925192356,38,218,1,6,SAT_unsat_identifiable,1,boolean_factorization,exclude_x,exclude_x,0,2722,7955,0,1,0,1,0,0,0,1,1,1,0,0,0.00657300278544426
4,50,10,100,1735198123,41,conj,glucose42,MT19937-RandomState,4.981551319360733e-05,00101100011000000100100010100000010101001111101100100110000100100000001101010010111011010101101000001110101010010100001100101110110011100110111110011010100111100011000100101011011101110011101110100000100100110100010010111001110010110100001010111100101110010111101010010001010100100101101111100101001110001001111111100010110000111111000011001001001101001000110100000101011001001000110010000100000011011001001100001111011110000000111101111001110011011000110111111000001101110001001101001101000000111111,c8de58447502a01abf596af1c341618bf3aef1387e056773beca1deecb17b1d9,bernoulli,bernoulli|conj|p=0.5|zero=allow_iid|rng=MT19937-RandomState,0.5,allow_iid,0.001072816550731659,8.778553456068039e-05,0.0015072347596287727,0.0010520163923501968,0.021017396822571754,0.024745876900851727,0.003719853237271309,34,368,1,6,SAT_unsat_identifiable,1,boolean_factorization,exclude_x,exclude_x,0,2206,6851,0,1,1,0,0,0,0,1,1,1,0,0,0.006868258118629456
4,50,10,100,1735198123,42,conj,glucose42,MT19937-RandomState,5.105417221784592e-05,01110110100111101010000000001001110101010000011010110010011111101001000111110111101101101111100000011100111000011001110000011001100001100001001100010001111101010011000111000000110100000001100111011101111111100111100001111111001111000101110010110110100110001110111100010001000010110010011011001010000011111110011100100110001100101111010101110001001111100001011011111011010100000000110010010001011000101100000101110001011010001101111110010010000011101011010001010000111011110110110111000111010101001000,b443ad12c5924a64cae91f04a98ced2178ac6a49c357737420a21f74e90c3063,bernoulli,bernoulli|conj|p=0.5|zero=allow_iid|rng=MT19937-RandomState,0.5,allow_iid,0.0011838003993034363,8.743442595005035e-05,0.0014715930446982384,0.001056397333741188,0.011990089900791645,0.015796734020113945,0.003799225203692913,34,324,1,6,SAT_unsat_identifiable,1,boolean_factorization,exclude_x,exclude_x,0,2166,6807,0,1,1,0,0,0,0,1,1,1,0,0,0.006659515202045441
4,50,10,100,1735198123,43,conj,glucose42,MT19937-RandomState,4.9243681132793427e-05,01100111101101101111101110001001011101100101011100110000010101111011100011110011100000110111100010011011110100000011010000101000110000110100110001010011100111101100111011001101010111110000001111101111110010011011101001011000110010000110100000010101101111000111110000100101100001110011111010011101010010000001000001110010100110101110111010101010001100000001111101010101000000001000101000011000001101101110000100110110000100101001001011000110100100101011010100011011100110101101110110010011010101100100,fba73a093cb43b8d2a999d8adc9fab9bb684ce19487fb7c93a66ddae02f132d4,bernoulli,bernoulli|conj|p=0.5|zero=allow_iid|rng=MT19937-RandomState,0.5,allow_iid,0.0011139465495944023,8.28765332698822e-05,0.0016335025429725647,0.0010462356731295586,0.022043466567993164,0.025928438641130924,0.0038765612989664078,37,322,1,6,SAT_unsat_identifiable,1,boolean_factorization,exclude_x,exclude_x,0,2423,7492,0,1,1,0,0,0,0,1,1,1,0,0,0.006893775425851345
4,50,10,100,1735198123,44,conj,glucose42,MT19937-RandomState,4.871562123298645e-05,00001110001000001101110111000111011101000000011010101100011000100111101001010010010011011010001101101100001110001001110010011000110010000100001111000100011100100111111011111110110110110010110101001110111001101100010001110011101000101010000100000010111011001000001110111001100011110000110111110110101100101011100110110001101111111010000110101110000110001111000110111100011101100101010100010101110111010010011100010111010000110110111001000100000011100111110111110011000110000110001010100101011100010111,08fa5f6e8aff23dc620740d2de11945e6be26ab931f641adb955a3d9b58a4e83,bernoulli,bernoulli|conj|p=0.5|zero=allow_iid|rng=MT19937-RandomState,0.5,allow_iid,0.00107599887996912,8.286908268928528e-05,0.0016357004642486572,0.0010572057217359543,0.016468802466988564,0.020328857004642487,0.003851774148643017,37,303,1,6,SAT_unsat_identifiable,1,boolean_factorization,exclude_x,exclude_x,0,2493,7569,0,1,0,1,0,0,0,1,1,1,0,0,0.006783892400562763
4,50,10,100,1735198123,45,conj,glucose42,MT19937-RandomState,4.861317574977875e-05,11111011111000100000100001011001010110011011111100101001000101111111001111011000110010110001001110101110010000001000110100110111110111010010010100011100000011011110011000110010110100111011000010100011000100101110000010001000111000111101111101011010000111011101101010010100110110101100100111010011000101100100100001111011111100001100011001111110010010001011101110100111111110111000000100101010000001101011000001001101011010101011011000100101101111111001110011111100100001111000100101001101110010111000,7a9b16f0d190b3800f55e552bd5e0f58cd303fc82797968bd84049093c24f087,bernoulli,bernoulli|conj|p=0.5|zero=allow_iid|rng=MT19937-RandomState,0.5,allow_iid,0.001087942160665989,8.609239012002945e-05,0.0015072785317897797,0.0010554865002632141,0.020892785862088203,0.02463798224925995,0.003736799582839012,34,314,1,6,SAT_unsat_identifiable,1,boolean_factorization,exclude_x,exclude_x,0,2226,6873,0,1,0,1,0,0,0,1,1,1,0,0,0.006533627398312092
4,50,10,100,1735198123,46,conj,glucose42,MT19937-RandomState,4.860386252403259e-05,01110101110110001101100001100110000100100110111010001101100110110001111101011011100101000001010010100010000000101101001101100011000110010001100110110011110111000110010010110101100001011010000001100011101101010010011000001000011000101100101010111110111101011111100010001101100100000100100010110010110000110101011100100000000101100110000011010111111011100011011000010000101010000000110100111000000111010001111001011001110001001000101111001000110111001101000000011000101100100101111010111111100011010100,65a7f64a56bff1b78e83c93c529f38b24ad8056d133f0f59f29efe41b668e399,bernoulli,bernoulli|conj|p=0.5|zero=allow_iid|rng=MT19937-RandomState,0.5,allow_iid,0.0010682344436645508,8.014123886823654e-05,0.0015032468363642693,0.0010513188317418098,0.024872003123164177,0.028583441860973835,0.0037029413506388664,34,382,1,6,SAT_unsat_identifiable,1,boolean_factorization,exclude_x,exclude_x,0,2106,6741,0,1,1,0,0,0,0,1,1,1,0,0,0.006923622451722622
4,50,10,100,1735198123,47,conj,glucose42,MT19937-RandomState,5.1575712859630585e-05,10111101011010100101101110100100011001100101111011110110110100111000110010110101100011010010000111100000110001000010111010001011000111010111100011110110011001101011010101001010001111011111100110001010101100000011110101011111011010000011010111000000011011010010011101111110110110001000111111110100111111000101101101001010111000111111111000010111000011111000001111111010100011011000100011010001100110010100101000000100100100111111000010111100110001010011111000101110001101001000010010111011111000001000,36a896a3a75b1aa35cf31df2067198c9d2b7612890c0eb1691aa6fe77288def2,bernoulli,bernoulli|conj|p=0.5|zero=allow_iid|rng=MT19937-RandomState,0.5,allow_iid,0.001060808077454567,8.587632328271866e-05,0.0014993846416473389,0.001056755892932415,0.01948330830782652,0.02319374307990074,0.0037028249353170395,34,316,1,6,SAT_unsat_identifiable,1,boolean_factorization,exclude_x,exclude_x,0,2296,6950,0,1,0,1,0,0,0,1,1,1,0,0,0.006598811596632004
4,50,10,100,1735198123,48,conj,glucose42,MT19937-RandomState,4.707369953393936e-05,11111101110000010110001100101010001000110001001111011011101110110100001110000100011111000111110001010110111111010001000001010111010110110001110101110000110011001001011110010011000111100010011011001100000100000011001110000111011010011001010101010001100111010000100001001101101000010001011111011100000000001011111000110011101110111111011000100111101110001101110010011011011101011111100011110011011010010111100010111111011010111101101100101101001100010110101101100000110010011111000111001100011111111010,338f89d337a38db7bdf1f3e2cdde52e5fd2d508e231f730f1f3cca6517a0fb9d,bernoulli,bernoulli|conj|p=0.5|zero=allow_iid|rng=MT19937-RandomState,0.5,allow_iid,0.0010498818010091782,8.599366992712021e-05,0.0015076780691742897,0.0010510729625821114,0.02393636293709278,0.027637649327516556,0.0036946265026926994,34,276,1,6,SAT_unsat_identifiable,1,boolean_factorization,exclude_x,exclude_x,0,2306,6961,0,1,1,0,0,0,0,1,1,1,0,0,0.006398548372089863
4,50,10,100,1735198123,49,conj,glucose42,MT19937-RandomState,4.731863737106323e-05,11111010110011111110001111101010111001010010011000111111100100100100110000000011101101100010011000000110101001011001000011100011111100000100100110100100000100100110011000000101110101100110010011011001100001101101110011110101011110101010010110011010101010111001100011000100000011011010110011011101000100001110100000011101111111100110000101100101000110101100111000100001110110000001100001000011110011111100100111010101100000011000101000000001010111001111000010011011100000100110001110100100111010011111,046732bf2964d19209e5470386cae4247fea07c2da137cb91bf2122e0425c1f9,bernoulli,bernoulli|conj|p=0.5|zero=allow_iid|rng=MT19937-RandomState,0.5,allow_iid,0.0010921843349933624,7.944554090499878e-05,0.0015115132555365562,0.0010407185181975365,0.010909228585660458,0.014639685861766338,0.003723861649632454,34,363,1,6,SAT_unsat_identifiable,1,boolean_factorization,exclude_x,exclude_x,0,2136,6774,0,1,0,1,0,0,0,1,1,1,0,0,0.006727408617734909
4,50,10,100,1735198123,50,conj,glucose42,MT19937-RandomState,6.508734077215195e-05,11100111110100011010011011100001010011001100001110001110011111111011010011111110111101101010000100101110110110001111111100001101100010110010110101100010101101001010111110100011101110010110001101001100101000111000110101100010110000000010011110111000111001011010001111011110001001010000100010010011001110011110111100000111101100010111101101100001011001001110110101110111111001010111111111000110011100100111011000111000010111010010000000010000101000111011000011010100001000111000010001111101111011011011,1b26af0c6d42a516a641c64ce541c6f08f3e89bda1955783544f92dcf144d37f,bernoulli,bernoulli|conj|p=0.5|zero=allow_iid|rng=MT19937-RandomState,0.5,allow_iid,0.0010181088000535965,9.539071470499039e-05,0.0014660079032182693,0.0010600239038467407,0.010454902425408363,0.014101733453571796,0.003639531321823597,33,250,1,6,SAT_unsat_identifiable,1,boolean_factorization,exclude_x,exclude_x,0,2257,6773,0,1,1,0,0,0,0,1,1,1,0,0,0.0063521768897771835
4,50,10,100,1735198123,51,conj,glucose42,MT19937-RandomState,5.009956657886505e-05,01101011010011011100100011111011001110111111111000111110111001110110011111010000111011011001111000011010011101010000001001101110100101101111100001011010011011001000110011001110011010100111001110110100101010001001110001011100111001010000011001101111111010010110100000111000101110110101111001010000111010101111001011100000111011110010011110101011000010101010101011100011101110100111001010011010010010011100100010111000001000001010101010000100111011111100101011010000001100111011100001011110001000001001,b18a1babe4e346340cc8ce8a60d1cf084f9336c2f3d5886a12acd7267fc1f514,bernoulli,bernoulli|conj|p=0.5|zero=allow_iid|rng=MT19937-RandomState,0.5,allow_iid,0.0011415565386414528,9.012315422296524e-05,0.0016322573646903038,0.0010602865368127823,0.012768665328621864,0.016700136475265026,0.003924223594367504,37,257,1,6,SAT_unsat_identifiable,1,boolean_factorization,exclude_x,exclude_x,0,2563,7646,0,1,0,1,0,0,0,1,1,1,0,0,0.006538130342960358
4,50,10,100,1735198123,52,conj,glucose42,MT19937-RandomState,4.605390131473541e-05,10111110101011110100101101010101110001011001001011010000001101000010101001111011111111000101000001010010110000110010111110010111011111100110111001011010001000110011101101000101101001110101011000100010110110111010000110001010000111010100110101010010111010110001010010100000110010101001011100111001101101001000001100110110101011000110011100000010011001001001110001110100110111011101111110100101001001100101010001010100100010110001011100011001110000000101111100110110000010001110101100010110011010101010,5a52672627b088ebdf95b7cd69b132b3be87645555d96b17acc4fcd45c4de535,bernoulli,bernoulli|conj|p=0.5|zero=allow_iid|rng=MT19937-RandomState,0.5,allow_iid,0.0010211970657110214,8.094403892755508e-05,0.0015482529997825623,0.0010470123961567879,0.02824592310935259,0.0319508695974946,0.0036974065005779266,35,364,1,6,SAT_unsat_identifiable,1,boolean_factorization,exclude_x,exclude_x,0,2295,7083,0,1,0,1,0,0,0,1,1,1,0,0,0.006879863329231739
4,50,10,100,1735198123,53,conj,glucose42,MT19937-RandomState,4.7633424401283264e-05,00000011000010111011001110100000010000100110111010000111100011010111001000000010011000111101011001000011011110011011111101100111101100111010001100000111011111100011010000001010001111101111111110110001101100110001001011001000011100101010111011000001110110001110111011001101000001111010000010011001110010111010010011011101100000110110010110011101011010101000111000101101110000001100111000000101110010011111110110101111010111011110110001010111111111011110100001110110100111000100100000100100110100001001,4366f30cfcef0a4d7ecf090fa7898fa712e113e5fc5e73877dd1ac58f626da29,bernoulli,bernoulli|conj|p=0.5|zero=allow_iid|rng=MT19937-RandomState,0.5,allow_iid,0.0010833228006958961,8.04755836725235e-05,0.0015033548697829247,0.00105182733386755,0.013027790933847427,0.016753090545535088,0.003718980588018894,34,332,1,6,SAT_unsat_identifiable,1,boolean_factorization,exclude_x,exclude_x,0,2256,6906,0,1,0,1,0,0,0,1,1,1,0,0,0.006645600311458111
4,50,10,100,1735198123,54,conj,glucose42,MT19937-RandomState,4.3769367039203644e-05,01010101011010101110000100110110100011101110010010100100001111101101011010110000110101111010110000001101110111100110101001010011000100001101110011100000101101100011100110110111101101011101011101011001001100000101000011011110101100010010001010111000100110110000101101111110101000101000011111010010101100101010010010001011001000010101011110101100101111100010010011010100110000111000101101110101101010101111100000100111001100101000000101111001011011111110100010010001101011001000011001011000100000101111,e6d47910bd27c780afde8ad2e7bb3e994a3fc02fb16ef3a89534b1c68840221a,bernoulli,bernoulli|conj|p=0.5|zero=allow_iid|rng=MT19937-RandomState,0.5,allow_iid,0.001102859154343605,9.281374514102936e-05,0.0017352132126688957,0.0010543139651417732,0.03403498977422714,0.0380269605666399,0.003985200077295303,40,337,1,6,SAT_unsat_identifiable,1,boolean_factorization,exclude_x,exclude_x,0,2690,8188,0,1,0,1,0,0,0,1,1,1,0,0,0.007064570672810078
4,50,10,100,1735198123,55,conj,glucose42,MT19937-RandomState,4.4784508645534515e-05,01110001100001110101111011101110010110001111111100010101110110110100001101010101000101011000110000011000110010101111100111111011100010011010100101000100100000001011000001101100110101011110100010110100000100011100110101010101101111000100101100010011100011000100110101100110111110001000101101010011000000011101101100001011000011010010100001000110000000011010110101001010111100111111100100000000010111011011110001100011101001010001101010000100101010110011000110110000110100101101110101100111110001001100,cba60e2a237bd215b664a93296f44f176ad10fe148a801a254f6f066b6f88477,bernoulli,bernoulli|conj|p=0.5|zero=allow_iid|rng=MT19937-RandomState,0.5,allow_iid,0.001066897064447403,8.053518831729889e-05,0.0015841396525502205,0.0010531758889555931,0.028041845187544823,0.03183389827609062,0.0037847477942705154,36,315,1,6,SAT_unsat_identifiable,1,boolean_factorization,exclude_x,exclude_x,0,2364,7293,0,1,1,0,0,0,0,1,1,1,0,0,0.006674745120108128
4,50,10,100,1735198123,56,conj,glucose42,MT19937-RandomState,4.63901087641716e-05,10110110000010011010001101011011000011100010010010010000011010101001000101110010010111010110000101011110110011101100010100011000001011101110100101010011001110111011001110001110110110000010111111111110011010011100010111001100000011101111000100000000000010100111010011101110111100110100001110000110111101000100101001011111001111101011010010011000011100011110000000101011000101011010010000111001111110011011111101001001101111001001000010101000101101001110100010001110100011100001110110110001100000110100,8aa6be95b4b6ef49ec5a79a6699ee017e2d5292505be56a15928fa13b190d158,bernoulli,bernoulli|conj|p=0.5|zero=allow_iid|rng=MT19937-RandomState,0.5,allow_iid,0.0010193437337875366,8.738134056329727e-05,0.001551884226500988,0.0010657599195837975,0.02194963674992323,0.025680704042315483,0.0037243692204356194,36,311,1,6,SAT_unsat_identifiable,1,boolean_factorization,exclude_x,exclude_x,0,2404,7337,0,1,0,1,1,0,0,1,1,1,0,0,0.006745639257133007
4,50,10,100,1735198123,57,conj,glucose42,MT19937-RandomState,4.378426820039749e-05,10100111111101110011000100010100010110010110111100010000001000011100001010001101101000111101111010100001010110110110000101111100101111011110101111010011101000001000001010111101011000111011001001001010010000001110111010000011001010001001001110111001011100000001111011011010101011010101100101100001101111010101011011101110110011110101001101011101111100110000110110111011101100101111001011100111111110000011010000111000010101001100001000010110101011000001110100110100000000101111010110110001010001111010,7739cc679f9c20718986b8b7e7bc9c3170b26245764c30527b2456e721d248c5,bernoulli,bernoulli|conj|p=0.5|zero=allow_iid|rng=MT19937-RandomState,0.5,allow_iid,0.0010992186143994331,8.886586874723434e-05,0.0016277795657515526,0.0010634846985340118,0.01994622591882944,0.02383220288902521,0.003879348747432232,37,322,1,6,SAT_unsat_identifiable,1,boolean_factorization,exclude_x,exclude_x,0,2463,7536,0,1,1,0,0,0,0,1,1,1,0,0,0.0069305021315813065
4,50,10,100,1735198123,58,conj,glucose42,MT19937-RandomState,4.273839294910431e-05,10101010101100001110001001010011101001011000100100110100001110111001101110101111001111011100000101011010011101001110001111101001101001011101010101100011000111111001110110110101110101101100011001001101011001110100011101000011110010100101010110110111000010101001001010000101011101101001010001000110011101010000100011011110000100111100010100011100000111011101011000100000000110110011001000011000101101111010101100010011111000011110010011111001001001011110000100101101100010010110001100001100110101001100,497c71c6a4fd9bc30d23ff4d32bb24ac062fb52cc39bc29dda186772e71809e6,bernoulli,bernoulli|conj|p=0.5|zero=allow_iid|rng=MT19937-RandomState,0.5,allow_iid,0.0010455027222633362,8.867122232913971e-05,0.0016265027225017548,0.0010488219559192657,0.018324325792491436,0.022140574641525745,0.0038094986230134964,37,317,1,6,SAT_unsat_identifiable,1,boolean_factorization,exclude_x,exclude_x,0,2473,7547,0,1,1,0,0,0,0,1,1,1,0,0,0.006863475777208805
4,50,10,100,1735198123,59,conj,glucose42,MT19937-RandomState,4.428066313266754e-05,11110100101010010010100100110010100000011111111100100010011000000111001111001111000101000001001110011011000011001000111000110010010111101111000010110010000010011111100101110000001111011110100101111111100100001100111111110000100100001011111101100001011000010110110000001110000000110110010100101111110011100101111001001010010111101010101000101000100100110000000100001111011111101001111101101010100000010001101001111110010110001101100010000001100011101001111100011101001100100001010100101100101111011010,4495a9df08e3d5b7f575aa6aaaa628373027cfb19343367601d0d1c86050e082,bernoulli,bernoulli|conj|p=0.5|zero=allow_iid|rng=MT19937-RandomState,0.5,allow_iid,0.000988195650279522,8.434895426034927e-05,0.0014666719362139702,0.0010491563007235527,0.013400150462985039,0.01699484884738922,0.003588372841477394,33,360,1,6,SAT_unsat_identifiable,1,boolean_factorization,exclude_x,exclude_x,0,2077,6575,0,1,0,1,0,0,0,1,1,1,0,0,0.006659951061010361
4,50,10,100,1735198123,60,conj,glucose42,MT19937-RandomState,5.962979048490524e-05,11000011101110000110101110111001001101011000000110001101101110101000111110011011001111011110000101001000001110001000111100101100100010000001100001000100011000000111000000010111100110000010100111000011101000100000010100011000011110000110110011110011111111000000001100001110111011011001110010000110000111000111011001100111000110110101110100111100001011010001100000001010101001111101011111101011000001010000110110001111111100000111011000111110110100010101000011000100111011011111111010011000010111101101,9ade787a1b65fec9eedc90c96448c3409d7cca872094f6428366b087b692bffd,bernoulli,bernoulli|conj|p=0.5|zero=allow_iid|rng=MT19937-RandomState,0.5,allow_iid,0.0010141553357243538,7.7882781624794e-05,0.0013513490557670593,0.0010593561455607414,0.019649370573461056,0.023158368654549122,0.0035027433186769485,30,385,1,6,SAT_unsat_identifiable,1,boolean_factorization,exclude_x,exclude_x,0,1830,5901,0,1,0,1,0,0,0,1,1,1,0,0,0.00654095783829689
4,50,10,100,1735198123,61,conj,glucose42,MT19937-RandomState,4.361197352409363e-05,10111110010010000011000111111000010001101001110110111100100110001010100101100011000000111101010110101001111101101000010011000000101010011000000100001110010111110010110011000101010110101010111011101001101110100101111111111110000011110010101010010011010000010001110100100100100011011000000110101110000111000001111000010101001101111101100000001001000011101010000111011011000111110001111101111011100000111010000111101101100101110110010101111001000001110000101001100100010010110000000001000001110111111111,c2dfb038984c51610cb9bd8b990d7ef8270b4092222143e178079b248e9e930b,bernoulli,bernoulli|conj|p=0.5|zero=allow_iid|rng=MT19937-RandomState,0.5,allow_iid,0.0010373825207352638,8.897483348846436e-05,0.0015817033126950264,0.0010582469403743744,0.02023639716207981,0.024008750915527344,0.003766307607293129,36,358,1,6,SAT_unsat_identifiable,1,boolean_factorization,exclude_x,exclude_x,0,2334,7260,0,1,0,1,0,0,0,1,1,1,0,0,0.006858360022306442
4,50,10,100,1735198123,62,conj,glucose42,MT19937-RandomState,4.647485911846161e-05,00110101001001111011101100100101000110110001011101111101010111100100110001100011011011010001010101100001001011010001101110111001101000010101001110110011110000111111110100101101011000011000011011000101010111010101000110001000101111100011010100011001011000100101110011100110100101010110111110010110110010111001000000101110110011000010100000110101010111100011010111011110000100110010011011011110110011011010111010010001010101001010000111101110110010100100111001000010111101010100011000000011100100001000,ea1811c0f43f463105ad6df80d3d6d0a9c2f94eca35b3b3fc92db3f68605fd54,bernoulli,bernoulli|conj|p=0.5|zero=allow_iid|rng=MT19937-RandomState,0.5,allow_iid,0.0010221963748335838,8.200109004974365e-05,0.0016307840123772621,0.0010519511997699738,0.031844270415604115,0.035637885332107544,0.0037869326770305634,37,266,1,6,SAT_unsat_identifiable,1,boolean_factorization,exclude_x,exclude_x,0,2503,7580,0,1,0,1,0,0,0,1,1,1,0,0,0.006590196862816811
4,50,10,100,1735198123,63,conj,glucose42,MT19937-RandomState,4.6514905989170074e-05,00101111000001111001101000111011001101101111110101010110011110101000010101000001001001010111101001101011000011001101101010111100000110010100001100010000010100100011110101011011111000010110011010011010100000100010011001001011010100101101100010010011101100110101011100101011010101010110101101011001100001101111001111011010100111111000001110100011011011001000011111010001100100110110010010000110111101001010111000111111001011111001101101100000111110100110011111100010100001010001010010010000100001101110,f65e5e66c72cc85fdc0db89493568734fa2c581c8b66a79ee327ed6b5247d324,bernoulli,bernoulli|conj|p=0.5|zero=allow_iid|rng=MT19937-RandomState,0.5,allow_iid,0.0010788794606924057,9.010545909404755e-05,0.0016705263406038284,0.0010567260906100273,0.022949347272515297,0.026852021925151348,0.003896237351000309,38,348,1,6,SAT_unsat_identifiable,1,boolean_factorization,exclude_x,exclude_x,0,2522,7735,0,1,0,1,0,0,0,1,1,1,0,0,0.007042902521789074
4,50,10,100,1735198123,64,conj,glucose42,MT19937-RandomState,4.617124795913696e-05,11011101101110100000101011011011101011110010000110010011011011010010011110000110111101111101110000111100100010010001010100101111101110100101100010110111011101011110011011111000011101011111001110100101011011010100101110111001000110001101010101111101001100110101011011110001101011010100101111000101110000000001010011101001100001000001110101101010011010010001111010001101100000010101111000001110010010000111101100000100011001110011001101110111110001001110010101101010110100011100010000101010001011010101,c3ffe3e3dedbbc7055343412a852a3b0950b46c10e53026730263fbb689c2d4c,bernoulli,bernoulli|conj|p=0.5|zero=allow_iid|rng=MT19937-RandomState,0.5,allow_iid,0.0011320104822516441,9.019952267408371e-05,0.0016637276858091354,0.0010412847623229027,0.014369454234838486,0.018303065560758114,0.003927222453057766,38,290,1,6,SAT_unsat_identifiable,1,boolean_factorization,exclude_x,exclude_x,0,2622,7845,0,1,0,1,0,0,0,1,1,1,0,0,0.006779300048947334
4,50,10,100,1735198123,65,conj,glucose42,MT19937-RandomState,4.229322075843811e-05,10011101010100111000110110110010101100111111000111011000010000110010111100111000000111011000110000001101100011100011100010101111011000011111110000111010100011110010111101111010101001110010000001010111100000010011011011111000101011000110010100101010000111000100010110100101000101000101000001001100101001000010010001111110111010101000000111110001001001111100001011111011100000110101100011010100001110101010110011000000000101011100110101110101001101011101000011010101001110111110001011110101000101011001,cf98cef8064df9240cf7ba720b75c992ebe6c67c2b3af49e8896dd765ac63fd4,bernoulli,bernoulli|conj|p=0.5|zero=allow_iid|rng=MT19937-RandomState,0.5,allow_iid,0.0010024895891547203,7.743574678897858e-05,0.0014590471982955933,0.001056174747645855,0.017281713895499706,0.02088279463350773,0.003595147281885147,33,332,1,6,SAT_unsat_identifiable,1,boolean_factorization,exclude_x,exclude_x,0,2147,6652,0,1,1,0,0,0,0,1,1,1,0,0,0.006518583744764328
4,50,10,100,1735198123,66,conj,glucose42,MT19937-RandomState,4.340335726737976e-05,10000001000011110001101110001011010101100000110011100001100111011011100010110111011101111011101110101001011101010000101001010011100111100100001111001000011011011001001100110001111011111010000101101111011001100101001011000101011100001100111011000001100001111001000101010011010011000101001011110111000111011110010111101000111011110001101011110111010000100110001111110100011111011010001110001100111011100101011000000111101110111111101000010100001110111101110100110011000100101101000001001001110111100010,c613bab386f1200ce69fe287a9e65d61c6b4d5ab1ac350113e0d058c89ff91f7,bernoulli,bernoulli|conj|p=0.5|zero=allow_iid|rng=MT19937-RandomState,0.5,allow_iid,0.0010497858747839928,9.007006883621216e-05,0.00166374072432518,0.0010561514645814896,0.04854898154735565,0.05241540726274252,0.0038597481325268745,38,256,1,6,SAT_unsat_identifiable,1,boolean_factorization,exclude_x,exclude_x,0,2652,7878,0,1,0,1,0,0,0,1,1,1,0,0,0.006573411636054516
4,50,10,100,1735198123,67,conj,glucose42,MT19937-RandomState,4.5151449739933014e-05,00110100111000000110110111100111100011010101110010001101000001110111100101100110100111011011101111111100110011110011101011101000000100001000011111100010010010001010110110101101010000000011000011110010100101110010110011111001011100000011001010100100101101000000110111100100110001010010010110110110101001011000111011101111110101100011011001111010101110011011101111100001101110011110100111011001100101101111010000111111011011110101010011101100000011011111001110110011000011010010110000111110000111010110,cf3d69b76b52ac0b6d3893e59e038914ffdecd4c9523d7e3f574b5beb1abfc32,bernoulli,bernoulli|conj|p=0.5|zero=allow_iid|rng=MT19937-RandomState,0.5,allow_iid,0.0009798500686883926,7.610488682985306e-05,0.001426023431122303,0.0010620802640914917,0.014946110546588898,0.018496127799153328,0.0035440586507320404,32,260,1,6,SAT_unsat_identifiable,1,boolean_factorization,exclude_x,exclude_x,0,2188,6563,0,1,0,1,0,0,0,1,1,1,0,0,0.006269741803407669
4,50,10,100,1735198123,68,conj,glucose42,MT19937-RandomState,4.398263990879059e-05,01110000010010000100000011000111111111111011011000101110010110110100010010101000001100010101100101011101011101001100110100101111110100101000110001001110000010001101100111001011000011111001110100000111111101001111010011100100101100001111111100101001110011111001100111110000011000110101011011100111111000101100111011010000000010101001001110111111010110001101100000100011111000011101110111000001110010001110011101101000101000011010101100111110011110010000011000010010011100101011001001011001100000110100,3f5d4e453344051eb601bd5eefb232d92e23b6094969e269ab9b042d68cf3259,bernoulli,bernoulli|conj|p=0.5|zero=allow_iid|rng=MT19937-RandomState,0.5,allow_iid,0.0011575333774089813,8.395221084356308e-05,0.0016943439841270447,0.0010421602055430412,0.01580098457634449,0.019785868935287,0.00397798977792263,39,359,1,6,SAT_unsat_identifiable,1,boolean_factorization,exclude_x,exclude_x,0,2581,7934,0,1,0,1,0,0,0,1,1,1,0,0,0.007128266617655754
4,50,10,100,1735198123,69,conj,glucose42,MT19937-RandomState,4.324503242969513e-05,00001100111001010100110011110011110010000000001010000100000111000111100000100010011000101011010110100101100100101111000000110000010100010100110100011010101001111110101011101011100100011101010001000000011011000011100001101000110101010011101110001001111100010011101101010001110111001011101110110001111111011001010110111101111011101000010100001111010010000101100010100101111111001100111000010101001011001101100100100010001011100100100111101011000011001011010000001010101001001100000110000010011111011010,c43b61a4260e08f8d6cfecae50f1e21796455211b0d0bd615a034a2aa3d484e9,bernoulli,bernoulli|conj|p=0.5|zero=allow_iid|rng=MT19937-RandomState,0.5,allow_iid,0.001163538545370102,8.526910096406937e-05,0.0017407024279236794,0.0010512098670005798,0.017384786158800125,0.02143181674182415,0.0040407199412584305,40,365,1,6,SAT_unsat_identifiable,1,boolean_factorization,exclude_x,exclude_x,0,2620,8111,0,1,1,0,0,0,0,1,1,1,0,0,0.007285665720701218
4,50,10,100,1735198123,70,conj,glucose42,MT19937-RandomState,5.977600812911987e-05,01000010010010100001011110011100001101010001010100011010010101100010100110100111010111101000100111010111010010111100111111000101111101110000101011010010100111000100110000000000001010101110100001011011011001011111101111111101111011010001001101001110101110000111000000010011010101110111010101011010101011110000001011001010000101100001100001011111011110010011101000100111001100010010001111100110101110101011011100010100101010101011100001111111100101010011110010100111010111000010100110010001101010101010,0cc9f56997271986d2b66d690c022a597a18433748f33de1725475d838b2e7b0,bernoulli,bernoulli|conj|p=0.5|zero=allow_iid|rng=MT19937-RandomState,0.5,allow_iid,0.001049901358783245,8.489284664392471e-05,0.0013911575078964233,0.0010553151369094849,0.009334308095276356,0.012923000380396843,0.003581266850233078,31,331,1,6,SAT_unsat_identifiable,1,boolean_factorization,exclude_x,exclude_x,0,1979,6199,0,1,1,0,0,0,0,1,1,1,0,0,0.0063085854053497314
4,50,10,100,1735198123,71,conj,glucose42,MT19937-RandomState,4.3694861233234406e-05,10111000101101100000011011111000001110011010011010110111011000001110101101110000100011110110001001000010110001010100111011100111111001010110010111110100010110011000100100100101011110011111110111100000101100001101111111111011011111101101001000111011010001011000111101000100101011000010011001111110110110110100110110101110110110001110011100100011110010101001011011101011010100101010011010000111110111110010101001000011111101101101110001001110000110100011000101001010001000000100100111110001111101100000,375adabdefee56d1599918b7742b6c3910e9c9c4a7d8a4c600165ff652bae261,bernoulli,bernoulli|conj|p=0.5|zero=allow_iid|rng=MT19937-RandomState,0.5,allow_iid,0.0010158838704228401,8.682813495397568e-05,0.0014866720885038376,0.0010571237653493881,0.028037001378834248,0.03168999683111906,0.0036465078592300415,34,286,1,6,SAT_unsat_identifiable,1,boolean_factorization,exclude_x,exclude_x,0,2326,6983,0,1,0,1,0,0,0,1,1,1,0,0,0.006475772708654404
4,50,10,100,1735198123,72,conj,glucose42,MT19937-RandomState,4.2236410081386566e-05,10010000001000111001001101011011000110111100101101100001101010110000011100101101010101010000110111011011100010001100001101110001101011010000001001111011100110001110100001000110111100001001010001001101001111100000110111010000110111110001110101100101010100110111011000000100010110100111100100001100001010001001000011010100010110001111111100000100111000010110000010100000000010100101111110000010010001011110001000110000101110011111010101100100000011000011000110101100100101110100011111011000000011110101,cc5b28fa07d9f9d8ba74bd3149b690a5368ac7517bb06af8444b0e8faca47ea3,bernoulli,bernoulli|conj|p=0.5|zero=allow_iid|rng=MT19937-RandomState,0.5,allow_iid,0.0010367194190621376,8.607842028141022e-05,0.0017354311421513557,0.0010497616603970528,0.023011925630271435,0.02692590467631817,0.003907990641891956,40,349,1,6,SAT_unsat_identifiable,1,boolean_factorization,exclude_x,exclude_x,0,2590,8078,0,1,0,1,0,0,0,1,1,1,0,0,0.00715953204780817
4,50,10,100,1735198123,73,conj,glucose42,MT19937-RandomState,4.2771920561790466e-05,10101101010110100110000101011100001010111100111100101011011101111110110100010011011100111011000001100111101111000101010010001001110001111100110001000111101110010110010100011110010101011010100010111111110000111010011111101011100111110010010011011101110110110001000100001101110011011100010100101011111010011001110000101010111110100001011010011100001111111011111001011100011010101010001011111001110100110100111111000110110100101100010011011110001111111010110110110110111010000001001011101001110011000110,9e3f64d0c7a09e9532abc487d21f3c7f98943c14017e4cd4d8c73d554906643f,bernoulli,bernoulli|conj|p=0.5|zero=allow_iid|rng=MT19937-RandomState,0.5,allow_iid,0.0010877260938286781,9.082630276679993e-05,0.0016610398888587952,0.001057949848473072,0.012835741974413395,0.016741097904741764,0.0038975421339273453,38,242,1,6,SAT_unsat_identifiable,1,boolean_factorization,exclude_x,exclude_x,0,2732,7966,0,1,0,1,0,0,0,1,1,1,0,0,0.006478087976574898
4,50,10,100,1735198123,74,conj,glucose42,MT19937-RandomState,4.1375868022441864e-05,11010110111110000000001001000101000101100111000001111010000010000101011011011110010111111101101100010110010100100101001101100011011111100111011100000000110101010101011000011100010010011011111111101001100010000101001001001111110100100001100110100000000101101101000110001010101010011101111110010000101111001011010001011000000011011000011100011110001100011110001000100011100111010111110011011000100110101000000111110110001010011000000100100110001000001010110000110000011100101000101111100110101011011010,023a1662ac86cfec8c5aa9e2bb1514c0bec6da6503e5b52829b9092043e8b7f9,bernoulli,bernoulli|conj|p=0.5|zero=allow_iid|rng=MT19937-RandomState,0.5,allow_iid,0.0011703157797455788,8.415430784225464e-05,0.001656300388276577,0.0010342719033360481,0.016308622434735298,0.020260943099856377,0.0039450423792004585,39,410,1,6,SAT_unsat_identifiable,1,boolean_factorization,exclude_x,exclude_x,0,2451,7791,0,1,0,1,0,0,0,1,1,1,0,0,0.007278879173099995
4,50,10,100,1735198123,75,conj,glucose42,MT19937-RandomState,4.248321056365967e-05,00101110010011101100001001111001111110001111101100000101101011110111000101011011000010000001010011011101001000110011001111000110000000101000010011100101010010011011100011001010000101010100110101111010110011000010011000101110000010011000001101000010000010010010001111110111101100111010011011000110000100100101111110101010111100010010001111100011011110100010110101011110110101001101111010101011110101000101001001100010101001000010011100100110110000010001100001000101111100001000000110101001111111111111,4f8d8ddcb20e72687ad522199e1b325629b2f5d358864e27afd0e034e2796df1,bernoulli,bernoulli|conj|p=0.5|zero=allow_iid|rng=MT19937-RandomState,0.5,allow_iid,0.0010364064946770668,8.031632751226425e-05,0.0015364568680524826,0.00104421004652977,0.011528093367815018,0.015231717377901077,0.0036973897367715836,35,332,1,6,SAT_unsat_identifiable,1,boolean_factorization,exclude_x,exclude_x,0,2265,7050,0,1,1,0,0,0,0,1,1,1,0,0,0.006696975789964199
4,50,10,100,1735198123,76,conj,glucose42,MT19937-RandomState,4.3927691876888275e-05,10000000111001010001110000100010110001011010111010111011001110001010111100110110101010010001000011011110111110100000000100110000010011110011011000000110100010000100010010101010011111001001100000111000001011111001110000001111101111100011110011001011111100010100110101000100011110000011111010011001101000110111010100110101010000110100101111101000101001111010001110010110010100101111111111110101001110000101101101111101110100110101111011010111001110100010010110110111111011110000010001001101010100111000,68f3b1fbadb4b75fd4bc81c058d0ee43a031aeaa9a76aa4b8c773fea1c41a017,bernoulli,bernoulli|conj|p=0.5|zero=allow_iid|rng=MT19937-RandomState,0.5,allow_iid,0.0010664230212569237,7.866695523262024e-05,0.0015011169016361237,0.0010400265455245972,0.05181734636425972,0.05551041755825281,0.0036862334236502647,34,296,1,6,SAT_unsat_identifiable,1,boolean_factorization,exclude_x,exclude_x,0,2246,6895,0,1,0,1,0,0,0,1,1,1,0,0,0.006505406461656094
4,50,10,100,1735198123,77,conj,glucose42,MT19937-RandomState,4.480965435504913e-05,00110101011101110100000110101110011001101000111111110010111110001011100000110101011001100101000000000101001111110011111000011011010000111100101101000111100111011010001000111110110100010000011111001001010000100100001101011100010001000000000110111101110111010110000000100101101110101011010011011001100010001110111100100101010101011110001110001111100100101100110101011011101010001011011100100100101000010111110110000111011001101010101000011100010000011011010100011100100011100110100010000011010111100110,57c5c7a5a37ff051432628ebd898a47fce6604610d61d9b50ab2aedf8fbaf2e6,bernoulli,bernoulli|conj|p=0.5|zero=allow_iid|rng=MT19937-RandomState,0.5,allow_iid,0.0010948460549116135,8.816923946142197e-05,0.001549561507999897,0.0010456563904881477,0.023870249278843403,0.027655500918626785,0.00377823319286108,35,315,1,6,SAT_unsat_identifiable,1,boolean_factorization,exclude_x,exclude_x,0,2315,7105,0,1,1,0,0,0,0,1,1,1,0,0,0.006680533289909363
4,50,10,100,1735198123,78,conj,glucose42,MT19937-RandomState,4.572048783302307e-05,01011000110001011101001011110110101011011100111011100010110001101011001001010111111011011100000110001111001010001000111001100011110100101001010110110101111101100110111100010001010001110110001000111000110111010000010000000010010011111010010001110101010001101010110111100101000010010000110011010001001101001110000100110010100010111011011010011010100000100011100001101110011110101100101110010010101011101010010011011111110110101000100111000011001110001010000001101000110010010110010011110000011101011000,131acf48135a1e894d646e8c04bce4168f3273e050be8465ff8d920a47fd5780,bernoulli,bernoulli|conj|p=0.5|zero=allow_iid|rng=MT19937-RandomState,0.5,allow_iid,0.0010888995602726936,8.446164429187775e-05,0.0016678497195243835,0.0010453751310706139,0.013805043883621693,0.017698677256703377,0.003886586055159569,38,343,1,6,SAT_unsat_identifiable,1,boolean_factorization,exclude_x,exclude_x,0,2512,7724,0,1,1,0,0,0,0,1,1,1,0,0,0.006938423030078411
4,50,10,100,1735198123,79,conj,glucose42,MT19937-RandomState,4.46811318397522e-05,11001110101100101001000011111001011000010100100100010001011100101001011000010100111100001001101001111110110010000001111000001100010101001010111100011101001110100010011010111011001000100110111000001010010111010100010011100011110110010011110100101111110011100011000011001000010010000011011000111011010111100111000000000001111111010111111111111000010000010011001010010111111011010110100010100001101110011111000000001110101101011000000111110100100100010001010011101100100100100111011101111111011101011101,9a81dc39a9f49d53eaaeb5af7609a354eacd5c322f10e58eb1a72dfbac98cd80,bernoulli,bernoulli|conj|p=0.5|zero=allow_iid|rng=MT19937-RandomState,0.5,allow_iid,0.0010454924777150154,8.554849773645401e-05,0.0015010349452495575,0.0010592620819807053,0.013556110672652721,0.01725445780903101,0.003691338002681732,34,377,1,6,SAT_unsat_identifiable,1,boolean_factorization,exclude_x,exclude_x,0,2196,6840,0,1,1,0,0,0,0,1,1,1,0,0,0.0067031122744083405
4,50,10,100,1735198123,80,conj,glucose42,MT19937-RandomState,5.7948753237724304e-05,11100001100001101001111101111100111010001110000101111010001001101110111000110110101011000110001001110001111011001000010001001101100001010110010011100110011110110010011001010000100100010010111000000011010110100001001000001101100000011001100100001000001100101000001000101011101110111001010011011011000010011110111011000011100101110010010101100100011000110101011111001101110000000111011010111001111100100111011100010111100111111001010011111101010101110011100011100101001100000101110100000101001001100010,b7b526d4c066f13bdc65f4006017df94f398afecc42b4250d42bd2b0222ad454,bernoulli,bernoulli|conj|p=0.5|zero=allow_iid|rng=MT19937-RandomState,0.5,allow_iid,0.0010654637590050697,9.317044168710709e-05,0.001505151391029358,0.0010536927729845047,0.015551525168120861,0.019275730475783348,0.0037174783647060394,34,381,1,6,SAT_unsat_identifiable,1,boolean_factorization,exclude_x,exclude_x,0,2146,6785,0,1,1,0,0,0,0,1,1,1,0,0,0.006822357885539532
4,50,10,100,1735198123,81,conj,glucose42,MT19937-RandomState,4.316028207540512e-05,11110010000011001011010110011100110010010100001111000011001010101011010110010011001110010110000000000101111101000111000111010000001001110111011001100101010111110011110101001110101000000001110110101110010001111001100010010110011100010000110001110011111111000001000000101110001000101101111110110000010001010110101101100010101000001011010000101100101011000110001111010110100101010101101101101000011100110101001110101100110000100000001101010100000000010001101010100110101011100101111000011001101011010000,000173fb718195a33cf49bcd2174bec77d8aceb18021d68a2a178161b9b70c0b,bernoulli,bernoulli|conj|p=0.5|zero=allow_iid|rng=MT19937-RandomState,0.5,allow_iid,0.0010760752484202385,8.091982454061508e-05,0.0016307784244418144,0.0010699769482016563,0.012773771770298481,0.016638316214084625,0.0038577504456043243,37,358,1,6,SAT_unsat_identifiable,1,boolean_factorization,exclude_x,exclude_x,0,2353,7415,0,1,1,0,0,0,0,1,1,1,0,0,0.006940943188965321
4,50,10,100,1735198123,82,conj,glucose42,MT19937-RandomState,4.24189493060112e-05,11100110111111001100100101001011011001011110001100011100011000101000100100000100001101101111010100001100100101011000001100010101111101010001111111101110111110000011101001110011101010010111101001101101110101001101101110100010010111010101110100001110110000010000011001111101110010100000111011110101101101111001111111101000110001000010101001101010010011000000010100010111000010011011110001111110110100010110010001001011111100000011111000011000011110111100100010001111111101001011111111110110100000100100,f8e4e753f9020fa891b5bead91ae031f91a8e3022ac8d179e1f1f505f8831141,bernoulli,bernoulli|conj|p=0.5|zero=allow_iid|rng=MT19937-RandomState,0.5,allow_iid,0.0010926388204097748,8.581671863794327e-05,0.0015415474772453308,0.0010508839040994644,0.012448224239051342,0.016225253231823444,0.0037708869203925133,35,329,1,6,SAT_unsat_identifiable,1,boolean_factorization,exclude_x,exclude_x,0,2315,7105,0,1,1,0,0,0,0,1,1,1,0,0,0.006729006767272949
4,50,10,100,1735198123,83,conj,glucose42,MT19937-RandomState,4.163198173046112e-05,10001101110100101111110101100000110100011001110101101100101000010000001011110010000011010110111101110011000100110011100011010101010101101011000100110111011010100100010011010011011001001001001101010110100101011010110011101101110110010000111011011010111100110010111000101000001101001110100111001010111111011101111101000011001011110001010111001110100000001011011011011111000111000100001001011111100100101000001001000001100111010001001100000100100001101001011010101100011110010110010010011111011100110100,e3cdf25fab6513601ddef305ecd10220c3fbabf0f4fd7086c975f9ac234a0ebf,bernoulli,bernoulli|conj|p=0.5|zero=allow_iid|rng=MT19937-RandomState,0.5,allow_iid,0.0011221151798963547,8.424092084169388e-05,0.0016629071906208992,0.00106106698513031,0.017965187318623066,0.021902079693973064,0.003930330276489258,38,308,1,6,SAT_unsat_identifiable,1,boolean_factorization,exclude_x,exclude_x,0,2582,7801,0,1,1,0,0,0,0,1,1,1,0,0,0.00692934263497591
4,50,10,100,1735198123,84,conj,glucose42,MT19937-RandomState,4.2922794818878174e-05,01001010111010110111010110001001001011100001010011010111010011010010100101101111111100111100101110111111011110011101000010100001110011100110000100101111011001101001110010011001111100100101001000110011111110101100000111100010111101110011010001100001001011010010011100011101100001001100010011000010010001001100001100101111111100000100101101111101001111001111100000010010000110001101010011011111001011011111001111111111000100000000100000110110001001111011001101101010100111111101100010001010000110101010,57c2196433430393e4f674bd2b80b78ab9b6dc62f76d373365fd9c36faace4a3,bernoulli,bernoulli|conj|p=0.5|zero=allow_iid|rng=MT19937-RandomState,0.5,allow_iid,0.0010937945917248726,8.357595652341843e-05,0.001603301614522934,0.0010538948699831963,0.013147230260074139,0.0169880585744977,0.0038345670327544212,37,305,1,6,SAT_unsat_identifiable,1,boolean_factorization,exclude_x,exclude_x,0,2513,7591,0,1,1,0,0,0,0,1,1,1,0,0,0.006738687865436077
4,50,10,100,1735198123,85,conj,glucose42,MT19937-RandomState,4.222802817821503e-05,00111000110000100001100001011011001010101110101001000010110101100110111100011001101100001110010010001100010111110111100110010001110000010110010011101001011001100111011000111110000100101001000011110111000001001011001010101010111100100010100011101000010001111110001011001001110100000100011111111111100100010111101010010000100101100100111101111011110111111011011011011110010011001100010010010010100011101000110111100110110100101100110001101101000110111110101010111010100111111011110111111001001101101011,39106b589c8d6a11bb4783376cf8ecc06a0d4a09932811e2ac86c378c3c73474,bernoulli,bernoulli|conj|p=0.5|zero=allow_iid|rng=MT19937-RandomState,0.5,allow_iid,0.0010380595922470093,8.160993456840515e-05,0.0015550125390291214,0.0010583801195025444,0.01496176514774561,0.018701196648180485,0.0037330621853470802,35,283,1,6,SAT_unsat_identifiable,1,boolean_factorization,exclude_x,exclude_x,0,2375,7171,0,1,0,1,0,0,0,1,1,1,0,0,0.0065873125568032265
4,50,10,100,1735198123,86,conj,glucose42,MT19937-RandomState,4.198867827653885e-05,01010111000110111101001100000000101101011000101100101000011010001111010111011000110100100110010000100001111011011000110110010001011100100111000011101011001110011000010010101010001000000110001011010110110111011000001101101000111011011110101000000111111111111110010000001000011100110011011001100111110011100011010000011000100000001100101100001010000001100100011100000100000000110000110100111010100010011000000010111100001100001101001011010110100101011110111001010010100011001101110110100011110010100110,6f1b0e140e0d8c5c235fb93ff8b1ab657f7ba3e5d9c8816db78fa6440adc0b61,bernoulli,bernoulli|conj|p=0.5|zero=allow_iid|rng=MT19937-RandomState,0.5,allow_iid,0.0010757483541965485,9.432155638933182e-05,0.0015970142558217049,0.0010581063106656075,0.018047785386443138,0.021879744715988636,0.0038251904770731926,36,370,1,6,SAT_unsat_identifiable,1,boolean_factorization,exclude_x,exclude_x,0,2284,7205,0,1,1,0,0,0,0,1,1,1,0,0,0.006916960701346397
4,50,10,100,1735198123,87,conj,glucose42,MT19937-RandomState,4.631653428077698e-05,11010111001111101101100000010111010101001001101110111000000001111100000001111111111000101010100100100110100000000001011101101010101111110010011111001000110110001010010011110100000110011101000000101011111011100001100010010110010100100000010011100110101100000111100100101100101100111101101100110100100110100101110101111010000010110011011000101110110000100010111010000011101001010010110010100111101010000011101001010000011111110001011100010011101010011011111101000111011000010111110011111100000010101111,c97c66603dc3175e3067d8082fb4ab751ea4ce33e271a5d7cf85940ac8734e29,bernoulli,bernoulli|conj|p=0.5|zero=allow_iid|rng=MT19937-RandomState,0.5,allow_iid,0.0011606207117438316,9.316671639680862e-05,0.0017379214987158775,0.0010646963492035866,0.05173903238028288,0.05580240860581398,0.004056405276060104,40,296,1,6,SAT_unsat_identifiable,1,boolean_factorization,exclude_x,exclude_x,0,2740,8243,0,1,0,1,0,0,0,1,1,1,0,0,0.0069024330005049706
4,50,10,100,1735198123,88,conj,glucose42,MT19937-RandomState,4.5359134674072266e-05,10111000000011100011010010001001111011110100100101110100110110010010111101101101001110011101000110011010101001100100010001001100110010001110010001010111000001010101001101001110100111001100001000010010000000001000110110000101110101011010100010110111111000000011100111111100001000000001111000101001111001111111011001000101011010101001100001110101011011010101111101011010100010001010001101010110110101100100110000011110001011011010110110101010101100110010001111001101101011010100100000111100011001111010,7a8fa9aa2552115f90187b6817a3d1428a0779cf41ae591146c2e0a3e9324899,bernoulli,bernoulli|conj|p=0.5|zero=allow_iid|rng=MT19937-RandomState,0.5,allow_iid,0.001038367860019207,8.838437497615814e-05,0.0015335557982325554,0.0010425904765725136,0.015697703696787357,0.01940718200057745,0.003702898509800434,35,330,1,6,SAT_unsat_identifiable,1,boolean_factorization,exclude_x,exclude_x,0,2215,6995,0,1,1,0,0,0,0,1,1,1,0,0,0.006676176562905312
4,50,10,100,1735198123,89,conj,glucose42,MT19937-RandomState,4.677101969718933e-05,10101101001111101101001110010101000010111001010110111010010011101111010101101111101011011000111000100001000011111001101100111001110111000010110010001110110111011110110010100011110001110011100110101001010001100110111101001010101011111000000101111001110011101111011011011110001011110111000110010001111000100100111100000110010010111000111011010011010101111111111100010110011110001110001100000101001001100001010111111010110011001001000110110000110010011111100001101100101110000101011111101010011111101010,2ed6dbc8a9e46b9682f558d8b1f8fb536081e904434f0fc60c1654c21d26ac7d,bernoulli,bernoulli|conj|p=0.5|zero=allow_iid|rng=MT19937-RandomState,0.5,allow_iid,0.0011490164324641228,8.591730147600174e-05,0.0016254354268312454,0.0010559018701314926,0.022760862484574318,0.026685536839067936,0.0039162710309028625,37,234,1,6,SAT_unsat_identifiable,1,boolean_factorization,exclude_x,exclude_x,0,2633,7723,0,1,0,1,0,0,0,1,1,1,0,0,0.006566373631358147
4,50,10,100,1735198123,90,conj,glucose42,MT19937-RandomState,8.849985897541046e-05,10111001000111010110111001001011000001011000011011011001111100010110011001001010001101110100010110011011111011101100100010111100111010111010101001100111100110100100011100111011010010101110110111000001000110101010000011100000011111111101100110100001110100010000011011001111000010111110011011011100101011101011101101011001100110011010000001111001010101110100010000110101011111000111001100110001110101110001010110001001111111100100111001010001000001011000011100100101001101111001010010010110100101110010,ea937bb1cde0b1cc6a9144d9ec21ac909518eeb7adc77170ac449497ad5bbe85,bernoulli,bernoulli|conj|p=0.5|zero=allow_iid|rng=MT19937-RandomState,0.5,allow_iid,0.0010879598557949066,9.611435234546661e-05,0.0017112409695982933,0.0010598022490739822,0.040980635210871696,0.04494416527450085,0.003955117426812649,39,258,1,6,SAT_unsat_identifiable,1,boolean_factorization,exclude_x,exclude_x,0,2711,8077,0,1,0,1,0,0,0,1,1,1,0,0,0.0067079393193125725
4,50,10,100,1735198123,91,conj,glucose42,MT19937-RandomState,5.002785474061966e-05,10010010010100011110001010110011110111111001101100001100101010010000101011010100010001011010001110110110011101101100100101011011011100101111110111001011010111010001010011111100010100100110001001110010101111110111010100010011000010100111101110001011000001000111101011001000000011111011011101001111110110100001010001010000000100110000101110101000111110000111011001001011100111110000011100011000100011101001111100010100100010010110010100100101101010101000110111010011101101001100110100111011100110000011,90ac70118442a75b2ef8b6a44f56ef82c39cb5d40fdb2c55a2067db8a8d853b7,bernoulli,bernoulli|conj|p=0.5|zero=allow_iid|rng=MT19937-RandomState,0.5,allow_iid,0.0010680025443434715,8.24490562081337e-05,0.0015861401334404945,0.0010543884709477425,0.021838555112481117,0.025638479739427567,0.0037909802049398422,36,320,1,6,SAT_unsat_identifiable,1,boolean_factorization,exclude_x,exclude_x,0,2384,7315,0,1,0,1,0,0,0,1,1,1,0,0,0.0067928507924079895
4,50,10,100,1735198123,92,conj,glucose42,MT19937-RandomState,5.4737553000450134e-05,00000001101000100101010001010001001100101100000001001011001111011111100010011101011101111001101101110000001100011001000010110111011000001100110010100111100000100100000011001011111111110111011001100100110110101111101111011011100001100100000011011010101100111000001001011011100011110001101010100111011100000111011000111001111101011011111101011110110001010101010000011000001010111101011111111000100001001010000110110000101010010011001010001101110101111000001101010011010000010001011000101101101111001000,9849a656ab0d3ccbfc166c137030c86741e12beb5071404d74127b60e7e5bab6,bernoulli,bernoulli|conj|p=0.5|zero=allow_iid|rng=MT19937-RandomState,0.5,allow_iid,0.0011180238798260689,7.80392438173294e-05,0.0013810629025101662,0.001048997975885868,0.010194672271609306,0.013828701339662075,0.0036261240020394325,31,404,1,6,SAT_unsat_identifiable,1,boolean_factorization,exclude_x,exclude_x,0,1869,6078,0,1,0,1,0,0,0,1,1,1,0,0,0.006750107742846012
4,50,10,100,1735198123,93,conj,glucose42,MT19937-RandomState,4.918314516544342e-05,10100001101111011011111010110001011110101000010111001001111111111010011100111011001000100010101111011000101101110001000011010010110101110000000100000001100010100101111010010000110100001001100110000110010010100111000000110001110001001111101010011110100001011100110011111111110100011111001110111101110110111011000100111111101110101110000100100101111001011101100101110010001000100101101001100010011110101001010011101010100100001000110001110000010001110011011101101110001111101111000111000110100000000011,e64c0095474b2cddde69967100bc6eb7d49859601755970a848a7c252277a573,bernoulli,bernoulli|conj|p=0.5|zero=allow_iid|rng=MT19937-RandomState,0.5,allow_iid,0.0010997792705893517,9.146519005298615e-05,0.0015013469383120537,0.0010554036125540733,0.011578545905649662,0.015334958210587502,0.003747995011508465,35,342,1,6,SAT_unsat_identifiable,1,boolean_factorization,exclude_x,exclude_x,0,2285,7072,0,1,1,0,0,0,0,1,1,1,0,0,0.006808372214436531
4,50,10,100,1735198123,94,conj,glucose42,MT19937-RandomState,4.958920180797577e-05,11000110001111010000011001001010011011101001001101100111010001111110011010000001110001000010010100001010000000101000100011001010001000110011011010100000101110111110111101111110101110000100001110011101100100011101101010100110101000110100110010111010000000110000110111100011100110100111111100000111111001011010011000111011011101001000011110000000011100110000001111010001101101000000100011110100101000010001000110100000010001010011101000011100100001111110100001010110100100000101010111101111101000111100,d527730ba17f12f377cbae401098c20176caec436b6f87fe2cb454f02519891d,bernoulli,bernoulli|conj|p=0.5|zero=allow_iid|rng=MT19937-RandomState,0.5,allow_iid,0.001083632931113243,8.034706115722656e-05,0.001500244252383709,0.0010462962090969086,0.01866084523499012,0.02237970568239689,0.003710520453751087,34,373,1,6,SAT_unsat_identifiable,1,boolean_factorization,exclude_x,exclude_x,0,2136,6774,0,1,0,1,0,0,0,1,1,1,0,0,0.006720849312841892
4,50,10,100,1735198123,95,conj,glucose42,MT19937-RandomState,4.896335303783417e-05,11000101011111101011110011111100001000001111100111101101100001101010001101000110101110001010001000001000101001101001001110000110000101000111101010010100100001000101000010110101001100011011110110110110100001110011100001100101100001100101001000000110000100000001001001111001001000100111010010011010100001011011110000100100110000100101000100011111100100100010010011011001010001011011000010100001001111111000011011000100100110011110100111001101010010001001001100111110111101110000001101011110110011100101,680534ae300336d52d35b0478dc37f34c3d3ebb8bd08d88532e540a23e71eddd,bernoulli,bernoulli|conj|p=0.5|zero=allow_iid|rng=MT19937-RandomState,0.5,allow_iid,0.0011020349338650703,8.755363523960114e-05,0.0015564681962132454,0.0010468317195773125,0.012990240938961506,0.01679143961519003,0.0037928884848952293,35,380,1,6,SAT_unsat_identifiable,1,boolean_factorization,exclude_x,exclude_x,0,2155,6929,0,1,1,0,0,0,0,1,1,1,0,0,0.006952585652470589
4,50,10,100,1735198123,96,conj,glucose42,MT19937-RandomState,5.0914473831653595e-05,10101011010101111010001110101000101110011111101010001111100100111111000000110100111110011101110011110001010111010001011010101110100101011000011100011101000000010101010010010101001100111100101111110011110100111011110111111101111101110000100001100101000111010111001100100110110111001111111000000011010100011011010001001101011111000011010010111001110110001011010001001010001001111111011010100011011010101111010010111001100010100100100100111001100000001011011010011110100001001100100101111100000101110010,d7dbd5309984a9c1369510deccee121d0d6b445d28859c83a9402c49e3f4173e,bernoulli,bernoulli|conj|p=0.5|zero=allow_iid|rng=MT19937-RandomState,0.5,allow_iid,0.0010789204388856888,8.734408766031265e-05,0.0015457533299922943,0.001040194183588028,0.025148002430796623,0.028909252025187016,0.0037522120401263237,35,281,1,6,SAT_unsat_identifiable,1,boolean_factorization,exclude_x,exclude_x,0,2395,7193,0,1,0,1,0,0,0,1,1,1,0,0,0.00657258927822113
4,50,10,100,1735198123,97,conj,glucose42,MT19937-RandomState,5.329400300979614e-05,01000111111001001001000110011011000000110010001100001000101011111100001111110100001100100000010101011001000100011111011110101000000000101101100010110010101100110110011110110011100101000001110111001111010110000011100001111100101011101100010010111001001111110111010101110011000100000010111011101011010001010000001111100100000011001110001110100100000100101001000100111100010001101111010001000001011000000111000100011110111000111011111011001110100111001100111011010110000111101001111110000101011110001111,fdf48213087aa9082cecdd637cd2854958ac2db7fd0fedd50a0f07c200bb06a1,bernoulli,bernoulli|conj|p=0.5|zero=allow_iid|rng=MT19937-RandomState,0.5,allow_iid,0.0010141218081116676,7.741060107946396e-05,0.001383417285978794,0.0010542990639805794,0.022921943105757236,0.026460392400622368,0.003529248759150505,31,352,1,6,SAT_unsat_identifiable,1,boolean_factorization,exclude_x,exclude_x,0,1929,6144,0,1,0,1,0,0,0,1,1,1,0,0,0.006533403880894184
4,50,10,100,1735198123,98,conj,glucose42,MT19937-RandomState,5.153194069862366e-05,11101011100000110110100100001101111111110111010110111101101000001110000011001111011100110101101000001011011111011000010110010000000100101010100000011010011100111100111000101011000000000101101110101000110001100001110011010100110110100011010011011011101101110100000110011001010010011010110101000110001101111010010111010101011111100001110110001111011111000100110110010111011100111000010101100111110001110110000100000101010110101010110111011111110001110000101001111010000010011001111100101011101010001110,1605ee7954b3de450156ce928fc80d41f9e502d7b10ada61935a909755194f7b,bernoulli,bernoulli|conj|p=0.5|zero=allow_iid|rng=MT19937-RandomState,0.5,allow_iid,0.0010562334209680557,8.93864780664444e-05,0.0015122825279831886,0.001063784584403038,0.021969719789922237,0.025699674151837826,0.0037216870114207268,34,306,1,6,SAT_unsat_identifiable,1,boolean_factorization,exclude_x,exclude_x,0,2256,6906,0,1,0,1,0,0,0,1,1,1,0,0,0.006640257313847542
4,50,10,100,1735198123,99,conj,glucose42,MT19937-RandomState,5.346816033124924e-05,10010010101001100101011010010101110010010001100001011101010111101111101111100011010011110100110001011110100111111111010101011110001011110100000001011000110111111010010110111010111110011101001001100100000010100110100010111110011111001001101011101110010110001100101010010000010101100000110101000100100111111000111001011101111100011010001101001010011001011111010100010010001100100001000011001010000111110100001101101000001110000010111011011001010110000001010100101100101001111010101001100100000011000101,f0c62b833e91a5bec61ea93c794732cddbff33c4e18c65366fe48901f4345890,bernoulli,bernoulli|conj|p=0.5|zero=allow_iid|rng=MT19937-RandomState,0.5,allow_iid,0.0009981058537960052,7.698871195316315e-05,0.0013483408838510513,0.0010507768020033836,0.014204923063516617,0.017688053660094738,0.0034742122516036034,30,330,1,6,SAT_unsat_identifiable,1,boolean_factorization,exclude_x,exclude_x,0,1890,5967,0,1,0,1,0,0,0,1,1,1,0,0,0.006388270296156406
