schema_version,J,K,N,seed,sim,operator,solver_name,rng_engine,generation_time,q_bitstring,q_sha256,design,design_id,p,zero_row_policy,basis_time,identity_check_time,two_col_check_time,three_col_check_time,sat_time,algorithm_time,preprocess_time,J_basis,M_basis,identifiable,branch,branch_label,sat_called,sat_formulation,sat_cardinality_encoding,cardinality_encoding_requested,maximal_candidate_requested,sat_variables,sat_clauses,identity_original,not_complete_original,has_pure_node_original,no_pure_nodes_original,has_zero_row_original,two_col_violation_original,three_col_violation_original,two_column_pass_original,both_necessary_checks_pass_original,I_3c,identity_basis,two_col_violation_basis,diagnostics_time
4,50,10,100,872745700,0,conj,glucose42,MT19937-RandomState,0.00012889504432678223,01110101111001101110001110100111001000110111011010011100101011110101001111110001100010001000111111110010111110000111100001100001001010101101001000011001101111110000101110000111111011110000010101110101101101001010001011101110000111010111100000010101111001100010110000111110110110110010101001000001010110011010000100010001001011100100000100001010010111010111111111101001111111110010011101010110000010010111110110011001100101100111111011011011000010110110001111000010011100001111011000010110001001111100,397739b802de7486c842a0de847c7583c14c5741b7522df67e1c8bafc5f1c029,bernoulli,bernoulli|conj|p=0.5|zero=allow_iid|rng=MT19937-RandomState,0.5,allow_iid,0.001025843434035778,0.00011393614113330841,0.0015541017055511475,0.0010788468644022942,0.027098150923848152,0.030880866572260857,0.003772728145122528,33,275,1,6,SAT_unsat_identifiable,1,boolean_factorization,exclude_x,exclude_x,0,2237,6751,0,1,1,0,0,0,0,1,1,1,0,0,0.006651058793067932
4,50,10,100,872745700,1,conj,glucose42,MT19937-RandomState,5.9767626225948334e-05,01011001111111011000101110101100010110011110100000000100111100110010100111010100011010001101101001110110010011100000011101110010010111010011011100010110101110001101111010001010000100011100111001001111011010110010011010100010001110001101001001110111001101000110001011011010000110101111011101100100000111010111101000000000010000110011111010111011100111010100110101111001100010110101100010000001100010001001111110100101100011101111101111101111010011111101101010101101001110100011001001110100111010010110,fd63bee36f265308957a514d16120f6204db204bfa9f35032922794223459ba2,bernoulli,bernoulli|conj|p=0.5|zero=allow_iid|rng=MT19937-RandomState,0.5,allow_iid,0.001161905936896801,0.00010016001760959625,0.0017069950699806213,0.0010701380670070648,0.04841076489537954,0.052458842284977436,0.004039199091494083,37,296,1,6,SAT_unsat_identifiable,1,boolean_factorization,exclude_x,exclude_x,0,2503,7580,0,1,1,0,0,0,0,1,1,1,0,0,0.007025709375739098
4,50,10,100,872745700,2,conj,glucose42,MT19937-RandomState,5.840137600898743e-05,11000000001101011011010001100101001111001111010111101100010001010011111100001111001111110000111001010010010111101001101010110110000110000100000101110000100110110101110010001101111001111011001001001100110011101011100101000101000101110101111101001000101101111111111110010001100101101100001101011010101000011010000111001110101011101111001111100101101010011111100100010010101100010001011100010111111111101011110111000100100111000101001110111111111001011111101001101000100001010110000000101100000001001010,1160430857ee17174d9d4c09c52b1aeffe55f07fcb8d9700689b598ed365eea5,bernoulli,bernoulli|conj|p=0.5|zero=allow_iid|rng=MT19937-RandomState,0.5,allow_iid,0.0010431036353111267,8.280109614133835e-05,0.0013768021017313004,0.0011116378009319305,0.015585135668516159,0.01920988503843546,0.003614344634115696,29,331,1,6,SAT_unsat_identifiable,1,boolean_factorization,exclude_x,exclude_x,0,1871,5812,0,1,0,1,0,0,0,1,1,1,0,0,0.006512278690934181
4,50,10,100,872745700,3,conj,glucose42,MT19937-RandomState,5.1077455282211304e-05,01000000010010100011011101110000010000101101101100111111101000100110110111011111000100011101011000010011100001111111101000100110100101111100100000101000010001001111100010011011001100000111110111011110001001011100000000000000010010000011000111000101101100111000001001010011001001100110111111100010000010001010111000001101000101101100010000111101100110100010000001101000011110111010010011100100000010101111010111100100100001111100111111010000100001100111100111010010010010001110001001110001011110010011,99da5abdd72ec23e205797dbd8a6faa9b6da654b63fbdf16884f592bf931e47d,bernoulli,bernoulli|conj|p=0.5|zero=allow_iid|rng=MT19937-RandomState,0.5,allow_iid,0.0010349899530410767,8.45734030008316e-05,0.0015632165595889091,0.001073567196726799,0.01979720126837492,0.023561927489936352,0.0037563471123576164,34,395,1,6,SAT_unsat_identifiable,1,boolean_factorization,exclude_x,exclude_x,0,2126,6763,0,1,0,1,1,0,0,1,1,1,0,0,0.007033743895590305
4,50,10,100,872745700,4,conj,glucose42,MT19937-RandomState,5.4317526519298553e-05,10010001011010111000100111011000110001101111101010010001110010101100100011101010001101001001001110101101110100100110000111011110111010111010000001111001000001101101111100101001001000101011010100110000110010100011100001110011011100010110111100101011110100000011011111000100001010001011110010110100001001001111110001110111011101010001100001011100011111111011001001000010001111100011111010100111100101111000101101001101010011100110010011000010001010010010001110111001110100001010000010101000101010111001,462db1f590c05492e923968317afb0b201f09152600ffd6c560294fd220dd731,bernoulli,bernoulli|conj|p=0.5|zero=allow_iid|rng=MT19937-RandomState,0.5,allow_iid,0.001124029979109764,9.691901504993439e-05,0.0017437459900975227,0.0010886788368225098,0.024525636807084084,0.028589004650712013,0.004053373821079731,38,325,1,6,SAT_unsat_identifiable,1,boolean_factorization,exclude_x,exclude_x,0,2542,7757,0,1,0,1,0,0,0,1,1,1,0,0,0.007046540267765522
4,50,10,100,872745700,5,conj,glucose42,MT19937-RandomState,5.36162406206131e-05,11001100111110101101000010110011100100011010111111101001011000011111111000101001111010111110110111011111111000010000110110010110101100010100010100000001001111000010100111100001110101111110001110100111010000010001001110010110111100011000010010111011000111000101101000111010100111011101001000100000101011101011101111111100011100010000010001111111101110110100010000110000011100100101000001010000011011010000001010110101101000110111011001011100001000000101101110100010110000001001110100100101001011101011,0b5a39c253ea443ecdb6f1d357c12a0f8c422b1ce924f16d3b26418abb582af7,bernoulli,bernoulli|conj|p=0.5|zero=allow_iid|rng=MT19937-RandomState,0.5,allow_iid,0.0010836860164999962,8.528679609298706e-05,0.0014803661033511162,0.0010843444615602493,0.013469917699694633,0.017212113365530968,0.0037336833775043488,32,341,1,6,SAT_unsat_identifiable,1,boolean_factorization,exclude_x,exclude_x,0,2018,6376,0,1,0,1,0,0,0,1,1,1,0,0,0.006740730255842209
4,50,10,100,872745700,6,conj,glucose42,MT19937-RandomState,5.417224019765854e-05,10111101111000001100110111001110101010001000100001110110011111101000011110011011100001011111011011110010001000101000001110111010100010101101001100110010101111010011011000010100010111011001010110011001101111001001110010000111001010001100101001000111110110000000001111100111101100111011110100001100110110110111100011010001010000000011111100100111111101111101010101111010100011101101100011000101110010010111000000010100011100010110110000101101111100101101010101100011000011110000011101011111001110000101,6bd1e7fff43b559568ea6d2127a56bbaae83754d49e90893e1fbd3a95bf091ff,bernoulli,bernoulli|conj|p=0.5|zero=allow_iid|rng=MT19937-RandomState,0.5,allow_iid,0.001097245141863823,8.280947804450989e-05,0.0014995690435171127,0.0010702414438128471,0.030980528332293034,0.0347385685890913,0.0037498651072382927,32,258,1,6,SAT_unsat_identifiable,1,boolean_factorization,exclude_x,exclude_x,0,2128,6497,0,1,1,0,0,0,0,1,1,1,0,0,0.0063990456983447075
4,50,10,100,872745700,7,conj,glucose42,MT19937-RandomState,4.986952990293503e-05,01011100111110110111111010001101010110011010011011100001001001111000011111100101000010100010111000101111100011001111101110110001011110110010011000001111100101011101010010010010100011101001111111111011011110101100111101101001000101010000010011100100110111000111010000101000111000000110000110111110111101110101110110001110011011001001001001101000101011001100011101000011010011111001111001011001100110010000101000001111101110111011010101001101010000001011010100001010100110101001111101001101000101011000,b7d1ff1ab40dc6de010759b44834025949d280633729e9802601aedeab43b350,bernoulli,bernoulli|conj|p=0.5|zero=allow_iid|rng=MT19937-RandomState,0.5,allow_iid,0.0011050328612327576,8.859019726514816e-05,0.0015612272545695305,0.0010526366531848907,0.046304477378726006,0.05012151412665844,0.003807486966252327,34,265,1,6,SAT_unsat_identifiable,1,boolean_factorization,exclude_x,exclude_x,0,2316,6972,0,1,0,1,0,0,0,1,1,1,0,0,0.006495860405266285
4,50,10,100,872745700,8,conj,glucose42,MT19937-RandomState,4.7460198402404785e-05,00010010110001010000100000100100100110000001111100010100001101000101000010100111110100100110000001011000101011011101010010000001001010011101000011101110101110110011111111011111101001010100000010001010100010000001100001010010101110111010101010110001100000111010011000010011111011100000110011000010110010011100100100000110100100011110100110100101100011111111110001100110111101110101000011001011001111000100110110000001110010100100010011111111101000001011110100110100100100100010000111010110010001101100,ac13bdb268195150189ecce14f1e740d7ab95338c435886fa7a069ec444f222b,bernoulli,bernoulli|conj|p=0.5|zero=allow_iid|rng=MT19937-RandomState,0.5,allow_iid,0.0010500689968466759,8.464884012937546e-05,0.0014793174341320992,0.0010571032762527466,0.013996765948832035,0.01767450664192438,0.003671138547360897,32,437,1,6,SAT_unsat_identifiable,1,boolean_factorization,exclude_x,exclude_x,0,1888,6233,0,1,0,1,0,0,0,1,1,1,0,0,0.007032737135887146
4,50,10,100,872745700,9,conj,glucose42,MT19937-RandomState,4.68594953417778e-05,11000010001110100110001001110100100111101111011001010010001000011110101011000001010101010110010100101111111010010111100000011000000011111011100010011011111100101111000011100011010110000111010001011111111111100000100100111001001010100011011000101101000000101111110001010000011110010111011010001010010001100010000111010001010100001000100001100000011100111011101010100100101000101001010011101011111110000100110011111010001011111100101000100101110000101110001101010000110010111011111100001111100010011000,0302ddab9125909fb978382eab9ce8f7ed511238fe4ba833587c931cd3a93728,bernoulli,bernoulli|conj|p=0.5|zero=allow_iid|rng=MT19937-RandomState,0.5,allow_iid,0.0010203123092651367,9.059533476829529e-05,0.0015734797343611717,0.0010663941502571106,0.02679924387484789,0.03055684082210064,0.0037507815286517143,34,373,1,6,SAT_unsat_identifiable,1,boolean_factorization,exclude_x,exclude_x,0,2146,6785,0,1,0,1,0,0,0,1,1,1,0,0,0.006964040920138359
4,50,10,100,872745700,10,conj,glucose42,MT19937-RandomState,9.92966815829277e-05,11011100110111011010110000100010101101101001101001110100010011011011100010100011110011100110111111001010111000000110010110110111111001000010110011110001010001000001000111011010001101000001001001011111111100101001001111001001011000111011101000111100001000000010110111000101100000011111010001100010110011011110101101010001001001110110001011001011011101001010011001111001010111010101100100001110110111111100010101111011100101110100101001111000100000100001000011110000111101110101110110011110001010000101,fb5ddb74853cce7d3d564d039bb3b210b121a2fe1f9de7f1b6e372dce1280190,bernoulli,bernoulli|conj|p=0.5|zero=allow_iid|rng=MT19937-RandomState,0.5,allow_iid,0.0010294150561094284,9.469408541917801e-05,0.0015213415026664734,0.0010736221447587013,0.06005582492798567,0.06378237530589104,0.003719072788953781,33,287,1,6,SAT_unsat_identifiable,1,boolean_factorization,exclude_x,exclude_x,0,2167,6674,0,1,0,1,0,0,0,1,1,1,0,0,0.006643212400376797
4,50,10,100,872745700,11,conj,glucose42,MT19937-RandomState,5.038641393184662e-05,11110110100101111001101101101100001010111000011001100000011010111011010000110110111100001000100000111111011011001011110001001111010010111110110011000111011110111000001111010100111010101100011011000001110011010011010001100010010010101010111101100001011001111011010111010001101111010000101011110111000111100010001000110100100100000000000111011100110101010100011100111111000110001000000101000000110010011010010011011000101000000000111110101010011111000000001110010100100001011111011000011000011100001100,f46015bc78a34424c4908af902593ba86da83e02dbbeca6fe7785a3535760828,bernoulli,bernoulli|conj|p=0.5|zero=allow_iid|rng=MT19937-RandomState,0.5,allow_iid,0.0010576937347650528,9.240303188562393e-05,0.0016136998310685158,0.0010677678510546684,0.01719521265476942,0.021033612079918385,0.003831564448773861,35,383,1,6,SAT_unsat_identifiable,1,boolean_factorization,exclude_x,exclude_x,0,2215,6995,0,1,0,1,0,0,0,1,1,1,0,0,0.007097507826983929
4,50,10,100,872745700,12,conj,glucose42,MT19937-RandomState,4.759058356285095e-05,11101011011000010000101100110010100101111110101100101010100111110111010110101000111101110111100001100111000100000000100011101011100000100011001000011011011000110001010010011000110011000110100000001011110000111101000000100011000010110000111101111011110000000101011000000101110101100111111001111011111000001001011110101110010011010011010011001010000101111011100011000001100011101011000101100111001101000101111111011100001110001110001111100011001011100010001111010111111110100010000011110000000000100010,4ba2e0fd8a043e2654491fef7a3c979a0df82b09e848937d52675cc8a6826afa,bernoulli,bernoulli|conj|p=0.5|zero=allow_iid|rng=MT19937-RandomState,0.5,allow_iid,0.0009831767529249191,8.032843470573425e-05,0.0012232111766934395,0.001038976013660431,0.011021723039448261,0.014354106970131397,0.0033256923779845238,26,459,1,6,SAT_unsat_identifiable,1,boolean_factorization,exclude_x,exclude_x,0,1484,4984,0,1,1,0,0,0,0,1,1,1,0,0,0.006611173041164875
4,50,10,100,872745700,13,conj,glucose42,MT19937-RandomState,4.543643444776535e-05,10111101000111101011010011001101101111100000010101000011110110010110101101010010100011101110111111010000010011110100010000100000111001011000100110100010010111011011111111011000001011001011001000000101011100010010111010010010101101111001101010111101101100001010101001001100101000110100000100111111110101001000010110111100111001101001011100000101110100111011001100011011000000010000110111001101001010001100010011110011101010010101111101000100110110011110111111001010001000101001011101110100100110110001,73e309ab798d5135056757595d8ddb831081aa57caaea9fe4f775e7510ca808f,bernoulli,bernoulli|conj|p=0.5|zero=allow_iid|rng=MT19937-RandomState,0.5,allow_iid,0.0010974258184432983,8.50968062877655e-05,0.0016092723235487938,0.0010508429259061813,0.02101548481732607,0.024864451959729195,0.003842637874186039,35,327,1,6,SAT_unsat_identifiable,1,boolean_factorization,exclude_x,exclude_x,0,2315,7105,0,1,1,0,0,0,0,1,1,1,0,0,0.006812466308474541
4,50,10,100,872745700,14,conj,glucose42,MT19937-RandomState,4.8908405005931854e-05,10000011010000010100001110101100110111111001111010000001110011011101110100010010100110111011100111000011010111110100000100100010001111000100000001001000110111100010011001110000000000111011100100101100000011011000001110101110000011010110101011000100110111010011101111011001111101001101000101010110100001000111110111010110111000000101010110000011101000110010000010011011000001111000000000011100110010000110010010101101101100111000100101010001110100011100111001111010101001101001011100101110100110011111,66f6c700d49d7657ea9c19ad4c37893e3817ba05555a26a03585e7df3ca55e3d,bernoulli,bernoulli|conj|p=0.5|zero=allow_iid|rng=MT19937-RandomState,0.5,allow_iid,0.0010834913700819016,9.0794637799263e-05,0.0018069688230752945,0.001070602796971798,0.015283648855984211,0.019342754036188126,0.004051857627928257,40,360,1,6,SAT_unsat_identifiable,1,boolean_factorization,exclude_x,exclude_x,0,2620,8111,0,1,0,1,0,0,0,1,1,1,0,0,0.007343590259552002
4,50,10,100,872745700,15,conj,glucose42,MT19937-RandomState,4.834029823541641e-05,00110001100011001110111100011001100111110000011011010101110001111001101001100000001000001001001111100001011010011000110000101111111011011010011011110011110011110011111001001010111000010011101100010000101111000000010100011011110101000000011001101101101010001010001111010100011000111011011110011101001000110110101011101110001010011110101101101101011100101111100001101110111000011101010001010110101011100111011001001001000011100001111110111100101100010110001101110010101100100011001011100010001000101001,7ba94d826ddf300da18d3ed0feea41ca8f88c5c3f90fcd582c6cdc8339313ca9,bernoulli,bernoulli|conj|p=0.5|zero=allow_iid|rng=MT19937-RandomState,0.5,allow_iid,0.0010527558624744415,8.206535130739212e-05,0.0015674969181418419,0.001050831750035286,0.014548867009580135,0.018308873288333416,0.0037531498819589615,34,318,1,6,SAT_unsat_identifiable,1,boolean_factorization,exclude_x,exclude_x,0,2296,6950,0,1,0,1,0,0,0,1,1,1,0,0,0.006734490394592285
4,50,10,100,872745700,16,conj,glucose42,MT19937-RandomState,4.503503441810608e-05,01111001001101111011011011111001110101100000001101001100010101101011110011000000111001001100110100010001111011000011111111011110011100101000001111001001010111010101000100010100011010010111010000000010000011111110010100000110011110110010011100111100000001011110101100011000011001001111000100011100010100010111110001011000100100111101111111000001000101011101010110111100111100011001010100110000001110101000111101011001111000001110101000101110101111100010111000010101000100001111101111100100010111101010,db59c423ef054435a899169f7610f7544f4976238c96cf0b77dac3650ae39773,bernoulli,bernoulli|conj|p=0.5|zero=allow_iid|rng=MT19937-RandomState,0.5,allow_iid,0.0008491054177284241,7.441360503435135e-05,0.0013208398595452309,0.0010430887341499329,0.012892324477434158,0.016186763532459736,0.003287447616457939,28,300,1,6,SAT_unsat_identifiable,1,boolean_factorization,exclude_x,exclude_x,0,1882,5690,0,1,1,0,0,0,0,1,1,1,0,0,0.006328750401735306
4,50,10,100,872745700,17,conj,glucose42,MT19937-RandomState,5.3005293011665344e-05,10001110101101011010101010000101011100011101101011001111100011010101000100100101001010010001100000001110110100110110001110001010010011110100000111011000011101100010111001100001010110010100011000011100110101111000110100011100100100100010101101001000110100010011101100000011101111100110010010111101110101110000111010111101010011111101100001010111010101101110101000111110001010110000001100110110101001010011100100011011100001101101011110101111110110011110110001011110001100001000111001000101010110100110,f5e42dfb867eb9bbeac53a84b5a4de81c46af85eaeb837613ae3b8f9ae02bfef,bernoulli,bernoulli|conj|p=0.5|zero=allow_iid|rng=MT19937-RandomState,0.5,allow_iid,0.0010552974417805672,9.441561996936798e-05,0.0017075100913643837,0.0010508634150028229,0.04028806556016207,0.04420366697013378,0.003908086568117142,37,307,1,6,SAT_unsat_identifiable,1,boolean_factorization,exclude_x,exclude_x,0,2473,7547,0,1,0,1,0,0,0,1,1,1,0,0,0.006882438436150551
4,50,10,100,872745700,18,conj,glucose42,MT19937-RandomState,4.7421082854270935e-05,00001010111111100110010111110000010000000110101110000011101011100011100001000110001011101110101011100110111010001000010100100001101000001111110111111010001010011110011100001000011110101000000001011100100011011100010110100000010100011011001010010100110001011000111110011100111111010010100010101100001010001011110100110101110001000100000100110110010101110100101110010111011110101001111110100000111010001110101100011001111101111100101100000111111011000110100001101101011100011110110011100110111111100011,414377af948fab2e6b5a00f9a392c2579d68307c6d798524a32508c5b3bdee82,bernoulli,bernoulli|conj|p=0.5|zero=allow_iid|rng=MT19937-RandomState,0.5,allow_iid,0.0010852515697479248,9.476207196712494e-05,0.00183893833309412,0.001059049740433693,0.017303151078522205,0.021387552842497826,0.004078001715242863,40,305,1,6,SAT_unsat_identifiable,1,boolean_factorization,exclude_x,exclude_x,0,2780,8287,0,1,1,0,0,0,0,1,1,1,0,0,0.007341226562857628
4,50,10,100,872745700,19,conj,glucose42,MT19937-RandomState,4.572700709104538e-05,01111000101001011011010010011001101011100111000011011010001001011010111101000111011110100010110100000011111100010001111100011111011101011100110011011011000110011011110010010111101011100000011100100001100001011110000100011101110110011010000100101011010111000000001101000000010100011001110000101111111011011011010000101101100010110101000010001100011001000010101100101001010111110101001001100011101100111011111110010100110000001010011001110110010110011010110100101000000101011110100000000111011111100001,1e6d6e3e6aba958409c7432c4615a2026629a2ead0a88b7d85320b25c23fb074,bernoulli,bernoulli|conj|p=0.5|zero=allow_iid|rng=MT19937-RandomState,0.5,allow_iid,0.0009792260825634003,8.766259998083115e-05,0.0015756729990243912,0.0010588672012090683,0.019052797928452492,0.02276102639734745,0.003701428882777691,34,309,1,6,SAT_unsat_identifiable,1,boolean_factorization,exclude_x,exclude_x,0,2246,6895,0,1,0,1,0,0,0,1,1,1,0,0,0.006724834442138672
4,50,10,100,872745700,20,conj,glucose42,MT19937-RandomState,6.542820483446121e-05,10001001100010110001100100010100100110000011101001110111110101110010100000010001111001110011010101010001110111101011110100100010101010100110001110111000001001010101110100000110111010111100010001100100001011011111000001011011000101111010001010001100001111110001111101011010000101111110000011110011000001001000111111000001010011111110010110110110110101111000010010010001011010011110110111100101001010001100010111000111011000010111100111011100110001001000100010001100110000000011000111111010100011111101,fc2738db49335ef12187c457e40d7d0b771a2f95b0c5611d0c1412ff45eb0683,bernoulli,bernoulli|conj|p=0.5|zero=allow_iid|rng=MT19937-RandomState,0.5,allow_iid,0.001062135212123394,9.017996490001678e-05,0.001679559238255024,0.0010366830974817276,0.022664736956357956,0.026540331542491913,0.0038685575127601624,37,312,1,6,SAT_unsat_identifiable,1,boolean_factorization,exclude_x,exclude_x,0,2473,7547,0,1,0,1,0,0,0,1,1,1,0,0,0.007039790041744709
4,50,10,100,872745700,21,conj,glucose42,MT19937-RandomState,5.099643021821976e-05,10110100000001010100101100111000010100011010101010110100111111010010011100010000001100101111010100000011101101001100110110111000010011011101001001100110000111101101100101000101001110011010010011100011111110000011100000011110111001100111000100000100001011100111001001000011110011110000101111010000011111111001101001001011000111001010111010001110101110110110101111101111111000001010100011101001101100010001001010101000110100011000011101011101111010000101010001000011011100100101110000000101001001111001,99f7ea29fdddc97efbe3e3dd6253bb843906c3edc0cc0f572d6e475698aead57,bernoulli,bernoulli|conj|p=0.5|zero=allow_iid|rng=MT19937-RandomState,0.5,allow_iid,0.001175764948129654,9.584147483110428e-05,0.0018090037629008293,0.0010645492002367973,0.019767356105148792,0.023920219391584396,0.004145159386098385,40,326,1,6,SAT_unsat_identifiable,1,boolean_factorization,exclude_x,exclude_x,0,2630,8122,0,1,1,0,0,0,0,1,1,1,0,0,0.00729817058891058
4,50,10,100,872745700,22,conj,glucose42,MT19937-RandomState,6.514601409435272e-05,10101100100110000000101001000010011001110101111000100011001010000011010010100110101001000010101100111111101110000101011000111110000011111101100101000100100011110010011101010110010101010111100001011100101010000011011111100010111111000011110100111100101100001110110100101001101010101010010111001111000100101110110001100001010101110011001110110010100111011000001011100011100010011110000100111011001110101100110111111000010001001000011010011101010010010110110110101101101001110000101100001001101100100011,88137aad14100f2037d3e337b908bae42a8d40d70671c6603ccde8e51fd5b6ff,bernoulli,bernoulli|conj|p=0.5|zero=allow_iid|rng=MT19937-RandomState,0.5,allow_iid,0.0010543577373027802,9.865034371614456e-05,0.001722102053463459,0.0010534515604376793,0.019750798121094704,0.02368583343923092,0.003928561694920063,38,303,1,6,SAT_unsat_identifiable,1,boolean_factorization,exclude_x,exclude_x,0,2552,7768,0,1,0,1,0,0,0,1,1,1,0,0,0.007032759487628937
4,50,10,100,872745700,23,conj,glucose42,MT19937-RandomState,5.3464435040950775e-05,10111101001001110011100011100010100101111001110001011111110010011111101100000101110010111001101000010000110000111000111101111111111010001000110000110100110110001110111111011000101111100001101100010010000111100010011000100010101110010000111010110101101101100111110011101110110100110101110100111101101011100010101100000001001010010000100110010001101100111100000100011101111010000100111111011101101100001010010000111110001011011100000010011110101110110010001111101010011111011100111110011000000001110111,4a06776cc359d353c3ebf030ae0d147cba8ad01ce283f0c6831b565e25328ba5,bernoulli,bernoulli|conj|p=0.5|zero=allow_iid|rng=MT19937-RandomState,0.5,allow_iid,0.0010878108441829681,9.242165833711624e-05,0.0016353949904441833,0.0010589249432086945,0.023297877982258797,0.02717866562306881,0.003874552436172962,36,286,1,6,SAT_unsat_identifiable,1,boolean_factorization,exclude_x,exclude_x,0,2414,7348,0,1,0,1,0,0,0,1,1,1,0,0,0.006912746466696262
4,50,10,100,872745700,24,conj,glucose42,MT19937-RandomState,5.151424556970596e-05,01101100011100111010001101110110101001100110110111000110111001011111010111110110100111010110101100100100011010001110100111101111110111101101000100100101011011110000101101101110100100010111100000100110011101000111010001000101001010001110010010001111011111000010011100011000111110001000101001011010001110000011110111010001010001001011000110101110111010101100111100000110010011000101101100111110001011011011001001000010111010011111011010011001100001110000111001100010000110010110101001001111011010101001,c06fc6a3f8374e980475305ddc41108553f8c0f4a7a1779dc024d5ceaae1cfed,bernoulli,bernoulli|conj|p=0.5|zero=allow_iid|rng=MT19937-RandomState,0.5,allow_iid,0.001005503349006176,8.420459926128387e-05,0.0016171634197235107,0.0010694125667214394,0.020700094290077686,0.02448391728103161,0.00377628393471241,35,268,1,6,SAT_unsat_identifiable,1,boolean_factorization,exclude_x,exclude_x,0,2375,7171,0,1,0,1,0,0,0,1,1,1,0,0,0.006815115921199322
4,50,10,100,872745700,25,conj,glucose42,MT19937-RandomState,5.515012890100479e-05,10111011101101001010010111111101011001110000101001000001111011100101111100101010001111110101110010101011111111010010010000000010000000100101001101100010001111101000101011101011110011100101011001110001000001000011110001001101110110111000001010101000000101111000010010011100101000100011010000011000100110011110000010001001110100010111010111000100101011110100111001100001100100000110010011100000111110011011110000100001010011101011011110100110100001011010010010100110000110111101001010100101001010000011,fcadf883ee4514e5bdccae7c06c59102acd7bceef4beedf9ddb211618e64c691,bernoulli,bernoulli|conj|p=0.5|zero=allow_iid|rng=MT19937-RandomState,0.5,allow_iid,0.0010782135650515556,0.00010133255273103714,0.0016583474352955818,0.0010879123583436012,0.011181563138961792,0.015114493668079376,0.003925805911421776,36,362,1,6,SAT_unsat_identifiable,1,boolean_factorization,exclude_x,exclude_x,0,2314,7238,0,1,1,0,0,0,0,1,1,1,0,0,0.00716018583625555
4,50,10,100,872745700,26,conj,glucose42,MT19937-RandomState,4.552863538265228e-05,01010001010100110111111111100000011110010100001111111011000000001111101011111111011100101101101001110100110101101101010101010010011101100110101100010100001100001101011001010110001011110111101011000010011110110100111000011101011101111011001000101111000011110010000101010001000000110111000001010101110000010010000000001000010011000010010010011100101100111101111111111011011111100101100101011001001000011101110110001111100100011111010110001110011011110110110110100111011101111001101110110101100010101000,847062a2b8e51d9dfec4c4d4b324439c8e713c004137f62e8bfc658725f810a5,bernoulli,bernoulli|conj|p=0.5|zero=allow_iid|rng=MT19937-RandomState,0.5,allow_iid,0.0011367099359631538,8.661672472953796e-05,0.001530604436993599,0.001067708246409893,0.010976443998515606,0.014804585836827755,0.0038216393440961838,33,281,1,6,SAT_unsat_identifiable,1,boolean_factorization,exclude_x,exclude_x,0,2177,6685,0,1,1,0,0,0,0,1,1,1,0,0,0.006515338085591793
4,50,10,100,872745700,27,conj,glucose42,MT19937-RandomState,4.731304943561554e-05,01111011001100010010011100000111110101110101110010001110101111010001011010000011010100011010110001000010001111001010011000101010011001000010110000111111100000010110100001110011011100111110110001110110000001100001100110011111111111110011111011100000001110001010000001100101001110101101011110010011110111010100000001001101110011000111110000010011110001111001111111100010101011111111010000101001000010001100011010001111001000000111010111110101010100001001101100010010011100001001101111101100110100110110,5950251195851048f1a5448c6369afdab50108f5085bf3c7140dc8d9c02b3248,bernoulli,bernoulli|conj|p=0.5|zero=allow_iid|rng=MT19937-RandomState,0.5,allow_iid,0.0011664601042866707,9.574554860591888e-05,0.0016936594620347023,0.0010555516928434372,0.012717122212052345,0.01673466805368662,0.004011416807770729,37,307,1,6,SAT_unsat_identifiable,1,boolean_factorization,exclude_x,exclude_x,0,2423,7492,0,1,0,1,0,0,0,1,1,1,0,0,0.006867334246635437
4,50,10,100,872745700,28,conj,glucose42,MT19937-RandomState,5.4885633289813995e-05,00000111001101011101010100110010000101111110100001000101111101101111101111000001111110100110011010000011110101110110001101000001100100000101011010011011011000110101001011100111101100010011101100000010100110110110001000110111000010001001111110101111011010110111111101100101010111000100110000001110001100100110101111010010100110000100001101101001100100010011111100001101110111111010011101011100010100001110000000101110111110110010001010000010100011000000000100010011011101110110011110100111011101000001,0dae3519c7f83145a798648611f6e2405ca591917db4ff35d8602e11920ae0a0,bernoulli,bernoulli|conj|p=0.5|zero=allow_iid|rng=MT19937-RandomState,0.5,allow_iid,0.0009590918198227882,8.380506187677383e-05,0.0013632932677865028,0.0010601617395877838,0.010226352140307426,0.013699343428015709,0.0034663518890738487,29,374,1,6,SAT_unsat_identifiable,1,boolean_factorization,exclude_x,exclude_x,0,1801,5735,0,1,0,1,0,0,0,1,1,1,0,0,0.006553389132022858
4,50,10,100,872745700,29,conj,glucose42,MT19937-RandomState,4.901457577943802e-05,01111011000011001100011110111100000111011011101000000111101001010101111101111010001111111001111101100000001010001000001010000100000111001000111010010000001101111010001010011101010111110101110000100111101011000100101010111111010011111010010110110111010110011100101100111111101000111000011000111000011010011010111100100010011100100001101011100110111101011010111000110010000000110010100001100110100100000110101000110111010101011010101100110100001100011000110111110000001101011001001110100011000001011010,3a40f9bbd97c075db315234727841c6ba2433a5afe6eb62aeddaaf333e8b89fb,bernoulli,bernoulli|conj|p=0.5|zero=allow_iid|rng=MT19937-RandomState,0.5,allow_iid,0.0010255491361021996,8.514896035194397e-05,0.0016933353617787361,0.0010615326464176178,0.011515955440700054,0.015387622639536858,0.0038655661046504974,37,284,1,6,SAT_unsat_identifiable,1,boolean_factorization,exclude_x,exclude_x,0,2473,7547,0,1,0,1,0,0,0,1,1,1,0,0,0.00682787224650383
4,50,10,100,872745700,30,conj,glucose42,MT19937-RandomState,6.667152047157288e-05,11101111101000010001111000010011000001000110001101100000000001001000100010000101001100101000110011110110001110011100110101011111111111000101101100111111100111111100000100010101000000111111101101000111011001001101011011111000011110011101111011001111001101011110100111111001101010001110001001010010111101011010111100000100010101011110010011010111011111011111010011010110110010000010101111101110100100101111110100000000111010010000001001011110101101111001110100100111001101011110001101010111011000100000,3a8c7677268fce36798252e30d03dc5cafb8ef3effd40ebc85e4ce19f4345c15,bernoulli,bernoulli|conj|p=0.5|zero=allow_iid|rng=MT19937-RandomState,0.5,allow_iid,0.0010030176490545273,8.297991007566452e-05,0.0014360938221216202,0.0010654851794242859,0.02078230492770672,0.02437800168991089,0.003587576560676098,31,300,1,6,SAT_unsat_identifiable,1,boolean_factorization,exclude_x,exclude_x,0,2079,6309,0,1,1,0,0,0,0,1,1,1,0,0,0.006429084576666355
4,50,10,100,872745700,31,conj,glucose42,MT19937-RandomState,4.999618977308273e-05,00110101101001111000100001101111111001110000011101011000000010001110100111010010011111110101111001011111010000010111011100001110010001001110101100001110100111111001111001001100110000010110001001011110000100101000000000001011101111110101011100010111101010110010100010010001010101110100110011001001001111001100000010111101111010101110000001001010011010100010100001101000110110011000001000000001000110111100010010110100010100110010001010010101101011010000010001110101101000111010110000101010000111110000,831b05a982a178a7227fd4e714209abc45afb5388f73ddb9021aba75def4f2c0,bernoulli,bernoulli|conj|p=0.5|zero=allow_iid|rng=MT19937-RandomState,0.5,allow_iid,0.0010607698932290077,8.318666368722916e-05,0.001649639569222927,0.0010532038286328316,0.02872486412525177,0.03257845528423786,0.0038467999547719955,36,344,1,6,SAT_unsat_identifiable,1,boolean_factorization,exclude_x,exclude_x,0,2284,7205,0,1,1,0,1,0,0,1,1,1,0,0,0.0069856541231274605
4,50,10,100,872745700,32,conj,glucose42,MT19937-RandomState,4.8803165555000305e-05,10100110010110011000100110111101100110110011100000011111101011111000010001011000110111100101111110100111001000111011001001110101001000010100011110001010101010110101110001010000011111011101100000100100100100111010011001111110010111100111100110000100111010100011100000010110000001010111100110100010010011111111111011011110001111100111111100011010001001101000101101101100110100000000110001111010101010011010010111000001011110000110110110111001011101111000110100001100001110000111011011101111011101001110,656e157f8ea51c6143d1aa694e9f9970f20328b5786769be8b5758cf37bb7a7f,bernoulli,bernoulli|conj|p=0.5|zero=allow_iid|rng=MT19937-RandomState,0.5,allow_iid,0.0011024810373783112,8.046068251132965e-05,0.0015951106324791908,0.0010567186400294304,0.019094306975603104,0.022936525754630566,0.003834770992398262,35,283,1,6,SAT_unsat_identifiable,1,boolean_factorization,exclude_x,exclude_x,0,2375,7171,0,1,1,0,0,0,0,1,1,1,0,0,0.006700154393911362
4,50,10,100,872745700,33,conj,glucose42,MT19937-RandomState,4.936661571264267e-05,11111000101000010100110001000011010001100111101100111000110001100111000000001010111101100101110101011101011010011111001100010110111110011001011000111101101111110011001111010100001010110010111111111001011110011100101111000001101010100000101010100110111001110111110100000101100000011100001000111011011101001100100100100000100101101111110100101011010101101100011000111111001001010111100001000110100100000011001001001010010000010100100011011110000000010010100000110100110001111100101111110101011111011011,ed7163670d589f29f06cde5e09b5d0e2871e83ddf3b6f37987f8ec75b15b55e2,bernoulli,bernoulli|conj|p=0.5|zero=allow_iid|rng=MT19937-RandomState,0.5,allow_iid,0.0011009350419044495,8.50781798362732e-05,0.0014697527512907982,0.0010412130504846573,0.010139540769159794,0.01384334359318018,0.003696979023516178,32,381,1,6,SAT_unsat_identifiable,1,boolean_factorization,exclude_x,exclude_x,0,2028,6387,0,1,1,0,0,0,0,1,1,1,0,0,0.0068063801154494286
4,50,10,100,872745700,34,conj,glucose42,MT19937-RandomState,6.298813968896866e-05,01001011110010110101101101101110010010000000001001110010011010000101100001000110100101100100001000100011010111110110001010110000101101000101000111010000111110100010101101100010110010001011100110111000111101101100111010011101000101000101100110000110011100000000011101101110101100001101011000100011011000100111010100110011100011010000000101011011010100110101011100010111100011000101010111111110111011101011111101100111011001101000101101011000111011111110000010000000010010001011111110011110000000001111,0340e8a2def2ca5475302032a6a3566458740fde66cdcb6644cea65d1e940f4a,bernoulli,bernoulli|conj|p=0.5|zero=allow_iid|rng=MT19937-RandomState,0.5,allow_iid,0.0010781548917293549,9.201653301715851e-05,0.0016087396070361137,0.0010780766606330872,0.01074482686817646,0.014608506113290787,0.0038569876924157143,35,358,1,6,SAT_unsat_identifiable,1,boolean_factorization,exclude_x,exclude_x,0,2235,7017,0,1,0,1,0,0,0,1,1,1,0,0,0.007046949118375778
4,50,10,100,872745700,35,conj,glucose42,MT19937-RandomState,5.9164129197597504e-05,10011011111000110101000011101100110101011111000000110100111101100000111010011111100110010111111000011101001111010110000111100101010110011110101010001001110111000010111010101010001101101011101011110010011000101101111000111011011001000011011010111001001110001110010100111110100111111001011000100110001111001111100111100001011110111100001011101100101000111100101010011100110010110101110111101011100000110100101110010011111111110011001100100111100111111011000110001011011011110000110100000111100000011111,308595b151e3eb13ade7b74284d43155e94acb267d4c6f640ec1920577bfb551,bernoulli,bernoulli|conj|p=0.5|zero=allow_iid|rng=MT19937-RandomState,0.5,allow_iid,0.001014113426208496,0.00010235793888568878,0.0018059192225337029,0.001062958501279354,0.04460244718939066,0.04859435651451349,0.003985349088907242,40,213,1,6,SAT_unsat_identifiable,1,boolean_factorization,exclude_x,exclude_x,0,2940,8463,0,1,0,1,0,0,0,1,1,1,0,0,0.006780638359487057
4,50,10,100,872745700,36,conj,glucose42,MT19937-RandomState,4.8879534006118774e-05,10000000000101001000010010110000011100100011111011000011011100101101110011011110011011011010000011100101111111000001100001000010111110011001110011101010001110001110101101000100001110000100111010100001010110111111111111101011111010010111010100110001001001011000010011101011110000000001101110100011101001110001001111011110000000110110000111011010101101110001110010110010111101011000101001111011111100001001011110010000000110100000110010000100000101101000001010110110101011100010001001000101010101001001,e94cf78a63d00528c52411498c778b1daf81ae806c3ff6c538bf75e3920cff0d,bernoulli,bernoulli|conj|p=0.5|zero=allow_iid|rng=MT19937-RandomState,0.5,allow_iid,0.0011246055364608765,9.062979370355606e-05,0.0016115978360176086,0.0010704267770051956,0.015817053616046906,0.01972175855189562,0.003897259943187237,35,391,1,6,SAT_unsat_identifiable,1,boolean_factorization,exclude_x,exclude_x,0,2245,7028,0,1,1,0,0,0,0,1,1,1,0,0,0.007146649062633514
4,50,10,100,872745700,37,conj,glucose42,MT19937-RandomState,5.3998082876205444e-05,11100000100011100110010011001100011000100001000001110111010011110011101011111010110010110011110000000110011101011001100101101110111010101111101000111011011010111011111110100011111101010011110111110001001010000010110100100011011110011011011110111000000001001100000010000111101101100001110111011111101010100001001011111001110010100100010110001111101101101110100101011001111000010101111110001111100110111010011000110101001011011011111111111001101010001101011010101001100011111011000000101110011100011111,fa42a99d3e1952a4629263ae1836ffe5308a0da55431de7ac12cd5dc28fb770f,bernoulli,bernoulli|conj|p=0.5|zero=allow_iid|rng=MT19937-RandomState,0.5,allow_iid,0.0011497437953948975,9.94410365819931e-05,0.001644558273255825,0.0010700486600399017,0.013105004094541073,0.01707474049180746,0.003963791765272617,36,291,1,6,SAT_unsat_identifiable,1,boolean_factorization,exclude_x,exclude_x,0,2504,7447,0,1,0,1,0,0,0,1,1,1,0,0,0.00671404879540205
4,50,10,100,872745700,38,conj,glucose42,MT19937-RandomState,4.97717410326004e-05,10100101011010111011010010100100001011100101100010101111111100110101010000111010110110101100110111111101110101010000001001111111000100010010010110100001010100011000101000110110101110101001011111011011000111101001001111111111101001111010110010110111100111000111010011010011101001101111011001011001011000010010011000110100111100010100100100011000111100111011111101111010010100001000010111110111100001001010111111111001010110011010010001111011110101100001110000111000001110010110110100111101000111100111,bf70e2ca47179a66b7f4391a8655107818967b02cf4e8350b6717efd71361f1f,bernoulli,bernoulli|conj|p=0.5|zero=allow_iid|rng=MT19937-RandomState,0.5,allow_iid,0.0010520601645112038,9.011849761009216e-05,0.001448121853172779,0.0010706791654229164,0.031214475631713867,0.034881782718002796,0.0036609796807169914,31,248,1,6,SAT_unsat_identifiable,1,boolean_factorization,exclude_x,exclude_x,0,2089,6320,0,1,0,1,0,0,0,1,1,1,0,0,0.00621707271784544
4,50,10,100,872745700,39,conj,glucose42,MT19937-RandomState,4.857592284679413e-05,00010010011110010010010000001101100100111110101001110000110111110111110110010101000000010010010111000101011110001110111110111100000110011110010001110010111010000110000100000011001101000001001000100110100100010111000000000111111111110010100001101001101111010000000110111000010100100001001001001110001111101011010000010010001110110000110000100000010000000100010110000110010101100000101110110100001111000111000010110101010000101110010111101111011011100011000001001001110100001111011110001001000111000001,2d213a146dbcf6bfe7d1f06956fd8ba4921ffb8bd89f1b0362369919830cd546,bernoulli,bernoulli|conj|p=0.5|zero=allow_iid|rng=MT19937-RandomState,0.5,allow_iid,0.00115189328789711,9.047891944646835e-05,0.0017782021313905716,0.0010700533166527748,0.010619550943374634,0.01471712626516819,0.004090627655386925,39,433,1,6,SAT_unsat_identifiable,1,boolean_factorization,exclude_x,exclude_x,0,2381,7714,0,1,1,0,0,0,0,1,1,1,0,0,0.007609287276864052
4,50,10,100,872745700,40,conj,glucose42,MT19937-RandomState,6.576068699359894e-05,10011101100010010001110011001100101101000001101000100100000000111100001111110001010110111010101110011001010101111100101110000111101100000001111110011000110011011101011111100000000100011011100001001010010100011100101000111001110000011110001100110010110000111011101100110101011111000010110111000001100111100111110100011011101100001010100110001100001010111111001011000101110011000010000011110010111011111011000101000101011010111011100110101110100000111111111011111100100110011001101001101111111110101100,e546551bd4fd8a1e0e2b7a2c2a25200f82521e02b45b2289e7b484c405076694,bernoulli,bernoulli|conj|p=0.5|zero=allow_iid|rng=MT19937-RandomState,0.5,allow_iid,0.0011560358107089996,9.398721158504486e-05,0.001679905690252781,0.0010737096890807152,0.023058468475937843,0.02706924919039011,0.004003638401627541,37,320,1,6,SAT_unsat_identifiable,1,boolean_factorization,exclude_x,exclude_x,0,2493,7569,0,1,0,1,0,0,0,1,1,1,0,0,0.007031566463410854
4,50,10,100,872745700,41,conj,glucose42,MT19937-RandomState,5.501694977283478e-05,10101111111101011011000001100010000001111010111000001101010111010001010110011010011110100111111000001010110000101010110110010001110101000000010110011110100110101011100100001111011101010100100110011111100000100100011111011011010010100110111100111011000000001111101001000100101101001010111110010110000010001001110011010110110101011111101110001010010111001100001111111011100101110011010000001101100100000111001011001010111100111001100011011101001100101010011100111000100011000100000100000011000011100000,c7e7f10c953828b478b7e08d5e161c080fa1177a4fd35222ce17c0507aab6c2b,bernoulli,bernoulli|conj|p=0.5|zero=allow_iid|rng=MT19937-RandomState,0.5,allow_iid,0.0010457094758749008,9.283050894737244e-05,0.0015311967581510544,0.0010658763349056244,0.014807267114520073,0.018550047650933266,0.003735613077878952,33,353,1,6,SAT_unsat_identifiable,1,boolean_factorization,exclude_x,exclude_x,0,2127,6630,0,1,0,1,0,0,0,1,1,1,0,0,0.006783260963857174
4,50,10,100,872745700,42,conj,glucose42,MT19937-RandomState,5.0786882638931274e-05,11000011001111110000011111110100100001000010010101000000110101011001100101000000010010110010011110011100010110001000111111111011001011000000101101010001100111001001100111111101010110101111010111010110001001101011110110011000010111000111001110000111100111000100010110000000100000010000001110111110010110001101101011110010001011101111100101110000010001011100110100100001101011001001101100011001101001100011100001011010111100011111111011001100100110001001111001000111011001110111010110000101001111100001,a232b039641c34b8003f66d5a4cc7bb8f42d42baf800ff8e71f119736a4f9457,bernoulli,bernoulli|conj|p=0.5|zero=allow_iid|rng=MT19937-RandomState,0.5,allow_iid,0.001046985387802124,8.55904072523117e-05,0.0015212222933769226,0.0011065267026424408,0.013446400873363018,0.017213962972164154,0.003760324791073799,32,320,1,6,SAT_unsat_identifiable,1,boolean_factorization,exclude_x,exclude_x,0,2108,6475,0,1,0,1,0,0,0,1,1,1,0,0,0.0065906113013625145
4,50,10,100,872745700,43,conj,glucose42,MT19937-RandomState,5.059968680143356e-05,11110000001000001001111111110001010110111100101101101100011001111110001011100001010101100010100101111110100001010111101001101101010011110100000010111111000100110101010111101001100000100010110011011100010000000001111001110001100110011100000101111101111000010000100101000010100000000001011011110000011100100010101011011010111100110010000111000100001000100001101000110000001110000001000100010010100110010001010111110010100101111011101000100110000011100111011111000101000100111100010100000011111001010100,c549448a103cf49cba73c22219ddd24dd7841d9d57379852f9ec8eec7b462f78,bernoulli,bernoulli|conj|p=0.5|zero=allow_iid|rng=MT19937-RandomState,0.5,allow_iid,0.0011090412735939026,0.00010108016431331635,0.001736457459628582,0.0011060424149036407,0.03808328974992037,0.04214360844343901,0.004052621312439442,37,365,1,6,SAT_unsat_identifiable,1,boolean_factorization,exclude_x,exclude_x,0,2363,7426,0,1,1,0,0,0,0,1,1,1,0,0,0.0072409361600875854
4,50,10,100,872745700,44,conj,glucose42,MT19937-RandomState,5.1777809858322144e-05,11000000011111111011011001101010011011100010111110101011001000111111001000100111000110111010010011101001001111111100001001111010101010100011110111110011001111010010011110110001001110000000000100000011011100111011101001000111111110100101110011111111010001001001101010100010101111111100011010111110110010000111110011010011001100000111110011001111110011010001101010100001111110110110110000101111000010100110100011110110000001010000111111010101111000110000110010010010100010100111001010110001111011100101,048ff03c49ebedccdba4c2fad0df8ac174e9e55fde365cfdef8d2dc23df53a27,bernoulli,bernoulli|conj|p=0.5|zero=allow_iid|rng=MT19937-RandomState,0.5,allow_iid,0.001074245199561119,8.351169526576996e-05,0.0015600956976413727,0.0010668383911252022,0.03352521080523729,0.03731726482510567,0.003784690983593464,34,237,1,6,SAT_unsat_identifiable,1,boolean_factorization,exclude_x,exclude_x,0,2356,7016,0,1,1,0,0,0,0,1,1,1,0,0,0.006476118229329586
4,50,10,100,872745700,45,conj,glucose42,MT19937-RandomState,4.599522799253464e-05,10111001000001011110000000110001001101111010011111111110011110111011110110110100010100100110101101010110011010010101111111010101100110000101111011010111010111110000011010010010100011010010000100001101101001000011111101100110110000111000010111101000101000101000111111100110100010011111111010111000101101110101010001100110110011111011001110111010110101101101011010010000001111100010111111111000110010010010010001000100111010011101100010000011101001010101110111100010010101011000000010001010111001011101,a2de0a199e79a7730a970d8aba3b0faba9dcddceb196877b9653b76d175c0e49,bernoulli,bernoulli|conj|p=0.5|zero=allow_iid|rng=MT19937-RandomState,0.5,allow_iid,0.0010857824236154556,8.266232907772064e-05,0.0014508608728647232,0.001057344488799572,0.01836907584220171,0.022052237764000893,0.0036766501143574715,31,345,1,6,SAT_unsat_identifiable,1,boolean_factorization,exclude_x,exclude_x,0,1999,6221,0,1,0,1,0,0,0,1,1,1,0,0,0.0066292062401771545
4,50,10,100,872745700,46,conj,glucose42,MT19937-RandomState,5.042552947998047e-05,00001100110010000110011100000011010111101010011111001111111001001100111001000000110011111110110000001001100110101101001010010010101110111010110001011111000110111011000110100011011000111011101110101001010111100001100100001000000001010110111101010000101010011010000010101000101110101101010111110000010101011011110010011100010100100101101110110110111100000001000111001001111100111001110000101011010100110111111111100111001110001101110101111000001000000001011010101011110101000011010110101100100111001001,4335c49ea477a19e91d0e9b6bd791fbdcd5cb863bbda59dd971838ab16de7e5e,bernoulli,bernoulli|conj|p=0.5|zero=allow_iid|rng=MT19937-RandomState,0.5,allow_iid,0.0010027773678302765,7.867906242609024e-05,0.0014836005866527557,0.0010590245947241783,0.013705885969102383,0.017336412332952023,0.0036240816116333008,32,319,1,6,SAT_unsat_identifiable,1,boolean_factorization,exclude_x,exclude_x,0,2108,6475,0,1,1,0,0,0,0,1,1,1,0,0,0.006713340058922768
4,50,10,100,872745700,47,conj,glucose42,MT19937-RandomState,4.741549491882324e-05,11101111001000101001010110010010100000111100100011100000000001001101111111110011000100011000111000001111101011101011110011010011100001110010100000110111000010110101010111010010111111110010000110100001000111110100001010111100100111101010101100111000110010100011101000011001011010111101100100000011110100100010000011111000100000110100111001101011010000010100000000111101010001110100111101111111010100111110110000101110011111001110001011101000101001000011100110100110001100111100101010000000010011111100,44cea92feb94064561084d416510b20a8f1d93d861313bedeb40759a0590d8ad,bernoulli,bernoulli|conj|p=0.5|zero=allow_iid|rng=MT19937-RandomState,0.5,allow_iid,0.0010629845783114433,9.421911090612411e-05,0.0016020433977246284,0.0010574255138635635,0.03615846764296293,0.0399814210832119,0.0038166726008057594,35,330,1,6,SAT_unsat_identifiable,1,boolean_factorization,exclude_x,exclude_x,0,2305,7094,0,1,1,0,0,0,0,1,1,1,0,0,0.0068459296599030495
4,50,10,100,872745700,48,conj,glucose42,MT19937-RandomState,4.626251757144928e-05,11010110011111001101010001110010111000001110110011011100110110100111011010100010001001110111111010000111000101001011001001010111101000100000100010010000100100001011111011110110010000000101010101101101110101111110001111100001001011111100001000101100001000001110100110101011000101100000111010010100111000111001001111011001000000100000011100011011011100000011110000000111011011000010011011101001100110111001010001010010011001011100010001011001011010010011001101001011110111101111011111111111100100101111,aa4d58a9d2eca6383d2187c5625d75ff3174961bd7e2d15aa1015740f8dde514,bernoulli,bernoulli|conj|p=0.5|zero=allow_iid|rng=MT19937-RandomState,0.5,allow_iid,0.0010972749441862106,9.422376751899719e-05,0.0017683124169707298,0.0010766563937067986,0.01459450926631689,0.01863827183842659,0.004036467522382736,39,327,1,6,SAT_unsat_identifiable,1,boolean_factorization,exclude_x,exclude_x,0,2601,7956,0,1,1,0,0,0,0,1,1,1,0,0,0.007220807485282421
4,50,10,100,872745700,49,conj,glucose42,MT19937-RandomState,4.796124994754791e-05,10110110100110010100110001111110110111111110001011001111000100011100000101010111011100010110101001110011111000110101000001111001100010000110001001011110010100101001010010011001101100110001011110011110010011101110101110101010101100000110110011001011110010011011111011100101000100000010101111000010011110100001010111010100011011101000000111000011100100011001011101000010111000001010000100110011101110000000110101111101101100111010110100100101000111111000001100110100001101100110011111011101001001110000,c75285cff351e55a2c5ddbb4d55dcb26b56caa449430db44af0a190f7f6ac5b1,bernoulli,bernoulli|conj|p=0.5|zero=allow_iid|rng=MT19937-RandomState,0.5,allow_iid,0.0010897312313318253,9.946711361408234e-05,0.0018410077318549156,0.0010851938277482986,0.0259928060695529,0.03011512104421854,0.004115399904549122,40,316,1,6,SAT_unsat_identifiable,1,boolean_factorization,exclude_x,exclude_x,0,2730,8232,0,1,0,1,0,0,0,1,1,1,0,0,0.007275930605828762
4,50,10,100,872745700,50,conj,glucose42,MT19937-RandomState,8.766725659370422e-05,00000011111000100101110101111010011101101100101101101111101011101011011001000111000101010111011110000001110001101110010110110111000101101101001110111111011100000100101011100110001110101111011001111010011011111000010001000010000011000011000111110000000100110110010001101110010010111110111001110011000111011110100010101100000110111111000001000011100111011000010100111001101011011111000000001000001010011110010111010011100111111100000001110001110000000000011100110000100111001000100011101100001000001111,d5c810250fe328d338d1a6c82983ecb4570ef2ebdb06df6ef65bab55195bf402,bernoulli,bernoulli|conj|p=0.5|zero=allow_iid|rng=MT19937-RandomState,0.5,allow_iid,0.0011014528572559357,9.764358401298523e-05,0.001615040935575962,0.0010565919801592827,0.014873219653964043,0.01875142566859722,0.0038707293570041656,35,319,1,6,SAT_unsat_identifiable,1,boolean_factorization,exclude_x,exclude_x,0,2325,7116,0,1,1,0,0,0,0,1,1,1,0,0,0.006852730177342892
4,50,10,100,872745700,51,conj,glucose42,MT19937-RandomState,4.75514680147171e-05,10101111000100010010101011100011000011010111100101010000110001011010110111000111001100001010111010011111010011010010010101010100000101110001101001001000010101000010001100101111110001101011001101101111101110111111011110100110001100101011000000101101101001111101110010011001010111001100110100101001110010010001001101100100101100011001001100000011010101010011001011000100000001111011101101000011000000011111010110000010001001000010011000011011100000011110101000001010001000010100110000100011000001110001,652c5cf8e4cf8b45eca8284d8696926f5bdc7b847633662f8f1c1c7605f6bde5,bernoulli,bernoulli|conj|p=0.5|zero=allow_iid|rng=MT19937-RandomState,0.5,allow_iid,0.001048005186021328,9.063445031642914e-05,0.0016736947000026703,0.0010657710954546928,0.015040040947496891,0.01892465353012085,0.0038781054317951202,36,398,1,6,SAT_unsat_identifiable,1,boolean_factorization,exclude_x,exclude_x,0,2314,7238,0,1,0,1,0,0,0,1,1,1,0,0,0.0072143906727433205
4,50,10,100,872745700,52,conj,glucose42,MT19937-RandomState,4.523247480392456e-05,00011101010000111100000001111011001110011101000011001001100111110100111001001010100011111001111100101000001101111100000001001101001111100100110001110110001011100101101001011111010010010000111110110011001000110100101011001110000010100100100001001001101111100011110110010100100010110101100110100001010011111001010111101110100101110001110111010010011100001111110010110111111100110100010001101101101010010000000001110101110010111111000111110111001001010110100110110100010100111010000011100001011000101110,2b4a7a37cc79ff50030e625782e2ed320603e73347f4cf56498459df952ce30a,bernoulli,bernoulli|conj|p=0.5|zero=allow_iid|rng=MT19937-RandomState,0.5,allow_iid,0.0010850857943296432,9.121745824813843e-05,0.0017139539122581482,0.0010559260845184326,0.022592655383050442,0.02654499188065529,0.0039461832493543625,38,297,1,6,SAT_unsat_identifiable,1,boolean_factorization,exclude_x,exclude_x,0,2592,7812,0,1,1,0,0,0,0,1,1,1,0,0,0.007067385129630566
4,50,10,100,872745700,53,conj,glucose42,MT19937-RandomState,5.3707510232925415e-05,00010101101001000011001010111101010001010011011011100010101100110010010111111000100100010101011001000110111110110111001101011001010100010001000001110111110100001001001100000010011101001101110101101001100011100010100111001001010100000010010101100000110011010001010110011000000010100111111010000111110011101001111011100100100000100110111011101111011001101101100110010010111110010010100101100011110110000000000011100110001101101000111011110001101011001011011110010111110011000111101010010010010101011010,827f6c636ab3c06ec1dcf1d643f901ca3c9d3e01edeece2c3213e8a196bc103a,bernoulli,bernoulli|conj|p=0.5|zero=allow_iid|rng=MT19937-RandomState,0.5,allow_iid,0.0010535446926951408,9.244121611118317e-05,0.0016819285228848457,0.00105365552008152,0.010666229762136936,0.014554796740412712,0.00388156995177269,37,325,1,6,SAT_unsat_identifiable,1,boolean_factorization,exclude_x,exclude_x,0,2463,7536,0,1,0,1,0,0,0,1,1,1,0,0,0.007068891078233719
4,50,10,100,872745700,54,conj,glucose42,MT19937-RandomState,4.865135997533798e-05,01010011110101001000000011010010110001001100011101011101101101110011011111000000010110001000011011000101001011101001001110100001111011001101110011111101111110010011111111110011000110000100000000000110100110101101000001111101001101110001010100000011111010101010011100100100011000111011111111110101101010001101101110010011110111011110110000110111101110100000010110100101011011110001011111101100111011011111111001010101001001110010101000000100111011111110000001101011001001010110010010010001110110100000,26a776e39b23d6baa79285e62a62fa65cce7bbdc3eb336291c65a59f62aad989,bernoulli,bernoulli|conj|p=0.5|zero=allow_iid|rng=MT19937-RandomState,0.5,allow_iid,0.0010894965380430222,8.983258157968521e-05,0.0015896335244178772,0.0010427609086036682,0.02321320865303278,0.027032035402953625,0.0038117235526442528,35,316,1,6,SAT_unsat_identifiable,1,boolean_factorization,exclude_x,exclude_x,0,2335,7127,0,1,0,1,0,0,0,1,1,1,0,0,0.006830260157585144
4,50,10,100,872745700,55,conj,glucose42,MT19937-RandomState,4.878174513578415e-05,00110010010111101101011000011011111100001001101011101110100000100001001100101111101111010001000001011111110101111110001100110110100100100011010001101101010110111001011000111111010011000001110010001101101000101001001101100100101110101001111000001000111111010100000101000110101001100011100101000101000001100000110111111111000100001000010110001110010100111011101000001001101100000011010100101101001100101000110001010011110101000111000111110000001110001011000100011110001000011010111110101111100000100010,a4ec5f5a97561c5d58db0f0e9b83a61af8fa578f054660f018f56113cd4235a0,bernoulli,bernoulli|conj|p=0.5|zero=allow_iid|rng=MT19937-RandomState,0.5,allow_iid,0.001158277504146099,9.859446436166763e-05,0.0016888892278075218,0.0010530296713113785,0.013557465746998787,0.017562882974743843,0.003998790867626667,37,368,1,6,SAT_unsat_identifiable,1,boolean_factorization,exclude_x,exclude_x,0,2343,7404,0,1,0,1,0,0,0,1,1,1,0,0,0.007157882675528526
4,50,10,100,872745700,56,conj,glucose42,MT19937-RandomState,4.5552849769592285e-05,01010001100111101011000101111001001001000011001011011000000110001111100101110001001110110100000101101000011011001010100101100110111101011001100001000110011000101000001001000100111010100001100110100000101011101001000111110000111000000100101101001110101010001000010001010001111110011101000010101101111001000111110001111001100100100100111000100000001111010010110010001000101100001111110110101100011000111101010001000001110011000110000101000100101111011000010101111010101010011001001010101100011001110010,df806ad25ae66c7004d04b8123e4bfb55dcbf09de78b5868b81fe2a2ad0c6504,bernoulli,bernoulli|conj|p=0.5|zero=allow_iid|rng=MT19937-RandomState,0.5,allow_iid,0.0010587573051452637,9.334180504083633e-05,0.0017111636698246002,0.001043461263179779,0.01584716234356165,0.019760508090257645,0.003906724043190479,38,415,1,6,SAT_unsat_identifiable,1,boolean_factorization,exclude_x,exclude_x,0,2372,7570,0,1,0,1,0,0,0,1,1,1,0,0,0.007406454533338547
4,50,10,100,872745700,57,conj,glucose42,MT19937-RandomState,4.6527013182640076e-05,10010100011101010110000100110111000110110100101111111110001101001100001011000010010110000000100110010101100101111011101101010010000001001001011011001000001010001110000111101011011100000110011111011010011000001010111010001101011101000011001000011101010000011010110001100100101100111001110100110011101011001111110001001100011001100100101100110011100101011001110110111101101110111100000001101110110011011011010000001101100101110101100010111111000110001110010110000111111100000110010101010010100110010010,454ea5242c73ec2bf98caaf78534984b5994fe9bfc60a3051d08f37f632fe943,bernoulli,bernoulli|conj|p=0.5|zero=allow_iid|rng=MT19937-RandomState,0.5,allow_iid,0.0011015692725777626,8.409470319747925e-05,0.0016925791278481483,0.0010796943679451942,0.013481500558555126,0.017447196878492832,0.0039579374715685844,37,305,1,6,SAT_unsat_identifiable,1,boolean_factorization,exclude_x,exclude_x,0,2503,7580,0,1,0,1,0,0,0,1,1,1,0,0,0.007336455397307873
4,50,10,100,872745700,58,conj,glucose42,MT19937-RandomState,4.754960536956787e-05,00110101100010000001000100010010011001100111001001100110101000110111111101101100100101101010000110011111100100101111000101000111100010110011111110111010100010101101010001110100011111011011010100011000111110010111010100111011011110000101001110001110010100001101010101011010110010111110111100011100010111111011010011001100010011111010101111110101101000011000011011101001101101111111011010011111100000011011110011100010011111010110010101010101101000011101101100111101100010000110000011101010100101001010,a061f9d474413798034bbb7ffc5905ad0c3ec25c84971291a432b4e988d6ec43,bernoulli,bernoulli|conj|p=0.5|zero=allow_iid|rng=MT19937-RandomState,0.5,allow_iid,0.0011836467310786247,9.236764162778854e-05,0.0017623119056224823,0.0010524792596697807,0.01680748350918293,0.020904417149722576,0.004090805537998676,39,283,1,6,SAT_unsat_identifiable,1,boolean_factorization,exclude_x,exclude_x,0,2711,8077,0,1,0,1,0,0,0,1,1,1,0,0,0.007023819722235203
4,50,10,100,872745700,59,conj,glucose42,MT19937-RandomState,4.548206925392151e-05,00000100111000100001111010111101110000111100101001111100011010001000101011110111001100011011001101101111011111011101000000110110010101100010100100001001000110101001110011110111001111100110101111100101111001101011011111001110010110111000111010100000011100000001001001010011001101010100000001110010110001101111100011111011100000011000011011100110100100000000000000111010000100100110011101011011101101110101010001011111000011100000010111110100100110010110000001001010000100110011101111101100111110001100,b335e36d61e1ece3ad07bfd76fa32040ca1cc8c604039ea0c8e457e1876b3431,bernoulli,bernoulli|conj|p=0.5|zero=allow_iid|rng=MT19937-RandomState,0.5,allow_iid,0.0010431809350848198,8.566770702600479e-05,0.001514490693807602,0.0010568220168352127,0.0281722042709589,0.031878876499831676,0.0037001613527536392,33,318,1,6,SAT_unsat_identifiable,1,boolean_factorization,exclude_x,exclude_x,0,2127,6630,0,1,0,1,1,0,0,1,1,1,0,0,0.006763743236660957
4,50,10,100,872745700,60,conj,glucose42,MT19937-RandomState,9.559374302625656e-05,01001111011111110110011001100000100100010000001110100101111010010011110011100100010001010000110110011011011111010001110011000111011010100011100001110011010110100110101001111011101100001001011111010010010010101001011010111111010000000100011010001001101101101010010111011110101001011001101010010001110010101010011001010010011000100100110110011100001011110110010101100111111100111001110111010010001000001110001001111100000101000110000010110011100011001111111000110100111001100010001011010001100100111000,1d41a48db97d5c364c559ab5c97028e2df090df789279e2896a4fa28ffcb6eea,bernoulli,bernoulli|conj|p=0.5|zero=allow_iid|rng=MT19937-RandomState,0.5,allow_iid,0.0010565761476755142,9.337626397609711e-05,0.0016299430280923843,0.0010960539802908897,0.01802513562142849,0.021908857859671116,0.0038759494200348854,35,287,1,6,SAT_unsat_identifiable,1,boolean_factorization,exclude_x,exclude_x,0,2315,7105,0,1,0,1,0,0,0,1,1,1,0,0,0.006780712865293026
4,50,10,100,872745700,61,conj,glucose42,MT19937-RandomState,4.911329597234726e-05,00011000110010111101101100111101110100110110100110000101010111100100111011010001110000111100010101111110001110111111001010100100101101110100111101111110110110101010000110110111101010111101100111111100000111010000110100001010110110010101000000000111000011011001111100010100000100000000010111001010011110110101010110101101110001000001110010101100111010001110010001011111000001010001001011111101001000011111110100010001000110011000101000101001101101100011000100001100001101001101011011010110000100110001,ca5f0ecad1e7924308a20ebf44baa98674027f948681130a30c62cb8ce70245a,bernoulli,bernoulli|conj|p=0.5|zero=allow_iid|rng=MT19937-RandomState,0.5,allow_iid,0.0010880278423428535,8.279271423816681e-05,0.0016071172431111336,0.001072695478796959,0.014638056047260761,0.018495668657124043,0.003850633278489113,35,280,1,6,SAT_unsat_identifiable,1,boolean_factorization,exclude_x,exclude_x,0,2345,7138,0,1,1,0,0,0,0,1,1,1,0,0,0.006695535033941269
4,50,10,100,872745700,62,conj,glucose42,MT19937-RandomState,4.5627355575561523e-05,10010110111000001101010111000101110111110100010001000110110011010010000100101100010000100101101000101111010111001000110101110010101011000101011000010111100010011101110111001000011011100100011100110010110101100010010011100010001011101011001111111010111010110011111110101010111111110000010110010010101011000100011010010011010111010101001100111000010000101100101001101001110101101011001001110011011110001000000010010110001110010100111000110000110001011101010010001011100001110101100010001000110010000110,73de08b0903b0829153cffa535809505ba7eb508eea7e0a6e4535761c630e248,bernoulli,bernoulli|conj|p=0.5|zero=allow_iid|rng=MT19937-RandomState,0.5,allow_iid,0.0010380912572145462,9.131524711847305e-05,0.0015549547970294952,0.001043315976858139,0.020492310635745525,0.02422668505460024,0.0037276772782206535,34,334,1,6,SAT_unsat_identifiable,1,boolean_factorization,exclude_x,exclude_x,0,2176,6818,0,1,0,1,0,0,0,1,1,1,0,0,0.006807801313698292
4,50,10,100,872745700,63,conj,glucose42,MT19937-RandomState,5.098897963762283e-05,11110101001011011110010011111000100011111100111010100100011011000101001000110101001010001000111010100110001010110001111100111101000100111101111010111011101110010100011011110000000010000111111111100010110101010010101101101011000111000011110111101110010111101101001101011111101011111100110001100000100000011001001001001100001100111001011101001010110101101111100010011111100100101110111000101010101010111010100000000110001001100100100011100000011000110110000100011111001001100000101001101110011100101001,53ecbbbed6332e85b9234161180a569637d62873a7ffb57d097b822e4d83b641,bernoulli,bernoulli|conj|p=0.5|zero=allow_iid|rng=MT19937-RandomState,0.5,allow_iid,0.001147896982729435,9.793881326913834e-05,0.0018685152754187584,0.0010709874331951141,0.0436973050236702,0.047892008908092976,0.004185338504612446,41,285,1,6,SAT_unsat_identifiable,1,boolean_factorization,exclude_x,exclude_x,0,2839,8486,0,1,0,1,0,0,0,1,1,1,0,0,0.007133282721042633
4,50,10,100,872745700,64,conj,glucose42,MT19937-RandomState,5.101598799228668e-05,01000001101100100001011010001011101101101010110101100101000110010000111001111001011110011100101000110001011000001111010010100001100101001000101001000110000011110001001010001101111000001001010001011101000001011001110010010011111100110111000110010100001001001011100111001100111000010110111001010110010110010110110010000101011010000101110001101101110101000000101000100011011110100010101011110111111111011001000111111000111001101011000001101111111101101110101100110111000101000001011001100111111011100110,de760a18efd115f337c295365c8c6d36619d6355e44f8a683710518f98d6ec16,bernoulli,bernoulli|conj|p=0.5|zero=allow_iid|rng=MT19937-RandomState,0.5,allow_iid,0.0010592248290777206,8.216872811317444e-05,0.0015667350962758064,0.001063421368598938,0.01334359496831894,0.01712170708924532,0.0037715500220656395,34,316,1,6,SAT_unsat_identifiable,1,boolean_factorization,exclude_x,exclude_x,0,2206,6851,0,1,0,1,0,0,0,1,1,1,0,0,0.006675872951745987
4,50,10,100,872745700,65,conj,glucose42,MT19937-RandomState,4.394166171550751e-05,11100010001001101001100010000110011010011100001000010111000001011101100000110001011100010010000100010110111010100101010011010000010111000111101000010101100010000010000111100001000110100000111000001100011000111101000000011010011011000100010111101010110100101001010000010000110001100110110010000110100000100011011001111101100101100111000010110100110110001000000100000110000000000111110111100000011100101011001010111110001101011000011000111010111000011110001101000111010101101001001001001001100001100010,0dea2ba943f2be9abb9740f4eb6d765df4b2dae31388a55304cbe052facca890,bernoulli,bernoulli|conj|p=0.5|zero=allow_iid|rng=MT19937-RandomState,0.5,allow_iid,0.0010368302464485168,9.334087371826172e-05,0.0016233138740062714,0.0010888595134019852,0.01214644592255354,0.01599526684731245,0.003842344507575035,35,483,1,6,SAT_unsat_identifiable,1,boolean_factorization,exclude_x,exclude_x,0,2065,6830,0,1,0,1,0,0,0,1,1,1,0,0,0.007442350499331951
4,50,10,100,872745700,66,conj,glucose42,MT19937-RandomState,4.868023097515106e-05,11111101110010000111001000100001100001011010100010100110001000101100100010111000001100101101110110000010101101001100011010111111011010111100011101100100011110111011101100011011000000000101001000001111010111101111100010110000110000000110011100010001001111110011110110111100100111100010100110101110101000101000001010111101000000111101100011000000011000111001000000001110100100001111000111111011010100011101000011100100101010100010110101000000010000110100111110110010000111110111111000101011010010001001,365a637cd7ac318ebed117ad9c2d718f36fb77bc080de170435becb09abbdf6d,bernoulli,bernoulli|conj|p=0.5|zero=allow_iid|rng=MT19937-RandomState,0.5,allow_iid,0.0010832957923412323,8.386559784412384e-05,0.0015859119594097137,0.0010988600552082062,0.014568780548870564,0.018429439514875412,0.003851933404803276,34,376,1,6,SAT_unsat_identifiable,1,boolean_factorization,exclude_x,exclude_x,0,2116,6752,0,1,0,1,0,0,0,1,1,1,0,0,0.006995623931288719
4,50,10,100,872745700,67,conj,glucose42,MT19937-RandomState,5.021505057811737e-05,00110010010010001010111110110000000111100010101000010010001000001100101000000010110010000100001000000000101010100010101111010001101111101000001001000010110111101101100111001101111010111000000111001011001101011011010111011100100000011000111001111100011001111100100110100100011110011111000011110101111000110100010010100110111100110000101011100010011101100101111111010111001000001101000101111010010000111100110111111100001100011111110101101100110010001001100010000100000001101110001100000000111100110000,37c9bdff42e9a9b0ae7bd0ea115e55cf9e4c483d4b4f1dbc0bc6f1fc1de21dd5,bernoulli,bernoulli|conj|p=0.5|zero=allow_iid|rng=MT19937-RandomState,0.5,allow_iid,0.0010440303012728691,8.831266313791275e-05,0.0014772415161132812,0.001056264154613018,0.016574133187532425,0.020246938802301884,0.003665848635137081,33,376,1,6,SAT_unsat_identifiable,1,boolean_factorization,exclude_x,exclude_x,0,2057,6553,0,1,1,0,0,0,0,1,1,1,0,0,0.006982930935919285
4,50,10,100,872745700,68,conj,glucose42,MT19937-RandomState,4.8500485718250275e-05,11100001110011001101011011001100000101001010101001000001000001000010001000111011000001100110011011110111011110000111001101111001110111100001001110000101010000010001001000100011011110101110011101101000110011110001111111011101011111010110100001101001111100110100000011100001010111110010110100101010000100111000101110110111110010100101101011110110101011001001111010010110010111000000100001010100111101011101001001001010011100111101010100000111001000100110110101110001000100111011000110011111001111001011,f93abac4d86972a88d894d1c739f64303998e0d4f1d0201328a23bf25f5bcf70,bernoulli,bernoulli|conj|p=0.5|zero=allow_iid|rng=MT19937-RandomState,0.5,allow_iid,0.001057364046573639,8.045602589845657e-05,0.0016144504770636559,0.0010569645091891289,0.013362133875489235,0.017177661880850792,0.0038092350587248802,35,324,1,6,SAT_unsat_identifiable,1,boolean_factorization,exclude_x,exclude_x,0,2315,7105,0,1,1,0,0,0,0,1,1,1,0,0,0.007042577490210533
4,50,10,100,872745700,69,conj,glucose42,MT19937-RandomState,5.000084638595581e-05,10000111111100111001001100111111000100111000010011111000000011000101001000100111011111110011010011001111110100001110100110000101000000111001100000110100000011111111011000101111011110101101101011101100110000100110111111010101111101110110011101011100011010000010100101100100010011100011000000011011010011010010010110001110010001000111101110000100011001000011110001110111000111111010101110010101111010001010011110000111001100100001110000011101100000011001001100001110010100101010101011110011111011000010,9de3236f5caa389708f65554680e15575533cf9453c4dc0e4a66c914ce11c532,bernoulli,bernoulli|conj|p=0.5|zero=allow_iid|rng=MT19937-RandomState,0.5,allow_iid,0.0011198455467820168,9.679049253463745e-05,0.0017451029270887375,0.0010584453120827675,0.026181746274232864,0.030208713375031948,0.004020184278488159,38,311,1,6,SAT_unsat_identifiable,1,boolean_factorization,exclude_x,exclude_x,0,2572,7790,0,1,0,1,0,0,0,1,1,1,0,0,0.007181267254054546
4,50,10,100,872745700,70,conj,glucose42,MT19937-RandomState,6.925966590642929e-05,01010101000110101010000110101111001000010111001001011100100010110111111001001101001011000100010101100101101111000000100111110000101101010101001101110111110111000011100000000010000101010010101011011111010011100000110010010111000000000110010101001101110011111010100011010101100111011001101100010101010111110010101011101100011001101011001011100111101001000001100110010011111101000111100101100001110001001100100100101010000101100110010110100110111000000010010000110110001001101011011100111110001110000010,4c5049564b4cb8b548877cd98a11fdd7a8c5c27fb1a2e8554ce980071994964e,bernoulli,bernoulli|conj|p=0.5|zero=allow_iid|rng=MT19937-RandomState,0.5,allow_iid,0.0011043976992368698,0.00010314397513866425,0.0017933091148734093,0.001065860502421856,0.017246120609343052,0.0213215546682477,0.004066711291670799,39,329,1,6,SAT_unsat_identifiable,1,boolean_factorization,exclude_x,exclude_x,0,2581,7934,0,1,0,1,0,0,0,1,1,1,0,0,0.007107318378984928
4,50,10,100,872745700,71,conj,glucose42,MT19937-RandomState,4.730746150016785e-05,11001011001001110101100001010101010001101110011100100010000000100100110011100111000110010000101111111000110001010101001111100100101110000110111100101101101101111101101101001011110110100110100010000101010000011100100010010010110010000110111100101111100011100001111110101101101010101110110010100100111011001011011010100111010010001000110100111001010101011001001001110100001111010000000011001111111010101101101001101111000101011101110001010001010001011001001010001100010011101000101111001110101110110110,7de94bb65871db7f503383d5a30c5c7334d4765afb5a35dd21e33470452a10f2,bernoulli,bernoulli|conj|p=0.5|zero=allow_iid|rng=MT19937-RandomState,0.5,allow_iid,0.0011029783636331558,9.535346180200577e-05,0.0017756009474396706,0.0010453546419739723,0.030377479270100594,0.0344046400859952,0.0040192874148488045,39,318,1,6,SAT_unsat_identifiable,1,boolean_factorization,exclude_x,exclude_x,0,2661,8022,0,1,0,1,0,0,0,1,1,1,0,0,0.007192628458142281
4,50,10,100,872745700,72,conj,glucose42,MT19937-RandomState,4.985649138689041e-05,11011001010111010000001101111110111000101010111101011111010000000101011101011010000000101001111110111101001100001110111110110110001000001110101001110100110100101111000100101100110111011111000110010001011001111110111000010010110010001110010110110111100000101001100010011111100000011111010000110111110001011101111110101110000111110100111100010111101100111101011100110101010011110011101100011110100110110110111010111001000100110110001001000001100100111100001111111010000001101001001110011001101101100100,fc1a7be39d9827fe94fe33813d2ee72641fec3161f1d4a8512019d65f1f3ac99,bernoulli,bernoulli|conj|p=0.5|zero=allow_iid|rng=MT19937-RandomState,0.5,allow_iid,0.0009820237755775452,8.457526564598083e-05,0.0016330908983945847,0.0010559363290667534,0.020216872915625572,0.02397892903536558,0.003755626268684864,36,253,1,6,SAT_unsat_identifiable,1,boolean_factorization,exclude_x,exclude_x,0,2544,7491,0,1,0,1,0,0,0,1,1,1,0,0,0.0066496841609478
4,50,10,100,872745700,73,conj,glucose42,MT19937-RandomState,4.745740443468094e-05,00110110110011101011101001000101011010101000011001110110100011010001101111111110001111001011000010111000010000100010110000111010011111001011011000000100011110000100011001111110111100101001010000110000010011000100010101100001111010110011100101100101000100110101010000001001010111111011011110101101101010100100001111110100010010101100011001010000000111100000111101101011101111100111010011001011101100001101011111000010000010000101011101110010010001000111111001010010001110000010110000001110011010100001,1f913ea727f9f85ba051e62f7b48c70e58a1bc7082aa1dabf719f6089d0e113a,bernoulli,bernoulli|conj|p=0.5|zero=allow_iid|rng=MT19937-RandomState,0.5,allow_iid,0.001222372055053711,9.853485971689224e-05,0.0017624758183956146,0.001041141338646412,0.01540957298129797,0.019540274515748024,0.00412452407181263,39,360,1,6,SAT_unsat_identifiable,1,boolean_factorization,exclude_x,exclude_x,0,2511,7857,0,1,1,0,0,0,0,1,1,1,0,0,0.007319573312997818
4,50,10,100,872745700,74,conj,glucose42,MT19937-RandomState,4.475843161344528e-05,10000001101111011100101100100010010001011001100100011101001011101000000010110110101000011010000110011100100110100101110011101001000101111001100000001100001110110111011111110010001110011011001110100011101010000000000000110011011111010111111110110101000011101010001001110000101100111000010111010011011001100100100001101010111000000100110010110101000001000100001100101010011101100110001010111011000001101110101001100011010000110011011100101110110000000101101101011000110001101000101011101000111110100011,e751e3d0b0b73d8823ccfe1c5de6fb4af747e6f6db74a73a5a3c8780ce89e809,bernoulli,bernoulli|conj|p=0.5|zero=allow_iid|rng=MT19937-RandomState,0.5,allow_iid,0.0011067548766732216,9.439978748559952e-05,0.0018854029476642609,0.0010544490069150925,0.029540338553488255,0.033689224161207676,0.0041410066187381744,42,342,1,6,SAT_unsat_identifiable,1,boolean_factorization,exclude_x,exclude_x,0,2748,8520,0,1,0,1,0,0,0,1,1,1,0,0,0.007513698190450668
4,50,10,100,872745700,75,conj,glucose42,MT19937-RandomState,5.909428000450134e-05,11000111111001101110010001011011101110111010101110010111110011011110001111100111010111011011000001110000010100101000110101111000111110111000101011011010100010101110001101101110111100110011001111001010110010001011101000101110010010000100011000000101110011010000100000001011000111010100001001010110111110001101011011011011110010010110000110101010111100100111000100100000010100101000101101011011011001010010110110111100110000011110100010110001010101001100001100000000101000000111011010111110000110011011,06d4fbd9ce43936da2fe437b441d58d4388f0b33bd406f8ce368cb324f6d81e0,bernoulli,bernoulli|conj|p=0.5|zero=allow_iid|rng=MT19937-RandomState,0.5,allow_iid,0.0011022333055734634,0.0001137368381023407,0.0017007756978273392,0.0010703140869736671,0.014107799157500267,0.018102338537573814,0.0039870599284768105,37,351,1,6,SAT_unsat_identifiable,1,boolean_factorization,exclude_x,exclude_x,0,2483,7558,0,1,0,1,0,0,0,1,1,1,0,0,0.00724902655929327
4,50,10,100,872745700,76,conj,glucose42,MT19937-RandomState,4.479940980672836e-05,01011010010111110100111000001000101100110000000011111110110000100000111100000111010001101000100000110000101111111011110100001101101011011011000100110110010000110101101111110101000000001101101001011000000101101110011010110011100111011010000110010101011101101000010110010011100100000000010001010111010010011010101011111000101101111000100111101111010100111011001010010011000111100010110010010001110001111010101110110110011010011001100111111011010100101011011001001000010011111110101011110110111111111010,844a686f039a30e1006776cb6475844a62f7ce8ed6af87ce57ff4bfc79f986be,bernoulli,bernoulli|conj|p=0.5|zero=allow_iid|rng=MT19937-RandomState,0.5,allow_iid,0.0011024903506040573,8.73953104019165e-05,0.0017253970727324486,0.0010549947619438171,0.013314240612089634,0.017290680669248104,0.0039702774956822395,38,287,1,6,SAT_unsat_identifiable,1,boolean_factorization,exclude_x,exclude_x,0,2622,7845,0,1,0,1,0,0,0,1,1,1,0,0,0.007030961103737354
4,50,10,100,872745700,77,conj,glucose42,MT19937-RandomState,5.4341740906238556e-05,01011110001001010100100010010110001000101111010010011110011011111100001110111010100111000001010100000001010001111110101110101010110000001011011110100010001101001001000011110001101101100111000101100111100001010011110111101101010110101010000010011000111010000011001001100111000110010101000110001011111111111110100011101110101010100111010110001010110101011111000010011111100000111111010111100001010000100001000100011101110111010101000110111110011110001111110110001000000000000001011111110000001011111111,39a9d738e054eeee63db82fe5ac1ea408e09471d716dcbb9631335b9d32d561b,bernoulli,bernoulli|conj|p=0.5|zero=allow_iid|rng=MT19937-RandomState,0.5,allow_iid,0.0010762521997094154,8.866935968399048e-05,0.0014757150784134865,0.001047465018928051,0.024320019409060478,0.028015580028295517,0.0036881016567349434,32,303,1,6,SAT_unsat_identifiable,1,boolean_factorization,exclude_x,exclude_x,0,2128,6497,0,1,1,0,0,0,0,1,1,1,0,0,0.006598644889891148
4,50,10,100,872745700,78,conj,glucose42,MT19937-RandomState,4.649348556995392e-05,10100010110000110000100101001101100101111110111001010001001010100101001100001101101010100100001100000000001100010101001110101111110000100000010111000101001011000111111101101110101101100100101001000010100010100110101110111011100010010000011000001010011001100001001000000100110001011000101011010110111101011000101110010000111011101000011110100111111110010111000110001001100100111011101000011000001111111110110101100010100111001101000110100100010111001111101111010001010000010100101110101101000000000101,e9ff53ef4b9c681b3c8ec40c75c5a9c06bdaaa4cc6041c981928f74217bb4c56,bernoulli,bernoulli|conj|p=0.5|zero=allow_iid|rng=MT19937-RandomState,0.5,allow_iid,0.0010343659669160843,9.121932089328766e-05,0.0015203803777694702,0.0010567419230937958,0.009559542872011662,0.013268616981804371,0.003702707588672638,33,413,1,6,SAT_unsat_identifiable,1,boolean_factorization,exclude_x,exclude_x,0,2027,6520,0,1,1,0,0,0,0,1,1,1,0,0,0.007126455195248127
4,50,10,100,872745700,79,conj,glucose42,MT19937-RandomState,4.589185118675232e-05,01000111011100101001100110100011010011010011000000101101110101011101001001110011010101001110111001000111001111010101010000110001111011111110011011101101100111011110000001000100110111010011011000010101001101001101100000101000101000111111000101011010000101011011110010101111000110100111111111111101000001010001000010111100011000111100000001101111011110000010001010111011000010011010110110101100111011111101000101100101011111001101110101010000110100100111101001011001110000000110100001111110010001010001,042beb0a5c458e50c4c99fe7db08998c82a6526ef258b99ea9ebefc07792e7e2,bernoulli,bernoulli|conj|p=0.5|zero=allow_iid|rng=MT19937-RandomState,0.5,allow_iid,0.0010481812059879303,8.245091885328293e-05,0.0015368005260825157,0.0010474957525730133,0.02025673259049654,0.02397823892533779,0.0037149284034967422,33,346,1,6,SAT_unsat_identifiable,1,boolean_factorization,exclude_x,exclude_x,0,2187,6696,0,1,0,1,0,0,0,1,1,1,0,0,0.006775138899683952
4,50,10,100,872745700,80,conj,glucose42,MT19937-RandomState,7.482711225748062e-05,10101001011111110001001000100110101011010011010011110000000011000001010111011101000000001001100111001010000111011101110001011001000000010110010010011100001011100101100110010101110001110101010110010101110110001111110000000110001100100101001110100010000000001010110100101111011110010000011001011110010011001000101101011100010000000000000100100101101110100011001011101011111001011110110101011100001011000101000101101011001000100000101010110111100001000111011110101000101101101111001010011110110000111100,8ebd487f88b047bd988435002bcfe4cb8933ce37cf347467182553a1971d1dec,bernoulli,bernoulli|conj|p=0.5|zero=allow_iid|rng=MT19937-RandomState,0.5,allow_iid,0.0011225668713450432,0.00010040123015642166,0.001705802045762539,0.0010664062574505806,0.013322118669748306,0.017324249260127544,0.003995176404714584,37,364,1,6,SAT_unsat_identifiable,1,boolean_factorization,exclude_x,exclude_x,0,2353,7415,0,1,1,0,0,0,0,1,1,1,0,0,0.007186110131442547
4,50,10,100,872745700,81,conj,glucose42,MT19937-RandomState,4.77079302072525e-05,10011001100001001000010010110001001100100101010011110111000110101011001000110010011001110010111110010000010011011001010110111011011100100001010101110010100110100010111111101111011000011010010110001010001000011111011100101100010011010101100111110010010111001011011001111000111100101000001000011000100101110111100010000111110011100000100111101100111001000100101000111000000010011111100001111111111101001000011000000100001001111110111011001111011101000110000110100101111010000111001000000100111001100000,81b5269c0c432288c523a81458e2b669ccac072d62ce1e9da24efde8b0e4a95f,bernoulli,bernoulli|conj|p=0.5|zero=allow_iid|rng=MT19937-RandomState,0.5,allow_iid,0.000970558263361454,8.136499673128128e-05,0.0015339599922299385,0.0010571843013167381,0.014477810822427273,0.018128251656889915,0.003643067553639412,33,306,1,6,SAT_unsat_identifiable,1,boolean_factorization,exclude_x,exclude_x,0,2167,6674,0,1,0,1,0,0,0,1,1,1,0,0,0.006607424467802048
4,50,10,100,872745700,82,conj,glucose42,MT19937-RandomState,4.599057137966156e-05,10011111010000010110000000011111100000000101010010101111011101000010110111110000111011011000100100111010110101011001100100001100011000110110100111111110110111111101100011011000111011100101101111010011011101011010110101001100010110011110010000101101100111010001011101110000000101110101011011001010101100001100001000001001000011000100010011100000000101111010111111010101111111011011010100110100011110101100111100100000001000110011000111111000100111000001000011011111011000110001101010000110101111111101,ca9ab2c94e6f30345da9e6b7c992d50746a964d4ccad63ef4cbbc4bc7342c28e,bernoulli,bernoulli|conj|p=0.5|zero=allow_iid|rng=MT19937-RandomState,0.5,allow_iid,0.0011267820373177528,8.513405919075012e-05,0.0016250591725111008,0.0010474426671862602,0.013069314882159233,0.016960266046226025,0.003884417936205864,35,308,1,6,SAT_unsat_identifiable,1,boolean_factorization,exclude_x,exclude_x,0,2315,7105,0,1,0,1,0,0,0,1,1,1,0,0,0.006867486052215099
4,50,10,100,872745700,83,conj,glucose42,MT19937-RandomState,4.7851353883743286e-05,01010101111000010000100010011000010000011110100101001100000101101110101000001111100101011110000110111000001101010001001101000111110110111100010101010111101000110101001010010101100100100110010010111001100001101111100100010111111111001001010000101101101001011110111010101001100101010000100111000101010110011100101010111111101001111111011001001010010101010100111000010000010010110100000001110010110110010011111011011101101010111110011001011010011111000010111111010000101000000101100010100111100101110110,3fecc967647c2b99a3ee87b1a21795b2b5445c96a02be1f2c952324feae35b57,bernoulli,bernoulli|conj|p=0.5|zero=allow_iid|rng=MT19937-RandomState,0.5,allow_iid,0.0010753236711025238,9.967200458049774e-05,0.001761244609951973,0.0010725874453783035,0.017166297882795334,0.02118346281349659,0.004008827731013298,38,308,1,6,SAT_unsat_identifiable,1,boolean_factorization,exclude_x,exclude_x,0,2582,7801,0,1,0,1,0,0,0,1,1,1,0,0,0.007121341302990913
4,50,10,100,872745700,84,conj,glucose42,MT19937-RandomState,4.582758992910385e-05,11101001001101100100011101011101011110000110110111010100101111010010010111110001111100010011010101010110001101001000010011001100110100000100110111111110111010000000001011010101011110110100100100110100110111110110110011101010000011000111000011111100111010000110011010001011100000000010101001110101001001011001000111100111100101000110001110101100010101101111010101110101011001101111100101000100100010111111110010100010001111000000011101101100011010110010011100011010011010100010000011100111111001101001,3f2afc4a640bfa735f74f8bb823ea05d2e879c7f107b8df0c56114ec5f0e69aa,bernoulli,bernoulli|conj|p=0.5|zero=allow_iid|rng=MT19937-RandomState,0.5,allow_iid,0.0011483514681458473,8.64444300532341e-05,0.001731191761791706,0.001054481603205204,0.023752559907734394,0.027780714444816113,0.0040204692631959915,38,295,1,6,SAT_unsat_identifiable,1,boolean_factorization,exclude_x,exclude_x,0,2582,7801,0,1,0,1,0,0,0,1,1,1,0,0,0.007040553726255894
4,50,10,100,872745700,85,conj,glucose42,MT19937-RandomState,4.835333675146103e-05,10001101011100101010010110010101011100100110001010100101011100110110110111100000111110010000010001000100001111110101100100100010000110001110000001011101000100101000010101011111010101110001100101101111101111010111100000110100010100001011010010010010011000001010100010000001011001100001101010110000011110010111100101100101000010110111101011100010010100001100011111101100010111100011000010101100101111110001110101001001111011001110110100110100010010101111011100101001001011001011110110001100011111111101,510fe0bfe22d219b55b329b92cb500ae7ded852a08019193b4ead2ee8c56b529,bernoulli,bernoulli|conj|p=0.5|zero=allow_iid|rng=MT19937-RandomState,0.5,allow_iid,0.0010841041803359985,9.019766002893448e-05,0.0016575120389461517,0.0010506054386496544,0.02274420764297247,0.02664143033325672,0.003882419317960739,36,356,1,6,SAT_unsat_identifiable,1,boolean_factorization,exclude_x,exclude_x,0,2354,7282,0,1,0,1,0,0,0,1,1,1,0,0,0.007129289209842682
4,50,10,100,872745700,86,conj,glucose42,MT19937-RandomState,4.953332245349884e-05,10000011001110010100101010010000000000001001001111011110100101101101111010010001101101011011111011100101000110111011110110110110111100011000001010100110001101011001010010110010101100001010100100010101110010110111011101101101001111010101010000100010010101000000000101101101110010010011001110101011011000010110101111001101101101011100100011111100111100000111000000000110010010000011111000111110010110010000100100111000111110010101001001110100000001001001000110110000101010100000010001100110111110000001,0cf0ece2236f15e25e273f6109847e945758c086205eafa6bad24fece01926d0,bernoulli,bernoulli|conj|p=0.5|zero=allow_iid|rng=MT19937-RandomState,0.5,allow_iid,0.0010005729272961617,7.98255205154419e-05,0.001446426846086979,0.0010413909330964088,0.011268442496657372,0.014842920936644077,0.0035682162269949913,31,357,1,6,SAT_unsat_identifiable,1,boolean_factorization,exclude_x,exclude_x,0,1929,6144,0,1,0,1,1,0,0,1,1,1,0,0,0.006635962054133415
4,50,10,100,872745700,87,conj,glucose42,MT19937-RandomState,4.361383616924286e-05,11101011001010110000101011100000111110100100000011011100111100010111110001100010111110110100111011011100100100010100110000111001110100011001100011110011011111000100011100111011110110110110010000111110001011111110110001101100010010100101111011111001011001000101110001100001010001000000011111101010001110011001011011101010101101100100110011110011111000111100110101001000011111001011001000010101100110111111001011100010111000010110100111110101101011101010000100010111110110110000010011101100000110010110,347608800e6231027f848e90d508bec9037bc04db47cf84ca9045dd8ad52016f,bernoulli,bernoulli|conj|p=0.5|zero=allow_iid|rng=MT19937-RandomState,0.5,allow_iid,0.001004515215754509,9.216088801622391e-05,0.0016777655109763145,0.0010715816169977188,0.08182373642921448,0.08567595668137074,0.0038460232317447662,37,302,1,6,SAT_unsat_identifiable,1,boolean_factorization,exclude_x,exclude_x,0,2543,7624,0,1,0,1,0,0,0,1,1,1,0,0,0.006985830143094063
4,50,10,100,872745700,88,conj,glucose42,MT19937-RandomState,5.336105823516846e-05,00011110101110001101010111100101011101000011110111100010110101010111111101100000010001111110100101111110101110000000011000111011110111110101111010101001111000101000100001000101101111100111000111001001101111000110111100010000101001000100110110011001010101100000101110100111001011110000111100111010110001011000111101000100101011110101000100010001111011110101111111100000100001111001001101100011101001110110011011110111100101011111100010001101011100011111010010010000111110000011011110000000010000111110,9f0442c92cb77cb90216b6774e12f6fb858d30cf7de11ba39e50d791e0a6f985,bernoulli,bernoulli|conj|p=0.5|zero=allow_iid|rng=MT19937-RandomState,0.5,allow_iid,0.0010057901963591576,9.94410365819931e-05,0.0016955099999904633,0.001063816249370575,0.017899921163916588,0.021772367879748344,0.003864557482302189,37,270,1,6,SAT_unsat_identifiable,1,boolean_factorization,exclude_x,exclude_x,0,2603,7690,0,1,0,1,0,0,0,1,1,1,0,0,0.006783834658563137
4,50,10,100,872745700,89,conj,glucose42,MT19937-RandomState,5.0586648285388947e-05,11000101011011100111111110010101100000111100001001101101000001011101111110001000100000001011101001000001011101011001111100000000100001000010010000110110100111110010111101000000010100000100011101011001111110111010000000000011101101100010011000100101111111001100110000001100111000100100110100110010100010010000011101101111000000011101011000111010100110111000001000010000110001010100001010100000001100001111100011000110001100011010010000000001101000011011000100000010010100111100111011010110110110110001,5d68d41f5f71ef6cc219f8169675985c3c71eb51d325a9718cfdc80d5d4a3669,bernoulli,bernoulli|conj|p=0.5|zero=allow_iid|rng=MT19937-RandomState,0.5,allow_iid,0.0011023879051208496,9.067635983228683e-05,0.0014910679310560226,0.0010556867346167564,0.010066945105791092,0.013813210651278496,0.0037398189306259155,32,464,1,6,SAT_unsat_identifiable,1,boolean_factorization,exclude_x,exclude_x,0,1858,6200,0,1,1,0,0,0,0,1,1,1,0,0,0.0070998407900333405
4,50,10,100,872745700,90,conj,glucose42,MT19937-RandomState,6.273295730352402e-05,00000100111110010001100101010011000011011011000000000100101001111000111110101011111111101101111010111010000111010110101010001010000011011101010111111011110010001100111101001011101110010111011011010000000111100001000111011101010010111100011010110000110100110001011101001110100011001101110001011000001011011010011011100101100110111000101100000011000100010101011101110101000000011011101010001110011111110111101110000100111111001100101010101001000011011001000100011001101110101010101101000010011101100101,c39e49cb2d5a116fe031748aacd81ec98a8b554062bbe16a2d7cfe65b8ef21f3,bernoulli,bernoulli|conj|p=0.5|zero=allow_iid|rng=MT19937-RandomState,0.5,allow_iid,0.001086277887225151,9.912997484207153e-05,0.001780024729669094,0.001070990227162838,0.018799019046127796,0.022843298502266407,0.004036422818899155,39,327,1,6,SAT_unsat_identifiable,1,boolean_factorization,exclude_x,exclude_x,0,2641,8000,0,1,0,1,0,0,0,1,1,1,0,0,0.007384072057902813
4,50,10,100,872745700,91,conj,glucose42,MT19937-RandomState,4.838034510612488e-05,01110111101010100111110100011110000110000010010011000100010111011000111100001101101011111111100011011011110111101111000110110011110110100011110000110011000110110011011000010100101110111001001010100100100011111011110111100000111000100001001011111000001110110010000001100010001011010111010101110110011111101010101010111101111001101100100010000100011111001111101001100000000001111010110011110110110100011110001001100101010101000011101000001010101110100001001101101000010001010010100101101010010010010110,683196b599446e8c6d7fa90dbc22ea5c80a0e8cafe844bf9f8ffa4786ab40122,bernoulli,bernoulli|conj|p=0.5|zero=allow_iid|rng=MT19937-RandomState,0.5,allow_iid,0.001105528324842453,9.36649739742279e-05,0.0017052153125405312,0.0010642288252711296,0.016624278388917446,0.020599697716534138,0.003968637436628342,37,313,1,6,SAT_unsat_identifiable,1,boolean_factorization,exclude_x,exclude_x,0,2473,7547,0,1,0,1,0,0,0,1,1,1,0,0,0.007086263969540596
4,50,10,100,872745700,92,conj,glucose42,MT19937-RandomState,4.9591995775699615e-05,00000011011100110100001101100100110111001010010011001001000001110110111110111011111111100110010000110000010110101010000011100011101010110111010111011001000010101000011000101111110111100100101011100111001111101010111011011011100001001000101000001010010001100010111111001110111111011011111001111001111100100111110011011000000100100110110101011101111000010010111011110101010111110101110010010011001100010000100011001001110100111001100011011010100101110110011101010100010000110010110110110101110011110100,99d74a020a66e5be7c5f5f3cb436d3a33855625b97e58e9cbff21945d47cdcf1,bernoulli,bernoulli|conj|p=0.5|zero=allow_iid|rng=MT19937-RandomState,0.5,allow_iid,0.0010084779933094978,7.805228233337402e-05,0.0013221381232142448,0.0010509379208087921,0.012066761963069439,0.015532870776951313,0.003459606319665909,28,361,1,6,SAT_unsat_identifiable,1,boolean_factorization,exclude_x,exclude_x,0,1802,5602,0,1,0,1,0,0,0,1,1,1,0,0,0.006459233351051807
4,50,10,100,872745700,93,conj,glucose42,MT19937-RandomState,5.1256269216537476e-05,01111111101111011010111010010011100010011100111111000000110011000000010101110111101010101011001001101010101001110011101110001001011001011111001101101001011011101011100000011111111100110010001001000000110110010000000001010111111010010011111000011100101110110000010000001000011111100111101011100010111000011001111100010101101010110111100011011010101100001110001110101000101011101001001010001100101111000100000001111111001011101111010000000101110110011011011101010111111111000110110111001111000100011100,992ad6e33ddd6a48202ed2f39e7362889557fb6f67c039518ea790cb9f35133a,bernoulli,bernoulli|conj|p=0.5|zero=allow_iid|rng=MT19937-RandomState,0.5,allow_iid,0.001040867529809475,9.431224316358566e-05,0.0015264805406332016,0.001072288490831852,0.013888027518987656,0.017629128880798817,0.003733948804438114,33,284,1,6,SAT_unsat_identifiable,1,boolean_factorization,exclude_x,exclude_x,0,2197,6707,0,1,0,1,0,0,0,1,1,1,0,0,0.006625211797654629
4,50,10,100,872745700,94,conj,glucose42,MT19937-RandomState,5.2344053983688354e-05,01001000011111111000001110101111111111110100000000111011010010000110000011111110010001011111100110101111010011110110001111101100001101110101001000111011001000000011001111000111001111110001101110000101111111011100101110110111110011010110001001011110101101111110011111011010001100001011101010001000110100010111010111001111001111101010110110101111110001110110101001110110010111110010011110011110111110111101111100110110111000101111000011110000111110001110100000100010000000100010111110010111110101001010,b8e77f346c7f40d2fcf6ea31c535956cac8b1341f439b2f9fac440a8e57417f0,bernoulli,bernoulli|conj|p=0.5|zero=allow_iid|rng=MT19937-RandomState,0.5,allow_iid,0.0012012012302875519,8.976738899946213e-05,0.0016235867515206337,0.0010706912726163864,0.07880089432001114,0.08279318362474442,0.003985246643424034,35,237,1,6,SAT_unsat_identifiable,1,boolean_factorization,exclude_x,exclude_x,0,2535,7347,0,1,1,0,0,0,0,1,1,1,0,0,0.006472879089415073
4,50,10,100,872745700,95,conj,glucose42,MT19937-RandomState,5.131959915161133e-05,11100001010110000000001010010100101001111110011110011101111000100001100100000101010001100100101101000111011101100110000010110001011001110111101100011000100001110110111100010101011000101110101010011101111000101101110011111000000111100011010000010010101011100001000010001101111101101110011000101101110000110000001111101100001110000111101100011111011010111110100111001100010010110000000111001011100010101000101100100101101101110000100001111010000010100101111000111000101011100010000010000111101111111010,b7ed1230331cc37ffcfb64011b772cf1e2663e983acb17b92d1725f4d658915e,bernoulli,bernoulli|conj|p=0.5|zero=allow_iid|rng=MT19937-RandomState,0.5,allow_iid,0.001062304712831974,8.942931890487671e-05,0.0015636589378118515,0.0010533230379223824,0.012919423170387745,0.016695134341716766,0.0037687160074710846,34,366,1,6,SAT_unsat_identifiable,1,boolean_factorization,exclude_x,exclude_x,0,2166,6807,0,1,0,1,0,0,0,1,1,1,0,0,0.006977377459406853
4,50,10,100,872745700,96,conj,glucose42,MT19937-RandomState,4.75933775305748e-05,11010111010011011001101111111010101110101101111100010011010111101101001001011011111100000001111001011110010001011101111101011000100001001000010101101010010010000011111010111111101111101100100111101111100010000011001001110011000101101110111101100111000001111111110111011010000110101110000111010101000110111100010111000000111111101111011001101110101100100101011011000101111011001100011000110100001101011001101111010000110111001100000000001001000001110001100010011111101001010001000011011100111010100010,822964906a75560048d69ac1bb13b4ff0ea8340628d8bfe45689d05043f20c92,bernoulli,bernoulli|conj|p=0.5|zero=allow_iid|rng=MT19937-RandomState,0.5,allow_iid,0.0010691415518522263,9.125098586082458e-05,0.0015183817595243454,0.001056852750480175,0.013389728032052517,0.017132438719272614,0.0037356270477175713,33,290,1,6,SAT_unsat_identifiable,1,boolean_factorization,exclude_x,exclude_x,0,2237,6751,0,1,0,1,0,0,0,1,1,1,0,0,0.006698954850435257
4,50,10,100,872745700,97,conj,glucose42,MT19937-RandomState,5.433615297079086e-05,00111000100011010100000001110101001010100001100110100101111001111101001100001101110010000100000101000011010010000101110110010101001111111111101000011111111010101010101000010011100000110101101000111000101111010011110101000000110100001100010111011010000011111100000011111010011110111001100011011110010011111000001010101100111111110001011100111010100001000001011100000111101011111001000111010010001011001110101001101110001101100011010010110111110101001110010000100001111110010100101000101011010110111101,6e99dfeca52f00143359234d393016c10eeacc2cba1b1fc5dd05b20a278d793f,bernoulli,bernoulli|conj|p=0.5|zero=allow_iid|rng=MT19937-RandomState,0.5,allow_iid,0.0010982360690832138,9.286124259233475e-05,0.0016387831419706345,0.0010590404272079468,0.024040686897933483,0.027937025763094425,0.00388892088085413,36,287,1,6,SAT_unsat_identifiable,1,boolean_factorization,exclude_x,exclude_x,0,2404,7337,0,1,0,1,0,0,0,1,1,1,0,0,0.006756307557225227
4,50,10,100,872745700,98,conj,glucose42,MT19937-RandomState,5.055684596300125e-05,10111100111100011000000111111101111101000000101000011100100100011101101001101110010011111111001000100010101000001101100010110101101101110100110100000001111000001111110010001011110111010011110110100111111100011110001110101000011010010010011110001000110000000001011000101100000000110101011110101010010010010001100010100100011001110011111000110000010101101100001010110000111010100010000101101010110100011100011111000111101000100101101101001101101010010010111001111010001111110100000001001010111011110010,9065b4278812e34eea3656cabe9848bb3bc39ff08aa794d7ee63dc6fe1faf914,bernoulli,bernoulli|conj|p=0.5|zero=allow_iid|rng=MT19937-RandomState,0.5,allow_iid,0.0009804433211684227,8.656270802021027e-05,0.0014779800549149513,0.0010678377002477646,0.00938407238572836,0.01300331111997366,0.003612823784351349,32,327,1,6,SAT_unsat_identifiable,1,boolean_factorization,exclude_x,exclude_x,0,2068,6431,0,1,1,0,0,0,0,1,1,1,0,0,0.006633159704506397
4,50,10,100,872745700,99,conj,glucose42,MT19937-RandomState,5.7911500334739685e-05,11010000010001111111011010000011101010110111101111000000010011011000101111110101101101110101100000010111101010001010001001011011101100111000001010101001011011011010000111011000001010000111110100010100001100010001011100111101001110100001111111001000111000000111100011110010101000000100000001000000000000000011110110101101110110100111011110111010000100010111011000111001111110000000101000001011001101101000010011110001111111101001000100110010111101110001111010010000100001011110011010010001101011011110,4f791dde7724b59eb01cc02bdf104179be476744f74d8a5951e333f60db44d32,bernoulli,bernoulli|conj|p=0.5|zero=allow_iid|rng=MT19937-RandomState,0.5,allow_iid,0.0011001909151673317,0.00010344758629798889,0.0017718449234962463,0.0011365441605448723,0.014691646210849285,0.01881139725446701,0.004112027585506439,38,316,1,6,SAT_unsat_identifiable,1,boolean_factorization,exclude_x,exclude_x,0,2532,7746,0,1,1,0,1,0,0,1,1,1,0,0,0.007178242318332195
