schema_version,J,K,N,seed,sim,operator,solver_name,rng_engine,generation_time,q_bitstring,q_sha256,design,design_id,p,zero_row_policy,basis_time,identity_check_time,two_col_check_time,three_col_check_time,sat_time,algorithm_time,preprocess_time,J_basis,M_basis,identifiable,branch,branch_label,sat_called,sat_formulation,sat_cardinality_encoding,cardinality_encoding_requested,maximal_candidate_requested,sat_variables,sat_clauses,identity_original,not_complete_original,has_pure_node_original,no_pure_nodes_original,has_zero_row_original,two_col_violation_original,three_col_violation_original,two_column_pass_original,both_necessary_checks_pass_original,I_3c,identity_basis,two_col_violation_basis,diagnostics_time
4,50,10,100,3808393736,0,conj,glucose42,MT19937-RandomState,0.00012604240328073502,00001011010011011110000010100111000010101110111101110011010001110110011011110111101001110011100111101001110101000011100110111101111100010000101100000011111110001110011100011001101011110001000100110010101101000110011011110100111111010001000001010110101100010110010001001101011100000001111000010001010110011110111000100100110111000000010110011011000111011000101101111111100010001000111001000111011010001000100101001001111010010000110111011010000110110011001111110011001010011101010111001101001000010110,b5c900b0584da1e4384d1c9bc21546208446a6201927e2f111fed5d7333391c4,bernoulli,bernoulli|conj|p=0.5|zero=allow_iid|rng=MT19937-RandomState,0.5,allow_iid,0.0010747388005256653,0.00010898895561695099,0.001418817788362503,0.0011382177472114563,0.02494625374674797,0.028695670887827873,0.0037407632917165756,32,304,1,6,SAT_unsat_identifiable,1,boolean_factorization,exclude_x,exclude_x,0,2058,6420,0,1,0,1,0,0,0,1,1,1,0,0,0.006408922374248505
4,50,10,100,3808393736,1,conj,glucose42,MT19937-RandomState,5.039479583501816e-05,00110011010000001010000010000111111010101000011011000011011101011110011110000000111000011011110110100000110110000011111001010010111011100111000111011101001000101001000111011100000101011100010111011011001100011111010110110100000001110101011001011000100000100100111011101101011100011000111111000010010001010010011001000011010010101001011011101111111010110001010110100100111111101101011111001010100111000101011001011111110000111000111011001010100001000110110111110101011011110010100100110010101001011110,97698cf77aec3ebe01bbc28732db98da82da1da87471cc275276d1d9a052847b,bernoulli,bernoulli|conj|p=0.5|zero=allow_iid|rng=MT19937-RandomState,0.5,allow_iid,0.0009650532156229019,8.259899914264679e-05,0.001396005041897297,0.0010791448876261711,0.011545893736183643,0.01507581677287817,0.0035228021442890167,31,289,1,6,SAT_unsat_identifiable,1,boolean_factorization,exclude_x,exclude_x,0,2079,6309,0,1,0,1,0,0,0,1,1,1,0,0,0.0062229447066783905
4,50,10,100,3808393736,2,conj,glucose42,MT19937-RandomState,5.161948502063751e-05,11010011001100001010111110100001111110100101101100101010011010000101000011100010000100001010110111110000111001110001011001111101110101111000111001101000100100001110011100100001111011111111001100110110110010001000100101000101111001110000000001111011010100000110000111011011101011011010010100110110101011100100000000000100111000001001001101000110111111001011000010101111111000001001010010110000001000111110010100110010110011100011010110111000101000101000111011100000010000011010100001100110110000001001,774712f62a1b775fda188aad4f1321f329595c688f67f3788228ae6a39b96759,bernoulli,bernoulli|conj|p=0.5|zero=allow_iid|rng=MT19937-RandomState,0.5,allow_iid,0.0011340072378516197,7.832888513803482e-05,0.001370117999613285,0.0010527949780225754,0.00887999963015318,0.012521886266767979,0.003635249100625515,31,375,1,6,SAT_unsat_identifiable,1,boolean_factorization,exclude_x,exclude_x,0,1899,6111,0,1,1,0,0,0,0,1,1,1,0,0,0.006463419646024704
4,50,10,100,3808393736,3,conj,glucose42,MT19937-RandomState,4.738476127386093e-05,01101110011101001101110010110110011101110010000100000001100111101001110111010100100110000010010001100011101010101000110011110101001101011011110110110111001011010110010101100101001101100011011001111111001100010100000010010000111011011001111100100011110101110111011011000011110000100101100111001111100011000000100001111111110001010110011101011000011101010010010010110001010100010101011000110000111000111000100100000000001101101001010000110100000000100100000101010110010101001110100011101111001000010100,1f686c0d068a2969bdb2c11e8648e3fd78baff87d0554c626a7b1f8e5ce1fa58,bernoulli,bernoulli|conj|p=0.5|zero=allow_iid|rng=MT19937-RandomState,0.5,allow_iid,0.0009809965267777443,8.176732808351517e-05,0.0013446882367134094,0.0010561533272266388,0.008764030411839485,0.012233864516019821,0.0034636054188013077,30,346,1,6,SAT_unsat_identifiable,1,boolean_factorization,exclude_x,exclude_x,0,1890,5967,0,1,0,1,0,0,0,1,1,1,0,0,0.006291082128882408
4,50,10,100,3808393736,4,conj,glucose42,MT19937-RandomState,4.4454820454120636e-05,00110011001000101101001101000011100011000110110100100000110011000011001101000110100101000110011001110110010100111111101110010011010011001111110011100000001000001010100010111001100001100011011000010110101011100101101101100100100111010111101111010010001011101110111011011000000111111011000010110001010011010011001011000010001000110010100001010101001001001111101111101101010000111011100001000010110001000110110001001101011000101111010001101011111110001000001111010010000010001110110001100110000001000010,146e507c8ea2725738a9a33235c33a1e77a02914d31212ddbf77ac3b1e6c5656,bernoulli,bernoulli|conj|p=0.5|zero=allow_iid|rng=MT19937-RandomState,0.5,allow_iid,0.0010551335290074348,8.966121822595596e-05,0.0015671560540795326,0.0010744743049144745,0.06234293431043625,0.06613690126687288,0.003786425106227398,36,366,1,6,SAT_unsat_identifiable,1,boolean_factorization,exclude_x,exclude_x,0,2304,7227,0,1,1,0,0,0,0,1,1,1,0,0,0.006867533549666405
4,50,10,100,3808393736,5,conj,glucose42,MT19937-RandomState,4.7490932047367096e-05,11100110011100101010010011100000000110111000011010001110010011011110101001011101011000010110100100001011011110001011101101101101001000001011101010001101010111101010111100111100111011000101001010001000110110111110001010101100110111110110010011101110101101010101110101010111100111101000101111100000000111111101110111010011101010101000011110010111101010001100011110100011110101001101110001011101100111000010100000101110110110111101111001010010011101000011101101101010000001110000010101001001110111111111,7ee86af9f1659a15fb2b12fb6a26c7585c6723c53a7ed6497149a11e40520e12,bernoulli,bernoulli|conj|p=0.5|zero=allow_iid|rng=MT19937-RandomState,0.5,allow_iid,0.0010969536378979683,9.139161556959152e-05,0.0016614897176623344,0.0010558608919382095,0.04680197685956955,0.050715746358036995,0.003905695863068104,38,271,1,6,SAT_unsat_identifiable,1,boolean_factorization,exclude_x,exclude_x,0,2652,7878,0,1,0,1,0,0,0,1,1,1,0,0,0.006706536747515202
4,50,10,100,3808393736,6,conj,glucose42,MT19937-RandomState,5.14322891831398e-05,00100101011010110001100011100101010001101100010101101001000010111100111100101111100101111100101100001111001011110011001101000100000010000000111011010001110010001101001101010010001101001011011110000000000101101000101010100100110001011110100010000011100000001100100001100011000101100110001100001100111001011101100011011111110001101100000010000000101101010111111001100111110111000101001001001111111111110110110000111011010100101010101111111100110100001111110001001001101100110100110010101110101110110101,1c7bcbcdc9b30d8dd5723cacd7b4c8b1a972aa23a8f1c2b4dc44c0b9a75e4da3,bernoulli,bernoulli|conj|p=0.5|zero=allow_iid|rng=MT19937-RandomState,0.5,allow_iid,0.0011336933821439743,8.60411673784256e-05,0.001651131547987461,0.0010498249903321266,0.011660228483378887,0.015587294474244118,0.003920691087841988,38,324,1,6,SAT_unsat_identifiable,1,boolean_factorization,exclude_x,exclude_x,0,2482,7691,0,1,1,0,0,0,0,1,1,1,0,0,0.006875562481582165
4,50,10,100,3808393736,7,conj,glucose42,MT19937-RandomState,5.062948912382126e-05,00001010000100100000101101001000111101110010011100111111101010010000101001100110001111011001101010010011111111010100100100010011011100001111000101110100000011111101011111000100000000001010101011110100111101001000000101010100010010010100011111110111101011011000110010001111010100001010001110001110110111100111101111000011010010010100001101110010110010110000011110001100000100110000001110000000100101001010101010100101011001100000110100011110001100100010100011010101000110001001011011001101001110101000,65dfeda162b14857608efcf3d836014d9de5a58f76a2e88f048449d9f1c37cc5,bernoulli,bernoulli|conj|p=0.5|zero=allow_iid|rng=MT19937-RandomState,0.5,allow_iid,0.0011203838512301445,8.521135896444321e-05,0.0016125049442052841,0.0010543987154960632,0.018927332013845444,0.022808496840298176,0.003872498869895935,37,397,1,6,SAT_unsat_identifiable,1,boolean_factorization,exclude_x,exclude_x,0,2273,7327,0,1,1,0,0,0,0,1,1,1,0,0,0.0071258218958973885
4,50,10,100,3808393736,8,conj,glucose42,MT19937-RandomState,4.706345498561859e-05,00111010100010101001010010100111010001011001010001100011000111010001000101010111001000100100100100110001000111110111010101000011110000001101111111011111011100000110111100110000111100111111010100100010101010100011010101000100011101110011011101000110101011010000111011001010000100011000000001000001111100001110110110010101110110100100101000011101110101110010110101010110110101011101011011101010010001011111011011111111100100101011100000001001011100010000101011100001111011110001101011101001001100011100,97af7b8e0bea12245bb8ab61685a639a5474a0ee3567c724884f7da74db5b6a1,bernoulli,bernoulli|conj|p=0.5|zero=allow_iid|rng=MT19937-RandomState,0.5,allow_iid,0.0011287396773695946,8.847564458847046e-05,0.0017196033149957657,0.0010605361312627792,0.019797719083726406,0.023802468553185463,0.00399735476821661,40,310,1,6,SAT_unsat_identifiable,1,boolean_factorization,exclude_x,exclude_x,0,2710,8210,0,1,0,1,0,0,0,1,1,1,0,0,0.006983586587011814
4,50,10,100,3808393736,9,conj,glucose42,MT19937-RandomState,4.53311949968338e-05,11111001001111111010001111011011111100001100111100100111001100000001001010110111100101011100001010010010000001011111100111010001001011011010100011001101001111001010110010000000010001111010001111010110000000011000101010100010000101100111001110111011001011101100010010100111010100000100111101000011010000010101101010101100011011101001101010001111100000001110011010011001110011011000010100001111011011100111111111010011100100011011011101010000011011010001001101111011010000011010110000100101111000111000,c6fba0c5629378651db67d41975d64c0af16f05458c8e00baf7f30a2fcca5d48,bernoulli,bernoulli|conj|p=0.5|zero=allow_iid|rng=MT19937-RandomState,0.5,allow_iid,0.0010008914396166801,8.129794150590897e-05,0.001494402065873146,0.0010420363396406174,0.013624417595565319,0.017249790020287037,0.0036186277866363525,34,273,1,6,SAT_unsat_identifiable,1,boolean_factorization,exclude_x,exclude_x,0,2296,6950,0,1,1,0,0,0,0,1,1,1,0,0,0.006355524994432926
4,50,10,100,3808393736,10,conj,glucose42,MT19937-RandomState,5.6819990277290344e-05,01111111011101101100001000000010010010010101010000110010110000010001111011011001111000110100001111011000100011111001110110011000111100110010100000111100000111010101111011110001001011011100111101101001100011000110101011111011101001011001000000101110100001000101010011111000011101111101111110100010101010011111111011111110011101010001011101110111101110110110101011110100101101111100000100010110111000111011001111000000010101100110010111110110101110001111111000001110010010101010011011011011100000010010,9efbeb1a328dedcba44dd84acefeb7df366e1f22c8c126d9cf29b311249c3309,bernoulli,bernoulli|conj|p=0.5|zero=allow_iid|rng=MT19937-RandomState,0.5,allow_iid,0.0011166026815772057,8.389726281166077e-05,0.001544855535030365,0.0010463064536452293,0.010556381195783615,0.014353902079164982,0.0037916619330644608,35,250,1,6,SAT_unsat_identifiable,1,boolean_factorization,exclude_x,exclude_x,0,2455,7259,0,1,1,0,0,0,0,1,1,1,0,0,0.006263691000640392
4,50,10,100,3808393736,11,conj,glucose42,MT19937-RandomState,4.6222470700740814e-05,11011110010010001101101001011000111111011000010111100111110011010010111011011111111011101010000111111100011001110010110100010110111011100000000101100101000000110101010101101111100001001001010111110011010011001101110100111010000111101101011010101110011011011000001100011100101001101111001000000000001010101011101010100101011110111100001100001111100001101010111001111111110000110100001110011011011000111101011100101010011100110011111011111001101010010000011111101001000111101111101011100101110011100110,75b78dea5f03baec49d79611ad371998b5c660c14683a3a75d9ee4305ba72f9e,bernoulli,bernoulli|conj|p=0.5|zero=allow_iid|rng=MT19937-RandomState,0.5,allow_iid,0.0009743105620145798,8.06683674454689e-05,0.0014854669570922852,0.001061839982867241,0.020032545551657677,0.02364179491996765,0.0036022858694195747,34,225,1,6,SAT_unsat_identifiable,1,boolean_factorization,exclude_x,exclude_x,0,2416,7082,0,1,1,0,0,0,0,1,1,1,0,0,0.006125343032181263
4,50,10,100,3808393736,12,conj,glucose42,MT19937-RandomState,4.408881068229675e-05,11000110000101010100100111011110010000001101110001011010011111110111101010101000000001111011110000101001101110111010100000101000101001111110100010011110000110011000110000010011110010010011111011100001101001010001011011100011011011111111010000110111000100001000000000100111101110001001010111001101101111001010010001000011010100100010101010001100001001101100100110100000010011010101110011101000010001011111101100010101100000110001010000000111010011100010101001000110111011100110111010010100110000000000,eafa0e7f5103f27df2cc4bd2752a4859df4520e0559077ea9a139118f5dbdb6c,bernoulli,bernoulli|conj|p=0.5|zero=allow_iid|rng=MT19937-RandomState,0.5,allow_iid,0.0010080477222800255,8.137524127960205e-05,0.0015338491648435593,0.0010808100923895836,0.013189954683184624,0.01690075546503067,0.0037040822207927704,35,347,1,6,SAT_unsat_identifiable,1,boolean_factorization,exclude_x,exclude_x,0,2235,7017,0,1,0,1,1,0,0,1,1,1,0,0,0.006681088358163834
4,50,10,100,3808393736,13,conj,glucose42,MT19937-RandomState,4.9583613872528076e-05,01110011000101101011011101010101100011000110000110010010000000101000111000100111101001011001110001111000010111011001000100001010111010111000111011011101100101101101111101001000100011001001110011111011101001011001011111100000101101100010011100111011010011001011111001000101011110001010111110110111101010011111000100100101000100001000010000111111010000001011100110011111111101010000100010111101111000011010110101010011001101101010110000011111000010111111001011011101000110000001011000111110101000100001,656856e7db3d0f02cb7b00aa7d5d92dd18a40803165f80dcc209a643652ae4f6,bernoulli,bernoulli|conj|p=0.5|zero=allow_iid|rng=MT19937-RandomState,0.5,allow_iid,0.0009556561708450317,8.418038487434387e-05,0.001403970643877983,0.001035681925714016,0.026417158544063568,0.029903442598879337,0.0034794891253113747,32,293,1,6,SAT_unsat_identifiable,1,boolean_factorization,exclude_x,exclude_x,0,2128,6497,0,1,0,1,0,0,0,1,1,1,0,0,0.006269815377891064
4,50,10,100,3808393736,14,conj,glucose42,MT19937-RandomState,4.707463085651398e-05,00110011011110001110100111011101100000101010100010011001111111001000110010001100111110000000101101111000100011001100000110101101011011000110000110101011010110000000000101101010011001110111010110101011000100001110100101010100001010111010111000010010011001001110001100111101011010010011001011101111011101100001100110000011001101110100011101010010100100011101101000000001111010101100010110001000011111001111010110111100110011000001010110010011100010111001000010100010111110011001000010100100100101111001,6cf89adfb23ea9a56843bad31080fd7de7fc23e28d047e4f0c98111445ed0d4b,bernoulli,bernoulli|conj|p=0.5|zero=allow_iid|rng=MT19937-RandomState,0.5,allow_iid,0.0010517016053199768,8.465256541967392e-05,0.0016063610091805458,0.0010355357080698013,0.014624184928834438,0.018408644944429398,0.003778250887989998,37,325,1,6,SAT_unsat_identifiable,1,boolean_factorization,exclude_x,exclude_x,0,2443,7514,0,1,0,1,0,0,0,1,1,1,0,0,0.006766509264707565
4,50,10,100,3808393736,15,conj,glucose42,MT19937-RandomState,4.39593568444252e-05,00001001001101101001100110011101000011110111100100101100011110111011100111001000011100111110011110011110011001110001110110100110010111100110110111111011000000100011100010011111010010101001010110111001001100110011100000000001101101010000010111101111100011011011110010001011010111101101111111011011101111101101001000111110100000011000000110111100001001111100010001011100011000011011100001011010001100010110011000100000100011111001101011101011100011100110101000111101000000001001100111011011111110011000,ef9daba853b040b57d8a12ee5877537b827532f2ee37a535de85497ecb1c388f,bernoulli,bernoulli|conj|p=0.5|zero=allow_iid|rng=MT19937-RandomState,0.5,allow_iid,0.0010491926223039627,8.491519838571548e-05,0.0014533987268805504,0.0010412540286779404,0.028471543453633785,0.03210734762251377,0.003628760576248169,33,314,1,6,SAT_unsat_identifiable,1,boolean_factorization,exclude_x,exclude_x,0,2207,6718,0,1,0,1,0,0,0,1,1,1,0,0,0.006457062438130379
4,50,10,100,3808393736,16,conj,glucose42,MT19937-RandomState,4.5428983867168427e-05,11100000100001101101101010101111000111000100010001110110001001000011101111100001110111001000100001010010110101110100000100110100010100001010010111111000110000011100000111011000011100001011011111110001100110010101110101110010010000111000010001111010011111010100100000001101001101001000101100100010111111010111001000011011011101001010011010011111110010011011110101110001100000010101011000011111001001110101100111000011100000100000010001110011100110100010100011111010110101000001101010010101110011100011,9fa25edf6dbe202939248c2b40405083de1739e45a72807ec582bee7cc185998,bernoulli,bernoulli|conj|p=0.5|zero=allow_iid|rng=MT19937-RandomState,0.5,allow_iid,0.001102459616959095,0.00010278262197971344,0.0018050028011202812,0.0010431064292788506,0.01756717450916767,0.021626275964081287,0.00405335146933794,42,341,1,6,SAT_unsat_identifiable,1,boolean_factorization,exclude_x,exclude_x,0,2828,8608,0,1,0,1,0,0,0,1,1,1,0,0,0.007195806130766869
4,50,10,100,3808393736,17,conj,glucose42,MT19937-RandomState,4.3771229684352875e-05,10000101111100111101110110011110001011111100001001001101101000011111101011100100101111110110000000000100110001110101101100110010100011000101011001010011010100110010110101000001010001101110111010111000101101101111000000001100010101000010110110110000101000011111011100010110010111010000001100111010111100000110011001100000110101110010101010010101001010001010011010100011111111100011100010000101110101111111110000100111000001111111001111010001001001101101001010111110011001010000011111100110101001010010,1f960401f70b30d3dcbb6b8ac150a00cda789bc2b3b8adb5867ea13f89619756,bernoulli,bernoulli|conj|p=0.5|zero=allow_iid|rng=MT19937-RandomState,0.5,allow_iid,0.0011655250564217567,9.10591334104538e-05,0.0017121806740760803,0.00104569923132658,0.012560632079839706,0.016581322997808456,0.004014464095234871,40,352,1,6,SAT_unsat_identifiable,1,boolean_factorization,exclude_x,exclude_x,0,2670,8166,0,1,1,0,0,0,0,1,1,1,0,0,0.007202857173979282
4,50,10,100,3808393736,18,conj,glucose42,MT19937-RandomState,4.479382187128067e-05,00100110001110110010000101100011101110111011000111110000001001100111111111110110010101111011110000011110101101100111110001000011000011100101110010111010101010001101101011011011000001001111011110001110110101101100111001101000110010011110101010110110111110001010111110001100011000001010001110011111101100010000101001010000101011110011001011111000011111010111111111001011101110001101001001011101111101010110000001111111100000110000111010001011111100101011100101110110001101101100101100011011010101010111,1491600d77793ae1aebf6ddc752d0648043e8e1703a8b880d64dd99860d777c0,bernoulli,bernoulli|conj|p=0.5|zero=allow_iid|rng=MT19937-RandomState,0.5,allow_iid,0.0010226136073470116,8.912663906812668e-05,0.001417676918208599,0.0010479316115379333,0.011982336640357971,0.015565716661512852,0.0035773487761616707,32,264,1,6,SAT_unsat_identifiable,1,boolean_factorization,exclude_x,exclude_x,0,2238,6618,0,1,0,1,0,0,0,1,1,1,0,0,0.006254695355892181
4,50,10,100,3808393736,19,conj,glucose42,MT19937-RandomState,4.7033652663230896e-05,11011100011000101101100111010000110100100110101110010110110011100111111100000110011100100010110001101110111101000010110110000110010111001010101000100011100101001111101111110011110101011001000100011000101011101110111111111101011000100101101011110110001011001101111111010011011010111111110100110010101001001111011100010101001011110100001011100001000101110000100001101101101110000001001000010010000111001011001111010001111011110000110111100000111010100101001101010001100100000010111010101000010001101110,c3a59eab67db2dde30bba516b34243b625db209459ab5ec394e527e12d05cd4b,bernoulli,bernoulli|conj|p=0.5|zero=allow_iid|rng=MT19937-RandomState,0.5,allow_iid,0.0010580355301499367,8.954666554927826e-05,0.0015623560175299644,0.001035662367939949,0.016381203196942806,0.020134116522967815,0.0037456005811691284,36,299,1,6,SAT_unsat_identifiable,1,boolean_factorization,exclude_x,exclude_x,0,2434,7370,0,1,0,1,0,0,0,1,1,1,0,0,0.006643868051469326
4,50,10,100,3808393736,20,conj,glucose42,MT19937-RandomState,6.542447954416275e-05,10010000101011010101000111000110100000010101010010110011011011110110111010110110010001011001111110001011101101010011100110101100011110000100101000100010011111010101000010011000000111110001011110101010110110111111011111001001100001000101100011101110101011101110110101110110000110111110101100101111011110111101110100001100011000011011001100100111110000111011010000000110111001100000100001010110101101111111101000011110111100001000111110100001101000100001100101100111111101110100110101001001111010001000,e243812e7c7bdbff36a98072c9bf974010caf1db5f3bc0fd3cf6aac6490522ff,bernoulli,bernoulli|conj|p=0.5|zero=allow_iid|rng=MT19937-RandomState,0.5,allow_iid,0.0009839506819844246,9.022373706102371e-05,0.0014851493760943413,0.0010446244850754738,0.027799087576568127,0.03141080588102341,0.0036039482802152634,34,297,1,6,SAT_unsat_identifiable,1,boolean_factorization,exclude_x,exclude_x,0,2306,6961,0,1,0,1,0,0,0,1,1,1,0,0,0.006517910398542881
4,50,10,100,3808393736,21,conj,glucose42,MT19937-RandomState,4.622340202331543e-05,10101001110000111011111011011100001000101000110100100111110011110000101101010100010000110110010001011011111001010011001110000011011100010000001010111001111111110111110001010000010011111010010011101001110101100101110101111101110110100010100001100101010101010001000111011000011000001111100110010101010000000011000011001001111110110010100100110001011100001000111000100111011011001001100000001111011010001001100100000101011010100111010111000010101100110011110100000100000011010101001110000100101000011001,4a65236058c9b2c8d0bf854b00dacdbe54345d25e3d2f2f7b21b2d70c4d92744,bernoulli,bernoulli|conj|p=0.5|zero=allow_iid|rng=MT19937-RandomState,0.5,allow_iid,0.0010896595194935799,8.0072320997715e-05,0.0014836732298135757,0.0010441560298204422,0.015101158991456032,0.01880550105124712,0.003697561100125313,34,382,1,6,SAT_unsat_identifiable,1,boolean_factorization,exclude_x,exclude_x,0,2116,6752,0,1,0,1,0,0,0,1,1,1,0,0,0.0067171864211559296
4,50,10,100,3808393736,22,conj,glucose42,MT19937-RandomState,4.5647844672203064e-05,01100110000111010011011111110100110101010000100010111011011101010010110100011010000111000111100000101011011101110010111111110001110011010111100001110110111100110000010001100000011000001001011001001101111000101110001011011011011010011101100011100101011111000011110000100111101110001101111010111011001000001110111010011110111010110010111001111100001101110111101011001010010110000001111011101000011100101001000111111001111100100010101101010100011101110111001001011110111001010101011110110010010101111110,ca82e3f7e5f8790a4b2aeb4034e0b8e9d259c1b2ccdb9e42c5e2dc61ad53df7e,bernoulli,bernoulli|conj|p=0.5|zero=allow_iid|rng=MT19937-RandomState,0.5,allow_iid,0.0011307429522275925,9.248405694961548e-05,0.0016839215531945229,0.0010509202256798744,0.013320662081241608,0.017285083420574665,0.003958068788051605,39,267,1,6,SAT_unsat_identifiable,1,boolean_factorization,exclude_x,exclude_x,0,2771,8143,0,1,0,1,0,0,0,1,1,1,0,0,0.006765537895262241
4,50,10,100,3808393736,23,conj,glucose42,MT19937-RandomState,5.678832530975342e-05,00010111000100010100110111100001110000010110101001000000010000111100011000101101000010011000010001010111000001101110011001011110100011001001111001110111000110010101100010110000011000110011000011010100100000100110001001100101000010011101101010001110010111101110110110111100010000000110011110111100111000011000111100010101111101111010000010110000001010011101101111000100000011001110101000100011001101110110110011100110101001100000000100110001101101100010111010000110001001011011101001111110010001101011,61df48f1dc52e95203134279bc562fac9c8ae651b6c1cb3326cbbcc5088ec7da,bernoulli,bernoulli|conj|p=0.5|zero=allow_iid|rng=MT19937-RandomState,0.5,allow_iid,0.001112467609345913,9.079370647668839e-05,0.0015781298279762268,0.00107541773468256,0.012342557311058044,0.01620534434914589,0.003856808878481388,36,399,1,6,SAT_unsat_identifiable,1,boolean_factorization,exclude_x,exclude_x,0,2254,7172,0,1,1,0,0,0,0,1,1,1,0,0,0.006990300491452217
4,50,10,100,3808393736,24,conj,glucose42,MT19937-RandomState,4.7110021114349365e-05,00111000110001011101110100010001100110011001100011010100000101000110101110011000110010011110001101111001011001101101001111100100111000010101011011111100000101111101110011111111011110000001010000010001100000000001000010110011000101100100010111000000101100010000001101000001011010111111000111010000100111010101111111100101000011001010100001111010011011000101001100111001000010011110101110011001111011110100000111011010101110101000100011001101101010000011000100101101011101000011010100011100110101000001,945673011d7676dc25bf6b01b0b05bd87569e0f1a7135b1462a7fffd902ad64a,bernoulli,bernoulli|conj|p=0.5|zero=allow_iid|rng=MT19937-RandomState,0.5,allow_iid,0.0011027734726667404,9.285192936658859e-05,0.0015287064015865326,0.0010397275909781456,0.012926377356052399,0.016696621663868427,0.003764059394598007,35,328,1,6,SAT_unsat_identifiable,1,boolean_factorization,exclude_x,exclude_x,0,2225,7006,0,1,1,0,0,0,0,1,1,1,0,0,0.006602004170417786
4,50,10,100,3808393736,25,conj,glucose42,MT19937-RandomState,4.690047353506088e-05,10110110000011010110111110101100111100101100011101011100010111110000110111101010010100111010100111011101110000111110101111010100100000000100001000110011010111000001100110010001111101110110010011101011111010100010011110011111010011101010100000101011000011010000110000010110000100110011010001100010011110101001101100111111100001011010110111110101010010101101010111100100010111111111000100010001000001011000010001111100100000001101011110010001111001010101101100101101011110010110110000110000111000011111,d32c26ba38581cce584b90aff20b3173886108331d8930efeb7ab56b4a62ee8c,bernoulli,bernoulli|conj|p=0.5|zero=allow_iid|rng=MT19937-RandomState,0.5,allow_iid,0.0011239228770136833,8.692871779203415e-05,0.0016791438683867455,0.0010338472202420235,0.011439654044806957,0.015370067209005356,0.003923842683434486,39,281,1,6,SAT_unsat_identifiable,1,boolean_factorization,exclude_x,exclude_x,0,2631,7989,0,1,1,0,0,0,0,1,1,1,0,0,0.0068009402602910995
4,50,10,100,3808393736,26,conj,glucose42,MT19937-RandomState,4.682876169681549e-05,10100001000011001110111101010001001110010001001110010010001101101001000011001111101010101010101001101101001101110101111101000011101010010000001100100011001001101001101100110111000011111111010110011110100000001101110011101111000010110010100110001000000110101100000011101110001011111111110010111101100101110101000011110010111100010010000001111101111000001100100101101010010111101001111101010010101000001110100100001100011101100001100101011110000100101110100100101000110010011011010111010010000101100111,450d2daa39535e16de012bda9f4bceb7d94b3db17eecb123097492b0db782cbd,bernoulli,bernoulli|conj|p=0.5|zero=allow_iid|rng=MT19937-RandomState,0.5,allow_iid,0.00108269602060318,9.702984243631363e-05,0.001645541749894619,0.0010422412306070328,0.04985138960182667,0.05372613389045,0.0038675088435411453,38,290,1,6,SAT_unsat_identifiable,1,boolean_factorization,exclude_x,exclude_x,0,2542,7757,0,1,0,1,0,0,0,1,1,1,0,0,0.006717097945511341
4,50,10,100,3808393736,27,conj,glucose42,MT19937-RandomState,4.6377070248126984e-05,11011100100110100001111000000111000101111101100111010111001111111111100010101110010001100000110010111110010101010101111101111000010111111000101000101001010110011101101001011111111010100111110101000100100110011011011001111001111101010111111000011000101101010110001111111011000111111101010111101111000010111000010000010010000001010000001010111000000011110100111111000010110011000100110110010000011000101110010110001110101001111111001100111000100101111101111010110101010100111000000010101101010010100011,f650c8af282bd0a21799af3cc8b95f3fd49325e512c44ec683185189edd2908d,bernoulli,bernoulli|conj|p=0.5|zero=allow_iid|rng=MT19937-RandomState,0.5,allow_iid,0.000990917906165123,8.202437311410904e-05,0.0014506597071886063,0.0010577058419585228,0.010464360006153584,0.014051422476768494,0.003581307828426361,33,289,1,6,SAT_unsat_identifiable,1,boolean_factorization,exclude_x,exclude_x,0,2257,6773,0,1,0,1,0,0,0,1,1,1,0,0,0.006362400017678738
4,50,10,100,3808393736,28,conj,glucose42,MT19937-RandomState,4.352442920207977e-05,01001000101110111101000001110101011111001111101100110011001101000100101101101011001101011010010101111011101100000000010001111110000000001110011010010100111010101110001001000110010100100110101111000011100001111110100111011111111110001001101110110010111101111100000010010001110001001001101110011110101101110110001001010001100110101101011011011000000100010100110111111101111000101111110010001010111110111100101101011111011010010100111010100010111100010101011101100000110010100000110101011000000010001000,92f9347e5b67e550c734f7dca0fcfc54cd07e5b1c263b49a9ad96e97062af5b5,bernoulli,bernoulli|conj|p=0.5|zero=allow_iid|rng=MT19937-RandomState,0.5,allow_iid,0.0011454541236162186,8.116289973258972e-05,0.0015175696462392807,0.0010470375418663025,0.01680353656411171,0.020600673742592335,0.0037912242114543915,35,313,1,6,SAT_unsat_identifiable,1,boolean_factorization,exclude_x,exclude_x,0,2315,7105,0,1,1,0,0,0,0,1,1,1,0,0,0.006627097725868225
4,50,10,100,3808393736,29,conj,glucose42,MT19937-RandomState,5.219876766204834e-05,00111000011010000010100000011001101001100010101101110100010000001010000101101011001001110010110010001000101001000101011101100011110101101101110011000000101000001101001101010110000110111101010000111001111110000101001100101010111011100000110111110110101100011111111000001000100011010001010000110110000011111101011111011101001011101101000110111011000001101111110111011111011100001000000100011101101110000010101010011110101000011101100110000100100000110100101101101011000000101111110000110010010001010110,892bba6118cc461476f1a1353d446b66d8fd1ad6e3725996b2fa818bd332a83b,bernoulli,bernoulli|conj|p=0.5|zero=allow_iid|rng=MT19937-RandomState,0.5,allow_iid,0.001085357740521431,9.146984666585922e-05,0.0015773894265294075,0.001052284613251686,0.02091479953378439,0.024727399460971355,0.003806501626968384,36,394,1,6,SAT_unsat_identifiable,1,boolean_factorization,exclude_x,exclude_x,0,2274,7194,0,1,0,1,0,0,0,1,1,1,0,0,0.0068642087280750275
4,50,10,100,3808393736,30,conj,glucose42,MT19937-RandomState,6.13359734416008e-05,01110101010101110101111010011011111001010101010000010010100100111000000111011010101011110001111011111100110110000101110100110000111010111011110100100101010010110110110011100001101001000101100011011011000111111111001101101100111000101100011111010101001100001101111100110101101010000101000000100111111011010001011101011111111010010100000011010111001111100100001111111101011000110110001010111011111100100110100000001100100011001111010100110101001111000110011000010010101101001110111110100111000110101111,747d77373aa5dbe708a85a4ccd7446eb3dd8efe9e0ddb76d995911622c4624d7,bernoulli,bernoulli|conj|p=0.5|zero=allow_iid|rng=MT19937-RandomState,0.5,allow_iid,0.0010882513597607613,0.00010264851152896881,0.0016444465145468712,0.0010478803887963295,0.0926027288660407,0.09649282600730658,0.0038832267746329308,38,272,1,6,SAT_unsat_identifiable,1,boolean_factorization,exclude_x,exclude_x,0,2682,7911,0,1,0,1,0,0,0,1,1,1,0,0,0.00669881422072649
4,50,10,100,3808393736,31,conj,glucose42,MT19937-RandomState,4.66248020529747e-05,00100100011010000000010000101000010000010010100011101001011101101000111010110100001101101000101010010001010000111001111010000110000000000101010101001111111111000011011101111001000000011101001001101010000010101010101110100001010001010110111010011011100111001110000011110111100100101101100101101000000100000110001101110001011110101001100111010111010101001000100111100111111011100100100101100101101011100100110100011101101011000000001110111111111000110010111101101101010001110111001000100101110010011000,04eb893d95ec50325d125da8d73a4bcdc0cb3ec9a877a62ee6a13f1f85ac691c,bernoulli,bernoulli|conj|p=0.5|zero=allow_iid|rng=MT19937-RandomState,0.5,allow_iid,0.0011793635785579681,8.719135075807571e-05,0.0016792584210634232,0.0010433131828904152,0.017362629994750023,0.02135878335684538,0.003989126533269882,39,379,1,6,SAT_unsat_identifiable,1,boolean_factorization,exclude_x,exclude_x,0,2541,7890,0,1,0,1,0,0,0,1,1,1,0,0,0.007182401604950428
4,50,10,100,3808393736,32,conj,glucose42,MT19937-RandomState,4.6358443796634674e-05,10010011011111101000110100101111000011111101100000100011000110000001100110100000011100100011011110001011111101101000001000011101011011101000011101100100110000110110100111111010111001001110111100001010001110011000000000101101100000011100100101011011101000111001100110011101000110000111100111100101010100111011100001001010110111111111100111101011111000101100110000101000011110000100101110001000000001101111100010100100101011111100011110001001101011000011100011000000011110100100011100000101011101101010,0425adf84ab1e7b73484f7717fa3fb3803b8fe154c308ea59cccb48caffe7835,bernoulli,bernoulli|conj|p=0.5|zero=allow_iid|rng=MT19937-RandomState,0.5,allow_iid,0.0010984912514686584,8.767843246459961e-05,0.0015145009383559227,0.001046561636030674,0.009903134778141975,0.013656103983521461,0.0037472322583198547,35,317,1,6,SAT_unsat_identifiable,1,boolean_factorization,exclude_x,exclude_x,0,2265,7050,0,1,1,0,0,0,0,1,1,1,0,0,0.006558111868798733
4,50,10,100,3808393736,33,conj,glucose42,MT19937-RandomState,4.5998021960258484e-05,10111110010001001010100010111000001000010000100100010110010101101001101001010100000101010010100010001101010011100000110001110111001010111010111010110100101111000010110101001010000101001100000100011001111010011111001000011101110100110100111110110111101100011001001010111100011110111111100100100010101110001100010001101001001100111110010110110010010010110011010110000010110011000010011100101011000011101101110110011001101011001011110111101111001101010010110000101011110000101001110101011110000101100101,c4441564a0ffc8becb43bcf0b32d6f9f2ad64cf3ab3184ab96e62a6a07f74a4a,bernoulli,bernoulli|conj|p=0.5|zero=allow_iid|rng=MT19937-RandomState,0.5,allow_iid,0.0011199135333299637,8.609145879745483e-05,0.0016796980053186417,0.0010384451597929,0.016448975540697575,0.020379495806992054,0.00392414815723896,39,335,1,6,SAT_unsat_identifiable,1,boolean_factorization,exclude_x,exclude_x,0,2601,7956,0,1,0,1,0,0,0,1,1,1,0,0,0.006979200057685375
4,50,10,100,3808393736,34,conj,glucose42,MT19937-RandomState,4.4872984290122986e-05,11000000101011011000101111011001111001100010001100011100100000111111000111101101001101100011010010011001001110111110000100001000101011001000001011011110110111001001010000110000011001110111101010011010111001110111111100100101011110111000110001100100110111000001010000110001110101010000011101000110111110101000000111000100000100001001001111011011110000000000110010111100111010010001011100100100011011010101000110110111011111110100001111100100011101001110000000100011001110110011000000000001110011100011,00701388c32f5ab9d4af82d35cfe2964dd266224d7179c28f041101728eb8af8,bernoulli,bernoulli|conj|p=0.5|zero=allow_iid|rng=MT19937-RandomState,0.5,allow_iid,0.0010512759909033775,8.640624582767487e-05,0.0014464342966675758,0.0010469164699316025,0.013864405453205109,0.017501410096883774,0.0036310330033302307,33,359,1,6,SAT_unsat_identifiable,1,boolean_factorization,exclude_x,exclude_x,0,2107,6608,0,1,0,1,0,0,0,1,1,1,0,0,0.006661522202193737
4,50,10,100,3808393736,35,conj,glucose42,MT19937-RandomState,4.379730671644211e-05,00101100101111001111110011001000010111100000111010111010110111000001110101101000101010001101100101010101010001111111101111000000011110010001001011010100100000000110000001001010000110100001110011011100101001100111010011001001011001111010110001010001010011101100001101011001011101010100101110110011010110010111110110011101101111011111111110001100011001100111110001110111011100110101101000100110000101011110001010101111010000110000101111100111101101010000100010101011000010001010000010101010100010101011,c18c5450367a88cd957dcc5df149235144e9bc2c48a06cabab17c4547a29f7bf,bernoulli,bernoulli|conj|p=0.5|zero=allow_iid|rng=MT19937-RandomState,0.5,allow_iid,0.0011524185538291931,9.51690599322319e-05,0.0017379140481352806,0.0010670525953173637,0.027706905268132687,0.03176603652536869,0.004052554257214069,40,298,1,6,SAT_unsat_identifiable,1,boolean_factorization,exclude_x,exclude_x,0,2680,8177,0,1,1,0,0,0,0,1,1,1,0,0,0.006997006945312023
4,50,10,100,3808393736,36,conj,glucose42,MT19937-RandomState,4.365108907222748e-05,00000101111111100100010100001010110011001100010100101001110000100101101001001011010010110110101110111101110100100111101100000011000000010111001111000000011111100010101011101100010010000010100101011011000010010111110101101010101110100101010000111011010011101011010010000110010011010101101010001100011101000001110001011111010011110001011001011001111001000000101011000101010000100101010001111101101111001111000011000001111000101111111000000011011011001110001000010000101011100000011101011010010001001100,67f991734dd542845c0bf4df181778a6fda3703cae4c2583e3bf6df33d47bf95,bernoulli,bernoulli|conj|p=0.5|zero=allow_iid|rng=MT19937-RandomState,0.5,allow_iid,0.0010621296241879463,9.738001972436905e-05,0.0017562732100486755,0.0010564159601926804,0.018705304712057114,0.022683863528072834,0.003972198814153671,41,312,1,6,SAT_unsat_identifiable,1,boolean_factorization,exclude_x,exclude_x,0,2759,8398,0,1,0,1,0,0,0,1,1,1,0,0,0.007004432380199432
4,50,10,100,3808393736,37,conj,glucose42,MT19937-RandomState,4.833471029996872e-05,01010000101001110111010111100101000111001011111101111000101110110101101100111011000001101000100000111100000001101001010011111101000011111011000100010110000100111100010001110110010111111110111101101010010111000011000000011101001010111111000111101010100000010000101111001010011110001011010001110001111101100011000001100110000101011000010011111001010000111000000010010010111001110001101010011001101001000111110111111111101111001001100001000110011000110101100000001100010100100101010000111000110110100111,93e3324c5e300f3e7376763e119f095045a29bbe91815a7d377055c7e4f4ab7a,bernoulli,bernoulli|conj|p=0.5|zero=allow_iid|rng=MT19937-RandomState,0.5,allow_iid,0.0010571246966719627,8.647795766592026e-05,0.0015711840242147446,0.0010505793616175652,0.017666170373558998,0.021443733014166355,0.0037653660401701927,36,341,1,6,SAT_unsat_identifiable,1,boolean_factorization,exclude_x,exclude_x,0,2344,7271,0,1,1,0,0,0,0,1,1,1,0,0,0.006796760484576225
4,50,10,100,3808393736,38,conj,glucose42,MT19937-RandomState,5.165766924619675e-05,01010100100101001111110110100010000111011100110010011110001000000110111100110110111101101101010000110011100101111001110000000010110001101010001111011101100110011110100010010101111000100001101111010000100100011101111100001101011011001000110000100101000011110100101011011110001101010010000001111010111101001111011011000111101011000001011000010000001110111111010101110010010110011011101001000011110000011101110010101000101110101011101110001000000000010111100100011110111101010111111100011111101111011011,8f217d7ee4ccb5079afb4baea39a41fc29e7be8b7390fecbff8520c9b5132ee9,bernoulli,bernoulli|conj|p=0.5|zero=allow_iid|rng=MT19937-RandomState,0.5,allow_iid,0.0010772384703159332,8.81776213645935e-05,0.0015591876581311226,0.0010427841916680336,0.014134205877780914,0.01790837198495865,0.003767387941479683,36,297,1,6,SAT_unsat_identifiable,1,boolean_factorization,exclude_x,exclude_x,0,2394,7326,0,1,0,1,0,0,0,1,1,1,0,0,0.006516189314424992
4,50,10,100,3808393736,39,conj,glucose42,MT19937-RandomState,4.802551120519638e-05,10011101101011011100001101100111010111111001101110000111101010000101111011111001110010111010001101001011100011000011000010001101001010111110110100000000000001011010011100101000111111110001000010000001010100011101001011101100100001000110010000001101111010011111001101011000000000001011010100000011001001000111110011000101001011101110100111010000100100000011010011110011010101100000011101001111111011100011101000101001010100010101001011011110000101010000010001000001100111000011110111001101101110101001,1158e82d50b2529c251c9f6549afacf5ef1e70c6c4fc4f032c2afc0657371032,bernoulli,bernoulli|conj|p=0.5|zero=allow_iid|rng=MT19937-RandomState,0.5,allow_iid,0.0009756330400705338,8.172914385795593e-05,0.0015250658616423607,0.00103787612169981,0.01003249827772379,0.013658452779054642,0.0036203041672706604,35,270,1,6,SAT_unsat_identifiable,1,boolean_factorization,exclude_x,exclude_x,0,2385,7182,0,1,0,1,1,0,0,1,1,1,0,0,0.006346219219267368
4,50,10,100,3808393736,40,conj,glucose42,MT19937-RandomState,6.122887134552002e-05,00101111110011111111000000000011100011110111101000001001011101100101111001011100111100100100111100010000011011000000000011000011100010110011101111101001001010101111101001011001110101001100000100100110001111110010010100000101011101010011110000101100000000010101100101010100011001011001001011100011101101100111010011011001100101011111001111111001010011000001100100011110000110101101111010110000001110100110110000101110000110100111001100100011101011100001110101111000000110001011011010010001000111000010,43b8a66ae8b8d2d9b14ff87d4ea4fdeb2abf9478ee39b84e705c5c02f5264ca5,bernoulli,bernoulli|conj|p=0.5|zero=allow_iid|rng=MT19937-RandomState,0.5,allow_iid,0.0010083941742777824,9.4621442258358e-05,0.0016446635127067566,0.001051989383995533,0.01551238726824522,0.019318774342536926,0.00379966851323843,38,292,1,6,SAT_unsat_identifiable,1,boolean_factorization,exclude_x,exclude_x,0,2612,7834,0,1,0,1,1,0,0,1,1,1,0,0,0.006758899427950382
4,50,10,100,3808393736,41,conj,glucose42,MT19937-RandomState,5.255453288555145e-05,10111011001011110000101111110100110000110101011101111101010100010001111000000101110101010110000110111110101011101111011011001101001101010011111001101001110100110010010010110100000010001111100100111011110011110101110111000101111100110000001010111111100010001111011111110011100111100001101100011110111110001111011111101100010001101011111011111111101110111101110100000001110010010010110010010100000100101010101110110000101100110100111111110110011111100010001010110101110101110000100001101111101101100101,13bb45dea3aacdaae2195f650674aff49c4b032de5a4db74bb62b7580b8f0bb2,bernoulli,bernoulli|conj|p=0.5|zero=allow_iid|rng=MT19937-RandomState,0.5,allow_iid,0.00112881138920784,9.162630885839462e-05,0.001612653024494648,0.0010478068143129349,0.01558269839733839,0.019469711929559708,0.0038808975368738174,37,213,1,6,SAT_unsat_identifiable,1,boolean_factorization,exclude_x,exclude_x,0,2723,7822,0,1,0,1,0,0,0,1,1,1,0,0,0.006266121752560139
4,50,10,100,3808393736,42,conj,glucose42,MT19937-RandomState,4.320312291383743e-05,11100011100001111001001111010100100111110110010011101101010001110101100000110111010010101010111100101001100101010100100011001110100100100011000110001000100011101011001010010000111011101000000111101101111111110010111101001110000011011111010011011000100100010001001110001011111001001011101011001100001110110101010100011111101110000101011101110110101010111010101110000011000000000011011001000111111001101011101000000110011100101100011110011010100110110100110111001010101010010110110111111101000101100011,dd631f788b612a6924a538a96985e182d1ee629d746f0bea8085bf265a4ed4b8,bernoulli,bernoulli|conj|p=0.5|zero=allow_iid|rng=MT19937-RandomState,0.5,allow_iid,0.0011206446215510368,8.755363523960114e-05,0.001684785820543766,0.0010375231504440308,0.027666673995554447,0.03160399571061134,0.003930507227778435,39,270,1,6,SAT_unsat_identifiable,1,boolean_factorization,exclude_x,exclude_x,0,2721,8088,0,1,0,1,0,0,0,1,1,1,0,0,0.0067212870344519615
4,50,10,100,3808393736,43,conj,glucose42,MT19937-RandomState,5.319807678461075e-05,10100111010000001000111100010111011101100110011010000000010111010111000010100010100100110001010000000000001100111111001111001000000110110000111111111101001000010011101000001011100010011010011100001010000101111010010100111010111010000100001001011000111101100011110110111010111011101110100101100010001011010101011111101011101000101010100000101110101101110010100101010110100111011011000110011000100001010111010010111101011110010010010010110000000010110001110011000010011110101000111010101010011110101101,df941d49e0bdfea0b97d33c2bde8acd73f87f2fafebb5ad522557875b7193d04,bernoulli,bernoulli|conj|p=0.5|zero=allow_iid|rng=MT19937-RandomState,0.5,allow_iid,0.0011580632999539375,0.00010026060044765472,0.0015210583806037903,0.0010679801926016808,0.021125863306224346,0.024979857727885246,0.0038473624736070633,34,380,1,6,SAT_unsat_identifiable,1,boolean_factorization,exclude_x,exclude_x,0,2146,6785,0,1,1,0,0,0,0,1,1,1,0,0,0.006744649261236191
4,50,10,100,3808393736,44,conj,glucose42,MT19937-RandomState,4.697497934103012e-05,00001111000001011001110100100010111101011110001110001110100001100010110011111101000001010011111100100100001011110000110001001111111111000101011111001001011011011010010100000111011100001011011010100001000011110001001101100011111010000100000001000010110000001010001101010110010110000010000011000001100100001101010001011110010001010111111100011000001000101111011110100111001000110000101001101001100101110001110100000110011101100000011101101001111110111110000010100110010001011111010111000110101010000001,de9d2f8e532062bf8de442bd69a45bbf9762182e9923f6f211998a203856a224,bernoulli,bernoulli|conj|p=0.5|zero=allow_iid|rng=MT19937-RandomState,0.5,allow_iid,0.0010202256962656975,8.82316380739212e-05,0.0014532580971717834,0.001038903370499611,0.01334474515169859,0.01695164479315281,0.003600618802011013,33,377,1,6,SAT_unsat_identifiable,1,boolean_factorization,exclude_x,exclude_x,0,2077,6575,0,1,1,0,0,0,0,1,1,1,0,0,0.006602977402508259
4,50,10,100,3808393736,45,conj,glucose42,MT19937-RandomState,4.331860691308975e-05,10001101000001101001010011110110110100011001010110101101111011110010010110000001101011010110010111011010000110011000011011111000010110001010011010110010101011011111011111101010000000000001001011010011110011011101010111011011001100101101100111010001001010001101010100111100011110101110111111001010111001011101110110000110011011110101111010001100000100110110001111111010011010101011010111000010100110010011010100111100011010110111110101000011000101001001100011011110010011001010100111011011111000111010,712c2d9a5cd6e52ba0bf7841ae3557cbbcbf13ac4c8bd807284fa7dd858dcf06,bernoulli,bernoulli|conj|p=0.5|zero=allow_iid|rng=MT19937-RandomState,0.5,allow_iid,0.0011065788567066193,8.316896855831146e-05,0.0015966696664690971,0.0010456359013915062,0.02448278944939375,0.028320820070803165,0.003832053393125534,37,282,1,6,SAT_unsat_identifiable,1,boolean_factorization,exclude_x,exclude_x,0,2553,7635,0,1,1,0,0,0,0,1,1,1,0,0,0.0065694535151124
4,50,10,100,3808393736,46,conj,glucose42,MT19937-RandomState,4.6098604798316956e-05,11111001001001111010111000110000111110010011001000011100100100011100101001111000000110010100011011011011010101111011011000001010111100100110110100011100100010110110101100001010000110111010101010110100111100110110001101010110110011011001011011000110100101110100011010010111010101001101111110110010001000010111101010100011011100110001111110010101100110010011011100010011100100011111001001100011000011010111110011001010100100100010100011000101010001000001010110110000110101101100101001000011100010100100,1c674b91410228c06ee63869c4cd03293da6c567d1a31ade419aa399b3bc5397,bernoulli,bernoulli|conj|p=0.5|zero=allow_iid|rng=MT19937-RandomState,0.5,allow_iid,0.0011455938220024109,9.738467633724213e-05,0.0018357876688241959,0.0010650157928466797,0.035922592505812645,0.04007281269878149,0.0041437819600105286,43,317,1,6,SAT_unsat_identifiable,1,boolean_factorization,exclude_x,exclude_x,0,2917,8840,0,1,0,1,0,0,0,1,1,1,0,0,0.007250851020216942
4,50,10,100,3808393736,47,conj,glucose42,MT19937-RandomState,4.482083022594452e-05,00001011110111101111011101101011101001100000011000001000110110101001010101011110111101011100010001110000000110101101000001010010101111000000111111000100111100010100101110011110000101010011111101001010100010011101010111001011101110110100110000100111100110101101001011111011101001001111001010010100111101011101111101010000111011000010111100101011111001000011111100111110111100001111110101011010100001000001101100110000001010000111111000011110011010011100010010010100101010101100110100110100101101010000,c5c0d2ce0b67e834e0c96f6e4b6f9b41372bd496eecc2c78145dd3ac9edbbca9,bernoulli,bernoulli|conj|p=0.5|zero=allow_iid|rng=MT19937-RandomState,0.5,allow_iid,0.0009902333840727806,7.75456428527832e-05,0.001415233127772808,0.0010427730157971382,0.013091334141790867,0.016624237410724163,0.00352578517049551,32,283,1,6,SAT_unsat_identifiable,1,boolean_factorization,exclude_x,exclude_x,0,2178,6552,0,1,0,1,0,0,0,1,1,1,0,0,0.006259323097765446
4,50,10,100,3808393736,48,conj,glucose42,MT19937-RandomState,4.664808511734009e-05,01110011101111000000001111100000110110111000010101111000110101010001110000111100010101100101001101011000010000111010100100000000011111110111101000111100111101011011100111111010000010101111110100110010101101111001000100001100111110100111101111000010101101100001101011011000011111011100110010111100110111011100010001000011011110110101010010101001110100100110111111000011001011111101111100111111010111110010111111110111011011101110011111000011110101101000001110010111001010101011100111001100011101010000,16c803c012d4027cdf7076b8ca097115c409eba5e66098e708274451c29a42c1,bernoulli,bernoulli|conj|p=0.5|zero=allow_iid|rng=MT19937-RandomState,0.5,allow_iid,0.0011882167309522629,9.05422493815422e-05,0.0015691081061959267,0.0010539637878537178,0.01939152181148529,0.02330044936388731,0.0039018308743834496,36,249,1,6,SAT_unsat_identifiable,1,boolean_factorization,exclude_x,exclude_x,0,2554,7502,0,1,1,0,0,0,0,1,1,1,0,0,0.006431686691939831
4,50,10,100,3808393736,49,conj,glucose42,MT19937-RandomState,4.707835614681244e-05,11001001111001111111111001010001000100110110000010101000010110111101010110011100111111101110010111100001110101001110111101100111010011101100101000000101100110100110011011010101101010011001001000111001110001010101010110111101101001101000111100100001111000001000101111111010100001011000001110001000010010010010011100101011100101010000000001000000111010110101110111010110101011100001001101110000011011100101010001011101001010011010101101000110100110100000110111110001100011011011010000010110111010001110,f10dfde84bce1f108d2780b5deeb012c146456ba70ef5caa29ed78cff77425ed,bernoulli,bernoulli|conj|p=0.5|zero=allow_iid|rng=MT19937-RandomState,0.5,allow_iid,0.0010674279183149338,8.074287325143814e-05,0.0015259692445397377,0.0010436084121465683,0.033370085060596466,0.037094712257385254,0.003717748448252678,35,287,1,6,SAT_unsat_identifiable,1,boolean_factorization,exclude_x,exclude_x,0,2315,7105,0,1,1,0,0,0,0,1,1,1,0,0,0.0066283633932471275
4,50,10,100,3808393736,50,conj,glucose42,MT19937-RandomState,7.173791527748108e-05,10001101111001010111001001000101101100000111111011111000011010001101111001100010111111100101111000111000011010100001010010011111010100000110000011110110100111100101001110100011000011001111100001101100100000100010010100111011011111011101010010011101111011110001010111111000011010000110000111111100000101011111011000010110000110110010001101000111110100111001110001001001100111010100000101101010010111110011010100101010100000010111110010000101001101100101011101010010000110010011101000000100111110001000,12b553741d21ab54d8b30d31175ccaa92b6c85e22f009d7f0b243a7c4bc40b07,bernoulli,bernoulli|conj|p=0.5|zero=allow_iid|rng=MT19937-RandomState,0.5,allow_iid,0.000993644818663597,8.84300097823143e-05,0.001375206746160984,0.0010508978739380836,0.034525906667113304,0.03804188594222069,0.003508179448544979,31,315,1,6,SAT_unsat_identifiable,1,boolean_factorization,exclude_x,exclude_x,0,1989,6210,0,1,0,1,0,0,0,1,1,1,0,0,0.006341182626783848
4,50,10,100,3808393736,51,conj,glucose42,MT19937-RandomState,4.7161243855953217e-05,00101011111000001110111101011001011011110010010110010010000101010001100011101100010010011011001010100011111101111110010110000111011100000111111000000010101110101111111110111110100110001111100001111110111101110110000110011010100010111110011000111110101100011001111111101101110100011110010001011011000011011101010001000011000000011101111111101010001110100000100010001011001011111001000011111100001110110000001101101000110110001001101101110100110101000111000110001000000000001101110110001110101010011101,29ba696d9090db25c6cae3ae4f90fc14ccf10b1ad52cd8172e40889577fe3bbe,bernoulli,bernoulli|conj|p=0.5|zero=allow_iid|rng=MT19937-RandomState,0.5,allow_iid,0.0011249370872974396,8.146185427904129e-05,0.0015303082764148712,0.001050715334713459,0.017482513561844826,0.02127648424357176,0.003787422552704811,35,274,1,6,SAT_unsat_identifiable,1,boolean_factorization,exclude_x,exclude_x,0,2355,7149,0,1,1,0,0,0,0,1,1,1,0,0,0.0064342329278588295
4,50,10,100,3808393736,52,conj,glucose42,MT19937-RandomState,4.8114918172359467e-05,01001110000110101101110010010001011110101011101110010010110011110100010110101110000100000001111001111110010110000011111001000011010011100110101100110111101110111010001110000010010111010000111000010011100111000011100010000010100011111110001100010101000110101111010111001001101101010011011000010101100010010111000110100100010011010010111101010011000100101000110011001011110101011000101011100010111011111110000100100111100110100010100101110011010011111000101111110100111111000010000001011101011011000000,2d4585ae1ab9c97b28c4969e2910d38c58762ba9283b3f01213089186e690496,bernoulli,bernoulli|conj|p=0.5|zero=allow_iid|rng=MT19937-RandomState,0.5,allow_iid,0.0010154498741030693,8.101947605609894e-05,0.0014850981533527374,0.001040012575685978,0.023289996199309826,0.026918256655335426,0.0036215800791978836,34,312,1,6,SAT_unsat_identifiable,1,boolean_factorization,exclude_x,exclude_x,0,2216,6862,0,1,1,0,0,0,0,1,1,1,0,0,0.006502545438706875
4,50,10,100,3808393736,53,conj,glucose42,MT19937-RandomState,4.822947084903717e-05,01000011101000101011011011110001000111010111101111111110000110101000101010000100011101011011100010011010101010000100001111000000100100101111000110110101001010000011101001011010100000000011011110101011011001010001111110110101010110101010110110000001001101110111011111110001101000001011001110000101101000110001010100001111000010000001110011100000111110101100010011100101011101111101001000100110010000000000011001000101010000010111011100110000100111111010111011100001011011000111111101000001100000000101,fb7e8deabf9fe6d107753fdfbb5604ed061e6f9fd41c29f1f240a408e3545bb1,bernoulli,bernoulli|conj|p=0.5|zero=allow_iid|rng=MT19937-RandomState,0.5,allow_iid,0.0010205460712313652,8.214078843593597e-05,0.0013355277478694916,0.0010374337434768677,0.012098058126866817,0.015579425729811192,0.0034756483510136604,30,418,1,6,SAT_unsat_identifiable,1,boolean_factorization,exclude_x,exclude_x,0,1810,5879,0,1,1,0,0,0,0,1,1,1,0,0,0.0065185073763132095
4,50,10,100,3808393736,54,conj,glucose42,MT19937-RandomState,4.670117050409317e-05,11110000110010011100101000100001000111010101001110010111101001111110011000001000110110001100101001101001000100010100001100011110000010001011011111111000010111111101111000110011001010110111111100111011010110110101101101110100111111001110110000100000110100100110111010011011000010001110100011111110110010100100000101001001101111111011101110011011111001100011110101010010010110100111010101110001101010111010110111001011011011011111110001101111100110100010011001001011110011011011111101011110010010001101,d2771e0b8ecf3944c1036d3887e20f44898924406bc2cc1ef1faa22081bfc58f,bernoulli,bernoulli|conj|p=0.5|zero=allow_iid|rng=MT19937-RandomState,0.5,allow_iid,0.0010554222390055656,8.560158312320709e-05,0.0016056196764111519,0.0010429313406348228,0.38265577238053083,0.3864528816193342,0.0037895748391747475,37,245,1,6,SAT_unsat_identifiable,1,boolean_factorization,exclude_x,exclude_x,0,2623,7712,0,1,0,1,0,0,0,1,1,1,0,0,0.006546381860971451
4,50,10,100,3808393736,55,conj,glucose42,MT19937-RandomState,4.9198977649211884e-05,00100010010110110000110010010001110111101011101000110100111111101000100110110000111101110110000110001111011101011001111000010100101000001111010000010011110100010110000010011111010011010100110100010011010001110111000110100001001101100000111100111010001110001011000100011011110001110010010010010101101100111101111111110000111000100000011100001001001100100000101110110111101110010010110110101100111110000011111011111000100110100000110110001001011011000011110010101000000011010001101010001011001100000101,04258a6bfc64af656f68b6c3f38b6d0029729c3b8b07920f4f24b91b351a9a26,bernoulli,bernoulli|conj|p=0.5|zero=allow_iid|rng=MT19937-RandomState,0.5,allow_iid,0.0009289057925343513,8.186139166355133e-05,0.0014223027974367142,0.0010535353794693947,0.013876508921384811,0.017370007932186127,0.0034866053611040115,32,345,1,6,SAT_unsat_identifiable,1,boolean_factorization,exclude_x,exclude_x,0,2058,6420,0,1,0,1,0,0,0,1,1,1,0,0,0.006571934558451176
4,50,10,100,3808393736,56,conj,glucose42,MT19937-RandomState,4.780292510986328e-05,01111100101100101011111101000010100011111110111010011001111001111001111101100100110001111111001010010000000100001001010110010000101111111101111110101111011011101010001101001111000000110111110110011001011100111101101101110000011111101101000010111001100110001011101010001110010011011011001110110010110111000101111110100000001010010001010000111001001001111000110110100011010000100010001011101011101001111111011011011100111001101111000010111000101010100110010101010101010000000010101000111000000111101011,e7cbe22848459eabd3a875f7d8cbbaea2cda0bf65eca987b974e46a14d4aee6a,bernoulli,bernoulli|conj|p=0.5|zero=allow_iid|rng=MT19937-RandomState,0.5,allow_iid,0.0010520070791244507,9.084492921829224e-05,0.0014130054041743279,0.0010368181392550468,0.018153231590986252,0.02175235003232956,0.0035926755517721176,32,289,1,6,SAT_unsat_identifiable,1,boolean_factorization,exclude_x,exclude_x,0,2178,6552,0,1,1,0,0,0,0,1,1,1,0,0,0.006235170178115368
4,50,10,100,3808393736,57,conj,glucose42,MT19937-RandomState,4.643760621547699e-05,10100110011011011000010101011101010100100101110101001110000011111110000010111000010010001000010011011111010000100000001111100100010011111110110101110101110000000111011101011000100101101011011100111000100100110100100110010000011010010000110000010101011011000010111101000111011101001010100000100011110000001001001000011110010011010011010100000101110001010011011100101010000111111010010100111100011111000010101101010110101110001101000000101111001011101100010110111110010010011001010001111001101101000010,d39b177c8cf25dcd284d5b50e4d76b2ea41c0bb5738d9a935aaeea43488b9ee9,bernoulli,bernoulli|conj|p=0.5|zero=allow_iid|rng=MT19937-RandomState,0.5,allow_iid,0.0010697552934288979,8.967611938714981e-05,0.0015956787392497063,0.001051226630806923,0.020479832775890827,0.024293082766234875,0.003806336782872677,37,387,1,6,SAT_unsat_identifiable,1,boolean_factorization,exclude_x,exclude_x,0,2373,7437,0,1,0,1,0,0,0,1,1,1,0,0,0.007057300768792629
4,50,10,100,3808393736,58,conj,glucose42,MT19937-RandomState,5.045440047979355e-05,10001001011011101111101100100101000110001001001010000101100000001001011000010110011110011100111101000011001011011000110010010100101010010101011111110101011011000010011110000101010110010010001000011011111111100011000100001101010110000100100101001001011001101101100010111110110111110001110101111010111000000100010101010011110100001000111001101011011101001000000010101110110111101010101110000011100011010110110100100000110100000011101011000101010101111001110011111000111000100010001111110001001100101001,1f856af55e4b81d4108f01ef3c057d20de1ca8e9c81558cca0b2764cb257395c,bernoulli,bernoulli|conj|p=0.5|zero=allow_iid|rng=MT19937-RandomState,0.5,allow_iid,0.0010865163058042526,9.180326014757156e-05,0.0015323823317885399,0.0010413527488708496,0.014766818843781948,0.018524909391999245,0.0037520546466112137,35,396,1,6,SAT_unsat_identifiable,1,boolean_factorization,exclude_x,exclude_x,0,2215,6995,0,1,1,0,0,0,0,1,1,1,0,0,0.00693541020154953
4,50,10,100,3808393736,59,conj,glucose42,MT19937-RandomState,4.7330744564533234e-05,00100011001010111000110110010110111000101100011100001111001100100100110000110100010100110011110100100001011110011010101111111111101001011101111100111101100011101101100101100001111101000001000010110100000101011111111010001001010100101111000001100010001111000001100000110110110001000101000010101010000001011100111110000101010100010001001001110101110011100100010000100010100000111010010010100000100011100011101010011001011001011010011001010100110011101000010110010001010100010100000101110001110111101101,64f3b1c748130a01483436e5379e4d964ed6e0604d93be37a0b76ffd5a73d80c,bernoulli,bernoulli|conj|p=0.5|zero=allow_iid|rng=MT19937-RandomState,0.5,allow_iid,0.001033705659210682,8.719135075807571e-05,0.0016877846792340279,0.0010395990684628487,0.0197160467505455,0.023570978082716465,0.003848280757665634,39,353,1,6,SAT_unsat_identifiable,1,boolean_factorization,exclude_x,exclude_x,0,2561,7912,0,1,0,1,0,0,0,1,1,1,0,0,0.007105102762579918
4,50,10,100,3808393736,60,conj,glucose42,MT19937-RandomState,6.031803786754608e-05,10000110000000001010100110110000101000011000000001011011001111011000001001010100100001000010110100110001110010110111000010101100101000110110001110110100100011110011100100001110101110001101111001010010110001011000000101010001111100111000101010111000100110010001000010001101011001101011001010101111110010111011010000011101000110111000011110110110001100001000001000010011110011000011100101000100100111011011010100010111000010110101100101000101111110001111111001000111011101000100011011010100001011011101,abd1d0cf6b70e2d44a598db76bcf74cebfd86a99e17b3305174722bb0d7431d2,bernoulli,bernoulli|conj|p=0.5|zero=allow_iid|rng=MT19937-RandomState,0.5,allow_iid,0.00111427903175354,9.22568142414093e-05,0.0016002720221877098,0.0010542720556259155,0.0180515730753541,0.021918787620961666,0.0038610799238085747,37,393,1,6,SAT_unsat_identifiable,1,boolean_factorization,exclude_x,exclude_x,0,2313,7371,0,1,0,1,0,0,0,1,1,1,0,0,0.007092486135661602
4,50,10,100,3808393736,61,conj,glucose42,MT19937-RandomState,4.5822933316230774e-05,10001100000101010011000101011110110000001011011111000100101101100011110110011001100011010011100111100110101000010001100011100001001000011010011000011000111110101001100011011100111010111101011001100100001100000101000111101001110100111010011111000101101001001101001100010011011110101011100010110100110101101101000011101110111111000010111100011011011100101001100000000101010100100111100100100000001100011000101010000001010110001110111110011110000011110110010010111010010001101011101000111100011101000111,29cee02c3032f835695d9452f2cc39ec263cafcb23ec1c92f115bb056799ee92,bernoulli,bernoulli|conj|p=0.5|zero=allow_iid|rng=MT19937-RandomState,0.5,allow_iid,0.0010346155613660812,8.387211710214615e-05,0.0015643695369362831,0.0010600974783301353,0.0259769419208169,0.029726887121796608,0.003742954693734646,36,326,1,6,SAT_unsat_identifiable,1,boolean_factorization,exclude_x,exclude_x,0,2394,7326,0,1,0,1,0,0,0,1,1,1,0,0,0.006687498651444912
4,50,10,100,3808393736,62,conj,glucose42,MT19937-RandomState,4.8284418880939484e-05,10110000001001100100111001010000000001100110110011111010110111010101101110000101000011100010100000111010111011110011100011011011110110110011101011110111011011010000101000100101000011101110100100011001111100010011100101110110101010111101100110111011001111000100010101000100011101000111011111100011110001001101000110000001001011010100100011100011111000001001111011111011100011100100010111110110010000001111101111111101111101000111111110011111110101101100010111011011011000101001111011110000100011110010,8a84228e895776bd662b0e18fa8f9e10eee36a978b15eb42e70c58c6bfe80c9e,bernoulli,bernoulli|conj|p=0.5|zero=allow_iid|rng=MT19937-RandomState,0.5,allow_iid,0.0010640304535627365,8.549634367227554e-05,0.0014566769823431969,0.0010501965880393982,0.015055845491588116,0.018718077801167965,0.003656400367617607,33,271,1,6,SAT_unsat_identifiable,1,boolean_factorization,exclude_x,exclude_x,0,2197,6707,0,1,0,1,0,0,0,1,1,1,0,0,0.006252883933484554
4,50,10,100,3808393736,63,conj,glucose42,MT19937-RandomState,4.7538429498672485e-05,00000111011011100011110011111111001110110000000000001010100111110010011010101101101010111000110110100000010111010001010001101111100110110110101011111000011000001111000011000010111001000111001101011100001111010101000100101011001100000110101100111111000010110001100001100100001110001011010010000000110010010110010011110001101110000010101011010110011100111000111111001100110100000110100000110000101000100011010100111000010110011011011010001010101110001011001101111001010011111011110110011011011011100100,1b9012a127c88449b768a41d9db30b26bfe7a91ff7393993a6afa477f438b1e1,bernoulli,bernoulli|conj|p=0.5|zero=allow_iid|rng=MT19937-RandomState,0.5,allow_iid,0.0009586885571479797,7.845647633075714e-05,0.0014134151861071587,0.0010537095367908478,0.018948311917483807,0.02245911303907633,0.0035042697563767433,32,314,1,6,SAT_unsat_identifiable,1,boolean_factorization,exclude_x,exclude_x,0,2098,6464,0,1,0,1,1,0,0,1,1,1,0,0,0.006392382085323334
4,50,10,100,3808393736,64,conj,glucose42,MT19937-RandomState,4.804972559213638e-05,11001010101010100100011101011101110000100111101001001100011011001011111001110000010010111001100110110001000101011000000000011011011100111100111001110010001111010101001100110100101000101101101111101101101000011111111101001100111101111001111000000110111100101001000100110010100101011010111100001100100100011011011101011111111101110000100110011111100011000010110011110011001001110100101000100111011100010101000110110101110000111111101010000100110000001010100011000110000000011111001110101011100111000001,fbc9d8ffa79b3330b010204b74c03f0c0c5e2b17c69ecd9bfa667d69f7d8efbd,bernoulli,bernoulli|conj|p=0.5|zero=allow_iid|rng=MT19937-RandomState,0.5,allow_iid,0.0010670265182852745,8.687097579240799e-05,0.0016160272061824799,0.0010620234534144402,0.021105230785906315,0.024944566190242767,0.0038319481536746025,37,278,1,6,SAT_unsat_identifiable,1,boolean_factorization,exclude_x,exclude_x,0,2543,7624,0,1,0,1,0,0,0,1,1,1,0,0,0.006857678294181824
4,50,10,100,3808393736,65,conj,glucose42,MT19937-RandomState,5.0001777708530426e-05,01111110111001101011011111001110110110100110110000100000111001100000001101110100111001001111010101100000010010010001011110101100100000101101101010010001101011100101100000110100011000100110011011000100100111101001011101100000100100001010011011011001010010010000000101100100011010011111101001100011000011111000100000010001011001100010000011101010111000111001110010010000011010100111110111111001100110100011000100111100101001000000000100000111101100000001010000011010001101011010111101111100000000000010,de0b9441bbf3a3fb26cc18798f1a639cfeaad0e0deb737641e528b4cd5b7c0eb,bernoulli,bernoulli|conj|p=0.5|zero=allow_iid|rng=MT19937-RandomState,0.5,allow_iid,0.001102633774280548,8.97897407412529e-05,0.0014610467478632927,0.0010508829727768898,0.016071808524429798,0.019782629795372486,0.0037043532356619835,33,453,1,6,SAT_unsat_identifiable,1,boolean_factorization,exclude_x,exclude_x,0,1997,6487,0,1,1,0,0,0,0,1,1,1,0,0,0.007121246308088303
4,50,10,100,3808393736,66,conj,glucose42,MT19937-RandomState,5.177035927772522e-05,00111111001011101110110011101000001000101001111110100110111111111000011010010001001000101110100101110000000110100101110101011001000010101000000100010011010011011000101101101011001110101010000000111110100000111111111100001111000011110100011100011101111110100001011010101011111001011011101101001110111100111011000001110111101011111010111011000010001001110001001110110001001010010100110010001011101110100010001111000011111011111101110100100000111001000111000000111100110010101000001110100110001110000011,81f203f05e78aaba7a5c16203416ef2a938ff91c606014a7f4c8cd79dd1c3925,bernoulli,bernoulli|conj|p=0.5|zero=allow_iid|rng=MT19937-RandomState,0.5,allow_iid,0.0009805317968130112,8.36467370390892e-05,0.001399412751197815,0.0010480806231498718,0.010764772072434425,0.014283460564911366,0.003511671908199787,31,241,1,6,SAT_unsat_identifiable,1,boolean_factorization,exclude_x,exclude_x,0,2089,6320,0,1,0,1,0,0,0,1,1,1,0,0,0.006104347296059132
4,50,10,100,3808393736,67,conj,glucose42,MT19937-RandomState,4.896894097328186e-05,00001101001101001111100000110011010100010001000000110011111010110100011001100010111011111111101110111101010011101110111001100110100111011111000001110000101001000100001001110100000100001010000010010100001110000000111101110000010100001010110100110011001101001000000011001000011110000100101100100111100111111000100110111101001111000101000011011111110101010011011010111111111110011010101010111111010001100010000101001001000111111110011111011010010110000011101101111111101100110001000100110001110111001001,0176421fa5dec1442ffbabfafaf2d5ec85b87ddd5ef208e6585ca93dbf8b7a93,bernoulli,bernoulli|conj|p=0.5|zero=allow_iid|rng=MT19937-RandomState,0.5,allow_iid,0.0011721337214112282,7.848907262086868e-05,0.001411348581314087,0.0010823607444763184,0.01232550572603941,0.01607642136514187,0.003744332119822502,32,351,1,6,SAT_unsat_identifiable,1,boolean_factorization,exclude_x,exclude_x,0,1958,6310,0,1,1,0,0,0,0,1,1,1,0,0,0.006545701064169407
4,50,10,100,3808393736,68,conj,glucose42,MT19937-RandomState,4.628486931324005e-05,00001111111011000011110110001100001010000001100110001111111101101000111111110001000000000001111000000111000100001001101001101101100000011101011101100100110101110011111010011100001010100001100001000111001000011101110110000000111111101001100001010101010010110000101101110011001110101000101000101100001000110111010110001011000010010100010000010000011110110100110110101101100011110011101101111100011010000011000001110101000000101100110011111101100011011110010010110000111111101001001100000111110001001111,633ddc1215d4f0e0fa12e6f871ce8749a6f70eb0407bf0daec917e279986ad7c,bernoulli,bernoulli|conj|p=0.5|zero=allow_iid|rng=MT19937-RandomState,0.5,allow_iid,0.0009512975811958313,8.903071284294128e-05,0.001524672843515873,0.0010364009067416191,0.015347743406891823,0.018955879844725132,0.0036014020442962646,35,306,1,6,SAT_unsat_identifiable,1,boolean_factorization,exclude_x,exclude_x,0,2295,7083,0,1,0,1,1,0,0,1,1,1,0,0,0.006632745265960693
4,50,10,100,3808393736,69,conj,glucose42,MT19937-RandomState,5.211494863033295e-05,00001111011011001000011111000101100010011001111101000110110101001001010001111111110101010011101100100111110010101101000111010111011111110100101011110100010000011011011010001101111001100100011011010010101100001011111100001110110010001001001111010010101111100100010011010110101010101100101100100000001010011111000101000001100110000111100001100011100110000001101110111010111101011100101111110001000001001100000000111000101110111001111011100100101111001110101111011011010111000011101101011100111011011101,5bc4ee388094ec269cc8ae8060876230d376b34d0048166e706bf64723e0300a,bernoulli,bernoulli|conj|p=0.5|zero=allow_iid|rng=MT19937-RandomState,0.5,allow_iid,0.0010696621611714363,8.391961455345154e-05,0.0015986934304237366,0.0010453704744577408,0.04398724716156721,0.04779188334941864,0.003797645680606365,37,279,1,6,SAT_unsat_identifiable,1,boolean_factorization,exclude_x,exclude_x,0,2573,7657,0,1,0,1,0,0,0,1,1,1,0,0,0.0066107530146837234
4,50,10,100,3808393736,70,conj,glucose42,MT19937-RandomState,7.835123687982559e-05,11010110111001001110110110010010000100000101110011010000010010000000000110010000111101001000110110110101111010000111001100010001101110100010001010110010111101100010011011010111110110000111110000110010111110011001110000110001011001010011100000100000100010001111110101110000001111110001100111111010111110000010110111101000001111000011010001101010011111011010001010101101010001110101000111010111110010000110111101110000100110110101111111000111100000100010001111010010100110010001001101010010001110011011,e90a6233f68ba0b388380537cc1a5f5482b6d38b7026dd245d533437cc0dcdc5,bernoulli,bernoulli|conj|p=0.5|zero=allow_iid|rng=MT19937-RandomState,0.5,allow_iid,0.0011058943346142769,9.497907012701035e-05,0.0015060212463140488,0.001066412776708603,0.04373849742114544,0.04751882143318653,0.003773307427763939,34,378,1,6,SAT_unsat_identifiable,1,boolean_factorization,exclude_x,exclude_x,0,2206,6851,0,1,1,0,0,0,0,1,1,1,0,0,0.0068155014887452126
4,50,10,100,3808393736,71,conj,glucose42,MT19937-RandomState,4.7517940402030945e-05,10010101100111011001100101000111111100001011011011111100110010011100001000011000101111010010001001111010011100101011111001100110001011000111100000101110000111110001000110101010011100111110101011000011010100101011110011001010010000010010011000001010010100010100010000111010101010100001101111011111011001110100110000000110110010001111010101110110101100100101111111001011110110000000000111011111100000000000000100000001010110010111100100110001100011101100000100100010001100100011011110010010011001101001,0a9b1c2fe0b3b2805d7c439a8d8b84def849d23c46b3a1cb968f30dd4cad0780,bernoulli,bernoulli|conj|p=0.5|zero=allow_iid|rng=MT19937-RandomState,0.5,allow_iid,0.0010651955381035805,8.084438741207123e-05,0.0014593685045838356,0.0010414086282253265,0.009256693534553051,0.012909569777548313,0.003646817058324814,33,376,1,6,SAT_unsat_identifiable,1,boolean_factorization,exclude_x,exclude_x,0,2057,6553,0,1,1,0,0,0,0,1,1,1,0,0,0.006697474047541618
4,50,10,100,3808393736,72,conj,glucose42,MT19937-RandomState,4.487857222557068e-05,01000110110011011010000110001010111000111010001000001000001011100000000101001001001111100011010101011100100001010110001101011011111011111010001111111100001110101011000101001001101011010001011010001111110100010000100101010000000111010000100100011011001000101010100011011001101110010000100110111010011101010111100111011010000101011010001000101010100010001000100001000111110110100011011010100011000010011110000001011101100111010111101110001110001000010110011111010101011000000010011110010100111111110101,d8f3e1b625cfa575e094cb40b1f2d7db2c0332bd85dc6c0df5823eef17cea34d,bernoulli,bernoulli|conj|p=0.5|zero=allow_iid|rng=MT19937-RandomState,0.5,allow_iid,0.0010522054508328438,9.017158299684525e-05,0.0016125179827213287,0.0010420344769954681,0.013444598764181137,0.017247593961656094,0.003796929493546486,37,353,1,6,SAT_unsat_identifiable,1,boolean_factorization,exclude_x,exclude_x,0,2363,7426,0,1,0,1,0,0,0,1,1,1,0,0,0.006969058886170387
4,50,10,100,3808393736,73,conj,glucose42,MT19937-RandomState,4.8442743718624115e-05,11011110101100000111011000010001000101010000110100001111001101010110001111111000000011001101111000001011100101000111100101000011111001001010101000001000100110100110101101001000010110010110110111111001000111010010010000001100011011111111111011010010101011011000111111010000000110000110111000010001100010001011010011001101011111011101000111110010100101110000000100100001100111111111110000111000001001000111000011100011110001100111101111011100000111100111100010100100111011110110110011101010111011011011,b90ba8eb6645cdc41ca664852080c78f5f47c961d3dc1d6d8adc3d47409effce,bernoulli,bernoulli|conj|p=0.5|zero=allow_iid|rng=MT19937-RandomState,0.5,allow_iid,0.0011162422597408295,8.841697126626968e-05,0.0015730904415249825,0.0010463111102581024,0.013007665053009987,0.01683885045349598,0.003824060782790184,36,334,1,6,SAT_unsat_identifiable,1,boolean_factorization,exclude_x,exclude_x,0,2374,7304,0,1,0,1,0,0,0,1,1,1,0,0,0.006860492751002312
4,50,10,100,3808393736,74,conj,glucose42,MT19937-RandomState,4.887580871582031e-05,01111111011111101010110001010110000101001111010101100011110000000100001111101111000010010011011011110110110110111011000110100111000010111010010101010101100011111110100100110001001100110110000010101000110001110000100100010101100100000010000110001000100101010110011111010100111001011001001000011101000001100000010100110010011000111101011011010110101010100011110110000101000000101101010000010101010100011011000100100101111100101101101001100111110100010010010110011111100101000111101101010000100000101011,20a4f754e25b7bbdf8f5ba69804b3537fc57e44d3ddf7362c0dd2e92961214e4,bernoulli,bernoulli|conj|p=0.5|zero=allow_iid|rng=MT19937-RandomState,0.5,allow_iid,0.001109173521399498,9.258091449737549e-05,0.0015950500965118408,0.0010576490312814713,0.011890575289726257,0.015752089209854603,0.0038544535636901855,36,389,1,6,SAT_unsat_identifiable,1,boolean_factorization,exclude_x,exclude_x,0,2294,7216,0,1,1,0,0,0,0,1,1,1,0,0,0.007102376781404018
4,50,10,100,3808393736,75,conj,glucose42,MT19937-RandomState,4.8922374844551086e-05,01011000011110011111011100100100100111101101100001101011101011011111101110010110110000101100101001100110010010010100111001100001100111101101111010101101101101010100001110100000100001001110100100100101000000001110100001011000000001101000110111010001011111011011011010010100110100011000100111011101101101111111000111101000001001011110010001000100010000011000111100100000011011111010010001111101110011111101111001000001000011101000001101100111001111000101101101101001000111010011010100001001101011010011,9751a20dd04ff1a41b2a87b0b42a9492e383a3f30e8beae591c61ddc48922fa8,bernoulli,bernoulli|conj|p=0.5|zero=allow_iid|rng=MT19937-RandomState,0.5,allow_iid,0.0010543400421738625,8.301250636577606e-05,0.0013436870649456978,0.0010439986363053322,0.008798634633421898,0.012330321595072746,0.0035250382497906685,30,347,1,6,SAT_unsat_identifiable,1,boolean_factorization,exclude_x,exclude_x,0,1910,5989,0,1,1,0,0,0,0,1,1,1,0,0,0.006320805288851261
4,50,10,100,3808393736,76,conj,glucose42,MT19937-RandomState,4.400312900543213e-05,11011011100010110001111001000011000100000100100010111011011001011010011010011011000101011100011110001000011010101010010001100110011100010101011110100000110010010110000001110000010111101000110011110100111110010111010011010001010101001001010100110100001001000100100111010001001000111001011010011111011110010110001011100010011001011100011101101001101111000010100111001011111000010110111011110101110110010101000011101001000100100101001100000010110010101011110100000011011100111011110101111010101010110110,c596e1fe8c1deb6e9c7742f078a72633af88bb5b8869c95806ca2d58372ea9a2,bernoulli,bernoulli|conj|p=0.5|zero=allow_iid|rng=MT19937-RandomState,0.5,allow_iid,0.0010635508224368095,0.00010882224887609482,0.0015305830165743828,0.00105290487408638,0.02709315810352564,0.030855394899845123,0.003755860961973667,35,337,1,6,SAT_unsat_identifiable,1,boolean_factorization,exclude_x,exclude_x,0,2255,7039,0,1,0,1,0,0,0,1,1,1,0,0,0.006695521995425224
4,50,10,100,3808393736,77,conj,glucose42,MT19937-RandomState,4.8255547881126404e-05,01100101010001011010111111011011111011011001111001001101110101100110001100001000111110001100001101000001010011100100110010000000101001101011111100001110101001100001101111010110111001110010010110011110001111111011011111111000001000011101010100110000111010011110110000110000101110100100000000010011010111001001111000001000101011001011011001001100111011101100110000111101011110101001011011010101001001111110001101110001111100100000010011000001100110010100011010111100100110001010001101110100001011110010,92d962171696099b554ce5ac8f7589cb118c9ed85a45e022f9463c1673c82e11,bernoulli,bernoulli|conj|p=0.5|zero=allow_iid|rng=MT19937-RandomState,0.5,allow_iid,0.0011085988953709602,8.83936882019043e-05,0.0015796506777405739,0.0010757334530353546,0.02131574973464012,0.02517532929778099,0.003852376714348793,36,292,1,6,SAT_unsat_identifiable,1,boolean_factorization,exclude_x,exclude_x,0,2454,7392,0,1,1,0,0,0,0,1,1,1,0,0,0.0066425614058971405
4,50,10,100,3808393736,78,conj,glucose42,MT19937-RandomState,4.476308822631836e-05,01110000001010011001010101111110000110011110011000001100000101110110110110000110000111101111110100010000110100111010010000111011011000010111010101100011110011010101101100110010111111101010010101101110011000000001000111000101010001100011111110110101000010101110011001110010000100100010111101000110100010101011101110001111010100100010110011011001000011011010011101101010001011010100000111110111111010100110110000101011101100100100111001100111011110000110011000010001001011101000000111101100100010000000,140ad4fd500c2d6ac44f7d72b7c4708bea190b017398ed12fe1ff785b9aeb155,bernoulli,bernoulli|conj|p=0.5|zero=allow_iid|rng=MT19937-RandomState,0.5,allow_iid,0.0011111907660961151,8.813198655843735e-05,0.0017117708921432495,0.0010462412610650063,0.04121207632124424,0.045175887644290924,0.003957334905862808,40,321,1,6,SAT_unsat_identifiable,1,boolean_factorization,exclude_x,exclude_x,0,2710,8210,0,1,1,0,0,0,0,1,1,1,0,0,0.0070911552757024765
4,50,10,100,3808393736,79,conj,glucose42,MT19937-RandomState,4.963669925928116e-05,10100011101111000010010111000001100111000000110000001101111011010001001111110101100111001011100010100001100000110111100101001100110010111100110110110010111011000010000010010000010010101101110001101000110001000101110100011110001101011011100000100101000110110011010111110111111110110001100110010011110100001101010100100111101100110110011001000101110001000101000001001000010000100010110100111011011100110111100101101100110010110101001000111101101110011010101101001000010001000000101111110100101011101110,4f308d9c4cbc5cfde40ef4b60442843224b47d1fc6f1b4a091670432f01f8c60,bernoulli,bernoulli|conj|p=0.5|zero=allow_iid|rng=MT19937-RandomState,0.5,allow_iid,0.001127682626247406,9.025819599628448e-05,0.001548013649880886,0.0010630413889884949,0.012105978094041348,0.015941252931952477,0.0038289958611130714,35,376,1,6,SAT_unsat_identifiable,1,boolean_factorization,exclude_x,exclude_x,0,2245,7028,0,1,0,1,0,0,0,1,1,1,0,0,0.006828899495303631
4,50,10,100,3808393736,80,conj,glucose42,MT19937-RandomState,6.64740800857544e-05,11101011001110011010000111111010011010001111110001011001110001010110110101011100111001110100101011101100110100110111011100010010100001000001011110001110110010011101011001010010001101000100100110000100111011000000000101100000001100110001011001010001110110011101101001000101010101001100110000110001111111001101011011100011011001111001011000000001100010000110100111010100101011111110000110011011001000010110011100011110010000110100100001000010101100100111011001100001011001011101000100110110100010010111,fb57d1eb3ddafecad175f9f6213c04430322a6d698f19bd2eb84c0082a9d30fa,bernoulli,bernoulli|conj|p=0.5|zero=allow_iid|rng=MT19937-RandomState,0.5,allow_iid,0.0010639242827892303,8.994527161121368e-05,0.0016109542921185493,0.0010726526379585266,0.01596059650182724,0.019805314019322395,0.00383747648447752,37,335,1,6,SAT_unsat_identifiable,1,boolean_factorization,exclude_x,exclude_x,0,2433,7503,0,1,0,1,0,0,0,1,1,1,0,0,0.006921962834894657
4,50,10,100,3808393736,81,conj,glucose42,MT19937-RandomState,4.420522600412369e-05,00110010101110100011001000110010000111011000100011110111111101011101011101110001111000110100101000100101110000000111011010000100110110101101110001100000111101000100000100101110011011000101101001001110011001110110011011011111000010110111001111011111001010001100010110100110000011111001110111111100100011101111111000110111010110001101001010111100010000011111001001000011100101110100110000110011111010110000110001010010100011101011110110111111000011111111110010110101010000111010101010101011010110111111,81979d1dcd2633420f29d59301518f9a6a3e70410530b7f4f1dd54bcc94d938c,bernoulli,bernoulli|conj|p=0.5|zero=allow_iid|rng=MT19937-RandomState,0.5,allow_iid,0.0011351816356182098,8.463021367788315e-05,0.0016230326145887375,0.0010390905663371086,0.04374832101166248,0.04763699136674404,0.003881935030221939,37,283,1,6,SAT_unsat_identifiable,1,boolean_factorization,exclude_x,exclude_x,0,2543,7624,0,1,0,1,0,0,0,1,1,1,0,0,0.006728094071149826
4,50,10,100,3808393736,82,conj,glucose42,MT19937-RandomState,5.024950951337814e-05,11000111001001011010010101100011101001001010100001100000010100110101101101001110111000010111110100101001111100010001001001010000001110011100111010101011110000010100110111100010101010000101011010110100111110110110010111111000001111100011001110110001111111000000001110110010110100011001010110010110011111100100111101011110010101110000111110111011001110100011011011000100111001010110011101100110110010101001001110000111111011110001011101100011011101101011100000011010001001011011011001100000001000011101,e6ad2a13a5ebf69e02a4344f2ce9ee379b3c63957154b2c11cce49ed6fe23a67,bernoulli,bernoulli|conj|p=0.5|zero=allow_iid|rng=MT19937-RandomState,0.5,allow_iid,0.0010773157700896263,8.78283753991127e-05,0.0015614964067935944,0.0010443413630127907,0.5941774072125554,0.5979566406458616,0.003770981915295124,36,250,1,6,SAT_unsat_identifiable,1,boolean_factorization,exclude_x,exclude_x,0,2514,7458,0,1,0,1,0,0,0,1,1,1,0,0,0.006454837508499622
4,50,10,100,3808393736,83,conj,glucose42,MT19937-RandomState,4.615727812051773e-05,00011101010010000001011001011111100001001010100100010100110010010111010100100110110101010010100001100101000000001100001100010000000001101101010111100001100100101110010000000100110100000110111100101010111011101001101111011001111010111000000010010001000000000001011001010000111011101011000000111001100111101000100011111100001110111011010001011100001100000100011100111000110111010000110000110011001001011011000100111011010110100100000011011001011010110000011011110011010101010110000000111001011001001010,b3c035d4dcd655b87d5c567ce0fec73ba635cdf607d867b666d06616137ee371,bernoulli,bernoulli|conj|p=0.5|zero=allow_iid|rng=MT19937-RandomState,0.5,allow_iid,0.0010762447491288185,8.871220052242279e-05,0.001727711409330368,0.001080273650586605,0.011149060912430286,0.015127688646316528,0.003972942009568214,40,369,1,6,SAT_unsat_identifiable,1,boolean_factorization,exclude_x,exclude_x,0,2530,8012,0,1,1,0,0,0,0,1,1,1,0,0,0.007108554244041443
4,50,10,100,3808393736,84,conj,glucose42,MT19937-RandomState,5.2529387176036835e-05,11000010111010000001000011000011111100001001000111011111110000011110011000000000010010110110101000101111011101101011001100100101110110000000010111100110000011001000101111101101011110010111000001000111111101011111011111101100001110111101011110111110011100101100001010111110010100100101011110001001000001000111110000010001110011011011001001101111001001001000010101000110000100100011011010001111101101100110000001001110111100010100000111000110000001010110110000010110001000110110010011100000000100100111,e11e54818092075cc76511a34a45c769cfb66d3d10337c6d9faf8cf806b576c5,bernoulli,bernoulli|conj|p=0.5|zero=allow_iid|rng=MT19937-RandomState,0.5,allow_iid,0.001124105416238308,7.889606058597565e-05,0.0014448333531618118,0.0010454561561346054,0.009468873031437397,0.013168539851903915,0.003693290986120701,33,375,1,6,SAT_unsat_identifiable,1,boolean_factorization,exclude_x,exclude_x,0,2057,6553,0,1,1,0,0,0,0,1,1,1,0,0,0.006649389863014221
4,50,10,100,3808393736,85,conj,glucose42,MT19937-RandomState,4.483666270971298e-05,00001010110100000011001110100111010010101100110111010100000010011111100000000001011000001110101010000101100101010011010001101110001001011110100101010001000010110001011001000011011000010110111101010110110111100000100101111000011101000011000101111111100100000100100111001001111110010110111001000010010011000100011000010111111000100111001001101011111110011111000110001011111010001110001110011111111111001100001000101100000001000101001100010011000100111001000100110101111010110100110101010000001110101111,c1cb15052af4291e34a1cd71c28c77eee2972d704fb18400e9d763dd08544cdd,bernoulli,bernoulli|conj|p=0.5|zero=allow_iid|rng=MT19937-RandomState,0.5,allow_iid,0.0011099204421043396,8.211750537157059e-05,0.0015568118542432785,0.0010411273688077927,0.010296785272657871,0.01409293431788683,0.0037899771705269814,36,377,1,6,SAT_unsat_identifiable,1,boolean_factorization,exclude_x,exclude_x,0,2314,7238,0,1,1,0,0,0,0,1,1,1,0,0,0.006907528266310692
4,50,10,100,3808393736,86,conj,glucose42,MT19937-RandomState,4.474073648452759e-05,10111011000100000000010110110010000110101001110111101111011111000110101101010100110001100111010011000010111111101011111111001110010011110110101010101010010111010110110110010111011011000010110001101010101101111100100001100000000110010000001111001101101010011100111110011010100101111100100100100000010001101100001111010100110100110100100011010000010111111010001101110001100110000100101000110110110110001101101010001100000001100010001011111110100100100101000001100100001001011001110101111111011100111011,14d69518fbe0fc1bf2351d76a3f739b0b0402693772e5c769ce8785f4e44afda,bernoulli,bernoulli|conj|p=0.5|zero=allow_iid|rng=MT19937-RandomState,0.5,allow_iid,0.0010962290689349174,8.105393499135971e-05,0.00152654480189085,0.0010475795716047287,0.020509070716798306,0.024265863932669163,0.003751407377421856,35,300,1,6,SAT_unsat_identifiable,1,boolean_factorization,exclude_x,exclude_x,0,2345,7138,0,1,1,0,0,0,0,1,1,1,0,0,0.006602134555578232
4,50,10,100,3808393736,87,conj,glucose42,MT19937-RandomState,4.6078115701675415e-05,11111000011100001110111000001100010011011111010011101001110000000011111111011010101111010110100010110000000110000001010001010101000101001000111101111000100111101100000001101011011011001010001100100001000001110111011101000011001100100111101100011001000101100110101111101111101111101100101000011111001110011011111010101011101110011010101111101011000010001011000100100111110111010000000001101011000000000011100100000111101101000010100100101110101000010110111000110101000010101110010000000010010011001111,878021f4b1f72a810b41d3c266894f3aa9eccec5aafb373f8af45f2b336dd30b,bernoulli,bernoulli|conj|p=0.5|zero=allow_iid|rng=MT19937-RandomState,0.5,allow_iid,0.001028541475534439,7.899943739175797e-05,0.001457403413951397,0.001030951738357544,0.016311013139784336,0.019912641495466232,0.003595896065235138,33,356,1,6,SAT_unsat_identifiable,1,boolean_factorization,exclude_x,exclude_x,0,2127,6630,0,1,0,1,0,0,0,1,1,1,0,0,0.006570548750460148
4,50,10,100,3808393736,88,conj,glucose42,MT19937-RandomState,4.7190114855766296e-05,00000100010101111000101001011101100001110100100010110010011101001010010100111000000100111100110011011000011010011110000001111100101011111001111000001100011111101110100100011111111110001100001011110100111110100011101011000000000111001110011101011001110001110100100011111010110011101011001110011011110100000001110001101001011001001010001001100000010111011000100001101010010100111010101111011100110000100111100100010111010001001011010001011000101011010111010011100111000011010110100001110010110011001101,ed1a07586a401e3fee0af9d94de186c336f6a642633cfffdcabda5fdb1f5e42a,bernoulli,bernoulli|conj|p=0.5|zero=allow_iid|rng=MT19937-RandomState,0.5,allow_iid,0.0009756907820701599,8.102785795927048e-05,0.0015312954783439636,0.0010376526042819023,0.017817392013967037,0.021448944695293903,0.0036256667226552963,35,302,1,6,SAT_unsat_identifiable,1,boolean_factorization,exclude_x,exclude_x,0,2385,7182,0,1,0,1,0,0,0,1,1,1,0,0,0.006434908136725426
4,50,10,100,3808393736,89,conj,glucose42,MT19937-RandomState,4.681851714849472e-05,10010110001000010101110001100100001110011010110111001100110110001111001000100001100011001010011111110001011010111010000001001010101101011100110001101110001000101101101001111110001100010100001111001101111111110111011000110011100011011110011111111001101000011011111010000001011001100100000110000110001110000101000101111011101011010011000010101111111011110010110100110011111111000100111000011111110101011111010011001110100000001111111101101110111110001000101111110010101011111011111001101000100101010011,6eae5be2b70b2a9d2bf384d1224df9a02e72640b71dbf684021208526cb45dc0,bernoulli,bernoulli|conj|p=0.5|zero=allow_iid|rng=MT19937-RandomState,0.5,allow_iid,0.0011216960847377777,7.917825132608414e-05,0.001526806503534317,0.0010468624532222748,0.03565243352204561,0.039433847181499004,0.0037745432928204536,35,274,1,6,SAT_unsat_identifiable,1,boolean_factorization,exclude_x,exclude_x,0,2395,7193,0,1,0,1,0,0,0,1,1,1,0,0,0.006434325128793716
4,50,10,100,3808393736,90,conj,glucose42,MT19937-RandomState,6.0879625380039215e-05,00110010111111110110001000010111101111010110011000101011100011110000000100101111010100001111110000110101000000011111110110111110000011110101011010100001110001111110101000001100100011101000011011101011001010100001010010110000101110100110001110011000000111000110011001111110000100100011011001001101001101100111011111010110101101111010010110000011010110001110010101100101001000111001001100011110101100110001011100111010001000000010010001001000110111101010000111010011100001110000101010000000011101110101,d74a99133b3b7250e60b421306af15078f48356807926387240f36778aee73fd,bernoulli,bernoulli|conj|p=0.5|zero=allow_iid|rng=MT19937-RandomState,0.5,allow_iid,0.0011457838118076324,8.694548159837723e-05,0.0016134781762957573,0.0010686330497264862,0.016931656748056412,0.020853174850344658,0.003914840519428253,37,355,1,6,SAT_unsat_identifiable,1,boolean_factorization,exclude_x,exclude_x,0,2403,7470,0,1,0,1,0,0,0,1,1,1,0,0,0.00691043958067894
4,50,10,100,3808393736,91,conj,glucose42,MT19937-RandomState,4.631746560335159e-05,00001110100101100111111100000000111000000010101100101001000110000110011011100110010111011101000100100100000001000101100101100000010111101000110011100111110100111101011000011001101100011000001100010101101111011000011010101100100110001100011011011001000000111111100010101011101010111000000011101100011110011000010100001001010001000111101001000001111010101111001100000001011011011111001100101110010000001111011101101001000001011101010101010011111011100111111000100011000001100101010000101000011111011011,4251dd8867b3815a4c33c86a9fc3c916bf1aaaa3623f9b141985cb075fccc223,bernoulli,bernoulli|conj|p=0.5|zero=allow_iid|rng=MT19937-RandomState,0.5,allow_iid,0.0011209025979042053,8.111819624900818e-05,0.0015508411452174187,0.0010602446272969246,0.020780491642653942,0.024600188247859478,0.0038131065666675568,35,427,1,6,SAT_unsat_identifiable,1,boolean_factorization,exclude_x,exclude_x,0,2135,6907,0,1,0,1,0,0,0,1,1,1,0,0,0.00707716029137373
4,50,10,100,3808393736,92,conj,glucose42,MT19937-RandomState,4.713423550128937e-05,11110000101110000110000100010011011111100110100011110010100010010100100001011001110101101110101101011110010101100101010100000001010011111110111101000010000100111100110101011010110011010000110100100011011100100100011110001001000000111000010000100010010010100011101100011000110011001100001101101010011100100010110001101110011011000110000010010011001111100000011100000110011101100111101110101111100110000110111011010110010011011111001000100001110111100110011001111000101010000010010101110101010010011010,cdb07b3b3b45ab695d51a6d2b0ef0007cd3a103732e84031abdfd631b225a91f,bernoulli,bernoulli|conj|p=0.5|zero=allow_iid|rng=MT19937-RandomState,0.5,allow_iid,0.0011083278805017471,8.570589125156403e-05,0.0016527799889445305,0.0010556047782301903,0.016422501765191555,0.02033164631575346,0.003902418538928032,38,365,1,6,SAT_unsat_identifiable,1,boolean_factorization,exclude_x,exclude_x,0,2432,7636,0,1,0,1,0,0,0,1,1,1,0,0,0.007052532397210598
4,50,10,100,3808393736,93,conj,glucose42,MT19937-RandomState,4.561524838209152e-05,10101011101001010100101111101011001011001011100100011101011011011111100011001110000010111111000100110010110110010000100101111110100110101100100010010110100101001001101011000110101011011110110100111001110000111100000101001000110100100100111010110001100101011010111110111001111011000000100110110111001000100110000010011001010010001010111000011010100111100110011001010011010110110100000100111010001000010110011111000110111100100100011001011111011000101010101000001110010011110011111010110111111000010111,609d6a6de0c27e30da6f9027bc61ab1bfbae981eca95f402979fad092811db73,bernoulli,bernoulli|conj|p=0.5|zero=allow_iid|rng=MT19937-RandomState,0.5,allow_iid,0.0010740980505943298,8.927751332521439e-05,0.0015653828158974648,0.0010478580370545387,0.014727423898875713,0.018509618937969208,0.0037766164168715477,36,294,1,6,SAT_unsat_identifiable,1,boolean_factorization,exclude_x,exclude_x,0,2394,7326,0,1,0,1,0,0,0,1,1,1,0,0,0.006595528684556484
4,50,10,100,3808393736,94,conj,glucose42,MT19937-RandomState,4.525948315858841e-05,10010110000000000011100110100000111111100010000011010011101101011011010100001001011111111100001011000000110110011000101101001001111100101101111100101000010111010101011100100111101001010011001111100101100101011010011101110000001010010100000000001000001010111100011000101010110010101100101000010101100000000000000010000010000001110011100110111111100111011110000001000010011011001101001011101010100000101111011000011010011100011010001000011000100010001111110110010010010010001010111000010100001000011011,d1464d93e98e05c872d837b64134d22d0cad2a344ca03d590e43a30a0a8da898,bernoulli,bernoulli|conj|p=0.5|zero=allow_iid|rng=MT19937-RandomState,0.5,allow_iid,0.0009938916191458702,7.527787238359451e-05,0.0013462025672197342,0.0010523367673158646,0.011639151722192764,0.015112204477190971,0.0034677088260650635,30,403,1,6,SAT_unsat_identifiable,1,boolean_factorization,exclude_x,exclude_x,0,1820,5890,0,1,1,0,1,0,0,1,1,1,0,0,0.006531652994453907
4,50,10,100,3808393736,95,conj,glucose42,MT19937-RandomState,5.242880433797836e-05,01100001101100101011000001011000001010000001111011011010100000010110011011111110111101110001001011001110011010110111101101110100000011100101100100101001001001010011110001101000111001000100110101011001010011100110100100010010001101011100010100011110010011000010110101000110010100100010000100011001100110101111010100100010001110000111001000000100101110101001100100101010100010111011001111100010000100011011010001010010010101001110001001001111000000001111010011110010011110010001110101110110110101101000,6cb8f488fabed18b8b22b001f2e40a6297742486a915358b03e3307a93eaaa54,bernoulli,bernoulli|conj|p=0.5|zero=allow_iid|rng=MT19937-RandomState,0.5,allow_iid,0.0010603675618767738,8.835643529891968e-05,0.0017218496650457382,0.0010433373972773552,0.02115551009774208,0.025076016783714294,0.003913911059498787,40,393,1,6,SAT_unsat_identifiable,1,boolean_factorization,exclude_x,exclude_x,0,2590,8078,0,1,0,1,0,0,0,1,1,1,0,0,0.007249176502227783
4,50,10,100,3808393736,96,conj,glucose42,MT19937-RandomState,4.951097071170807e-05,01000001001100110000111001010110111100111001000101101000000011110000100101100001101011111100110110000011010110101011000100100011100011011110011011101111110101011000010010001010100101001000101110000101001111110100100000001000100010000000011100010111010000011101100011011100010010101011100010110001000100001100010100001000001001010101001100111101110010110001110000111100110101111110100011011011010101001110111101101111111101111111010101010010010100010111100001011010111010101100011110001111001111010001,833e6593190c8df289a663fe63cef5f7593c960cf82867ef922d60ea9c723bba,bernoulli,bernoulli|conj|p=0.5|zero=allow_iid|rng=MT19937-RandomState,0.5,allow_iid,0.0010521318763494492,8.468236774206161e-05,0.0014455700293183327,0.00104440376162529,0.013353746384382248,0.016985700465738773,0.0036267880350351334,33,426,1,6,SAT_unsat_identifiable,1,boolean_factorization,exclude_x,exclude_x,0,2047,6542,0,1,1,0,0,0,0,1,1,1,0,0,0.0067965369671583176
4,50,10,100,3808393736,97,conj,glucose42,MT19937-RandomState,4.62876632809639e-05,11000101100011011011011010101000110101011110111110001011101011100111001001110100000011101000001100101010010110110010001101011111010000000110100001110100111001100101010001111111111001001011110101000000010010001101000111100110110100011101111000111001011100100111111100100100111010010111000011000111101001010101110100101110111000110100111100101000001100111010110100110001100100001011001011010001101000000010011000100111101100110001011111111000100111000010111101101001100100001100110110010011000000100000,132a08a86445678b1785caa24dce67025d26d743f318649200a798a4456884bb,bernoulli,bernoulli|conj|p=0.5|zero=allow_iid|rng=MT19937-RandomState,0.5,allow_iid,0.0010777181014418602,8.746981620788574e-05,0.0015574479475617409,0.001048646867275238,0.009604178369045258,0.01338123343884945,0.003771282732486725,36,321,1,6,SAT_unsat_identifiable,1,boolean_factorization,exclude_x,exclude_x,0,2384,7315,0,1,1,0,0,0,0,1,1,1,0,0,0.006562482565641403
4,50,10,100,3808393736,98,conj,glucose42,MT19937-RandomState,4.3694861233234406e-05,00010000010110100000000101100000010110011101000111010101101010011010001010000010101001010111110000100101101101110001111100101110011111011100101110010110010111110100111110010011001010100000001001001111001111100101011001001110111010011100011111010110111101001101000000110011011101101100000011101100101011110010000111110011111100000010111110110100111101111011111010001101011001111011010001100000011111010111110111000111001100000001010000010000100010101110101110010111100010000000111001111100011110100101,7cd0a5002e16b646d705dd021809d6338b7b2bbe34dd15ed58f65169997d6e87,bernoulli,bernoulli|conj|p=0.5|zero=allow_iid|rng=MT19937-RandomState,0.5,allow_iid,0.0010388772934675217,7.419940084218979e-05,0.001330135390162468,0.00103659275919199,0.009281795471906662,0.012766687199473381,0.0034798048436641693,30,346,1,6,SAT_unsat_identifiable,1,boolean_factorization,exclude_x,exclude_x,0,1940,6022,0,1,1,0,0,0,0,1,1,1,0,0,0.006315287202596664
4,50,10,100,3808393736,99,conj,glucose42,MT19937-RandomState,4.446879029273987e-05,10110111010011011100011011101110000011001100011000101111011000101011111101101010001110010101001101001011000001101000000000010101101011110110000111011101000000010001111001000110010000001001110011111111010110110111100101101000111000101001011011100110100010100111101011000100110101000000110001101100000110000101100111110111100110110110100000011100110101001111001111101011110010010101010100111101101000010010101101010001111010110101011111100001000111101110001101000111001101101001010100101000101011101011,ee99fe1a888dea252d9047890aa32cccd11050877369bf56f94717c90fdb1b3d,bernoulli,bernoulli|conj|p=0.5|zero=allow_iid|rng=MT19937-RandomState,0.5,allow_iid,0.0009938692674040794,7.91819766163826e-05,0.001496151089668274,0.0010467488318681717,0.015182762406766415,0.018804624676704407,0.0036159511655569077,34,308,1,6,SAT_unsat_identifiable,1,boolean_factorization,exclude_x,exclude_x,0,2306,6961,0,1,0,1,0,0,0,1,1,1,0,0,0.006487371399998665
