schema_version,J,K,N,seed,sim,operator,solver_name,rng_engine,generation_time,q_bitstring,q_sha256,design,design_id,p,zero_row_policy,basis_time,identity_check_time,two_col_check_time,three_col_check_time,sat_time,algorithm_time,preprocess_time,J_basis,M_basis,identifiable,branch,branch_label,sat_called,sat_formulation,sat_cardinality_encoding,cardinality_encoding_requested,maximal_candidate_requested,sat_variables,sat_clauses,identity_original,not_complete_original,has_pure_node_original,no_pure_nodes_original,has_zero_row_original,two_col_violation_original,three_col_violation_original,two_column_pass_original,both_necessary_checks_pass_original,I_3c,identity_basis,two_col_violation_basis,diagnostics_time
4,50,10,100,3884659937,0,conj,glucose42,MT19937-RandomState,0.00013343151658773422,01010100001001110011101000010110011110101111100001111100111100100010101110100110011010110100111001010011011110101001000001100001111101011011011110100001010101110111101010011101101000000000111011001100000111100101101000000010001000010111001101101100101010101001011000000101100110100011001001101010101100101001100100100110110111110011101111111010101111001111101111000100000111000000101111000011100110001001101011111101000011010010000011101101001110111000110111111010111101010110010110010010011001100010,f84c2aacc0a39932f1345283300814aef5b4d221dacfcdb93744c4024bd9a952,bernoulli,bernoulli|conj|p=0.5|zero=allow_iid|rng=MT19937-RandomState,0.5,allow_iid,0.0010988116264343262,0.0001251567155122757,0.0015320200473070145,0.001004701480269432,0.04006041493266821,0.043829104863107204,0.0037606898695230484,35,306,1,6,SAT_unsat_identifiable,1,boolean_factorization,exclude_x,exclude_x,0,2355,7149,0,1,0,1,0,0,0,1,1,1,0,0,0.006557854823768139
4,50,10,100,3884659937,1,conj,glucose42,MT19937-RandomState,5.008932203054428e-05,01110110110101111111010000100010110110010011000100100010101000110110011001111111001110011000011011010001101100111001100110011001110101011101010011101110111001100011000011101000111011000111100001000001010100100011110011110111001011101010100011111000110111100100110000001101110100101100110001001101101000110001001110110110010110001100111110110010101101011110011010110001100110111100011000100001010101011000101010001101011011101100000011001110100111011011010000100011001010010111001101011010001100011101,1d5dd6ba638403a132626801db4d14fbb61963b5189f82b7e90296bfa7e88521,bernoulli,bernoulli|conj|p=0.5|zero=allow_iid|rng=MT19937-RandomState,0.5,allow_iid,0.0010054903104901314,9.81353223323822e-05,0.0016905739903450012,0.0010087387636303902,0.0193573459982872,0.02316909097135067,0.003802938386797905,37,251,1,6,SAT_unsat_identifiable,1,boolean_factorization,exclude_x,exclude_x,0,2583,7668,0,1,0,1,0,0,0,1,1,1,0,0,0.006566568277776241
4,50,10,100,3884659937,2,conj,glucose42,MT19937-RandomState,5.504395812749863e-05,01111011000100011111000101001101010000010110011011100000001000010101110000000110010011110101110000110010111000110110111111000111101011010011010101110111010100011000000000101011010110111101111110011101101101000100001001110010011111101010011011100011000110100101100000011010010011100011011101001111111011111110000010100111000100110101001000010010000010101110010001010100110110101011011101010111111011111001101001011101100100100000011110011001010100000100111100111010000110110111001110110110111000110001,3670b67e13825083c53eb599c0e78c3c380055595492c8f2152b7f3f80cd5088,bernoulli,bernoulli|conj|p=0.5|zero=allow_iid|rng=MT19937-RandomState,0.5,allow_iid,0.0010964088141918182,9.714439511299133e-05,0.0016639120876789093,0.0009941188618540764,0.014314547181129456,0.018174365162849426,0.0038515841588377953,37,269,1,6,SAT_unsat_identifiable,1,boolean_factorization,exclude_x,exclude_x,0,2603,7690,0,1,1,0,0,0,0,1,1,1,0,0,0.0066702961921691895
4,50,10,100,3884659937,3,conj,glucose42,MT19937-RandomState,5.707424134016037e-05,10111010000101111011001100011110011001010111000001000111010100011111101110001001011110100110101011100111000001100101101111011111110110000001000101110001011000000111010010011000100010010000110011010111000100101000111010110101010010100000101011000001010111000101011101001110110011101101101000100101100101111010110100000100100000111010001111000101000001100011001110001011010010001010100000101011001111010101001100011010101111001001010110001011100011001111001011110010111100000001001001011111110011011110,e56fbb45433cab989b1f9fd4adcb7280455596996a9d4c4b3c957c8d70b0c569,bernoulli,bernoulli|conj|p=0.5|zero=allow_iid|rng=MT19937-RandomState,0.5,allow_iid,0.000936008058488369,9.198673069477081e-05,0.0014182450249791145,0.0010287435725331306,0.018369251862168312,0.021852102130651474,0.003474983386695385,32,319,1,6,SAT_unsat_identifiable,1,boolean_factorization,exclude_x,exclude_x,0,2088,6453,0,1,0,1,0,0,0,1,1,1,0,0,0.006407422013580799
4,50,10,100,3884659937,4,conj,glucose42,MT19937-RandomState,5.40073961019516e-05,00100001001011101101011110001001011010000101000011101010110011010011100010100010111011101101111001010010000010100111000110100110111001011110100100001100100111010000100111100000101110100101001111011011110111011111000010101101110001001000101010011000001001100110110000100101100000000000101101111101100111100011001000110110011011011101000000101111101010000011010101111000000011000101011100100100011101000011101110011011110110110011010101000101011001101011011111110010110101100010101010101110110100001101,7de69b658afc97f20efb14a8c1606b3e2c7fcb058148a3a311064f620e4877f4,bernoulli,bernoulli|conj|p=0.5|zero=allow_iid|rng=MT19937-RandomState,0.5,allow_iid,0.0011780979111790657,9.012594819068909e-05,0.0016549564898014069,0.0010296143591403961,0.02320824284106493,0.027169720269739628,0.003952794708311558,38,337,1,6,SAT_unsat_identifiable,1,boolean_factorization,exclude_x,exclude_x,0,2462,7669,0,1,0,1,0,0,0,1,1,1,0,0,0.007048635743558407
4,50,10,100,3884659937,5,conj,glucose42,MT19937-RandomState,5.333777517080307e-05,10100001011100101100101110100100010100011011001011011010110000100000010110101010110100011001000100100011000100001100101101100000001110001011011010110101101110100010111011100011001100111100110000010110100001110100100101111001001011010000010010100011000000111110000100111110111100010010110011011110010001011000000001010101010111101110001011100100001010011000010101100011111111110111010100110111111101100110001110011100101011001110011100000100110100000111000010001001011000000001011000000011011011110010,e9652bf653783b5aa6cdcd0a5c2e28117399a3654f903b5fad70725ec113eec5,bernoulli,bernoulli|conj|p=0.5|zero=allow_iid|rng=MT19937-RandomState,0.5,allow_iid,0.0010276036337018013,0.00010993797332048416,0.0015771174803376198,0.0010253041982650757,0.0160265751183033,0.019774500280618668,0.003739963285624981,36,362,1,6,SAT_unsat_identifiable,1,boolean_factorization,exclude_x,exclude_x,0,2314,7238,0,1,0,1,0,0,0,1,1,1,0,0,0.006939956918358803
4,50,10,100,3884659937,6,conj,glucose42,MT19937-RandomState,5.0195492804050446e-05,01110110000101101011010110100010110010010010100100011010101111100000010011000111100010001001101000001000100000100001101111101100011101011001010001110001100011101111001000001011101100101010110110101000001110010011101110001000001000011010100111001111011001100111001101010000010110101100110100110011010001110111100001001001010011110000001000000111111001001001011110111111111011010111100010110101010110001101001010111100110011100101000110010010001110100001001100100011100101011110010101010111100101100110,181d4787c88e3f72dd3fa004fba72c6d50aab3438e093c1e14104840ba7c262a,bernoulli,bernoulli|conj|p=0.5|zero=allow_iid|rng=MT19937-RandomState,0.5,allow_iid,0.0010742507874965668,9.635742753744125e-05,0.0017012478783726692,0.000988570973277092,0.028854194097220898,0.032722887583076954,0.0038604270666837692,40,317,1,6,SAT_unsat_identifiable,1,boolean_factorization,exclude_x,exclude_x,0,2650,8144,0,1,1,0,0,0,0,1,1,1,0,0,0.007127794437110424
4,50,10,100,3884659937,7,conj,glucose42,MT19937-RandomState,5.605816841125488e-05,10101011000000100111111000001010110000011010111001010001011011111010011010100110111011010110010001100111010101101000100100100010001111001010110010100100101011110000000000110101011111010100001011100000011110101111111100000100101110110011011101000011111100111000110011110000001000000100110010111101001111011101111100010011011011010100001000111000001010000010111001010000101010110110010101000010000010101010010110000000110001001011101110101011110010101110010011101010010001100110000111001011101011110100,10a598f8326490ce32eb414ad407e8d7f49e6cd02cf9f7f005ccfd677b2a6cbd,bernoulli,bernoulli|conj|p=0.5|zero=allow_iid|rng=MT19937-RandomState,0.5,allow_iid,0.0009948620572686195,8.677784353494644e-05,0.0013247402384877205,0.0009821252897381783,0.013340972363948822,0.01673832628875971,0.0033885054290294647,30,313,1,6,SAT_unsat_identifiable,1,boolean_factorization,exclude_x,exclude_x,0,1900,5978,0,1,1,0,1,0,0,1,1,1,0,0,0.00614528264850378
4,50,10,100,3884659937,8,conj,glucose42,MT19937-RandomState,5.058757960796356e-05,11010010100101010000010011101101000111100000101000001011100000000010101010001010111110110101100111101111101111000101100011101110000100101111000011000101001000111100000110110110001011001110000000001100101101010110101111100011100000001111001110110001010111101101000000000000110100011010100010101111011101011101110010001110011000011011001100110010010101111001011010101010000111110101111010010110000111010110001110011011111101000001011010111010000100110000010001111001110111000111101100001000001110111101,c72e0186dc73f8378b2547dadd699ceb8227ec347661ccfd9eda71a4faa20325,bernoulli,bernoulli|conj|p=0.5|zero=allow_iid|rng=MT19937-RandomState,0.5,allow_iid,0.0010949568822979927,7.949396967887878e-05,0.0013950774446129799,0.000983240082859993,0.010538117028772831,0.014098245650529861,0.0035527683794498444,32,355,1,6,SAT_unsat_identifiable,1,boolean_factorization,exclude_x,exclude_x,0,2008,6365,0,1,1,0,1,0,0,1,1,1,0,0,0.006495741195976734
4,50,10,100,3884659937,9,conj,glucose42,MT19937-RandomState,4.977080971002579e-05,01111101110100101001110100110011011100001110101110001011011010111100011011001001111011011011100000011111011001001011010100000010010111001101101000100111100000101111100101100110111001100111101010011010001110100001010101101111011101000010110101010110100001111101000100101111001000011011000110010011000011011001000111010011111100011011110001010100101111001110111011101010010100101101000111011001011011000100001110011001111100010010000100101011001110010100110011111111110110101010101000011100010100001110,1ed972de200bc0b1a8bdafe2610ff034b3d55de55ec26a35f9cdbd76da7468d7,bernoulli,bernoulli|conj|p=0.5|zero=allow_iid|rng=MT19937-RandomState,0.5,allow_iid,0.0010487362742424011,9.158067405223846e-05,0.0015654610469937325,0.0010050637647509575,0.01260162889957428,0.016320185735821724,0.0037108417600393295,36,259,1,6,SAT_unsat_identifiable,1,boolean_factorization,exclude_x,exclude_x,0,2504,7447,0,1,0,1,0,0,0,1,1,1,0,0,0.006368847563862801
4,50,10,100,3884659937,10,conj,glucose42,MT19937-RandomState,7.147341966629028e-05,00010001101100100101111100001010001101101111100000110011100011000001111010011100010101101110101100111100010111001010110010001000100111010111100011001001100001001100100011111011110000010101111010010011011110111110100110110010101111000100011111000011010010111011111000111101110111101100001100000000111111010101000000011100010110000010000100100000001111100111010110010011001100111101011111101100001011010000010000001100110011010000010111101001111000100111010100011001100111010101010011100011101010011111,1b700a4ebf065ee7738c2afc63df70451353f20003686341ce2e78671082a9e0,bernoulli,bernoulli|conj|p=0.5|zero=allow_iid|rng=MT19937-RandomState,0.5,allow_iid,0.0009909607470035553,9.046774357557297e-05,0.001471376046538353,0.0009839609265327454,0.018465664237737656,0.022012053057551384,0.0035367654636502266,34,309,1,6,SAT_unsat_identifiable,1,boolean_factorization,exclude_x,exclude_x,0,2256,6906,0,1,1,0,0,0,0,1,1,1,0,0,0.0064938683062791824
4,50,10,100,3884659937,11,conj,glucose42,MT19937-RandomState,5.063600838184357e-05,01010010100111110000011000011100010111000010101000111111000001001111001010101100010111110010101000001001010011100111011110011110111000000110010001011000010000100000000000000110110011100100110001010000110001011010000001001000100001001101101010100100001111110011001111000011010001101100010111001101111000100110010010111100001101111010101100001000111000001111000110001010111010100000111010001101000101001110110001000100000010100100101110011110011100010100101100011101010010111000100100101010101010010110,0a2cb5fe1ae37c72d5d243e5643d88fc9cfd95ac79652dd331efbe14edc28864,bernoulli,bernoulli|conj|p=0.5|zero=allow_iid|rng=MT19937-RandomState,0.5,allow_iid,0.0010190382599830627,9.349267929792404e-05,0.0015710284933447838,0.0010293908417224884,0.020613052882254124,0.024333923123776913,0.003712950274348259,36,334,1,6,SAT_unsat_identifiable,1,boolean_factorization,exclude_x,exclude_x,0,2294,7216,0,1,1,0,1,0,0,1,1,1,0,0,0.006784715689718723
4,50,10,100,3884659937,12,conj,glucose42,MT19937-RandomState,5.483906716108322e-05,00011000011010010100011101010100010110100011100100001000111001000110011001010010110000000011010000111000111010110101011001101001010000001100001010111111101100100010001100001101011110101111000101000110111000101011100110001001100001000010111110111101101110100100101101010011011000000001101001111011000111111100011000110011100000010101001111000000111100101001001100100100000001010101100110001000100010011010011101010110110100011010011010001011100011010110000010011000101010001001101001011111010000101100,049e5cb08978cb1022b3afe90bece40c5fac08572cf7abaf80f8c7f7cdee3050,bernoulli,bernoulli|conj|p=0.5|zero=allow_iid|rng=MT19937-RandomState,0.5,allow_iid,0.0011561056599020958,9.20761376619339e-05,0.0018655294552445412,0.0009862873703241348,0.012765759602189064,0.01687234453856945,0.004099998623132706,42,376,1,6,SAT_unsat_identifiable,1,boolean_factorization,exclude_x,exclude_x,0,2688,8454,0,1,0,1,0,0,0,1,1,1,0,0,0.007551043294370174
4,50,10,100,3884659937,13,conj,glucose42,MT19937-RandomState,5.6986697018146515e-05,01010000111011000100110001001011000000000101111100001100101001001010001111101101110000111100000001011110101001100110000101100101000001100100010101111010111010001010010010101111110110001101011110110111111010101011111101000101101110110101010000011001110000000001100110000100000011111110111100011011000101100101001100011010001100010011000100110001001010010100010010101010001100111101101111011001010100011101100001010011111111100000110101110101010010011000011011110110100100011111101001011010000111110101,40124da1eee58310a1bb5aca689e41cc02cb42b7c77efb18900719edba3ef6a0,bernoulli,bernoulli|conj|p=0.5|zero=allow_iid|rng=MT19937-RandomState,0.5,allow_iid,0.0010669520124793053,9.149033576250076e-05,0.0014431420713663101,0.000981333665549755,0.009572728537023067,0.013167626224458218,0.0035829180851578712,33,325,1,6,SAT_unsat_identifiable,1,boolean_factorization,exclude_x,exclude_x,0,2117,6619,0,1,1,0,0,0,0,1,1,1,0,0,0.006542674265801907
4,50,10,100,3884659937,14,conj,glucose42,MT19937-RandomState,5.223974585533142e-05,11110010010000010111110101111011111100010100101000101001011111111001110110101100111110001111010101101101011101010101011001111100111111110100000110110011000000101001110100100000101010111011011110000101000001111100001110011111001001110010010011010111001100100110111101101000111111100000001111100100011110110001001111100110010101101101111110011100111001110000010100001101011111101000100100000101101100111001111110110111010101111000001000000011001110001011110000101111110111010101100110000011001011111011,2f7ffd36657131ba622ca3718aa898958f933ad03be7515249015123b6d40fb6,bernoulli,bernoulli|conj|p=0.5|zero=allow_iid|rng=MT19937-RandomState,0.5,allow_iid,0.001063046045601368,8.975621312856674e-05,0.001447729766368866,0.0010006511583924294,0.01971299760043621,0.023322150111198425,0.00360118318349123,33,250,1,6,SAT_unsat_identifiable,1,boolean_factorization,exclude_x,exclude_x,0,2287,6806,0,1,0,1,0,0,0,1,1,1,0,0,0.00624141376465559
4,50,10,100,3884659937,15,conj,glucose42,MT19937-RandomState,5.094800144433975e-05,00011001100010101001000001110001100111001101001100011001111111110011011011011101000100100100100010100110111100001000101110111010001000110110100101111100100101011000010101100101001010100101010011001001010111000100110111100010100001101001111010000100101100011001110000011100101001111111101000010000001001010001101000000010101000111111100001100011000010001001101010111000111111010010110100010110010100011110011101010000100011101010100100011110011110011010010100110111111101010000011100100000101011011111,53d0b9019cac25b9923c41774413e9e71bc8962fe7aa49dca945861669c2580d,bernoulli,bernoulli|conj|p=0.5|zero=allow_iid|rng=MT19937-RandomState,0.5,allow_iid,0.0010931026190519333,9.218510240316391e-05,0.0014387378469109535,0.0009839106351137161,0.013521229848265648,0.017135171219706535,0.003607936203479767,33,344,1,6,SAT_unsat_identifiable,1,boolean_factorization,exclude_x,exclude_x,0,2057,6553,0,1,0,1,0,0,0,1,1,1,0,0,0.006563158705830574
4,50,10,100,3884659937,16,conj,glucose42,MT19937-RandomState,5.211867392063141e-05,10011101001111000100011110101111001111110010100011001101000100100110111011110001101101010100110001101011111101111011111000111000011001111010010111100000001101100011111100010101111111101010100111011110110000010001101010001000100011010110111011100111100000000010111100101111000001111101001001111110001111000100000101101101110010110111101001100000001010110000010111000010001110001110110011101000000011010010001101000000010100111110000001111111100111101011101000110111001011001110100000001101011000000111,6e5bf6f182423d46727f4b3ee5b7bf22b85951ecec9db81d486947ee3c9b045e,bernoulli,bernoulli|conj|p=0.5|zero=allow_iid|rng=MT19937-RandomState,0.5,allow_iid,0.0011835908517241478,9.755045175552368e-05,0.0017343061044812202,0.0009947801008820534,0.02208623383194208,0.0261046402156353,0.004010227508842945,39,280,1,6,SAT_unsat_identifiable,1,boolean_factorization,exclude_x,exclude_x,0,2681,8044,0,1,1,0,0,0,0,1,1,1,0,0,0.006793776527047157
4,50,10,100,3884659937,17,conj,glucose42,MT19937-RandomState,4.770699888467789e-05,00111111111111011000010100111010101000100101001010001110001010101010011011101101111010101110110110001100100110101001001001100100100111101100011100001111011011100100011100111000101000111010000110011001011001011101111000000101001110000011100000011001101110011101000000001001101001011010100110101101110100011001010010100101101000110101000110100111100101001000111010001001111110000101110001111111010011010010110000110101001100101011111011111100111110000100100001000101110101000010010011000001011100101111,e0a8f7f2e5de498baa5272ccc72ba7669bc9f694f852f000cfd4cb3fa698c7d6,bernoulli,bernoulli|conj|p=0.5|zero=allow_iid|rng=MT19937-RandomState,0.5,allow_iid,0.0010681115090847015,9.182654321193695e-05,0.0016091885045170784,0.0009917281568050385,0.012693356722593307,0.01646081730723381,0.0037608547136187553,36,294,1,6,SAT_unsat_identifiable,1,boolean_factorization,exclude_x,exclude_x,0,2384,7315,0,1,1,0,0,0,0,1,1,1,0,0,0.006577214226126671
4,50,10,100,3884659937,18,conj,glucose42,MT19937-RandomState,5.1573850214481354e-05,00111000100001110110110010110010011101101100111111111000000110100111100111100011011100010100101100000100010001101100001101001010110001110100000011101101001011010110011011101010111000010011111100011001111100010000010011001001000010011111100001001000010000111101011000010010100011100101100001011010001110000101110111011101011110001111011011000111100010010111010001100101000000010110110100010111010111000111010111000100110110011000110110100000011100111100101101011010001000000110001000110000100111011101,421973631324dcdd0086126a1d1c4908855676958d865690b441349cbe30487f,bernoulli,bernoulli|conj|p=0.5|zero=allow_iid|rng=MT19937-RandomState,0.5,allow_iid,0.0010529430583119392,9.125471115112305e-05,0.0016117086634039879,0.0009949048981070518,0.02776516694575548,0.031524255871772766,0.003750811330974102,37,329,1,6,SAT_unsat_identifiable,1,boolean_factorization,exclude_x,exclude_x,0,2423,7492,0,1,0,1,0,0,0,1,1,1,0,0,0.006858753971755505
4,50,10,100,3884659937,19,conj,glucose42,MT19937-RandomState,4.8605725169181824e-05,00100010111111110000001011001010011100011010111110100011010100101111000101011111110001001001101010111001011000001110101101011011110101001101111011001010000010001110110000100111001100110111100011001000110111001100000110101110010011110101001101101101110001010000101000000001111100110110110110110100000100000110110001100101010000000111000111110110110111000110110110010101001010010011100100110111110110101000100101000100010010101111111010110000000011111010011101111001011010101111101110000001010100011001,08fa24153a5a635f7d7ca663872ddfb5f867a8dab1432a16d91849d160854f6b,bernoulli,bernoulli|conj|p=0.5|zero=allow_iid|rng=MT19937-RandomState,0.5,allow_iid,0.001049722544848919,8.354894816875458e-05,0.0013523055240511894,0.0009763967245817184,0.01780992839485407,0.02127917017787695,0.0034619737416505814,31,311,1,6,SAT_unsat_identifiable,1,boolean_factorization,exclude_x,exclude_x,0,1989,6210,0,1,0,1,0,0,0,1,1,1,0,0,0.006290312856435776
4,50,10,100,3884659937,20,conj,glucose42,MT19937-RandomState,7.118936628103256e-05,00001100011011011101111001011101100000110111010110100110110001101000110100110110101111000101110101000001101001011101100000100011101000111111010101110111010101111000110110110000010000000001110011000111100101001110000011011001010100111110110010000111110000010110011000101100111011001010000010001100000101001000111001000100010000100111111000110100010111110100001000110111111101101011001001000011011000101110011000110001001101111000000000100010011011000010000110101111000101011110000010011000011000110001,a064a1755ea2032e6accc3577fce33584cc017997c68ba1097a5936f160d7ca0,bernoulli,bernoulli|conj|p=0.5|zero=allow_iid|rng=MT19937-RandomState,0.5,allow_iid,0.0010545207187533379,9.372085332870483e-05,0.0014911666512489319,0.0009817220270633698,0.01879449002444744,0.022422989830374718,0.0036211302503943443,33,407,1,6,SAT_unsat_identifiable,1,boolean_factorization,exclude_x,exclude_x,0,2047,6542,0,1,0,1,0,0,0,1,1,1,0,0,0.006802835501730442
4,50,10,100,3884659937,21,conj,glucose42,MT19937-RandomState,5.135219544172287e-05,10010111000110111010000001010101101011100110111011110011101100100000010001101111100000000000001111011110001111101100010110011001111101111100110110010001101010111001000011000000110011111010000100011010010001101011101000011111100101001110111111111100110101101110011011111000011011001110000000010010111111001101111110110111110111101111100100110110011110010000000110000101011100011100001101011010011000110010111100000101101010100110010011010000010000011010010100011000011000001001000101100000011001010111,9cbf6415f183f2ef39d94165d7c2c9363d3445014913b20854f68fed21a1e947,bernoulli,bernoulli|conj|p=0.5|zero=allow_iid|rng=MT19937-RandomState,0.5,allow_iid,0.0011132089421153069,9.349174797534943e-05,0.0015169419348239899,0.0010043894872069359,0.02076078951358795,0.02449631690979004,0.003728032112121582,35,301,1,6,SAT_unsat_identifiable,1,boolean_factorization,exclude_x,exclude_x,0,2345,7138,0,1,1,0,0,0,0,1,1,1,0,0,0.0065671587362885475
4,50,10,100,3884659937,22,conj,glucose42,MT19937-RandomState,5.088001489639282e-05,10010010110100000000010011111010000001000001111010001110000110101011101111000011111011010000111101000001111101111001000110010000110101101101111011011001110011101111001101000000011001111011110110000000011010100001110000110100101111101001000010101101001010110010011010011101111001001110011110100110101011111000000111001110011010001011011111111111010101100000110000110100100101011101110011011010101011110101110110001101111111111101010000000001001111000000010011010000111111010111101000101101100011110100,0a5430f8d2aa6f94b80f1d0b89319943d3d657af8547d8d350e8443b6e6652c9,bernoulli,bernoulli|conj|p=0.5|zero=allow_iid|rng=MT19937-RandomState,0.5,allow_iid,0.0011224066838622093,8.793454617261887e-05,0.0015217289328575134,0.000998922623693943,0.021789878606796265,0.02552854735404253,0.0037309927865862846,35,306,1,6,SAT_unsat_identifiable,1,boolean_factorization,exclude_x,exclude_x,0,2355,7149,0,1,1,0,0,0,0,1,1,1,0,0,0.006495428271591663
4,50,10,100,3884659937,23,conj,glucose42,MT19937-RandomState,5.028489977121353e-05,00011000101010111011111010111011111100101001111010011010010111011100010110011110001101111010011011000001100010110110100110010110100100110110000001101000011000000111110001001001010010001011000100011101100101000101100000001010010010010001101110100111101100001000010101010110001111111110000110100110010110000101100111111110100010000110011111110111110010111111110101011101101010100110110000100111101101000000010010010111000110111010111011110111000100110011101101000001110101001010001011110111011111011010,34f8ba06011ff4612d84bcbe1b510343195af809e210114785a7ff6bdb1419bd,bernoulli,bernoulli|conj|p=0.5|zero=allow_iid|rng=MT19937-RandomState,0.5,allow_iid,0.0009992457926273346,8.019711822271347e-05,0.001243208535015583,0.0009846696630120277,0.010738106444478035,0.014051657170057297,0.003307321108877659,28,311,1,6,SAT_unsat_identifiable,1,boolean_factorization,exclude_x,exclude_x,0,1782,5580,0,1,0,1,0,0,0,1,1,1,0,0,0.006144632585346699
4,50,10,100,3884659937,24,conj,glucose42,MT19937-RandomState,5.102530121803284e-05,10011011110001011011011111100101010100101100110101011011111100000100001010011100000011010111000100001100111101100010101111111111001110001000011101001011100101001000100010100011110001001101011110000011001111111110010011100111111001000011101001011000001111001001101101010010001000101101111101000111101011111010100110111000100101000101001010101011101011010000001010111110111010000100100111110011001111101100011011011101101111000001011000110100101011011111001110110000000101000000101111000110001100111110,6b50602e45aaa304c0739c1bf810a03c59ca3a3cbdc285b59fe81792089b84a0,bernoulli,bernoulli|conj|p=0.5|zero=allow_iid|rng=MT19937-RandomState,0.5,allow_iid,0.0010846862569451332,7.937755435705185e-05,0.001464392989873886,0.000999019481241703,0.013030223548412323,0.01666437927633524,0.003627476282417774,32,292,1,6,SAT_unsat_identifiable,1,boolean_factorization,exclude_x,exclude_x,0,2108,6475,0,1,1,0,0,0,0,1,1,1,0,0,0.006263756193220615
4,50,10,100,3884659937,25,conj,glucose42,MT19937-RandomState,4.6543776988983154e-05,10000100010111001010000100011101100011110111110011001110010101101111011110010011011001111110101101000100101110010101101111101101011110000011001011100110000000011010010100100101110111101001001011110001110100010001011100011101101001010101001101010101010001010010010111010001111001101101111010001110000110100010011101000010101100101110001011001001010001111010000011110011001101111011011000010001100000111010101111010100011100010100111110011011101110010011000111010011101000001001100111011001000100110111,337bfa85df2613de971361caedea84d6d975046310d9b673a19297206cf93a9d,bernoulli,bernoulli|conj|p=0.5|zero=allow_iid|rng=MT19937-RandomState,0.5,allow_iid,0.001128295436501503,9.001139551401138e-05,0.0017811143770813942,0.0009898953139781952,0.025263196788728237,0.029259594157338142,0.003989316523075104,40,280,1,6,SAT_unsat_identifiable,1,boolean_factorization,exclude_x,exclude_x,0,2770,8276,0,1,0,1,0,0,0,1,1,1,0,0,0.006776117719709873
4,50,10,100,3884659937,26,conj,glucose42,MT19937-RandomState,5.5077485740184784e-05,01010010000100101010011101011000011110110101001000011100101111010100010101000110111001011101111110100111000010110111010111101100110101010100001011011101100100100110101100000101010001000101101110011000110101101011101010001000000110100100111000111001111110000011011111011011001000000100101100011111011111111011001110001011100001010011011111001000000110111100001111000000011101100111000100000101100101111110011001101100101101111100000011010111111110001000011001101011101001010011110010110000000111011101,68f517624d83783370f49b5e558962bcf0c600a7fd8d9b734cd518c1a7bbdc3e,bernoulli,bernoulli|conj|p=0.5|zero=allow_iid|rng=MT19937-RandomState,0.5,allow_iid,0.0010722260922193527,0.00010238122195005417,0.001487256959080696,0.0009883102029561996,0.018613376654684544,0.0222709272056818,0.0036501744762063026,34,304,1,6,SAT_unsat_identifiable,1,boolean_factorization,exclude_x,exclude_x,0,2306,6961,0,1,0,1,0,0,0,1,1,1,0,0,0.00639350526034832
4,50,10,100,3884659937,27,conj,glucose42,MT19937-RandomState,4.833843559026718e-05,01010001011010001011110110001110100111101111100011001100000001100101010111001111101011111000101000100101100100010011010110001010101110101101110010101000101001100111010010010111110001101001110101010011101110001001011010101111111110011010000011000010110001100001101011100010001011110011001110110010000110001001111110100101010110101001011011011000100010000110010100101000110000000110111010111111101000010111010111111101111111100110001000011110011000001100000110101110000011101011001001011111011010101110,bda2faf34591019a31efbc7bc64fc815f38d17bd0ff4018e139e8c3f18db0100,bernoulli,bernoulli|conj|p=0.5|zero=allow_iid|rng=MT19937-RandomState,0.5,allow_iid,0.00107488501816988,9.070523083209991e-05,0.0014863573014736176,0.0009876573458313942,0.017030351795256138,0.020675739273428917,0.0036396048963069916,34,285,1,6,SAT_unsat_identifiable,1,boolean_factorization,exclude_x,exclude_x,0,2276,6928,0,1,0,1,0,0,0,1,1,1,0,0,0.006331858225166798
4,50,10,100,3884659937,28,conj,glucose42,MT19937-RandomState,5.164835602045059e-05,00011111110101111000110011011011101001101110101100011111110000111001100111010010111100110111000000000101010111010010110101100100000011111010010000000111001111000111000000101000101111001101010010111101000101000000100100011111100100110000001001011000011100110001111001101011011100101111010101101100010001010101001010100001010100100111001000100101110110110000011000100101111011001111011111101101010011000100001110011100111111101111010110010001101100110100111001000011000100000000011000101110100100111010,7ef60b58f3267b18d0c152889aac202de5531ee32891e2909e962ed8595f4395,bernoulli,bernoulli|conj|p=0.5|zero=allow_iid|rng=MT19937-RandomState,0.5,allow_iid,0.001059969887137413,9.661074727773666e-05,0.0015204288065433502,0.001003955490887165,0.027361451648175716,0.03104923665523529,0.003680964931845665,35,329,1,6,SAT_unsat_identifiable,1,boolean_factorization,exclude_x,exclude_x,0,2315,7105,0,1,0,1,0,0,0,1,1,1,0,0,0.006701967678964138
4,50,10,100,3884659937,29,conj,glucose42,MT19937-RandomState,5.8205798268318176e-05,10111000110111000010100010000011010000011000110100110100101000011001001110111010000110100100101000001111111110101010000100100110100001000101110100101101110010100100110111011000100001101100111110010101000100111010010001111001011110001111110011110111111111101010010100010110101111111010011000000000101101101110111010000100110011010001110110011001111110111000001001010101101011110100010100110010111101110000000000110101001001010111000111100100000011011011100010011110101111110111000010100001111101111110,aac3f6f262c7943be1c1685fd386c9677ace7b8290a50d4a82a7134622680dac,bernoulli,bernoulli|conj|p=0.5|zero=allow_iid|rng=MT19937-RandomState,0.5,allow_iid,0.0011206623166799545,9.33697447180748e-05,0.0015423959121108055,0.0009866328909993172,0.02660001441836357,0.030350178480148315,0.003743060864508152,36,341,1,6,SAT_unsat_identifiable,1,boolean_factorization,exclude_x,exclude_x,0,2374,7304,0,1,0,1,1,0,0,1,1,1,0,0,0.006731852889060974
4,50,10,100,3884659937,30,conj,glucose42,MT19937-RandomState,6.486289203166962e-05,00000010111101111111000101100000111001101111000000110011000000010100010001111100101101000010011110110101101100110100001111111011010100110011000101111011010101101101100000111011111111001011101100111011100100010101111001010010110101111011101001010100000000010000110010000010011110000011010001111111000111111011101011001110101010001001111001010001011001011001110000110111111111000100101101011110111000011010110100010000000000011100110001000100101101110101010110100000100110011011011000011101001100010011,572a786d5ea10dba6ab954642be8ecf8ed576470bde807d8db7cfc9982b944a2,bernoulli,bernoulli|conj|p=0.5|zero=allow_iid|rng=MT19937-RandomState,0.5,allow_iid,0.001172092743217945,9.04398038983345e-05,0.001610778272151947,0.0009869877249002457,0.01096196286380291,0.014828733168542385,0.0038602985441684723,36,308,1,6,SAT_unsat_identifiable,1,boolean_factorization,exclude_x,exclude_x,0,2374,7304,0,1,1,0,0,0,0,1,1,1,0,0,0.006710058078169823
4,50,10,100,3884659937,31,conj,glucose42,MT19937-RandomState,4.584901034832001e-05,00101101110010010000101000101010110000011110101001000001100101010010101100111000000111111101010011010000111011001111001111001001010000000011111101010000111100001010110001011000101010011010001010100110111001100010110101000000001001100101001011101101010010011111000110100111101011111001111110010010000100111100111110110111001111100010110000111111100001100011101101011010100111110100101110001111000110010111001100000110111010100000010100001000001001000010000000110011111010011100011010110110100100001111,0cf0ba510c5354c10ca4a098a7cf007077878732fe36eed8abc347af39069479,bernoulli,bernoulli|conj|p=0.5|zero=allow_iid|rng=MT19937-RandomState,0.5,allow_iid,0.001076890155673027,9.036902338266373e-05,0.0015898672863841057,0.000986449420452118,0.010741538368165493,0.014492468908429146,0.0037435758858919144,37,305,1,6,SAT_unsat_identifiable,1,boolean_factorization,exclude_x,exclude_x,0,2433,7503,0,1,0,1,0,0,0,1,1,1,0,0,0.006787682883441448
4,50,10,100,3884659937,32,conj,glucose42,MT19937-RandomState,4.6527013182640076e-05,01011110010111011111010110111101011110011101111000001100111110010110011001110111100001110011000000111111101001111101000011011100000101000111101000000011110101111111011111010111110000001000100110111001011111100011010111000101001001000010110101111110110000100011001010001000110111000101100110111111110001101001000100010001111101011101101111001110011101001000100001001101010000010110001101000100101101001101010011011111000111110011001000000011110011101100100010100101001100100111101101000011100000101111,6280f2c96f563e4f90fc56aa8d8690d092584e37222cb0f93b4924145bac5411,bernoulli,bernoulli|conj|p=0.5|zero=allow_iid|rng=MT19937-RandomState,0.5,allow_iid,0.001108149066567421,8.321274071931839e-05,0.001556316390633583,0.0009911060333251953,0.012321693822741508,0.016066518612205982,0.0037387842312455177,36,319,1,6,SAT_unsat_identifiable,1,boolean_factorization,exclude_x,exclude_x,0,2424,7359,0,1,0,1,0,0,0,1,1,1,0,0,0.006661979481577873
4,50,10,100,3884659937,33,conj,glucose42,MT19937-RandomState,4.720129072666168e-05,10101011110100011101011011000101011110010010110000000000010001000011000001100101100100000000010110000111100101000100011101001001001001111011000111011110101111110011000000110111001111001110000000100000111010111001100000110011110100010101111100000110110011101110010000110011001100110110001110110110100000101011110100101110110011001110000000010110000100000110111011101100011100110111000011001100101110100110010110000100110001100101110001010010111101100011011111000101001001100110000110110010010101111100,0c587e091fd569eff6e94e85bee9f9fa078ae77bd26ae645c9889db8c0da6023,bernoulli,bernoulli|conj|p=0.5|zero=allow_iid|rng=MT19937-RandomState,0.5,allow_iid,0.0010387618094682693,7.98441469669342e-05,0.0014269081875681877,0.0009897174313664436,0.014961691573262215,0.018503532744944096,0.003535231575369835,32,410,1,6,SAT_unsat_identifiable,1,boolean_factorization,exclude_x,exclude_x,0,1988,6343,0,1,1,0,0,0,0,1,1,1,0,0,0.006697545759379864
4,50,10,100,3884659937,34,conj,glucose42,MT19937-RandomState,4.77619469165802e-05,11010101111010011011000101010000100011011010000110011010011010100101111101000110011010110011111111111111011001100101000110000101001110111100001101011011001011101111111100101010000100110101001010110000111010011000100000011011101110110010000001111110110000111100010010001111111001100011010111111010010010011011001010111101110001010010111010111000111100110111000001010100110001001010110001000001110011101100100101111011010111101100100111000010100000010101111110110111100100110100011100111001001101100010,e08eee0417bca95e1be9849e98e2cddad85cd8bf4cd5c3b7d3949d33e604973d,bernoulli,bernoulli|conj|p=0.5|zero=allow_iid|rng=MT19937-RandomState,0.5,allow_iid,0.0010539032518863678,8.996669203042984e-05,0.0014737769961357117,0.000988510437309742,0.019798516295850277,0.02341172005981207,0.0036061573773622513,32,293,1,6,SAT_unsat_identifiable,1,boolean_factorization,exclude_x,exclude_x,0,2118,6486,0,1,0,1,0,0,0,1,1,1,0,0,0.006328984163701534
4,50,10,100,3884659937,35,conj,glucose42,MT19937-RandomState,4.908442497253418e-05,11100001110110111100010001111010000011011011001010100010100010001011000011110100001110001000000010010000100111010111111001110000111110011001011100011100000101011101010000010100010101011000010101111100000110011001111110001110000000001011111010011111010110000101111110100000010010101010100000110000011010001101100101011111100001010001000101000101001111001000011101011111100110010100000010010110100001001110110111111001001011011100000011101111111000100111000001101101001110100100001001000000000010111110,09741fcf3b583ae69d7fbf44c2be3b6a747ac71685fb798f04b3017123fe5ad4,bernoulli,bernoulli|conj|p=0.5|zero=allow_iid|rng=MT19937-RandomState,0.5,allow_iid,0.0010248012840747833,9.052082896232605e-05,0.0016230372712016106,0.0010067997500300407,0.011913659982383251,0.015666442923247814,0.0037451591342687607,38,388,1,6,SAT_unsat_identifiable,1,boolean_factorization,exclude_x,exclude_x,0,2412,7614,0,1,1,0,0,0,0,1,1,1,0,0,0.007252464070916176
4,50,10,100,3884659937,36,conj,glucose42,MT19937-RandomState,5.665980279445648e-05,10010001010000010100100000011011100010110011100111000001100010001000101010010110000010101111011101011101100011001110000010110110111111011100011100011001001100111010010000010111110010100101010100010011011110000001110001111110111000010010100100011001000011000010010110010111001110001101111110101010011100000110000110010101101111110010010001101100001111100010000100101011011001001111001011010100100101001000010001111100000110010110000011101100111001111111101011001111100001000000110011001110111110011001,29d375fac04b0d6a72a8dcd10228c7d77f9e833b6a26073572f4134fd752eada,bernoulli,bernoulli|conj|p=0.5|zero=allow_iid|rng=MT19937-RandomState,0.5,allow_iid,0.0011008838191628456,9.533576667308807e-05,0.0016463017091155052,0.0010242154821753502,0.01436720322817564,0.018241032026708126,0.003866736777126789,37,359,1,6,SAT_unsat_identifiable,1,boolean_factorization,exclude_x,exclude_x,0,2423,7492,0,1,0,1,0,0,0,1,1,1,0,0,0.0069869691506028175
4,50,10,100,3884659937,37,conj,glucose42,MT19937-RandomState,4.496704787015915e-05,00111011010110110100011011010111110110100011000010011000111111011001000010010101000011100100011110011010100101101000000100010101111011000001010011011100111011000010001101110001000001010011101000111110110010010111001011001001011111101001001010001101111101110001101100011010101010111010101011011101111110110000010010100011011110101001100010010111010100010110100111100100101100111111010101000000011100100110011010110001011000001110010011010000100101001010010101010100100111110000111001111111111010011000,9780508990ca54063e007833b602eb5b27f3887912bf80460048268711eecb5c,bernoulli,bernoulli|conj|p=0.5|zero=allow_iid|rng=MT19937-RandomState,0.5,allow_iid,0.0010013049468398094,8.889194577932358e-05,0.0017119590193033218,0.0009771138429641724,0.08198812138289213,0.08577478304505348,0.003779269754886627,40,306,1,6,SAT_unsat_identifiable,1,boolean_factorization,exclude_x,exclude_x,0,2750,8254,0,1,0,1,0,0,0,1,1,1,0,0,0.006813941523432732
4,50,10,100,3884659937,38,conj,glucose42,MT19937-RandomState,5.046185106039047e-05,10100101010111001101111010100010101010001010100111010000100001000011000110100000000101110011011001001001100010010011010011001011001001100111100100010010111000100000110011111011010011100100110110100101011101010111110001101000010100100101000011000011110011001001110001110000111111110011001100111100000011111100111001111011011010101101001101010101001100001111010001101000001010011111001001111011001011000010011000001001100110010000001100101101101110111111111110111110101000111001010101011101001101010100,5994bd71bb20fc578bfa62cfd7338933bae5f99cdd7db774137402a196eaa3e1,bernoulli,bernoulli|conj|p=0.5|zero=allow_iid|rng=MT19937-RandomState,0.5,allow_iid,0.0010441318154335022,8.80211591720581e-05,0.001621495932340622,0.0009748293086886406,0.027986984699964523,0.031721994280815125,0.003728478215634823,38,270,1,6,SAT_unsat_identifiable,1,boolean_factorization,exclude_x,exclude_x,0,2552,7768,0,1,0,1,0,0,0,1,1,1,0,0,0.006738568656146526
4,50,10,100,3884659937,39,conj,glucose42,MT19937-RandomState,5.184859037399292e-05,01101100101111001111100110110011000100111111000101100100011101001001001110001111010011010001100011001111000000100010000001111110110101000111010101000100110010010000101011001100110011011110110110101100100101110011010111101011010101011111101111100010111111100011000100110001010000100011001110001100100101001011110110000010111100110101000000100010101011001000011110110011010111001100111111010101110111010101000001000110010000110010110000101010011101111010111001110000010111101010010101100110001001110000,b86a80cee9da0bdcceffd9a71eb0b9ea99241251224887f3a8ca2eb19cb2e827,bernoulli,bernoulli|conj|p=0.5|zero=allow_iid|rng=MT19937-RandomState,0.5,allow_iid,0.0010599680244922638,8.628144860267639e-05,0.001464557833969593,0.0009850254282355309,0.022156180813908577,0.0257585933431983,0.003595832735300064,33,325,1,6,SAT_unsat_identifiable,1,boolean_factorization,exclude_x,exclude_x,0,2107,6608,0,1,0,1,0,0,0,1,1,1,0,0,0.006378559395670891
4,50,10,100,3884659937,40,conj,glucose42,MT19937-RandomState,7.039587944746017e-05,01011010001110000111111001010110010001001111010110011010000110011101010111011100111100010000001100001010011110000010101010110111010100111100000100100010110011111111111111110100000010010000111100100100001100011011101011110000111000000111100010100010110110001100010101111000010010110000010011101010100110101111110111100111110111000010110110001001000000100010001011110000101000111010110000110000110111001111110111110011110111001000110111000001100110011011001000101100011101001010111001111010010000101000,76ee3034b0d8003a6f8e801bce5c92d2d83c809a58cc5544702be7d9d4a04eef,bernoulli,bernoulli|conj|p=0.5|zero=allow_iid|rng=MT19937-RandomState,0.5,allow_iid,0.0010914402082562447,9.815674275159836e-05,0.001550489105284214,0.0009927963837981224,0.013787306845188141,0.017527922987937927,0.0037328824400901794,36,325,1,6,SAT_unsat_identifiable,1,boolean_factorization,exclude_x,exclude_x,0,2364,7293,0,1,0,1,0,0,0,1,1,1,0,0,0.00676981545984745
4,50,10,100,3884659937,41,conj,glucose42,MT19937-RandomState,5.087070167064667e-05,11000010011001000101010100011110011000001000100101101110001010111000100010101111000111110100110011010110110110110111100100100110000110010010100100110011001001001001101110011010001001110110001011011000101111110111011011011010111111111001000011000111010110101001110101001010111000110011101101101100000110100000110100101100111001001100111101100000011000100111101000101010100000000101110011010010011100111011001011000011010000110001100110101101001101100100110110111101110001011011100001100111100001001110,7a77e1ba4fd9eb31c7ad6219d9534452049965eeb6cad72d142da573bf5c8fdf,bernoulli,bernoulli|conj|p=0.5|zero=allow_iid|rng=MT19937-RandomState,0.5,allow_iid,0.001042187213897705,8.343532681465149e-05,0.0015594754368066788,0.0009880037978291512,0.011983329430222511,0.015663315542042255,0.0036731017753481865,36,310,1,6,SAT_unsat_identifiable,1,boolean_factorization,exclude_x,exclude_x,0,2404,7337,0,1,0,1,0,0,0,1,1,1,0,0,0.0065895188599824905
4,50,10,100,3884659937,42,conj,glucose42,MT19937-RandomState,4.6756118535995483e-05,00010010001011001100101110000100001101010010111101111111000100111101111010101100101111101100101110000100111111001011000111001010011111111100010101110001111001011110101110001001010101000011000101100010000111110111100000101001010001101111001111110000110111110100111001000001000111011000100000001110010111111011011100110000010000100010010110000001010011011011101010101001100100100011010011000101100100111100111011100111100000111111110001011001010001111000110000101101011010000001100110010100111101101101,f25330ce7d6d61324f41bd3fe772ffe4de4c295243c944e4ded96051119410b6,bernoulli,bernoulli|conj|p=0.5|zero=allow_iid|rng=MT19937-RandomState,0.5,allow_iid,0.0010236287489533424,9.378045797348022e-05,0.0014590760692954063,0.0009860089048743248,0.016085920855402946,0.01965514663606882,0.003562494181096554,33,328,1,6,SAT_unsat_identifiable,1,boolean_factorization,exclude_x,exclude_x,0,2147,6652,0,1,0,1,0,0,0,1,1,1,0,0,0.0065311286598443985
4,50,10,100,3884659937,43,conj,glucose42,MT19937-RandomState,4.61135059595108e-05,00111111101100101111000010011000000100111111001110100111110001010000111001110000011101000110110000101001110000000001100000101101111010001010011011101100110110000000011110101010111000011111000111000110111111101010001110010100110011010100111101010001100111011010100011010011010110110001110010011011010100011101110110111010011100010111100111010111101110110110010011000111111000001111111101101111100111101111000100110101111010010000111010000101111111100101110011010000011010001100011111001011101011100001,ae2c480080c3d8e6a3139dac4820f7b2a90203c34d5e31bb4125f5ef64782dac,bernoulli,bernoulli|conj|p=0.5|zero=allow_iid|rng=MT19937-RandomState,0.5,allow_iid,0.0011029131710529327,8.493848145008087e-05,0.0016216142103075981,0.000983704812824726,0.01395600475370884,0.01775656919926405,0.003793170675635338,38,260,1,6,SAT_unsat_identifiable,1,boolean_factorization,exclude_x,exclude_x,0,2692,7922,0,1,0,1,0,0,0,1,1,1,0,0,0.006549692712724209
4,50,10,100,3884659937,44,conj,glucose42,MT19937-RandomState,5.116034299135208e-05,01010101010110011010110000001010011111101011111010011010001001011000010100010101010010001001000001110000110001001000011011010111010011011011111001010001010011000001011011100010010101111100110101001001001100100001011000011110011001110011110011001011111011011000100011101110101111000001001000100110000011000111010010111011111110001101001001101111010000100000100110000101100110001111100111110000101100000111101100001111011001100000110100000011111111111101100000111100100110000000100110000010010100011100,44a4a72f40d0ebecfb696fb9f487dd505329f593115e922f2047356d4c422fd3,bernoulli,bernoulli|conj|p=0.5|zero=allow_iid|rng=MT19937-RandomState,0.5,allow_iid,0.0010682884603738785,9.236764162778854e-05,0.0015956992283463478,0.0010118931531906128,0.01546586025506258,0.019242548383772373,0.0037682484835386276,37,356,1,6,SAT_unsat_identifiable,1,boolean_factorization,exclude_x,exclude_x,0,2403,7470,0,1,0,1,0,0,0,1,1,1,0,0,0.006949166767299175
4,50,10,100,3884659937,45,conj,glucose42,MT19937-RandomState,4.924647510051727e-05,11010110111110100010010100010110100000100001110011001011111000110111101110110010100000100101000110011101101111110111101000001011100100010110001011011111101010110100000011011011101000111110001100101101000111111101011001100111010111011011110100011001000101100000011111011001110001001111111101010100010110111100000010110011011110000110110101101000100011011000000101010110000011100110000100101011000011001000111101000111000110111000110010000101000100101110001101101011010001001001101000001100010100100001,ffeb8ccad3a3ac577fba31f0f6cf681a3e4474a97a2900ffa13b7271d1b04dec,bernoulli,bernoulli|conj|p=0.5|zero=allow_iid|rng=MT19937-RandomState,0.5,allow_iid,0.0010620169341564178,8.511263877153397e-05,0.0016537383198738098,0.000983038917183876,0.03592989407479763,0.03972039930522442,0.0037839068099856377,37,371,1,6,SAT_unsat_identifiable,1,boolean_factorization,exclude_x,exclude_x,0,2423,7492,0,1,0,1,0,0,0,1,1,1,0,0,0.006996034644544125
4,50,10,100,3884659937,46,conj,glucose42,MT19937-RandomState,5.455687642097473e-05,11111010100100000110101101001101111101110011111011100110011111111101100100101000111111111111111101100001001110000010010001111111000011001011110011111011110101011001000111110100001001010101100110000010110001110000011000110101000111000010100111011100110100001110100110000100000001001001100010001101000100110110111101011000010001011011110010010010101010010101111010011011000100011011110010101100011000010011100001110100011000101001111101111000101100011001101110111000010111001100111010110011111000100000,59601b73f1e6dd4783287aa77109b5d350aa550effdea38d4d92d19774131ea4,bernoulli,bernoulli|conj|p=0.5|zero=allow_iid|rng=MT19937-RandomState,0.5,allow_iid,0.0011377232149243355,8.931010961532593e-05,0.0015657423064112663,0.0010032784193754196,0.014714562334120274,0.01851703505963087,0.0037960540503263474,35,290,1,6,SAT_unsat_identifiable,1,boolean_factorization,exclude_x,exclude_x,0,2315,7105,0,1,1,0,0,0,0,1,1,1,0,0,0.00641554594039917
4,50,10,100,3884659937,47,conj,glucose42,MT19937-RandomState,4.54997643828392e-05,01101100001000011111011001111010001111111110001100100001111111010000000100001010110010101001110111100000100010000111101001110100111111110101111001110000111110000111001110011101010110110011011010001101011010011100011011001100000100000110110100010001001011011001101011000111001011100100110110110010000100110100101000101111010111000101001100010011011101111111000001101011101110010011000111011000101100010011111001100110110101111111100000100111000010100110010001111110000011010000100010101101111110000000,adb8eeae65c7bdbf732f372de95ca5bc163261f51b2fead3d58e4bd9b42963b2,bernoulli,bernoulli|conj|p=0.5|zero=allow_iid|rng=MT19937-RandomState,0.5,allow_iid,0.0010838862508535385,9.16607677936554e-05,0.0016749566420912743,0.0009900955483317375,0.012276310473680496,0.01612277142703533,0.0038405992090702057,38,309,1,6,SAT_unsat_identifiable,1,boolean_factorization,exclude_x,exclude_x,0,2592,7812,0,1,0,1,0,0,0,1,1,1,0,0,0.006803395226597786
4,50,10,100,3884659937,48,conj,glucose42,MT19937-RandomState,5.12395054101944e-05,00001111001101101011101001001000110011101000110000101101011000111100111011000111100111101100010000000011010001001010000111000001010001011010001111011111000011001101000110100100101001111110100000110111001100001111100110000101111010010001011000110101001011100010101111011110001000101010101000110000010010111000010010001110010011010100001001101000000000010010110001001011001010100111101101101000000100000111000100101010010010111110100001110001101110110001001000111101010011000111001111000110110011111101,3ffe923f763dc2f37eb757807bf232439ff31abc5f9fd9f0834ad5566169145c,bernoulli,bernoulli|conj|p=0.5|zero=allow_iid|rng=MT19937-RandomState,0.5,allow_iid,0.0010776631534099579,9.689945727586746e-05,0.0015429966151714325,0.0009837662801146507,0.011683198623359203,0.015390831977128983,0.0037013255059719086,36,383,1,6,SAT_unsat_identifiable,1,boolean_factorization,exclude_x,exclude_x,0,2254,7172,0,1,1,0,0,0,0,1,1,1,0,0,0.006915501318871975
4,50,10,100,3884659937,49,conj,glucose42,MT19937-RandomState,5.579646676778793e-05,11100001011001100010001000001110101001011100010000100110010100100011100111001100001100100011100010101110100010100011110110000101100101001111000011100011011100111110010001100001101010100010111101010011111101001010110011000010111111100010011101110001100110011011111100000010110000101110111101010011001100101001001010101001100110101101101101000001010000110011011011011010000010101000100010111111010011101010001000101000010101100110110111010111000101111100110010001011000011101100001100100001101000010110,54638a239cd7e533ea5be7a403cade1934d716072e5afbaf886cc0f0f1d4653a,bernoulli,bernoulli|conj|p=0.5|zero=allow_iid|rng=MT19937-RandomState,0.5,allow_iid,0.0009774193167686462,8.724164217710495e-05,0.001640251837670803,0.0009986627846956253,0.024840841069817543,0.028557942248880863,0.0037035755813121796,38,337,1,6,SAT_unsat_identifiable,1,boolean_factorization,exclude_x,exclude_x,0,2552,7768,0,1,0,1,0,0,0,1,1,1,0,0,0.006958005018532276
4,50,10,100,3884659937,50,conj,glucose42,MT19937-RandomState,6.719492375850677e-05,01101111110110100111110001001001110111110110001100001011100101100011011000110000000010110111011000011000011110000010011101001101010001110001100111010111101000100110000000000001100111000010011010010111101101101100111111101110110001100001111111000100001101110001011000011000111111110000111010000000110010011101000101101111000110011010111001111111110001010011100111110101010001100110101011110011101110101011100001011111100000011001011011010000001010111100101010101010011010000101110100001011111100010011,7c9c58e8bb5bf4ff800abbc6850b405c25cc4422f9a23b2a3cda15a4b95d89a1,bernoulli,bernoulli|conj|p=0.5|zero=allow_iid|rng=MT19937-RandomState,0.5,allow_iid,0.0010069608688354492,9.375065565109253e-05,0.0014741485938429832,0.0009798072278499603,0.017308875918388367,0.020870852284133434,0.0035546673461794853,34,282,1,6,SAT_unsat_identifiable,1,boolean_factorization,exclude_x,exclude_x,0,2296,6950,0,1,0,1,0,0,0,1,1,1,0,0,0.00644359365105629
4,50,10,100,3884659937,51,conj,glucose42,MT19937-RandomState,4.43020835518837e-05,11010100111001010010101000101111011000000100001000001000101010111100011010000011010101101101011101100011001000001100001101110011011110100011000011010111101100011110011001100110001100011001010111001100011111010010101101010110110100111001110001101001011100010000110101101000001011011011100010010110100111010110011010010010000110001010010011000100000100110100001010011010111111100001011100111010100000001000110001100110001100100100001110000100010110100100110101100010010010001010111000000111011001101101,a9fe7391952219a47c766801de10af631072d437821f95dda2e557e0a046b5d6,bernoulli,bernoulli|conj|p=0.5|zero=allow_iid|rng=MT19937-RandomState,0.5,allow_iid,0.0010311882942914963,8.490774780511856e-05,0.001614040695130825,0.0010266201570630074,0.029597758315503597,0.03336145356297493,0.0037567568942904472,37,375,1,6,SAT_unsat_identifiable,1,boolean_factorization,exclude_x,exclude_x,0,2433,7503,0,1,0,1,0,0,0,1,1,1,0,0,0.006974734365940094
4,50,10,100,3884659937,52,conj,glucose42,MT19937-RandomState,4.5620836317539215e-05,10011110011000100000111110101001001001010010110110100111010000011100101100011111010011100110111101110100001111011010001100111000100000101001000010101001000011010001010011010111101110111010001011011010001101100110101100011010000011101010000001011110100010011000000010111011101011010010001011100110011011000101111001110111111001101011110011011011111011100110000111011011010111110001110111001101101101001000001100001000010110111001000101111100100101000001001010101100111101101101101001001100100011100110,c97b24396a65b6680a0b67eeed8fc8ac6937d56fe1d878ee2a0fe23f9a9b0ea7,bernoulli,bernoulli|conj|p=0.5|zero=allow_iid|rng=MT19937-RandomState,0.5,allow_iid,0.0011044004932045937,8.936040103435516e-05,0.0016567707061767578,0.0009840289130806923,0.016353566199541092,0.02019499894231558,0.003834560513496399,37,331,1,6,SAT_unsat_identifiable,1,boolean_factorization,exclude_x,exclude_x,0,2443,7514,0,1,0,1,0,0,0,1,1,1,0,0,0.006807289086282253
4,50,10,100,3884659937,53,conj,glucose42,MT19937-RandomState,5.067512392997742e-05,11100110000000000110100011101110001101010101001100001000011011111000111000000010100000011000010101101010101100011111011001010011010110000001110010000000010101001110111011100000010100011101100001110011101000000001100101110100100000100001011110010110011111000010001111110110100011111111001101011011110111100000000111010100001100000010110111110110110010101011011101010001001101011010011011011000111110111010100100011001100001001110110101100101111110011101011111001111000101101100000011100110111001100110,fd86af7ee85624c8e88191d743245ceb7122787e8751353d3f882f900822dae4,bernoulli,bernoulli|conj|p=0.5|zero=allow_iid|rng=MT19937-RandomState,0.5,allow_iid,0.0011007757857441902,8.221343159675598e-05,0.0014453744515776634,0.0010181255638599396,0.022453698329627514,0.026107358746230602,0.003646489232778549,33,328,1,6,SAT_unsat_identifiable,1,boolean_factorization,exclude_x,exclude_x,0,2167,6674,0,1,0,1,0,0,0,1,1,1,0,0,0.006543870083987713
4,50,10,100,3884659937,54,conj,glucose42,MT19937-RandomState,4.830583930015564e-05,00101100101101000000100101010111101001000101100110110000000101101010101010101101100110101101010110010011101010101011001101111110101111101011001111001001011001011010111010010010101111110110011101001010111111111000010111110000011101110101100111111000101000011010010011110100111110101111011001010101000010001100111000001011000111101000111011001011100001011101010001111110011011110010101001100101001111001111110100010101101011110110011110010001010001101000110011101100010111000000100110100010101101111100,5db878dae6d6951c834ad8f656edb18ea80786b6732795f5b1748f3429f9ab7b,bernoulli,bernoulli|conj|p=0.5|zero=allow_iid|rng=MT19937-RandomState,0.5,allow_iid,0.0010263202711939812,8.300691843032837e-05,0.001506691798567772,0.0009990576654672623,0.027013802900910378,0.03063600230962038,0.0036150766536593437,35,244,1,6,SAT_unsat_identifiable,1,boolean_factorization,exclude_x,exclude_x,0,2445,7248,0,1,0,1,0,0,0,1,1,1,0,0,0.006241871975362301
4,50,10,100,3884659937,55,conj,glucose42,MT19937-RandomState,5.1169656217098236e-05,01001010001000011010110100101100101000011111010000000111010011101101010011000100101101110111101101110100110001011100110011110101011001001000001000010100111111110100011000101101101111101101011111011000011000111110101010001011100001000100001010011101010101100010101100010101001111011100101111010110010011111010011111110000100111001010010011000000111010111100101101100111010000111101100010010010001110110100101111101110010001101010100100011001101110001001010000101111111111000001110001001100011101100011,48d2e280c813ac6b5025577f3c2b9bea9f60a8feb9dde3f6967d671b5bd3f594,bernoulli,bernoulli|conj|p=0.5|zero=allow_iid|rng=MT19937-RandomState,0.5,allow_iid,0.001102910377085209,8.856318891048431e-05,0.0016209911555051804,0.0009971344843506813,0.019263552501797676,0.023080102168023586,0.003809599205851555,37,326,1,6,SAT_unsat_identifiable,1,boolean_factorization,exclude_x,exclude_x,0,2493,7569,0,1,0,1,0,0,0,1,1,1,0,0,0.0068120649084448814
4,50,10,100,3884659937,56,conj,glucose42,MT19937-RandomState,4.5746564865112305e-05,11011010111110000000010110001101010110001001111010010111000110001100100101000101110001000000101100100101011000001101111001111011001011110101111110111101101000010010001110001111011001000001000011010010100110011000111010101111001110011010011001000010110010010101001100110000110010100100011000101011010100001100101100100101000111001001111000101001011100100011011010111000100111001111110001101000011100110000001111010110000011010100001010010000011110110011001101001100101110001011001001010101101011100001,864ca0cf65031da40037f2bb914c2f329934909a346ebb7da6d9acc31d84b738,bernoulli,bernoulli|conj|p=0.5|zero=allow_iid|rng=MT19937-RandomState,0.5,allow_iid,0.001056550070643425,9.909644722938538e-05,0.001743406057357788,0.0009926427155733109,0.029365758411586285,0.03326383139938116,0.0038916952908039093,41,336,1,6,SAT_unsat_identifiable,1,boolean_factorization,exclude_x,exclude_x,0,2699,8332,0,1,0,1,0,0,0,1,1,1,0,0,0.0071688201278448105
4,50,10,100,3884659937,57,conj,glucose42,MT19937-RandomState,5.267933011054993e-05,10010000010100100010011110010111011110101001000111110100111001101110000010111010000111010011111101100011000000111101111010011111011000001000001110111100000101010011100101100010011111000101011011101111110110011110010001001011100100011111110111101011100110111101001110111011000001110111101001111101001110110011101111011111010111111100011010110111001111100000110100110101001011011001101001001010111110111111101110100111111011110110010010001110100100011000110111001001010010111010111100100101110001100001,1b4847af3c5d8113d37a1b84c5a4227fc2f797ac59a1c6734f7f4874554f9d77,bernoulli,bernoulli|conj|p=0.5|zero=allow_iid|rng=MT19937-RandomState,0.5,allow_iid,0.001130206510424614,8.101388812065125e-05,0.0013990644365549088,0.0009948164224624634,0.019853531382977962,0.02346539217978716,0.0036051012575626373,32,256,1,6,SAT_unsat_identifiable,1,boolean_factorization,exclude_x,exclude_x,0,2188,6563,0,1,0,1,0,0,0,1,1,1,0,0,0.006201077252626419
4,50,10,100,3884659937,58,conj,glucose42,MT19937-RandomState,5.007162690162659e-05,00111100100100011010001110000000000010111101110111000010100101100000000001000011011011010101001011011110010010010010110101111001111010110010000101101100110110000001001011001101010001111001011011000101111111011010001100100000000100110011100000011000111100001000101111111000000001111111000110101010010111000111100011010011001010110010010011011010001010010001010011010111000011110100101100010100000101010001011011011110111101111000111010000101100001001011010100001011010011010000111011111011111101111100,27ae88b5a1e2e059465a9c26cf9518d285f613771a469fcc2f0c7176582078ba,bernoulli,bernoulli|conj|p=0.5|zero=allow_iid|rng=MT19937-RandomState,0.5,allow_iid,0.0010590273886919022,8.107256144285202e-05,0.0014282278716564178,0.0009815078228712082,0.00937594473361969,0.012932077050209045,0.0035498356446623802,33,380,1,6,SAT_unsat_identifiable,1,boolean_factorization,exclude_x,exclude_x,0,2057,6553,0,1,1,0,0,0,0,1,1,1,0,0,0.006581651046872139
4,50,10,100,3884659937,59,conj,glucose42,MT19937-RandomState,5.104579031467438e-05,00010000101111010101011100101000010001101000101101110000000010101110010110110011110101000000010011101001011110010010010000001011011000010011110000011110101100110101111100010111010101001011000001100001110101111111111010100100011011110000011101001101111010000100100110101001011100101011011000011001011000111110101101000101001101111101111001100110011111100001011101111111010001011010011101111110011100100111101101110111110000110110010111010010111100010101101001010000110111100000111101011000110111011000,c51267b507573e1870471b165d23646e03d7449f97f9594c85a605cdf70f843c,bernoulli,bernoulli|conj|p=0.5|zero=allow_iid|rng=MT19937-RandomState,0.5,allow_iid,0.0010743914172053337,0.00010033231228590012,0.001652856357395649,0.001010761596262455,0.026699639856815338,0.03054506704211235,0.0038383416831493378,38,270,1,6,SAT_unsat_identifiable,1,boolean_factorization,exclude_x,exclude_x,0,2602,7823,0,1,0,1,0,0,0,1,1,1,0,0,0.006668453104794025
4,50,10,100,3884659937,60,conj,glucose42,MT19937-RandomState,6.934814155101776e-05,01101110110111100111111010111000101000101010100010110010110111010101011001101011100010000010011011010110010001100101100110111000101011110010001110001001111001000001101011010100001010000111011101010010000111100101010001010100100001011010001101000010110100100101111000000110000010101010011110111011011000111000010111101100100010010010000110100001111110011100101101111110110010000011101000000111100000110010000100000010101111101011100011101011000110010101101000001011101001100111011110010011000110101110,c75274a6b564003954d71b814a0710728688f3a5e46fe9794ab2f60c40d2c79d,bernoulli,bernoulli|conj|p=0.5|zero=allow_iid|rng=MT19937-RandomState,0.5,allow_iid,0.0010472144931554794,9.790342301130295e-05,0.0016230009496212006,0.0009872037917375565,0.0444176634773612,0.048180993646383286,0.0037553226575255394,36,325,1,6,SAT_unsat_identifiable,1,boolean_factorization,exclude_x,exclude_x,0,2364,7293,0,1,0,1,0,0,0,1,1,1,0,0,0.006876511499285698
4,50,10,100,3884659937,61,conj,glucose42,MT19937-RandomState,5.007535219192505e-05,11111101100010111101010010001001110111101101000110111101101000111010011110111011011000000101001011110111001110001101000101111101011110000010111001010110110101000111101010110110100111110011100001101110101011011100011101100001100111001111001011000011000001100110110100110111101000101110001101010010011010101010010101101100111110001101110000011011110001101111101100111001000101000111000000000101000000101000110101001010001010100010110110000100101011101101011001100011010010101010110010011111000010001101,2fb202bf855418ed6879feab382a9d0864ea97d6da13eb24dd5cc86e084cb3eb,bernoulli,bernoulli|conj|p=0.5|zero=allow_iid|rng=MT19937-RandomState,0.5,allow_iid,0.0011235233396291733,8.445512503385544e-05,0.0015863236039876938,0.0009842077270150185,0.04715090710669756,0.05093597620725632,0.003778509795665741,37,254,1,6,SAT_unsat_identifiable,1,boolean_factorization,exclude_x,exclude_x,0,2543,7624,0,1,1,0,0,0,0,1,1,1,0,0,0.006515637971460819
4,50,10,100,3884659937,62,conj,glucose42,MT19937-RandomState,5.278829485177994e-05,11010000111101011000100011011000011100000100100100010111011100100101110110101000110101010000000100001100001011000101010001010110101110110111100001100011000000011011100111100110110101001011110010110110100010000010011010011011011010010010010011001010100101101000000110000110110001111001000000000010001111100100011001110101100100100010101110000000000001101111001110111101111110101100110111011000011110111001110100110110001001001100000001110101101001110011011010110100001000000100000110111100110000111100,11f3a2891d211c4a10ed2b512290ac9559978261814f33e60cfe1d80e4b417c0,bernoulli,bernoulli|conj|p=0.5|zero=allow_iid|rng=MT19937-RandomState,0.5,allow_iid,0.0011312244459986687,9.287986904382706e-05,0.0015697283670306206,0.0009921090677380562,0.00952162779867649,0.013313544914126396,0.0037859417498111725,35,353,1,6,SAT_unsat_identifiable,1,boolean_factorization,exclude_x,exclude_x,0,2165,6940,0,1,1,0,0,0,0,1,1,1,0,0,0.006822193041443825
4,50,10,100,3884659937,63,conj,glucose42,MT19937-RandomState,4.934333264827728e-05,10000001010111101100001000010100100111111010000110001110110110111101110010000011010101001110110001000001110100110001011000011001111011011110110100111001010011000101110000011111101100001110001011110001000010100010110000000101001111000101100001110110000101101100111010001001010111101011000111111001001111100100010100000010111010011011001100000101100011001010111111101101110100110100011100010100010110011101011011101000010101011001011100100001011110001111000010110110111101110110000010101110100110110010,9e62707bc250fd6e61e12984e96c6ab98061ad5897697fad4b757750585cc2c4,bernoulli,bernoulli|conj|p=0.5|zero=allow_iid|rng=MT19937-RandomState,0.5,allow_iid,0.0010571423918008804,8.379016071557999e-05,0.0016219597309827805,0.0010130172595381737,0.011846719309687614,0.015629745088517666,0.0037759095430374146,36,337,1,6,SAT_unsat_identifiable,1,boolean_factorization,exclude_x,exclude_x,0,2374,7304,0,1,0,1,0,0,0,1,1,1,0,0,0.006647628732025623
4,50,10,100,3884659937,64,conj,glucose42,MT19937-RandomState,4.758685827255249e-05,11000000000001010011100001010101000110001011001100011011000111001110101011101001110011010010000110011111010110111011011111110000011011010111111101101011110111110000011110011000100111001001110101110111100111100100000110000111101011001101110010110001011010110001001011000111100110011011110101101101111100111010001010111100010010111110101111100111101000010111110101111100011000011100111001010110101010010000011111100000000001001110000001010110101101101111111000001110011000001111101000000000100010111001,b6813a0430693a2f5d054aa953b1c030a7981294bce6240fd4fa9fdae6da7589,bernoulli,bernoulli|conj|p=0.5|zero=allow_iid|rng=MT19937-RandomState,0.5,allow_iid,0.0011484939604997635,9.20882448554039e-05,0.0015809889882802963,0.0009777937084436417,0.01269217673689127,0.016498343087732792,0.0037993649020791054,37,262,1,6,SAT_unsat_identifiable,1,boolean_factorization,exclude_x,exclude_x,0,2553,7635,0,1,1,0,0,0,0,1,1,1,0,0,0.006518112495541573
4,50,10,100,3884659937,65,conj,glucose42,MT19937-RandomState,4.6358443796634674e-05,00111001011110110101001000110001010000001010000111001100110101101011011100000100010110110110000110101110010111110110010011001011011000011010001101000001001111001100110100100000000101100000011010000011101110010000001100001111100001101100001000011001111010110010101111110011111101100011101101001111011011110011101001111110011101111001100101101110110011010011101110000100010100110010000011011110100110001000111001010011101111001011110101101010110100000111010100001110100011001011000100110010001011101111,056bb809c17432e14047d0d68ca8debb1151261a89d4e1313ba5ad5876ef8a0a,bernoulli,bernoulli|conj|p=0.5|zero=allow_iid|rng=MT19937-RandomState,0.5,allow_iid,0.001088031567633152,8.334964513778687e-05,0.0015842132270336151,0.0009768400341272354,0.027011603116989136,0.030750785022974014,0.0037324344739317894,37,334,1,6,SAT_unsat_identifiable,1,boolean_factorization,exclude_x,exclude_x,0,2483,7558,0,1,0,1,0,0,0,1,1,1,0,0,0.006843749433755875
4,50,10,100,3884659937,66,conj,glucose42,MT19937-RandomState,4.821456968784332e-05,00000101000011100111100010110110011000001000010011101110001100001110011010110100010001010011010111001010100001110001100101100110000010101101000000110000101111100101011011001000010010101001001001001000101100100011011010101011000101010000010110011011010101000110100010010001010000000011010010101110000101011100011011110101100111000101101111110010011111111111101010101100100010001010000010101001000110010000110000000001011100100101011000100000000101101101010010101110010000110100111110000101111001110001,ee3f5528f95bde4247517448ae75988a8b2e29cee53934ed961cc7c3ce2e3ebb,bernoulli,bernoulli|conj|p=0.5|zero=allow_iid|rng=MT19937-RandomState,0.5,allow_iid,0.0010686954483389854,9.238068014383316e-05,0.0015104599297046661,0.0009925980120897293,0.010903782211244106,0.014574265107512474,0.003664134070277214,35,444,1,6,SAT_unsat_identifiable,1,boolean_factorization,exclude_x,exclude_x,0,2095,6863,0,1,0,1,0,0,0,1,1,1,0,0,0.0071728890761733055
4,50,10,100,3884659937,67,conj,glucose42,MT19937-RandomState,4.538055509328842e-05,10101101011001100101000010101110101101100000000011010010001011111010101101111000110110000000101000010101011001110001000000110101010000110000010101001001010011110111101011101011011110010110001100100110011011010101001001101110010011010001111000110110010111000001111100111110001100000101011001101010011111001011110101101001011011010110000111011111101110010110110011111110110100111011100101001010001111011101111010110011110101101100001010011111100000010110110110010110011011110111011110100010101011000010,efbc85509e5bac60bc8826c00111959a7f912e8c86d2964367cf70541b439e72,bernoulli,bernoulli|conj|p=0.5|zero=allow_iid|rng=MT19937-RandomState,0.5,allow_iid,0.0010272013023495674,8.29482451081276e-05,0.0013576466590166092,0.0009811613708734512,0.011230760253965855,0.014685588888823986,0.0034489575773477554,31,311,1,6,SAT_unsat_identifiable,1,boolean_factorization,exclude_x,exclude_x,0,2029,6254,0,1,0,1,0,0,0,1,1,1,0,0,0.006344540975987911
4,50,10,100,3884659937,68,conj,glucose42,MT19937-RandomState,4.575401544570923e-05,01001110110011100111001100001000011000110010111000010100100010101111011010101010101011101010111011001111100101000100010110000111000001100010001100101010110011111010101100111010101001011101101011011001101010100100110011000101100000111110110011110100111000011010000100110111101011011000000001000001101011110100111101010101000101111011010010101101100011100000001000010100000110100011001101110000100000001101011110011100101011101111000011000010001000110010000000100110000010110001000001001001010010000000,687af89eb283590c37902081a49e228bb8f17294243c08aecde5b3d25642470c,bernoulli,bernoulli|conj|p=0.5|zero=allow_iid|rng=MT19937-RandomState,0.5,allow_iid,0.0009830910712480545,7.392186671495438e-05,0.0012386040762066841,0.0009902948513627052,0.015030666254460812,0.018323165364563465,0.0032859118655323982,28,395,1,6,SAT_unsat_identifiable,1,boolean_factorization,exclude_x,exclude_x,0,1682,5470,0,1,1,0,0,0,0,1,1,1,0,0,0.006218641065061092
4,50,10,100,3884659937,69,conj,glucose42,MT19937-RandomState,4.53973188996315e-05,10110001010110011001000110010101111110000001001101110101011000001011101100011101110000000100111111011101100001101100101111000011111000111000111110110110010100111000011101010011110111101000000001010011001010101010010000001001001010001101000101011001001001010101001011101000000001000110111001001010000001000100101010011001001100010110001110010010010111101000011011111100111000010110010100010010010000000001010011111100010001101110101110100011010101000001000100001000111100011011010101000110010001100101,0967268f66caa9f817f942c8da4c741c1985f17931799832ff2519d3663eecc7,bernoulli,bernoulli|conj|p=0.5|zero=allow_iid|rng=MT19937-RandomState,0.5,allow_iid,0.0010333806276321411,8.430704474449158e-05,0.001579861156642437,0.0009798994287848473,0.017871513031423092,0.021555784158408642,0.003677448257803917,37,362,1,6,SAT_unsat_identifiable,1,boolean_factorization,exclude_x,exclude_x,0,2363,7426,0,1,1,0,0,0,0,1,1,1,0,0,0.006921490654349327
4,50,10,100,3884659937,70,conj,glucose42,MT19937-RandomState,6.34295865893364e-05,00000110001111001111010101001011000111100011010110111110001110110000101110001111000011110100110110011000001010010010010001000101100000101100000001000001100000111100010010010011100110110001101010011101101101000110010001010110010011010110010111001100110110100100100010001100101011111000101010000011110111010000101000010101010010111001000000111011001010010000011110111100110010110001101101100010011010100111000000010010110111000101001100001101001110001100000110100011100111111101010001111100011101101000,e42781639355c4b25a5b8b3b18a689c89a57ded0f7c72aa0a27c2e9b92c97434,bernoulli,bernoulli|conj|p=0.5|zero=allow_iid|rng=MT19937-RandomState,0.5,allow_iid,0.0011535128578543663,9.40617173910141e-05,0.0017413357272744179,0.0010256990790367126,0.019354636780917645,0.02337626926600933,0.004014609381556511,39,353,1,6,SAT_unsat_identifiable,1,boolean_factorization,exclude_x,exclude_x,0,2491,7835,0,1,1,0,0,0,0,1,1,1,0,0,0.007110054604709148
4,50,10,100,3884659937,71,conj,glucose42,MT19937-RandomState,5.167722702026367e-05,01000010010101110000000001100111000110010110110001111110000100101010111010011100001010110100110111001110001011111101111111011011110010110110000110011110111101010010100000101011111110000111100110100100010100011000100001010100111011100100110000011101111001001011110000001110101000000100111111011111101111011111110000101101001100011010101101001010111101101100110001000010010100111010000000110111010111000110110010001000001011000111000011010001100111101011101010101100010011101100111010000010101001010011,8143301bd5c5ef99472ebb77c08e9677bcee66c6c0242e2fa1f97c35801ff1c7,bernoulli,bernoulli|conj|p=0.5|zero=allow_iid|rng=MT19937-RandomState,0.5,allow_iid,0.0010917885228991508,9.513366967439651e-05,0.0015580207109451294,0.0009803744032979012,0.01919976994395256,0.02293229103088379,0.003725317306816578,36,330,1,6,SAT_unsat_identifiable,1,boolean_factorization,exclude_x,exclude_x,0,2364,7293,0,1,0,1,0,0,0,1,1,1,0,0,0.0067737651988863945
4,50,10,100,3884659937,72,conj,glucose42,MT19937-RandomState,5.063135176897049e-05,00100001111000101101110100101111010101001111010100100101000101001111011010010110100110110011010101011110010000101001011001000100110011100011101111001110010100100100010110011100101100010111010100001000110010010010001011010100111111011111111000001011011000110010111110100011000010111010110011011110101101001101111000100110010111110101001000011000110100100110101100011100001011010111110100100010111010110101111100111110110011101010101100001001010110000101011110001000100101101100010000100101101001010111,441211ee1e7c21dfc23c79ed6889eabd51a384c226ba2020c0162af1a3c0aaf3,bernoulli,bernoulli|conj|p=0.5|zero=allow_iid|rng=MT19937-RandomState,0.5,allow_iid,0.0009610764682292938,9.758118540048599e-05,0.001491502858698368,0.0010006548836827278,0.05311836674809456,0.05667674355208874,0.0035508153960108757,34,278,1,6,SAT_unsat_identifiable,1,boolean_factorization,exclude_x,exclude_x,0,2286,6939,0,1,0,1,0,0,0,1,1,1,0,0,0.006353776901960373
4,50,10,100,3884659937,73,conj,glucose42,MT19937-RandomState,4.5627355575561523e-05,01001001010000000010011011101101011100101111001111001000111100001010000010111100110100101100100111000110110100011101011011100110111001001101111011101101010110010010111011001100010001011011011001001101010111000100001101101000001010100010100111100100001000110000100001110110100100001110110001001011101001010001010000000001000110110100010100001111010101000001001000000110111101111110101101110101101101000011011101000111110111110000010000101100100110010110010100000011101111100000100010010110111111011011,71ddf9728aa7c146e0549cd3dbe1b56794da19da0ad68946a9cd9674c320dc91,bernoulli,bernoulli|conj|p=0.5|zero=allow_iid|rng=MT19937-RandomState,0.5,allow_iid,0.0010526524856686592,7.931794971227646e-05,0.0014018313959240913,0.0010106684640049934,0.008988597430288792,0.012540481053292751,0.0035444702953100204,31,376,1,6,SAT_unsat_identifiable,1,boolean_factorization,exclude_x,exclude_x,0,1919,6133,0,1,1,0,0,0,0,1,1,1,0,0,0.006630714982748032
4,50,10,100,3884659937,74,conj,glucose42,MT19937-RandomState,5.158223211765289e-05,10111000101000011101101001011001101100110010010010011101100101101000110011001100111100101110010011011110100111101111111101101011011011011110111001111000111011000100111110001010110000101010010010101111011000110100000101010001000000000001000010010001111110101011100101111000000001100101001100111110000000001011000010000010111111111111100010110110111100111001001111011110000100110111110111101001011111011011101110100110111001001010011001101111000110001011001000000010011111001000001011010001001010110010,6f6edadda5471a2c90537bf39c05f459aed5ae550680f6c9b3d0597a0dfa63f4,bernoulli,bernoulli|conj|p=0.5|zero=allow_iid|rng=MT19937-RandomState,0.5,allow_iid,0.0010986076667904854,9.842682629823685e-05,0.0014910688623785973,0.0009845495223999023,0.012608131393790245,0.01628779713064432,0.003672652877867222,34,323,1,6,SAT_unsat_identifiable,1,boolean_factorization,exclude_x,exclude_x,0,2286,6939,0,1,1,0,0,0,0,1,1,1,0,0,0.006611652672290802
4,50,10,100,3884659937,75,conj,glucose42,MT19937-RandomState,4.368089139461517e-05,11101101001011100111110010000000101111011011111100000111011011000111010011100011111101100001101011101100000111010011101010111111001010101010000011101110011010001000001000010010111011001111110101110101100001000111010111010100111100000000101101101000011100110110110111101011010110000001011111100110001001000101001011011111001100011001101001111101110100110000110111000000111111101110010011010111011010010110000000101111110000110001100011001000011001100010001001010000111110110111000110000110010000110011,1faffb1717302273a0f2195149fdb841d439e12777be9c2c5216f55b055f7e43,bernoulli,bernoulli|conj|p=0.5|zero=allow_iid|rng=MT19937-RandomState,0.5,allow_iid,0.0010037533938884735,9.116530418395996e-05,0.0015029814094305038,0.0009753191843628883,0.025123157538473606,0.02870269026607275,0.0035732192918658257,35,308,1,6,SAT_unsat_identifiable,1,boolean_factorization,exclude_x,exclude_x,0,2375,7171,0,1,0,1,0,0,0,1,1,1,0,0,0.006723254919052124
4,50,10,100,3884659937,76,conj,glucose42,MT19937-RandomState,4.520174115896225e-05,00001110000011110001100000101011011101001011001100101010001101111001000110001000001011111011111110000101010100000100001000111110011000100101101001010001100110011100001000000000111000010110001010000000110011110001001000110101001101100101010010110111000111101001111011000100110111111000111100100111000000111101000101111011111010001000110011101110110100100011001111000001101101010110001101100000011000001000101000100001001010101011010100100110000101101010001000010001110101001110110110101001001100000000,aef462225253b314e92479ae76e28ecf87d48d197cf253c298d9e49a969949e7,bernoulli,bernoulli|conj|p=0.5|zero=allow_iid|rng=MT19937-RandomState,0.5,allow_iid,0.0011126287281513214,9.704846888780594e-05,0.0016974974423646927,0.0009919917210936546,0.015667201951146126,0.01957264542579651,0.0038991663604974747,39,430,1,6,SAT_unsat_identifiable,1,boolean_factorization,exclude_x,exclude_x,0,2451,7791,0,1,0,1,0,0,0,1,1,1,0,0,0.007470469921827316
4,50,10,100,3884659937,77,conj,glucose42,MT19937-RandomState,5.59687614440918e-05,01100101111111101011100010010001100011111001111010010101110000011010011011111100001011010111000000101011010101101001111001010111100101011111101011100110001110100001010111110001001111101010001000101110010011110111110010000100000110101111001100101001000100101110101010110011101101011110000110110101011000111110010101010001111010100011111100110011110000010101011101000111000101010000110101001101100010101000010000110100010000101010011110010101110100100101101110010111001110001110110101111110010110010011,17af0b2f3e5a51f7547ea04768b2be433aa8b599ec51579ab706254467e8b613,bernoulli,bernoulli|conj|p=0.5|zero=allow_iid|rng=MT19937-RandomState,0.5,allow_iid,0.0009960588067770004,0.00010317470878362656,0.001491030678153038,0.001009971834719181,0.03587053809314966,0.039477975107729435,0.003600236028432846,34,266,1,6,SAT_unsat_identifiable,1,boolean_factorization,exclude_x,exclude_x,0,2346,7005,0,1,0,1,0,0,0,1,1,1,0,0,0.006398777477443218
4,50,10,100,3884659937,78,conj,glucose42,MT19937-RandomState,5.126092582941055e-05,10001100111011110000001001110100010111001101001100010111010010110110011110111111101110110100001100111101010011000011111000111011101001001110001001011011011000010101100111111110110110000000000001010100010011000101001010111001000011110100100000000110001100001101010010011001100011101111110011100110010010110001010000000001101000001000101111100001001110000010110000111111011011000001110000001001110010000011011111101001110111010001101101000101001100110000001110000111010011100011100001111100000001101110,6bab295fb9da80c17afbe82901a898e5f85be83c6d8d2ecba7c774744a672a56,bernoulli,bernoulli|conj|p=0.5|zero=allow_iid|rng=MT19937-RandomState,0.5,allow_iid,0.0010651974007487297,9.513925760984421e-05,0.0015915259718894958,0.0009952802211046219,0.01450661476701498,0.01826097723096609,0.0037471428513526917,35,372,1,6,SAT_unsat_identifiable,1,boolean_factorization,exclude_x,exclude_x,0,2225,7006,0,1,1,0,0,0,0,1,1,1,0,0,0.006887528114020824
4,50,10,100,3884659937,79,conj,glucose42,MT19937-RandomState,5.3027644753456116e-05,00011101001100110011111000000100011111101100110100111110010001000001100110111011001110101011110101111100100111001001000011111011110100000011010110100011100010010101100110010001100101110010011110010101100011001011110011100000000101110110000100110111100000100100001000110101101100000100101111101100101001100111000000000101101101011011011001000001010101100111101100011011101001100000011100111100010101011010010000010110001011110100011100001110100111100100110110000100010100101010111001100111100100001100,a950aa3e3bffb65a748e3b170f15699ac1dfeb4296485ec1445adfad535d023b,bernoulli,bernoulli|conj|p=0.5|zero=allow_iid|rng=MT19937-RandomState,0.5,allow_iid,0.0010201968252658844,8.85985791683197e-05,0.001528443768620491,0.0009963074699044228,0.022689159028232098,0.02633004914969206,0.003633546642959118,35,338,1,6,SAT_unsat_identifiable,1,boolean_factorization,exclude_x,exclude_x,0,2275,7061,0,1,0,1,0,0,0,1,1,1,0,0,0.006773976609110832
4,50,10,100,3884659937,80,conj,glucose42,MT19937-RandomState,7.967930287122726e-05,11101000011100000011011111011001010000001010101100001100000010110000101001010000111011010010100011000010100000001101110111000101101001111011101000111100110101001000110111000001100011111010001010100000110101011101011000000111111011101001101001100110000110111111110010010001101101000000111111001001110000001100110010000001100101000111101001001000000010000101000100011110110110111110101000010110101101111110010000011011000100101110010110111010110100010111001000001011011001111101110000000110000011110101,f3675bde308f13c8044fdbde8c293af93723c8900695e649ae84e2d231f5ca0c,bernoulli,bernoulli|conj|p=0.5|zero=allow_iid|rng=MT19937-RandomState,0.5,allow_iid,0.0010001026093959808,7.933471351861954e-05,0.0013713594526052475,0.0009817620739340782,0.01574583724141121,0.01918591745197773,0.003432558849453926,30,363,1,6,SAT_unsat_identifiable,1,boolean_factorization,exclude_x,exclude_x,0,1860,5934,0,1,0,1,0,0,0,1,1,1,0,0,0.006416804157197475
4,50,10,100,3884659937,81,conj,glucose42,MT19937-RandomState,5.212612450122833e-05,11101100111111000111100110100010111001011111011100011101101001110010110000001111000000110001000001110100000000101111010011100110111010110101100001001010011011110001111110010101110101100011100110110111001001011001111010101100111011100110010110000001101101000011111010000000111110000011010110101010011010000010110111001110111001110001110110000111111010100101101111010011000100100010100111101011101101011010001110010010100101110001110110011000111001101010111110101001010000111111101111100100100010000111,5ba0eea0125a159f9c51f6777be8b721fb6160fcb43a3e2d7833d48e3a809850,bernoulli,bernoulli|conj|p=0.5|zero=allow_iid|rng=MT19937-RandomState,0.5,allow_iid,0.001150336116552353,9.421631693840027e-05,0.0016106506809592247,0.0010039415210485458,0.02364301308989525,0.02750867698341608,0.0038591446354985237,37,290,1,6,SAT_unsat_identifiable,1,boolean_factorization,exclude_x,exclude_x,0,2543,7624,0,1,1,0,0,0,0,1,1,1,0,0,0.006776444613933563
4,50,10,100,3884659937,82,conj,glucose42,MT19937-RandomState,5.387607961893082e-05,10010110111101100011100110101011000111111111010001010101111101100110000010110111101010100011100000000010100010110110111011011110001001011011101100001101010111100100110101000011110001111111010011001111100101101001010101000001011110011011001111001011001011110000010100000100101100011001100000111111110010010100010100100000011000101000011111110001000111111101010010101001111110000100111010001010101011111011101001110001100001100110011011010001010101101010110001011101111010000000000011010100110010110101,1bf5611e3db7c92e27bdeadf72daa5fe0544243726c58b2086a8b60372bb08d8,bernoulli,bernoulli|conj|p=0.5|zero=allow_iid|rng=MT19937-RandomState,0.5,allow_iid,0.0009755948558449745,8.460134267807007e-05,0.0015140697360038757,0.0009932378306984901,0.039043004624545574,0.04261801578104496,0.0035675037652254105,33,278,1,6,SAT_unsat_identifiable,1,boolean_factorization,exclude_x,exclude_x,0,2237,6751,0,1,0,1,1,0,0,1,1,1,0,0,0.006314717233181
4,50,10,100,3884659937,83,conj,glucose42,MT19937-RandomState,4.9843452870845795e-05,01000100111010001100010000010010001111100110001110110100111111110000101000000010111111001010011110101100111101001111101010001001010100001110010101100000111110111101000011000001111110111110110111010011011010101000110111001101011010101010111000111100110111000000000100001101011110100100110010101111100110101001111011001001101111111011001011110011101101000100000101001100011001000100001111010010010111101100110000001010001110001010011110001111010001001010101111010100011100011100011011110100000000111110,5219b9b4fa479db38b24eafc4f3c73a169386b7168fca3cb2b5b23ca4aa681a3,bernoulli,bernoulli|conj|p=0.5|zero=allow_iid|rng=MT19937-RandomState,0.5,allow_iid,0.0011280495673418045,9.506568312644958e-05,0.001592419110238552,0.0009854771196842194,0.05775557551532984,0.06156331580132246,0.0038010114803910255,37,325,1,6,SAT_unsat_identifiable,1,boolean_factorization,exclude_x,exclude_x,0,2493,7569,0,1,0,1,0,0,0,1,1,1,0,0,0.006939547136425972
4,50,10,100,3884659937,84,conj,glucose42,MT19937-RandomState,5.7392753660678864e-05,01010000011001010101110101100000011100011011111111010111100100100111101111010100001010011001010110110111101000100100100111100001111111100101110010000001011110101100101011010110011000101000110100011000111001011100000101010000000010010001001000111010111000001100101101110111001001010100110001010001010100010110100111010011000011101000010000110000110100010101010110001001011110001100010011001010011101101110011100100011100100001101010011000110111000011011110100010000110101001110100111110001010110100001,fe0e9e9ea64f2de8afac2e2b67ca56eaffa1222d59a08706e0fed096ea378744,bernoulli,bernoulli|conj|p=0.5|zero=allow_iid|rng=MT19937-RandomState,0.5,allow_iid,0.0010794103145599365,9.758304804563522e-05,0.0016983430832624435,0.0009985435754060745,0.012597484514117241,0.016478266566991806,0.00387388002127409,38,348,1,6,SAT_unsat_identifiable,1,boolean_factorization,exclude_x,exclude_x,0,2492,7702,0,1,1,0,0,0,0,1,1,1,0,0,0.007064446806907654
4,50,10,100,3884659937,85,conj,glucose42,MT19937-RandomState,4.530511796474457e-05,10000001100111010000101000000011110011110111010111111001111001001011000001000000011010100011101110101000111110110011010000010111100101101111011110000011010011010111110011110101110110011000100101100101111011011110011011001010111111111101001011011001111011010011000011110111111010011101011001010010001011001101100011001100111110101110110111001011011010000101100011101101110111010111100110001011011011011001010111010011111110111000001000011111000111010011000100010100111000110011001110000011110000001100,1609fa35ed19a5749f9b22d06152608b0edb3cec7cf3b8d3403ce4b36c3926aa,bernoulli,bernoulli|conj|p=0.5|zero=allow_iid|rng=MT19937-RandomState,0.5,allow_iid,0.0010388139635324478,7.894821465015411e-05,0.0014990940690040588,0.0009890682995319366,0.01706141233444214,0.020675224252045155,0.0036059245467185974,33,262,1,6,SAT_unsat_identifiable,1,boolean_factorization,exclude_x,exclude_x,0,2267,6784,0,1,1,0,0,0,0,1,1,1,0,0,0.006286081857979298
4,50,10,100,3884659937,86,conj,glucose42,MT19937-RandomState,4.848092794418335e-05,01000011100000111101000010110111001010011010100111110110001101001111011111001111010001100000001011111010110110000101001101000101001010111101011000101110011010100101000000010001011110100000101101100000101001100111001000011111110010010000001010011010010011101101001110111000111101011011110010010100011110100110000010110011011111100001111110011101100000000100001011011101011000011010010101111110100100110010110110101100010111000110110100011001011101111101110010111101111000100100110000101010011000001110,8502b9dd194f113f5e5ed666cc9d40e56f472edb7e882e3ac921c937074a30d0,bernoulli,bernoulli|conj|p=0.5|zero=allow_iid|rng=MT19937-RandomState,0.5,allow_iid,0.001095278188586235,9.471271187067032e-05,0.0015532448887825012,0.000991877168416977,0.056785134598612785,0.060528166592121124,0.0037351129576563835,36,298,1,6,SAT_unsat_identifiable,1,boolean_factorization,exclude_x,exclude_x,0,2384,7315,0,1,0,1,0,0,0,1,1,1,0,0,0.006633401848375797
4,50,10,100,3884659937,87,conj,glucose42,MT19937-RandomState,4.68473881483078e-05,00011101010001001101011110100110011011001011001110111100001010000000111111001011011010011111010110010010111000100010111010000110001010111001110101101001101101100111001111100000101100101001000000110110100001111111011100110111000000110110101011010111010010101010100011001011110100010100100101110010100001000011100110001110100001000101101001101110100000000100101110010011111111000001000010110110101000110011000010001111011111001001100110101111001001001000101010111110111110010010100000000101110000110001,63f4b2b0eb42b97726c093a06fde58c88cdd573e9c08a962595bf7d50df73f51,bernoulli,bernoulli|conj|p=0.5|zero=allow_iid|rng=MT19937-RandomState,0.5,allow_iid,0.0010880297049880028,9.558256715536118e-05,0.0016303742304444313,0.000986977480351925,0.03010319359600544,0.03391260653734207,0.00380096398293972,38,353,1,6,SAT_unsat_identifiable,1,boolean_factorization,exclude_x,exclude_x,0,2482,7691,0,1,0,1,0,0,0,1,1,1,0,0,0.00706931296736002
4,50,10,100,3884659937,88,conj,glucose42,MT19937-RandomState,5.094800144433975e-05,01101100110100011100101010001011101111101011110100101001111001001110000011011000001111110100110001111001001101011110010011111110111000001011101010010100000011110110100111110100001010100111000011110111010100101001011001011000000000100100111110001111000110000111111101111100110011001011111010010010001011000001001001110000001010010001000001011111001110101101111010011100010111100101100001110101100010100110011000010100000111011111100111110000001010001100111000010001100010000010001100011001011111101110,7075437dc8349e8bbe72a56e711ec913dfb88910ad0537fc5ede122daddc5159,bernoulli,bernoulli|conj|p=0.5|zero=allow_iid|rng=MT19937-RandomState,0.5,allow_iid,0.0011641541495919228,8.34241509437561e-05,0.0015540644526481628,0.0010038409382104874,0.016302328556776047,0.02011490147560835,0.003805483691394329,36,359,1,6,SAT_unsat_identifiable,1,boolean_factorization,exclude_x,exclude_x,0,2294,7216,0,1,1,0,0,0,0,1,1,1,0,0,0.006849376484751701
4,50,10,100,3884659937,89,conj,glucose42,MT19937-RandomState,4.703458398580551e-05,01000111100011011010100001100101100110010111010000010011010110011100001110001001110000000010011010001101100000111000110100011011100011101000101011111100101110101011010101001111101001100011101101011001001000111011000111010010101110000111110011011110000011100000011110011100000111011110101101010100101011110111101101010001111111110011101010111110101100010100111111001011001100011100011101101001000011000110010011000110000000110111000000000101101110001010100101000110101111011001101000100100010011011010,b4e87659648c0efbceb32bbffbc1ca9b687723cc4eb71f8000e9c376c4d582b5,bernoulli,bernoulli|conj|p=0.5|zero=allow_iid|rng=MT19937-RandomState,0.5,allow_iid,0.001091877929866314,8.71904194355011e-05,0.0015853121876716614,0.0009809592738747597,0.021070861257612705,0.024823537096381187,0.003745339810848236,35,289,1,6,SAT_unsat_identifiable,1,boolean_factorization,exclude_x,exclude_x,0,2335,7127,0,1,0,1,0,0,0,1,1,1,0,0,0.006517738103866577
4,50,10,100,3884659937,90,conj,glucose42,MT19937-RandomState,8.792802691459656e-05,11111110001100101111100001001101110010110111101101111110011110100001111010111001110011110110010010101111001100100101111001110000010100000110100000010100101011111010011101100101111000010000110110000001001011011110010101010000111001110111110111101010111010101011011001001110011011011100001101101011010100011110111111000010010111111101010100100010001111011110111000000101110100110100010010100010110001100010100111110001110111001011010000010000010101110011011110000100110111010110000010000011011000110111,dd952bd5a79f68cbae0007ba1b7d4f4e1d8a12820f8016e75cf25282d829ce1a,bernoulli,bernoulli|conj|p=0.5|zero=allow_iid|rng=MT19937-RandomState,0.5,allow_iid,0.001082906499505043,9.098835289478302e-05,0.0016582803800702095,0.0010097967460751534,0.018728820607066154,0.022579921409487724,0.003841971978545189,37,276,1,6,SAT_unsat_identifiable,1,boolean_factorization,exclude_x,exclude_x,0,2573,7657,0,1,1,0,0,0,0,1,1,1,0,0,0.006918424740433693
4,50,10,100,3884659937,91,conj,glucose42,MT19937-RandomState,4.816427826881409e-05,10000111011010001001010100000111110000101101010010011001000010000000010101110100111010010001110000100011111111110110000110010010001111101101010011001001111001001001001011110010000011111110101111111100101010100011001101010111010100101100011000110010010011001111100110110111100101001010011100100001000001110010000001101010110100011000011110101110011100011011011010111000010100110101000110101011011111001001000110100011100010001010111000111100001001101110110010111011010010001101100111010110110000000110,3e0676891ece655652658d710233c610a310df8ab10dfb0470b63086029a9d09,bernoulli,bernoulli|conj|p=0.5|zero=allow_iid|rng=MT19937-RandomState,0.5,allow_iid,0.0010967692360281944,8.595641702413559e-05,0.0016120793297886848,0.0009949114173650742,0.030175166204571724,0.033971721306443214,0.003789716400206089,37,351,1,6,SAT_unsat_identifiable,1,boolean_factorization,exclude_x,exclude_x,0,2403,7470,0,1,0,1,0,0,0,1,1,1,0,0,0.006991861388087273
4,50,10,100,3884659937,92,conj,glucose42,MT19937-RandomState,5.148537456989288e-05,01110100111100111110111110011001110001001111000000000100001111001110000111111010010100011010000000111110011010010001001110010111111111000001100111110100111001000110001001100100101001110100111101011101001011100010001101011110000111001111110111101111101111000111000010010100101110010101000011000100100000100111010111110100001001011101111101111010011011110011101110000110110000101010011101100001100111101110101011110000100110111100011000101111001010101000000011010110010010101000110101010011011010101011,17f55cb2d798414e32b1c09e7000da7af32bcb254972aceaab25c5fdff46a75d,bernoulli,bernoulli|conj|p=0.5|zero=allow_iid|rng=MT19937-RandomState,0.5,allow_iid,0.001079772599041462,9.488407522439957e-05,0.0015781810507178307,0.0010054204612970352,0.013730145059525967,0.017494703643023968,0.0037582581862807274,36,312,1,6,SAT_unsat_identifiable,1,boolean_factorization,exclude_x,exclude_x,0,2434,7370,0,1,0,1,0,0,0,1,1,1,0,0,0.006727001629769802
4,50,10,100,3884659937,93,conj,glucose42,MT19937-RandomState,5.910918116569519e-05,11110101000000101001100000010101000000010111000100011001110010101111110010010010001011001010011100011000101101110101011000001000111001011111110100100101001001011011001000001111001111100010010110101001000110001100100110101000101011011000111011010010100110110101101101010101001000100001111010100111111011011000110101111010000000110110001010000101000011111100000011100010110001111110110001000101110000010001100000001001100101011010001010011110101010100111001000100010100000011101100101001110010110111000,62493296d2a6074c03023a718befc6d81d7a871727d83621c42b0bc7da221018,bernoulli,bernoulli|conj|p=0.5|zero=allow_iid|rng=MT19937-RandomState,0.5,allow_iid,0.0010605854913592339,9.999331086874008e-05,0.001714983955025673,0.0010233717039227486,0.014475150965154171,0.018382437527179718,0.0038989344611763954,38,379,1,6,SAT_unsat_identifiable,1,boolean_factorization,exclude_x,exclude_x,0,2472,7680,0,1,0,1,0,0,0,1,1,1,0,0,0.0072346460074186325
4,50,10,100,3884659937,94,conj,glucose42,MT19937-RandomState,5.504768341779709e-05,01010100110011101010010000101001001010011011110011101001001000000010001000110010000010010000111010100100111001010100000011100010111110101010001101010001110000011011000001001001110001101101101101110011001001101100101010001001110110011010100111111101111101111100000100000001011001011100111110111000011111111000011100101111111010010110100110001010111110110101111110110101011011001101111101000111011101100010100000001110110100000101111101111110011000111000100110011110101111110101010001101111010110110011,e3c62cfe4fca279cdf0e60a67edffa7fa2256944cf97766e53b03b4ed6fddbc9,bernoulli,bernoulli|conj|p=0.5|zero=allow_iid|rng=MT19937-RandomState,0.5,allow_iid,0.0010783737525343895,9.011011570692062e-05,0.0014471597969532013,0.0009917160496115685,0.01752132549881935,0.02113521657884121,0.00360735971480608,33,301,1,6,SAT_unsat_identifiable,1,boolean_factorization,exclude_x,exclude_x,0,2197,6707,0,1,1,0,0,0,0,1,1,1,0,0,0.0064733801409602165
4,50,10,100,3884659937,95,conj,glucose42,MT19937-RandomState,5.4980628192424774e-05,11000010010100000000010111111110010110010001110101100111100000011000000001111011001101000101001110111010111000110100110100100011010110000000001110000111011000001100101001000000111010001101010000110000110001000110101000000001111101100011101111011001101111100011110110100001100100101110010010010101100111000011101100100011010010000100101100001110011100100000111010101100000010011111101101111000101110011100000101001110111000001100110010111100011111101100011010111111001101000001010000001101111100001010,e74eb7e3500cd100a55c6a30d2d70e682dfceca0301ca7c89a5c465314c382d5,bernoulli,bernoulli|conj|p=0.5|zero=allow_iid|rng=MT19937-RandomState,0.5,allow_iid,0.0011052200570702553,9.781122207641602e-05,0.0017390986904501915,0.0009944634512066841,0.013898632489144802,0.017842617817223072,0.003936593420803547,40,361,1,6,SAT_unsat_identifiable,1,boolean_factorization,exclude_x,exclude_x,0,2600,8089,0,1,1,0,0,0,0,1,1,1,0,0,0.007198565639555454
4,50,10,100,3884659937,96,conj,glucose42,MT19937-RandomState,5.331169813871384e-05,00001001111000111010110110000001001000011101100000101010010101000011001001111001000111101110000111010001111111101011100101011101011111100000010111000100001100001001100100110000011110011101010101010001110001101111100110110000110011010011000111011000001011111100100001010110111010010010001101010111000110001110000011111100101000100100111001110001101011110111101001110101011111001010000100110110010001000010111011101011000100100111101011111011110000000101111101101010101111001100101111110000000110001100,6c799ddd794a9ec5e8d68cd7f76683767ed35ae20d41e5707ae48831b074f403,bernoulli,bernoulli|conj|p=0.5|zero=allow_iid|rng=MT19937-RandomState,0.5,allow_iid,0.0009812181815505028,8.679553866386414e-05,0.0015153279528021812,0.0010053562000393867,0.03840191941708326,0.041997150518000126,0.003588697873055935,35,273,1,6,SAT_unsat_identifiable,1,boolean_factorization,exclude_x,exclude_x,0,2395,7193,0,1,0,1,0,0,0,1,1,1,0,0,0.00636700913310051
4,50,10,100,3884659937,97,conj,glucose42,MT19937-RandomState,5.0282105803489685e-05,11100111100011100101111001111111000011010000111001000001010011011100010110011001011100100010010100101000101100000011100111010111110010011000111010011110110010011001011011111100110000100001101111101000100011001001101101011110110000101001010100101001101000110110100011000011110011001011010010111011011000011101110100011100011010100010101011100111000100000001100000100010011000100111000000110101011001101011001000111010111001111000110111000010010000100101111011001111000011110111000100001101001101100001,2a7f2e3d4e3ec684857a4c2dbfc0b33f98a4f3a524d5b2eb23008830e8796e74,bernoulli,bernoulli|conj|p=0.5|zero=allow_iid|rng=MT19937-RandomState,0.5,allow_iid,0.0010187262669205666,8.731428533792496e-05,0.0015754429623484612,0.000990014523267746,0.01598895527422428,0.019666836597025394,0.0036714980378746986,35,303,1,6,SAT_unsat_identifiable,1,boolean_factorization,exclude_x,exclude_x,0,2295,7083,0,1,0,1,0,0,0,1,1,1,0,0,0.006541716866195202
4,50,10,100,3884659937,98,conj,glucose42,MT19937-RandomState,4.738941788673401e-05,01010111010100001110110001000001100101000110011001101110001100101000111001001001100110011110111111110001001011011011000011000011011101101000011110111111010000011110011000001101110101000001100110100101101111010011100111111101000111111011000111011010100011000110111101000000001010011000010100111111100010110010111000011110001101101011010111011101010010000001100110101001001001110011001011011101001111001110000111010100011100011101101101111100100110001111001001100011110101110000100011000101110100101010,5c2a7cf1e7f4c76e53c0a69e59ef9d09c335e3d3f6438d67a103dcbfdff6bafd,bernoulli,bernoulli|conj|p=0.5|zero=allow_iid|rng=MT19937-RandomState,0.5,allow_iid,0.0012024464085698128,9.745359420776367e-05,0.0017389962449669838,0.0009968830272555351,0.021717452444136143,0.025760235264897346,0.004035779275000095,41,305,1,6,SAT_unsat_identifiable,1,boolean_factorization,exclude_x,exclude_x,0,2819,8464,0,1,0,1,0,0,0,1,1,1,0,0,0.006954510696232319
4,50,10,100,3884659937,99,conj,glucose42,MT19937-RandomState,4.597008228302002e-05,00111111000111010100110110110011100101000000110101101110111111100010100001000011100011011000011010111001011011011111000000000111101110110110110110101010110000110000011111011000100100101111101011101101110111111011100011001000111110110011001101110011011010011101101011101000000011110100101101001011001110111010100001001111111010100110110101011110001110101110000000010000100001111011101100010001100110011101100111101111111010111110000100111111001111110110110111100001101100011011111001001000010011000011,31b6166a9622e8c5226c9b92e2cd5d98d97f084a5996a0fefdd10ea3df8c057c,bernoulli,bernoulli|conj|p=0.5|zero=allow_iid|rng=MT19937-RandomState,0.5,allow_iid,0.0010883761569857597,8.8435597717762e-05,0.0016662776470184326,0.0009839897975325584,0.023978007026016712,0.027811656706035137,0.003827079199254513,39,229,1,6,SAT_unsat_identifiable,1,boolean_factorization,exclude_x,exclude_x,0,2841,8220,0,1,0,1,0,0,0,1,1,1,0,0,0.00666539091616869
