schema_version,J,K,N,seed,sim,operator,solver_name,rng_engine,generation_time,q_bitstring,q_sha256,design,design_id,p,zero_row_policy,basis_time,identity_check_time,two_col_check_time,three_col_check_time,sat_time,algorithm_time,preprocess_time,J_basis,M_basis,identifiable,branch,branch_label,sat_called,sat_formulation,sat_cardinality_encoding,cardinality_encoding_requested,maximal_candidate_requested,sat_variables,sat_clauses,identity_original,not_complete_original,has_pure_node_original,no_pure_nodes_original,has_zero_row_original,two_col_violation_original,three_col_violation_original,two_column_pass_original,both_necessary_checks_pass_original,I_3c,identity_basis,two_col_violation_basis,diagnostics_time
4,50,10,100,2110739079,0,conj,glucose42,MT19937-RandomState,0.00012371782213449478,11001111000110000010101010011111110101001100101000110011000000100000101100110011010011101110100101011101101000110010000101011000011111001001101100000000001111011101010100110000011110000110010000001001101111100001001111011011001101010000101100000011100010110111110110100011010111110101001011001100111111111011011111100101010111110100000001111000101001100001000001101100101010100101010100000001111110111111010110100010101000010100010001110110010011111110110111100011111100001100000100000001101011110011,61abc06ff99ae6a3cc5b06f7f9d179cfd7b905e139ec0231ddf5407b6598969e,bernoulli,bernoulli|conj|p=0.5|zero=allow_iid|rng=MT19937-RandomState,0.5,allow_iid,0.0011012451723217964,0.00011158455163240433,0.0015227599069476128,0.0010518962517380714,0.029437538236379623,0.03323330730199814,0.003787485882639885,34,349,1,6,SAT_unsat_identifiable,1,boolean_factorization,exclude_x,exclude_x,0,2206,6851,0,1,0,1,0,0,0,1,1,1,0,0,0.006786772049963474
4,50,10,100,2110739079,1,conj,glucose42,MT19937-RandomState,4.811584949493408e-05,01101010010000100110110000100110101111111001011010110111111100111010111100000001110111000001011111110100101100011001001110100100001100001101100101001011101111111101011101011110010100100000001001010000110110011000000111110001101010111101001101100110010100010001100101101110110010101000011110010000110100010101011001110110011100100100000101110000110010111100010000000011100101010000111110110110000100000110011010110001101011000101011111000000001110111110001100010101010000110001110011010001110111010010,67d5737cecedcad593c031c35910eec4a3f882c6064e1d47e6a652fd4f9fccbe,bernoulli,bernoulli|conj|p=0.5|zero=allow_iid|rng=MT19937-RandomState,0.5,allow_iid,0.0010984065011143684,8.453056216239929e-05,0.0016057882457971573,0.0010118046775460243,0.016751314513385296,0.020558787509799004,0.0038005299866199493,36,342,1,6,SAT_unsat_identifiable,1,boolean_factorization,exclude_x,exclude_x,0,2334,7260,0,1,1,0,0,0,0,1,1,1,0,0,0.006885836832225323
4,50,10,100,2110739079,2,conj,glucose42,MT19937-RandomState,4.766695201396942e-05,11111100100000011010101110010001111111101000000010101110111001010100101001010011101000000100110000010010101000101001100010000001111100001010000000010010110001110111011110011100011110100100000111010010010011000000011110110001111000100100101101110100111010000101101010100110101100101110001101010110110110011100001000100011011010101000011110110000111000011101011010010000011101010000001110000100111011100011001100101000100100101011101111010001010100111100011100100000111100011010111010111110001101101001,8d85262ae61cc3edf71afbfbedbd0c76a3b22e86824722190d4d2830d6ec77a7,bernoulli,bernoulli|conj|p=0.5|zero=allow_iid|rng=MT19937-RandomState,0.5,allow_iid,0.0010201334953308105,8.787307888269424e-05,0.0015485286712646484,0.0009813467040657997,0.01262938417494297,0.016273596324026585,0.003637881949543953,35,360,1,6,SAT_unsat_identifiable,1,boolean_factorization,exclude_x,exclude_x,0,2225,7006,0,1,1,0,0,0,0,1,1,1,0,0,0.006820724345743656
4,50,10,100,2110739079,3,conj,glucose42,MT19937-RandomState,4.492327570915222e-05,00000011101101111110110010010001101101010001110010101010010111111011100100110101001010111111101011101110101100010100110111100001000001011001111010100110001110001001111000001110001100110010000110110110000000100101111010110110111010100000100100000111010100110011110110011001110111100101000110010110101101000011110001000110111011111000000111110110010011101110100000000011110111110011010011011101110100000111101000010010000000101110111110111111100011100101011001011110000000000000000111100100100110001100,72eb3ecafe0a28822c387aeca4b40c50d368710036bcc89f3a156c86591c0dfd,bernoulli,bernoulli|conj|p=0.5|zero=allow_iid|rng=MT19937-RandomState,0.5,allow_iid,0.0011195186525583267,8.099991828203201e-05,0.001510567031800747,0.000979655422270298,0.0178722208365798,0.021570904180407524,0.0036907410249114037,34,314,1,6,SAT_unsat_identifiable,1,boolean_factorization,exclude_x,exclude_x,0,2216,6862,0,1,1,0,0,0,0,1,1,1,0,0,0.006460376083850861
4,50,10,100,2110739079,4,conj,glucose42,MT19937-RandomState,4.9658119678497314e-05,10010100110000001101000000000111111111111000011001000100001001101010111111010000101111011101000010111010101100010001101111111101001110101101101010110010001000111001001010111110101110100000111111001110010100101010001101100010001111000010011000010111010111011111100011110110011010101010111000001000010111010011011001111011011100010001010010011010101001111110100010010000101001001110010000110010001000001000111011000101110001101100001100011100010001011010111010001000111100101110011110101100111010101010,dbbf376eb404856d10f3d085f3674258a72fbdfc05d82222f571a4b4c1c257f6,bernoulli,bernoulli|conj|p=0.5|zero=allow_iid|rng=MT19937-RandomState,0.5,allow_iid,0.0011547673493623734,9.244214743375778e-05,0.0016151480376720428,0.0009870892390608788,0.01120457798242569,0.01506081223487854,0.0038494467735290527,36,329,1,6,SAT_unsat_identifiable,1,boolean_factorization,exclude_x,exclude_x,0,2314,7238,0,1,1,0,0,0,0,1,1,1,0,0,0.006758274510502815
4,50,10,100,2110739079,5,conj,glucose42,MT19937-RandomState,4.572048783302307e-05,01000001000101000101110001010100011101010111110000111101001001010000111111000011010010000000100101011100111000001111111100100001001110101111001110101001111100000011010101001110100010111101111011111010011111010111001011011001010001010010010000110111111010010101001101010110001001001001011000110001111010011011101011000100010110111110111111101011011100101001101011100110001011010110011001110111010101000111011100010001100101111010101111110001001111111110100100000011101011001110010111010010000011111101,6c6c59bc24624baefe23896bd6a8e55e5eeeb2c2ba6101eeffd473f226444940,bernoulli,bernoulli|conj|p=0.5|zero=allow_iid|rng=MT19937-RandomState,0.5,allow_iid,0.0009584855288267136,8.63177701830864e-05,0.0015655215829610825,0.0009803269058465958,0.03309103474020958,0.03668873384594917,0.003590651787817478,35,249,1,6,SAT_unsat_identifiable,1,boolean_factorization,exclude_x,exclude_x,0,2445,7248,0,1,0,1,0,0,0,1,1,1,0,0,0.006341050378978252
4,50,10,100,2110739079,6,conj,glucose42,MT19937-RandomState,4.8288144171237946e-05,11110000010110000111001010001010101010100101111111100111011001111111011101000011010001101100111110111001010000001001000000100010110101101011000110001011111101011101111110100011010101000011100101110010111100100110111100110110110100010111110001001101010011111101001100000000000101010000001010001101010100110011011101010000101110111010000000101101001111101110101110001101000000101110011110010011110101011001111111110011010110111111100010110011011100111101010110001001101001100000100110001001101101100100,cf5b68372cb3153e27694ccd66fbdd4e8686a472337857645b0c2ba0fd020151,bernoulli,bernoulli|conj|p=0.5|zero=allow_iid|rng=MT19937-RandomState,0.5,allow_iid,0.001074390485882759,8.280575275421143e-05,0.0013967305421829224,0.000987643375992775,0.013077965937554836,0.01662667002528906,0.003541570156812668,31,333,1,6,SAT_unsat_identifiable,1,boolean_factorization,exclude_x,exclude_x,0,1989,6210,0,1,0,1,0,0,0,1,1,1,0,0,0.0063546644523739815
4,50,10,100,2110739079,7,conj,glucose42,MT19937-RandomState,5.09629026055336e-05,00001001000001100111110111100110011101010010110000101001100100100000101001111101010100000111001011101101101100110110000010001000000100010010001101101100000001100011001001011101111100110111111000110000000111111111111001011101001111011011101111001100000001011110111011100001110011100111101100001100111101100111101111000110111100101011010001110101111111000101010111010000111100100010010110110000000011101111111011100110000101101111000011001100101110001010101010010010100110011001111011110011010000000001,e916cdbe62de8f104f2f9f53868e464aaa347eff099972021a7d22f512c6d3ee,bernoulli,bernoulli|conj|p=0.5|zero=allow_iid|rng=MT19937-RandomState,0.5,allow_iid,0.0010709455236792564,8.308608084917068e-05,0.0015636999160051346,0.0009669782593846321,0.01306914072483778,0.016761627979576588,0.003684709779918194,35,333,1,6,SAT_unsat_identifiable,1,boolean_factorization,exclude_x,exclude_x,0,2345,7138,0,1,1,0,0,0,0,1,1,1,0,0,0.006681421771645546
4,50,10,100,2110739079,8,conj,glucose42,MT19937-RandomState,4.569161683320999e-05,01001100011010100101110011011011011000111001100001000110011011100111100011010000110100010101000010101110100001000100110101101001100001110000001001001100110001100001101011111100110001110010110100001111110001010111010100001111001111101111000101100101101010100000101100000111110011101111000111011111010101111000100010101110010011100111010110101100111100101111010011000110110011001011100001100110000101000000101101110101010001011010000111010111110101010111010011100010001000010111010100110011101101011000,027877e9f9683a34084806e1df3a79d2d2eedaddea3440d126c5f925956a820c,bernoulli,bernoulli|conj|p=0.5|zero=allow_iid|rng=MT19937-RandomState,0.5,allow_iid,0.0010561458766460419,8.738227188587189e-05,0.0015965113416314125,0.0009636059403419495,0.02411076333373785,0.02781984955072403,0.0037036454305052757,36,333,1,6,SAT_unsat_identifiable,1,boolean_factorization,exclude_x,exclude_x,0,2404,7337,0,1,0,1,0,0,0,1,1,1,0,0,0.006777167320251465
4,50,10,100,2110739079,9,conj,glucose42,MT19937-RandomState,4.778522998094559e-05,01111000110011110000111110010111001010011011111110000011011110101110111100100111110001000001111101111001010101011000001010010101001000111000000011100000111000001001010110110010101101111010110111001001111110110100010100111000100100010010110101101001010010011100011111100010111110010111101000100001000000011111001001110000011111000000011001001101001101111111000111100110111110111000011000010011000010000011111010000100001011110111100100111111000110000000011101001000110000001101111001100011101101011011,df8d283146cabecce14bf239e24d14588e2968263d20627adf84f962e2a5c0db,bernoulli,bernoulli|conj|p=0.5|zero=allow_iid|rng=MT19937-RandomState,0.5,allow_iid,0.0010637380182743073,8.609332144260406e-05,0.0015537282451987267,0.0009723138064146042,0.021365726366639137,0.02504700981080532,0.003675873391330242,35,298,1,6,SAT_unsat_identifiable,1,boolean_factorization,exclude_x,exclude_x,0,2325,7116,0,1,0,1,0,0,0,1,1,1,0,0,0.0065721990540623665
4,50,10,100,2110739079,10,conj,glucose42,MT19937-RandomState,6.691087037324905e-05,00100100010010010010110001010001010011001001101010010010011011011011100110011010110000101001001101110011000010001111000001000111100100011011101110111000100100111010010100001100010110111111011010101000000011101100010011101001000111100100101001010000100100101111001100000110100111001110100111001011100000011110011101111111100101100001000100100111101000110001101111100000110011111010100010010011110111001011100111011011100110100010100000110011010111110111111100011100100001100011010110111001111110101111,d30f43ff6e5e3ae9ef847619b4602f21a951f3c88d7bef1c5af62f00809a8934,bernoulli,bernoulli|conj|p=0.5|zero=allow_iid|rng=MT19937-RandomState,0.5,allow_iid,0.0010714679956436157,8.663162589073181e-05,0.0015726974233984947,0.0009755780920386314,0.043398045003414154,0.04711103066802025,0.0037063751369714737,35,338,1,6,SAT_unsat_identifiable,1,boolean_factorization,exclude_x,exclude_x,0,2245,7028,0,1,0,1,0,0,0,1,1,1,0,0,0.0066017406061291695
4,50,10,100,2110739079,11,conj,glucose42,MT19937-RandomState,4.7876499593257904e-05,11101010000100101011110101001100100110100101001000111101111001000000010010000010010111101101101111011111000010111001011100111111111011000111011111110010101011111100010001111110101111100010101001011100000111000001100000110111111100110010100010101110110010000100000110100011000110001010100001010000111110010100001010010110101010010100001001111010110101111000110000011110001011110011101011111101101001111010011001100011001101010010011011010110010101011101111100110011111110101011101111011000101110101011,8d1e7117b4e0c1499ec3cadbec0d387b57f77c0e4470fd8f21834a1b5aafff54,bernoulli,bernoulli|conj|p=0.5|zero=allow_iid|rng=MT19937-RandomState,0.5,allow_iid,0.0009175548329949379,7.488392293453217e-05,0.0013546505942940712,0.0009789969772100449,0.017696259543299675,0.021028265357017517,0.003326086327433586,30,276,1,6,SAT_unsat_identifiable,1,boolean_factorization,exclude_x,exclude_x,0,2020,6110,0,1,0,1,0,0,0,1,1,1,0,0,0.006103234365582466
4,50,10,100,2110739079,12,conj,glucose42,MT19937-RandomState,4.568323493003845e-05,10011000011000000101011010110001010010110110111101101001011111010100000111111110101010010010100110011111011101001100101010011111010100001001000010011000001101110110110001000011000101110001010110000001011001010001110000111001110111110111010010100111110111110000111011001100011001110011010011111000011110010011111001011010000001111000101101101100010100000000011001111001011010000011000101011000100000100001001100011011111100101100101100100111011010101100100101010111100110101111011000111101110000011010,bf91ec01ce070836961dc794798b223590145436d93812e07626ef0cdd55df4d,bernoulli,bernoulli|conj|p=0.5|zero=allow_iid|rng=MT19937-RandomState,0.5,allow_iid,0.0010337075218558311,8.55056568980217e-05,0.0014770310372114182,0.0009769732132554054,0.019510007463395596,0.023088800720870495,0.0035732174292206764,33,345,1,6,SAT_unsat_identifiable,1,boolean_factorization,exclude_x,exclude_x,0,2127,6630,0,1,0,1,0,0,0,1,1,1,0,0,0.0064760297536849976
4,50,10,100,2110739079,13,conj,glucose42,MT19937-RandomState,4.347972571849823e-05,00111111010110110101000100010010100111100000001110100111000001110010110001100010111001111111110011011111010110111011001010100011111101110111100101010011011011100000011000100111011101010101101100110010011111011111100111101000010000000010011000000100011001011100101111001110001100111101101011010001100010010001110101111110001001100001100001001000111010101111011111001110010001100011000000010100111100011000101011001111111000010101100111011111011001111100001010011101101100011000110011101100110111101110,7d354fa636740fea27b2eae3b0b41fd1659164b49f10e41664081fa3639ba8d4,bernoulli,bernoulli|conj|p=0.5|zero=allow_iid|rng=MT19937-RandomState,0.5,allow_iid,0.0011025359854102135,8.009839802980423e-05,0.0013698861002922058,0.0009863097220659256,0.012160778045654297,0.0157045628875494,0.003538830205798149,30,318,1,6,SAT_unsat_identifiable,1,boolean_factorization,exclude_x,exclude_x,0,1930,6011,0,1,0,1,0,0,0,1,1,1,0,0,0.00623980350792408
4,50,10,100,2110739079,14,conj,glucose42,MT19937-RandomState,5.6294724345207214e-05,01010000111010010010000011000011011011100001000000000111011000011111100010011001011100101111100110001100001010010110010110011101011110100010001101111001000010110101010110000100100011111100110111001111110010000001111001011010010111100100000110101110001111100001001100101101011111000101010111001101000111101111000100111100001011101101110111110110111000001101111100000100011110001001010010110110110001111010111000010000011001100101010010011110011011100101010000000001100011011000000001101011110110011111,bc1bdf9e065f6e589af6b4968d5f23a9f79068e235fe095f9b585513171a9474,bernoulli,bernoulli|conj|p=0.5|zero=allow_iid|rng=MT19937-RandomState,0.5,allow_iid,0.0010471716523170471,9.950529783964157e-05,0.0014790650457143784,0.000991816632449627,0.008933107368648052,0.012556302361190319,0.003617558628320694,33,366,1,6,SAT_unsat_identifiable,1,boolean_factorization,exclude_x,exclude_x,0,2097,6597,0,1,1,0,0,0,0,1,1,1,0,0,0.006574319675564766
4,50,10,100,2110739079,15,conj,glucose42,MT19937-RandomState,4.364177584648132e-05,10001000111000100111001000000101110111111001101100000011011011000001001000010010000100110011101010011000111110010011010010101101011000100110010001100001110011100110100100111011110111000010000010100001001000000011011011001101101000010100110111101011010010010111000000100110110110001000100000110001110001110101110111000011001001101100111001011011100100111110011111110000001100001010111011101010011100011000110100111001111101110110010100001100100011011011101100101000100000000001111010111101100001101000,0b9b00cf9032719b1e04d00e4d2bca475c7e866a825ca955b113167f82839bd0,bernoulli,bernoulli|conj|p=0.5|zero=allow_iid|rng=MT19937-RandomState,0.5,allow_iid,0.0010681459680199623,7.42720440030098e-05,0.0013883104547858238,0.0009760446846485138,0.012657052837312222,0.016168502159416676,0.0035067731514573097,31,390,1,6,SAT_unsat_identifiable,1,boolean_factorization,exclude_x,exclude_x,0,1889,6100,0,1,1,0,0,0,0,1,1,1,0,0,0.006543033756315708
4,50,10,100,2110739079,16,conj,glucose42,MT19937-RandomState,4.241243004798889e-05,00000011101100111011110011110111011100011111100011111001000011101101101010010011111011000110001000011000010001010010100100010011111100110111111000000110000110001111000000000000110101110111110111000100111100010111101101000011001100110101001111011010011111001111011101110010011110000010010100011110110011011100010101011100110100001000111001111100011101001001111001101101100100101111001011011110010010010001111111110101001101001001001010100001111011000001011001100000101100010011100010110000100110010100,c844470c9d0e88265339ec43bf150a8fc878b0cf8218d459ed16f70d5f497832,bernoulli,bernoulli|conj|p=0.5|zero=allow_iid|rng=MT19937-RandomState,0.5,allow_iid,0.001023632474243641,7.953494787216187e-05,0.0015209810808300972,0.0009850310161709785,0.014986845664680004,0.01860174536705017,0.0036091795191168785,34,316,1,6,SAT_unsat_identifiable,1,boolean_factorization,exclude_x,exclude_x,0,2276,6928,0,1,0,1,0,0,0,1,1,1,0,0,0.0065011512488126755
4,50,10,100,2110739079,17,conj,glucose42,MT19937-RandomState,4.757288843393326e-05,10101110001111101001101111111001101000000010010100100011111110100001010010000000111100110010101011011101111100111011000111010010001100000010000001110100011001100011100010011010100010111010010101011111011001011111110001010011100100010110111011011100110101101000001101110101110111100111000101010111001010101000011110110101011110011000000010011100000101111000111011010101111010000010001011111101011000000111111011100010111110011000101110101001111010000001111101111011100111101011001101001000110111101100,9ff8928fd319c0946cd57760c0344b8ce3fdaf5576e2d79d1711c86e88552815,bernoulli,bernoulli|conj|p=0.5|zero=allow_iid|rng=MT19937-RandomState,0.5,allow_iid,0.0011119572445750237,0.00010238680988550186,0.0016021737828850746,0.0009852694347500801,0.030291730538010597,0.03409955091774464,0.0038017872720956802,36,280,1,6,SAT_unsat_identifiable,1,boolean_factorization,exclude_x,exclude_x,0,2464,7403,0,1,1,0,0,0,0,1,1,1,0,0,0.006526954472064972
4,50,10,100,2110739079,18,conj,glucose42,MT19937-RandomState,4.4650398194789886e-05,00000111100111011101000100010001001110011000000100010110110010101010100011011101100010010011000010000110101011010111010111000000001101001001111010011011101110001111001101111101111110100100001001110010011110111101000101111011110111110001000100000010000011001010010101010011011110111001011001011100000111101110011000010111010110000011000110111011101010001100101001101100101001100110110011010010100111001111011011100000100110110111111011111010000100110101100000110010010101111101110000000100001011100101,e26dbfa609327b6dc02e74e211393b778e65d2dd4a5e07b2b83067ae4001b6ea,bernoulli,bernoulli|conj|p=0.5|zero=allow_iid|rng=MT19937-RandomState,0.5,allow_iid,0.0010966137051582336,7.714331150054932e-05,0.0014572162181138992,0.000988801009953022,0.009600717574357986,0.013225825503468513,0.003619774244725704,32,357,1,6,SAT_unsat_identifiable,1,boolean_factorization,exclude_x,exclude_x,0,2038,6398,0,1,1,0,0,0,0,1,1,1,0,0,0.0065157124772667885
4,50,10,100,2110739079,19,conj,glucose42,MT19937-RandomState,4.626251757144928e-05,11000011001000001101011100110010101000000001111010010111011101001001110101011011000110001100001010011011011100111100001001110010101010111000010010000110011110001100001100010110011101011000100001011010110000000100000101101101001000100000100010111001100111100000110101111010101011100101001101001111001101101010101110001010100000110100111100111010010111001101010001100010101010010110000010101111100100001100101111001100110111001100100110011000011111001111010101011011110001101000011110101011110110101001,831b73a0742370588c688e7a245b4a8d4a04d7372ead441ba56b40d88870533c,bernoulli,bernoulli|conj|p=0.5|zero=allow_iid|rng=MT19937-RandomState,0.5,allow_iid,0.0009735766798257828,8.526723831892014e-05,0.0016699433326721191,0.0009788740426301956,0.021315112709999084,0.025028069503605366,0.0037076612934470177,38,317,1,6,SAT_unsat_identifiable,1,boolean_factorization,exclude_x,exclude_x,0,2532,7746,0,1,0,1,0,0,0,1,1,1,0,0,0.006792239844799042
4,50,10,100,2110739079,20,conj,glucose42,MT19937-RandomState,6.852392107248306e-05,10101101111011111110000110000111101111101101011111111001011011100000011100110011101101101010000111111100100011011101001001100000000100101011000011100011111001101111010000101100100000110000100110011001011100101111100000001010001110110101101001100010001000101011100101001010001011000000100001000001111101101110101000010000100101100111111000101101000010011110101111110001001011000111010111110010001000010111011011110011100001011111100111111011110000101101000011001110000101010101110011111011110101000110,007ebbadcfac5f17d6db9947734445bbb9343d6b4d711d3fc6ffb55f7303f1fa,bernoulli,bernoulli|conj|p=0.5|zero=allow_iid|rng=MT19937-RandomState,0.5,allow_iid,0.0011227354407310486,9.118486195802689e-05,0.0016417847946286201,0.0009747063741087914,0.021705400198698044,0.025543097406625748,0.003830411471426487,37,302,1,6,SAT_unsat_identifiable,1,boolean_factorization,exclude_x,exclude_x,0,2443,7514,0,1,0,1,0,0,0,1,1,1,0,0,0.0069046104326844215
4,50,10,100,2110739079,21,conj,glucose42,MT19937-RandomState,4.951003938913345e-05,11011101011100101000100000000000011001111110101111110100001010010101101110001001001010011001000111001000001110011110110010001111001101000101110100101100101001110011011001000010101100010000100000111000111100001100111100110011100110100001100001001011101111101011011001100001000110010011010111010111101110010001110001001010101010101011011011100010001010011110011110100101101100111111010001010100101110110001001100100111001011001010110010011001000000110010001010110011010001000100101011101011110110001000,a8621a27b4088617b35a12e66ae5787b7e89b526440abb8934fe446337d765e7,bernoulli,bernoulli|conj|p=0.5|zero=allow_iid|rng=MT19937-RandomState,0.5,allow_iid,0.0010370677337050438,8.541159331798553e-05,0.0016560349613428116,0.0009835483506321907,0.018197985365986824,0.021965022198855877,0.0037620626389980316,37,345,1,6,SAT_unsat_identifiable,1,boolean_factorization,exclude_x,exclude_x,0,2413,7481,0,1,1,0,0,0,0,1,1,1,0,0,0.006886502727866173
4,50,10,100,2110739079,22,conj,glucose42,MT19937-RandomState,4.4216401875019073e-05,10111011110011100100011010010000010001110111110000110110011110010001100101111101101110101011001110000111110111001011111111101101110011001001011110110101010101010101101011010100100101010000110001100011101001000101001100101001110100100001010100010111001010010001100011001111000000010001101000001001011111100001110111111110000010001101010111100010011110000000000101101010001010000100001101110111010000000100011010101011100001100101101001111000011100000001010010101110111110010001111000110001001011010010,c345d5fa4eee1191b6228e115306e511e52f96fac8346cac6e4946a2227e0394,bernoulli,bernoulli|conj|p=0.5|zero=allow_iid|rng=MT19937-RandomState,0.5,allow_iid,0.0010813791304826736,8.37007537484169e-05,0.0016398513689637184,0.0009899493306875229,0.012565507553517818,0.016365593299269676,0.003794880583882332,37,368,1,6,SAT_unsat_identifiable,1,boolean_factorization,exclude_x,exclude_x,0,2343,7404,0,1,1,0,0,0,0,1,1,1,0,0,0.006944495253264904
4,50,10,100,2110739079,23,conj,glucose42,MT19937-RandomState,4.3448060750961304e-05,00100110101101011001100101110110010101010010110011000011011011010100001101110111100101110000001001010110100101111010100100110011000101110011111100001010011111110000001111010011011010001001011111001011111111001101001010000010001010101001010010111011010010010101001010100110011010111001100000000010100101001001101011011100101110110011001000110111101011000010110001011111000111110000000110101111110000111001111111000011001000000011111110011110000001101010100000101011001001111010011001101110010100110110,a610a4a4f756d7e576c185053f883a3ea55433ecc53427f61a6ff521810d44c8,bernoulli,bernoulli|conj|p=0.5|zero=allow_iid|rng=MT19937-RandomState,0.5,allow_iid,0.0009972266852855682,8.579343557357788e-05,0.0015232274308800697,0.0010076453909277916,0.018576365895569324,0.022195735946297646,0.0036138929426670074,34,308,1,6,SAT_unsat_identifiable,1,boolean_factorization,exclude_x,exclude_x,0,2256,6906,0,1,0,1,0,0,0,1,1,1,0,0,0.00651482492685318
4,50,10,100,2110739079,24,conj,glucose42,MT19937-RandomState,4.871096462011337e-05,01000000111110101110001001100101011000010110010010100101010011111011110111110110011001010100000011011001011110011010001001110100000000101110011010110001001001000111011101100001100101011000011011000000001110111000101101101001000011100111100010010001110101111100100000100101010001100110010111010000110000001011001100101100000111010000010001110001001101010011000010100000101101101010001111110110010011011011011000100100100010111100110101001000100111110011101110110010111011111000110011101011001101101101,31b003f65d853969e5ac0caa2386807f166af60efeaf897ca6c71e691ba1b004,bernoulli,bernoulli|conj|p=0.5|zero=allow_iid|rng=MT19937-RandomState,0.5,allow_iid,0.0010731350630521774,8.843466639518738e-05,0.0015910621732473373,0.0009750844910740852,0.012523339129984379,0.016256502829492092,0.0037277163937687874,36,379,1,6,SAT_unsat_identifiable,1,boolean_factorization,exclude_x,exclude_x,0,2294,7216,0,1,0,1,0,0,0,1,1,1,0,0,0.00682662520557642
4,50,10,100,2110739079,25,conj,glucose42,MT19937-RandomState,4.8072077333927155e-05,10010011011100001101100111110111001010110100101010011000100011001110011110101100001001111000000011101001001111110010110010001110101100100111000001010111100010001111100001001011110000101111011110000001001100101001001010111111101100000001001011010010110001001001001111000111100010101010111001000111001000101111101100001110111001100111111011001011100011001000011010101001001110110110011100011100111001101110000011100111110111110011111010011011000000011001100001100110100111011111001100110011110001100111,1cb3938850f82faea96c5a42fd5a1d9b30cc368be44f8b633a032b55204f4013,bernoulli,bernoulli|conj|p=0.5|zero=allow_iid|rng=MT19937-RandomState,0.5,allow_iid,0.0010558310896158218,8.815806359052658e-05,0.0017877612262964249,0.0010046157985925674,0.011450391262769699,0.01539233885705471,0.003936366178095341,40,276,1,6,SAT_unsat_identifiable,1,boolean_factorization,exclude_x,exclude_x,0,2800,8309,0,1,0,1,0,0,0,1,1,1,0,0,0.006903340108692646
4,50,10,100,2110739079,26,conj,glucose42,MT19937-RandomState,4.8490241169929504e-05,00110101000000011100110000110110111111001100100000010111010101110000111111100110110110010100000000010001010111000100101110011100110011100111001111111001000010111010011001001111010001100101010010010010101010101000001111100010101000001000110011110001110001111000011101010001101001101101011110000011101110001101010011011010010000010110010110010001110100101001110101011000001100000011001111011010000000111100001010111111000110111011010011110011100000110001001010011001011100111000111101000111001000111100,e70f7a2ad27833d4c5111a037efc23d656222e463e7151750279a7e1d9feb941,bernoulli,bernoulli|conj|p=0.5|zero=allow_iid|rng=MT19937-RandomState,0.5,allow_iid,0.0011132815852761269,9.621772915124893e-05,0.0016597332432866096,0.0009792782366275787,0.018604966811835766,0.022458489052951336,0.003848510794341564,38,371,1,6,SAT_unsat_identifiable,1,boolean_factorization,exclude_x,exclude_x,0,2482,7691,0,1,1,0,0,0,0,1,1,1,0,0,0.007081536576151848
4,50,10,100,2110739079,27,conj,glucose42,MT19937-RandomState,4.9874186515808105e-05,00010000111010010101001011110001001111011100110110101000110001110010100100010000110111100011010111100011101100010001100010110111010101001101011111010101111111101111111111100110101010101001110011111100110010101000111101000110001011110011100011011000011011010110101100101101110001101001010110001100101111010000111101110101001000110100111100000100011111111101101110110100110110110111010111011010011110100000100101111001010001010110100101000100100010010011000010111110010100101011011000111001111101000000,e501023982c759623b1a3de7a95eecf6042be368a243ee78f9797b893f346e7a,bernoulli,bernoulli|conj|p=0.5|zero=allow_iid|rng=MT19937-RandomState,0.5,allow_iid,0.0011041034013032913,9.398628026247025e-05,0.001726105809211731,0.0009932061657309532,0.028968282975256443,0.03289179317653179,0.003917401656508446,39,273,1,6,SAT_unsat_identifiable,1,boolean_factorization,exclude_x,exclude_x,0,2751,8121,0,1,0,1,0,0,0,1,1,1,0,0,0.006690384820103645
4,50,10,100,2110739079,28,conj,glucose42,MT19937-RandomState,4.6854838728904724e-05,10001000100010010110110110000101010100000101101011110000101000000111001111100111111000101000100110000110111110110110001011011000001010011101001110100010101100101111111111101000110000010000111010000000001010000110000000011010001100011101000000111111111010111100001010110101010011011111000111101001001110011010001101111011110100000010110000111001110110110111101110010001000100000011001000110100001010011110110110011111101000100011011010101100100110011011110001001000111100001111011000111110011110111011,743915daf3e025aa8efef0c62f2f5fbef9ef85a48f67f7c6abf133dde51bfaa2,bernoulli,bernoulli|conj|p=0.5|zero=allow_iid|rng=MT19937-RandomState,0.5,allow_iid,0.0009975377470254898,7.508508861064911e-05,0.0013586413115262985,0.0009729992598295212,0.012906625866889954,0.01631668023765087,0.0034042634069919586,30,352,1,6,SAT_unsat_identifiable,1,boolean_factorization,exclude_x,exclude_x,0,1910,5989,0,1,0,1,0,0,0,1,1,1,0,0,0.0063447533175349236
4,50,10,100,2110739079,29,conj,glucose42,MT19937-RandomState,4.644226282835007e-05,10001110010101001110010100011100110111000101101000110001010001110001100000101010011001010111011100011101101100000111011001110111110111000110111110111111001001101100100101110011111110100100100100010000001011101011111001100001011011100010010001110000110011011010110001000000001010100110101101100010111110101010110100000010100001001101011000101111010101110001100001011101010110011110000001111100001001111011011011111101111110101101100011111111101110111011010110111111001110100010000101000100001110110110,3703ddaa8e0710903495f878f82610194d6dcf58797b1b26e6bbbfd5e99cdd61,bernoulli,bernoulli|conj|p=0.5|zero=allow_iid|rng=MT19937-RandomState,0.5,allow_iid,0.001040375791490078,7.9386867582798e-05,0.0015113474801182747,0.0009763939306139946,0.04655433166772127,0.05016831588000059,0.0036075040698051453,34,258,1,6,SAT_unsat_identifiable,1,boolean_factorization,exclude_x,exclude_x,0,2346,7005,0,1,0,1,0,0,0,1,1,1,0,0,0.0064284587278962135
4,50,10,100,2110739079,30,conj,glucose42,MT19937-RandomState,6.505660712718964e-05,01100101001001000000101010100010010011111111100011111101110010011011101111111001101000010000111011000000011011000000000110110000100010001000110111010010111010011010011101111001000100000001111010100000101100110111001000011110111110100110011100011000001111010010110111010011011110101010111000011010110011010111010100110000000010101101111001010001011101000110101110111011101111110001011110100000111001100000100000111000011000011000110010000001001010110100100001001000010000000000010100101111110001001001,3b6f621bcc499d343e6f77bd2e64714acd9061872de0b558f52bd5e0bdfad864,bernoulli,bernoulli|conj|p=0.5|zero=allow_iid|rng=MT19937-RandomState,0.5,allow_iid,0.0011429954320192337,8.070748299360275e-05,0.0014445353299379349,0.0009764013811945915,0.00907412264496088,0.012724817730486393,0.003644639626145363,32,400,1,6,SAT_unsat_identifiable,1,boolean_factorization,exclude_x,exclude_x,0,1938,6288,0,1,1,0,0,0,0,1,1,1,0,0,0.006643958389759064
4,50,10,100,2110739079,31,conj,glucose42,MT19937-RandomState,4.584994167089462e-05,01010001011000011001011111100100100001101110000110001100101001101001100101101011010010011000000100101100011111101110001011101101100110010000011101111110001110100011100101001100110010100101111001011110110100110100000001000010011000001011100000110111001011110010111010101100101100100010001110011001110011000111101010111001010110110001000111110101000010101010111001010111100111111110011010000010101111110000100100000100110111010010101011101001011001010110011011101001101111111101110001000101011101101001,55639cbd55b11f1e61dcc2f36ab6719a19f04c84e62b457eeaf90c66f1ad7024,bernoulli,bernoulli|conj|p=0.5|zero=allow_iid|rng=MT19937-RandomState,0.5,allow_iid,0.0011357581242918968,8.516013622283936e-05,0.0016746791079640388,0.000973505899310112,0.014969320967793465,0.018843873403966427,0.003869103267788887,38,279,1,6,SAT_unsat_identifiable,1,boolean_factorization,exclude_x,exclude_x,0,2592,7812,0,1,1,0,0,0,0,1,1,1,0,0,0.006620166823267937
4,50,10,100,2110739079,32,conj,glucose42,MT19937-RandomState,4.6902336180210114e-05,01001101011110101011101111110111101111101110001011000110111010110111010010011101101100000001111001111111100110001011000110110001000110010011011000001011111100000110000101011001111111111110100111100011111110100000110110111100000100011101011100101001010010110001000010101010110110101101110001100111011001101000111001111101000110100001011100011011101111011111010111011110100101000010011011010000010100101100001111011110110110100000010010101011010001010010111011010100111010001101100001100011111111011101,cd4d48dabadfb0a0c359f414a07e96d4965ef8401b8e2e9e3e0660dc9b418da0,bernoulli,bernoulli|conj|p=0.5|zero=allow_iid|rng=MT19937-RandomState,0.5,allow_iid,0.0010831905528903008,8.964352309703827e-05,0.001511373557150364,0.0009888960048556328,0.01420875545591116,0.017887527123093605,0.0036731036379933357,34,269,1,6,SAT_unsat_identifiable,1,boolean_factorization,exclude_x,exclude_x,0,2356,7016,0,1,0,1,0,0,0,1,1,1,0,0,0.0063451193273067474
4,50,10,100,2110739079,33,conj,glucose42,MT19937-RandomState,4.8537738621234894e-05,00011100111100100101011111110000110100000011011010010010001101100110001010011111111010101101000110111111010101100110101010111101110111010001100110111100110010010110010111010010110111010111011110110011010101011100010110001110100100111011001010001001010011010111001010101100101101100111001100100010000100111101111000000011100110011110010101110000111101110010001110010110011101000010011010010111100000011110110000011101111101010100111011010001101100001000000100000011100111000001110110010001111111110011,dd20ee85e266097884a3300cbe05afe7a51ce6e45344fe0c9a7b3b614425206a,bernoulli,bernoulli|conj|p=0.5|zero=allow_iid|rng=MT19937-RandomState,0.5,allow_iid,0.0011748280376195908,9.766034781932831e-05,0.0017481017857789993,0.0009810039773583412,0.017243566922843456,0.021251640282571316,0.00400159414857626,40,272,1,6,SAT_unsat_identifiable,1,boolean_factorization,exclude_x,exclude_x,0,2790,8298,0,1,1,0,0,0,0,1,1,1,0,0,0.006764605641365051
4,50,10,100,2110739079,34,conj,glucose42,MT19937-RandomState,4.9435533583164215e-05,10101100001110111111011111100110010001100111001100111000010101001010100101111000000001001000010000011011100111001000001001010101011001101110011110110010000111110110110010011001011011000110101001011110010110111110110011001111000111001101100001000100111010110110000000011011101001011111110011100010111010101000000001010110111100000101000110101010111100100010111101000101101010101001111010101110101101000111010111000110100001000101000011000101101010110011001010010110010100010110011110111001000010100000,e362e5c898f746b4c727d3c6575bf8b50e3b12b00ce67100016936f199eebfd3,bernoulli,bernoulli|conj|p=0.5|zero=allow_iid|rng=MT19937-RandomState,0.5,allow_iid,0.0010816575959324837,8.485279977321625e-05,0.0015174280852079391,0.0009672865271568298,0.011507276445627213,0.015164029784500599,0.003651225008070469,34,325,1,6,SAT_unsat_identifiable,1,boolean_factorization,exclude_x,exclude_x,0,2186,6829,0,1,0,1,0,0,0,1,1,1,0,0,0.006568009965121746
4,50,10,100,2110739079,35,conj,glucose42,MT19937-RandomState,4.767905920743942e-05,11111101100101001001000100010011100001110010001100111110111001010001001010001111010100110100101110000100010011100110010111101010110111010110000001101110010001100010110100101100010110000111110101110000111101010100010000011001010111110001000011010011011010000000001000100010011110100101101101111110000101111011010111001110010001110101100100111011000000101000000110100010010010110110110000110001101101011101000101011101101001001000100000011110011111101101000111011111101110010101001000010100000111001001,d504840ded9824f9aa518211b3515dbb3a32b057a54c8ba3251a26f37af8e4d8,bernoulli,bernoulli|conj|p=0.5|zero=allow_iid|rng=MT19937-RandomState,0.5,allow_iid,0.0010608918964862823,8.861813694238663e-05,0.001561610959470272,0.0009544780477881432,0.019224096089601517,0.022895818576216698,0.003665599040687084,35,359,1,6,SAT_unsat_identifiable,1,boolean_factorization,exclude_x,exclude_x,0,2235,7017,0,1,0,1,0,0,0,1,1,1,0,0,0.006738730706274509
4,50,10,100,2110739079,36,conj,glucose42,MT19937-RandomState,4.543270915746689e-05,01011101111111000011101001100011000100110011010110010110001011010101000001011101111100011101010011111011110000000101010010000101100101001111110001111110111000100111000100100100001001100011001110101100011100001101011011111010000100011110100000000010100111010100001110111010110100011000101011111110100001000111110001011111110100100110111111111010011111011110101101110001100100001101100111111110100010101111000101010110110110000001111100000111001101110101101001010101100101010011101101111001010011011011,528e36c03f35bbdd8fd77fd90b33b65aef751944892c820e186f8364dbe5ef53,bernoulli,bernoulli|conj|p=0.5|zero=allow_iid|rng=MT19937-RandomState,0.5,allow_iid,0.0010115057229995728,9.169895201921463e-05,0.0016058096662163734,0.000973888672888279,0.022833097726106644,0.026521658524870872,0.00368290301412344,36,264,1,6,SAT_unsat_identifiable,1,boolean_factorization,exclude_x,exclude_x,0,2504,7447,0,1,0,1,0,0,0,1,1,1,0,0,0.006488698534667492
4,50,10,100,2110739079,37,conj,glucose42,MT19937-RandomState,4.5892782509326935e-05,11001100100010011011010100110011011111011001001101110001001100110111001111010101110010001111100111000100100110111000010000110001100100101000000001011000110011100110111011100011111111110110110101000100011011010101101111010001000111001100001011110001010100010101011101111100010110000001110001000001110000000101001111001101010011001110001101101111011001101111001000101011010111010111000111110100011110111101110000101001111001111010111010001001100000110111011110101101010111001010001000001001110011111011,3342aa4f6f54c35d03dbee4c391b4457f727d9daf8e30c2943c39c209fdf1dc2,bernoulli,bernoulli|conj|p=0.5|zero=allow_iid|rng=MT19937-RandomState,0.5,allow_iid,0.00112102460116148,9.029451757669449e-05,0.001608414575457573,0.0009882282465696335,0.017942612059414387,0.021756432950496674,0.003807961940765381,36,313,1,6,SAT_unsat_identifiable,1,boolean_factorization,exclude_x,exclude_x,0,2404,7337,0,1,0,1,0,0,0,1,1,1,0,0,0.006667531095445156
4,50,10,100,2110739079,38,conj,glucose42,MT19937-RandomState,5.183834582567215e-05,00011110111101000100000110010100100011110000000101110011011000110111011000100001000101000100101001010010101000111110010010101100110001001010011111011110101101011110101110111100101001100110001011101010111000010111000000110011000101100001110110110110101011100100101110000101011100100110101000101011010001010100111101110101001000000001100010001000011101100100100000010000001001101111010000001101010101100111001000010101000111100010010110101011000010101100010100111101010101011010000000000001001011011100,bdb20a522f2a1b70afc436d5d1af55085be5bc5c2544221e0af081687e6a6c1e,bernoulli,bernoulli|conj|p=0.5|zero=allow_iid|rng=MT19937-RandomState,0.5,allow_iid,0.0011108703911304474,0.00010061729699373245,0.0015525519847869873,0.0010238727554678917,0.011933284811675549,0.015727602876722813,0.003787912428379059,34,374,1,6,SAT_unsat_identifiable,1,boolean_factorization,exclude_x,exclude_x,0,2126,6763,0,1,1,0,0,0,0,1,1,1,0,0,0.006711896508932114
4,50,10,100,2110739079,39,conj,glucose42,MT19937-RandomState,4.709698259830475e-05,11010111000011010100101110010111000001111001101110011101011100000100000110011111010001001011000100010001011100111011001010000010100111010100111110010111011011110000100100101100100000111000101010111100111100011000101000010100011100010001101100101100111101000010111110001011110001110000111000111101100001101001110100101000101101101110101010001001100010011000010111010101010100001100000011101010101100010010110011001110000101110001101011100011100011011011110100010110001000011010101001111010110101001111,c3a6f2ea2cf52e641d2223dd01dc9736f15fb1186ab5326d5398e8cf384733cc,bernoulli,bernoulli|conj|p=0.5|zero=allow_iid|rng=MT19937-RandomState,0.5,allow_iid,0.0010873079299926758,8.24909657239914e-05,0.0016384217888116837,0.0009908974170684814,0.010078059509396553,0.013883009552955627,0.0037991181015968323,36,343,1,6,SAT_unsat_identifiable,1,boolean_factorization,exclude_x,exclude_x,0,2354,7282,0,1,1,0,0,0,0,1,1,1,0,0,0.006744913756847382
4,50,10,100,2110739079,40,conj,glucose42,MT19937-RandomState,6.885360926389694e-05,11111010001000001110011000011101100000001000010010010100100101001011111000100000110110000110011001101111111001010000011001000001100010011001110000010011110011000101010110110010011010001010010000110110011010100011011000101100010001001001001110100000100000101000000001000010101101011100000010000011001011010011100011111000010101100011000011010111110010101110001101110111000011000100011100111101101100100100011100010000010100110000010110111111111011111001010011100100111000110101110011100010000010001000,0d92b40679bdf8ead0c0447b4de3e8ec651574154bd58adecf20d3cbcc2b3a59,bernoulli,bernoulli|conj|p=0.5|zero=allow_iid|rng=MT19937-RandomState,0.5,allow_iid,0.0010895831510424614,8.494220674037933e-05,0.001553230918943882,0.000988699495792389,0.011289553716778755,0.015011807903647423,0.0037164557725191116,35,459,1,6,SAT_unsat_identifiable,1,boolean_factorization,exclude_x,exclude_x,0,2095,6863,0,1,1,0,0,0,0,1,1,1,0,0,0.007262883707880974
4,50,10,100,2110739079,41,conj,glucose42,MT19937-RandomState,4.651118069887161e-05,10101110110011111100011101110111010000011010011010001011010101111101000011010001110011101101000010110001011010100011101101101100001001110101111111101111111000100010110111100000100000110011001000001011101100110101010100100110001100000010001000110100101011000100011100000110110100010001100001011111011110000011100101010101110110111111100011000100110001010111011100000110000110011110100101111111111011100111011000101011001001010010011000110111111000111000010100100011000010101010000101000000001010100011,c5248ae729f971b8c66d67d7a4c0f7bb4fa0c3b65f065d0a98722bba5048dbd1,bernoulli,bernoulli|conj|p=0.5|zero=allow_iid|rng=MT19937-RandomState,0.5,allow_iid,0.001026323065161705,8.817948400974274e-05,0.0014659753069281578,0.0009838920086622238,0.013235113583505154,0.01680560503154993,0.0035643698647618294,33,370,1,6,SAT_unsat_identifiable,1,boolean_factorization,exclude_x,exclude_x,0,2127,6630,0,1,1,0,0,0,0,1,1,1,0,0,0.006699263118207455
4,50,10,100,2110739079,42,conj,glucose42,MT19937-RandomState,4.5876018702983856e-05,11100011011111011110100110111011101011000100011100010100101000101100000111011101000100110110000010001011101011111111011111010111001111101100100100110110100010111001000010110001010001111010010010011101110101000011011111110101000111100100011100101110000111011111001110100101111011110010000011010100100010010000011111010111111011000010000110110011110001100001010101100000111110111001101101001010100100111110100101000100110010000101011011011000011100100000110011010010010111011111100001110111101001110110,159fd38f26db3ab1920b6341ffb093b2d6b57fa69c081619e6c9e70ac642ae44,bernoulli,bernoulli|conj|p=0.5|zero=allow_iid|rng=MT19937-RandomState,0.5,allow_iid,0.001089516095817089,8.589588105678558e-05,0.0015509380027651787,0.000978853553533554,0.023051682859659195,0.02676247153431177,0.0037052035331726074,34,259,1,6,SAT_unsat_identifiable,1,boolean_factorization,exclude_x,exclude_x,0,2276,6928,0,1,0,1,0,0,0,1,1,1,0,0,0.006298257037997246
4,50,10,100,2110739079,43,conj,glucose42,MT19937-RandomState,5.118735134601593e-05,00110001111111110011110011010011100100111100101100100111111011000000010001010000000100000101100111100111111100010100011010101111110001001100111111110001001111100111000111000100010111101000111101010111001101110011001110100000001101000000100010011101110110011100100110111011011111100101001010100100001100001110011000001110010100101101110111100000111110110101101001110000101001000010111011011110000011000000001000010110001010001100101011100101101100101010011010000110110100000100011111011110010001100100,63e8976231fef627c77f9463c5419640a669aba9c4e3955ea218be42da86fa61,bernoulli,bernoulli|conj|p=0.5|zero=allow_iid|rng=MT19937-RandomState,0.5,allow_iid,0.0011281268671154976,8.839927613735199e-05,0.001511506736278534,0.0009884564206004143,0.015302760526537895,0.019024248234927654,0.003716489300131798,34,331,1,6,SAT_unsat_identifiable,1,boolean_factorization,exclude_x,exclude_x,0,2206,6851,0,1,1,0,0,0,0,1,1,1,0,0,0.006581546738743782
4,50,10,100,2110739079,44,conj,glucose42,MT19937-RandomState,4.4580549001693726e-05,11001000101110110110111011001001110111110111011010011111101001101011110000001001010100001110011101100101001111001110101110101010001010011110111110111100010001011100010010001111111111000111010011010110011111101000001000100000011111110011010001101100110100000111011011001101000001101100010001101111101111111111101110111000100101011011110101010010101011110100110001110101111001110000011101101010111011100100011000110101110010111111110010001111100000010011101010011011001000101010001011001110101101111111,16ebbdc20827ab591070e164761ae1e9d9f170d000fb084c379024f28e9ace04,bernoulli,bernoulli|conj|p=0.5|zero=allow_iid|rng=MT19937-RandomState,0.5,allow_iid,0.000975332222878933,8.001364767551422e-05,0.0012782961130142212,0.0010344935581088066,0.023626324720680714,0.02700077649205923,0.003368135541677475,28,272,1,6,SAT_unsat_identifiable,1,boolean_factorization,exclude_x,exclude_x,0,1862,5668,0,1,0,1,0,0,0,1,1,1,0,0,0.005936880595982075
4,50,10,100,2110739079,45,conj,glucose42,MT19937-RandomState,4.736054688692093e-05,10100111011000101110011111111100010000100101001100001100000101001110010000000100000111110001000000001111100110001000011111110001101111110101001011101000010100111111011001010101101010110101001011100111110011011111000001100110111010001100110111111110001100111001110110000011100011110001000111101110011001100010001111001110111111101011111011111110000110010100010011110100010010100000101010101100100011010001011100011011001001000001110000010011110100100110100111000000001110110110011010100100111100110000,c3d3c3b55857115f1ca855e7c8551877ee47890105675c7d745ea995147bb721,bernoulli,bernoulli|conj|p=0.5|zero=allow_iid|rng=MT19937-RandomState,0.5,allow_iid,0.001169309951364994,8.458457887172699e-05,0.001427813433110714,0.0009815143421292305,0.008706008084118366,0.012374838814139366,0.0036632223054766655,32,346,1,6,SAT_unsat_identifiable,1,boolean_factorization,exclude_x,exclude_x,0,2008,6365,0,1,1,0,0,0,0,1,1,1,0,0,0.00649933610111475
4,50,10,100,2110739079,46,conj,glucose42,MT19937-RandomState,4.6144239604473114e-05,11010001001011101101010010101010110110010101011000111000111100010001110010110001111111111100101001110000101111000011100000011001100000001011101110011101110001101100000000110011101000101100111001101001100100010000010110110011011111000100100100101110110101001111000010111110110000111001111100000100101111100110001001000011111100010101100011101000110011110111010110011110100001100011111111001110111100001111010110101011011110111000110000010110111010010001101101111010100011000010000010100010101001011001,39e68cd72994c8c12b08c653242f012011e33e8cc5cb7b528945dd9d4410e9d2,bernoulli,bernoulli|conj|p=0.5|zero=allow_iid|rng=MT19937-RandomState,0.5,allow_iid,0.00118233822286129,8.757412433624268e-05,0.001648767851293087,0.0009706784039735794,0.02291874121874571,0.026814404875040054,0.003889358602464199,37,302,1,6,SAT_unsat_identifiable,1,boolean_factorization,exclude_x,exclude_x,0,2523,7602,0,1,1,0,0,0,0,1,1,1,0,0,0.006815506145358086
4,50,10,100,2110739079,47,conj,glucose42,MT19937-RandomState,5.374103784561157e-05,10100010001111110000000001011010001010110010011100110001111110010100110010001111110110000101011011001011100110101000110101100001001001100110111001010010000001111010110110000000110000111101111101101111001100110110100111110100101111000101001111010011101100011001110100101111110111011010110100011110010110110100110110010001101110011100011110010011110111001100011010110111011100111001111101001111101110000101100000001010011000000001010010100001010110101001110110011110100000001010111111111100000010111000,9c8008144cff8de846d6212b89e9bd1c3a1f7a6e2e9354ed88a3aa7fcaa5905c,bernoulli,bernoulli|conj|p=0.5|zero=allow_iid|rng=MT19937-RandomState,0.5,allow_iid,0.0010091224685311317,8.936785161495209e-05,0.0014864057302474976,0.0010044574737548828,0.010058279149234295,0.013654731214046478,0.003589353524148464,33,316,1,6,SAT_unsat_identifiable,1,boolean_factorization,exclude_x,exclude_x,0,2207,6718,0,1,0,1,0,0,0,1,1,1,0,0,0.006484920158982277
4,50,10,100,2110739079,48,conj,glucose42,MT19937-RandomState,4.4269487261772156e-05,10000011110111001001001100010011101000011101110110101011001000001100100000011110011010010111010011001010100101001010110010011011000110010111110001110101101001011111111110101010000010110000001001010110100000011110101011010001101001000001111000000101111001000000001110000001111010110100011100111000101011100001100011100001101111010100111011101000101110110101101101111100110010110010010111010110110110001110111010010000011010010100011010110111001111100110101010011010011001100011011110011110010101111100,69980463246c0f6bab3aa50b66993f7648a1d6db04241b06837accea77b934a5,bernoulli,bernoulli|conj|p=0.5|zero=allow_iid|rng=MT19937-RandomState,0.5,allow_iid,0.0010959934443235397,8.474662899971008e-05,0.0017063701525330544,0.000966513529419899,0.020771476440131664,0.02463041339069605,0.003853623755276203,39,285,1,6,SAT_unsat_identifiable,1,boolean_factorization,exclude_x,exclude_x,0,2671,8033,0,1,0,1,0,0,0,1,1,1,0,0,0.006783041171729565
4,50,10,100,2110739079,49,conj,glucose42,MT19937-RandomState,4.386343061923981e-05,11111000110110101111001100000101001111111011001001011101001110011100101101011000000110000101010110101101011011110110000101000101000100111100001101011110000100101111111001101010011011000010100001010100101110100011111101011011000001000100110111010001000001110110101100100010110110111100011110011110001001000110001111100110110100001100111111111011000100111110011111100010011101011111101011101101100001101001110001010110011100111111111010001100011011111101100101101110111001111000101100000011110000000010,3ec4d37d21ab76a0f6cc50509d3c5df88f4617fddff844ba8b988f87a226edfe,bernoulli,bernoulli|conj|p=0.5|zero=allow_iid|rng=MT19937-RandomState,0.5,allow_iid,0.0010692868381738663,7.736124098300934e-05,0.0014800140634179115,0.0009647291153669357,0.013835140503942966,0.01743236370384693,0.003591391257941723,33,289,1,6,SAT_unsat_identifiable,1,boolean_factorization,exclude_x,exclude_x,0,2207,6718,0,1,1,0,0,0,0,1,1,1,0,0,0.006314052268862724
4,50,10,100,2110739079,50,conj,glucose42,MT19937-RandomState,5.9711746871471405e-05,00101011001011011100001001101111111100110000110110110010010001110010010100000001110010000011000001100101001101000010111101110110101011111010101001111001110011110110100000110010111111011001010101001101100101101010000100010010111001101110110011001101000001000110100101110111111010110000100100011001111001101100011011100110111011010100100000000001110010110100111100100101100101110110000010001000001010011011111111000111000011100001111101000110000011100100111011100011010100010101111001000001101001000100,b8582a502888e180d02a112e0e33b07c95065e5e8842dc3d7d8461fc79672bf8,bernoulli,bernoulli|conj|p=0.5|zero=allow_iid|rng=MT19937-RandomState,0.5,allow_iid,0.001051727682352066,7.757265120744705e-05,0.001349923200905323,0.0009817304089665413,0.014130017720162868,0.017597410827875137,0.0034609539434313774,30,371,1,6,SAT_unsat_identifiable,1,boolean_factorization,exclude_x,exclude_x,0,1880,5956,0,1,1,0,0,0,0,1,1,1,0,0,0.0064427899196743965
4,50,10,100,2110739079,51,conj,glucose42,MT19937-RandomState,4.67691570520401e-05,10110000111001101111000010101110111000011001010101101010001001110100000000111010100110111000001101001000110010011101110110111110100111000110000100100011001111001010100101111110101100101010111000100010001111011100011111111100101000001001101100000101011110010010000111000101110101000000010111111001000101001010010010110100100100101111110100111100111110101100001101011111010010101010010001111001100110010111000100110000110111000001111011111101001001010111010111000011000011110011011110100000000011010001,7a95f4dda141400c39c22639a77b2bf0103353821dd5fe681728694708563596,bernoulli,bernoulli|conj|p=0.5|zero=allow_iid|rng=MT19937-RandomState,0.5,allow_iid,0.0010302821174263954,7.777940481901169e-05,0.0014642700552940369,0.0009640539065003395,0.015077883377671242,0.018619591370224953,0.0035363854840397835,33,326,1,6,SAT_unsat_identifiable,1,boolean_factorization,exclude_x,exclude_x,0,2137,6641,0,1,0,1,0,0,0,1,1,1,0,0,0.00652516633272171
4,50,10,100,2110739079,52,conj,glucose42,MT19937-RandomState,4.944019019603729e-05,00001101101111111011111001100111000101111001000000111101100001011111111011000111110100001010000100010001000000111100001101100101011111100110001101000010001011000000110111001010111100010110100110100111110000111000101010010101011110110000010111111010110100111100001000101011111111110101000101000011100011111011101000011111001000101011011001101010100000100110010000111011110101010011111000110111110000111001100100001101011110001101110011110010000100100111001001011110101111010111000111000100001101101001,c85c9e23d0fd35b2f4b860e0b4e4a05cb32c1183f9a7c373f58be236c4cba59c,bernoulli,bernoulli|conj|p=0.5|zero=allow_iid|rng=MT19937-RandomState,0.5,allow_iid,0.0011089108884334564,8.903816342353821e-05,0.0016348594799637794,0.0009714644402265549,0.024187587201595306,0.027997263707220554,0.003804272972047329,37,323,1,6,SAT_unsat_identifiable,1,boolean_factorization,exclude_x,exclude_x,0,2483,7558,0,1,1,0,0,0,0,1,1,1,0,0,0.006859743967652321
4,50,10,100,2110739079,53,conj,glucose42,MT19937-RandomState,4.821550101041794e-05,00010000100101001010100010011000110011110101010111001110100111101010011001011000011011011100011110000100101000101000100110100111101011111000011111000100100011000001001110100011011000010111111001110111000101101110100000011100010101100111000111101000001001111010111110011110011100001101101100010000001100101000001100101010111010011001101111110000100011001010101101100001011101100001000011000110011010001001100101010011111001011100000011110001000100011001000111011100011000001110010001000011010001000100,fbad693b0b9e3bfb0b6e46ef9b9d6dacf3c25f8c2a2867cceb9a6799eda2a099,bernoulli,bernoulli|conj|p=0.5|zero=allow_iid|rng=MT19937-RandomState,0.5,allow_iid,0.0010450929403305054,8.764956146478653e-05,0.0015860795974731445,0.0010014353320002556,0.01132101658731699,0.015047188848257065,0.003720257431268692,36,411,1,6,SAT_unsat_identifiable,1,boolean_factorization,exclude_x,exclude_x,0,2284,7205,0,1,0,1,0,0,0,1,1,1,0,0,0.007038352079689503
4,50,10,100,2110739079,54,conj,glucose42,MT19937-RandomState,4.436913877725601e-05,11100110000110010100011110011100010011101100000011111110011011111111010101111001111110001010111011101101000101111111101101010111111001011111010010100111000110001111100001001111110000110100011101000010010110010001001011101101001001000011001010110011110011001111100101000110111111111011111011011100011100110010000101100100100101101001011010001111000111010001000011100001101001100001111111000110010010101011010001101010000100010111100010001011001100011110100110110101010101110010000001111111010011010001,2ca553cbbf648b155746b0e9901ffd11021c31f92d77400a705e79161362be57,bernoulli,bernoulli|conj|p=0.5|zero=allow_iid|rng=MT19937-RandomState,0.5,allow_iid,0.0010074134916067123,7.675029337406158e-05,0.0014506122097373009,0.0009770216420292854,0.04132560454308987,0.04484349675476551,0.0035117976367473602,32,300,1,6,SAT_unsat_identifiable,1,boolean_factorization,exclude_x,exclude_x,0,2138,6508,0,1,0,1,0,0,0,1,1,1,0,0,0.0062491269782185555
4,50,10,100,2110739079,55,conj,glucose42,MT19937-RandomState,4.423968493938446e-05,01110000011100110110010011010011000001011010101110000000000111010000000111010110011000101110110010000111100010110110000000001001110110000110101001011000011101010100110110011101000111100111001001101000010101101000010110011010011001000111001010101110111011100101111111000000111011010111010010001001001000011010011010011100101101001101010010011011010011111011110100001101111100011111111111010011010001101001010011001000001111110111011111100010110011110001011010100111111011001001111110110100111000101111,76e5531f4a9f80bd913f3d85d086ef6e031faaa57436f2823d18eb692c942886,bernoulli,bernoulli|conj|p=0.5|zero=allow_iid|rng=MT19937-RandomState,0.5,allow_iid,0.0011555356904864311,9.97297465801239e-05,0.0017972150817513466,0.0009875120595097542,0.015574982389807701,0.019621070474386215,0.004039992578327656,41,287,1,6,SAT_unsat_identifiable,1,boolean_factorization,exclude_x,exclude_x,0,2839,8486,0,1,1,0,0,0,0,1,1,1,0,0,0.006993291899561882
4,50,10,100,2110739079,56,conj,glucose42,MT19937-RandomState,4.938151687383652e-05,10001000000011110010111101100011001000110011011101101000111100000011101011011001011110010010011010111110010111111100000011101100111001000011000000000001011001001011100110100101111110000100100101011010011000011000101000110101111110110001110000111011111001001010011100010101001011100101101000011001111100101011111110111011101100110000011111010000111101010010010100001111101001001001110101101110111111010001100000101010110100111001011010101010011100011011110001011011100000001001110001000000111011001011,45bc9a948428fddfc063360df4fdbd56f9b963e2b766d3d0967a825c538a4d53,bernoulli,bernoulli|conj|p=0.5|zero=allow_iid|rng=MT19937-RandomState,0.5,allow_iid,0.0009989915415644646,8.295755833387375e-05,0.0015821242704987526,0.001004919409751892,0.024646857753396034,0.02832207642495632,0.003668992780148983,35,297,1,6,SAT_unsat_identifiable,1,boolean_factorization,exclude_x,exclude_x,0,2355,7149,0,1,0,1,1,0,0,1,1,1,0,0,0.0065560415387153625
4,50,10,100,2110739079,57,conj,glucose42,MT19937-RandomState,4.882458597421646e-05,01000001001011111111000011100011100110010111101110101101111111011001111011010000111011000010100001010010011100111110101111101000010100001101110100110100000111110000000010101110101111110100000101000001110001011011010101001011100000011010111101101111011010010111111000011011111000111010011111110011110110110001110010010101100110110010100111110100100011111110000100110000001111111010001011010011001001010000001100011011001111011111101010101100111011111001101001110001011001011010011010101111001101100011,db261c0883bfbab3855a1f70809ba0fb78274370758e9f21d87f5374a126c7f2,bernoulli,bernoulli|conj|p=0.5|zero=allow_iid|rng=MT19937-RandomState,0.5,allow_iid,0.0010648556053638458,8.304137736558914e-05,0.0013957424089312553,0.0009740293025970459,0.010644893161952496,0.01416830811649561,0.003517668694257736,31,324,1,6,SAT_unsat_identifiable,1,boolean_factorization,exclude_x,exclude_x,0,2039,6265,0,1,1,0,0,0,0,1,1,1,0,0,0.006460837088525295
4,50,10,100,2110739079,58,conj,glucose42,MT19937-RandomState,4.618614912033081e-05,00010101111110011010010011011001101110101111111000001010100110001001110100001111000101110110101010101010101011101010000000011110000011100011101000101000001100001000111111100010101001100001110000100001000110001010111010001001101111111101010011110010001110111000100000011001101110110000110111000011011000000111001001000000100010110010110011101000100001111101001000010011100100000000100111110111000010010110000011011011010000010010010100010010111011000010010011110101110101111111100010010110111110100110,90672d13012b875264f189d804cb4a60ec9323282f746157f6b0bac740869b9e,bernoulli,bernoulli|conj|p=0.5|zero=allow_iid|rng=MT19937-RandomState,0.5,allow_iid,0.0010355152189731598,9.948387742042542e-05,0.0014904281124472618,0.0009739119559526443,0.013168560341000557,0.016773462295532227,0.0035993391647934914,33,410,1,6,SAT_unsat_identifiable,1,boolean_factorization,exclude_x,exclude_x,0,2077,6575,0,1,1,0,0,0,0,1,1,1,0,0,0.006828361190855503
4,50,10,100,2110739079,59,conj,glucose42,MT19937-RandomState,4.601478576660156e-05,01101010110011000001010110010001011111100000101100111100110000110001110111100000111100110110110110111100010110100000111111100101111111101101101000110101010100001010110010000011101001010001100101010100100111100100001111100111100011111010101100000000100101101010000110100010010010011000101010111110000011101111010101110111001111010011000001111101011001100110101100110111100101011011000111110100111000110110000010000100100001100010100010001010011100000001010011111011101011001000101001001111000100011110,33c29345475b4b23bfa1c9e5605db1f53aa62b06a059cef4d219e4cc1dbeda74,bernoulli,bernoulli|conj|p=0.5|zero=allow_iid|rng=MT19937-RandomState,0.5,allow_iid,0.001132405363023281,8.334033191204071e-05,0.0016416162252426147,0.0009817443788051605,0.014244327321648598,0.018088690005242825,0.003839106298983097,37,299,1,6,SAT_unsat_identifiable,1,boolean_factorization,exclude_x,exclude_x,0,2483,7558,0,1,1,0,0,0,0,1,1,1,0,0,0.006680900231003761
4,50,10,100,2110739079,60,conj,glucose42,MT19937-RandomState,6.160978227853775e-05,10111000011111111001000101000111010000111110110110111001110111101000010011111111110110110011110011001000010101110000001100011100110010011001100101011111000100110101101011001011111010011100101100110110000010111100111110101101110011100001010100110000110100100110001100000110111100001100111001111000010000000001001000001111100111111000100111001110010110101011000001101111100011100000010111111101011111110011110001010010111010000100010001111000111101000001001111001011001100110110010011011100101101110011,f60a0027dba972b7b15099f51f0d26460a34936ff84f14f9ed1c526937c8ee5e,bernoulli,bernoulli|conj|p=0.5|zero=allow_iid|rng=MT19937-RandomState,0.5,allow_iid,0.0009918361902236938,9.45916399359703e-05,0.001517496071755886,0.0009931763634085655,0.030857532285153866,0.03446114435791969,0.0035971002653241158,34,261,1,6,SAT_unsat_identifiable,1,boolean_factorization,exclude_x,exclude_x,0,2336,6994,0,1,1,0,0,0,0,1,1,1,0,0,0.006389693357050419
4,50,10,100,2110739079,61,conj,glucose42,MT19937-RandomState,4.685297608375549e-05,11110101111000101001101001100100000000100100100100011101010001101010011111110010111001001100101100010110010101100000001110000110100110111111011000000110110111001011111100010001100111000111110010000101000111011010001011011110110011000111001010100010100101001001111110101110010110011110100010010001101001110110110110100001000010010100011010110111011001010011110001100110101101011111001110000011000001011001000010000111000010110011001011110001011011110011001111111011101110000000011111101100010001101101,b00d4d84f618a139093d820c9ca1d790bd8341e94c2992149d8e2c3647847b0b,bernoulli,bernoulli|conj|p=0.5|zero=allow_iid|rng=MT19937-RandomState,0.5,allow_iid,0.0011433139443397522,9.0048648416996e-05,0.0015823831781744957,0.000971401110291481,0.012305931188166142,0.016098403371870518,0.003787146881222725,36,341,1,6,SAT_unsat_identifiable,1,boolean_factorization,exclude_x,exclude_x,0,2324,7249,0,1,1,0,0,0,0,1,1,1,0,0,0.0067705027759075165
4,50,10,100,2110739079,62,conj,glucose42,MT19937-RandomState,4.382804036140442e-05,01000110111001000000111001010100000001100001010010011001010000010001001001001001000110111011010001100110001000110000010001001100000111010110101001001100001111101001100101010010111111010110100101101011111110000001001111100101000100011001000001110101011111011010010100111011111110110000101101111110011010111101010111001101011101111110100100010001000111100011000001101001111110110011010101001010100011110010111111001111101101101001110101101001011111101000010110101111110000111110101110001011011101101100,a6d0a1430a4ee344a0f96f30f931482ffade27454319e17a3b321b0116aa2d57,bernoulli,bernoulli|conj|p=0.5|zero=allow_iid|rng=MT19937-RandomState,0.5,allow_iid,0.0011689476668834686,8.321646600961685e-05,0.0015724720433354378,0.0009715184569358826,0.019586483016610146,0.023388035595417023,0.003796154633164406,35,310,1,6,SAT_unsat_identifiable,1,boolean_factorization,exclude_x,exclude_x,0,2325,7116,0,1,0,1,0,0,0,1,1,1,0,0,0.0064744362607598305
4,50,10,100,2110739079,63,conj,glucose42,MT19937-RandomState,4.420056939125061e-05,01100011000001101000110010110110001010101111100110100000000001000000110010000101110110111010111010010000011100011110000011001110000111011100100100010100000000000000010011000010000000011111100111011111001010110011110001111000100011011011111100001001000110010111111110001000000001110110011010010101010111101011101100110000110110110001001001010101100101010001011101110111001111011111011010100101011010010001101100010010101011000000110101001001010110011011010011111011010011100110100010100001011001110101,bba81c1b33dfff1e804e8594a84f9cd011fa9fb5e97757d0456a95acd0a04f6d,bernoulli,bernoulli|conj|p=0.5|zero=allow_iid|rng=MT19937-RandomState,0.5,allow_iid,0.0010815374553203583,8.015334606170654e-05,0.001466400921344757,0.000989825464785099,0.01914492342621088,0.022769369184970856,0.003617917187511921,33,344,1,6,SAT_unsat_identifiable,1,boolean_factorization,exclude_x,exclude_x,0,2127,6630,0,1,1,0,1,0,0,1,1,1,0,0,0.006548264995217323
4,50,10,100,2110739079,64,conj,glucose42,MT19937-RandomState,5.0679780542850494e-05,01111100101111011101011100111100111100111000110001111100001101100001011011110000000111110011010100111011010001001011010010011101010011111111001101110110011011010000111101000101101111101101110000110101001100111110001110110100101111111100001101110011010001011111011011101100110001110011101110010000111001010001011110101011110011000010001110010000000100000101011001110110001100110100001001010100010010111010011101011001111100011100111100101001100000110110110111110100110011110100110111111000001110001101,a7de4e9e12542bd5ac3ffcdc2ff4bca1c89f8a13f9322486504ce985292baf46,bernoulli,bernoulli|conj|p=0.5|zero=allow_iid|rng=MT19937-RandomState,0.5,allow_iid,0.0010696165263652802,9.90014523267746e-05,0.0016716737300157547,0.0009895050898194313,0.02000120561569929,0.023837759159505367,0.0038297967985272408,37,216,1,6,SAT_unsat_identifiable,1,boolean_factorization,exclude_x,exclude_x,0,2653,7745,0,1,1,0,0,0,0,1,1,1,0,0,0.006642737425863743
4,50,10,100,2110739079,65,conj,glucose42,MT19937-RandomState,5.3919851779937744e-05,10011010111011100000110100111010101011100001111111110001101100000101100010111001011110101001000011101001010001101010011011011111101101110101010101101100010001111100100001100001011001001101001010110111100001100100001000001010010010101001011111111001110110000110100000101000011010011010101010100001100000110011101010010110100101100100101101110111010100100100101111111101110110010011111000110000111000110011100110010011010111100001111010001000101100000100101010111011010001000110110010101010001010111000,85c78c456c17ed5570777bd434a51a22f71856745be2487203112271455dc801,bernoulli,bernoulli|conj|p=0.5|zero=allow_iid|rng=MT19937-RandomState,0.5,allow_iid,0.001143336296081543,8.556060492992401e-05,0.0016043120995163918,0.0009856270626187325,0.018445638939738274,0.022270274348556995,0.003818836063146591,36,300,1,6,SAT_unsat_identifiable,1,boolean_factorization,exclude_x,exclude_x,0,2404,7337,0,1,1,0,0,0,0,1,1,1,0,0,0.006616018712520599
4,50,10,100,2110739079,66,conj,glucose42,MT19937-RandomState,4.718266427516937e-05,10010010100001101111100111101101000111010111101001110110100111101000100110011101110111101101000110011011101011101001100111000010001110001010101011101101101101100011011100101000000010111010100011100001101011111110010000111011011011110100011001000101001011111001000000110100111110011100001110110101101000010111001110011111101011001001010110111110100101110100100100100110100010111110010011100101111011100011010010101001010101101101111000101101000111100000100111110000010000000100110110010101010111000110,e0b8ad0e305a8b258f52bfe52a8fef59a98cadc64459a4d5b552709707e0eb52,bernoulli,bernoulli|conj|p=0.5|zero=allow_iid|rng=MT19937-RandomState,0.5,allow_iid,0.0010880343616008759,9.927712380886078e-05,0.0016942322254180908,0.0009743468835949898,0.02918252907693386,0.033045013435184956,0.0038558905944228172,38,270,1,6,SAT_unsat_identifiable,1,boolean_factorization,exclude_x,exclude_x,0,2632,7856,0,1,1,0,0,0,0,1,1,1,0,0,0.0066270167008042336
4,50,10,100,2110739079,67,conj,glucose42,MT19937-RandomState,4.887580871582031e-05,10110101011101011011100100011110111100100101001000011000011111011110101110011101110101000011011111101011110111100110110100011110010110010001101000100110000101101011111111110110100010001001100010000101100000010000000101001001110101101011000001010001001101110100011001111000001100000100101111100111110001101001000110111001001111011001110000111010111010000001000011011000111010101111101101100111110100011011110011110100111000011111101000111110101011100011000111111000001101101110011110011111011011111000,343f57813fee9aa5703f33ff21b777d0505500c133fe4b6beebb659e82b0ce3d,bernoulli,bernoulli|conj|p=0.5|zero=allow_iid|rng=MT19937-RandomState,0.5,allow_iid,0.0012347735464572906,9.463075548410416e-05,0.001811089925467968,0.0009799432009458542,0.013962369412183762,0.018088574521243572,0.004120437428355217,41,263,1,6,SAT_unsat_identifiable,1,boolean_factorization,exclude_x,exclude_x,0,2899,8552,0,1,1,0,0,0,0,1,1,1,0,0,0.006974291987717152
4,50,10,100,2110739079,68,conj,glucose42,MT19937-RandomState,5.229003727436066e-05,01011001101111101011101110110101011101111000100101000000011000000111000111011011111010000111100001011110100100010111001001001111011110101110111010100100110110101001000010010010101100101000111100010100100001011011011010101010100110111100010011100101101101111011100011110100111110011100100010100101111011011111001010111010111111100101100001111011000010111110001101010000110110000110010110010011110110000000100011110010010111001001000010110100111100111011100110001100001000001100001010101010010100010011,c175d834c253d413fcc738e696a77701ba64a58f1d0d41f61ac065ed03277d32,bernoulli,bernoulli|conj|p=0.5|zero=allow_iid|rng=MT19937-RandomState,0.5,allow_iid,0.0010686712339520454,9.041745215654373e-05,0.0014722915366292,0.0009896503761410713,0.014856529422104359,0.01848344597965479,0.0036210305988788605,33,298,1,6,SAT_unsat_identifiable,1,boolean_factorization,exclude_x,exclude_x,0,2197,6707,0,1,0,1,0,0,0,1,1,1,0,0,0.006368369795382023
4,50,10,100,2110739079,69,conj,glucose42,MT19937-RandomState,4.822108894586563e-05,01111101111001001001101101011000001101101110101100110100110001011100010001101111001101110001000101001101011100001000110100011100100101000011101001011010011111001010100101000101001100101001010110010011011111001011000010011101110000011010111011011010010110001101101001100100000011111010000110111100010001100001111111011010110100001011111111110100101101010111001110011100010010101011001100010101001001000001010110100011111101001011100110101110110101110010101010001010011001011000101000110001010010110100,c68ce5df6c47af71b0b8323e5d66f32301925212751a8519fb9064d4d06eae7e,bernoulli,bernoulli|conj|p=0.5|zero=allow_iid|rng=MT19937-RandomState,0.5,allow_iid,0.0010244613513350487,8.615385740995407e-05,0.0017356202006340027,0.0009756525978446007,0.028834725730121136,0.03266274370253086,0.003821888007223606,39,311,1,6,SAT_unsat_identifiable,1,boolean_factorization,exclude_x,exclude_x,0,2671,8033,0,1,0,1,0,0,0,1,1,1,0,0,0.006986039690673351
4,50,10,100,2110739079,70,conj,glucose42,MT19937-RandomState,6.270036101341248e-05,00000111110010001010100000101011111110101011110000100011101011011001001101101101101100000001010001001101110100110111011010111010100101000111110100111101100011011101000100100100001011100000100001011010001100001001101101000011001100010110001011000001000110111101101100011001010000100000000000001111101000110011011000001011000011000000011101111000111100110011111010010101100110110011110011111100000010000110001111111001100111010111100010010001001010001111101001001101000011010010110110000111011111100011,7a05305084c8984af90e6e83dd85c26a0818884dc4d41491a87aeabab72e2a14,bernoulli,bernoulli|conj|p=0.5|zero=allow_iid|rng=MT19937-RandomState,0.5,allow_iid,0.0011088140308856964,8.350424468517303e-05,0.0015158532187342644,0.0009592985734343529,0.025805490091443062,0.02947868127375841,0.0036674700677394867,34,339,1,6,SAT_unsat_identifiable,1,boolean_factorization,exclude_x,exclude_x,0,2176,6818,0,1,1,0,1,0,0,1,1,1,0,0,0.006682375445961952
4,50,10,100,2110739079,71,conj,glucose42,MT19937-RandomState,4.564598202705383e-05,11111010110011110100011011100101000111011111100011001110111110001000101101000111000011101000010000111001000000110110001111100110110110110011101101000011111010111010010011011001010110001101111110111100110000110001101100110011000111110011010010101101100111101110110110011000111001011010001111100110110100100011000101010100100011110110110101100000001101101010000011011100110101101110101010100000011100000111101101000011001010010000000101111111001101110110001111111110011111011100111100111110101111100111,689ab8798dc3af581ab24200733fa54aec03599d645bd822f0ceb5eda4c474e5,bernoulli,bernoulli|conj|p=0.5|zero=allow_iid|rng=MT19937-RandomState,0.5,allow_iid,0.0010502943769097328,8.827168494462967e-05,0.0016692904755473137,0.000981651246547699,0.026578109711408615,0.03037277702242136,0.003789507783949375,37,249,1,6,SAT_unsat_identifiable,1,boolean_factorization,exclude_x,exclude_x,0,2633,7723,0,1,0,1,0,0,0,1,1,1,0,0,0.006424739956855774
4,50,10,100,2110739079,72,conj,glucose42,MT19937-RandomState,4.416145384311676e-05,00100100100000100100011000101010110010000001111011101011101101010000010110011101011110010101101010011110100010110010101000100001000010110110100111111111110001010000001100000001010010101100111011111011000011111000101001000000010011010000010101010010001001111100100110010101110110101110011101010010001000000111001100000001000011101111110011101010010100001001001100001000001000001110100011010111100110000101011010001100011010101111110110110011010111010011100010100011100111001101010011011010110100011111,d46a310fcdf6726d07caae21ccf767af8b3b151793e5341000189c077462997f,bernoulli,bernoulli|conj|p=0.5|zero=allow_iid|rng=MT19937-RandomState,0.5,allow_iid,0.00106708612293005,9.110849350690842e-05,0.0014956416562199593,0.0010034246370196342,0.015245894901454449,0.01890982035547495,0.003657260909676552,33,395,1,6,SAT_unsat_identifiable,1,boolean_factorization,exclude_x,exclude_x,0,2057,6553,0,1,1,0,0,0,0,1,1,1,0,0,0.006698062643408775
4,50,10,100,2110739079,73,conj,glucose42,MT19937-RandomState,4.721619188785553e-05,01100110000000100110011100001000000001100001111011101010100110001011100101101101101101001111011010110000001001011110101000010011111000001010100101100010010000111000110110010001101001010110000101110101101010001000010100101001101110010001110110110111000110111110101111000100111001111010101001001010101111101100000100010010111111010001100010111000000001001111011110011110101010110000011101000111001100001000110111111110010010111101111110100100100010010011101101100101111101011000100011011101111100011000,6ae28115007d2ff140e2374e2c069929522736ad50e82fe5485cb8b6168d2521,bernoulli,bernoulli|conj|p=0.5|zero=allow_iid|rng=MT19937-RandomState,0.5,allow_iid,0.0011000605300068855,9.184423834085464e-05,0.0017253328114748001,0.0009580310434103012,0.013281612657010555,0.01716225314885378,0.0038752686232328415,39,325,1,6,SAT_unsat_identifiable,1,boolean_factorization,exclude_x,exclude_x,0,2611,7967,0,1,0,1,0,0,0,1,1,1,0,0,0.00698526855558157
4,50,10,100,2110739079,74,conj,glucose42,MT19937-RandomState,5.016010254621506e-05,00100110001100110111110001111111011100101011011110001111010100001101110101001010111001010011010110111100010110111110011011010100101110111111110011001010110111010011000000100010100000101101000010011110101010111010111101001010111101000111101111100010000011110110110001011100111111110011100111011111101100101001000101010101001000110001011100101111011110000101110100110110100001100000110011100000110000101100010010101100000101101101011100001001100110110110010001011000001100010001111111110001010011000001,c46b0a9a226c1f3633be7d60d447fcba0988267b8bddcb23973c420dab2a53d6,bernoulli,bernoulli|conj|p=0.5|zero=allow_iid|rng=MT19937-RandomState,0.5,allow_iid,0.001057102344930172,8.668936789035797e-05,0.0015507079660892487,0.0009580869227647781,0.05375943798571825,0.05741796735674143,0.0036525866016745567,35,300,1,6,SAT_unsat_identifiable,1,boolean_factorization,exclude_x,exclude_x,0,2355,7149,0,1,0,1,0,0,0,1,1,1,0,0,0.006571762263774872
4,50,10,100,2110739079,75,conj,glucose42,MT19937-RandomState,4.572421312332153e-05,01110000110110110000011111001011001010101001011010010100001001001001101000000111111101011000011100110110111010111011100111001111001100001111000010100001010010110111101000101010111110100001101010110111010111111011110111111100100111100000100110111110111111011101110001001110100011001101010010111011000100110101000000101000100110111111111101011100010011101101100110101100111100101111001101101001011001001011101011100111111011010010111111001011011001101010001101110111010110000000011100111111010011001000,ccda939b11d9b6479ceab37af632bacb6b29cc4da590d7780e9be17a0524ee50,bernoulli,bernoulli|conj|p=0.5|zero=allow_iid|rng=MT19937-RandomState,0.5,allow_iid,0.001045389100909233,7.953587919473648e-05,0.0015361486002802849,0.000979662872850895,0.020672808401286602,0.024319346994161606,0.0036407364532351494,34,238,1,6,SAT_unsat_identifiable,1,boolean_factorization,exclude_x,exclude_x,0,2456,7126,0,1,0,1,0,0,0,1,1,1,0,0,0.006172565743327141
4,50,10,100,2110739079,76,conj,glucose42,MT19937-RandomState,5.0836242735385895e-05,00011101011011111011101111101110110100010110100110100001101111011100100010111010011011101110001001010010110111011101011101010101111111101110111010111100110010111010101001000000100011101011101110001110000101111010100000111011110011101010100100010101111110001111101101011111000001011110000000101001001010100110000101110011010001000111111001101110101010100010001000001101100101001101101110010010010011111101111101010000000000100111000000100111000011100000010011110001101111001000110101011111101011100001,04435b3d7af67d52615bdeb32330764a9e6e1b550784a15047d7d4343c75cbb4,bernoulli,bernoulli|conj|p=0.5|zero=allow_iid|rng=MT19937-RandomState,0.5,allow_iid,0.0010962635278701782,8.35079699754715e-05,0.0015056170523166656,0.0009733391925692558,0.019729269668459892,0.023393159732222557,0.003658727742731571,34,300,1,6,SAT_unsat_identifiable,1,boolean_factorization,exclude_x,exclude_x,0,2266,6917,0,1,1,0,0,0,0,1,1,1,0,0,0.006500818766653538
4,50,10,100,2110739079,77,conj,glucose42,MT19937-RandomState,5.544722080230713e-05,01010101100101100010001100110011010100111000110100001010010011101011011011001010110010110001111100010101111101011111110100111110011001001011011100011110011111110110101001010101010000011001000111000001100110101001010100000100000000001101000101111101111000111100101010111100101100100100010011100001000011110111000010110100000100111101111111100101011000001111001010001100011011011001001101010100010101101000010111101100111000011110011110001111101111110110010001011000101000001001111110101100111000001010,2e492d2072cd98e35afebeb6438bc4508a38e0ed131dec13d81b44be7ebc9e5f,bernoulli,bernoulli|conj|p=0.5|zero=allow_iid|rng=MT19937-RandomState,0.5,allow_iid,0.0011518904939293861,8.760858327150345e-05,0.0016153864562511444,0.0010042842477560043,0.0477870823815465,0.05165270995348692,0.0038591697812080383,36,343,1,6,SAT_unsat_identifiable,1,boolean_factorization,exclude_x,exclude_x,0,2364,7293,0,1,1,0,0,0,0,1,1,1,0,0,0.006837593391537666
4,50,10,100,2110739079,78,conj,glucose42,MT19937-RandomState,4.475843161344528e-05,01000101100100101010000000000101000000110010100000000100000000000010001010001000010011101111111001100111111011010011001000110000011110110101100100110101101101110100001101000110110110111010011100110011100101010001100101010101110101101111000011110001100101001000011100000100101101110100111000010110101010000100110001010111111001000111010000100110010001000001000110110110001000010111010011101011111101100010100101001101001011100010101111000111010111010001011101111010110010010101011110101111010010011000,ac9b352bffbbd334ac41e8c54880cdd40f7497bffb86a51f96e4ce95be24c8ab,bernoulli,bernoulli|conj|p=0.5|zero=allow_iid|rng=MT19937-RandomState,0.5,allow_iid,0.0011321958154439926,8.590798825025558e-05,0.0015479624271392822,0.0009889248758554459,0.013316922821104527,0.01708222646266222,0.0037549911066889763,34,375,1,6,SAT_unsat_identifiable,1,boolean_factorization,exclude_x,exclude_x,0,2066,6697,0,1,1,0,0,0,0,1,1,1,0,0,0.0067728739231824875
4,50,10,100,2110739079,79,conj,glucose42,MT19937-RandomState,5.227047950029373e-05,01111110011010101110101011111000100001110001000001000101010110001000000101001010000111101010011100101000111011100010101110010000110000010000011010111001010111100000000100101110101101010010000111010111100000100011111000100001100000101111100010010111000011100011010110100001010100000011100111101010000000101100110000101011010000111110100001110111100100110111110011011111101101111101111000001001011001001001001010010001000000001110100011000000111101101111010011101010011011110101010101100010100001000011,7837d1296fe09b4bd7ac25d1323883bb94395dc9242204ea79280018355ae6fa,bernoulli,bernoulli|conj|p=0.5|zero=allow_iid|rng=MT19937-RandomState,0.5,allow_iid,0.0010420074686408043,8.421111851930618e-05,0.0013883467763662338,0.000977824442088604,0.017113883048295975,0.020612637512385845,0.0034923898056149483,30,476,1,6,SAT_unsat_identifiable,1,boolean_factorization,exclude_x,exclude_x,0,1780,5846,0,1,1,0,0,0,0,1,1,1,0,0,0.0069895219057798386
4,50,10,100,2110739079,80,conj,glucose42,MT19937-RandomState,7.329601794481277e-05,00011001010010000100001001110111000111100110010111100101111001010110010001110101011011100000111000101101101110100100100101110000100000010101011110101101101100101101011110110110100110100101001100100011010001100011001110000110010001100010010101101111001100001010000110111101111001001010001100101000000110110011010111110100000010001010101001101100110111101101001000011010000000111001011000011101111001011111100110010000110000010010010100001000010011010100100000100010101000111000011001110000000101101001,0ccb8c384892a402737eb659f738da795806b8a0d731f9091ad40f6aca00eec8,bernoulli,bernoulli|conj|p=0.5|zero=allow_iid|rng=MT19937-RandomState,0.5,allow_iid,0.0010337503626942635,8.644722402095795e-05,0.001492127776145935,0.001058107241988182,0.014700851403176785,0.018377577885985374,0.0036704326048493385,33,423,1,6,SAT_unsat_identifiable,1,boolean_factorization,exclude_x,exclude_x,0,2027,6520,0,1,0,1,0,0,0,1,1,1,0,0,0.006962944753468037
4,50,10,100,2110739079,81,conj,glucose42,MT19937-RandomState,4.865974187850952e-05,10011001101000111010010110101101011001111010100000101101111010101101111101010011011001111111101100101011001101101101111100011111001011000010010101111100010010100011111101100011000000011011111001010001100011001110010010011111011111010100000101111100000101101101100001111111010101101010100001000001000011000111111110010001110000010011000101100011100000111100100011101111111110001100100001000001011100010100100101101000000000110000110110011101111000000101101011010111111000001000001111101011011101101110,6c8800ac65cb5157e277446de59a79870cd51e94e3f3c55fede30c3961c8e3a6,bernoulli,bernoulli|conj|p=0.5|zero=allow_iid|rng=MT19937-RandomState,0.5,allow_iid,0.001201394945383072,0.00010055676102638245,0.0018934868276119232,0.0010109180584549904,0.06086534168571234,0.06507854349911213,0.004206356592476368,42,303,1,6,SAT_unsat_identifiable,1,boolean_factorization,exclude_x,exclude_x,0,2888,8674,0,1,1,0,0,0,0,1,1,1,0,0,0.007082201540470123
4,50,10,100,2110739079,82,conj,glucose42,MT19937-RandomState,4.63360920548439e-05,10011001101010001011000000101101111010111110101011000100010101010011000100100110001010010111111111010001101111011101101111111011110111100011101011001100111101000011011011010111010010101000101010000011100101100000001000011110100000111011000001011101101110000001000100010010010110111100101011011010010110111011111001010111001110010011001111000110110100011001100011111100110001001110010101000100100111010111110000110101110001010001100000110010110010000000101000000110111100010011010001001010100101111100,303eefad304acf50486af308cecfca3c40fee041b6a4e1de52feb9d70de301f7,bernoulli,bernoulli|conj|p=0.5|zero=allow_iid|rng=MT19937-RandomState,0.5,allow_iid,0.0010466249659657478,7.594656199216843e-05,0.0013717291876673698,0.000989796593785286,0.016869882121682167,0.02036038041114807,0.003484097309410572,30,317,1,6,SAT_unsat_identifiable,1,boolean_factorization,exclude_x,exclude_x,0,1910,5989,0,1,0,1,0,0,0,1,1,1,0,0,0.006198130548000336
4,50,10,100,2110739079,83,conj,glucose42,MT19937-RandomState,4.790164530277252e-05,10100000001100111010111010010000101110011100100000001110000001001100011100111101010011011101110000100100110111101011100101100000100010010001101001001101001001110100000100110001010000001010000001100000110100001110011111001011101001001001000001101010101001101100000000011000011000100111010001110110111101111001011011111111010111110110111011001010011111001000100000110000111101111111000001100001010110110001111000011111101011111010010010000100001011111011001101010110101010111100110111100100011101000101,90ca2ac7bac0109a7b33f6189fa14d6ac2eb379433818cd6a6fe4869fa9d3dfc,bernoulli,bernoulli|conj|p=0.5|zero=allow_iid|rng=MT19937-RandomState,0.5,allow_iid,0.000997164286673069,7.238239049911499e-05,0.0013161338865756989,0.0010052500292658806,0.01073218323290348,0.014129027724266052,0.0033909305930137634,29,425,1,6,SAT_unsat_identifiable,1,boolean_factorization,exclude_x,exclude_x,0,1731,5658,0,1,0,1,0,0,0,1,1,1,0,0,0.0065031349658966064
4,50,10,100,2110739079,84,conj,glucose42,MT19937-RandomState,4.461314529180527e-05,01010100001000001110010101011110101101000011010100111110011101110001000011101111010000011001001100011110011000110010011001001001101110010100100100100010111001011100110111000000010101001010001001010011101110110110101111111010110100000101010101101110010100000011111010101110101000100001010100101000001111001001101101111001101111010111100110101000110000110001111001011010010001011110111001000101100100110101101010111101010110000011100100110111111110011100000101110000110111010111001110111011111010010010,75fd95e7d8f9eb3622830f83e732bb8142a73013ae97560a6c2f621699511c1e,bernoulli,bernoulli|conj|p=0.5|zero=allow_iid|rng=MT19937-RandomState,0.5,allow_iid,0.0009604087099432945,7.600244134664536e-05,0.001465681940317154,0.0009809229522943497,0.012636706233024597,0.016125201247632504,0.0034830160439014435,32,314,1,6,SAT_unsat_identifiable,1,boolean_factorization,exclude_x,exclude_x,0,2098,6464,0,1,0,1,0,0,0,1,1,1,0,0,0.006387881003320217
4,50,10,100,2110739079,85,conj,glucose42,MT19937-RandomState,5.269050598144531e-05,00000001011001001010010101100001000010101111101100001101101011001011001110000001010000001000110100110010111000101011011000010001011111111100010011101001100001111001111110000011101010101100111101110011001001001100011110110010100000011010100000011111110101110101111111001011100111000010010101010010111111000101010011100001101111010111111010100101110100111100000010111001100011011001110111000101000111001110110110011010011010111011001100110101011001111010110111011010100111101101011111010111110010011111,60aa2f54e2e655f062700e02770459d16d758debfe76ad99963620d2f6c3b802,bernoulli,bernoulli|conj|p=0.5|zero=allow_iid|rng=MT19937-RandomState,0.5,allow_iid,0.001144583337008953,9.418092668056488e-05,0.0017973128706216812,0.000962396152317524,0.048901479691267014,0.05290643498301506,0.003998473286628723,41,280,1,6,SAT_unsat_identifiable,1,boolean_factorization,exclude_x,exclude_x,0,2909,8563,0,1,0,1,0,0,0,1,1,1,0,0,0.006861945614218712
4,50,10,100,2110739079,86,conj,glucose42,MT19937-RandomState,5.0399452447891235e-05,11101100001101010101110101001001110000000000110100101110000100111110111110010001011111011100100010110111110111100011010111110001011010100100010110000010011000100100001001010000110010001000000010000110000011100100100101100001111000010001110101011001000010010110110100110010000101011010000101100000100110100011000111001100111101101110010011110010111011000101100001010101010101101101111001001110001110011101111110000101111000010110100000000000001001101111110100111001111111011010000111100000011011110010,f20ccf76326793ab7b0d1760181e680f92d8afed453eeb2a396678817cbd8850,bernoulli,bernoulli|conj|p=0.5|zero=allow_iid|rng=MT19937-RandomState,0.5,allow_iid,0.000968271866440773,8.621998131275177e-05,0.0015209000557661057,0.0009662127122282982,0.016635773703455925,0.02018322516232729,0.0035416046157479286,34,344,1,6,SAT_unsat_identifiable,1,boolean_factorization,exclude_x,exclude_x,0,2156,6796,0,1,0,1,1,0,0,1,1,1,0,0,0.006629990413784981
4,50,10,100,2110739079,87,conj,glucose42,MT19937-RandomState,4.441011697053909e-05,10110001001000000111010100100110000111000000011011001100000111011011011111110011000000101101111001101110010101101111010011111100111011001110101101011001110000001011000111010000000100001010100000100111100101001111110011000110110110010010011001010101101100011010010001100111010100111010110100100011101011110011110101111100111111111110010001100101110010111110110110010010000111111011001011111010000101001001010111011011011111111000110111000111101110001001111101010001011101111000111011001000001011110011,c3c6388e32593e74e62e0897dc8d1c12dc62935e90f52ec91dc681f4ea301d6c,bernoulli,bernoulli|conj|p=0.5|zero=allow_iid|rng=MT19937-RandomState,0.5,allow_iid,0.0010894378647208214,8.368398994207382e-05,0.0014712512493133545,0.000997639261186123,0.017460884526371956,0.021108617074787617,0.0036420123651623726,33,299,1,6,SAT_unsat_identifiable,1,boolean_factorization,exclude_x,exclude_x,0,2217,6729,0,1,0,1,0,0,0,1,1,1,0,0,0.006467724218964577
4,50,10,100,2110739079,88,conj,glucose42,MT19937-RandomState,4.642922431230545e-05,01000100101001111110110001011110011010011000100010001101100000010110001000011000010000101000111101010001101101111101010110110011100100100011010101011100001101000111001010000001100011011110110000011000000100111001001000010001110100011010110011010000011111010101011110101011111000110100010000001000000110011011010101100100010110010101100111010110110111111101110101110110110000101110000011010100001010011100000100001100011010001100111010100001110011011100000101001000111011111001001100000111110110011000,d294827acc054eabd9e1a74a791222f4c49e35caf6a374361ce8649c178a9fef,bernoulli,bernoulli|conj|p=0.5|zero=allow_iid|rng=MT19937-RandomState,0.5,allow_iid,0.0010742153972387314,8.690916001796722e-05,0.0015490790829062462,0.000971703790128231,0.019891985692083836,0.023579759523272514,0.003681907430291176,35,405,1,6,SAT_unsat_identifiable,1,boolean_factorization,exclude_x,exclude_x,0,2155,6929,0,1,0,1,0,0,0,1,1,1,0,0,0.006903721950948238
4,50,10,100,2110739079,89,conj,glucose42,MT19937-RandomState,4.713330417871475e-05,10010001101011010010000100011011001111001101011011010110010011010111001111001101000111101110111001000111000111100110111001100100011100110010111110000101010111000111100110011101000100100000111100111100101101000100111001010110011100001111011011000100011101001110100111010101011100101101011000001111110010010010101100100110100111111111101101000110001001011100101011101011100110110110101010010110111100110000110011110001110110001011100111110011110101110010101001010111001011001101100111010011101001001110,7d11fab661da911721f0d289e9b62670f3dbf7f213ba1dc51177b0d05ac3bc31,bernoulli,bernoulli|conj|p=0.5|zero=allow_iid|rng=MT19937-RandomState,0.5,allow_iid,0.00095400121062994,8.958857506513596e-05,0.0016861194744706154,0.0009829476475715637,0.05709927435964346,0.060818581841886044,0.003712656907737255,38,217,1,6,SAT_unsat_identifiable,1,boolean_factorization,exclude_x,exclude_x,0,2772,8010,0,1,0,1,0,0,0,1,1,1,0,0,0.006474037654697895
4,50,10,100,2110739079,90,conj,glucose42,MT19937-RandomState,6.828084588050842e-05,10111101001111100100101111100010000011010110000010101011111010100010000000001111001001110111001000111001001011111110111100100100111110011001011001001100111101011001111111111110111001011100000111001011110110100100101111010011101101111110101111111000010111010100011101000001100101111010110000011010111101111100100000111010001110011010110101100000111110010101100100011011110011101101010100100000100100111111101101101001010111111101000011001011000111100110010111011110111011111100111111001001101010101011,91c9eb7c4feb474c34d107d496647275397294126c0f380bdaf9ad451a12a739,bernoulli,bernoulli|conj|p=0.5|zero=allow_iid|rng=MT19937-RandomState,0.5,allow_iid,0.0010997578501701355,9.594764560461044e-05,0.0015747202560305595,0.0010068267583847046,0.0596545347943902,0.06343822367489338,0.00377725251019001,36,234,1,6,SAT_unsat_identifiable,1,boolean_factorization,exclude_x,exclude_x,0,2614,7568,0,1,0,1,0,0,0,1,1,1,0,0,0.006348476745188236
4,50,10,100,2110739079,91,conj,glucose42,MT19937-RandomState,4.6945177018642426e-05,10001001110110001110101100001001101010000100111010011110001111010000000000000011110001100110011010101100000001111011110101101010000100101001110100101000001011100000101001111001101111000101111001000101101110001000100101100101010010001101001010010100100011100110100100000011000101111111011011101000000100100010100010100000000000100011010011000110000010111111010011110000000001011011101110011000011110100111110001111101111001100100011001001110111110001111101110100000100011100000001001111111110111100001,cb5bbea626ed24b5ab06f7860f3dbf16973bc0a4359eaf9fcfc658223730008f,bernoulli,bernoulli|conj|p=0.5|zero=allow_iid|rng=MT19937-RandomState,0.5,allow_iid,0.0011664442718029022,9.07769426703453e-05,0.0016605490818619728,0.0010013403370976448,0.013155031017959118,0.017080274410545826,0.003919110633432865,37,377,1,6,SAT_unsat_identifiable,1,boolean_factorization,exclude_x,exclude_x,0,2303,7360,0,1,1,0,0,0,0,1,1,1,0,0,0.007036179304122925
4,50,10,100,2110739079,92,conj,glucose42,MT19937-RandomState,5.357619374990463e-05,11100011001000110110011110101100100100110001101100000011101010110001011110001101010101000111001110100100000110001010010001110000110110111111010001100111100110000010110110010001110010010000011001010111110100111010110101011001101101010011100100001010010001100010001110000001101000000010010101010111100011011111111110011001000010111100011011000001100110000100000011010110010001010011011110110100001111011010011010010101001110000111001010100000010101111011001001111110110010001011011010111010001100111000,caa8aa38493085b042c52f7ce724daaa0c30e7726b7d7e8c94ffbaafaf58b787,bernoulli,bernoulli|conj|p=0.5|zero=allow_iid|rng=MT19937-RandomState,0.5,allow_iid,0.0010231928899884224,9.451620280742645e-05,0.001689443364739418,0.0009996453300118446,0.02162326592952013,0.02543660346418619,0.0038067977875471115,36,351,1,6,SAT_unsat_identifiable,1,boolean_factorization,exclude_x,exclude_x,0,2334,7260,0,1,1,0,0,0,0,1,1,1,0,0,0.00689095351845026
4,50,10,100,2110739079,93,conj,glucose42,MT19937-RandomState,4.753097891807556e-05,01010000011010000010010000000100000001110100111001101001011010010010001011011101100010100001001101110100111101011010100011101000001011101101100100111011111100011011010110001010100000111000111111001101000101001010000001100000111101110000011111111100110001001100111010011010000100010001101110010001001000010000000000000011010100011011000111010011101011010000000000010011101110000010110101001000010000011000100010111111010111011101111010000001001111111000001001010101001101110000100100110011010111111011,0329dd31464ebfe39be685c4e6122a90f1c3b7d37f551e8f248ac9cbb2fc114c,bernoulli,bernoulli|conj|p=0.5|zero=allow_iid|rng=MT19937-RandomState,0.5,allow_iid,0.0011124620214104652,8.072983473539352e-05,0.0013697845861315727,0.000985071063041687,0.008832302875816822,0.012385763227939606,0.0035480475053191185,30,434,1,6,SAT_unsat_identifiable,1,boolean_factorization,exclude_x,exclude_x,0,1710,5769,0,1,1,0,0,0,0,1,1,1,0,0,0.006578028202056885
4,50,10,100,2110739079,94,conj,glucose42,MT19937-RandomState,4.8104673624038696e-05,01011001010000000001111100111001011010011100010011001011000010011101000001111100010010111101001000001100111001100001001101010011110011110010100001010001101001001101101010100001100111111000010000110110101001110011000001011001100110010001101111100110010111100010000101101010100010111110000100110001011010000101100011000101000001010100100100101101011011000011101001000100101000000010110011110111001111010110000101000110000101110111100001110111111111001101101100110111011010010001101011000101111010100011,465aa7647fb962445b8faa1116162b1735a50d5de733f113256de7648bcebc74,bernoulli,bernoulli|conj|p=0.5|zero=allow_iid|rng=MT19937-RandomState,0.5,allow_iid,0.0010893838480114937,0.00010017305612564087,0.0016577104106545448,0.0009968001395463943,0.014425616711378098,0.018275750800967216,0.0038440674543380737,37,359,1,6,SAT_unsat_identifiable,1,boolean_factorization,exclude_x,exclude_x,0,2413,7481,0,1,1,0,0,0,0,1,1,1,0,0,0.006998789496719837
4,50,10,100,2110739079,95,conj,glucose42,MT19937-RandomState,4.477892071008682e-05,00010111000010000000101001001110100010101101000010011001111000000001010000100000010110111000100101111100111010011111001010111000001110110101111100001101010101000110101010111110111000000101100001100000100110000001111001011101100101000000100011100100100100011010110101001100100100101011001101100001000000011100100010111010101011001010111100101100101100101111111111111001111110001101011111111111111000100001010100000100001101011101000011001010011101001010100100010110111101111100010011000101010111010111,2f9c0829bf703ff74dd8426b072fa823aff774fa25d7a722fec87fef252a7a03,bernoulli,bernoulli|conj|p=0.5|zero=allow_iid|rng=MT19937-RandomState,0.5,allow_iid,0.0010639280080795288,7.480476051568985e-05,0.0013563688844442368,0.0009835092350840569,0.010201472789049149,0.013685880228877068,0.0034786108881235123,30,423,1,6,SAT_unsat_identifiable,1,boolean_factorization,exclude_x,exclude_x,0,1860,5934,0,1,1,0,0,0,0,1,1,1,0,0,0.006568978540599346
4,50,10,100,2110739079,96,conj,glucose42,MT19937-RandomState,4.578847438097e-05,01101101110110110100100111110000000000111101011101110010111010110111110001110001100010100011010001000000001111000100101110100001000001001010111110011001111011001010000101101100110011010111000111000101010110110000011111100110010100111001001010000110001100010000110111100111001001111100010101001100000110101100011111000100001010000111111010101000010001110001110010011001110010010111001000111101110111111011111100101100001011011011000101001001000111010001000001110000011000010000010110100011111001000111,c6e2f040d17271dd17beb3d170cd1b47fa853c28def24e2aadc1253424631216,bernoulli,bernoulli|conj|p=0.5|zero=allow_iid|rng=MT19937-RandomState,0.5,allow_iid,0.00102921761572361,9.675323963165283e-05,0.0014952821657061577,0.000980740413069725,0.009906545281410217,0.013514741323888302,0.0036019934341311455,33,365,1,6,SAT_unsat_identifiable,1,boolean_factorization,exclude_x,exclude_x,0,2137,6641,0,1,0,1,0,0,0,1,1,1,0,0,0.006649932824075222
4,50,10,100,2110739079,97,conj,glucose42,MT19937-RandomState,4.504155367612839e-05,10111101111111101111111101000011100001000011110110001001100001000001110001010000111010100101011011111010001101000101111010001100111101011011111100101111100011100011111011000110111011100111011110110100010001101001101000110010110111011111111110110010110011001111100010100001000011010001111000000110110110101110000011010110010001101011101000111110011101100110000101100010101001111110110101101011100111001111001000100000110010011111111110111001000010111110000010001011101101100001000110100011110110011000,32378c97bc9d6ad6fe91269e827ad15e6fd347148d8c015eed7d32a5ac66a5b6,bernoulli,bernoulli|conj|p=0.5|zero=allow_iid|rng=MT19937-RandomState,0.5,allow_iid,0.0010668747127056122,7.75875523686409e-05,0.0014884108677506447,0.0009635146707296371,0.08946430124342442,0.09306854475289583,0.003596387803554535,33,261,1,6,SAT_unsat_identifiable,1,boolean_factorization,exclude_x,exclude_x,0,2257,6773,0,1,0,1,0,0,0,1,1,1,0,0,0.006248018704354763
4,50,10,100,2110739079,98,conj,glucose42,MT19937-RandomState,4.732143133878708e-05,01100010100110011110010111000001111011001111110100101000011101100001011111000110100001100100011101011011111100111010001000101100101111011011111101001111111110110110001011100000101001010001110100000100110111000000100111110010001100111100000111111010010010010101010001101001010101010011111000110111000101011011101110100011000110110011001010000011101011100101101100111011000100101001000111111001100010100011111111100010111001111001101011010010000100101101101010000101010100010000001010110101100101000111,d9f3c6adfd8079c6663bc2c358ffa799e2652cce6334d7c48efe062de7c08f24,bernoulli,bernoulli|conj|p=0.5|zero=allow_iid|rng=MT19937-RandomState,0.5,allow_iid,0.001056969165802002,9.020045399665833e-05,0.0016676140949130058,0.0009759040549397469,0.046604957431554794,0.050402192398905754,0.003790687769651413,38,300,1,6,SAT_unsat_identifiable,1,boolean_factorization,exclude_x,exclude_x,0,2612,7834,0,1,0,1,0,0,0,1,1,1,0,0,0.006824713200330734
4,50,10,100,2110739079,99,conj,glucose42,MT19937-RandomState,4.777871072292328e-05,11000000101100100000101101100101110011100111111000011100110100101110011111011111011100100011001110010000101111001111000100010111110101000010110001101001011110001010001101101010101101110001000001101101100111001100000101100010011000101011101011000011111100000010101001010001110010110101111010011000001001010000111101011000011100000100101001011001100101100011111110111111100010110000011111001100000010100100011110111111011011011010110000001000011010001100000000010100001111010101110101101110010110011001,a26261e141a45b62c72fc0d6b1b61a18e3919338d5a5cf78eb6e8fa1899c9f2f,bernoulli,bernoulli|conj|p=0.5|zero=allow_iid|rng=MT19937-RandomState,0.5,allow_iid,0.0011065825819969177,8.195452392101288e-05,0.0016074823215603828,0.0009944457560777664,0.009066971018910408,0.01286360528320074,0.00379046518355608,36,334,1,6,SAT_unsat_identifiable,1,boolean_factorization,exclude_x,exclude_x,0,2404,7337,0,1,1,0,0,0,0,1,1,1,0,0,0.006653264164924622
