{"total_generated": 186, "total_reaching_sat": 163, "encodings": ["prefix", "exclude_x", "exclude_h"], "repeats": 3, "timeout_seconds": 5.0}
{"case_id": "c0099", "cell": "J50_p0.7", "encoding": "prefix", "repeat": 0, "status": "SAT", "solve_seconds": 0.023528610001449124, "sat_stage_seconds": 0.02867631499975687}
{"case_id": "c0099", "cell": "J50_p0.7", "encoding": "exclude_x", "repeat": 0, "status": "SAT", "solve_seconds": 0.017418065999663668, "sat_stage_seconds": 0.020911358000375913}
{"case_id": "c0099", "cell": "J50_p0.7", "encoding": "exclude_h", "repeat": 0, "status": "SAT", "solve_seconds": 0.017617973000596976, "sat_stage_seconds": 0.021074410000437638}
{"case_id": "c0099", "cell": "J50_p0.7", "encoding": "exclude_x", "repeat": 1, "status": "SAT", "solve_seconds": 0.01591191300030914, "sat_stage_seconds": 0.019432015000347747}
{"case_id": "c0099", "cell": "J50_p0.7", "encoding": "exclude_h", "repeat": 1, "status": "SAT", "solve_seconds": 0.015519140000833431, "sat_stage_seconds": 0.018852233999496093}
{"case_id": "c0099", "cell": "J50_p0.7", "encoding": "prefix", "repeat": 1, "status": "SAT", "solve_seconds": 0.024082691999865347, "sat_stage_seconds": 0.027589913999690907}
{"case_id": "c0099", "cell": "J50_p0.7", "encoding": "exclude_h", "repeat": 2, "status": "SAT", "solve_seconds": 0.017947891999938292, "sat_stage_seconds": 0.021569583999735187}
{"case_id": "c0099", "cell": "J50_p0.7", "encoding": "prefix", "repeat": 2, "status": "SAT", "solve_seconds": 0.023158901998613146, "sat_stage_seconds": 0.02680851599870948}
{"case_id": "c0099", "cell": "J50_p0.7", "encoding": "exclude_x", "repeat": 2, "status": "SAT", "solve_seconds": 0.01699979600016377, "sat_stage_seconds": 0.02065160200072569}
{"case_id": "c0110", "cell": "J50_w3", "encoding": "exclude_x", "repeat": 0, "status": "UNSAT", "solve_seconds": 0.005560218000027817, "sat_stage_seconds": 0.010189284999796655}
{"case_id": "c0110", "cell": "J50_w3", "encoding": "prefix", "repeat": 0, "status": "UNSAT", "solve_seconds": 0.007164516999182524, "sat_stage_seconds": 0.011648166999293608}
{"case_id": "c0110", "cell": "J50_w3", "encoding": "exclude_h", "repeat": 0, "status": "UNSAT", "solve_seconds": 0.005033986999478657, "sat_stage_seconds": 0.009293666000303347}
{"case_id": "c0110", "cell": "J50_w3", "encoding": "prefix", "repeat": 1, "status": "UNSAT", "solve_seconds": 0.007865286001106142, "sat_stage_seconds": 0.012844302000303287}
{"case_id": "c0110", "cell": "J50_w3", "encoding": "exclude_h", "repeat": 1, "status": "UNSAT", "solve_seconds": 0.005356835999918985, "sat_stage_seconds": 0.009925243000907358}
{"case_id": "c0110", "cell": "J50_w3", "encoding": "exclude_x", "repeat": 1, "status": "UNSAT", "solve_seconds": 0.006578958998943563, "sat_stage_seconds": 0.011152422999657574}
{"case_id": "c0110", "cell": "J50_w3", "encoding": "exclude_h", "repeat": 2, "status": "UNSAT", "solve_seconds": 0.005387080998843885, "sat_stage_seconds": 0.0098898599990207}
{"case_id": "c0110", "cell": "J50_w3", "encoding": "exclude_x", "repeat": 2, "status": "UNSAT", "solve_seconds": 0.006280675999732921, "sat_stage_seconds": 0.010992303998136776}
{"case_id": "c0110", "cell": "J50_w3", "encoding": "prefix", "repeat": 2, "status": "UNSAT", "solve_seconds": 0.007738919999610516, "sat_stage_seconds": 0.012581572998897173}
{"case_id": "c0086", "cell": "J50_p0.3", "encoding": "exclude_h", "repeat": 0, "status": "UNSAT", "solve_seconds": 0.0018433639997965656, "sat_stage_seconds": 0.005344507000700105}
{"case_id": "c0086", "cell": "J50_p0.3", "encoding": "prefix", "repeat": 0, "status": "UNSAT", "solve_seconds": 0.005369905000407016, "sat_stage_seconds": 0.008895083999959752}
{"case_id": "c0086", "cell": "J50_p0.3", "encoding": "exclude_x", "repeat": 0, "status": "UNSAT", "solve_seconds": 0.003743663000932429, "sat_stage_seconds": 0.007471953002095688}
{"case_id": "c0086", "cell": "J50_p0.3", "encoding": "prefix", "repeat": 1, "status": "UNSAT", "solve_seconds": 0.005751250000685104, "sat_stage_seconds": 0.009545598000840982}
{"case_id": "c0086", "cell": "J50_p0.3", "encoding": "exclude_x", "repeat": 1, "status": "UNSAT", "solve_seconds": 0.0023495850000472274, "sat_stage_seconds": 0.006008041998939007}
{"case_id": "c0086", "cell": "J50_p0.3", "encoding": "exclude_h", "repeat": 1, "status": "UNSAT", "solve_seconds": 0.0019582650002121227, "sat_stage_seconds": 0.00604642899997998}
{"case_id": "c0086", "cell": "J50_p0.3", "encoding": "exclude_x", "repeat": 2, "status": "UNSAT", "solve_seconds": 0.002236296999399201, "sat_stage_seconds": 0.0058420250006747665}
{"case_id": "c0086", "cell": "J50_p0.3", "encoding": "exclude_h", "repeat": 2, "status": "UNSAT", "solve_seconds": 0.0018709449996094918, "sat_stage_seconds": 0.005317506998835597}
{"case_id": "c0086", "cell": "J50_p0.3", "encoding": "prefix", "repeat": 2, "status": "UNSAT", "solve_seconds": 0.0053074220013513695, "sat_stage_seconds": 0.009203431001878926}
{"case_id": "c0146", "cell": "J80_w2", "encoding": "prefix", "repeat": 0, "status": "UNSAT", "solve_seconds": 0.008874342998751672, "sat_stage_seconds": 0.014018152998687583}
{"case_id": "c0146", "cell": "J80_w2", "encoding": "exclude_h", "repeat": 0, "status": "UNSAT", "solve_seconds": 0.008183719000953715, "sat_stage_seconds": 0.014022099001522292}
{"case_id": "c0146", "cell": "J80_w2", "encoding": "exclude_x", "repeat": 0, "status": "UNSAT", "solve_seconds": 0.01052993899975263, "sat_stage_seconds": 0.016084717999547138}
{"case_id": "c0146", "cell": "J80_w2", "encoding": "exclude_h", "repeat": 1, "status": "UNSAT", "solve_seconds": 0.00818448000063654, "sat_stage_seconds": 0.013619151000966667}
{"case_id": "c0146", "cell": "J80_w2", "encoding": "exclude_x", "repeat": 1, "status": "UNSAT", "solve_seconds": 0.006003935000990168, "sat_stage_seconds": 0.011104530001830426}
{"case_id": "c0146", "cell": "J80_w2", "encoding": "prefix", "repeat": 1, "status": "UNSAT", "solve_seconds": 0.007408178998957737, "sat_stage_seconds": 0.012657564999244642}
{"case_id": "c0146", "cell": "J80_w2", "encoding": "exclude_x", "repeat": 2, "status": "UNSAT", "solve_seconds": 0.006110303000241402, "sat_stage_seconds": 0.01149590199929662}
{"case_id": "c0146", "cell": "J80_w2", "encoding": "prefix", "repeat": 2, "status": "UNSAT", "solve_seconds": 0.00758518099974026, "sat_stage_seconds": 0.013017107998166466}
{"case_id": "c0146", "cell": "J80_w2", "encoding": "exclude_h", "repeat": 2, "status": "UNSAT", "solve_seconds": 0.007569577999674948, "sat_stage_seconds": 0.012004696000076365}
{"case_id": "c0140", "cell": "J80_p0.7", "encoding": "exclude_h", "repeat": 0, "status": "UNSAT", "solve_seconds": 1.7319214859999192, "sat_stage_seconds": 1.737672315999589}
{"case_id": "c0140", "cell": "J80_p0.7", "encoding": "prefix", "repeat": 0, "status": "UNSAT", "solve_seconds": 1.26148281299902, "sat_stage_seconds": 1.2668963329997496}
{"case_id": "c0140", "cell": "J80_p0.7", "encoding": "exclude_x", "repeat": 0, "status": "UNSAT", "solve_seconds": 1.5439399460010463, "sat_stage_seconds": 1.5492755800023588}
{"case_id": "c0140", "cell": "J80_p0.7", "encoding": "prefix", "repeat": 1, "status": "UNSAT", "solve_seconds": 1.3309993439997925, "sat_stage_seconds": 1.3364495389996591}
{"case_id": "c0140", "cell": "J80_p0.7", "encoding": "exclude_x", "repeat": 1, "status": "UNSAT", "solve_seconds": 1.5383790329997282, "sat_stage_seconds": 1.5455813280004804}
{"case_id": "c0140", "cell": "J80_p0.7", "encoding": "exclude_h", "repeat": 1, "status": "UNSAT", "solve_seconds": 1.7124687889991037, "sat_stage_seconds": 1.7178963589994964}
{"case_id": "c0140", "cell": "J80_p0.7", "encoding": "exclude_x", "repeat": 2, "status": "UNSAT", "solve_seconds": 1.4347796380006912, "sat_stage_seconds": 1.4402267770019535}
{"case_id": "c0140", "cell": "J80_p0.7", "encoding": "exclude_h", "repeat": 2, "status": "UNSAT", "solve_seconds": 1.6330596000007063, "sat_stage_seconds": 1.6384040780012583}
{"case_id": "c0140", "cell": "J80_p0.7", "encoding": "prefix", "repeat": 2, "status": "UNSAT", "solve_seconds": 1.2194737840000016, "sat_stage_seconds": 1.228959655001745}
{"case_id": "c0160", "cell": "J80_w5", "encoding": "exclude_h", "repeat": 0, "status": "UNSAT", "solve_seconds": 0.2225258449998364, "sat_stage_seconds": 0.23260865100019146}
{"case_id": "c0160", "cell": "J80_w5", "encoding": "exclude_x", "repeat": 0, "status": "UNSAT", "solve_seconds": 0.23374783999861393, "sat_stage_seconds": 0.24197911999908683}
{"case_id": "c0160", "cell": "J80_w5", "encoding": "prefix", "repeat": 0, "status": "UNSAT", "solve_seconds": 0.19247926400021242, "sat_stage_seconds": 0.20086564399935014}
{"case_id": "c0160", "cell": "J80_w5", "encoding": "exclude_x", "repeat": 1, "status": "UNSAT", "solve_seconds": 0.22988758499923279, "sat_stage_seconds": 0.23921506099941325}
{"case_id": "c0160", "cell": "J80_w5", "encoding": "prefix", "repeat": 1, "status": "UNSAT", "solve_seconds": 0.19112420400051633, "sat_stage_seconds": 0.20015028300076665}
{"case_id": "c0160", "cell": "J80_w5", "encoding": "exclude_h", "repeat": 1, "status": "UNSAT", "solve_seconds": 0.21906051299993123, "sat_stage_seconds": 0.22841625999899406}
{"case_id": "c0160", "cell": "J80_w5", "encoding": "prefix", "repeat": 2, "status": "UNSAT", "solve_seconds": 0.18292469100015296, "sat_stage_seconds": 0.19229384800019034}
{"case_id": "c0160", "cell": "J80_w5", "encoding": "exclude_h", "repeat": 2, "status": "UNSAT", "solve_seconds": 0.22106413599976804, "sat_stage_seconds": 0.23030678600116516}
{"case_id": "c0160", "cell": "J80_w5", "encoding": "exclude_x", "repeat": 2, "status": "UNSAT", "solve_seconds": 0.22772783899927163, "sat_stage_seconds": 0.2365252289982891}
{"case_id": "c0105", "cell": "J50_w2", "encoding": "exclude_x", "repeat": 0, "status": "UNSAT", "solve_seconds": 0.004515668000749429, "sat_stage_seconds": 0.00771462200100359}
{"case_id": "c0105", "cell": "J50_w2", "encoding": "exclude_h", "repeat": 0, "status": "UNSAT", "solve_seconds": 0.0035290050000185147, "sat_stage_seconds": 0.007255411999722128}
{"case_id": "c0105", "cell": "J50_w2", "encoding": "prefix", "repeat": 0, "status": "UNSAT", "solve_seconds": 0.004108254001039313, "sat_stage_seconds": 0.008314963000884745}
{"case_id": "c0105", "cell": "J50_w2", "encoding": "exclude_h", "repeat": 1, "status": "UNSAT", "solve_seconds": 0.0031441930004803, "sat_stage_seconds": 0.006369868000547285}
{"case_id": "c0105", "cell": "J50_w2", "encoding": "prefix", "repeat": 1, "status": "UNSAT", "solve_seconds": 0.0038683580005454132, "sat_stage_seconds": 0.007267950000823475}
{"case_id": "c0105", "cell": "J50_w2", "encoding": "exclude_x", "repeat": 1, "status": "UNSAT", "solve_seconds": 0.0041955030010285554, "sat_stage_seconds": 0.007610799000758561}
{"case_id": "c0105", "cell": "J50_w2", "encoding": "prefix", "repeat": 2, "status": "UNSAT", "solve_seconds": 0.0037416100003611064, "sat_stage_seconds": 0.007040001999484957}
{"case_id": "c0105", "cell": "J50_w2", "encoding": "exclude_x", "repeat": 2, "status": "UNSAT", "solve_seconds": 0.004023008001240669, "sat_stage_seconds": 0.007122245000573457}
{"case_id": "c0105", "cell": "J50_w2", "encoding": "exclude_h", "repeat": 2, "status": "UNSAT", "solve_seconds": 0.0032100709995575016, "sat_stage_seconds": 0.006326683998850058}
{"case_id": "c0044", "cell": "J35_p0.3", "encoding": "exclude_x", "repeat": 0, "status": "UNSAT", "solve_seconds": 0.006838584000433912, "sat_stage_seconds": 0.010540315000980627}
{"case_id": "c0044", "cell": "J35_p0.3", "encoding": "exclude_h", "repeat": 0, "status": "UNSAT", "solve_seconds": 0.006854017001387547, "sat_stage_seconds": 0.010428149002109421}
{"case_id": "c0044", "cell": "J35_p0.3", "encoding": "prefix", "repeat": 0, "status": "UNSAT", "solve_seconds": 0.006279694000113523, "sat_stage_seconds": 0.009910480001053656}
{"case_id": "c0044", "cell": "J35_p0.3", "encoding": "exclude_h", "repeat": 1, "status": "UNSAT", "solve_seconds": 0.006912643999385182, "sat_stage_seconds": 0.010483619998922222}
{"case_id": "c0044", "cell": "J35_p0.3", "encoding": "prefix", "repeat": 1, "status": "UNSAT", "solve_seconds": 0.006366342000546865, "sat_stage_seconds": 0.010171195999646443}
{"case_id": "c0044", "cell": "J35_p0.3", "encoding": "exclude_x", "repeat": 1, "status": "UNSAT", "solve_seconds": 0.006879384998683236, "sat_stage_seconds": 0.010551030998612987}
{"case_id": "c0044", "cell": "J35_p0.3", "encoding": "prefix", "repeat": 2, "status": "UNSAT", "solve_seconds": 0.006419061000997317, "sat_stage_seconds": 0.01018877200112911}
{"case_id": "c0044", "cell": "J35_p0.3", "encoding": "exclude_x", "repeat": 2, "status": "UNSAT", "solve_seconds": 0.008053345000007539, "sat_stage_seconds": 0.012168839999503689}
{"case_id": "c0044", "cell": "J35_p0.3", "encoding": "exclude_h", "repeat": 2, "status": "UNSAT", "solve_seconds": 0.007076616000631475, "sat_stage_seconds": 0.010791767001137487}
{"case_id": "c0150", "cell": "J80_w3", "encoding": "exclude_x", "repeat": 0, "status": "UNSAT", "solve_seconds": 0.006481374000941287, "sat_stage_seconds": 0.013018730000112555}
{"case_id": "c0150", "cell": "J80_w3", "encoding": "prefix", "repeat": 0, "status": "UNSAT", "solve_seconds": 0.011027516000467585, "sat_stage_seconds": 0.017884205999507685}
{"case_id": "c0150", "cell": "J80_w3", "encoding": "exclude_h", "repeat": 0, "status": "UNSAT", "solve_seconds": 0.006880486000227393, "sat_stage_seconds": 0.013727511999604758}
{"case_id": "c0150", "cell": "J80_w3", "encoding": "prefix", "repeat": 1, "status": "UNSAT", "solve_seconds": 0.010467145000802702, "sat_stage_seconds": 0.020234093000908615}
{"case_id": "c0150", "cell": "J80_w3", "encoding": "exclude_h", "repeat": 1, "status": "UNSAT", "solve_seconds": 0.006318903000646969, "sat_stage_seconds": 0.013981429001432844}
{"case_id": "c0150", "cell": "J80_w3", "encoding": "exclude_x", "repeat": 1, "status": "UNSAT", "solve_seconds": 0.007456639999873005, "sat_stage_seconds": 0.013924524000685778}
{"case_id": "c0150", "cell": "J80_w3", "encoding": "exclude_h", "repeat": 2, "status": "UNSAT", "solve_seconds": 0.010218346000328893, "sat_stage_seconds": 0.01650375900135259}
{"case_id": "c0150", "cell": "J80_w3", "encoding": "exclude_x", "repeat": 2, "status": "UNSAT", "solve_seconds": 0.006332352000754327, "sat_stage_seconds": 0.013013181000133045}
{"case_id": "c0150", "cell": "J80_w3", "encoding": "prefix", "repeat": 2, "status": "UNSAT", "solve_seconds": 0.00885032800033514, "sat_stage_seconds": 0.015254587000526953}
{"case_id": "c0102", "cell": "J50_w2", "encoding": "exclude_x", "repeat": 0, "status": "UNSAT", "solve_seconds": 0.003473873000984895, "sat_stage_seconds": 0.006858042001113063}
{"case_id": "c0102", "cell": "J50_w2", "encoding": "prefix", "repeat": 0, "status": "UNSAT", "solve_seconds": 0.004787461000887561, "sat_stage_seconds": 0.008370266001293203}
{"case_id": "c0102", "cell": "J50_w2", "encoding": "exclude_h", "repeat": 0, "status": "UNSAT", "solve_seconds": 0.0036049370010005077, "sat_stage_seconds": 0.007111447999704978}
{"case_id": "c0102", "cell": "J50_w2", "encoding": "prefix", "repeat": 1, "status": "UNSAT", "solve_seconds": 0.004970752999724937, "sat_stage_seconds": 0.008394471000428894}
{"case_id": "c0102", "cell": "J50_w2", "encoding": "exclude_h", "repeat": 1, "status": "UNSAT", "solve_seconds": 0.0034700969990808517, "sat_stage_seconds": 0.0066804790003516246}
{"case_id": "c0102", "cell": "J50_w2", "encoding": "exclude_x", "repeat": 1, "status": "UNSAT", "solve_seconds": 0.0035353739986021537, "sat_stage_seconds": 0.006984429999647546}
{"case_id": "c0102", "cell": "J50_w2", "encoding": "exclude_h", "repeat": 2, "status": "UNSAT", "solve_seconds": 0.0035422540004219627, "sat_stage_seconds": 0.006831431999671622}
{"case_id": "c0102", "cell": "J50_w2", "encoding": "exclude_x", "repeat": 2, "status": "UNSAT", "solve_seconds": 0.004044409999551135, "sat_stage_seconds": 0.007553854999059695}
{"case_id": "c0102", "cell": "J50_w2", "encoding": "prefix", "repeat": 2, "status": "UNSAT", "solve_seconds": 0.004766138999912073, "sat_stage_seconds": 0.00815169099951163}
{"case_id": "c0061", "cell": "J35_w2", "encoding": "prefix", "repeat": 0, "status": "UNSAT", "solve_seconds": 0.004084297999725095, "sat_stage_seconds": 0.007086231000357657}
{"case_id": "c0061", "cell": "J35_w2", "encoding": "exclude_h", "repeat": 0, "status": "UNSAT", "solve_seconds": 0.0025817400000960333, "sat_stage_seconds": 0.0057375309988856316}
{"case_id": "c0061", "cell": "J35_w2", "encoding": "exclude_x", "repeat": 0, "status": "UNSAT", "solve_seconds": 0.0027739239994843956, "sat_stage_seconds": 0.005654246999256429}
{"case_id": "c0061", "cell": "J35_w2", "encoding": "exclude_h", "repeat": 1, "status": "UNSAT", "solve_seconds": 0.0026670360002754023, "sat_stage_seconds": 0.005682579001586419}
{"case_id": "c0061", "cell": "J35_w2", "encoding": "exclude_x", "repeat": 1, "status": "UNSAT", "solve_seconds": 0.0024848749999364372, "sat_stage_seconds": 0.005365187000279548}
{"case_id": "c0061", "cell": "J35_w2", "encoding": "prefix", "repeat": 1, "status": "UNSAT", "solve_seconds": 0.004100060999917332, "sat_stage_seconds": 0.007844494999517337}
{"case_id": "c0061", "cell": "J35_w2", "encoding": "exclude_x", "repeat": 2, "status": "UNSAT", "solve_seconds": 0.0026441320005687885, "sat_stage_seconds": 0.006099608001022716}
{"case_id": "c0061", "cell": "J35_w2", "encoding": "prefix", "repeat": 2, "status": "UNSAT", "solve_seconds": 0.0041729690001375275, "sat_stage_seconds": 0.0071347419998346595}
{"case_id": "c0061", "cell": "J35_w2", "encoding": "exclude_h", "repeat": 2, "status": "UNSAT", "solve_seconds": 0.0027199649994145148, "sat_stage_seconds": 0.0056198259990196675}
{"case_id": "c0069", "cell": "J35_w3", "encoding": "prefix", "repeat": 0, "status": "UNSAT", "solve_seconds": 0.005481219999637688, "sat_stage_seconds": 0.00915976599935675}
{"case_id": "c0069", "cell": "J35_w3", "encoding": "exclude_x", "repeat": 0, "status": "UNSAT", "solve_seconds": 0.0038525439995282795, "sat_stage_seconds": 0.00730502499936847}
{"case_id": "c0069", "cell": "J35_w3", "encoding": "exclude_h", "repeat": 0, "status": "UNSAT", "solve_seconds": 0.0040108989996952005, "sat_stage_seconds": 0.00746883800093201}
{"case_id": "c0069", "cell": "J35_w3", "encoding": "exclude_x", "repeat": 1, "status": "UNSAT", "solve_seconds": 0.00402475000009872, "sat_stage_seconds": 0.007453445999999531}
{"case_id": "c0069", "cell": "J35_w3", "encoding": "exclude_h", "repeat": 1, "status": "UNSAT", "solve_seconds": 0.003889098999934504, "sat_stage_seconds": 0.0074659950005298015}
{"case_id": "c0069", "cell": "J35_w3", "encoding": "prefix", "repeat": 1, "status": "UNSAT", "solve_seconds": 0.0058645990011427784, "sat_stage_seconds": 0.009809410001253127}
{"case_id": "c0069", "cell": "J35_w3", "encoding": "exclude_h", "repeat": 2, "status": "UNSAT", "solve_seconds": 0.0041324900012114085, "sat_stage_seconds": 0.007768904002659838}
{"case_id": "c0069", "cell": "J35_w3", "encoding": "prefix", "repeat": 2, "status": "UNSAT", "solve_seconds": 0.005379468999308301, "sat_stage_seconds": 0.009219424999173498}
{"case_id": "c0069", "cell": "J35_w3", "encoding": "exclude_x", "repeat": 2, "status": "UNSAT", "solve_seconds": 0.003791914999965229, "sat_stage_seconds": 0.007215732999611646}
{"case_id": "c0052", "cell": "J35_p0.5", "encoding": "exclude_h", "repeat": 0, "status": "UNSAT", "solve_seconds": 0.0410324929998751, "sat_stage_seconds": 0.044354069999826606}
{"case_id": "c0052", "cell": "J35_p0.5", "encoding": "exclude_x", "repeat": 0, "status": "UNSAT", "solve_seconds": 0.04084191999936593, "sat_stage_seconds": 0.044496020000224235}
{"case_id": "c0052", "cell": "J35_p0.5", "encoding": "prefix", "repeat": 0, "status": "UNSAT", "solve_seconds": 0.041650740000477526, "sat_stage_seconds": 0.045767366000291076}
{"case_id": "c0052", "cell": "J35_p0.5", "encoding": "exclude_x", "repeat": 1, "status": "UNSAT", "solve_seconds": 0.04301474199928634, "sat_stage_seconds": 0.047639931997764506}
{"case_id": "c0052", "cell": "J35_p0.5", "encoding": "prefix", "repeat": 1, "status": "UNSAT", "solve_seconds": 0.04018487500070478, "sat_stage_seconds": 0.04404207600055088}
{"case_id": "c0052", "cell": "J35_p0.5", "encoding": "exclude_h", "repeat": 1, "status": "UNSAT", "solve_seconds": 0.041030699998373166, "sat_stage_seconds": 0.044646863998423214}
{"case_id": "c0052", "cell": "J35_p0.5", "encoding": "prefix", "repeat": 2, "status": "UNSAT", "solve_seconds": 0.03950797200013767, "sat_stage_seconds": 0.04340421100096137}
{"case_id": "c0052", "cell": "J35_p0.5", "encoding": "exclude_h", "repeat": 2, "status": "UNSAT", "solve_seconds": 0.04062531799900171, "sat_stage_seconds": 0.04423339999812015}
{"case_id": "c0052", "cell": "J35_p0.5", "encoding": "exclude_x", "repeat": 2, "status": "UNSAT", "solve_seconds": 0.04463098000087484, "sat_stage_seconds": 0.04840333600077429}
{"case_id": "c0058", "cell": "J35_p0.7", "encoding": "exclude_h", "repeat": 0, "status": "UNSAT", "solve_seconds": 1.2152320019995386, "sat_stage_seconds": 1.219006862000242}
{"case_id": "c0058", "cell": "J35_p0.7", "encoding": "exclude_x", "repeat": 0, "status": "UNSAT", "solve_seconds": 1.535605585000667, "sat_stage_seconds": 1.5391170929997315}
{"case_id": "c0058", "cell": "J35_p0.7", "encoding": "prefix", "repeat": 0, "status": "UNSAT", "solve_seconds": 1.2141430859992397, "sat_stage_seconds": 1.217688716000339}
{"case_id": "c0058", "cell": "J35_p0.7", "encoding": "exclude_x", "repeat": 1, "status": "UNSAT", "solve_seconds": 1.525365105999299, "sat_stage_seconds": 1.5289049570001225}
{"case_id": "c0058", "cell": "J35_p0.7", "encoding": "prefix", "repeat": 1, "status": "UNSAT", "solve_seconds": 1.1975905939998484, "sat_stage_seconds": 1.2013292399988131}
{"case_id": "c0058", "cell": "J35_p0.7", "encoding": "exclude_h", "repeat": 1, "status": "UNSAT", "solve_seconds": 1.2028210520002176, "sat_stage_seconds": 1.2063163969996822}
{"case_id": "c0058", "cell": "J35_p0.7", "encoding": "prefix", "repeat": 2, "status": "UNSAT", "solve_seconds": 1.2027267920002487, "sat_stage_seconds": 1.2062884750012017}
{"case_id": "c0058", "cell": "J35_p0.7", "encoding": "exclude_h", "repeat": 2, "status": "UNSAT", "solve_seconds": 1.2653992189989367, "sat_stage_seconds": 1.2700004739981523}
{"case_id": "c0058", "cell": "J35_p0.7", "encoding": "exclude_x", "repeat": 2, "status": "UNSAT", "solve_seconds": 1.4836780469995574, "sat_stage_seconds": 1.4872755329997744}
{"case_id": "c0031", "cell": "J20_w5", "encoding": "prefix", "repeat": 0, "status": "UNSAT", "solve_seconds": 0.1711512429992581, "sat_stage_seconds": 0.17399920699972427}
{"case_id": "c0031", "cell": "J20_w5", "encoding": "exclude_h", "repeat": 0, "status": "UNSAT", "solve_seconds": 0.21665420800127322, "sat_stage_seconds": 0.21951639400140266}
{"case_id": "c0031", "cell": "J20_w5", "encoding": "exclude_x", "repeat": 0, "status": "UNSAT", "solve_seconds": 0.192648880998604, "sat_stage_seconds": 0.1958775599996443}
{"case_id": "c0031", "cell": "J20_w5", "encoding": "exclude_h", "repeat": 1, "status": "UNSAT", "solve_seconds": 0.21547957599977963, "sat_stage_seconds": 0.21822319599959883}
{"case_id": "c0031", "cell": "J20_w5", "encoding": "exclude_x", "repeat": 1, "status": "UNSAT", "solve_seconds": 0.21020644900090701, "sat_stage_seconds": 0.21295907300009276}
{"case_id": "c0031", "cell": "J20_w5", "encoding": "prefix", "repeat": 1, "status": "UNSAT", "solve_seconds": 0.18668413299928943, "sat_stage_seconds": 0.18985014999998384}
{"case_id": "c0031", "cell": "J20_w5", "encoding": "exclude_x", "repeat": 2, "status": "UNSAT", "solve_seconds": 0.20965055999840843, "sat_stage_seconds": 0.21294992399816692}
{"case_id": "c0031", "cell": "J20_w5", "encoding": "prefix", "repeat": 2, "status": "UNSAT", "solve_seconds": 0.182794323998678, "sat_stage_seconds": 0.18575033899833215}
{"case_id": "c0031", "cell": "J20_w5", "encoding": "exclude_h", "repeat": 2, "status": "UNSAT", "solve_seconds": 0.2301775430005364, "sat_stage_seconds": 0.23295276899989403}
{"case_id": "c0089", "cell": "J50_p0.3", "encoding": "prefix", "repeat": 0, "status": "UNSAT", "solve_seconds": 0.004950362999807112, "sat_stage_seconds": 0.009065608001037617}
{"case_id": "c0089", "cell": "J50_p0.3", "encoding": "exclude_h", "repeat": 0, "status": "UNSAT", "solve_seconds": 0.0019954500003223075, "sat_stage_seconds": 0.005966099000943359}
{"case_id": "c0089", "cell": "J50_p0.3", "encoding": "exclude_x", "repeat": 0, "status": "UNSAT", "solve_seconds": 0.0020690689998446032, "sat_stage_seconds": 0.006023704998369794}
{"case_id": "c0089", "cell": "J50_p0.3", "encoding": "exclude_h", "repeat": 1, "status": "UNSAT", "solve_seconds": 0.002062629999272758, "sat_stage_seconds": 0.005765011999756098}
{"case_id": "c0089", "cell": "J50_p0.3", "encoding": "exclude_x", "repeat": 1, "status": "UNSAT", "solve_seconds": 0.0019394270002521807, "sat_stage_seconds": 0.0058184200006508036}
{"case_id": "c0089", "cell": "J50_p0.3", "encoding": "prefix", "repeat": 1, "status": "UNSAT", "solve_seconds": 0.005868835000001127, "sat_stage_seconds": 0.012265854000361287}
{"case_id": "c0089", "cell": "J50_p0.3", "encoding": "exclude_x", "repeat": 2, "status": "UNSAT", "solve_seconds": 0.0018217120014014654, "sat_stage_seconds": 0.005599906002316857}
{"case_id": "c0089", "cell": "J50_p0.3", "encoding": "prefix", "repeat": 2, "status": "UNSAT", "solve_seconds": 0.00486061900119239, "sat_stage_seconds": 0.00916836900069029}
{"case_id": "c0089", "cell": "J50_p0.3", "encoding": "exclude_h", "repeat": 2, "status": "UNSAT", "solve_seconds": 0.0018759930007945513, "sat_stage_seconds": 0.005734656999266008}
{"case_id": "c0071", "cell": "J35_w3", "encoding": "prefix", "repeat": 0, "status": "UNSAT", "solve_seconds": 0.010125204998985282, "sat_stage_seconds": 0.014055795998501708}
{"case_id": "c0071", "cell": "J35_w3", "encoding": "exclude_h", "repeat": 0, "status": "UNSAT", "solve_seconds": 0.006966484001168283, "sat_stage_seconds": 0.011269276001257822}
{"case_id": "c0071", "cell": "J35_w3", "encoding": "exclude_x", "repeat": 0, "status": "UNSAT", "solve_seconds": 0.006200998001077096, "sat_stage_seconds": 0.010325686000214773}
{"case_id": "c0071", "cell": "J35_w3", "encoding": "exclude_h", "repeat": 1, "status": "UNSAT", "solve_seconds": 0.0057539650006219745, "sat_stage_seconds": 0.009650705000240123}
{"case_id": "c0071", "cell": "J35_w3", "encoding": "exclude_x", "repeat": 1, "status": "UNSAT", "solve_seconds": 0.007022175999736646, "sat_stage_seconds": 0.010853649999262416}
{"case_id": "c0071", "cell": "J35_w3", "encoding": "prefix", "repeat": 1, "status": "UNSAT", "solve_seconds": 0.008355753998330329, "sat_stage_seconds": 0.012424758997440222}
{"case_id": "c0071", "cell": "J35_w3", "encoding": "exclude_x", "repeat": 2, "status": "UNSAT", "solve_seconds": 0.005995813999106758, "sat_stage_seconds": 0.010229202998743858}
{"case_id": "c0071", "cell": "J35_w3", "encoding": "prefix", "repeat": 2, "status": "UNSAT", "solve_seconds": 0.0075231700011499925, "sat_stage_seconds": 0.011625685001490638}
{"case_id": "c0071", "cell": "J35_w3", "encoding": "exclude_h", "repeat": 2, "status": "UNSAT", "solve_seconds": 0.005909195000640466, "sat_stage_seconds": 0.009789611000087461}
{"case_id": "c0171", "cell": "all_pairs", "encoding": "prefix", "repeat": 0, "status": "UNSAT", "solve_seconds": 0.008081637999566738, "sat_stage_seconds": 0.01280366200080607}
{"case_id": "c0171", "cell": "all_pairs", "encoding": "exclude_x", "repeat": 0, "status": "UNSAT", "solve_seconds": 0.006164944999909494, "sat_stage_seconds": 0.011071512999478728}
{"case_id": "c0171", "cell": "all_pairs", "encoding": "exclude_h", "repeat": 0, "status": "UNSAT", "solve_seconds": 0.005278270000417251, "sat_stage_seconds": 0.010291696000422235}
{"case_id": "c0171", "cell": "all_pairs", "encoding": "exclude_x", "repeat": 1, "status": "UNSAT", "solve_seconds": 0.0077638660004595295, "sat_stage_seconds": 0.015236120001645759}
{"case_id": "c0171", "cell": "all_pairs", "encoding": "exclude_h", "repeat": 1, "status": "UNSAT", "solve_seconds": 0.004742805000205408, "sat_stage_seconds": 0.011624052000115626}
{"case_id": "c0171", "cell": "all_pairs", "encoding": "prefix", "repeat": 1, "status": "UNSAT", "solve_seconds": 0.009532259000479826, "sat_stage_seconds": 0.015137052001591655}
{"case_id": "c0171", "cell": "all_pairs", "encoding": "exclude_h", "repeat": 2, "status": "UNSAT", "solve_seconds": 0.004179659999863361, "sat_stage_seconds": 0.010207792000073823}
{"case_id": "c0171", "cell": "all_pairs", "encoding": "prefix", "repeat": 2, "status": "UNSAT", "solve_seconds": 0.007960427999933017, "sat_stage_seconds": 0.012903339998956653}
{"case_id": "c0171", "cell": "all_pairs", "encoding": "exclude_x", "repeat": 2, "status": "UNSAT", "solve_seconds": 0.006513141999676009, "sat_stage_seconds": 0.012135070999647724}
{"case_id": "c0063", "cell": "J35_w2", "encoding": "exclude_x", "repeat": 0, "status": "UNSAT", "solve_seconds": 0.0034159269998781383, "sat_stage_seconds": 0.00618464400031371}
{"case_id": "c0063", "cell": "J35_w2", "encoding": "prefix", "repeat": 0, "status": "UNSAT", "solve_seconds": 0.007408128998577013, "sat_stage_seconds": 0.010297053999238415}
{"case_id": "c0063", "cell": "J35_w2", "encoding": "exclude_h", "repeat": 0, "status": "UNSAT", "solve_seconds": 0.0036168549995636567, "sat_stage_seconds": 0.006598357000257238}
{"case_id": "c0063", "cell": "J35_w2", "encoding": "prefix", "repeat": 1, "status": "UNSAT", "solve_seconds": 0.00713866899968707, "sat_stage_seconds": 0.010086401000080514}
{"case_id": "c0063", "cell": "J35_w2", "encoding": "exclude_h", "repeat": 1, "status": "UNSAT", "solve_seconds": 0.0038807169985375367, "sat_stage_seconds": 0.006643845999860787}
{"case_id": "c0063", "cell": "J35_w2", "encoding": "exclude_x", "repeat": 1, "status": "UNSAT", "solve_seconds": 0.003345982999235275, "sat_stage_seconds": 0.006151284000225132}
{"case_id": "c0063", "cell": "J35_w2", "encoding": "exclude_h", "repeat": 2, "status": "UNSAT", "solve_seconds": 0.003633770000305958, "sat_stage_seconds": 0.00609874600013427}
{"case_id": "c0063", "cell": "J35_w2", "encoding": "exclude_x", "repeat": 2, "status": "UNSAT", "solve_seconds": 0.003704104999997071, "sat_stage_seconds": 0.006497648000731715}
{"case_id": "c0063", "cell": "J35_w2", "encoding": "prefix", "repeat": 2, "status": "UNSAT", "solve_seconds": 0.0070099790009408025, "sat_stage_seconds": 0.009985662001781748}
{"case_id": "c0109", "cell": "J50_w3", "encoding": "exclude_h", "repeat": 0, "status": "UNSAT", "solve_seconds": 0.007372255000518635, "sat_stage_seconds": 0.012724414000331308}
{"case_id": "c0109", "cell": "J50_w3", "encoding": "prefix", "repeat": 0, "status": "UNSAT", "solve_seconds": 0.009712996999951429, "sat_stage_seconds": 0.014544784000463551}
{"case_id": "c0109", "cell": "J50_w3", "encoding": "exclude_x", "repeat": 0, "status": "UNSAT", "solve_seconds": 0.007463350000762148, "sat_stage_seconds": 0.012621521000255598}
{"case_id": "c0109", "cell": "J50_w3", "encoding": "prefix", "repeat": 1, "status": "UNSAT", "solve_seconds": 0.010241231000691187, "sat_stage_seconds": 0.015951139999742736}
{"case_id": "c0109", "cell": "J50_w3", "encoding": "exclude_x", "repeat": 1, "status": "UNSAT", "solve_seconds": 0.007223114000225905, "sat_stage_seconds": 0.012267256999621168}
{"case_id": "c0109", "cell": "J50_w3", "encoding": "exclude_h", "repeat": 1, "status": "UNSAT", "solve_seconds": 0.007266177999554202, "sat_stage_seconds": 0.012129331000323873}
{"case_id": "c0109", "cell": "J50_w3", "encoding": "exclude_x", "repeat": 2, "status": "UNSAT", "solve_seconds": 0.007411493999825325, "sat_stage_seconds": 0.012819026000215672}
{"case_id": "c0109", "cell": "J50_w3", "encoding": "exclude_h", "repeat": 2, "status": "UNSAT", "solve_seconds": 0.007553434999863384, "sat_stage_seconds": 0.012497798999902443}
{"case_id": "c0109", "cell": "J50_w3", "encoding": "prefix", "repeat": 2, "status": "UNSAT", "solve_seconds": 0.010248521999528748, "sat_stage_seconds": 0.015715861998614855}
{"case_id": "c0035", "cell": "J20_w5", "encoding": "exclude_x", "repeat": 0, "status": "UNSAT", "solve_seconds": 0.12083058099960908, "sat_stage_seconds": 0.12364153999988048}
{"case_id": "c0035", "cell": "J20_w5", "encoding": "exclude_h", "repeat": 0, "status": "UNSAT", "solve_seconds": 0.13092218000019784, "sat_stage_seconds": 0.1336957240000629}
{"case_id": "c0035", "cell": "J20_w5", "encoding": "prefix", "repeat": 0, "status": "UNSAT", "solve_seconds": 0.14499220099969534, "sat_stage_seconds": 0.1478135459983605}
{"case_id": "c0035", "cell": "J20_w5", "encoding": "exclude_h", "repeat": 1, "status": "UNSAT", "solve_seconds": 0.13046099199891614, "sat_stage_seconds": 0.1334389289986575}
{"case_id": "c0035", "cell": "J20_w5", "encoding": "prefix", "repeat": 1, "status": "UNSAT", "solve_seconds": 0.15005248600027699, "sat_stage_seconds": 0.15286884300076053}
{"case_id": "c0035", "cell": "J20_w5", "encoding": "exclude_x", "repeat": 1, "status": "UNSAT", "solve_seconds": 0.12440821500058519, "sat_stage_seconds": 0.12724456199975975}
{"case_id": "c0035", "cell": "J20_w5", "encoding": "prefix", "repeat": 2, "status": "UNSAT", "solve_seconds": 0.14271484799974132, "sat_stage_seconds": 0.14568670699918584}
{"case_id": "c0035", "cell": "J20_w5", "encoding": "exclude_x", "repeat": 2, "status": "UNSAT", "solve_seconds": 0.12384534000011627, "sat_stage_seconds": 0.12684169500062126}
{"case_id": "c0035", "cell": "J20_w5", "encoding": "exclude_h", "repeat": 2, "status": "UNSAT", "solve_seconds": 0.12707394899916835, "sat_stage_seconds": 0.1299057999985962}
{"case_id": "c0175", "cell": "all_triples", "encoding": "exclude_x", "repeat": 0, "status": "UNSAT", "solve_seconds": 0.01278038700002071, "sat_stage_seconds": 0.026894251999692642}
{"case_id": "c0175", "cell": "all_triples", "encoding": "prefix", "repeat": 0, "status": "UNSAT", "solve_seconds": 0.014548418999766, "sat_stage_seconds": 0.027825021999888122}
{"case_id": "c0175", "cell": "all_triples", "encoding": "exclude_h", "repeat": 0, "status": "UNSAT", "solve_seconds": 0.01303423399986059, "sat_stage_seconds": 0.026820131999556907}
{"case_id": "c0175", "cell": "all_triples", "encoding": "prefix", "repeat": 1, "status": "UNSAT", "solve_seconds": 0.01569450900024094, "sat_stage_seconds": 0.029435510999974213}
{"case_id": "c0175", "cell": "all_triples", "encoding": "exclude_h", "repeat": 1, "status": "UNSAT", "solve_seconds": 0.012132776999351336, "sat_stage_seconds": 0.026924416999463574}
{"case_id": "c0175", "cell": "all_triples", "encoding": "exclude_x", "repeat": 1, "status": "UNSAT", "solve_seconds": 0.012547201000415953, "sat_stage_seconds": 0.027617814999757684}
{"case_id": "c0175", "cell": "all_triples", "encoding": "exclude_h", "repeat": 2, "status": "UNSAT", "solve_seconds": 0.012113056998714455, "sat_stage_seconds": 0.026232470998365898}
{"case_id": "c0175", "cell": "all_triples", "encoding": "exclude_x", "repeat": 2, "status": "UNSAT", "solve_seconds": 0.013566804000220145, "sat_stage_seconds": 0.027161459000126342}
{"case_id": "c0175", "cell": "all_triples", "encoding": "prefix", "repeat": 2, "status": "UNSAT", "solve_seconds": 0.013260910000099102, "sat_stage_seconds": 0.026545605000137584}
{"case_id": "c0144", "cell": "J80_w2", "encoding": "exclude_h", "repeat": 0, "status": "UNSAT", "solve_seconds": 0.004958814999554306, "sat_stage_seconds": 0.009133726998697966}
{"case_id": "c0144", "cell": "J80_w2", "encoding": "exclude_x", "repeat": 0, "status": "UNSAT", "solve_seconds": 0.006235818998902687, "sat_stage_seconds": 0.01169576199936273}
{"case_id": "c0144", "cell": "J80_w2", "encoding": "prefix", "repeat": 0, "status": "UNSAT", "solve_seconds": 0.004680482999901869, "sat_stage_seconds": 0.009858623998297844}
{"case_id": "c0144", "cell": "J80_w2", "encoding": "exclude_x", "repeat": 1, "status": "UNSAT", "solve_seconds": 0.006341827000142075, "sat_stage_seconds": 0.010150345999136334}
{"case_id": "c0144", "cell": "J80_w2", "encoding": "prefix", "repeat": 1, "status": "UNSAT", "solve_seconds": 0.004959657000654261, "sat_stage_seconds": 0.009156842999800574}
{"case_id": "c0144", "cell": "J80_w2", "encoding": "exclude_h", "repeat": 1, "status": "UNSAT", "solve_seconds": 0.004982259999451344, "sat_stage_seconds": 0.00871952299894474}
{"case_id": "c0144", "cell": "J80_w2", "encoding": "prefix", "repeat": 2, "status": "UNSAT", "solve_seconds": 0.004975940000804258, "sat_stage_seconds": 0.008772301000135485}
{"case_id": "c0144", "cell": "J80_w2", "encoding": "exclude_h", "repeat": 2, "status": "UNSAT", "solve_seconds": 0.004563459000564762, "sat_stage_seconds": 0.008348512999873492}
{"case_id": "c0144", "cell": "J80_w2", "encoding": "exclude_x", "repeat": 2, "status": "UNSAT", "solve_seconds": 0.004481978001422249, "sat_stage_seconds": 0.008237669000664027}
{"case_id": "c0133", "cell": "J80_p0.5", "encoding": "prefix", "repeat": 0, "status": "UNSAT", "solve_seconds": 0.005829547000757884, "sat_stage_seconds": 0.010956743000861024}
{"case_id": "c0133", "cell": "J80_p0.5", "encoding": "exclude_x", "repeat": 0, "status": "UNSAT", "solve_seconds": 0.004845727000429179, "sat_stage_seconds": 0.01004862500121817}
{"case_id": "c0133", "cell": "J80_p0.5", "encoding": "exclude_h", "repeat": 0, "status": "UNSAT", "solve_seconds": 0.004572241999994731, "sat_stage_seconds": 0.009440772999369074}
{"case_id": "c0133", "cell": "J80_p0.5", "encoding": "exclude_x", "repeat": 1, "status": "UNSAT", "solve_seconds": 0.004550830999505706, "sat_stage_seconds": 0.00977621199854184}
{"case_id": "c0133", "cell": "J80_p0.5", "encoding": "exclude_h", "repeat": 1, "status": "UNSAT", "solve_seconds": 0.005105102000015904, "sat_stage_seconds": 0.01238853499853576}
{"case_id": "c0133", "cell": "J80_p0.5", "encoding": "prefix", "repeat": 1, "status": "UNSAT", "solve_seconds": 0.005903506000322523, "sat_stage_seconds": 0.01078018900079769}
{"case_id": "c0133", "cell": "J80_p0.5", "encoding": "exclude_h", "repeat": 2, "status": "UNSAT", "solve_seconds": 0.004836223999518552, "sat_stage_seconds": 0.01041465899834293}
{"case_id": "c0133", "cell": "J80_p0.5", "encoding": "prefix", "repeat": 2, "status": "UNSAT", "solve_seconds": 0.006327024999336572, "sat_stage_seconds": 0.011784029000409646}
{"case_id": "c0133", "cell": "J80_p0.5", "encoding": "exclude_x", "repeat": 2, "status": "UNSAT", "solve_seconds": 0.0049131069990835385, "sat_stage_seconds": 0.009851953000179492}
{"case_id": "c0134", "cell": "J80_p0.5", "encoding": "prefix", "repeat": 0, "status": "UNSAT", "solve_seconds": 0.013049195000348845, "sat_stage_seconds": 0.019868260000293958}
{"case_id": "c0134", "cell": "J80_p0.5", "encoding": "exclude_h", "repeat": 0, "status": "UNSAT", "solve_seconds": 0.01004254600047716, "sat_stage_seconds": 0.015915447000224958}
{"case_id": "c0134", "cell": "J80_p0.5", "encoding": "exclude_x", "repeat": 0, "status": "UNSAT", "solve_seconds": 0.009898443000565749, "sat_stage_seconds": 0.01632491500095057}
{"case_id": "c0134", "cell": "J80_p0.5", "encoding": "exclude_h", "repeat": 1, "status": "UNSAT", "solve_seconds": 0.009855869999228162, "sat_stage_seconds": 0.016998274997604312}
{"case_id": "c0134", "cell": "J80_p0.5", "encoding": "exclude_x", "repeat": 1, "status": "UNSAT", "solve_seconds": 0.010827661000803346, "sat_stage_seconds": 0.01768561300013971}
{"case_id": "c0134", "cell": "J80_p0.5", "encoding": "prefix", "repeat": 1, "status": "UNSAT", "solve_seconds": 0.018538227999670198, "sat_stage_seconds": 0.02620671200020297}
{"case_id": "c0134", "cell": "J80_p0.5", "encoding": "exclude_x", "repeat": 2, "status": "UNSAT", "solve_seconds": 0.010834950999196735, "sat_stage_seconds": 0.019286546999865095}
{"case_id": "c0134", "cell": "J80_p0.5", "encoding": "prefix", "repeat": 2, "status": "UNSAT", "solve_seconds": 0.013050307999947108, "sat_stage_seconds": 0.01977162799994403}
{"case_id": "c0134", "cell": "J80_p0.5", "encoding": "exclude_h", "repeat": 2, "status": "UNSAT", "solve_seconds": 0.010978074000377092, "sat_stage_seconds": 0.01873891499963065}
{"case_id": "c0173", "cell": "all_pairs", "encoding": "exclude_h", "repeat": 0, "status": "UNSAT", "solve_seconds": 0.004192159000012907, "sat_stage_seconds": 0.009163402999547543}
{"case_id": "c0173", "cell": "all_pairs", "encoding": "prefix", "repeat": 0, "status": "UNSAT", "solve_seconds": 0.008139653999023722, "sat_stage_seconds": 0.013328510998690035}
{"case_id": "c0173", "cell": "all_pairs", "encoding": "exclude_x", "repeat": 0, "status": "UNSAT", "solve_seconds": 0.006208369000887615, "sat_stage_seconds": 0.011351989001923357}
{"case_id": "c0173", "cell": "all_pairs", "encoding": "prefix", "repeat": 1, "status": "UNSAT", "solve_seconds": 0.007882221001636935, "sat_stage_seconds": 0.013206629002525005}
{"case_id": "c0173", "cell": "all_pairs", "encoding": "exclude_x", "repeat": 1, "status": "UNSAT", "solve_seconds": 0.006259816000238061, "sat_stage_seconds": 0.013470712001435459}
{"case_id": "c0173", "cell": "all_pairs", "encoding": "exclude_h", "repeat": 1, "status": "UNSAT", "solve_seconds": 0.006312172999969334, "sat_stage_seconds": 0.011418166999646928}
{"case_id": "c0173", "cell": "all_pairs", "encoding": "exclude_x", "repeat": 2, "status": "UNSAT", "solve_seconds": 0.006536966999192373, "sat_stage_seconds": 0.012441144997865194}
{"case_id": "c0173", "cell": "all_pairs", "encoding": "exclude_h", "repeat": 2, "status": "UNSAT", "solve_seconds": 0.003976838999733445, "sat_stage_seconds": 0.010918174999460462}
{"case_id": "c0173", "cell": "all_pairs", "encoding": "prefix", "repeat": 2, "status": "UNSAT", "solve_seconds": 0.008269515999927535, "sat_stage_seconds": 0.014038442999662948}
{"case_id": "c0072", "cell": "J35_w5", "encoding": "exclude_x", "repeat": 0, "status": "UNSAT", "solve_seconds": 0.1415193350003392, "sat_stage_seconds": 0.14660390700009884}
{"case_id": "c0072", "cell": "J35_w5", "encoding": "exclude_h", "repeat": 0, "status": "UNSAT", "solve_seconds": 0.12102185699950496, "sat_stage_seconds": 0.12615261700011615}
{"case_id": "c0072", "cell": "J35_w5", "encoding": "prefix", "repeat": 0, "status": "UNSAT", "solve_seconds": 0.1888222939996922, "sat_stage_seconds": 0.19466669299981731}
{"case_id": "c0072", "cell": "J35_w5", "encoding": "exclude_h", "repeat": 1, "status": "UNSAT", "solve_seconds": 0.12085236000166333, "sat_stage_seconds": 0.12549649800166662}
{"case_id": "c0072", "cell": "J35_w5", "encoding": "prefix", "repeat": 1, "status": "UNSAT", "solve_seconds": 0.16586348399869166, "sat_stage_seconds": 0.1711831649972737}
{"case_id": "c0072", "cell": "J35_w5", "encoding": "exclude_x", "repeat": 1, "status": "UNSAT", "solve_seconds": 0.12492578299861634, "sat_stage_seconds": 0.1296708319987374}
{"case_id": "c0072", "cell": "J35_w5", "encoding": "prefix", "repeat": 2, "status": "UNSAT", "solve_seconds": 0.14327472900004068, "sat_stage_seconds": 0.14776101399911568}
{"case_id": "c0072", "cell": "J35_w5", "encoding": "exclude_x", "repeat": 2, "status": "UNSAT", "solve_seconds": 0.12519037399943045, "sat_stage_seconds": 0.12966273699930753}
{"case_id": "c0072", "cell": "J35_w5", "encoding": "exclude_h", "repeat": 2, "status": "UNSAT", "solve_seconds": 0.11261781599932874, "sat_stage_seconds": 0.11694369299948448}
{"case_id": "c0051", "cell": "J35_p0.5", "encoding": "prefix", "repeat": 0, "status": "UNSAT", "solve_seconds": 0.014293991998783895, "sat_stage_seconds": 0.01922727999954077}
{"case_id": "c0051", "cell": "J35_p0.5", "encoding": "exclude_x", "repeat": 0, "status": "UNSAT", "solve_seconds": 0.011637071000222932, "sat_stage_seconds": 0.015944759999911184}
{"case_id": "c0051", "cell": "J35_p0.5", "encoding": "exclude_h", "repeat": 0, "status": "UNSAT", "solve_seconds": 0.010052910998638254, "sat_stage_seconds": 0.014008897998792236}
{"case_id": "c0051", "cell": "J35_p0.5", "encoding": "exclude_x", "repeat": 1, "status": "UNSAT", "solve_seconds": 0.008763688998442376, "sat_stage_seconds": 0.01382536699748016}
{"case_id": "c0051", "cell": "J35_p0.5", "encoding": "exclude_h", "repeat": 1, "status": "UNSAT", "solve_seconds": 0.012589714000569074, "sat_stage_seconds": 0.016731498000808642}
{"case_id": "c0051", "cell": "J35_p0.5", "encoding": "prefix", "repeat": 1, "status": "UNSAT", "solve_seconds": 0.015282198000932112, "sat_stage_seconds": 0.01937614000053145}
{"case_id": "c0051", "cell": "J35_p0.5", "encoding": "exclude_h", "repeat": 2, "status": "UNSAT", "solve_seconds": 0.008821784998872317, "sat_stage_seconds": 0.012868136998804403}
{"case_id": "c0051", "cell": "J35_p0.5", "encoding": "prefix", "repeat": 2, "status": "UNSAT", "solve_seconds": 0.013572702000601566, "sat_stage_seconds": 0.01854446600191295}
{"case_id": "c0051", "cell": "J35_p0.5", "encoding": "exclude_x", "repeat": 2, "status": "UNSAT", "solve_seconds": 0.009919033000187483, "sat_stage_seconds": 0.013851576000888599}
{"case_id": "c0176", "cell": "all_triples", "encoding": "exclude_h", "repeat": 0, "status": "UNSAT", "solve_seconds": 0.011680235000312678, "sat_stage_seconds": 0.027819594000902725}
{"case_id": "c0176", "cell": "all_triples", "encoding": "prefix", "repeat": 0, "status": "UNSAT", "solve_seconds": 0.01365205000001879, "sat_stage_seconds": 0.026699412999732886}
{"case_id": "c0176", "cell": "all_triples", "encoding": "exclude_x", "repeat": 0, "status": "UNSAT", "solve_seconds": 0.012469564999264549, "sat_stage_seconds": 0.025845985997875687}
{"case_id": "c0176", "cell": "all_triples", "encoding": "prefix", "repeat": 1, "status": "UNSAT", "solve_seconds": 0.013490749999618856, "sat_stage_seconds": 0.02637730499918689}
{"case_id": "c0176", "cell": "all_triples", "encoding": "exclude_x", "repeat": 1, "status": "UNSAT", "solve_seconds": 0.012093557999833138, "sat_stage_seconds": 0.024917509999795584}
{"case_id": "c0176", "cell": "all_triples", "encoding": "exclude_h", "repeat": 1, "status": "UNSAT", "solve_seconds": 0.012174918001619517, "sat_stage_seconds": 0.025054973000806058}
{"case_id": "c0176", "cell": "all_triples", "encoding": "exclude_x", "repeat": 2, "status": "UNSAT", "solve_seconds": 0.012095852000129526, "sat_stage_seconds": 0.024944830000094953}
{"case_id": "c0176", "cell": "all_triples", "encoding": "exclude_h", "repeat": 2, "status": "UNSAT", "solve_seconds": 0.011828234999484266, "sat_stage_seconds": 0.027157642000020132}
{"case_id": "c0176", "cell": "all_triples", "encoding": "prefix", "repeat": 2, "status": "UNSAT", "solve_seconds": 0.013463781000609742, "sat_stage_seconds": 0.02604371000052197}
{"case_id": "c0123", "cell": "J50_w1to3", "encoding": "prefix", "repeat": 0, "status": "UNSAT", "solve_seconds": 0.003944872001738986, "sat_stage_seconds": 0.007289803001185646}
{"case_id": "c0123", "cell": "J50_w1to3", "encoding": "exclude_x", "repeat": 0, "status": "UNSAT", "solve_seconds": 0.0017379780001647305, "sat_stage_seconds": 0.0038306120004563127}
{"case_id": "c0123", "cell": "J50_w1to3", "encoding": "exclude_h", "repeat": 0, "status": "UNSAT", "solve_seconds": 0.001655295000091428, "sat_stage_seconds": 0.0036934279996785335}
{"case_id": "c0123", "cell": "J50_w1to3", "encoding": "exclude_x", "repeat": 1, "status": "UNSAT", "solve_seconds": 0.0011310979989502812, "sat_stage_seconds": 0.0033267939998040674}
{"case_id": "c0123", "cell": "J50_w1to3", "encoding": "exclude_h", "repeat": 1, "status": "UNSAT", "solve_seconds": 0.0013910229990869993, "sat_stage_seconds": 0.0034699369989539264}
{"case_id": "c0123", "cell": "J50_w1to3", "encoding": "prefix", "repeat": 1, "status": "UNSAT", "solve_seconds": 0.003921076000551693, "sat_stage_seconds": 0.006195158999616979}
{"case_id": "c0123", "cell": "J50_w1to3", "encoding": "exclude_h", "repeat": 2, "status": "UNSAT", "solve_seconds": 0.0013973129989608424, "sat_stage_seconds": 0.0035139629981131293}
{"case_id": "c0123", "cell": "J50_w1to3", "encoding": "prefix", "repeat": 2, "status": "UNSAT", "solve_seconds": 0.0037928359997749794, "sat_stage_seconds": 0.006165724998936639}
{"case_id": "c0123", "cell": "J50_w1to3", "encoding": "exclude_x", "repeat": 2, "status": "UNSAT", "solve_seconds": 0.0011196100003871834, "sat_stage_seconds": 0.003206315001079929}
{"case_id": "c0122", "cell": "J50_w1to3", "encoding": "exclude_x", "repeat": 0, "status": "UNSAT", "solve_seconds": 0.0021507900000869995, "sat_stage_seconds": 0.004430161001437227}
{"case_id": "c0122", "cell": "J50_w1to3", "encoding": "prefix", "repeat": 0, "status": "UNSAT", "solve_seconds": 0.0038013190005585784, "sat_stage_seconds": 0.006303901000137557}
{"case_id": "c0122", "cell": "J50_w1to3", "encoding": "exclude_h", "repeat": 0, "status": "UNSAT", "solve_seconds": 0.001680323000982753, "sat_stage_seconds": 0.004000805001851404}
{"case_id": "c0122", "cell": "J50_w1to3", "encoding": "prefix", "repeat": 1, "status": "UNSAT", "solve_seconds": 0.0039795230004529, "sat_stage_seconds": 0.006395016000169562}
{"case_id": "c0122", "cell": "J50_w1to3", "encoding": "exclude_h", "repeat": 1, "status": "UNSAT", "solve_seconds": 0.001648294999540667, "sat_stage_seconds": 0.003882628998326254}
{"case_id": "c0122", "cell": "J50_w1to3", "encoding": "exclude_x", "repeat": 1, "status": "UNSAT", "solve_seconds": 0.0021885660007683327, "sat_stage_seconds": 0.004665500000555767}
{"case_id": "c0122", "cell": "J50_w1to3", "encoding": "exclude_h", "repeat": 2, "status": "UNSAT", "solve_seconds": 0.001725358999465243, "sat_stage_seconds": 0.003963609000493307}
{"case_id": "c0122", "cell": "J50_w1to3", "encoding": "exclude_x", "repeat": 2, "status": "UNSAT", "solve_seconds": 0.0022367469991877442, "sat_stage_seconds": 0.004471652000574977}
{"case_id": "c0122", "cell": "J50_w1to3", "encoding": "prefix", "repeat": 2, "status": "UNSAT", "solve_seconds": 0.0037546690000453964, "sat_stage_seconds": 0.006401635999282007}
{"case_id": "c0157", "cell": "J80_w5", "encoding": "exclude_h", "repeat": 0, "status": "UNSAT", "solve_seconds": 0.2123187790002703, "sat_stage_seconds": 0.22182932600117056}
{"case_id": "c0157", "cell": "J80_w5", "encoding": "prefix", "repeat": 0, "status": "UNSAT", "solve_seconds": 0.22097251399827655, "sat_stage_seconds": 0.23025532299834595}
{"case_id": "c0157", "cell": "J80_w5", "encoding": "exclude_x", "repeat": 0, "status": "UNSAT", "solve_seconds": 0.22030793799967796, "sat_stage_seconds": 0.22957794800095144}
{"case_id": "c0157", "cell": "J80_w5", "encoding": "prefix", "repeat": 1, "status": "UNSAT", "solve_seconds": 0.21871137999914936, "sat_stage_seconds": 0.22729931799949554}
{"case_id": "c0157", "cell": "J80_w5", "encoding": "exclude_x", "repeat": 1, "status": "UNSAT", "solve_seconds": 0.2135591080004815, "sat_stage_seconds": 0.22283482700004242}
{"case_id": "c0157", "cell": "J80_w5", "encoding": "exclude_h", "repeat": 1, "status": "UNSAT", "solve_seconds": 0.22474775400041835, "sat_stage_seconds": 0.23367497499930323}
{"case_id": "c0157", "cell": "J80_w5", "encoding": "exclude_x", "repeat": 2, "status": "UNSAT", "solve_seconds": 0.2050060609999491, "sat_stage_seconds": 0.21414279300006456}
{"case_id": "c0157", "cell": "J80_w5", "encoding": "exclude_h", "repeat": 2, "status": "UNSAT", "solve_seconds": 0.21155330300098285, "sat_stage_seconds": 0.22585265300040192}
{"case_id": "c0157", "cell": "J80_w5", "encoding": "prefix", "repeat": 2, "status": "UNSAT", "solve_seconds": 0.21687699900030566, "sat_stage_seconds": 0.22618960199906724}
{"case_id": "c0081", "cell": "J35_w1to3", "encoding": "exclude_x", "repeat": 0, "status": "UNSAT", "solve_seconds": 0.0013291810009832261, "sat_stage_seconds": 0.003062441999645671}
{"case_id": "c0081", "cell": "J35_w1to3", "encoding": "exclude_h", "repeat": 0, "status": "UNSAT", "solve_seconds": 0.0009380810006405227, "sat_stage_seconds": 0.0028288550001889234}
{"case_id": "c0081", "cell": "J35_w1to3", "encoding": "prefix", "repeat": 0, "status": "UNSAT", "solve_seconds": 0.004498542000874295, "sat_stage_seconds": 0.006283328999415971}
{"case_id": "c0081", "cell": "J35_w1to3", "encoding": "exclude_h", "repeat": 1, "status": "UNSAT", "solve_seconds": 0.0009401040006196126, "sat_stage_seconds": 0.00269373499941139}
{"case_id": "c0081", "cell": "J35_w1to3", "encoding": "prefix", "repeat": 1, "status": "UNSAT", "solve_seconds": 0.003964380000979872, "sat_stage_seconds": 0.0058019860025524395}
{"case_id": "c0081", "cell": "J35_w1to3", "encoding": "exclude_x", "repeat": 1, "status": "UNSAT", "solve_seconds": 0.0015032989995233947, "sat_stage_seconds": 0.0031897709995973855}
{"case_id": "c0081", "cell": "J35_w1to3", "encoding": "prefix", "repeat": 2, "status": "UNSAT", "solve_seconds": 0.004174271000010776, "sat_stage_seconds": 0.006168698999317712}
{"case_id": "c0081", "cell": "J35_w1to3", "encoding": "exclude_x", "repeat": 2, "status": "UNSAT", "solve_seconds": 0.0012684020002780017, "sat_stage_seconds": 0.0031124170000111917}
{"case_id": "c0081", "cell": "J35_w1to3", "encoding": "exclude_h", "repeat": 2, "status": "UNSAT", "solve_seconds": 0.0009206060003634775, "sat_stage_seconds": 0.002493318999768235}
{"case_id": "c0038", "cell": "J20_w1to3", "encoding": "prefix", "repeat": 0, "status": "UNSAT", "solve_seconds": 0.006150332999823149, "sat_stage_seconds": 0.00810048600033042}
{"case_id": "c0038", "cell": "J20_w1to3", "encoding": "exclude_x", "repeat": 0, "status": "UNSAT", "solve_seconds": 0.0037093119990458945, "sat_stage_seconds": 0.005689758998414618}
{"case_id": "c0038", "cell": "J20_w1to3", "encoding": "exclude_h", "repeat": 0, "status": "UNSAT", "solve_seconds": 0.002645074000611203, "sat_stage_seconds": 0.004563409000184038}
{"case_id": "c0038", "cell": "J20_w1to3", "encoding": "exclude_x", "repeat": 1, "status": "UNSAT", "solve_seconds": 0.002924096999777248, "sat_stage_seconds": 0.004866977998972288}
{"case_id": "c0038", "cell": "J20_w1to3", "encoding": "exclude_h", "repeat": 1, "status": "UNSAT", "solve_seconds": 0.0027112120005767792, "sat_stage_seconds": 0.00476133300071524}
{"case_id": "c0038", "cell": "J20_w1to3", "encoding": "prefix", "repeat": 1, "status": "UNSAT", "solve_seconds": 0.005996734998916509, "sat_stage_seconds": 0.008091962999969837}
{"case_id": "c0038", "cell": "J20_w1to3", "encoding": "exclude_h", "repeat": 2, "status": "UNSAT", "solve_seconds": 0.002880573001675657, "sat_stage_seconds": 0.0046774380025453866}
{"case_id": "c0038", "cell": "J20_w1to3", "encoding": "prefix", "repeat": 2, "status": "UNSAT", "solve_seconds": 0.006226726000022609, "sat_stage_seconds": 0.008249525999417529}
{"case_id": "c0038", "cell": "J20_w1to3", "encoding": "exclude_x", "repeat": 2, "status": "UNSAT", "solve_seconds": 0.0025400979993719375, "sat_stage_seconds": 0.004457311999431113}
{"case_id": "c0156", "cell": "J80_w5", "encoding": "prefix", "repeat": 0, "status": "UNSAT", "solve_seconds": 0.18817015900094702, "sat_stage_seconds": 0.19675255900074262}
{"case_id": "c0156", "cell": "J80_w5", "encoding": "exclude_h", "repeat": 0, "status": "UNSAT", "solve_seconds": 0.19936631599921384, "sat_stage_seconds": 0.20770075899963558}
{"case_id": "c0156", "cell": "J80_w5", "encoding": "exclude_x", "repeat": 0, "status": "UNSAT", "solve_seconds": 0.24158145300134493, "sat_stage_seconds": 0.24986638200061861}
{"case_id": "c0156", "cell": "J80_w5", "encoding": "exclude_h", "repeat": 1, "status": "UNSAT", "solve_seconds": 0.1959608749984909, "sat_stage_seconds": 0.20427227299842343}
{"case_id": "c0156", "cell": "J80_w5", "encoding": "exclude_x", "repeat": 1, "status": "UNSAT", "solve_seconds": 0.24690265599929262, "sat_stage_seconds": 0.255249145999187}
{"case_id": "c0156", "cell": "J80_w5", "encoding": "prefix", "repeat": 1, "status": "UNSAT", "solve_seconds": 0.18718465699930675, "sat_stage_seconds": 0.1956549709993851}
{"case_id": "c0156", "cell": "J80_w5", "encoding": "exclude_x", "repeat": 2, "status": "UNSAT", "solve_seconds": 0.23364551199847483, "sat_stage_seconds": 0.2421313389986608}
{"case_id": "c0156", "cell": "J80_w5", "encoding": "prefix", "repeat": 2, "status": "UNSAT", "solve_seconds": 0.17806360800022958, "sat_stage_seconds": 0.18645275100061554}
{"case_id": "c0156", "cell": "J80_w5", "encoding": "exclude_h", "repeat": 2, "status": "UNSAT", "solve_seconds": 0.19771290300013789, "sat_stage_seconds": 0.20594013600020844}
{"case_id": "c0181", "cell": "cubic_cycle_matching", "encoding": "exclude_x", "repeat": 0, "status": "UNSAT", "solve_seconds": 0.0025222020012733992, "sat_stage_seconds": 0.004329583001890569}
{"case_id": "c0181", "cell": "cubic_cycle_matching", "encoding": "exclude_h", "repeat": 0, "status": "UNSAT", "solve_seconds": 0.002648538000357803, "sat_stage_seconds": 0.004392204000396305}
{"case_id": "c0181", "cell": "cubic_cycle_matching", "encoding": "prefix", "repeat": 0, "status": "UNSAT", "solve_seconds": 0.004551330999674974, "sat_stage_seconds": 0.00678971100023773}
{"case_id": "c0181", "cell": "cubic_cycle_matching", "encoding": "exclude_h", "repeat": 1, "status": "UNSAT", "solve_seconds": 0.0026551280006970046, "sat_stage_seconds": 0.00442482300059055}
{"case_id": "c0181", "cell": "cubic_cycle_matching", "encoding": "prefix", "repeat": 1, "status": "UNSAT", "solve_seconds": 0.004510980999839376, "sat_stage_seconds": 0.006477417000496644}
{"case_id": "c0181", "cell": "cubic_cycle_matching", "encoding": "exclude_x", "repeat": 1, "status": "UNSAT", "solve_seconds": 0.0025165619990730193, "sat_stage_seconds": 0.004292445999453776}
{"case_id": "c0181", "cell": "cubic_cycle_matching", "encoding": "prefix", "repeat": 2, "status": "UNSAT", "solve_seconds": 0.00417013600053906, "sat_stage_seconds": 0.006213377000676701}
{"case_id": "c0181", "cell": "cubic_cycle_matching", "encoding": "exclude_x", "repeat": 2, "status": "UNSAT", "solve_seconds": 0.0024878599997464335, "sat_stage_seconds": 0.004291754999940167}
{"case_id": "c0181", "cell": "cubic_cycle_matching", "encoding": "exclude_h", "repeat": 2, "status": "UNSAT", "solve_seconds": 0.0026617780004016822, "sat_stage_seconds": 0.004403200000524521}
{"case_id": "c0068", "cell": "J35_w3", "encoding": "prefix", "repeat": 0, "status": "UNSAT", "solve_seconds": 0.004783485001098597, "sat_stage_seconds": 0.009051536000697524}
{"case_id": "c0068", "cell": "J35_w3", "encoding": "exclude_x", "repeat": 0, "status": "UNSAT", "solve_seconds": 0.0044124449996161275, "sat_stage_seconds": 0.00833483299902582}
{"case_id": "c0068", "cell": "J35_w3", "encoding": "exclude_h", "repeat": 0, "status": "UNSAT", "solve_seconds": 0.0048872190000111004, "sat_stage_seconds": 0.010370021000198903}
{"case_id": "c0068", "cell": "J35_w3", "encoding": "exclude_x", "repeat": 1, "status": "UNSAT", "solve_seconds": 0.004109985999093624, "sat_stage_seconds": 0.008482982999339583}
{"case_id": "c0068", "cell": "J35_w3", "encoding": "exclude_h", "repeat": 1, "status": "UNSAT", "solve_seconds": 0.0036893619999318616, "sat_stage_seconds": 0.007750135000605951}
{"case_id": "c0068", "cell": "J35_w3", "encoding": "prefix", "repeat": 1, "status": "UNSAT", "solve_seconds": 0.004958524999892688, "sat_stage_seconds": 0.009105656999963685}
{"case_id": "c0068", "cell": "J35_w3", "encoding": "exclude_h", "repeat": 2, "status": "UNSAT", "solve_seconds": 0.0037520660007430706, "sat_stage_seconds": 0.007770617001369828}
{"case_id": "c0068", "cell": "J35_w3", "encoding": "prefix", "repeat": 2, "status": "UNSAT", "solve_seconds": 0.004777836998982821, "sat_stage_seconds": 0.008829816999423201}
{"case_id": "c0068", "cell": "J35_w3", "encoding": "exclude_x", "repeat": 2, "status": "UNSAT", "solve_seconds": 0.0035009330003958894, "sat_stage_seconds": 0.007459956001184764}
{"case_id": "c0121", "cell": "J50_w1to3", "encoding": "prefix", "repeat": 0, "status": "UNSAT", "solve_seconds": 0.0031154410007729894, "sat_stage_seconds": 0.004946948001816054}
{"case_id": "c0121", "cell": "J50_w1to3", "encoding": "exclude_x", "repeat": 0, "status": "UNSAT", "solve_seconds": 0.0011704860007739626, "sat_stage_seconds": 0.0029302260008989833}
{"case_id": "c0121", "cell": "J50_w1to3", "encoding": "exclude_h", "repeat": 0, "status": "UNSAT", "solve_seconds": 0.0009973690011975123, "sat_stage_seconds": 0.0026553390016488265}
{"case_id": "c0121", "cell": "J50_w1to3", "encoding": "exclude_x", "repeat": 1, "status": "UNSAT", "solve_seconds": 0.0012279420006962027, "sat_stage_seconds": 0.002722799001276144}
{"case_id": "c0121", "cell": "J50_w1to3", "encoding": "exclude_h", "repeat": 1, "status": "UNSAT", "solve_seconds": 0.0010002529998018872, "sat_stage_seconds": 0.002536420999604161}
{"case_id": "c0121", "cell": "J50_w1to3", "encoding": "prefix", "repeat": 1, "status": "UNSAT", "solve_seconds": 0.003065397000682424, "sat_stage_seconds": 0.004833089000385371}
{"case_id": "c0121", "cell": "J50_w1to3", "encoding": "exclude_h", "repeat": 2, "status": "UNSAT", "solve_seconds": 0.0010005940002884017, "sat_stage_seconds": 0.0024843449991749367}
{"case_id": "c0121", "cell": "J50_w1to3", "encoding": "prefix", "repeat": 2, "status": "UNSAT", "solve_seconds": 0.003010915999766439, "sat_stage_seconds": 0.0047240969997801585}
{"case_id": "c0121", "cell": "J50_w1to3", "encoding": "exclude_x", "repeat": 2, "status": "UNSAT", "solve_seconds": 0.0011171370006195502, "sat_stage_seconds": 0.002658053001141525}
{"case_id": "c0008", "cell": "J20_p0.5", "encoding": "prefix", "repeat": 0, "status": "UNSAT", "solve_seconds": 0.15228662300069118, "sat_stage_seconds": 0.15501643200150284}
{"case_id": "c0008", "cell": "J20_p0.5", "encoding": "exclude_h", "repeat": 0, "status": "UNSAT", "solve_seconds": 0.08675031399980071, "sat_stage_seconds": 0.09441771699857782}
{"case_id": "c0008", "cell": "J20_p0.5", "encoding": "exclude_x", "repeat": 0, "status": "UNSAT", "solve_seconds": 0.10540420500001346, "sat_stage_seconds": 0.11063014600040333}
{"case_id": "c0008", "cell": "J20_p0.5", "encoding": "exclude_h", "repeat": 1, "status": "UNSAT", "solve_seconds": 0.08807684299972607, "sat_stage_seconds": 0.09078830399994331}
{"case_id": "c0008", "cell": "J20_p0.5", "encoding": "exclude_x", "repeat": 1, "status": "UNSAT", "solve_seconds": 0.0993758530003106, "sat_stage_seconds": 0.10303994800051441}
{"case_id": "c0008", "cell": "J20_p0.5", "encoding": "prefix", "repeat": 1, "status": "UNSAT", "solve_seconds": 0.15208759900087898, "sat_stage_seconds": 0.15521647999958077}
{"case_id": "c0008", "cell": "J20_p0.5", "encoding": "exclude_x", "repeat": 2, "status": "UNSAT", "solve_seconds": 0.0935409570010961, "sat_stage_seconds": 0.09651547900102742}
{"case_id": "c0008", "cell": "J20_p0.5", "encoding": "prefix", "repeat": 2, "status": "UNSAT", "solve_seconds": 0.1403499180014478, "sat_stage_seconds": 0.14341765900098835}
{"case_id": "c0008", "cell": "J20_p0.5", "encoding": "exclude_h", "repeat": 2, "status": "UNSAT", "solve_seconds": 0.10341121800047404, "sat_stage_seconds": 0.10762443800012989}
{"case_id": "c0178", "cell": "block_pairs4_identity6", "encoding": "exclude_h", "repeat": 0, "status": "UNSAT", "solve_seconds": 0.0013626309992105234, "sat_stage_seconds": 0.0031410779993166216}
{"case_id": "c0178", "cell": "block_pairs4_identity6", "encoding": "prefix", "repeat": 0, "status": "UNSAT", "solve_seconds": 0.004776494999532588, "sat_stage_seconds": 0.006608862999200937}
{"case_id": "c0178", "cell": "block_pairs4_identity6", "encoding": "exclude_x", "repeat": 0, "status": "UNSAT", "solve_seconds": 0.0013345790011953795, "sat_stage_seconds": 0.003334325001560501}
{"case_id": "c0178", "cell": "block_pairs4_identity6", "encoding": "prefix", "repeat": 1, "status": "UNSAT", "solve_seconds": 0.003764783999940846, "sat_stage_seconds": 0.005488860999321332}
{"case_id": "c0178", "cell": "block_pairs4_identity6", "encoding": "exclude_x", "repeat": 1, "status": "UNSAT", "solve_seconds": 0.0013508940010069637, "sat_stage_seconds": 0.0029297159999259748}
{"case_id": "c0178", "cell": "block_pairs4_identity6", "encoding": "exclude_h", "repeat": 1, "status": "UNSAT", "solve_seconds": 0.0013448049994622124, "sat_stage_seconds": 0.0028419859991117846}
{"case_id": "c0178", "cell": "block_pairs4_identity6", "encoding": "exclude_x", "repeat": 2, "status": "UNSAT", "solve_seconds": 0.0013057360010861885, "sat_stage_seconds": 0.0028917080016981345}
{"case_id": "c0178", "cell": "block_pairs4_identity6", "encoding": "exclude_h", "repeat": 2, "status": "UNSAT", "solve_seconds": 0.001280728998608538, "sat_stage_seconds": 0.0028927599978487706}
{"case_id": "c0178", "cell": "block_pairs4_identity6", "encoding": "prefix", "repeat": 2, "status": "UNSAT", "solve_seconds": 0.00362974400013627, "sat_stage_seconds": 0.006016534998707357}
{"case_id": "c0170", "cell": "cycle10", "encoding": "exclude_x", "repeat": 0, "status": "SAT", "solve_seconds": 0.00018519500008551404, "sat_stage_seconds": 0.0018548520001786528}
{"case_id": "c0170", "cell": "cycle10", "encoding": "exclude_h", "repeat": 0, "status": "SAT", "solve_seconds": 0.00019342700034030713, "sat_stage_seconds": 0.0016453000007459195}
{"case_id": "c0170", "cell": "cycle10", "encoding": "prefix", "repeat": 0, "status": "SAT", "solve_seconds": 0.0014654440001322655, "sat_stage_seconds": 0.0031714540000393754}
{"case_id": "c0170", "cell": "cycle10", "encoding": "exclude_h", "repeat": 1, "status": "SAT", "solve_seconds": 0.00020413300080690533, "sat_stage_seconds": 0.001634895001188852}
{"case_id": "c0170", "cell": "cycle10", "encoding": "prefix", "repeat": 1, "status": "SAT", "solve_seconds": 0.0014304109990916913, "sat_stage_seconds": 0.0031124659999477444}
{"case_id": "c0170", "cell": "cycle10", "encoding": "exclude_x", "repeat": 1, "status": "SAT", "solve_seconds": 0.00018407300012768246, "sat_stage_seconds": 0.0016457710007671267}
{"case_id": "c0170", "cell": "cycle10", "encoding": "prefix", "repeat": 2, "status": "SAT", "solve_seconds": 0.0015090580000105547, "sat_stage_seconds": 0.005572564999965834}
{"case_id": "c0170", "cell": "cycle10", "encoding": "exclude_x", "repeat": 2, "status": "SAT", "solve_seconds": 0.00017778400069801137, "sat_stage_seconds": 0.0015312020004785154}
{"case_id": "c0170", "cell": "cycle10", "encoding": "exclude_h", "repeat": 2, "status": "SAT", "solve_seconds": 0.0001864770001702709, "sat_stage_seconds": 0.0015125440004339907}
{"case_id": "c0104", "cell": "J50_w2", "encoding": "exclude_x", "repeat": 0, "status": "UNSAT", "solve_seconds": 0.0039264740007638466, "sat_stage_seconds": 0.007209915000203182}
{"case_id": "c0104", "cell": "J50_w2", "encoding": "exclude_h", "repeat": 0, "status": "UNSAT", "solve_seconds": 0.003737983999599237, "sat_stage_seconds": 0.006870760998936021}
{"case_id": "c0104", "cell": "J50_w2", "encoding": "prefix", "repeat": 0, "status": "UNSAT", "solve_seconds": 0.006586039000467281, "sat_stage_seconds": 0.009924360001605237}
{"case_id": "c0104", "cell": "J50_w2", "encoding": "exclude_h", "repeat": 1, "status": "UNSAT", "solve_seconds": 0.003854386999591952, "sat_stage_seconds": 0.00717530299880309}
{"case_id": "c0104", "cell": "J50_w2", "encoding": "prefix", "repeat": 1, "status": "UNSAT", "solve_seconds": 0.006116803999248077, "sat_stage_seconds": 0.00934781700016174}
{"case_id": "c0104", "cell": "J50_w2", "encoding": "exclude_x", "repeat": 1, "status": "UNSAT", "solve_seconds": 0.004007544001069618, "sat_stage_seconds": 0.007157696001740987}
{"case_id": "c0104", "cell": "J50_w2", "encoding": "prefix", "repeat": 2, "status": "UNSAT", "solve_seconds": 0.006552039001689991, "sat_stage_seconds": 0.009967285001039272}
{"case_id": "c0104", "cell": "J50_w2", "encoding": "exclude_x", "repeat": 2, "status": "UNSAT", "solve_seconds": 0.003913434999049059, "sat_stage_seconds": 0.007116865997886634}
{"case_id": "c0104", "cell": "J50_w2", "encoding": "exclude_h", "repeat": 2, "status": "UNSAT", "solve_seconds": 0.0038041019997763215, "sat_stage_seconds": 0.007000132000030135}
{"case_id": "c0053", "cell": "J35_p0.5", "encoding": "prefix", "repeat": 0, "status": "UNSAT", "solve_seconds": 0.0070842180011823075, "sat_stage_seconds": 0.010918335001406376}
{"case_id": "c0053", "cell": "J35_p0.5", "encoding": "exclude_h", "repeat": 0, "status": "UNSAT", "solve_seconds": 0.006683604000500054, "sat_stage_seconds": 0.01031492999936745}
{"case_id": "c0053", "cell": "J35_p0.5", "encoding": "exclude_x", "repeat": 0, "status": "UNSAT", "solve_seconds": 0.006819965999966371, "sat_stage_seconds": 0.01045009100016614}
{"case_id": "c0053", "cell": "J35_p0.5", "encoding": "exclude_h", "repeat": 1, "status": "UNSAT", "solve_seconds": 0.007107412999175722, "sat_stage_seconds": 0.01095398799952818}
{"case_id": "c0053", "cell": "J35_p0.5", "encoding": "exclude_x", "repeat": 1, "status": "UNSAT", "solve_seconds": 0.0068306409993965644, "sat_stage_seconds": 0.010853197998585529}
{"case_id": "c0053", "cell": "J35_p0.5", "encoding": "prefix", "repeat": 1, "status": "UNSAT", "solve_seconds": 0.0071581180000066524, "sat_stage_seconds": 0.010989410999172833}
{"case_id": "c0053", "cell": "J35_p0.5", "encoding": "exclude_x", "repeat": 2, "status": "UNSAT", "solve_seconds": 0.007058739000058267, "sat_stage_seconds": 0.01073150699994585}
{"case_id": "c0053", "cell": "J35_p0.5", "encoding": "prefix", "repeat": 2, "status": "UNSAT", "solve_seconds": 0.007745077999061323, "sat_stage_seconds": 0.012156280999988667}
{"case_id": "c0053", "cell": "J35_p0.5", "encoding": "exclude_h", "repeat": 2, "status": "UNSAT", "solve_seconds": 0.00793567099935899, "sat_stage_seconds": 0.011850587998196715}
{"case_id": "c0067", "cell": "J35_w3", "encoding": "prefix", "repeat": 0, "status": "UNSAT", "solve_seconds": 0.01068980600030045, "sat_stage_seconds": 0.01476130499941064}
{"case_id": "c0067", "cell": "J35_w3", "encoding": "exclude_h", "repeat": 0, "status": "UNSAT", "solve_seconds": 0.005321904000084032, "sat_stage_seconds": 0.00898836199849029}
{"case_id": "c0067", "cell": "J35_w3", "encoding": "exclude_x", "repeat": 0, "status": "UNSAT", "solve_seconds": 0.005639696000798722, "sat_stage_seconds": 0.009352432000014232}
{"case_id": "c0067", "cell": "J35_w3", "encoding": "exclude_h", "repeat": 1, "status": "UNSAT", "solve_seconds": 0.005314312998962123, "sat_stage_seconds": 0.008986970999103505}
{"case_id": "c0067", "cell": "J35_w3", "encoding": "exclude_x", "repeat": 1, "status": "UNSAT", "solve_seconds": 0.005612263999864808, "sat_stage_seconds": 0.009225703999618418}
{"case_id": "c0067", "cell": "J35_w3", "encoding": "prefix", "repeat": 1, "status": "UNSAT", "solve_seconds": 0.009828729000219028, "sat_stage_seconds": 0.014180142999975942}
{"case_id": "c0067", "cell": "J35_w3", "encoding": "exclude_x", "repeat": 2, "status": "UNSAT", "solve_seconds": 0.0059898750005231705, "sat_stage_seconds": 0.009720969001136837}
{"case_id": "c0067", "cell": "J35_w3", "encoding": "prefix", "repeat": 2, "status": "UNSAT", "solve_seconds": 0.00977907499873254, "sat_stage_seconds": 0.013576927998656174}
{"case_id": "c0067", "cell": "J35_w3", "encoding": "exclude_h", "repeat": 2, "status": "UNSAT", "solve_seconds": 0.005636400001094444, "sat_stage_seconds": 0.009486210999966715}
{"case_id": "c0107", "cell": "J50_w2", "encoding": "prefix", "repeat": 0, "status": "UNSAT", "solve_seconds": 0.015620289999787929, "sat_stage_seconds": 0.024078516000372474}
{"case_id": "c0107", "cell": "J50_w2", "encoding": "exclude_x", "repeat": 0, "status": "UNSAT", "solve_seconds": 0.004689134999352973, "sat_stage_seconds": 0.007910873999207979}
{"case_id": "c0107", "cell": "J50_w2", "encoding": "exclude_h", "repeat": 0, "status": "UNSAT", "solve_seconds": 0.003725086000486044, "sat_stage_seconds": 0.006845694999356056}
{"case_id": "c0107", "cell": "J50_w2", "encoding": "exclude_x", "repeat": 1, "status": "UNSAT", "solve_seconds": 0.004520824999417528, "sat_stage_seconds": 0.007716485000855755}
{"case_id": "c0107", "cell": "J50_w2", "encoding": "exclude_h", "repeat": 1, "status": "UNSAT", "solve_seconds": 0.0035922180013585603, "sat_stage_seconds": 0.0067098920007993}
{"case_id": "c0107", "cell": "J50_w2", "encoding": "prefix", "repeat": 1, "status": "UNSAT", "solve_seconds": 0.005887944000278367, "sat_stage_seconds": 0.009177604000797146}
{"case_id": "c0107", "cell": "J50_w2", "encoding": "exclude_h", "repeat": 2, "status": "UNSAT", "solve_seconds": 0.003558779000741197, "sat_stage_seconds": 0.006616303999180673}
{"case_id": "c0107", "cell": "J50_w2", "encoding": "prefix", "repeat": 2, "status": "UNSAT", "solve_seconds": 0.005851879999681842, "sat_stage_seconds": 0.009055683000042336}
{"case_id": "c0107", "cell": "J50_w2", "encoding": "exclude_x", "repeat": 2, "status": "UNSAT", "solve_seconds": 0.005370725999455317, "sat_stage_seconds": 0.008505955998771242}
{"case_id": "c0108", "cell": "J50_w3", "encoding": "exclude_x", "repeat": 0, "status": "UNSAT", "solve_seconds": 0.005672142999173957, "sat_stage_seconds": 0.010134962998563424}
{"case_id": "c0108", "cell": "J50_w3", "encoding": "prefix", "repeat": 0, "status": "UNSAT", "solve_seconds": 0.005444395001177327, "sat_stage_seconds": 0.00988806600071257}
{"case_id": "c0108", "cell": "J50_w3", "encoding": "exclude_h", "repeat": 0, "status": "UNSAT", "solve_seconds": 0.00682886899994628, "sat_stage_seconds": 0.012519218998932047}
{"case_id": "c0108", "cell": "J50_w3", "encoding": "prefix", "repeat": 1, "status": "UNSAT", "solve_seconds": 0.005820324000524124, "sat_stage_seconds": 0.010390783001639647}
{"case_id": "c0108", "cell": "J50_w3", "encoding": "exclude_h", "repeat": 1, "status": "UNSAT", "solve_seconds": 0.006219904998943093, "sat_stage_seconds": 0.010916310999164125}
{"case_id": "c0108", "cell": "J50_w3", "encoding": "exclude_x", "repeat": 1, "status": "UNSAT", "solve_seconds": 0.005488131000674912, "sat_stage_seconds": 0.009949008001058246}
{"case_id": "c0108", "cell": "J50_w3", "encoding": "exclude_h", "repeat": 2, "status": "UNSAT", "solve_seconds": 0.005896626000321703, "sat_stage_seconds": 0.010197354000410996}
{"case_id": "c0108", "cell": "J50_w3", "encoding": "exclude_x", "repeat": 2, "status": "UNSAT", "solve_seconds": 0.005487148999236524, "sat_stage_seconds": 0.010111297999173985}
{"case_id": "c0108", "cell": "J50_w3", "encoding": "prefix", "repeat": 2, "status": "UNSAT", "solve_seconds": 0.005299530999764102, "sat_stage_seconds": 0.00966210200022033}
{"case_id": "c0152", "cell": "J80_w3", "encoding": "exclude_x", "repeat": 0, "status": "UNSAT", "solve_seconds": 0.006354065000778064, "sat_stage_seconds": 0.012382737000734778}
{"case_id": "c0152", "cell": "J80_w3", "encoding": "exclude_h", "repeat": 0, "status": "UNSAT", "solve_seconds": 0.006593940999664483, "sat_stage_seconds": 0.013385304999246728}
{"case_id": "c0152", "cell": "J80_w3", "encoding": "prefix", "repeat": 0, "status": "UNSAT", "solve_seconds": 0.007183715999417473, "sat_stage_seconds": 0.013424622999082203}
{"case_id": "c0152", "cell": "J80_w3", "encoding": "exclude_h", "repeat": 1, "status": "UNSAT", "solve_seconds": 0.006608211999264313, "sat_stage_seconds": 0.012548042999696918}
{"case_id": "c0152", "cell": "J80_w3", "encoding": "prefix", "repeat": 1, "status": "UNSAT", "solve_seconds": 0.007665800001632306, "sat_stage_seconds": 0.013683356000910862}
{"case_id": "c0152", "cell": "J80_w3", "encoding": "exclude_x", "repeat": 1, "status": "UNSAT", "solve_seconds": 0.006391711000105715, "sat_stage_seconds": 0.012401095000313944}
{"case_id": "c0152", "cell": "J80_w3", "encoding": "prefix", "repeat": 2, "status": "UNSAT", "solve_seconds": 0.007158288000937318, "sat_stage_seconds": 0.013715815000978182}
{"case_id": "c0152", "cell": "J80_w3", "encoding": "exclude_x", "repeat": 2, "status": "UNSAT", "solve_seconds": 0.007451432000380009, "sat_stage_seconds": 0.014075838000280783}
{"case_id": "c0152", "cell": "J80_w3", "encoding": "exclude_h", "repeat": 2, "status": "UNSAT", "solve_seconds": 0.006348957000227529, "sat_stage_seconds": 0.013348339000003762}
{"case_id": "c0074", "cell": "J35_w5", "encoding": "exclude_h", "repeat": 0, "status": "UNSAT", "solve_seconds": 0.14529495499846234, "sat_stage_seconds": 0.14957138799945824}
{"case_id": "c0074", "cell": "J35_w5", "encoding": "prefix", "repeat": 0, "status": "UNSAT", "solve_seconds": 0.2549405770005251, "sat_stage_seconds": 0.26024339200012037}
{"case_id": "c0074", "cell": "J35_w5", "encoding": "exclude_x", "repeat": 0, "status": "UNSAT", "solve_seconds": 0.1612601500000892, "sat_stage_seconds": 0.1660891930005164}
{"case_id": "c0074", "cell": "J35_w5", "encoding": "prefix", "repeat": 1, "status": "UNSAT", "solve_seconds": 0.26082438099911087, "sat_stage_seconds": 0.26516875500055903}
{"case_id": "c0074", "cell": "J35_w5", "encoding": "exclude_x", "repeat": 1, "status": "UNSAT", "solve_seconds": 0.1577185890000692, "sat_stage_seconds": 0.16231236299972807}
{"case_id": "c0074", "cell": "J35_w5", "encoding": "exclude_h", "repeat": 1, "status": "UNSAT", "solve_seconds": 0.1744747920001828, "sat_stage_seconds": 0.17919315099970845}
{"case_id": "c0074", "cell": "J35_w5", "encoding": "exclude_x", "repeat": 2, "status": "UNSAT", "solve_seconds": 0.17157497100015462, "sat_stage_seconds": 0.17685374100074114}
{"case_id": "c0074", "cell": "J35_w5", "encoding": "exclude_h", "repeat": 2, "status": "UNSAT", "solve_seconds": 0.15041545500025677, "sat_stage_seconds": 0.15516751299946918}
{"case_id": "c0074", "cell": "J35_w5", "encoding": "prefix", "repeat": 2, "status": "UNSAT", "solve_seconds": 0.22000169000057213, "sat_stage_seconds": 0.22431574900110718}
{"case_id": "c0079", "cell": "J35_w1to3", "encoding": "exclude_h", "repeat": 0, "status": "UNSAT", "solve_seconds": 0.004276253001080477, "sat_stage_seconds": 0.008801936000963906}
{"case_id": "c0079", "cell": "J35_w1to3", "encoding": "exclude_x", "repeat": 0, "status": "UNSAT", "solve_seconds": 0.004510941000262392, "sat_stage_seconds": 0.00792149999870162}
{"case_id": "c0079", "cell": "J35_w1to3", "encoding": "prefix", "repeat": 0, "status": "UNSAT", "solve_seconds": 0.0038638109999737935, "sat_stage_seconds": 0.007338265000726096}
{"case_id": "c0079", "cell": "J35_w1to3", "encoding": "exclude_x", "repeat": 1, "status": "UNSAT", "solve_seconds": 0.004699369999798364, "sat_stage_seconds": 0.008057299999563838}
{"case_id": "c0079", "cell": "J35_w1to3", "encoding": "prefix", "repeat": 1, "status": "UNSAT", "solve_seconds": 0.0036439049999899, "sat_stage_seconds": 0.0071743210010026814}
{"case_id": "c0079", "cell": "J35_w1to3", "encoding": "exclude_h", "repeat": 1, "status": "UNSAT", "solve_seconds": 0.004133540998736862, "sat_stage_seconds": 0.007432304999383632}
{"case_id": "c0079", "cell": "J35_w1to3", "encoding": "prefix", "repeat": 2, "status": "UNSAT", "solve_seconds": 0.00362204299926816, "sat_stage_seconds": 0.007223584998428123}
{"case_id": "c0079", "cell": "J35_w1to3", "encoding": "exclude_h", "repeat": 2, "status": "UNSAT", "solve_seconds": 0.003947545999835711, "sat_stage_seconds": 0.007090687000527396}
{"case_id": "c0079", "cell": "J35_w1to3", "encoding": "exclude_x", "repeat": 2, "status": "UNSAT", "solve_seconds": 0.004442649998964043, "sat_stage_seconds": 0.0076624259982054355}
{"case_id": "c0136", "cell": "J80_p0.5", "encoding": "exclude_h", "repeat": 0, "status": "UNSAT", "solve_seconds": 0.012308327000937425, "sat_stage_seconds": 0.01882814700184099}
{"case_id": "c0136", "cell": "J80_p0.5", "encoding": "exclude_x", "repeat": 0, "status": "UNSAT", "solve_seconds": 0.01290415000039502, "sat_stage_seconds": 0.019737746000828338}
{"case_id": "c0136", "cell": "J80_p0.5", "encoding": "prefix", "repeat": 0, "status": "UNSAT", "solve_seconds": 0.008640415999252582, "sat_stage_seconds": 0.016217915999732213}
{"case_id": "c0136", "cell": "J80_p0.5", "encoding": "exclude_x", "repeat": 1, "status": "UNSAT", "solve_seconds": 0.01263905700034229, "sat_stage_seconds": 0.019998343001134344}
{"case_id": "c0136", "cell": "J80_p0.5", "encoding": "prefix", "repeat": 1, "status": "UNSAT", "solve_seconds": 0.008526556999640889, "sat_stage_seconds": 0.015221707999444334}
{"case_id": "c0136", "cell": "J80_p0.5", "encoding": "exclude_h", "repeat": 1, "status": "UNSAT", "solve_seconds": 0.01028993299951253, "sat_stage_seconds": 0.017028498001309345}
{"case_id": "c0136", "cell": "J80_p0.5", "encoding": "prefix", "repeat": 2, "status": "UNSAT", "solve_seconds": 0.008380581000892562, "sat_stage_seconds": 0.015274427001713775}
{"case_id": "c0136", "cell": "J80_p0.5", "encoding": "exclude_h", "repeat": 2, "status": "UNSAT", "solve_seconds": 0.010185287999775028, "sat_stage_seconds": 0.01681445100075507}
{"case_id": "c0136", "cell": "J80_p0.5", "encoding": "exclude_x", "repeat": 2, "status": "UNSAT", "solve_seconds": 0.012348066000413382, "sat_stage_seconds": 0.019102324000414228}
{"case_id": "c0168", "cell": "cycle10", "encoding": "exclude_h", "repeat": 0, "status": "SAT", "solve_seconds": 0.00019419799900788348, "sat_stage_seconds": 0.0017842069992184406}
{"case_id": "c0168", "cell": "cycle10", "encoding": "prefix", "repeat": 0, "status": "SAT", "solve_seconds": 0.0023327999988396186, "sat_stage_seconds": 0.0040583899990451755}
{"case_id": "c0168", "cell": "cycle10", "encoding": "exclude_x", "repeat": 0, "status": "SAT", "solve_seconds": 0.0001915339998959098, "sat_stage_seconds": 0.0018632840001373552}
{"case_id": "c0168", "cell": "cycle10", "encoding": "prefix", "repeat": 1, "status": "SAT", "solve_seconds": 0.0019148709998262348, "sat_stage_seconds": 0.003576675999283907}
{"case_id": "c0168", "cell": "cycle10", "encoding": "exclude_x", "repeat": 1, "status": "SAT", "solve_seconds": 0.00018690700017032214, "sat_stage_seconds": 0.0014814769983786391}
{"case_id": "c0168", "cell": "cycle10", "encoding": "exclude_h", "repeat": 1, "status": "SAT", "solve_seconds": 0.0001811989986890694, "sat_stage_seconds": 0.0014413779990718467}
{"case_id": "c0168", "cell": "cycle10", "encoding": "exclude_x", "repeat": 2, "status": "SAT", "solve_seconds": 0.00018686700059333816, "sat_stage_seconds": 0.0018493530005798675}
{"case_id": "c0168", "cell": "cycle10", "encoding": "exclude_h", "repeat": 2, "status": "SAT", "solve_seconds": 0.00020694700106105302, "sat_stage_seconds": 0.0016577790011069737}
{"case_id": "c0168", "cell": "cycle10", "encoding": "prefix", "repeat": 2, "status": "SAT", "solve_seconds": 0.0019158920003974345, "sat_stage_seconds": 0.004787731999385869}
{"case_id": "c0014", "cell": "J20_p0.7", "encoding": "exclude_x", "repeat": 0, "status": "SAT", "solve_seconds": 0.003761690000828821, "sat_stage_seconds": 0.006848259001344559}
{"case_id": "c0014", "cell": "J20_p0.7", "encoding": "prefix", "repeat": 0, "status": "SAT", "solve_seconds": 0.0040809029997035395, "sat_stage_seconds": 0.006897680999827571}
{"case_id": "c0014", "cell": "J20_p0.7", "encoding": "exclude_h", "repeat": 0, "status": "SAT", "solve_seconds": 0.003977110000050743, "sat_stage_seconds": 0.0068677170002047205}
{"case_id": "c0014", "cell": "J20_p0.7", "encoding": "prefix", "repeat": 1, "status": "SAT", "solve_seconds": 0.0044387140005710535, "sat_stage_seconds": 0.007409701000142377}
{"case_id": "c0014", "cell": "J20_p0.7", "encoding": "exclude_h", "repeat": 1, "status": "SAT", "solve_seconds": 0.003653890000350657, "sat_stage_seconds": 0.006282819000261952}
{"case_id": "c0014", "cell": "J20_p0.7", "encoding": "exclude_x", "repeat": 1, "status": "SAT", "solve_seconds": 0.0036599480008590035, "sat_stage_seconds": 0.006315036000160035}
{"case_id": "c0014", "cell": "J20_p0.7", "encoding": "exclude_h", "repeat": 2, "status": "SAT", "solve_seconds": 0.0036675600003945874, "sat_stage_seconds": 0.006277390999457566}
{"case_id": "c0014", "cell": "J20_p0.7", "encoding": "exclude_x", "repeat": 2, "status": "SAT", "solve_seconds": 0.004197525999188656, "sat_stage_seconds": 0.006816700999479508}
{"case_id": "c0014", "cell": "J20_p0.7", "encoding": "prefix", "repeat": 2, "status": "SAT", "solve_seconds": 0.004396530999656534, "sat_stage_seconds": 0.00716013999954157}
{"case_id": "c0139", "cell": "J80_p0.7", "encoding": "exclude_h", "repeat": 0, "status": "UNSAT", "solve_seconds": 0.20177299799979664, "sat_stage_seconds": 0.20748179600013827}
{"case_id": "c0139", "cell": "J80_p0.7", "encoding": "exclude_x", "repeat": 0, "status": "UNSAT", "solve_seconds": 0.2503863790007017, "sat_stage_seconds": 0.2566955970014533}
{"case_id": "c0139", "cell": "J80_p0.7", "encoding": "prefix", "repeat": 0, "status": "UNSAT", "solve_seconds": 0.25809660500090104, "sat_stage_seconds": 0.2649168310017558}
{"case_id": "c0139", "cell": "J80_p0.7", "encoding": "exclude_x", "repeat": 1, "status": "UNSAT", "solve_seconds": 0.23247441099920252, "sat_stage_seconds": 0.23830681199979153}
{"case_id": "c0139", "cell": "J80_p0.7", "encoding": "prefix", "repeat": 1, "status": "UNSAT", "solve_seconds": 0.23004906300047878, "sat_stage_seconds": 0.23561129300105677}
{"case_id": "c0139", "cell": "J80_p0.7", "encoding": "exclude_h", "repeat": 1, "status": "UNSAT", "solve_seconds": 0.18205092899916053, "sat_stage_seconds": 0.1881934499979252}
{"case_id": "c0139", "cell": "J80_p0.7", "encoding": "prefix", "repeat": 2, "status": "UNSAT", "solve_seconds": 0.22620434000054956, "sat_stage_seconds": 0.23221395399923495}
{"case_id": "c0139", "cell": "J80_p0.7", "encoding": "exclude_h", "repeat": 2, "status": "UNSAT", "solve_seconds": 0.19571973300116952, "sat_stage_seconds": 0.20162194700242253}
{"case_id": "c0139", "cell": "J80_p0.7", "encoding": "exclude_x", "repeat": 2, "status": "UNSAT", "solve_seconds": 0.22647445099937613, "sat_stage_seconds": 0.23296182400008547}
{"case_id": "c0045", "cell": "J35_p0.3", "encoding": "exclude_h", "repeat": 0, "status": "UNSAT", "solve_seconds": 0.002366049999181996, "sat_stage_seconds": 0.00573923400042986}
{"case_id": "c0045", "cell": "J35_p0.3", "encoding": "prefix", "repeat": 0, "status": "UNSAT", "solve_seconds": 0.005177439999897615, "sat_stage_seconds": 0.008535249999113148}
{"case_id": "c0045", "cell": "J35_p0.3", "encoding": "exclude_x", "repeat": 0, "status": "UNSAT", "solve_seconds": 0.002389123999819276, "sat_stage_seconds": 0.005649549999361625}
{"case_id": "c0045", "cell": "J35_p0.3", "encoding": "prefix", "repeat": 1, "status": "UNSAT", "solve_seconds": 0.004615476000253693, "sat_stage_seconds": 0.007889622000220697}
{"case_id": "c0045", "cell": "J35_p0.3", "encoding": "exclude_x", "repeat": 1, "status": "UNSAT", "solve_seconds": 0.0026437209999130573, "sat_stage_seconds": 0.005990574998577358}
{"case_id": "c0045", "cell": "J35_p0.3", "encoding": "exclude_h", "repeat": 1, "status": "UNSAT", "solve_seconds": 0.0020816469987039454, "sat_stage_seconds": 0.0056068859976221574}
{"case_id": "c0045", "cell": "J35_p0.3", "encoding": "exclude_x", "repeat": 2, "status": "UNSAT", "solve_seconds": 0.002215356000306201, "sat_stage_seconds": 0.0052670820005005226}
{"case_id": "c0045", "cell": "J35_p0.3", "encoding": "exclude_h", "repeat": 2, "status": "UNSAT", "solve_seconds": 0.0021283159985614475, "sat_stage_seconds": 0.005392998999013798}
{"case_id": "c0045", "cell": "J35_p0.3", "encoding": "prefix", "repeat": 2, "status": "UNSAT", "solve_seconds": 0.004689847000918235, "sat_stage_seconds": 0.00780209399999876}
{"case_id": "c0149", "cell": "J80_w2", "encoding": "prefix", "repeat": 0, "status": "UNSAT", "solve_seconds": 0.004970742998921196, "sat_stage_seconds": 0.009161748997939867}
{"case_id": "c0149", "cell": "J80_w2", "encoding": "exclude_h", "repeat": 0, "status": "UNSAT", "solve_seconds": 0.009358710998640163, "sat_stage_seconds": 0.013712417998249293}
{"case_id": "c0149", "cell": "J80_w2", "encoding": "exclude_x", "repeat": 0, "status": "UNSAT", "solve_seconds": 0.0091889089999313, "sat_stage_seconds": 0.013721040999371326}
{"case_id": "c0149", "cell": "J80_w2", "encoding": "exclude_h", "repeat": 1, "status": "UNSAT", "solve_seconds": 0.008642589998999028, "sat_stage_seconds": 0.0157919139983278}
{"case_id": "c0149", "cell": "J80_w2", "encoding": "exclude_x", "repeat": 1, "status": "UNSAT", "solve_seconds": 0.008373831000426435, "sat_stage_seconds": 0.013102705001074355}
{"case_id": "c0149", "cell": "J80_w2", "encoding": "prefix", "repeat": 1, "status": "UNSAT", "solve_seconds": 0.00508411100054218, "sat_stage_seconds": 0.01125387300089642}
{"case_id": "c0149", "cell": "J80_w2", "encoding": "exclude_x", "repeat": 2, "status": "UNSAT", "solve_seconds": 0.010148041999855195, "sat_stage_seconds": 0.015523069998380379}
{"case_id": "c0149", "cell": "J80_w2", "encoding": "prefix", "repeat": 2, "status": "UNSAT", "solve_seconds": 0.005223547999776201, "sat_stage_seconds": 0.010197886998867034}
{"case_id": "c0149", "cell": "J80_w2", "encoding": "exclude_h", "repeat": 2, "status": "UNSAT", "solve_seconds": 0.008993710000140709, "sat_stage_seconds": 0.014361602001372376}
{"case_id": "c0141", "cell": "J80_p0.7", "encoding": "prefix", "repeat": 0, "status": "UNSAT", "solve_seconds": 0.23837531200115336, "sat_stage_seconds": 0.24468596300175705}
{"case_id": "c0141", "cell": "J80_p0.7", "encoding": "exclude_x", "repeat": 0, "status": "UNSAT", "solve_seconds": 0.2596426990003238, "sat_stage_seconds": 0.2658437469999626}
{"case_id": "c0141", "cell": "J80_p0.7", "encoding": "exclude_h", "repeat": 0, "status": "UNSAT", "solve_seconds": 0.272704713001076, "sat_stage_seconds": 0.2801400720018137}
{"case_id": "c0141", "cell": "J80_p0.7", "encoding": "exclude_x", "repeat": 1, "status": "UNSAT", "solve_seconds": 0.2039375829990604, "sat_stage_seconds": 0.20958545999928901}
{"case_id": "c0141", "cell": "J80_p0.7", "encoding": "exclude_h", "repeat": 1, "status": "UNSAT", "solve_seconds": 0.23178273899975466, "sat_stage_seconds": 0.23726911699850461}
{"case_id": "c0141", "cell": "J80_p0.7", "encoding": "prefix", "repeat": 1, "status": "UNSAT", "solve_seconds": 0.2206597469994449, "sat_stage_seconds": 0.2265414609992149}
{"case_id": "c0141", "cell": "J80_p0.7", "encoding": "exclude_h", "repeat": 2, "status": "UNSAT", "solve_seconds": 0.2316622960006498, "sat_stage_seconds": 0.23729630300113058}
{"case_id": "c0141", "cell": "J80_p0.7", "encoding": "prefix", "repeat": 2, "status": "UNSAT", "solve_seconds": 0.19653784700130927, "sat_stage_seconds": 0.20256170200082124}
{"case_id": "c0141", "cell": "J80_p0.7", "encoding": "exclude_x", "repeat": 2, "status": "UNSAT", "solve_seconds": 0.20828665400040336, "sat_stage_seconds": 0.21557206000034057}
{"case_id": "c0002", "cell": "J20_p0.3", "encoding": "exclude_x", "repeat": 0, "status": "UNSAT", "solve_seconds": 0.006099717000324745, "sat_stage_seconds": 0.013035064001087449}
{"case_id": "c0002", "cell": "J20_p0.3", "encoding": "exclude_h", "repeat": 0, "status": "UNSAT", "solve_seconds": 0.004530079000687692, "sat_stage_seconds": 0.007728833001237945}
{"case_id": "c0002", "cell": "J20_p0.3", "encoding": "prefix", "repeat": 0, "status": "UNSAT", "solve_seconds": 0.008130901000185986, "sat_stage_seconds": 0.011249365999901784}
{"case_id": "c0002", "cell": "J20_p0.3", "encoding": "exclude_h", "repeat": 1, "status": "UNSAT", "solve_seconds": 0.006111499998951331, "sat_stage_seconds": 0.009556238997902256}
{"case_id": "c0002", "cell": "J20_p0.3", "encoding": "prefix", "repeat": 1, "status": "UNSAT", "solve_seconds": 0.008614528000180144, "sat_stage_seconds": 0.011855786000523949}
{"case_id": "c0002", "cell": "J20_p0.3", "encoding": "exclude_x", "repeat": 1, "status": "UNSAT", "solve_seconds": 0.007103065998308011, "sat_stage_seconds": 0.01007005699830188}
{"case_id": "c0002", "cell": "J20_p0.3", "encoding": "prefix", "repeat": 2, "status": "UNSAT", "solve_seconds": 0.008624743000837043, "sat_stage_seconds": 0.011506878001455334}
{"case_id": "c0002", "cell": "J20_p0.3", "encoding": "exclude_x", "repeat": 2, "status": "UNSAT", "solve_seconds": 0.004815571999642998, "sat_stage_seconds": 0.008031752999158925}
{"case_id": "c0002", "cell": "J20_p0.3", "encoding": "exclude_h", "repeat": 2, "status": "UNSAT", "solve_seconds": 0.004591670998706832, "sat_stage_seconds": 0.007426895999742555}
{"case_id": "c0100", "cell": "J50_p0.7", "encoding": "prefix", "repeat": 0, "status": "UNSAT", "solve_seconds": 2.200902168999164, "sat_stage_seconds": 2.2063327739979286}
{"case_id": "c0100", "cell": "J50_p0.7", "encoding": "exclude_x", "repeat": 0, "status": "UNSAT", "solve_seconds": 1.580993823999961, "sat_stage_seconds": 1.5862077870006033}
{"case_id": "c0100", "cell": "J50_p0.7", "encoding": "exclude_h", "repeat": 0, "status": "UNSAT", "solve_seconds": 1.8759543510004733, "sat_stage_seconds": 1.8814758409989736}
{"case_id": "c0100", "cell": "J50_p0.7", "encoding": "exclude_x", "repeat": 1, "status": "UNSAT", "solve_seconds": 1.550092200999643, "sat_stage_seconds": 1.5548364679980295}
{"case_id": "c0100", "cell": "J50_p0.7", "encoding": "exclude_h", "repeat": 1, "status": "UNSAT", "solve_seconds": 1.836056052999993, "sat_stage_seconds": 1.8414281709992792}
{"case_id": "c0100", "cell": "J50_p0.7", "encoding": "prefix", "repeat": 1, "status": "UNSAT", "solve_seconds": 2.199265062001359, "sat_stage_seconds": 2.2048675620008}
{"case_id": "c0100", "cell": "J50_p0.7", "encoding": "exclude_h", "repeat": 2, "status": "UNSAT", "solve_seconds": 1.9359209039994312, "sat_stage_seconds": 1.9408214629984286}
{"case_id": "c0100", "cell": "J50_p0.7", "encoding": "prefix", "repeat": 2, "status": "UNSAT", "solve_seconds": 2.231380260998776, "sat_stage_seconds": 2.2364130849982757}
{"case_id": "c0100", "cell": "J50_p0.7", "encoding": "exclude_x", "repeat": 2, "status": "UNSAT", "solve_seconds": 1.5751062180006556, "sat_stage_seconds": 1.5799974330002442}
{"case_id": "c0177", "cell": "block_pairs4_identity6", "encoding": "exclude_x", "repeat": 0, "status": "UNSAT", "solve_seconds": 0.001903993999803788, "sat_stage_seconds": 0.0038117129988677334}
{"case_id": "c0177", "cell": "block_pairs4_identity6", "encoding": "prefix", "repeat": 0, "status": "UNSAT", "solve_seconds": 0.0034151649997511413, "sat_stage_seconds": 0.006415624999135616}
{"case_id": "c0177", "cell": "block_pairs4_identity6", "encoding": "exclude_h", "repeat": 0, "status": "UNSAT", "solve_seconds": 0.0016007239992177347, "sat_stage_seconds": 0.0032559789997321786}
{"case_id": "c0177", "cell": "block_pairs4_identity6", "encoding": "prefix", "repeat": 1, "status": "UNSAT", "solve_seconds": 0.003837002001091605, "sat_stage_seconds": 0.006407295000826707}
{"case_id": "c0177", "cell": "block_pairs4_identity6", "encoding": "exclude_h", "repeat": 1, "status": "UNSAT", "solve_seconds": 0.0015763880001031794, "sat_stage_seconds": 0.0031129670005611842}
{"case_id": "c0177", "cell": "block_pairs4_identity6", "encoding": "exclude_x", "repeat": 1, "status": "UNSAT", "solve_seconds": 0.001647894001507666, "sat_stage_seconds": 0.0032437710015074117}
{"case_id": "c0177", "cell": "block_pairs4_identity6", "encoding": "exclude_h", "repeat": 2, "status": "UNSAT", "solve_seconds": 0.0025350500000058673, "sat_stage_seconds": 0.0041006130013556685}
{"case_id": "c0177", "cell": "block_pairs4_identity6", "encoding": "exclude_x", "repeat": 2, "status": "UNSAT", "solve_seconds": 0.0016630570007691858, "sat_stage_seconds": 0.003211134000594029}
{"case_id": "c0177", "cell": "block_pairs4_identity6", "encoding": "prefix", "repeat": 2, "status": "UNSAT", "solve_seconds": 0.003386844000488054, "sat_stage_seconds": 0.005005454999263748}
{"case_id": "c0096", "cell": "J50_p0.7", "encoding": "exclude_h", "repeat": 0, "status": "UNSAT", "solve_seconds": 0.2891744809985539, "sat_stage_seconds": 0.2930739849998645}
{"case_id": "c0096", "cell": "J50_p0.7", "encoding": "exclude_x", "repeat": 0, "status": "UNSAT", "solve_seconds": 0.29268124100053683, "sat_stage_seconds": 0.2970806170014839}
{"case_id": "c0096", "cell": "J50_p0.7", "encoding": "prefix", "repeat": 0, "status": "UNSAT", "solve_seconds": 0.33941952500026673, "sat_stage_seconds": 0.3439753219990962}
{"case_id": "c0096", "cell": "J50_p0.7", "encoding": "exclude_x", "repeat": 1, "status": "UNSAT", "solve_seconds": 0.2868945669997629, "sat_stage_seconds": 0.29104810699936934}
{"case_id": "c0096", "cell": "J50_p0.7", "encoding": "prefix", "repeat": 1, "status": "UNSAT", "solve_seconds": 0.30326769200109993, "sat_stage_seconds": 0.30751933800092957}
{"case_id": "c0096", "cell": "J50_p0.7", "encoding": "exclude_h", "repeat": 1, "status": "UNSAT", "solve_seconds": 0.2739801930001704, "sat_stage_seconds": 0.2780584430001909}
{"case_id": "c0096", "cell": "J50_p0.7", "encoding": "prefix", "repeat": 2, "status": "UNSAT", "solve_seconds": 0.2997436949990515, "sat_stage_seconds": 0.3040779129987641}
{"case_id": "c0096", "cell": "J50_p0.7", "encoding": "exclude_h", "repeat": 2, "status": "UNSAT", "solve_seconds": 0.2723871499983943, "sat_stage_seconds": 0.27650070099844015}
{"case_id": "c0096", "cell": "J50_p0.7", "encoding": "exclude_x", "repeat": 2, "status": "UNSAT", "solve_seconds": 0.26872364599876164, "sat_stage_seconds": 0.2728452190003736}
{"case_id": "c0101", "cell": "J50_p0.7", "encoding": "prefix", "repeat": 0, "status": "UNSAT", "solve_seconds": 0.9295779429994582, "sat_stage_seconds": 0.9337252649984293}
{"case_id": "c0101", "cell": "J50_p0.7", "encoding": "exclude_h", "repeat": 0, "status": "UNSAT", "solve_seconds": 0.8399120640006004, "sat_stage_seconds": 0.8441808560019126}
{"case_id": "c0101", "cell": "J50_p0.7", "encoding": "exclude_x", "repeat": 0, "status": "UNSAT", "solve_seconds": 0.7776464460002899, "sat_stage_seconds": 0.782227972000328}
{"case_id": "c0101", "cell": "J50_p0.7", "encoding": "exclude_h", "repeat": 1, "status": "UNSAT", "solve_seconds": 0.7780594340001699, "sat_stage_seconds": 0.781856236000749}
{"case_id": "c0101", "cell": "J50_p0.7", "encoding": "exclude_x", "repeat": 1, "status": "UNSAT", "solve_seconds": 0.7472314019996702, "sat_stage_seconds": 0.7526488280000194}
{"case_id": "c0101", "cell": "J50_p0.7", "encoding": "prefix", "repeat": 1, "status": "UNSAT", "solve_seconds": 0.9050667299998167, "sat_stage_seconds": 0.9092074919990409}
{"case_id": "c0101", "cell": "J50_p0.7", "encoding": "exclude_x", "repeat": 2, "status": "UNSAT", "solve_seconds": 0.7745721680003044, "sat_stage_seconds": 0.7792280539997591}
{"case_id": "c0101", "cell": "J50_p0.7", "encoding": "prefix", "repeat": 2, "status": "UNSAT", "solve_seconds": 0.9130300109991367, "sat_stage_seconds": 0.917401245000292}
{"case_id": "c0101", "cell": "J50_p0.7", "encoding": "exclude_h", "repeat": 2, "status": "UNSAT", "solve_seconds": 0.7843626889989537, "sat_stage_seconds": 0.7885220479984127}
{"case_id": "c0076", "cell": "J35_w5", "encoding": "exclude_x", "repeat": 0, "status": "UNSAT", "solve_seconds": 0.14011012900118658, "sat_stage_seconds": 0.14509864800129435}
{"case_id": "c0076", "cell": "J35_w5", "encoding": "prefix", "repeat": 0, "status": "UNSAT", "solve_seconds": 0.166770773999815, "sat_stage_seconds": 0.1721396070006449}
{"case_id": "c0076", "cell": "J35_w5", "encoding": "exclude_h", "repeat": 0, "status": "UNSAT", "solve_seconds": 0.14595255499989435, "sat_stage_seconds": 0.15303224599847454}
{"case_id": "c0076", "cell": "J35_w5", "encoding": "prefix", "repeat": 1, "status": "UNSAT", "solve_seconds": 0.16242842199972074, "sat_stage_seconds": 0.16738042699944344}
{"case_id": "c0076", "cell": "J35_w5", "encoding": "exclude_h", "repeat": 1, "status": "UNSAT", "solve_seconds": 0.1472032500005298, "sat_stage_seconds": 0.15175553200060676}
{"case_id": "c0076", "cell": "J35_w5", "encoding": "exclude_x", "repeat": 1, "status": "UNSAT", "solve_seconds": 0.13915611400079797, "sat_stage_seconds": 0.1438221850003174}
{"case_id": "c0076", "cell": "J35_w5", "encoding": "exclude_h", "repeat": 2, "status": "UNSAT", "solve_seconds": 0.15060474500023702, "sat_stage_seconds": 0.15558316900023783}
{"case_id": "c0076", "cell": "J35_w5", "encoding": "exclude_x", "repeat": 2, "status": "UNSAT", "solve_seconds": 0.13976187299886078, "sat_stage_seconds": 0.1465630009988672}
{"case_id": "c0076", "cell": "J35_w5", "encoding": "prefix", "repeat": 2, "status": "UNSAT", "solve_seconds": 0.16497643199909362, "sat_stage_seconds": 0.17056214699914563}
{"case_id": "c0145", "cell": "J80_w2", "encoding": "exclude_x", "repeat": 0, "status": "UNSAT", "solve_seconds": 0.006524447000629152, "sat_stage_seconds": 0.01068961500095611}
{"case_id": "c0145", "cell": "J80_w2", "encoding": "exclude_h", "repeat": 0, "status": "UNSAT", "solve_seconds": 0.007527755999035435, "sat_stage_seconds": 0.012012717999823508}
{"case_id": "c0145", "cell": "J80_w2", "encoding": "prefix", "repeat": 0, "status": "UNSAT", "solve_seconds": 0.0090952959999413, "sat_stage_seconds": 0.013120396999511286}
{"case_id": "c0145", "cell": "J80_w2", "encoding": "exclude_h", "repeat": 1, "status": "UNSAT", "solve_seconds": 0.007142504000512417, "sat_stage_seconds": 0.011598643999604974}
{"case_id": "c0145", "cell": "J80_w2", "encoding": "prefix", "repeat": 1, "status": "UNSAT", "solve_seconds": 0.007416840999212582, "sat_stage_seconds": 0.011653905999992276}
{"case_id": "c0145", "cell": "J80_w2", "encoding": "exclude_x", "repeat": 1, "status": "UNSAT", "solve_seconds": 0.005469673000334296, "sat_stage_seconds": 0.00959208800122724}
{"case_id": "c0145", "cell": "J80_w2", "encoding": "prefix", "repeat": 2, "status": "UNSAT", "solve_seconds": 0.0069971690008969745, "sat_stage_seconds": 0.011008168001353624}
{"case_id": "c0145", "cell": "J80_w2", "encoding": "exclude_x", "repeat": 2, "status": "UNSAT", "solve_seconds": 0.007278637000126764, "sat_stage_seconds": 0.011568219000764657}
{"case_id": "c0145", "cell": "J80_w2", "encoding": "exclude_h", "repeat": 2, "status": "UNSAT", "solve_seconds": 0.0085696710011689, "sat_stage_seconds": 0.012994064001759398}
{"case_id": "c0147", "cell": "J80_w2", "encoding": "exclude_x", "repeat": 0, "status": "UNSAT", "solve_seconds": 0.004509077998591238, "sat_stage_seconds": 0.008526306997737265}
{"case_id": "c0147", "cell": "J80_w2", "encoding": "exclude_h", "repeat": 0, "status": "UNSAT", "solve_seconds": 0.008452447000308894, "sat_stage_seconds": 0.012387434000629582}
{"case_id": "c0147", "cell": "J80_w2", "encoding": "prefix", "repeat": 0, "status": "UNSAT", "solve_seconds": 0.008159783999872161, "sat_stage_seconds": 0.013012671999604208}
{"case_id": "c0147", "cell": "J80_w2", "encoding": "exclude_h", "repeat": 1, "status": "UNSAT", "solve_seconds": 0.004135164001127123, "sat_stage_seconds": 0.008071463002124801}
{"case_id": "c0147", "cell": "J80_w2", "encoding": "prefix", "repeat": 1, "status": "UNSAT", "solve_seconds": 0.007782021999446442, "sat_stage_seconds": 0.011779300999478437}
{"case_id": "c0147", "cell": "J80_w2", "encoding": "exclude_x", "repeat": 1, "status": "UNSAT", "solve_seconds": 0.003895327999998699, "sat_stage_seconds": 0.008052564000536222}
{"case_id": "c0147", "cell": "J80_w2", "encoding": "prefix", "repeat": 2, "status": "UNSAT", "solve_seconds": 0.008052244000282371, "sat_stage_seconds": 0.012532939999800874}
{"case_id": "c0147", "cell": "J80_w2", "encoding": "exclude_x", "repeat": 2, "status": "UNSAT", "solve_seconds": 0.003908929000317585, "sat_stage_seconds": 0.007997513999725925}
{"case_id": "c0147", "cell": "J80_w2", "encoding": "exclude_h", "repeat": 2, "status": "UNSAT", "solve_seconds": 0.004202052999971784, "sat_stage_seconds": 0.008439728999292129}
{"case_id": "c0183", "cell": "petersen", "encoding": "exclude_x", "repeat": 0, "status": "UNSAT", "solve_seconds": 0.002475251998475869, "sat_stage_seconds": 0.00431756399848382}
{"case_id": "c0183", "cell": "petersen", "encoding": "exclude_h", "repeat": 0, "status": "UNSAT", "solve_seconds": 0.0024636840007588034, "sat_stage_seconds": 0.004535728001428652}
{"case_id": "c0183", "cell": "petersen", "encoding": "prefix", "repeat": 0, "status": "UNSAT", "solve_seconds": 0.00631436600087909, "sat_stage_seconds": 0.008428171000559814}
{"case_id": "c0183", "cell": "petersen", "encoding": "exclude_h", "repeat": 1, "status": "UNSAT", "solve_seconds": 0.0025202479992003646, "sat_stage_seconds": 0.004567563999444246}
{"case_id": "c0183", "cell": "petersen", "encoding": "prefix", "repeat": 1, "status": "UNSAT", "solve_seconds": 0.006056102998627466, "sat_stage_seconds": 0.007986145999893779}
{"case_id": "c0183", "cell": "petersen", "encoding": "exclude_x", "repeat": 1, "status": "UNSAT", "solve_seconds": 0.002631883999129059, "sat_stage_seconds": 0.004548867998892092}
{"case_id": "c0183", "cell": "petersen", "encoding": "prefix", "repeat": 2, "status": "UNSAT", "solve_seconds": 0.0062282990002131555, "sat_stage_seconds": 0.008988282999780495}
{"case_id": "c0183", "cell": "petersen", "encoding": "exclude_x", "repeat": 2, "status": "UNSAT", "solve_seconds": 0.002934411999376607, "sat_stage_seconds": 0.0051773489994957345}
{"case_id": "c0183", "cell": "petersen", "encoding": "exclude_h", "repeat": 2, "status": "UNSAT", "solve_seconds": 0.004471782998734852, "sat_stage_seconds": 0.006283899998379638}
{"case_id": "c0025", "cell": "J20_w3", "encoding": "exclude_h", "repeat": 0, "status": "UNSAT", "solve_seconds": 0.0070561760003329255, "sat_stage_seconds": 0.009402756000781665}
{"case_id": "c0025", "cell": "J20_w3", "encoding": "exclude_x", "repeat": 0, "status": "UNSAT", "solve_seconds": 0.0042909040002996335, "sat_stage_seconds": 0.006739395999829867}
{"case_id": "c0025", "cell": "J20_w3", "encoding": "prefix", "repeat": 0, "status": "UNSAT", "solve_seconds": 0.006086807999963639, "sat_stage_seconds": 0.00858565499947872}
{"case_id": "c0025", "cell": "J20_w3", "encoding": "exclude_x", "repeat": 1, "status": "UNSAT", "solve_seconds": 0.004012470999441575, "sat_stage_seconds": 0.006618817000344279}
{"case_id": "c0025", "cell": "J20_w3", "encoding": "prefix", "repeat": 1, "status": "UNSAT", "solve_seconds": 0.00540921300125774, "sat_stage_seconds": 0.008426398000665358}
{"case_id": "c0025", "cell": "J20_w3", "encoding": "exclude_h", "repeat": 1, "status": "UNSAT", "solve_seconds": 0.0036952110003767302, "sat_stage_seconds": 0.005904138000914827}
{"case_id": "c0025", "cell": "J20_w3", "encoding": "prefix", "repeat": 2, "status": "UNSAT", "solve_seconds": 0.005527598999833572, "sat_stage_seconds": 0.007843945000786334}
{"case_id": "c0025", "cell": "J20_w3", "encoding": "exclude_h", "repeat": 2, "status": "UNSAT", "solve_seconds": 0.004668935998779489, "sat_stage_seconds": 0.007634314999449998}
{"case_id": "c0025", "cell": "J20_w3", "encoding": "exclude_x", "repeat": 2, "status": "UNSAT", "solve_seconds": 0.004132309999477002, "sat_stage_seconds": 0.006497757998658926}
{"case_id": "c0167", "cell": "J80_w1to3", "encoding": "exclude_x", "repeat": 0, "status": "UNSAT", "solve_seconds": 0.0014394350000657141, "sat_stage_seconds": 0.003501995000988245}
{"case_id": "c0167", "cell": "J80_w1to3", "encoding": "exclude_h", "repeat": 0, "status": "UNSAT", "solve_seconds": 0.001189234000776196, "sat_stage_seconds": 0.0034873420008807443}
{"case_id": "c0167", "cell": "J80_w1to3", "encoding": "prefix", "repeat": 0, "status": "UNSAT", "solve_seconds": 0.0037833609985682415, "sat_stage_seconds": 0.005849905999639304}
{"case_id": "c0167", "cell": "J80_w1to3", "encoding": "exclude_h", "repeat": 1, "status": "UNSAT", "solve_seconds": 0.0014741760005563265, "sat_stage_seconds": 0.004768092001540936}
{"case_id": "c0167", "cell": "J80_w1to3", "encoding": "prefix", "repeat": 1, "status": "UNSAT", "solve_seconds": 0.0035409620013524545, "sat_stage_seconds": 0.005828496001413441}
{"case_id": "c0167", "cell": "J80_w1to3", "encoding": "exclude_x", "repeat": 1, "status": "UNSAT", "solve_seconds": 0.0015577710000798106, "sat_stage_seconds": 0.0039384119991154876}
{"case_id": "c0167", "cell": "J80_w1to3", "encoding": "prefix", "repeat": 2, "status": "UNSAT", "solve_seconds": 0.0035471510000206763, "sat_stage_seconds": 0.005632653999782633}
{"case_id": "c0167", "cell": "J80_w1to3", "encoding": "exclude_x", "repeat": 2, "status": "UNSAT", "solve_seconds": 0.0018736389993136982, "sat_stage_seconds": 0.004616587999407784}
{"case_id": "c0167", "cell": "J80_w1to3", "encoding": "exclude_h", "repeat": 2, "status": "UNSAT", "solve_seconds": 0.0013477690008585341, "sat_stage_seconds": 0.004022705999886966}
{"case_id": "c0158", "cell": "J80_w5", "encoding": "exclude_x", "repeat": 0, "status": "UNSAT", "solve_seconds": 0.14797683700089692, "sat_stage_seconds": 0.1581806520007376}
{"case_id": "c0158", "cell": "J80_w5", "encoding": "prefix", "repeat": 0, "status": "UNSAT", "solve_seconds": 0.17185057300048356, "sat_stage_seconds": 0.18207842300034827}
{"case_id": "c0158", "cell": "J80_w5", "encoding": "exclude_h", "repeat": 0, "status": "UNSAT", "solve_seconds": 0.15802529199936544, "sat_stage_seconds": 0.16663570399941818}
{"case_id": "c0158", "cell": "J80_w5", "encoding": "prefix", "repeat": 1, "status": "UNSAT", "solve_seconds": 0.1755090040005598, "sat_stage_seconds": 0.18475298500015924}
{"case_id": "c0158", "cell": "J80_w5", "encoding": "exclude_h", "repeat": 1, "status": "UNSAT", "solve_seconds": 0.17812648199833347, "sat_stage_seconds": 0.18712834399775602}
{"case_id": "c0158", "cell": "J80_w5", "encoding": "exclude_x", "repeat": 1, "status": "UNSAT", "solve_seconds": 0.1559185370006162, "sat_stage_seconds": 0.16517915300028108}
{"case_id": "c0158", "cell": "J80_w5", "encoding": "exclude_h", "repeat": 2, "status": "UNSAT", "solve_seconds": 0.14773849400080508, "sat_stage_seconds": 0.1568283970009361}
{"case_id": "c0158", "cell": "J80_w5", "encoding": "exclude_x", "repeat": 2, "status": "UNSAT", "solve_seconds": 0.1465069180012506, "sat_stage_seconds": 0.15558511300150712}
{"case_id": "c0158", "cell": "J80_w5", "encoding": "prefix", "repeat": 2, "status": "UNSAT", "solve_seconds": 0.15731443699951342, "sat_stage_seconds": 0.16579638800067187}
{"case_id": "c0111", "cell": "J50_w3", "encoding": "prefix", "repeat": 0, "status": "UNSAT", "solve_seconds": 0.013190625000788714, "sat_stage_seconds": 0.018766676001177984}
{"case_id": "c0111", "cell": "J50_w3", "encoding": "exclude_x", "repeat": 0, "status": "UNSAT", "solve_seconds": 0.010928208999757771, "sat_stage_seconds": 0.015971258999343263}
{"case_id": "c0111", "cell": "J50_w3", "encoding": "exclude_h", "repeat": 0, "status": "UNSAT", "solve_seconds": 0.010016938000262599, "sat_stage_seconds": 0.015828588000658783}
{"case_id": "c0111", "cell": "J50_w3", "encoding": "exclude_x", "repeat": 1, "status": "UNSAT", "solve_seconds": 0.011095628000475699, "sat_stage_seconds": 0.016041404000134207}
{"case_id": "c0111", "cell": "J50_w3", "encoding": "exclude_h", "repeat": 1, "status": "UNSAT", "solve_seconds": 0.010121022000021185, "sat_stage_seconds": 0.015207846998237073}
{"case_id": "c0111", "cell": "J50_w3", "encoding": "prefix", "repeat": 1, "status": "UNSAT", "solve_seconds": 0.012973884000530234, "sat_stage_seconds": 0.018070884001645027}
{"case_id": "c0111", "cell": "J50_w3", "encoding": "exclude_h", "repeat": 2, "status": "UNSAT", "solve_seconds": 0.009999312000218197, "sat_stage_seconds": 0.01546996599972772}
{"case_id": "c0111", "cell": "J50_w3", "encoding": "prefix", "repeat": 2, "status": "UNSAT", "solve_seconds": 0.012963287999809836, "sat_stage_seconds": 0.01933189500050503}
{"case_id": "c0111", "cell": "J50_w3", "encoding": "exclude_x", "repeat": 2, "status": "UNSAT", "solve_seconds": 0.01440930300123, "sat_stage_seconds": 0.019924584001273615}
{"case_id": "c0094", "cell": "J50_p0.5", "encoding": "exclude_h", "repeat": 0, "status": "UNSAT", "solve_seconds": 0.009562794999510515, "sat_stage_seconds": 0.015780216999701224}
{"case_id": "c0094", "cell": "J50_p0.5", "encoding": "exclude_x", "repeat": 0, "status": "UNSAT", "solve_seconds": 0.010251354999127216, "sat_stage_seconds": 0.01581012999849918}
{"case_id": "c0094", "cell": "J50_p0.5", "encoding": "prefix", "repeat": 0, "status": "UNSAT", "solve_seconds": 0.009171714000331121, "sat_stage_seconds": 0.015298091000659042}
{"case_id": "c0094", "cell": "J50_p0.5", "encoding": "exclude_x", "repeat": 1, "status": "UNSAT", "solve_seconds": 0.010387517000708613, "sat_stage_seconds": 0.015693757000917685}
{"case_id": "c0094", "cell": "J50_p0.5", "encoding": "prefix", "repeat": 1, "status": "UNSAT", "solve_seconds": 0.010026321000623284, "sat_stage_seconds": 0.014922714000931592}
{"case_id": "c0094", "cell": "J50_p0.5", "encoding": "exclude_h", "repeat": 1, "status": "UNSAT", "solve_seconds": 0.01041551799971785, "sat_stage_seconds": 0.01718713199988997}
{"case_id": "c0094", "cell": "J50_p0.5", "encoding": "prefix", "repeat": 2, "status": "UNSAT", "solve_seconds": 0.008776497001235839, "sat_stage_seconds": 0.013840778001394938}
{"case_id": "c0094", "cell": "J50_p0.5", "encoding": "exclude_h", "repeat": 2, "status": "UNSAT", "solve_seconds": 0.00949455299996771, "sat_stage_seconds": 0.015177672999925562}
{"case_id": "c0094", "cell": "J50_p0.5", "encoding": "exclude_x", "repeat": 2, "status": "UNSAT", "solve_seconds": 0.009441124000659329, "sat_stage_seconds": 0.014177900000504451}
{"case_id": "c0090", "cell": "J50_p0.5", "encoding": "exclude_h", "repeat": 0, "status": "UNSAT", "solve_seconds": 0.005952599000011105, "sat_stage_seconds": 0.009918912001012359}
{"case_id": "c0090", "cell": "J50_p0.5", "encoding": "prefix", "repeat": 0, "status": "UNSAT", "solve_seconds": 0.008824419001030037, "sat_stage_seconds": 0.013012150000577094}
{"case_id": "c0090", "cell": "J50_p0.5", "encoding": "exclude_x", "repeat": 0, "status": "UNSAT", "solve_seconds": 0.005950455000856891, "sat_stage_seconds": 0.0105741740007943}
{"case_id": "c0090", "cell": "J50_p0.5", "encoding": "prefix", "repeat": 1, "status": "UNSAT", "solve_seconds": 0.00831774700054666, "sat_stage_seconds": 0.01245269000173721}
{"case_id": "c0090", "cell": "J50_p0.5", "encoding": "exclude_x", "repeat": 1, "status": "UNSAT", "solve_seconds": 0.005579666001722217, "sat_stage_seconds": 0.00948901400079194}
{"case_id": "c0090", "cell": "J50_p0.5", "encoding": "exclude_h", "repeat": 1, "status": "UNSAT", "solve_seconds": 0.006224201999430079, "sat_stage_seconds": 0.010071427999719162}
{"case_id": "c0090", "cell": "J50_p0.5", "encoding": "exclude_x", "repeat": 2, "status": "UNSAT", "solve_seconds": 0.005655918999764253, "sat_stage_seconds": 0.009707899998829816}
{"case_id": "c0090", "cell": "J50_p0.5", "encoding": "exclude_h", "repeat": 2, "status": "UNSAT", "solve_seconds": 0.005993791000946658, "sat_stage_seconds": 0.009942487000444089}
{"case_id": "c0090", "cell": "J50_p0.5", "encoding": "prefix", "repeat": 2, "status": "UNSAT", "solve_seconds": 0.00856856899918057, "sat_stage_seconds": 0.013199576998886187}
{"case_id": "c0148", "cell": "J80_w2", "encoding": "exclude_x", "repeat": 0, "status": "UNSAT", "solve_seconds": 0.004993615999410395, "sat_stage_seconds": 0.009635291000449797}
{"case_id": "c0148", "cell": "J80_w2", "encoding": "exclude_h", "repeat": 0, "status": "UNSAT", "solve_seconds": 0.004940527998769539, "sat_stage_seconds": 0.009072576998732984}
{"case_id": "c0148", "cell": "J80_w2", "encoding": "prefix", "repeat": 0, "status": "UNSAT", "solve_seconds": 0.005387070999859134, "sat_stage_seconds": 0.009970037999664783}
{"case_id": "c0148", "cell": "J80_w2", "encoding": "exclude_h", "repeat": 1, "status": "UNSAT", "solve_seconds": 0.005041747999712243, "sat_stage_seconds": 0.009480751998125925}
{"case_id": "c0148", "cell": "J80_w2", "encoding": "prefix", "repeat": 1, "status": "UNSAT", "solve_seconds": 0.005360801000279025, "sat_stage_seconds": 0.010209553000095184}
{"case_id": "c0148", "cell": "J80_w2", "encoding": "exclude_x", "repeat": 1, "status": "UNSAT", "solve_seconds": 0.005108797000502818, "sat_stage_seconds": 0.009578777000569971}
{"case_id": "c0148", "cell": "J80_w2", "encoding": "prefix", "repeat": 2, "status": "UNSAT", "solve_seconds": 0.005856576999576646, "sat_stage_seconds": 0.010345454998969217}
{"case_id": "c0148", "cell": "J80_w2", "encoding": "exclude_x", "repeat": 2, "status": "UNSAT", "solve_seconds": 0.005083611000372912, "sat_stage_seconds": 0.009623604999433155}
{"case_id": "c0148", "cell": "J80_w2", "encoding": "exclude_h", "repeat": 2, "status": "UNSAT", "solve_seconds": 0.005941552999502164, "sat_stage_seconds": 0.011081235999881756}
{"case_id": "c0030", "cell": "J20_w5", "encoding": "exclude_h", "repeat": 0, "status": "UNSAT", "solve_seconds": 0.23503626199999417, "sat_stage_seconds": 0.23817260400028317}
{"case_id": "c0030", "cell": "J20_w5", "encoding": "exclude_x", "repeat": 0, "status": "UNSAT", "solve_seconds": 0.23293356099929952, "sat_stage_seconds": 0.23640777499895194}
{"case_id": "c0030", "cell": "J20_w5", "encoding": "prefix", "repeat": 0, "status": "UNSAT", "solve_seconds": 0.22687528599999496, "sat_stage_seconds": 0.23020456399899558}
{"case_id": "c0030", "cell": "J20_w5", "encoding": "exclude_x", "repeat": 1, "status": "UNSAT", "solve_seconds": 0.2279603050010337, "sat_stage_seconds": 0.23084798799936834}
{"case_id": "c0030", "cell": "J20_w5", "encoding": "prefix", "repeat": 1, "status": "UNSAT", "solve_seconds": 0.23427798500051722, "sat_stage_seconds": 0.2376431060001778}
{"case_id": "c0030", "cell": "J20_w5", "encoding": "exclude_h", "repeat": 1, "status": "UNSAT", "solve_seconds": 0.2447515210005804, "sat_stage_seconds": 0.24850612000045658}
{"case_id": "c0030", "cell": "J20_w5", "encoding": "prefix", "repeat": 2, "status": "UNSAT", "solve_seconds": 0.24480584799857752, "sat_stage_seconds": 0.24809140199795365}
{"case_id": "c0030", "cell": "J20_w5", "encoding": "exclude_h", "repeat": 2, "status": "UNSAT", "solve_seconds": 0.26903856599892606, "sat_stage_seconds": 0.2724023360005958}
{"case_id": "c0030", "cell": "J20_w5", "encoding": "exclude_x", "repeat": 2, "status": "UNSAT", "solve_seconds": 0.2500731660002202, "sat_stage_seconds": 0.25463519299955806}
{"case_id": "c0056", "cell": "J35_p0.7", "encoding": "exclude_x", "repeat": 0, "status": "SAT", "solve_seconds": 0.4441738240002451, "sat_stage_seconds": 0.44794304400056717}
{"case_id": "c0056", "cell": "J35_p0.7", "encoding": "exclude_h", "repeat": 0, "status": "SAT", "solve_seconds": 0.4190900330013392, "sat_stage_seconds": 0.42307584500122175}
{"case_id": "c0056", "cell": "J35_p0.7", "encoding": "prefix", "repeat": 0, "status": "SAT", "solve_seconds": 2.4768820999997843, "sat_stage_seconds": 2.48076070299976}
{"case_id": "c0056", "cell": "J35_p0.7", "encoding": "exclude_h", "repeat": 1, "status": "SAT", "solve_seconds": 0.4445902859988564, "sat_stage_seconds": 0.44945294899844157}
{"case_id": "c0056", "cell": "J35_p0.7", "encoding": "prefix", "repeat": 1, "status": "SAT", "solve_seconds": 2.584204093000153, "sat_stage_seconds": 2.587991491000139}
{"case_id": "c0056", "cell": "J35_p0.7", "encoding": "exclude_x", "repeat": 1, "status": "SAT", "solve_seconds": 0.4155522300006851, "sat_stage_seconds": 0.419548035999469}
{"case_id": "c0056", "cell": "J35_p0.7", "encoding": "prefix", "repeat": 2, "status": "SAT", "solve_seconds": 2.293272049000734, "sat_stage_seconds": 2.2974440080015484}
{"case_id": "c0056", "cell": "J35_p0.7", "encoding": "exclude_x", "repeat": 2, "status": "SAT", "solve_seconds": 0.3998636420001276, "sat_stage_seconds": 0.40337636299955193}
{"case_id": "c0056", "cell": "J35_p0.7", "encoding": "exclude_h", "repeat": 2, "status": "SAT", "solve_seconds": 0.42424726100034604, "sat_stage_seconds": 0.42853618200024357}
{"case_id": "c0120", "cell": "J50_w1to3", "encoding": "exclude_x", "repeat": 0, "status": "UNSAT", "solve_seconds": 0.001661775000684429, "sat_stage_seconds": 0.004435149001437821}
{"case_id": "c0120", "cell": "J50_w1to3", "encoding": "prefix", "repeat": 0, "status": "UNSAT", "solve_seconds": 0.004390121001051739, "sat_stage_seconds": 0.006988425000599818}
{"case_id": "c0120", "cell": "J50_w1to3", "encoding": "exclude_h", "repeat": 0, "status": "UNSAT", "solve_seconds": 0.0013998970007378375, "sat_stage_seconds": 0.003965763000451261}
{"case_id": "c0120", "cell": "J50_w1to3", "encoding": "prefix", "repeat": 1, "status": "UNSAT", "solve_seconds": 0.004477570999370073, "sat_stage_seconds": 0.00702202499996929}
{"case_id": "c0120", "cell": "J50_w1to3", "encoding": "exclude_h", "repeat": 1, "status": "UNSAT", "solve_seconds": 0.0014940460005163914, "sat_stage_seconds": 0.0039114920000429265}
{"case_id": "c0120", "cell": "J50_w1to3", "encoding": "exclude_x", "repeat": 1, "status": "UNSAT", "solve_seconds": 0.002335254001081921, "sat_stage_seconds": 0.004678249002608936}
{"case_id": "c0120", "cell": "J50_w1to3", "encoding": "exclude_h", "repeat": 2, "status": "UNSAT", "solve_seconds": 0.0013928160005889367, "sat_stage_seconds": 0.003817653001533472}
{"case_id": "c0120", "cell": "J50_w1to3", "encoding": "exclude_x", "repeat": 2, "status": "UNSAT", "solve_seconds": 0.0015614260009897407, "sat_stage_seconds": 0.0042386270015413174}
{"case_id": "c0120", "cell": "J50_w1to3", "encoding": "prefix", "repeat": 2, "status": "UNSAT", "solve_seconds": 0.00439215400001558, "sat_stage_seconds": 0.006870049001008738}
{"case_id": "c0172", "cell": "all_pairs", "encoding": "exclude_x", "repeat": 0, "status": "UNSAT", "solve_seconds": 0.00605565200021374, "sat_stage_seconds": 0.010853367999516195}
{"case_id": "c0172", "cell": "all_pairs", "encoding": "prefix", "repeat": 0, "status": "UNSAT", "solve_seconds": 0.007989810001163278, "sat_stage_seconds": 0.013622475002193823}
{"case_id": "c0172", "cell": "all_pairs", "encoding": "exclude_h", "repeat": 0, "status": "UNSAT", "solve_seconds": 0.004566121999232564, "sat_stage_seconds": 0.009885181998470216}
{"case_id": "c0172", "cell": "all_pairs", "encoding": "prefix", "repeat": 1, "status": "UNSAT", "solve_seconds": 0.009387363999849185, "sat_stage_seconds": 0.014771340000152122}
{"case_id": "c0172", "cell": "all_pairs", "encoding": "exclude_h", "repeat": 1, "status": "UNSAT", "solve_seconds": 0.004397893000714248, "sat_stage_seconds": 0.009482274001129554}
{"case_id": "c0172", "cell": "all_pairs", "encoding": "exclude_x", "repeat": 1, "status": "UNSAT", "solve_seconds": 0.0064495470014662715, "sat_stage_seconds": 0.011873121000462561}
{"case_id": "c0172", "cell": "all_pairs", "encoding": "exclude_h", "repeat": 2, "status": "UNSAT", "solve_seconds": 0.00540605899914226, "sat_stage_seconds": 0.010829142998773023}
{"case_id": "c0172", "cell": "all_pairs", "encoding": "exclude_x", "repeat": 2, "status": "UNSAT", "solve_seconds": 0.006133677999969223, "sat_stage_seconds": 0.011407120000512805}
{"case_id": "c0172", "cell": "all_pairs", "encoding": "prefix", "repeat": 2, "status": "UNSAT", "solve_seconds": 0.011388202001398895, "sat_stage_seconds": 0.017195947002619505}
{"case_id": "c0097", "cell": "J50_p0.7", "encoding": "prefix", "repeat": 0, "status": "UNSAT", "solve_seconds": 1.400790933999815, "sat_stage_seconds": 1.4055111960005888}
{"case_id": "c0097", "cell": "J50_p0.7", "encoding": "exclude_x", "repeat": 0, "status": "UNSAT", "solve_seconds": 1.7432141160006722, "sat_stage_seconds": 1.7499752740004624}
{"case_id": "c0097", "cell": "J50_p0.7", "encoding": "exclude_h", "repeat": 0, "status": "UNSAT", "solve_seconds": 1.5700056530004076, "sat_stage_seconds": 1.5744276719997288}
{"case_id": "c0097", "cell": "J50_p0.7", "encoding": "exclude_x", "repeat": 1, "status": "UNSAT", "solve_seconds": 1.8035689750013262, "sat_stage_seconds": 1.808088759002203}
{"case_id": "c0097", "cell": "J50_p0.7", "encoding": "exclude_h", "repeat": 1, "status": "UNSAT", "solve_seconds": 1.9016184609990887, "sat_stage_seconds": 1.9061940679985128}
{"case_id": "c0097", "cell": "J50_p0.7", "encoding": "prefix", "repeat": 1, "status": "UNSAT", "solve_seconds": 1.4675783300008334, "sat_stage_seconds": 1.4735922890013171}
{"case_id": "c0097", "cell": "J50_p0.7", "encoding": "exclude_h", "repeat": 2, "status": "UNSAT", "solve_seconds": 1.6814399480008433, "sat_stage_seconds": 1.6860097060016415}
{"case_id": "c0097", "cell": "J50_p0.7", "encoding": "prefix", "repeat": 2, "status": "UNSAT", "solve_seconds": 1.3550570750012412, "sat_stage_seconds": 1.35997144400244}
{"case_id": "c0097", "cell": "J50_p0.7", "encoding": "exclude_x", "repeat": 2, "status": "UNSAT", "solve_seconds": 1.529568559000836, "sat_stage_seconds": 1.534426854999765}
{"case_id": "c0010", "cell": "J20_p0.5", "encoding": "prefix", "repeat": 0, "status": "SAT", "solve_seconds": 0.005862535999767715, "sat_stage_seconds": 0.008726963998924475}
{"case_id": "c0010", "cell": "J20_p0.5", "encoding": "exclude_h", "repeat": 0, "status": "SAT", "solve_seconds": 0.002356955999857746, "sat_stage_seconds": 0.005076890000054846}
{"case_id": "c0010", "cell": "J20_p0.5", "encoding": "exclude_x", "repeat": 0, "status": "SAT", "solve_seconds": 0.002265690998683567, "sat_stage_seconds": 0.005598433997874963}
{"case_id": "c0010", "cell": "J20_p0.5", "encoding": "exclude_h", "repeat": 1, "status": "SAT", "solve_seconds": 0.0022234980006032856, "sat_stage_seconds": 0.005195646001084242}
{"case_id": "c0010", "cell": "J20_p0.5", "encoding": "exclude_x", "repeat": 1, "status": "SAT", "solve_seconds": 0.002172321999751148, "sat_stage_seconds": 0.004804125001101056}
{"case_id": "c0010", "cell": "J20_p0.5", "encoding": "prefix", "repeat": 1, "status": "SAT", "solve_seconds": 0.005917567001233692, "sat_stage_seconds": 0.00862563400187355}
{"case_id": "c0010", "cell": "J20_p0.5", "encoding": "exclude_x", "repeat": 2, "status": "SAT", "solve_seconds": 0.0021734239999204874, "sat_stage_seconds": 0.004820219000976067}
{"case_id": "c0010", "cell": "J20_p0.5", "encoding": "prefix", "repeat": 2, "status": "SAT", "solve_seconds": 0.006067948999771033, "sat_stage_seconds": 0.009087757998713641}
{"case_id": "c0010", "cell": "J20_p0.5", "encoding": "exclude_h", "repeat": 2, "status": "SAT", "solve_seconds": 0.0022185210000316147, "sat_stage_seconds": 0.004837214999497519}
{"case_id": "c0117", "cell": "J50_w5", "encoding": "exclude_x", "repeat": 0, "status": "UNSAT", "solve_seconds": 0.18575203199907264, "sat_stage_seconds": 0.19149956599903817}
{"case_id": "c0117", "cell": "J50_w5", "encoding": "prefix", "repeat": 0, "status": "UNSAT", "solve_seconds": 0.21033868799895572, "sat_stage_seconds": 0.21591647999957786}
{"case_id": "c0117", "cell": "J50_w5", "encoding": "exclude_h", "repeat": 0, "status": "UNSAT", "solve_seconds": 0.17281173000083072, "sat_stage_seconds": 0.17851635099941632}
{"case_id": "c0117", "cell": "J50_w5", "encoding": "prefix", "repeat": 1, "status": "UNSAT", "solve_seconds": 0.20892361000005621, "sat_stage_seconds": 0.21485690000008617}
{"case_id": "c0117", "cell": "J50_w5", "encoding": "exclude_h", "repeat": 1, "status": "UNSAT", "solve_seconds": 0.16743959199993697, "sat_stage_seconds": 0.17281854999964708}
{"case_id": "c0117", "cell": "J50_w5", "encoding": "exclude_x", "repeat": 1, "status": "UNSAT", "solve_seconds": 0.18605211800058896, "sat_stage_seconds": 0.19165546899967012}
{"case_id": "c0117", "cell": "J50_w5", "encoding": "exclude_h", "repeat": 2, "status": "UNSAT", "solve_seconds": 0.1783149519997096, "sat_stage_seconds": 0.18386815899975772}
{"case_id": "c0117", "cell": "J50_w5", "encoding": "exclude_x", "repeat": 2, "status": "UNSAT", "solve_seconds": 0.1988123729988729, "sat_stage_seconds": 0.20445818699954543}
{"case_id": "c0117", "cell": "J50_w5", "encoding": "prefix", "repeat": 2, "status": "UNSAT", "solve_seconds": 0.24989132200062159, "sat_stage_seconds": 0.2662081530015712}
{"case_id": "c0130", "cell": "J80_p0.3", "encoding": "prefix", "repeat": 0, "status": "UNSAT", "solve_seconds": 0.004046591999212978, "sat_stage_seconds": 0.007565390998934163}
{"case_id": "c0130", "cell": "J80_p0.3", "encoding": "exclude_x", "repeat": 0, "status": "UNSAT", "solve_seconds": 0.0025339479998365277, "sat_stage_seconds": 0.0065956220005318755}
{"case_id": "c0130", "cell": "J80_p0.3", "encoding": "exclude_h", "repeat": 0, "status": "UNSAT", "solve_seconds": 0.0016827760009618942, "sat_stage_seconds": 0.0054581759995926404}
{"case_id": "c0130", "cell": "J80_p0.3", "encoding": "exclude_x", "repeat": 1, "status": "UNSAT", "solve_seconds": 0.0018642449995240895, "sat_stage_seconds": 0.004414036999150994}
{"case_id": "c0130", "cell": "J80_p0.3", "encoding": "exclude_h", "repeat": 1, "status": "UNSAT", "solve_seconds": 0.0021708500007662224, "sat_stage_seconds": 0.005481520000103046}
{"case_id": "c0130", "cell": "J80_p0.3", "encoding": "prefix", "repeat": 1, "status": "UNSAT", "solve_seconds": 0.0037844529997528298, "sat_stage_seconds": 0.007035774999167188}
{"case_id": "c0130", "cell": "J80_p0.3", "encoding": "exclude_h", "repeat": 2, "status": "UNSAT", "solve_seconds": 0.001837474999774713, "sat_stage_seconds": 0.005043098999522044}
{"case_id": "c0130", "cell": "J80_p0.3", "encoding": "prefix", "repeat": 2, "status": "UNSAT", "solve_seconds": 0.00370382300025085, "sat_stage_seconds": 0.0064317590004066005}
{"case_id": "c0130", "cell": "J80_p0.3", "encoding": "exclude_x", "repeat": 2, "status": "UNSAT", "solve_seconds": 0.0019156310008838773, "sat_stage_seconds": 0.0044894090005982434}
{"case_id": "c0143", "cell": "J80_p0.7", "encoding": "exclude_h", "repeat": 0, "status": "UNSAT", "solve_seconds": 0.16542893500081846, "sat_stage_seconds": 0.17169119300160673}
{"case_id": "c0143", "cell": "J80_p0.7", "encoding": "prefix", "repeat": 0, "status": "UNSAT", "solve_seconds": 0.20739885799957847, "sat_stage_seconds": 0.21349197499876027}
{"case_id": "c0143", "cell": "J80_p0.7", "encoding": "exclude_x", "repeat": 0, "status": "UNSAT", "solve_seconds": 0.14069173999996565, "sat_stage_seconds": 0.14693107300081465}
{"case_id": "c0143", "cell": "J80_p0.7", "encoding": "prefix", "repeat": 1, "status": "UNSAT", "solve_seconds": 0.20641714200064598, "sat_stage_seconds": 0.2125463820011646}
{"case_id": "c0143", "cell": "J80_p0.7", "encoding": "exclude_x", "repeat": 1, "status": "UNSAT", "solve_seconds": 0.14661077900018427, "sat_stage_seconds": 0.1535906419994717}
{"case_id": "c0143", "cell": "J80_p0.7", "encoding": "exclude_h", "repeat": 1, "status": "UNSAT", "solve_seconds": 0.16355342800125072, "sat_stage_seconds": 0.1703019270025834}
{"case_id": "c0143", "cell": "J80_p0.7", "encoding": "exclude_x", "repeat": 2, "status": "UNSAT", "solve_seconds": 0.13965790700058278, "sat_stage_seconds": 0.1453542160015786}
{"case_id": "c0143", "cell": "J80_p0.7", "encoding": "exclude_h", "repeat": 2, "status": "UNSAT", "solve_seconds": 0.16522294399874227, "sat_stage_seconds": 0.17227721699782705}
{"case_id": "c0143", "cell": "J80_p0.7", "encoding": "prefix", "repeat": 2, "status": "UNSAT", "solve_seconds": 0.2099012489998131, "sat_stage_seconds": 0.21607958300046448}
{"case_id": "c0077", "cell": "J35_w5", "encoding": "exclude_x", "repeat": 0, "status": "UNSAT", "solve_seconds": 0.14939786300055857, "sat_stage_seconds": 0.15403093500026444}
{"case_id": "c0077", "cell": "J35_w5", "encoding": "exclude_h", "repeat": 0, "status": "UNSAT", "solve_seconds": 0.15247543699842936, "sat_stage_seconds": 0.1570538369978749}
{"case_id": "c0077", "cell": "J35_w5", "encoding": "prefix", "repeat": 0, "status": "UNSAT", "solve_seconds": 0.15538814699903014, "sat_stage_seconds": 0.1610306459988351}
{"case_id": "c0077", "cell": "J35_w5", "encoding": "exclude_h", "repeat": 1, "status": "UNSAT", "solve_seconds": 0.15615287800028455, "sat_stage_seconds": 0.16057949400055804}
{"case_id": "c0077", "cell": "J35_w5", "encoding": "prefix", "repeat": 1, "status": "UNSAT", "solve_seconds": 0.17775626299953728, "sat_stage_seconds": 0.18297855899800197}
{"case_id": "c0077", "cell": "J35_w5", "encoding": "exclude_x", "repeat": 1, "status": "UNSAT", "solve_seconds": 0.18736540700047044, "sat_stage_seconds": 0.19279877600092732}
{"case_id": "c0077", "cell": "J35_w5", "encoding": "prefix", "repeat": 2, "status": "UNSAT", "solve_seconds": 0.2127757720008958, "sat_stage_seconds": 0.21863826800108654}
{"case_id": "c0077", "cell": "J35_w5", "encoding": "exclude_x", "repeat": 2, "status": "UNSAT", "solve_seconds": 0.1851696539997647, "sat_stage_seconds": 0.1913118550000945}
{"case_id": "c0077", "cell": "J35_w5", "encoding": "exclude_h", "repeat": 2, "status": "UNSAT", "solve_seconds": 0.1762832199983677, "sat_stage_seconds": 0.18147251699883782}
{"case_id": "c0125", "cell": "J50_w1to3", "encoding": "exclude_x", "repeat": 0, "status": "UNSAT", "solve_seconds": 0.0028458109991333913, "sat_stage_seconds": 0.006111484999564709}
{"case_id": "c0125", "cell": "J50_w1to3", "encoding": "prefix", "repeat": 0, "status": "UNSAT", "solve_seconds": 0.004802102999747149, "sat_stage_seconds": 0.00807348499984073}
{"case_id": "c0125", "cell": "J50_w1to3", "encoding": "exclude_h", "repeat": 0, "status": "UNSAT", "solve_seconds": 0.0021337039997888496, "sat_stage_seconds": 0.00568452599873126}
{"case_id": "c0125", "cell": "J50_w1to3", "encoding": "prefix", "repeat": 1, "status": "UNSAT", "solve_seconds": 0.00521654800104443, "sat_stage_seconds": 0.008561108001231332}
{"case_id": "c0125", "cell": "J50_w1to3", "encoding": "exclude_h", "repeat": 1, "status": "UNSAT", "solve_seconds": 0.0022180400010256562, "sat_stage_seconds": 0.004948970001350972}
{"case_id": "c0125", "cell": "J50_w1to3", "encoding": "exclude_x", "repeat": 1, "status": "UNSAT", "solve_seconds": 0.002808775998346391, "sat_stage_seconds": 0.008372843996767187}
{"case_id": "c0125", "cell": "J50_w1to3", "encoding": "exclude_h", "repeat": 2, "status": "UNSAT", "solve_seconds": 0.002603921999252634, "sat_stage_seconds": 0.005378947998906369}
{"case_id": "c0125", "cell": "J50_w1to3", "encoding": "exclude_x", "repeat": 2, "status": "UNSAT", "solve_seconds": 0.0034311990002606763, "sat_stage_seconds": 0.0065166559998033335}
{"case_id": "c0125", "cell": "J50_w1to3", "encoding": "prefix", "repeat": 2, "status": "UNSAT", "solve_seconds": 0.005091102000733372, "sat_stage_seconds": 0.008517263999237912}
{"case_id": "c0028", "cell": "J20_w3", "encoding": "exclude_h", "repeat": 0, "status": "UNSAT", "solve_seconds": 0.0041259700010414235, "sat_stage_seconds": 0.007064138000714593}
{"case_id": "c0028", "cell": "J20_w3", "encoding": "prefix", "repeat": 0, "status": "UNSAT", "solve_seconds": 0.007839718000468565, "sat_stage_seconds": 0.011829466000563116}
{"case_id": "c0028", "cell": "J20_w3", "encoding": "exclude_x", "repeat": 0, "status": "UNSAT", "solve_seconds": 0.004502879000938265, "sat_stage_seconds": 0.0072799980007403065}
{"case_id": "c0028", "cell": "J20_w3", "encoding": "prefix", "repeat": 1, "status": "UNSAT", "solve_seconds": 0.007463900999937323, "sat_stage_seconds": 0.010431332000734983}
{"case_id": "c0028", "cell": "J20_w3", "encoding": "exclude_x", "repeat": 1, "status": "UNSAT", "solve_seconds": 0.0041598500010877615, "sat_stage_seconds": 0.006643193000854808}
{"case_id": "c0028", "cell": "J20_w3", "encoding": "exclude_h", "repeat": 1, "status": "UNSAT", "solve_seconds": 0.004246467999109882, "sat_stage_seconds": 0.007092789999660454}
{"case_id": "c0028", "cell": "J20_w3", "encoding": "exclude_x", "repeat": 2, "status": "UNSAT", "solve_seconds": 0.0045848250010749325, "sat_stage_seconds": 0.007059265000862069}
{"case_id": "c0028", "cell": "J20_w3", "encoding": "exclude_h", "repeat": 2, "status": "UNSAT", "solve_seconds": 0.004819698000574135, "sat_stage_seconds": 0.00798347000090871}
{"case_id": "c0028", "cell": "J20_w3", "encoding": "prefix", "repeat": 2, "status": "UNSAT", "solve_seconds": 0.009270090000427444, "sat_stage_seconds": 0.013264265000543674}
{"case_id": "c0091", "cell": "J50_p0.5", "encoding": "prefix", "repeat": 0, "status": "UNSAT", "solve_seconds": 0.004285167000489309, "sat_stage_seconds": 0.00904620900109876}
{"case_id": "c0091", "cell": "J50_p0.5", "encoding": "exclude_x", "repeat": 0, "status": "UNSAT", "solve_seconds": 0.003318202001537429, "sat_stage_seconds": 0.0074419280008442}
{"case_id": "c0091", "cell": "J50_p0.5", "encoding": "exclude_h", "repeat": 0, "status": "UNSAT", "solve_seconds": 0.0035842270008288324, "sat_stage_seconds": 0.007807661000697408}
{"case_id": "c0091", "cell": "J50_p0.5", "encoding": "exclude_x", "repeat": 1, "status": "UNSAT", "solve_seconds": 0.00415204799901403, "sat_stage_seconds": 0.00828404699859675}
{"case_id": "c0091", "cell": "J50_p0.5", "encoding": "exclude_h", "repeat": 1, "status": "UNSAT", "solve_seconds": 0.0036412699992069975, "sat_stage_seconds": 0.008681765999426716}
{"case_id": "c0091", "cell": "J50_p0.5", "encoding": "prefix", "repeat": 1, "status": "UNSAT", "solve_seconds": 0.00464884500070184, "sat_stage_seconds": 0.00878791500144871}
{"case_id": "c0091", "cell": "J50_p0.5", "encoding": "exclude_h", "repeat": 2, "status": "UNSAT", "solve_seconds": 0.005136868998306454, "sat_stage_seconds": 0.010898734999500448}
{"case_id": "c0091", "cell": "J50_p0.5", "encoding": "prefix", "repeat": 2, "status": "UNSAT", "solve_seconds": 0.004602316999807954, "sat_stage_seconds": 0.00924888900044607}
{"case_id": "c0091", "cell": "J50_p0.5", "encoding": "exclude_x", "repeat": 2, "status": "UNSAT", "solve_seconds": 0.004199728999083163, "sat_stage_seconds": 0.00868767499923706}
{"case_id": "c0043", "cell": "J35_p0.3", "encoding": "prefix", "repeat": 0, "status": "UNSAT", "solve_seconds": 0.004089075000592857, "sat_stage_seconds": 0.007915911000964115}
{"case_id": "c0043", "cell": "J35_p0.3", "encoding": "exclude_x", "repeat": 0, "status": "UNSAT", "solve_seconds": 0.0018988969986821758, "sat_stage_seconds": 0.005577321999226115}
{"case_id": "c0043", "cell": "J35_p0.3", "encoding": "exclude_h", "repeat": 0, "status": "UNSAT", "solve_seconds": 0.0019399679986236151, "sat_stage_seconds": 0.005884889998924336}
{"case_id": "c0043", "cell": "J35_p0.3", "encoding": "exclude_x", "repeat": 1, "status": "UNSAT", "solve_seconds": 0.0017625849995965837, "sat_stage_seconds": 0.005177170000024489}
{"case_id": "c0043", "cell": "J35_p0.3", "encoding": "exclude_h", "repeat": 1, "status": "UNSAT", "solve_seconds": 0.003815247999227722, "sat_stage_seconds": 0.008434940998995444}
{"case_id": "c0043", "cell": "J35_p0.3", "encoding": "prefix", "repeat": 1, "status": "UNSAT", "solve_seconds": 0.005736278000767925, "sat_stage_seconds": 0.011494669000967406}
{"case_id": "c0043", "cell": "J35_p0.3", "encoding": "exclude_h", "repeat": 2, "status": "UNSAT", "solve_seconds": 0.001821632000428508, "sat_stage_seconds": 0.005271319001622032}
{"case_id": "c0043", "cell": "J35_p0.3", "encoding": "prefix", "repeat": 2, "status": "UNSAT", "solve_seconds": 0.003641921999587794, "sat_stage_seconds": 0.006983248000324238}
{"case_id": "c0043", "cell": "J35_p0.3", "encoding": "exclude_x", "repeat": 2, "status": "UNSAT", "solve_seconds": 0.0017633049992582528, "sat_stage_seconds": 0.00497767299930274}
{"case_id": "c0021", "cell": "J20_w2", "encoding": "exclude_h", "repeat": 0, "status": "UNSAT", "solve_seconds": 0.0024221319999924162, "sat_stage_seconds": 0.004357572999651893}
{"case_id": "c0021", "cell": "J20_w2", "encoding": "prefix", "repeat": 0, "status": "UNSAT", "solve_seconds": 0.004621235000740853, "sat_stage_seconds": 0.006748388999767485}
{"case_id": "c0021", "cell": "J20_w2", "encoding": "exclude_x", "repeat": 0, "status": "UNSAT", "solve_seconds": 0.0026166309999098303, "sat_stage_seconds": 0.004600894000759581}
{"case_id": "c0021", "cell": "J20_w2", "encoding": "prefix", "repeat": 1, "status": "UNSAT", "solve_seconds": 0.0046586499993281905, "sat_stage_seconds": 0.006909779000125127}
{"case_id": "c0021", "cell": "J20_w2", "encoding": "exclude_x", "repeat": 1, "status": "UNSAT", "solve_seconds": 0.002598294000563328, "sat_stage_seconds": 0.004735675000119954}
{"case_id": "c0021", "cell": "J20_w2", "encoding": "exclude_h", "repeat": 1, "status": "UNSAT", "solve_seconds": 0.0024351720003323862, "sat_stage_seconds": 0.004497570000239648}
{"case_id": "c0021", "cell": "J20_w2", "encoding": "exclude_x", "repeat": 2, "status": "UNSAT", "solve_seconds": 0.0026066260015795706, "sat_stage_seconds": 0.004775273000632296}
{"case_id": "c0021", "cell": "J20_w2", "encoding": "exclude_h", "repeat": 2, "status": "UNSAT", "solve_seconds": 0.0024789670005702646, "sat_stage_seconds": 0.0045864440016885055}
{"case_id": "c0021", "cell": "J20_w2", "encoding": "prefix", "repeat": 2, "status": "UNSAT", "solve_seconds": 0.004699029999756021, "sat_stage_seconds": 0.006914816998687456}
{"case_id": "c0154", "cell": "J80_w3", "encoding": "exclude_h", "repeat": 0, "status": "UNSAT", "solve_seconds": 0.007026061000942718, "sat_stage_seconds": 0.013227990000814316}
{"case_id": "c0154", "cell": "J80_w3", "encoding": "prefix", "repeat": 0, "status": "UNSAT", "solve_seconds": 0.006962157000089064, "sat_stage_seconds": 0.013418883998383535}
{"case_id": "c0154", "cell": "J80_w3", "encoding": "exclude_x", "repeat": 0, "status": "UNSAT", "solve_seconds": 0.0073266270010208245, "sat_stage_seconds": 0.013642936000906047}
{"case_id": "c0154", "cell": "J80_w3", "encoding": "prefix", "repeat": 1, "status": "UNSAT", "solve_seconds": 0.006955037000807351, "sat_stage_seconds": 0.01329712300139363}
{"case_id": "c0154", "cell": "J80_w3", "encoding": "exclude_x", "repeat": 1, "status": "UNSAT", "solve_seconds": 0.007255492000695085, "sat_stage_seconds": 0.01344240900107252}
{"case_id": "c0154", "cell": "J80_w3", "encoding": "exclude_h", "repeat": 1, "status": "UNSAT", "solve_seconds": 0.006893633999425219, "sat_stage_seconds": 0.01309295899955032}
{"case_id": "c0154", "cell": "J80_w3", "encoding": "exclude_x", "repeat": 2, "status": "UNSAT", "solve_seconds": 0.0072731680011202116, "sat_stage_seconds": 0.013534475001506507}
{"case_id": "c0154", "cell": "J80_w3", "encoding": "exclude_h", "repeat": 2, "status": "UNSAT", "solve_seconds": 0.0068958779993408825, "sat_stage_seconds": 0.013006380999286193}
{"case_id": "c0154", "cell": "J80_w3", "encoding": "prefix", "repeat": 2, "status": "UNSAT", "solve_seconds": 0.0069334529998741345, "sat_stage_seconds": 0.013150855000276351}
{"case_id": "c0093", "cell": "J50_p0.5", "encoding": "exclude_x", "repeat": 0, "status": "UNSAT", "solve_seconds": 0.01032982099968649, "sat_stage_seconds": 0.015089481001268723}
{"case_id": "c0093", "cell": "J50_p0.5", "encoding": "exclude_h", "repeat": 0, "status": "UNSAT", "solve_seconds": 0.010289031000866089, "sat_stage_seconds": 0.015142199001275003}
{"case_id": "c0093", "cell": "J50_p0.5", "encoding": "prefix", "repeat": 0, "status": "UNSAT", "solve_seconds": 0.006832102999396739, "sat_stage_seconds": 0.01183386199954839}
{"case_id": "c0093", "cell": "J50_p0.5", "encoding": "exclude_h", "repeat": 1, "status": "UNSAT", "solve_seconds": 0.013801816001432599, "sat_stage_seconds": 0.018875401001423597}
{"case_id": "c0093", "cell": "J50_p0.5", "encoding": "prefix", "repeat": 1, "status": "UNSAT", "solve_seconds": 0.007586592999359709, "sat_stage_seconds": 0.014004501999806962}
{"case_id": "c0093", "cell": "J50_p0.5", "encoding": "exclude_x", "repeat": 1, "status": "UNSAT", "solve_seconds": 0.013143624000804266, "sat_stage_seconds": 0.020459165001739166}
{"case_id": "c0093", "cell": "J50_p0.5", "encoding": "prefix", "repeat": 2, "status": "UNSAT", "solve_seconds": 0.008101245999569073, "sat_stage_seconds": 0.01443665199985844}
{"case_id": "c0093", "cell": "J50_p0.5", "encoding": "exclude_x", "repeat": 2, "status": "UNSAT", "solve_seconds": 0.013480805000654073, "sat_stage_seconds": 0.018808998000167776}
{"case_id": "c0093", "cell": "J50_p0.5", "encoding": "exclude_h", "repeat": 2, "status": "UNSAT", "solve_seconds": 0.011163116998432088, "sat_stage_seconds": 0.01722658999824489}
{"case_id": "c0009", "cell": "J20_p0.5", "encoding": "exclude_x", "repeat": 0, "status": "UNSAT", "solve_seconds": 0.01674616799937212, "sat_stage_seconds": 0.01969892699889897}
{"case_id": "c0009", "cell": "J20_p0.5", "encoding": "exclude_h", "repeat": 0, "status": "UNSAT", "solve_seconds": 0.01980780899975798, "sat_stage_seconds": 0.022680398999000317}
{"case_id": "c0009", "cell": "J20_p0.5", "encoding": "prefix", "repeat": 0, "status": "UNSAT", "solve_seconds": 0.01611015500020585, "sat_stage_seconds": 0.019404961998588988}
{"case_id": "c0009", "cell": "J20_p0.5", "encoding": "exclude_h", "repeat": 1, "status": "UNSAT", "solve_seconds": 0.021946871000182, "sat_stage_seconds": 0.025056603999473737}
{"case_id": "c0009", "cell": "J20_p0.5", "encoding": "prefix", "repeat": 1, "status": "UNSAT", "solve_seconds": 0.017962396999791963, "sat_stage_seconds": 0.020994603999497485}
{"case_id": "c0009", "cell": "J20_p0.5", "encoding": "exclude_x", "repeat": 1, "status": "UNSAT", "solve_seconds": 0.018623352001668536, "sat_stage_seconds": 0.021963416002108715}
{"case_id": "c0009", "cell": "J20_p0.5", "encoding": "prefix", "repeat": 2, "status": "UNSAT", "solve_seconds": 0.01529809000021487, "sat_stage_seconds": 0.01886765400013246}
{"case_id": "c0009", "cell": "J20_p0.5", "encoding": "exclude_x", "repeat": 2, "status": "UNSAT", "solve_seconds": 0.016265995998764993, "sat_stage_seconds": 0.019145606998790754}
{"case_id": "c0009", "cell": "J20_p0.5", "encoding": "exclude_h", "repeat": 2, "status": "UNSAT", "solve_seconds": 0.01645386400014104, "sat_stage_seconds": 0.019264852999185678}
{"case_id": "c0048", "cell": "J35_p0.5", "encoding": "exclude_x", "repeat": 0, "status": "UNSAT", "solve_seconds": 0.0033955559993046336, "sat_stage_seconds": 0.007350511998083675}
{"case_id": "c0048", "cell": "J35_p0.5", "encoding": "prefix", "repeat": 0, "status": "UNSAT", "solve_seconds": 0.004060531999130035, "sat_stage_seconds": 0.007947075999254594}
{"case_id": "c0048", "cell": "J35_p0.5", "encoding": "exclude_h", "repeat": 0, "status": "UNSAT", "solve_seconds": 0.0028901069999847095, "sat_stage_seconds": 0.006421394999051699}
{"case_id": "c0048", "cell": "J35_p0.5", "encoding": "prefix", "repeat": 1, "status": "UNSAT", "solve_seconds": 0.004272317000868497, "sat_stage_seconds": 0.00848500500069349}
{"case_id": "c0048", "cell": "J35_p0.5", "encoding": "exclude_h", "repeat": 1, "status": "UNSAT", "solve_seconds": 0.0032310620008502156, "sat_stage_seconds": 0.007243413001560839}
{"case_id": "c0048", "cell": "J35_p0.5", "encoding": "exclude_x", "repeat": 1, "status": "UNSAT", "solve_seconds": 0.0029267299996718066, "sat_stage_seconds": 0.006624103998547071}
{"case_id": "c0048", "cell": "J35_p0.5", "encoding": "exclude_h", "repeat": 2, "status": "UNSAT", "solve_seconds": 0.0029802499993820675, "sat_stage_seconds": 0.007106198998371838}
{"case_id": "c0048", "cell": "J35_p0.5", "encoding": "exclude_x", "repeat": 2, "status": "UNSAT", "solve_seconds": 0.0031784340008016443, "sat_stage_seconds": 0.007092689000273822}
{"case_id": "c0048", "cell": "J35_p0.5", "encoding": "prefix", "repeat": 2, "status": "UNSAT", "solve_seconds": 0.00481376000061573, "sat_stage_seconds": 0.008780684001976624}
{"case_id": "c0027", "cell": "J20_w3", "encoding": "prefix", "repeat": 0, "status": "UNSAT", "solve_seconds": 0.005541608999919845, "sat_stage_seconds": 0.009229408999090083}
{"case_id": "c0027", "cell": "J20_w3", "encoding": "exclude_h", "repeat": 0, "status": "UNSAT", "solve_seconds": 0.006082912999772816, "sat_stage_seconds": 0.00873084100021515}
{"case_id": "c0027", "cell": "J20_w3", "encoding": "exclude_x", "repeat": 0, "status": "UNSAT", "solve_seconds": 0.005956644999969285, "sat_stage_seconds": 0.008935001998906955}
{"case_id": "c0027", "cell": "J20_w3", "encoding": "exclude_h", "repeat": 1, "status": "UNSAT", "solve_seconds": 0.007347688000663766, "sat_stage_seconds": 0.010079460000270046}
{"case_id": "c0027", "cell": "J20_w3", "encoding": "exclude_x", "repeat": 1, "status": "UNSAT", "solve_seconds": 0.006175861000883742, "sat_stage_seconds": 0.015514813001573202}
{"case_id": "c0027", "cell": "J20_w3", "encoding": "prefix", "repeat": 1, "status": "UNSAT", "solve_seconds": 0.005858169000930502, "sat_stage_seconds": 0.008922664001147496}
{"case_id": "c0027", "cell": "J20_w3", "encoding": "exclude_x", "repeat": 2, "status": "UNSAT", "solve_seconds": 0.00554348200057575, "sat_stage_seconds": 0.00845342799948412}
{"case_id": "c0027", "cell": "J20_w3", "encoding": "prefix", "repeat": 2, "status": "UNSAT", "solve_seconds": 0.006512960000691237, "sat_stage_seconds": 0.011690990000715829}
{"case_id": "c0027", "cell": "J20_w3", "encoding": "exclude_h", "repeat": 2, "status": "UNSAT", "solve_seconds": 0.006735359000231256, "sat_stage_seconds": 0.010550467999564717}
{"case_id": "c0135", "cell": "J80_p0.5", "encoding": "prefix", "repeat": 0, "status": "UNSAT", "solve_seconds": 0.007750425000267569, "sat_stage_seconds": 0.015506398000070476}
{"case_id": "c0135", "cell": "J80_p0.5", "encoding": "exclude_h", "repeat": 0, "status": "UNSAT", "solve_seconds": 0.0033195140003954293, "sat_stage_seconds": 0.009375466001074528}
{"case_id": "c0135", "cell": "J80_p0.5", "encoding": "exclude_x", "repeat": 0, "status": "UNSAT", "solve_seconds": 0.011500456999783637, "sat_stage_seconds": 0.021668568000677624}
{"case_id": "c0135", "cell": "J80_p0.5", "encoding": "exclude_h", "repeat": 1, "status": "UNSAT", "solve_seconds": 0.0033998229991993867, "sat_stage_seconds": 0.010150174997761496}
{"case_id": "c0135", "cell": "J80_p0.5", "encoding": "exclude_x", "repeat": 1, "status": "UNSAT", "solve_seconds": 0.008805961000689422, "sat_stage_seconds": 0.017438615001083235}
{"case_id": "c0135", "cell": "J80_p0.5", "encoding": "prefix", "repeat": 1, "status": "UNSAT", "solve_seconds": 0.006667798999842489, "sat_stage_seconds": 0.013163653999072267}
{"case_id": "c0135", "cell": "J80_p0.5", "encoding": "exclude_x", "repeat": 2, "status": "UNSAT", "solve_seconds": 0.006427682999856188, "sat_stage_seconds": 0.01563714300027641}
{"case_id": "c0135", "cell": "J80_p0.5", "encoding": "prefix", "repeat": 2, "status": "UNSAT", "solve_seconds": 0.011305427999104722, "sat_stage_seconds": 0.01758618299936643}
{"case_id": "c0135", "cell": "J80_p0.5", "encoding": "exclude_h", "repeat": 2, "status": "UNSAT", "solve_seconds": 0.0032847620004758937, "sat_stage_seconds": 0.00922765700124728}
{"case_id": "c0085", "cell": "J50_p0.3", "encoding": "exclude_h", "repeat": 0, "status": "UNSAT", "solve_seconds": 0.002066174998617498, "sat_stage_seconds": 0.006055510997612146}
{"case_id": "c0085", "cell": "J50_p0.3", "encoding": "exclude_x", "repeat": 0, "status": "UNSAT", "solve_seconds": 0.010015505000410485, "sat_stage_seconds": 0.01359157900151331}
{"case_id": "c0085", "cell": "J50_p0.3", "encoding": "prefix", "repeat": 0, "status": "UNSAT", "solve_seconds": 0.007204685998658533, "sat_stage_seconds": 0.012884759998996742}
{"case_id": "c0085", "cell": "J50_p0.3", "encoding": "exclude_x", "repeat": 1, "status": "UNSAT", "solve_seconds": 0.003650094000477111, "sat_stage_seconds": 0.00780505700095091}
{"case_id": "c0085", "cell": "J50_p0.3", "encoding": "prefix", "repeat": 1, "status": "UNSAT", "solve_seconds": 0.006514070999401156, "sat_stage_seconds": 0.012657252000281005}
{"case_id": "c0085", "cell": "J50_p0.3", "encoding": "exclude_h", "repeat": 1, "status": "UNSAT", "solve_seconds": 0.0021868130006623687, "sat_stage_seconds": 0.009183800000755582}
{"case_id": "c0085", "cell": "J50_p0.3", "encoding": "prefix", "repeat": 2, "status": "UNSAT", "solve_seconds": 0.009286033000535099, "sat_stage_seconds": 0.014615567000873853}
{"case_id": "c0085", "cell": "J50_p0.3", "encoding": "exclude_h", "repeat": 2, "status": "UNSAT", "solve_seconds": 0.001991543000258389, "sat_stage_seconds": 0.005667254999934812}
{"case_id": "c0085", "cell": "J50_p0.3", "encoding": "exclude_x", "repeat": 2, "status": "UNSAT", "solve_seconds": 0.002231268999821623, "sat_stage_seconds": 0.005835854999531875}
{"case_id": "c0169", "cell": "cycle10", "encoding": "prefix", "repeat": 0, "status": "SAT", "solve_seconds": 0.0033980499993049307, "sat_stage_seconds": 0.005001287998311454}
{"case_id": "c0169", "cell": "cycle10", "encoding": "exclude_h", "repeat": 0, "status": "SAT", "solve_seconds": 0.00019507900105963927, "sat_stage_seconds": 0.0017897640009323368}
{"case_id": "c0169", "cell": "cycle10", "encoding": "exclude_x", "repeat": 0, "status": "SAT", "solve_seconds": 0.00021509900034288876, "sat_stage_seconds": 0.001772078001522459}
{"case_id": "c0169", "cell": "cycle10", "encoding": "exclude_h", "repeat": 1, "status": "SAT", "solve_seconds": 0.00024064600074780174, "sat_stage_seconds": 0.0027366480007913196}
{"case_id": "c0169", "cell": "cycle10", "encoding": "exclude_x", "repeat": 1, "status": "SAT", "solve_seconds": 0.0002248639993922552, "sat_stage_seconds": 0.0021711600002163323}
{"case_id": "c0169", "cell": "cycle10", "encoding": "prefix", "repeat": 1, "status": "SAT", "solve_seconds": 0.008879259001332684, "sat_stage_seconds": 0.011769396001909627}
{"case_id": "c0169", "cell": "cycle10", "encoding": "exclude_x", "repeat": 2, "status": "SAT", "solve_seconds": 0.0004738429997814819, "sat_stage_seconds": 0.003382646998943528}
{"case_id": "c0169", "cell": "cycle10", "encoding": "prefix", "repeat": 2, "status": "SAT", "solve_seconds": 0.004152388999500545, "sat_stage_seconds": 0.00630323900077201}
{"case_id": "c0169", "cell": "cycle10", "encoding": "exclude_h", "repeat": 2, "status": "SAT", "solve_seconds": 0.00023050200070429128, "sat_stage_seconds": 0.006089532000260078}
{"case_id": "c0047", "cell": "J35_p0.3", "encoding": "exclude_h", "repeat": 0, "status": "UNSAT", "solve_seconds": 0.0019161119998898357, "sat_stage_seconds": 0.007252928000525571}
{"case_id": "c0047", "cell": "J35_p0.3", "encoding": "prefix", "repeat": 0, "status": "UNSAT", "solve_seconds": 0.00475557400022808, "sat_stage_seconds": 0.010027542999523575}
{"case_id": "c0047", "cell": "J35_p0.3", "encoding": "exclude_x", "repeat": 0, "status": "UNSAT", "solve_seconds": 0.001629136000701692, "sat_stage_seconds": 0.005251869000858278}
{"case_id": "c0047", "cell": "J35_p0.3", "encoding": "prefix", "repeat": 1, "status": "UNSAT", "solve_seconds": 0.0029851579984097043, "sat_stage_seconds": 0.00676279099934618}
{"case_id": "c0047", "cell": "J35_p0.3", "encoding": "exclude_x", "repeat": 1, "status": "UNSAT", "solve_seconds": 0.002090941999995266, "sat_stage_seconds": 0.0055212000006577}
{"case_id": "c0047", "cell": "J35_p0.3", "encoding": "exclude_h", "repeat": 1, "status": "UNSAT", "solve_seconds": 0.0019759709994104924, "sat_stage_seconds": 0.005584673999692313}
{"case_id": "c0047", "cell": "J35_p0.3", "encoding": "exclude_x", "repeat": 2, "status": "UNSAT", "solve_seconds": 0.001993687001231592, "sat_stage_seconds": 0.005436133000330301}
{"case_id": "c0047", "cell": "J35_p0.3", "encoding": "exclude_h", "repeat": 2, "status": "UNSAT", "solve_seconds": 0.0019076389999099774, "sat_stage_seconds": 0.0054603280004812405}
{"case_id": "c0047", "cell": "J35_p0.3", "encoding": "prefix", "repeat": 2, "status": "UNSAT", "solve_seconds": 0.0033666929994069505, "sat_stage_seconds": 0.006956136998269358}
{"case_id": "c0000", "cell": "J20_p0.3", "encoding": "prefix", "repeat": 0, "status": "UNSAT", "solve_seconds": 0.005999077999149449, "sat_stage_seconds": 0.009481432998654782}
{"case_id": "c0000", "cell": "J20_p0.3", "encoding": "exclude_x", "repeat": 0, "status": "UNSAT", "solve_seconds": 0.0019583640005294, "sat_stage_seconds": 0.0070002020001993515}
{"case_id": "c0000", "cell": "J20_p0.3", "encoding": "exclude_h", "repeat": 0, "status": "UNSAT", "solve_seconds": 0.0023428559998137644, "sat_stage_seconds": 0.005445026999950642}
{"case_id": "c0000", "cell": "J20_p0.3", "encoding": "exclude_x", "repeat": 1, "status": "UNSAT", "solve_seconds": 0.003867266999804997, "sat_stage_seconds": 0.006909117999384762}
{"case_id": "c0000", "cell": "J20_p0.3", "encoding": "exclude_h", "repeat": 1, "status": "UNSAT", "solve_seconds": 0.00251676300104009, "sat_stage_seconds": 0.00547447000099055}
{"case_id": "c0000", "cell": "J20_p0.3", "encoding": "prefix", "repeat": 1, "status": "UNSAT", "solve_seconds": 0.004877555000348366, "sat_stage_seconds": 0.007694482999795582}
{"case_id": "c0000", "cell": "J20_p0.3", "encoding": "exclude_h", "repeat": 2, "status": "UNSAT", "solve_seconds": 0.005103891000544536, "sat_stage_seconds": 0.008615559001555084}
{"case_id": "c0000", "cell": "J20_p0.3", "encoding": "prefix", "repeat": 2, "status": "UNSAT", "solve_seconds": 0.004959837000569678, "sat_stage_seconds": 0.008336905000760453}
{"case_id": "c0000", "cell": "J20_p0.3", "encoding": "exclude_x", "repeat": 2, "status": "UNSAT", "solve_seconds": 0.0023427539999829605, "sat_stage_seconds": 0.005804387999887695}
{"case_id": "c0064", "cell": "J35_w2", "encoding": "prefix", "repeat": 0, "status": "UNSAT", "solve_seconds": 0.005537152999750106, "sat_stage_seconds": 0.009886885000014445}
{"case_id": "c0064", "cell": "J35_w2", "encoding": "exclude_x", "repeat": 0, "status": "UNSAT", "solve_seconds": 0.0028610529989236966, "sat_stage_seconds": 0.006617374998313608}
{"case_id": "c0064", "cell": "J35_w2", "encoding": "exclude_h", "repeat": 0, "status": "UNSAT", "solve_seconds": 0.0034191220001957845, "sat_stage_seconds": 0.006935577001058846}
{"case_id": "c0064", "cell": "J35_w2", "encoding": "exclude_x", "repeat": 1, "status": "UNSAT", "solve_seconds": 0.0052082149995840155, "sat_stage_seconds": 0.008373829999982263}
{"case_id": "c0064", "cell": "J35_w2", "encoding": "exclude_h", "repeat": 1, "status": "UNSAT", "solve_seconds": 0.003412710999327828, "sat_stage_seconds": 0.00681238399920403}
{"case_id": "c0064", "cell": "J35_w2", "encoding": "prefix", "repeat": 1, "status": "UNSAT", "solve_seconds": 0.004923391999909654, "sat_stage_seconds": 0.008149766999849817}
{"case_id": "c0064", "cell": "J35_w2", "encoding": "exclude_h", "repeat": 2, "status": "UNSAT", "solve_seconds": 0.0025312039997515967, "sat_stage_seconds": 0.006806935998611152}
{"case_id": "c0064", "cell": "J35_w2", "encoding": "prefix", "repeat": 2, "status": "UNSAT", "solve_seconds": 0.004088735000550514, "sat_stage_seconds": 0.0070006740006647306}
{"case_id": "c0064", "cell": "J35_w2", "encoding": "exclude_x", "repeat": 2, "status": "UNSAT", "solve_seconds": 0.004973987999619567, "sat_stage_seconds": 0.008808525999484118}
{"case_id": "c0073", "cell": "J35_w5", "encoding": "exclude_h", "repeat": 0, "status": "UNSAT", "solve_seconds": 0.17978264399971522, "sat_stage_seconds": 0.18712900999889825}
{"case_id": "c0073", "cell": "J35_w5", "encoding": "exclude_x", "repeat": 0, "status": "UNSAT", "solve_seconds": 0.15868057499938004, "sat_stage_seconds": 0.1637587369987159}
{"case_id": "c0073", "cell": "J35_w5", "encoding": "prefix", "repeat": 0, "status": "UNSAT", "solve_seconds": 0.18574559199987561, "sat_stage_seconds": 0.1910036509998463}
{"case_id": "c0073", "cell": "J35_w5", "encoding": "exclude_x", "repeat": 1, "status": "UNSAT", "solve_seconds": 0.16583229299976665, "sat_stage_seconds": 0.170642847999261}
{"case_id": "c0073", "cell": "J35_w5", "encoding": "prefix", "repeat": 1, "status": "UNSAT", "solve_seconds": 0.1968034429992258, "sat_stage_seconds": 0.2039430219992937}
{"case_id": "c0073", "cell": "J35_w5", "encoding": "exclude_h", "repeat": 1, "status": "UNSAT", "solve_seconds": 0.188617637999414, "sat_stage_seconds": 0.19881237899971893}
{"case_id": "c0073", "cell": "J35_w5", "encoding": "prefix", "repeat": 2, "status": "UNSAT", "solve_seconds": 0.1689956139998685, "sat_stage_seconds": 0.17465568900115613}
{"case_id": "c0073", "cell": "J35_w5", "encoding": "exclude_h", "repeat": 2, "status": "UNSAT", "solve_seconds": 0.18223090500032413, "sat_stage_seconds": 0.18767694300004223}
{"case_id": "c0073", "cell": "J35_w5", "encoding": "exclude_x", "repeat": 2, "status": "UNSAT", "solve_seconds": 0.1626806479998777, "sat_stage_seconds": 0.16995860299903143}
{"case_id": "c0001", "cell": "J20_p0.3", "encoding": "exclude_h", "repeat": 0, "status": "UNSAT", "solve_seconds": 0.0019732870005100267, "sat_stage_seconds": 0.008723368000573828}
{"case_id": "c0001", "cell": "J20_p0.3", "encoding": "prefix", "repeat": 0, "status": "UNSAT", "solve_seconds": 0.003283971000200836, "sat_stage_seconds": 0.007934498999020434}
{"case_id": "c0001", "cell": "J20_p0.3", "encoding": "exclude_x", "repeat": 0, "status": "UNSAT", "solve_seconds": 0.0024276399999507703, "sat_stage_seconds": 0.005071702000350342}
{"case_id": "c0001", "cell": "J20_p0.3", "encoding": "prefix", "repeat": 1, "status": "UNSAT", "solve_seconds": 0.004654162999941036, "sat_stage_seconds": 0.008314562001032755}
{"case_id": "c0001", "cell": "J20_p0.3", "encoding": "exclude_x", "repeat": 1, "status": "UNSAT", "solve_seconds": 0.0027603439993981738, "sat_stage_seconds": 0.006515452998428373}
{"case_id": "c0001", "cell": "J20_p0.3", "encoding": "exclude_h", "repeat": 1, "status": "UNSAT", "solve_seconds": 0.0022410740002669627, "sat_stage_seconds": 0.005327361999661662}
{"case_id": "c0001", "cell": "J20_p0.3", "encoding": "exclude_x", "repeat": 2, "status": "UNSAT", "solve_seconds": 0.0020183529995847493, "sat_stage_seconds": 0.005060494999270304}
{"case_id": "c0001", "cell": "J20_p0.3", "encoding": "exclude_h", "repeat": 2, "status": "UNSAT", "solve_seconds": 0.0033805139992182376, "sat_stage_seconds": 0.006427882997741108}
{"case_id": "c0001", "cell": "J20_p0.3", "encoding": "prefix", "repeat": 2, "status": "UNSAT", "solve_seconds": 0.0057163490000675665, "sat_stage_seconds": 0.008576170999731403}
{"case_id": "c0006", "cell": "J20_p0.5", "encoding": "prefix", "repeat": 0, "status": "UNSAT", "solve_seconds": 0.012293953999687801, "sat_stage_seconds": 0.015563823999400483}
{"case_id": "c0006", "cell": "J20_p0.5", "encoding": "exclude_x", "repeat": 0, "status": "UNSAT", "solve_seconds": 0.008597311998528312, "sat_stage_seconds": 0.011147093997351476}
{"case_id": "c0006", "cell": "J20_p0.5", "encoding": "exclude_h", "repeat": 0, "status": "UNSAT", "solve_seconds": 0.012523585000963067, "sat_stage_seconds": 0.015215508001347189}
{"case_id": "c0006", "cell": "J20_p0.5", "encoding": "exclude_x", "repeat": 1, "status": "UNSAT", "solve_seconds": 0.009778051999091986, "sat_stage_seconds": 0.012391989997922792}
{"case_id": "c0006", "cell": "J20_p0.5", "encoding": "exclude_h", "repeat": 1, "status": "UNSAT", "solve_seconds": 0.01218879900079628, "sat_stage_seconds": 0.014688947001559427}
{"case_id": "c0006", "cell": "J20_p0.5", "encoding": "prefix", "repeat": 1, "status": "UNSAT", "solve_seconds": 0.010896862000663532, "sat_stage_seconds": 0.01414293600100791}
{"case_id": "c0006", "cell": "J20_p0.5", "encoding": "exclude_h", "repeat": 2, "status": "UNSAT", "solve_seconds": 0.009090122999623418, "sat_stage_seconds": 0.012059737000527093}
{"case_id": "c0006", "cell": "J20_p0.5", "encoding": "prefix", "repeat": 2, "status": "UNSAT", "solve_seconds": 0.013070906999928411, "sat_stage_seconds": 0.016711456000848557}
{"case_id": "c0006", "cell": "J20_p0.5", "encoding": "exclude_x", "repeat": 2, "status": "UNSAT", "solve_seconds": 0.012171561998911784, "sat_stage_seconds": 0.014881570998113602}
{"case_id": "c0151", "cell": "J80_w3", "encoding": "exclude_h", "repeat": 0, "status": "UNSAT", "solve_seconds": 0.009977548999813735, "sat_stage_seconds": 0.01913158699971973}
{"case_id": "c0151", "cell": "J80_w3", "encoding": "exclude_x", "repeat": 0, "status": "UNSAT", "solve_seconds": 0.01520359000096505, "sat_stage_seconds": 0.024247474000731017}
{"case_id": "c0151", "cell": "J80_w3", "encoding": "prefix", "repeat": 0, "status": "UNSAT", "solve_seconds": 0.015735141998447943, "sat_stage_seconds": 0.024543355999412597}
{"case_id": "c0151", "cell": "J80_w3", "encoding": "exclude_x", "repeat": 1, "status": "UNSAT", "solve_seconds": 0.011870246000398765, "sat_stage_seconds": 0.020577250001224456}
{"case_id": "c0151", "cell": "J80_w3", "encoding": "prefix", "repeat": 1, "status": "UNSAT", "solve_seconds": 0.017746361998433713, "sat_stage_seconds": 0.025444689998039394}
{"case_id": "c0151", "cell": "J80_w3", "encoding": "exclude_h", "repeat": 1, "status": "UNSAT", "solve_seconds": 0.00914612499946088, "sat_stage_seconds": 0.018058142999507254}
{"case_id": "c0151", "cell": "J80_w3", "encoding": "prefix", "repeat": 2, "status": "UNSAT", "solve_seconds": 0.010831215000507655, "sat_stage_seconds": 0.019441476000793045}
{"case_id": "c0151", "cell": "J80_w3", "encoding": "exclude_h", "repeat": 2, "status": "UNSAT", "solve_seconds": 0.009975065000617178, "sat_stage_seconds": 0.02184620200205245}
{"case_id": "c0151", "cell": "J80_w3", "encoding": "exclude_x", "repeat": 2, "status": "UNSAT", "solve_seconds": 0.011520287000166718, "sat_stage_seconds": 0.01852611899994372}
{"case_id": "c0078", "cell": "J35_w1to3", "encoding": "exclude_x", "repeat": 0, "status": "UNSAT", "solve_seconds": 0.0016348350000043865, "sat_stage_seconds": 0.0038199559985514497}
{"case_id": "c0078", "cell": "J35_w1to3", "encoding": "exclude_h", "repeat": 0, "status": "UNSAT", "solve_seconds": 0.0030597889999626204, "sat_stage_seconds": 0.0051201349997427315}
{"case_id": "c0078", "cell": "J35_w1to3", "encoding": "prefix", "repeat": 0, "status": "UNSAT", "solve_seconds": 0.003998260999651393, "sat_stage_seconds": 0.006274257000768557}
{"case_id": "c0078", "cell": "J35_w1to3", "encoding": "exclude_h", "repeat": 1, "status": "UNSAT", "solve_seconds": 0.0024766529986663954, "sat_stage_seconds": 0.004669845999160316}
{"case_id": "c0078", "cell": "J35_w1to3", "encoding": "prefix", "repeat": 1, "status": "UNSAT", "solve_seconds": 0.00412816300013219, "sat_stage_seconds": 0.006418259999918519}
{"case_id": "c0078", "cell": "J35_w1to3", "encoding": "exclude_x", "repeat": 1, "status": "UNSAT", "solve_seconds": 0.0036101440000493312, "sat_stage_seconds": 0.005498445001649088}
{"case_id": "c0078", "cell": "J35_w1to3", "encoding": "prefix", "repeat": 2, "status": "UNSAT", "solve_seconds": 0.0037313249995349906, "sat_stage_seconds": 0.006134348999694339}
{"case_id": "c0078", "cell": "J35_w1to3", "encoding": "exclude_x", "repeat": 2, "status": "UNSAT", "solve_seconds": 0.002269926999360905, "sat_stage_seconds": 0.004442909999852418}
{"case_id": "c0078", "cell": "J35_w1to3", "encoding": "exclude_h", "repeat": 2, "status": "UNSAT", "solve_seconds": 0.001957934000529349, "sat_stage_seconds": 0.0038935449993005022}
{"case_id": "c0118", "cell": "J50_w5", "encoding": "exclude_x", "repeat": 0, "status": "UNSAT", "solve_seconds": 0.15062276900061988, "sat_stage_seconds": 0.1572053820000292}
{"case_id": "c0118", "cell": "J50_w5", "encoding": "prefix", "repeat": 0, "status": "UNSAT", "solve_seconds": 0.14264937799998734, "sat_stage_seconds": 0.14891889699902094}
{"case_id": "c0118", "cell": "J50_w5", "encoding": "exclude_h", "repeat": 0, "status": "UNSAT", "solve_seconds": 0.16744357199968363, "sat_stage_seconds": 0.1739669970011164}
{"case_id": "c0118", "cell": "J50_w5", "encoding": "prefix", "repeat": 1, "status": "UNSAT", "solve_seconds": 0.12250181400122528, "sat_stage_seconds": 0.12803911700211756}
{"case_id": "c0118", "cell": "J50_w5", "encoding": "exclude_h", "repeat": 1, "status": "UNSAT", "solve_seconds": 0.17282851900017704, "sat_stage_seconds": 0.1788484669996251}
{"case_id": "c0118", "cell": "J50_w5", "encoding": "exclude_x", "repeat": 1, "status": "UNSAT", "solve_seconds": 0.17540703400118218, "sat_stage_seconds": 0.18599969500064617}
{"case_id": "c0118", "cell": "J50_w5", "encoding": "exclude_h", "repeat": 2, "status": "UNSAT", "solve_seconds": 0.18179348599915102, "sat_stage_seconds": 0.1903647990002355}
{"case_id": "c0118", "cell": "J50_w5", "encoding": "exclude_x", "repeat": 2, "status": "UNSAT", "solve_seconds": 0.17603971199969237, "sat_stage_seconds": 0.1820959540000331}
{"case_id": "c0118", "cell": "J50_w5", "encoding": "prefix", "repeat": 2, "status": "UNSAT", "solve_seconds": 0.1453050260006421, "sat_stage_seconds": 0.1516286560017761}
{"case_id": "c0180", "cell": "cubic_cycle_matching", "encoding": "exclude_x", "repeat": 0, "status": "UNSAT", "solve_seconds": 0.0034499670000514016, "sat_stage_seconds": 0.00544078000166337}
{"case_id": "c0180", "cell": "cubic_cycle_matching", "encoding": "prefix", "repeat": 0, "status": "UNSAT", "solve_seconds": 0.004095975000382168, "sat_stage_seconds": 0.0071507350003230385}
{"case_id": "c0180", "cell": "cubic_cycle_matching", "encoding": "exclude_h", "repeat": 0, "status": "UNSAT", "solve_seconds": 0.004315579999456531, "sat_stage_seconds": 0.007050525999147794}
{"case_id": "c0180", "cell": "cubic_cycle_matching", "encoding": "prefix", "repeat": 1, "status": "UNSAT", "solve_seconds": 0.004098318999240291, "sat_stage_seconds": 0.0066775649993360275}
{"case_id": "c0180", "cell": "cubic_cycle_matching", "encoding": "exclude_h", "repeat": 1, "status": "UNSAT", "solve_seconds": 0.0036911440001858864, "sat_stage_seconds": 0.005778781000117306}
{"case_id": "c0180", "cell": "cubic_cycle_matching", "encoding": "exclude_x", "repeat": 1, "status": "UNSAT", "solve_seconds": 0.00380124799994519, "sat_stage_seconds": 0.006141878999187611}
{"case_id": "c0180", "cell": "cubic_cycle_matching", "encoding": "exclude_h", "repeat": 2, "status": "UNSAT", "solve_seconds": 0.0032005869998101844, "sat_stage_seconds": 0.005352968999432051}
{"case_id": "c0180", "cell": "cubic_cycle_matching", "encoding": "exclude_x", "repeat": 2, "status": "UNSAT", "solve_seconds": 0.006046999998943647, "sat_stage_seconds": 0.008351236998350942}
{"case_id": "c0180", "cell": "cubic_cycle_matching", "encoding": "prefix", "repeat": 2, "status": "UNSAT", "solve_seconds": 0.0034903870000562165, "sat_stage_seconds": 0.005558734999794979}
{"case_id": "c0095", "cell": "J50_p0.5", "encoding": "exclude_h", "repeat": 0, "status": "UNSAT", "solve_seconds": 0.006655000001046574, "sat_stage_seconds": 0.011877967001055367}
{"case_id": "c0095", "cell": "J50_p0.5", "encoding": "prefix", "repeat": 0, "status": "UNSAT", "solve_seconds": 0.006953193000299507, "sat_stage_seconds": 0.013934116999735124}
{"case_id": "c0095", "cell": "J50_p0.5", "encoding": "exclude_x", "repeat": 0, "status": "UNSAT", "solve_seconds": 0.006729151000399725, "sat_stage_seconds": 0.012240465001013945}
{"case_id": "c0095", "cell": "J50_p0.5", "encoding": "prefix", "repeat": 1, "status": "UNSAT", "solve_seconds": 0.006549343999722623, "sat_stage_seconds": 0.013838065000527422}
{"case_id": "c0095", "cell": "J50_p0.5", "encoding": "exclude_x", "repeat": 1, "status": "UNSAT", "solve_seconds": 0.007892435998655856, "sat_stage_seconds": 0.01482484899861447}
{"case_id": "c0095", "cell": "J50_p0.5", "encoding": "exclude_h", "repeat": 1, "status": "UNSAT", "solve_seconds": 0.009301706000769627, "sat_stage_seconds": 0.014859109000099124}
{"case_id": "c0095", "cell": "J50_p0.5", "encoding": "exclude_x", "repeat": 2, "status": "UNSAT", "solve_seconds": 0.011427579000155674, "sat_stage_seconds": 0.017079000999729033}
{"case_id": "c0095", "cell": "J50_p0.5", "encoding": "exclude_h", "repeat": 2, "status": "UNSAT", "solve_seconds": 0.009311499999967054, "sat_stage_seconds": 0.015317978999519255}
{"case_id": "c0095", "cell": "J50_p0.5", "encoding": "prefix", "repeat": 2, "status": "UNSAT", "solve_seconds": 0.00843905200053996, "sat_stage_seconds": 0.014600010001231567}
{"case_id": "c0161", "cell": "J80_w5", "encoding": "prefix", "repeat": 0, "status": "UNSAT", "solve_seconds": 0.2761062099998526, "sat_stage_seconds": 0.28573542200138036}
{"case_id": "c0161", "cell": "J80_w5", "encoding": "exclude_h", "repeat": 0, "status": "UNSAT", "solve_seconds": 0.24831207699935476, "sat_stage_seconds": 0.2596804689983401}
{"case_id": "c0161", "cell": "J80_w5", "encoding": "exclude_x", "repeat": 0, "status": "UNSAT", "solve_seconds": 0.2946964980001212, "sat_stage_seconds": 0.3047618370001146}
{"case_id": "c0161", "cell": "J80_w5", "encoding": "exclude_h", "repeat": 1, "status": "UNSAT", "solve_seconds": 0.2533026820001396, "sat_stage_seconds": 0.26371581700004754}
{"case_id": "c0161", "cell": "J80_w5", "encoding": "exclude_x", "repeat": 1, "status": "UNSAT", "solve_seconds": 0.291108916999292, "sat_stage_seconds": 0.3007926110003609}
{"case_id": "c0161", "cell": "J80_w5", "encoding": "prefix", "repeat": 1, "status": "UNSAT", "solve_seconds": 0.292021608000141, "sat_stage_seconds": 0.3023620049989404}
{"case_id": "c0161", "cell": "J80_w5", "encoding": "exclude_x", "repeat": 2, "status": "UNSAT", "solve_seconds": 0.25944193199939036, "sat_stage_seconds": 0.2694005829998787}
{"case_id": "c0161", "cell": "J80_w5", "encoding": "prefix", "repeat": 2, "status": "UNSAT", "solve_seconds": 0.24514557699876605, "sat_stage_seconds": 0.2548499909989914}
{"case_id": "c0161", "cell": "J80_w5", "encoding": "exclude_h", "repeat": 2, "status": "UNSAT", "solve_seconds": 0.22699671800000942, "sat_stage_seconds": 0.2355062890001136}
{"case_id": "c0050", "cell": "J35_p0.5", "encoding": "exclude_x", "repeat": 0, "status": "UNSAT", "solve_seconds": 0.012185603000034462, "sat_stage_seconds": 0.017292929000177537}
{"case_id": "c0050", "cell": "J35_p0.5", "encoding": "exclude_h", "repeat": 0, "status": "UNSAT", "solve_seconds": 0.016625209000267205, "sat_stage_seconds": 0.0202759439998772}
{"case_id": "c0050", "cell": "J35_p0.5", "encoding": "prefix", "repeat": 0, "status": "UNSAT", "solve_seconds": 0.011849886001073173, "sat_stage_seconds": 0.01632028700078081}
{"case_id": "c0050", "cell": "J35_p0.5", "encoding": "exclude_h", "repeat": 1, "status": "UNSAT", "solve_seconds": 0.011770328999773483, "sat_stage_seconds": 0.01551266000024043}
{"case_id": "c0050", "cell": "J35_p0.5", "encoding": "prefix", "repeat": 1, "status": "UNSAT", "solve_seconds": 0.015261577000273974, "sat_stage_seconds": 0.019218466000893386}
{"case_id": "c0050", "cell": "J35_p0.5", "encoding": "exclude_x", "repeat": 1, "status": "UNSAT", "solve_seconds": 0.015344790001108777, "sat_stage_seconds": 0.02104511500147055}
{"case_id": "c0050", "cell": "J35_p0.5", "encoding": "prefix", "repeat": 2, "status": "UNSAT", "solve_seconds": 0.013738547999309958, "sat_stage_seconds": 0.019003856999916025}
{"case_id": "c0050", "cell": "J35_p0.5", "encoding": "exclude_x", "repeat": 2, "status": "UNSAT", "solve_seconds": 0.0120535279984324, "sat_stage_seconds": 0.016299605998938205}
{"case_id": "c0050", "cell": "J35_p0.5", "encoding": "exclude_h", "repeat": 2, "status": "UNSAT", "solve_seconds": 0.011968692000664305, "sat_stage_seconds": 0.01618840000082855}
{"case_id": "c0127", "cell": "J80_p0.3", "encoding": "exclude_h", "repeat": 0, "status": "UNSAT", "solve_seconds": 0.0022084160009399056, "sat_stage_seconds": 0.005302434999975958}
{"case_id": "c0127", "cell": "J80_p0.3", "encoding": "exclude_x", "repeat": 0, "status": "UNSAT", "solve_seconds": 0.0032181129990931368, "sat_stage_seconds": 0.006184533000123338}
{"case_id": "c0127", "cell": "J80_p0.3", "encoding": "prefix", "repeat": 0, "status": "UNSAT", "solve_seconds": 0.004665369999202085, "sat_stage_seconds": 0.0077991179987293435}
{"case_id": "c0127", "cell": "J80_p0.3", "encoding": "exclude_x", "repeat": 1, "status": "UNSAT", "solve_seconds": 0.002869445999749587, "sat_stage_seconds": 0.005803938998724334}
{"case_id": "c0127", "cell": "J80_p0.3", "encoding": "prefix", "repeat": 1, "status": "UNSAT", "solve_seconds": 0.006264031999307917, "sat_stage_seconds": 0.01001086899850634}
{"case_id": "c0127", "cell": "J80_p0.3", "encoding": "exclude_h", "repeat": 1, "status": "UNSAT", "solve_seconds": 0.002371728000071016, "sat_stage_seconds": 0.005880943001102423}
{"case_id": "c0127", "cell": "J80_p0.3", "encoding": "prefix", "repeat": 2, "status": "UNSAT", "solve_seconds": 0.004621875001248554, "sat_stage_seconds": 0.007977532000950305}
{"case_id": "c0127", "cell": "J80_p0.3", "encoding": "exclude_h", "repeat": 2, "status": "UNSAT", "solve_seconds": 0.0021755460002168547, "sat_stage_seconds": 0.005858427999555715}
{"case_id": "c0127", "cell": "J80_p0.3", "encoding": "exclude_x", "repeat": 2, "status": "UNSAT", "solve_seconds": 0.0026892690002568997, "sat_stage_seconds": 0.005895715001315693}
{"case_id": "c0016", "cell": "J20_p0.7", "encoding": "prefix", "repeat": 0, "status": "SAT", "solve_seconds": 0.005150810000486672, "sat_stage_seconds": 0.00776095100081875}
{"case_id": "c0016", "cell": "J20_p0.7", "encoding": "exclude_x", "repeat": 0, "status": "SAT", "solve_seconds": 0.003080288999626646, "sat_stage_seconds": 0.007599611999467015}
{"case_id": "c0016", "cell": "J20_p0.7", "encoding": "exclude_h", "repeat": 0, "status": "SAT", "solve_seconds": 0.004029267000078107, "sat_stage_seconds": 0.006647330001214868}
{"case_id": "c0016", "cell": "J20_p0.7", "encoding": "exclude_x", "repeat": 1, "status": "SAT", "solve_seconds": 0.0037464369997906033, "sat_stage_seconds": 0.006343409000692191}
{"case_id": "c0016", "cell": "J20_p0.7", "encoding": "exclude_h", "repeat": 1, "status": "SAT", "solve_seconds": 0.0033898279998538783, "sat_stage_seconds": 0.005994221000946709}
{"case_id": "c0016", "cell": "J20_p0.7", "encoding": "prefix", "repeat": 1, "status": "SAT", "solve_seconds": 0.0059346220004954375, "sat_stage_seconds": 0.008721296000658185}
{"case_id": "c0016", "cell": "J20_p0.7", "encoding": "exclude_h", "repeat": 2, "status": "SAT", "solve_seconds": 0.0037658460005332017, "sat_stage_seconds": 0.006420654000976356}
{"case_id": "c0016", "cell": "J20_p0.7", "encoding": "prefix", "repeat": 2, "status": "SAT", "solve_seconds": 0.004905665999103803, "sat_stage_seconds": 0.007783864999510115}
{"case_id": "c0016", "cell": "J20_p0.7", "encoding": "exclude_x", "repeat": 2, "status": "SAT", "solve_seconds": 0.0039650109993090155, "sat_stage_seconds": 0.006991158999881009}
{"case_id": "c0155", "cell": "J80_w3", "encoding": "exclude_h", "repeat": 0, "status": "UNSAT", "solve_seconds": 0.006658846001300844, "sat_stage_seconds": 0.015675349002776784}
{"case_id": "c0155", "cell": "J80_w3", "encoding": "exclude_x", "repeat": 0, "status": "UNSAT", "solve_seconds": 0.008650691001093946, "sat_stage_seconds": 0.01570016700134147}
{"case_id": "c0155", "cell": "J80_w3", "encoding": "prefix", "repeat": 0, "status": "UNSAT", "solve_seconds": 0.015072846999828471, "sat_stage_seconds": 0.02191041900005075}
{"case_id": "c0155", "cell": "J80_w3", "encoding": "exclude_x", "repeat": 1, "status": "UNSAT", "solve_seconds": 0.008181655999578652, "sat_stage_seconds": 0.015155409999351832}
{"case_id": "c0155", "cell": "J80_w3", "encoding": "prefix", "repeat": 1, "status": "UNSAT", "solve_seconds": 0.01069618499968783, "sat_stage_seconds": 0.02072123399921111}
{"case_id": "c0155", "cell": "J80_w3", "encoding": "exclude_h", "repeat": 1, "status": "UNSAT", "solve_seconds": 0.008331256998644676, "sat_stage_seconds": 0.01558128999931796}
{"case_id": "c0155", "cell": "J80_w3", "encoding": "prefix", "repeat": 2, "status": "UNSAT", "solve_seconds": 0.008711591999599477, "sat_stage_seconds": 0.016390232000048854}
{"case_id": "c0155", "cell": "J80_w3", "encoding": "exclude_h", "repeat": 2, "status": "UNSAT", "solve_seconds": 0.008184198999515502, "sat_stage_seconds": 0.01478426900030172}
{"case_id": "c0155", "cell": "J80_w3", "encoding": "exclude_x", "repeat": 2, "status": "UNSAT", "solve_seconds": 0.008622989000286907, "sat_stage_seconds": 0.016408306000812445}
{"case_id": "c0129", "cell": "J80_p0.3", "encoding": "prefix", "repeat": 0, "status": "UNSAT", "solve_seconds": 0.005007897998439148, "sat_stage_seconds": 0.00814955799796735}
{"case_id": "c0129", "cell": "J80_p0.3", "encoding": "exclude_x", "repeat": 0, "status": "UNSAT", "solve_seconds": 0.0035601910003606463, "sat_stage_seconds": 0.006739747001120122}
{"case_id": "c0129", "cell": "J80_p0.3", "encoding": "exclude_h", "repeat": 0, "status": "UNSAT", "solve_seconds": 0.005729629001507419, "sat_stage_seconds": 0.009106358002100023}
{"case_id": "c0129", "cell": "J80_p0.3", "encoding": "exclude_x", "repeat": 1, "status": "UNSAT", "solve_seconds": 0.003826284999377094, "sat_stage_seconds": 0.007706930999120232}
{"case_id": "c0129", "cell": "J80_p0.3", "encoding": "exclude_h", "repeat": 1, "status": "UNSAT", "solve_seconds": 0.0035453689997666515, "sat_stage_seconds": 0.006704875000650645}
{"case_id": "c0129", "cell": "J80_p0.3", "encoding": "prefix", "repeat": 1, "status": "UNSAT", "solve_seconds": 0.005306019998897682, "sat_stage_seconds": 0.008820612998533761}
{"case_id": "c0129", "cell": "J80_p0.3", "encoding": "exclude_h", "repeat": 2, "status": "UNSAT", "solve_seconds": 0.004233818999637151, "sat_stage_seconds": 0.007580712999697425}
{"case_id": "c0129", "cell": "J80_p0.3", "encoding": "prefix", "repeat": 2, "status": "UNSAT", "solve_seconds": 0.008808114998828387, "sat_stage_seconds": 0.013705969999136869}
{"case_id": "c0129", "cell": "J80_p0.3", "encoding": "exclude_x", "repeat": 2, "status": "UNSAT", "solve_seconds": 0.0032381119999627117, "sat_stage_seconds": 0.0062147070002538385}
{"case_id": "c0174", "cell": "all_triples", "encoding": "exclude_h", "repeat": 0, "status": "UNSAT", "solve_seconds": 0.01119289099915477, "sat_stage_seconds": 0.024438136999378912}
{"case_id": "c0174", "cell": "all_triples", "encoding": "exclude_x", "repeat": 0, "status": "UNSAT", "solve_seconds": 0.011568409001483815, "sat_stage_seconds": 0.024501331001374638}
{"case_id": "c0174", "cell": "all_triples", "encoding": "prefix", "repeat": 0, "status": "UNSAT", "solve_seconds": 0.013343030999749317, "sat_stage_seconds": 0.030547188998752972}
{"case_id": "c0174", "cell": "all_triples", "encoding": "exclude_x", "repeat": 1, "status": "UNSAT", "solve_seconds": 0.016799327999251545, "sat_stage_seconds": 0.030573297999580973}
{"case_id": "c0174", "cell": "all_triples", "encoding": "prefix", "repeat": 1, "status": "UNSAT", "solve_seconds": 0.01569569099956425, "sat_stage_seconds": 0.030514038999172044}
{"case_id": "c0174", "cell": "all_triples", "encoding": "exclude_h", "repeat": 1, "status": "UNSAT", "solve_seconds": 0.013967807999506476, "sat_stage_seconds": 0.030885861000570003}
{"case_id": "c0174", "cell": "all_triples", "encoding": "prefix", "repeat": 2, "status": "UNSAT", "solve_seconds": 0.017944977000297513, "sat_stage_seconds": 0.035614043999885325}
{"case_id": "c0174", "cell": "all_triples", "encoding": "exclude_h", "repeat": 2, "status": "UNSAT", "solve_seconds": 0.013063245000012103, "sat_stage_seconds": 0.025956699000744266}
{"case_id": "c0174", "cell": "all_triples", "encoding": "exclude_x", "repeat": 2, "status": "UNSAT", "solve_seconds": 0.013443559999359422, "sat_stage_seconds": 0.03200992799975211}
{"case_id": "c0179", "cell": "block_pairs4_identity6", "encoding": "exclude_x", "repeat": 0, "status": "UNSAT", "solve_seconds": 0.0012999880000279518, "sat_stage_seconds": 0.002894964000006439}
{"case_id": "c0179", "cell": "block_pairs4_identity6", "encoding": "prefix", "repeat": 0, "status": "UNSAT", "solve_seconds": 0.0021202749994699843, "sat_stage_seconds": 0.003797261999352486}
{"case_id": "c0179", "cell": "block_pairs4_identity6", "encoding": "exclude_h", "repeat": 0, "status": "UNSAT", "solve_seconds": 0.0012258079987077508, "sat_stage_seconds": 0.002697881998756202}
{"case_id": "c0179", "cell": "block_pairs4_identity6", "encoding": "prefix", "repeat": 1, "status": "UNSAT", "solve_seconds": 0.002152843000658322, "sat_stage_seconds": 0.0037962610003887676}
{"case_id": "c0179", "cell": "block_pairs4_identity6", "encoding": "exclude_h", "repeat": 1, "status": "UNSAT", "solve_seconds": 0.0012846059998992132, "sat_stage_seconds": 0.0028767580006388016}
{"case_id": "c0179", "cell": "block_pairs4_identity6", "encoding": "exclude_x", "repeat": 1, "status": "UNSAT", "solve_seconds": 0.0012341099991317606, "sat_stage_seconds": 0.003508572999635362}
{"case_id": "c0179", "cell": "block_pairs4_identity6", "encoding": "exclude_h", "repeat": 2, "status": "UNSAT", "solve_seconds": 0.001428419000149006, "sat_stage_seconds": 0.004422580001119059}
{"case_id": "c0179", "cell": "block_pairs4_identity6", "encoding": "exclude_x", "repeat": 2, "status": "UNSAT", "solve_seconds": 0.0016499070006830152, "sat_stage_seconds": 0.0038570510005229153}
{"case_id": "c0179", "cell": "block_pairs4_identity6", "encoding": "prefix", "repeat": 2, "status": "UNSAT", "solve_seconds": 0.002306340998984524, "sat_stage_seconds": 0.004483789998630527}
{"case_id": "c0049", "cell": "J35_p0.5", "encoding": "exclude_x", "repeat": 0, "status": "UNSAT", "solve_seconds": 0.027629070000330103, "sat_stage_seconds": 0.03205336199971498}
{"case_id": "c0049", "cell": "J35_p0.5", "encoding": "prefix", "repeat": 0, "status": "UNSAT", "solve_seconds": 0.029362700999627123, "sat_stage_seconds": 0.03396554799837759}
{"case_id": "c0049", "cell": "J35_p0.5", "encoding": "exclude_h", "repeat": 0, "status": "UNSAT", "solve_seconds": 0.019367646000318928, "sat_stage_seconds": 0.02320402700024715}
{"case_id": "c0049", "cell": "J35_p0.5", "encoding": "prefix", "repeat": 1, "status": "UNSAT", "solve_seconds": 0.024702919999981532, "sat_stage_seconds": 0.02908036299959349}
{"case_id": "c0049", "cell": "J35_p0.5", "encoding": "exclude_h", "repeat": 1, "status": "UNSAT", "solve_seconds": 0.022370311000486254, "sat_stage_seconds": 0.02655258400227467}
{"case_id": "c0049", "cell": "J35_p0.5", "encoding": "exclude_x", "repeat": 1, "status": "UNSAT", "solve_seconds": 0.024452137999105616, "sat_stage_seconds": 0.028281798000534764}
{"case_id": "c0049", "cell": "J35_p0.5", "encoding": "exclude_h", "repeat": 2, "status": "UNSAT", "solve_seconds": 0.01856618800047727, "sat_stage_seconds": 0.022621342999627814}
{"case_id": "c0049", "cell": "J35_p0.5", "encoding": "exclude_x", "repeat": 2, "status": "UNSAT", "solve_seconds": 0.023105790998670273, "sat_stage_seconds": 0.029523809998863726}
{"case_id": "c0049", "cell": "J35_p0.5", "encoding": "prefix", "repeat": 2, "status": "UNSAT", "solve_seconds": 0.022090635999120423, "sat_stage_seconds": 0.026286828999218415}
{"case_id": "c0103", "cell": "J50_w2", "encoding": "prefix", "repeat": 0, "status": "UNSAT", "solve_seconds": 0.007387436999124475, "sat_stage_seconds": 0.012562418000015896}
{"case_id": "c0103", "cell": "J50_w2", "encoding": "exclude_h", "repeat": 0, "status": "UNSAT", "solve_seconds": 0.005970565998723032, "sat_stage_seconds": 0.01506008799879055}
{"case_id": "c0103", "cell": "J50_w2", "encoding": "exclude_x", "repeat": 0, "status": "UNSAT", "solve_seconds": 0.006435936000343645, "sat_stage_seconds": 0.010609316001136904}
{"case_id": "c0103", "cell": "J50_w2", "encoding": "exclude_h", "repeat": 1, "status": "UNSAT", "solve_seconds": 0.005943505999312038, "sat_stage_seconds": 0.009669311997640762}
{"case_id": "c0103", "cell": "J50_w2", "encoding": "exclude_x", "repeat": 1, "status": "UNSAT", "solve_seconds": 0.0054854160007380415, "sat_stage_seconds": 0.009849759000644553}
{"case_id": "c0103", "cell": "J50_w2", "encoding": "prefix", "repeat": 1, "status": "UNSAT", "solve_seconds": 0.00825693700062402, "sat_stage_seconds": 0.0126101040004869}
{"case_id": "c0103", "cell": "J50_w2", "encoding": "exclude_x", "repeat": 2, "status": "UNSAT", "solve_seconds": 0.005622348999168025, "sat_stage_seconds": 0.009443025999644306}
{"case_id": "c0103", "cell": "J50_w2", "encoding": "prefix", "repeat": 2, "status": "UNSAT", "solve_seconds": 0.005788555999970413, "sat_stage_seconds": 0.009642823000831413}
{"case_id": "c0103", "cell": "J50_w2", "encoding": "exclude_h", "repeat": 2, "status": "UNSAT", "solve_seconds": 0.012340223000137485, "sat_stage_seconds": 0.017940861000170116}
{"case_id": "c0032", "cell": "J20_w5", "encoding": "exclude_x", "repeat": 0, "status": "UNSAT", "solve_seconds": 0.1722892249999859, "sat_stage_seconds": 0.1757255720003741}
{"case_id": "c0032", "cell": "J20_w5", "encoding": "prefix", "repeat": 0, "status": "UNSAT", "solve_seconds": 0.21086047399876406, "sat_stage_seconds": 0.2143543160000263}
{"case_id": "c0032", "cell": "J20_w5", "encoding": "exclude_h", "repeat": 0, "status": "UNSAT", "solve_seconds": 0.17821918000117876, "sat_stage_seconds": 0.18127314900084457}
{"case_id": "c0032", "cell": "J20_w5", "encoding": "prefix", "repeat": 1, "status": "UNSAT", "solve_seconds": 0.2205043289995956, "sat_stage_seconds": 0.22464964800019516}
{"case_id": "c0032", "cell": "J20_w5", "encoding": "exclude_h", "repeat": 1, "status": "UNSAT", "solve_seconds": 0.17930593200071598, "sat_stage_seconds": 0.1824190200004523}
{"case_id": "c0032", "cell": "J20_w5", "encoding": "exclude_x", "repeat": 1, "status": "UNSAT", "solve_seconds": 0.1718267680007557, "sat_stage_seconds": 0.1749252539993904}
{"case_id": "c0032", "cell": "J20_w5", "encoding": "exclude_h", "repeat": 2, "status": "UNSAT", "solve_seconds": 0.21164763200067682, "sat_stage_seconds": 0.21503482600019197}
{"case_id": "c0032", "cell": "J20_w5", "encoding": "exclude_x", "repeat": 2, "status": "UNSAT", "solve_seconds": 0.1707467460000771, "sat_stage_seconds": 0.17738216699945042}
{"case_id": "c0032", "cell": "J20_w5", "encoding": "prefix", "repeat": 2, "status": "UNSAT", "solve_seconds": 0.24797372099965287, "sat_stage_seconds": 0.251224571999046}
{"case_id": "c0137", "cell": "J80_p0.5", "encoding": "exclude_h", "repeat": 0, "status": "UNSAT", "solve_seconds": 0.006350980000206619, "sat_stage_seconds": 0.012217772000440164}
{"case_id": "c0137", "cell": "J80_p0.5", "encoding": "prefix", "repeat": 0, "status": "UNSAT", "solve_seconds": 0.007117987001038273, "sat_stage_seconds": 0.012254045001100167}
{"case_id": "c0137", "cell": "J80_p0.5", "encoding": "exclude_x", "repeat": 0, "status": "UNSAT", "solve_seconds": 0.006024094000167679, "sat_stage_seconds": 0.01284021399987978}
{"case_id": "c0137", "cell": "J80_p0.5", "encoding": "prefix", "repeat": 1, "status": "UNSAT", "solve_seconds": 0.006670062999546644, "sat_stage_seconds": 0.011889706000147271}
{"case_id": "c0137", "cell": "J80_p0.5", "encoding": "exclude_x", "repeat": 1, "status": "UNSAT", "solve_seconds": 0.006396658000085154, "sat_stage_seconds": 0.014847772999928566}
{"case_id": "c0137", "cell": "J80_p0.5", "encoding": "exclude_h", "repeat": 1, "status": "UNSAT", "solve_seconds": 0.006212345000676578, "sat_stage_seconds": 0.011829166000097757}
{"case_id": "c0137", "cell": "J80_p0.5", "encoding": "exclude_x", "repeat": 2, "status": "UNSAT", "solve_seconds": 0.007403069999782019, "sat_stage_seconds": 0.012994542999877012}
{"case_id": "c0137", "cell": "J80_p0.5", "encoding": "exclude_h", "repeat": 2, "status": "UNSAT", "solve_seconds": 0.007546463000835502, "sat_stage_seconds": 0.01272488300128316}
{"case_id": "c0137", "cell": "J80_p0.5", "encoding": "prefix", "repeat": 2, "status": "UNSAT", "solve_seconds": 0.006879993999973522, "sat_stage_seconds": 0.012041238998790504}
{"case_id": "c0055", "cell": "J35_p0.7", "encoding": "exclude_h", "repeat": 0, "status": "SAT", "solve_seconds": 0.0689630169999873, "sat_stage_seconds": 0.07307457500064629}
{"case_id": "c0055", "cell": "J35_p0.7", "encoding": "exclude_x", "repeat": 0, "status": "SAT", "solve_seconds": 0.11871735500062641, "sat_stage_seconds": 0.12459943900103099}
{"case_id": "c0055", "cell": "J35_p0.7", "encoding": "prefix", "repeat": 0, "status": "SAT", "solve_seconds": 0.0286139310010185, "sat_stage_seconds": 0.033110009999290924}
{"case_id": "c0055", "cell": "J35_p0.7", "encoding": "exclude_x", "repeat": 1, "status": "SAT", "solve_seconds": 0.10138082100093015, "sat_stage_seconds": 0.10546972600059235}
{"case_id": "c0055", "cell": "J35_p0.7", "encoding": "prefix", "repeat": 1, "status": "SAT", "solve_seconds": 0.023191017999124597, "sat_stage_seconds": 0.027442603999588755}
{"case_id": "c0055", "cell": "J35_p0.7", "encoding": "exclude_h", "repeat": 1, "status": "SAT", "solve_seconds": 0.06770700500055682, "sat_stage_seconds": 0.07200395800100523}
{"case_id": "c0055", "cell": "J35_p0.7", "encoding": "prefix", "repeat": 2, "status": "SAT", "solve_seconds": 0.023731539000436896, "sat_stage_seconds": 0.028126117000283557}
{"case_id": "c0055", "cell": "J35_p0.7", "encoding": "exclude_h", "repeat": 2, "status": "SAT", "solve_seconds": 0.07714433200089843, "sat_stage_seconds": 0.08102481800051464}
{"case_id": "c0055", "cell": "J35_p0.7", "encoding": "exclude_x", "repeat": 2, "status": "SAT", "solve_seconds": 0.12223319999975502, "sat_stage_seconds": 0.12737409500005015}
{"case_id": "c0070", "cell": "J35_w3", "encoding": "exclude_h", "repeat": 0, "status": "UNSAT", "solve_seconds": 0.005025043001296581, "sat_stage_seconds": 0.008873041000697413}
{"case_id": "c0070", "cell": "J35_w3", "encoding": "exclude_x", "repeat": 0, "status": "UNSAT", "solve_seconds": 0.0049225610000576125, "sat_stage_seconds": 0.009745854998982395}
{"case_id": "c0070", "cell": "J35_w3", "encoding": "prefix", "repeat": 0, "status": "UNSAT", "solve_seconds": 0.008602800000517163, "sat_stage_seconds": 0.01365439300025173}
{"case_id": "c0070", "cell": "J35_w3", "encoding": "exclude_x", "repeat": 1, "status": "UNSAT", "solve_seconds": 0.005133513999680872, "sat_stage_seconds": 0.009177040999929886}
{"case_id": "c0070", "cell": "J35_w3", "encoding": "prefix", "repeat": 1, "status": "UNSAT", "solve_seconds": 0.007201671000075294, "sat_stage_seconds": 0.01144311200005177}
{"case_id": "c0070", "cell": "J35_w3", "encoding": "exclude_h", "repeat": 1, "status": "UNSAT", "solve_seconds": 0.005051301001003594, "sat_stage_seconds": 0.008587967002313235}
{"case_id": "c0070", "cell": "J35_w3", "encoding": "prefix", "repeat": 2, "status": "UNSAT", "solve_seconds": 0.0068634290000773035, "sat_stage_seconds": 0.01038033499935409}
{"case_id": "c0070", "cell": "J35_w3", "encoding": "exclude_h", "repeat": 2, "status": "UNSAT", "solve_seconds": 0.007037538000076893, "sat_stage_seconds": 0.011270776998571819}
{"case_id": "c0070", "cell": "J35_w3", "encoding": "exclude_x", "repeat": 2, "status": "UNSAT", "solve_seconds": 0.0052800109988311306, "sat_stage_seconds": 0.009026067999002407}
{"case_id": "c0024", "cell": "J20_w3", "encoding": "prefix", "repeat": 0, "status": "UNSAT", "solve_seconds": 0.007093841999449069, "sat_stage_seconds": 0.009782799999811687}
{"case_id": "c0024", "cell": "J20_w3", "encoding": "exclude_x", "repeat": 0, "status": "UNSAT", "solve_seconds": 0.004200249999485095, "sat_stage_seconds": 0.0071384980001312215}
{"case_id": "c0024", "cell": "J20_w3", "encoding": "exclude_h", "repeat": 0, "status": "UNSAT", "solve_seconds": 0.004244435000146041, "sat_stage_seconds": 0.007296301000678795}
{"case_id": "c0024", "cell": "J20_w3", "encoding": "exclude_x", "repeat": 1, "status": "UNSAT", "solve_seconds": 0.0054833730009704595, "sat_stage_seconds": 0.0083767150008498}
{"case_id": "c0024", "cell": "J20_w3", "encoding": "exclude_h", "repeat": 1, "status": "UNSAT", "solve_seconds": 0.0053963440004736185, "sat_stage_seconds": 0.008439496999926632}
{"case_id": "c0024", "cell": "J20_w3", "encoding": "prefix", "repeat": 1, "status": "UNSAT", "solve_seconds": 0.007132840000849683, "sat_stage_seconds": 0.010135464000995853}
{"case_id": "c0024", "cell": "J20_w3", "encoding": "exclude_h", "repeat": 2, "status": "UNSAT", "solve_seconds": 0.0036750210001628147, "sat_stage_seconds": 0.006391410001015174}
{"case_id": "c0024", "cell": "J20_w3", "encoding": "prefix", "repeat": 2, "status": "UNSAT", "solve_seconds": 0.006859123001049738, "sat_stage_seconds": 0.009480601000177558}
{"case_id": "c0024", "cell": "J20_w3", "encoding": "exclude_x", "repeat": 2, "status": "UNSAT", "solve_seconds": 0.00383504800083756, "sat_stage_seconds": 0.0067013200005021645}
{"case_id": "c0013", "cell": "J20_p0.7", "encoding": "exclude_h", "repeat": 0, "status": "SAT", "solve_seconds": 0.00043188000017835293, "sat_stage_seconds": 0.0030457569991995115}
{"case_id": "c0013", "cell": "J20_p0.7", "encoding": "prefix", "repeat": 0, "status": "SAT", "solve_seconds": 0.00498442399839405, "sat_stage_seconds": 0.007494556999517954}
{"case_id": "c0013", "cell": "J20_p0.7", "encoding": "exclude_x", "repeat": 0, "status": "SAT", "solve_seconds": 0.00031341500107373577, "sat_stage_seconds": 0.0028075640020688297}
{"case_id": "c0013", "cell": "J20_p0.7", "encoding": "prefix", "repeat": 1, "status": "SAT", "solve_seconds": 0.004642947000320419, "sat_stage_seconds": 0.008030250999581767}
{"case_id": "c0013", "cell": "J20_p0.7", "encoding": "exclude_x", "repeat": 1, "status": "SAT", "solve_seconds": 0.0003027700004167855, "sat_stage_seconds": 0.0025015910014190013}
{"case_id": "c0013", "cell": "J20_p0.7", "encoding": "exclude_h", "repeat": 1, "status": "SAT", "solve_seconds": 0.002198070000304142, "sat_stage_seconds": 0.004787940999449347}
{"case_id": "c0013", "cell": "J20_p0.7", "encoding": "exclude_x", "repeat": 2, "status": "SAT", "solve_seconds": 0.00034791600046446547, "sat_stage_seconds": 0.0028420350008673267}
{"case_id": "c0013", "cell": "J20_p0.7", "encoding": "exclude_h", "repeat": 2, "status": "SAT", "solve_seconds": 0.0004630860003089765, "sat_stage_seconds": 0.004963981999026146}
{"case_id": "c0013", "cell": "J20_p0.7", "encoding": "prefix", "repeat": 2, "status": "SAT", "solve_seconds": 0.0067920840010629036, "sat_stage_seconds": 0.00947354100026132}
{"case_id": "c0033", "cell": "J20_w5", "encoding": "exclude_h", "repeat": 0, "status": "UNSAT", "solve_seconds": 0.14351233200068236, "sat_stage_seconds": 0.1500602539999818}
{"case_id": "c0033", "cell": "J20_w5", "encoding": "exclude_x", "repeat": 0, "status": "UNSAT", "solve_seconds": 0.1283714940000209, "sat_stage_seconds": 0.1315149370002473}
{"case_id": "c0033", "cell": "J20_w5", "encoding": "prefix", "repeat": 0, "status": "UNSAT", "solve_seconds": 0.24331517700011318, "sat_stage_seconds": 0.24743005999880552}
{"case_id": "c0033", "cell": "J20_w5", "encoding": "exclude_x", "repeat": 1, "status": "UNSAT", "solve_seconds": 0.11436012200101686, "sat_stage_seconds": 0.11732629200014344}
{"case_id": "c0033", "cell": "J20_w5", "encoding": "prefix", "repeat": 1, "status": "UNSAT", "solve_seconds": 0.22106964200065704, "sat_stage_seconds": 0.2242083070013905}
{"case_id": "c0033", "cell": "J20_w5", "encoding": "exclude_h", "repeat": 1, "status": "UNSAT", "solve_seconds": 0.12985714800015558, "sat_stage_seconds": 0.13348214500001632}
{"case_id": "c0033", "cell": "J20_w5", "encoding": "prefix", "repeat": 2, "status": "UNSAT", "solve_seconds": 0.23644185699959053, "sat_stage_seconds": 0.2401918689993181}
{"case_id": "c0033", "cell": "J20_w5", "encoding": "exclude_h", "repeat": 2, "status": "UNSAT", "solve_seconds": 0.13642580099985935, "sat_stage_seconds": 0.13980260999960592}
{"case_id": "c0033", "cell": "J20_w5", "encoding": "exclude_x", "repeat": 2, "status": "UNSAT", "solve_seconds": 0.12835555600031512, "sat_stage_seconds": 0.1320085739989736}
{"case_id": "c0153", "cell": "J80_w3", "encoding": "exclude_h", "repeat": 0, "status": "UNSAT", "solve_seconds": 0.008189306998247048, "sat_stage_seconds": 0.01523452599758457}
{"case_id": "c0153", "cell": "J80_w3", "encoding": "exclude_x", "repeat": 0, "status": "UNSAT", "solve_seconds": 0.006657816000370076, "sat_stage_seconds": 0.019421197001065593}
{"case_id": "c0153", "cell": "J80_w3", "encoding": "prefix", "repeat": 0, "status": "UNSAT", "solve_seconds": 0.007757376000881777, "sat_stage_seconds": 0.014584062000722042}
{"case_id": "c0153", "cell": "J80_w3", "encoding": "exclude_x", "repeat": 1, "status": "UNSAT", "solve_seconds": 0.006555683999977191, "sat_stage_seconds": 0.013832437000019127}
{"case_id": "c0153", "cell": "J80_w3", "encoding": "prefix", "repeat": 1, "status": "UNSAT", "solve_seconds": 0.008650079998915317, "sat_stage_seconds": 0.016293475999191287}
{"case_id": "c0153", "cell": "J80_w3", "encoding": "exclude_h", "repeat": 1, "status": "UNSAT", "solve_seconds": 0.005603612000413705, "sat_stage_seconds": 0.012158805000581197}
{"case_id": "c0153", "cell": "J80_w3", "encoding": "prefix", "repeat": 2, "status": "UNSAT", "solve_seconds": 0.009265742999559734, "sat_stage_seconds": 0.018630968999787}
{"case_id": "c0153", "cell": "J80_w3", "encoding": "exclude_h", "repeat": 2, "status": "UNSAT", "solve_seconds": 0.0056582019988127286, "sat_stage_seconds": 0.012725103997581755}
{"case_id": "c0153", "cell": "J80_w3", "encoding": "exclude_x", "repeat": 2, "status": "UNSAT", "solve_seconds": 0.006015652001224225, "sat_stage_seconds": 0.013868118001482799}
{"case_id": "c0062", "cell": "J35_w2", "encoding": "exclude_x", "repeat": 0, "status": "UNSAT", "solve_seconds": 0.003481974999886006, "sat_stage_seconds": 0.006844211000498035}
{"case_id": "c0062", "cell": "J35_w2", "encoding": "prefix", "repeat": 0, "status": "UNSAT", "solve_seconds": 0.005790879000414861, "sat_stage_seconds": 0.008931468000810128}
{"case_id": "c0062", "cell": "J35_w2", "encoding": "exclude_h", "repeat": 0, "status": "UNSAT", "solve_seconds": 0.004183134999038884, "sat_stage_seconds": 0.0070805420000397135}
{"case_id": "c0062", "cell": "J35_w2", "encoding": "prefix", "repeat": 1, "status": "UNSAT", "solve_seconds": 0.005312851000780938, "sat_stage_seconds": 0.0088584590012033}
{"case_id": "c0062", "cell": "J35_w2", "encoding": "exclude_h", "repeat": 1, "status": "UNSAT", "solve_seconds": 0.004370241998913116, "sat_stage_seconds": 0.007661052999537787}
{"case_id": "c0062", "cell": "J35_w2", "encoding": "exclude_x", "repeat": 1, "status": "UNSAT", "solve_seconds": 0.003667420000056154, "sat_stage_seconds": 0.007013041999016423}
{"case_id": "c0062", "cell": "J35_w2", "encoding": "exclude_h", "repeat": 2, "status": "UNSAT", "solve_seconds": 0.004632600999684655, "sat_stage_seconds": 0.007882280999183422}
{"case_id": "c0062", "cell": "J35_w2", "encoding": "exclude_x", "repeat": 2, "status": "UNSAT", "solve_seconds": 0.004182243999821367, "sat_stage_seconds": 0.00762392900105624}
{"case_id": "c0062", "cell": "J35_w2", "encoding": "prefix", "repeat": 2, "status": "UNSAT", "solve_seconds": 0.005676560000210884, "sat_stage_seconds": 0.009578698001860175}
{"case_id": "c0112", "cell": "J50_w3", "encoding": "exclude_h", "repeat": 0, "status": "UNSAT", "solve_seconds": 0.009624135000194656, "sat_stage_seconds": 0.013875982000172371}
{"case_id": "c0112", "cell": "J50_w3", "encoding": "exclude_x", "repeat": 0, "status": "UNSAT", "solve_seconds": 0.009202879999065772, "sat_stage_seconds": 0.013728171999900951}
{"case_id": "c0112", "cell": "J50_w3", "encoding": "prefix", "repeat": 0, "status": "UNSAT", "solve_seconds": 0.009930530000929139, "sat_stage_seconds": 0.014639445000284468}
{"case_id": "c0112", "cell": "J50_w3", "encoding": "exclude_x", "repeat": 1, "status": "UNSAT", "solve_seconds": 0.011257186999500846, "sat_stage_seconds": 0.01742528599970683}
{"case_id": "c0112", "cell": "J50_w3", "encoding": "prefix", "repeat": 1, "status": "UNSAT", "solve_seconds": 0.008857386999807204, "sat_stage_seconds": 0.013587573001132114}
{"case_id": "c0112", "cell": "J50_w3", "encoding": "exclude_h", "repeat": 1, "status": "UNSAT", "solve_seconds": 0.011309585001072264, "sat_stage_seconds": 0.01598223600012716}
{"case_id": "c0112", "cell": "J50_w3", "encoding": "prefix", "repeat": 2, "status": "UNSAT", "solve_seconds": 0.0078123269995558076, "sat_stage_seconds": 0.013133399001162616}
{"case_id": "c0112", "cell": "J50_w3", "encoding": "exclude_h", "repeat": 2, "status": "UNSAT", "solve_seconds": 0.008978426998510258, "sat_stage_seconds": 0.01377994899849}
{"case_id": "c0112", "cell": "J50_w3", "encoding": "exclude_x", "repeat": 2, "status": "UNSAT", "solve_seconds": 0.008550292999643716, "sat_stage_seconds": 0.01676809299897286}
{"case_id": "c0060", "cell": "J35_w2", "encoding": "prefix", "repeat": 0, "status": "UNSAT", "solve_seconds": 0.006413472001440823, "sat_stage_seconds": 0.009965951001504436}
{"case_id": "c0060", "cell": "J35_w2", "encoding": "exclude_h", "repeat": 0, "status": "UNSAT", "solve_seconds": 0.006614930998694035, "sat_stage_seconds": 0.015645795998352696}
{"case_id": "c0060", "cell": "J35_w2", "encoding": "exclude_x", "repeat": 0, "status": "UNSAT", "solve_seconds": 0.006272914999499335, "sat_stage_seconds": 0.00945287099966663}
{"case_id": "c0060", "cell": "J35_w2", "encoding": "exclude_h", "repeat": 1, "status": "UNSAT", "solve_seconds": 0.004556126999887056, "sat_stage_seconds": 0.007697766999626765}
{"case_id": "c0060", "cell": "J35_w2", "encoding": "exclude_x", "repeat": 1, "status": "UNSAT", "solve_seconds": 0.005226982000749558, "sat_stage_seconds": 0.008291157000712701}
{"case_id": "c0060", "cell": "J35_w2", "encoding": "prefix", "repeat": 1, "status": "UNSAT", "solve_seconds": 0.005711661000532331, "sat_stage_seconds": 0.008836946999508655}
{"case_id": "c0060", "cell": "J35_w2", "encoding": "exclude_x", "repeat": 2, "status": "UNSAT", "solve_seconds": 0.005518756001038128, "sat_stage_seconds": 0.00839926900152932}
{"case_id": "c0060", "cell": "J35_w2", "encoding": "prefix", "repeat": 2, "status": "UNSAT", "solve_seconds": 0.0045517719991039485, "sat_stage_seconds": 0.007510941999498755}
{"case_id": "c0060", "cell": "J35_w2", "encoding": "exclude_h", "repeat": 2, "status": "UNSAT", "solve_seconds": 0.003908716998921591, "sat_stage_seconds": 0.007030847998976242}
{"case_id": "c0084", "cell": "J50_p0.3", "encoding": "exclude_h", "repeat": 0, "status": "UNSAT", "solve_seconds": 0.005095947999507189, "sat_stage_seconds": 0.009595641999112559}
{"case_id": "c0084", "cell": "J50_p0.3", "encoding": "prefix", "repeat": 0, "status": "UNSAT", "solve_seconds": 0.005934722001256887, "sat_stage_seconds": 0.010277303001203109}
{"case_id": "c0084", "cell": "J50_p0.3", "encoding": "exclude_x", "repeat": 0, "status": "UNSAT", "solve_seconds": 0.004542016999039333, "sat_stage_seconds": 0.009526249998089042}
{"case_id": "c0084", "cell": "J50_p0.3", "encoding": "prefix", "repeat": 1, "status": "UNSAT", "solve_seconds": 0.005785781999293249, "sat_stage_seconds": 0.0111358169997402}
{"case_id": "c0084", "cell": "J50_p0.3", "encoding": "exclude_x", "repeat": 1, "status": "UNSAT", "solve_seconds": 0.004000393000751501, "sat_stage_seconds": 0.008240542001658469}
{"case_id": "c0084", "cell": "J50_p0.3", "encoding": "exclude_h", "repeat": 1, "status": "UNSAT", "solve_seconds": 0.004145778999372851, "sat_stage_seconds": 0.008419107000008808}
{"case_id": "c0084", "cell": "J50_p0.3", "encoding": "exclude_x", "repeat": 2, "status": "UNSAT", "solve_seconds": 0.00426393499947153, "sat_stage_seconds": 0.00855750399932731}
{"case_id": "c0084", "cell": "J50_p0.3", "encoding": "exclude_h", "repeat": 2, "status": "UNSAT", "solve_seconds": 0.00415335999969102, "sat_stage_seconds": 0.008422302000326454}
{"case_id": "c0084", "cell": "J50_p0.3", "encoding": "prefix", "repeat": 2, "status": "UNSAT", "solve_seconds": 0.0063246919999073725, "sat_stage_seconds": 0.010786198999994667}
{"case_id": "c0138", "cell": "J80_p0.7", "encoding": "exclude_h", "repeat": 0, "status": "UNSAT", "solve_seconds": 0.127177661001042, "sat_stage_seconds": 0.1335831619999226}
{"case_id": "c0138", "cell": "J80_p0.7", "encoding": "prefix", "repeat": 0, "status": "UNSAT", "solve_seconds": 0.07724892900114355, "sat_stage_seconds": 0.08333020900136034}
{"case_id": "c0138", "cell": "J80_p0.7", "encoding": "exclude_x", "repeat": 0, "status": "UNSAT", "solve_seconds": 0.11898297599873331, "sat_stage_seconds": 0.12481603699961852}
{"case_id": "c0138", "cell": "J80_p0.7", "encoding": "prefix", "repeat": 1, "status": "UNSAT", "solve_seconds": 0.07649196700003813, "sat_stage_seconds": 0.08355023600051936}
{"case_id": "c0138", "cell": "J80_p0.7", "encoding": "exclude_x", "repeat": 1, "status": "UNSAT", "solve_seconds": 0.12219554600051197, "sat_stage_seconds": 0.12868258900016372}
{"case_id": "c0138", "cell": "J80_p0.7", "encoding": "exclude_h", "repeat": 1, "status": "UNSAT", "solve_seconds": 0.11846431600133656, "sat_stage_seconds": 0.1246268869999767}
{"case_id": "c0138", "cell": "J80_p0.7", "encoding": "exclude_x", "repeat": 2, "status": "UNSAT", "solve_seconds": 0.11336230400047498, "sat_stage_seconds": 0.12064703900068707}
{"case_id": "c0138", "cell": "J80_p0.7", "encoding": "exclude_h", "repeat": 2, "status": "UNSAT", "solve_seconds": 0.11747312700026669, "sat_stage_seconds": 0.12426322900137166}
{"case_id": "c0138", "cell": "J80_p0.7", "encoding": "prefix", "repeat": 2, "status": "UNSAT", "solve_seconds": 0.08174852299998747, "sat_stage_seconds": 0.08823095799925795}
{"case_id": "c0126", "cell": "J80_p0.3", "encoding": "exclude_h", "repeat": 0, "status": "UNSAT", "solve_seconds": 0.0018622719999257242, "sat_stage_seconds": 0.0048374550005974015}
{"case_id": "c0126", "cell": "J80_p0.3", "encoding": "exclude_x", "repeat": 0, "status": "UNSAT", "solve_seconds": 0.0020668149991251994, "sat_stage_seconds": 0.004971864000253845}
{"case_id": "c0126", "cell": "J80_p0.3", "encoding": "prefix", "repeat": 0, "status": "UNSAT", "solve_seconds": 0.004024420000860118, "sat_stage_seconds": 0.007392145000267192}
{"case_id": "c0126", "cell": "J80_p0.3", "encoding": "exclude_x", "repeat": 1, "status": "UNSAT", "solve_seconds": 0.0017311579995293869, "sat_stage_seconds": 0.004937784000503598}
{"case_id": "c0126", "cell": "J80_p0.3", "encoding": "prefix", "repeat": 1, "status": "UNSAT", "solve_seconds": 0.004642726999009028, "sat_stage_seconds": 0.008369905999643379}
{"case_id": "c0126", "cell": "J80_p0.3", "encoding": "exclude_h", "repeat": 1, "status": "UNSAT", "solve_seconds": 0.0018969429984281305, "sat_stage_seconds": 0.004971743997884914}
{"case_id": "c0126", "cell": "J80_p0.3", "encoding": "prefix", "repeat": 2, "status": "UNSAT", "solve_seconds": 0.004040113000883139, "sat_stage_seconds": 0.00696716499987815}
{"case_id": "c0126", "cell": "J80_p0.3", "encoding": "exclude_h", "repeat": 2, "status": "UNSAT", "solve_seconds": 0.002058903999568429, "sat_stage_seconds": 0.006223041000339435}
{"case_id": "c0126", "cell": "J80_p0.3", "encoding": "exclude_x", "repeat": 2, "status": "UNSAT", "solve_seconds": 0.0018898329999501584, "sat_stage_seconds": 0.005139894001331413}
{"case_id": "c0185", "cell": "petersen", "encoding": "prefix", "repeat": 0, "status": "UNSAT", "solve_seconds": 0.004611259000739665, "sat_stage_seconds": 0.006808709000324598}
{"case_id": "c0185", "cell": "petersen", "encoding": "exclude_x", "repeat": 0, "status": "UNSAT", "solve_seconds": 0.001969611001186422, "sat_stage_seconds": 0.0040127810007106746}
{"case_id": "c0185", "cell": "petersen", "encoding": "exclude_h", "repeat": 0, "status": "UNSAT", "solve_seconds": 0.002408132000709884, "sat_stage_seconds": 0.004197756001303787}
{"case_id": "c0185", "cell": "petersen", "encoding": "exclude_x", "repeat": 1, "status": "UNSAT", "solve_seconds": 0.0019222920000174781, "sat_stage_seconds": 0.0036836740000580903}
{"case_id": "c0185", "cell": "petersen", "encoding": "exclude_h", "repeat": 1, "status": "UNSAT", "solve_seconds": 0.0025108840000029886, "sat_stage_seconds": 0.004511451999860583}
{"case_id": "c0185", "cell": "petersen", "encoding": "prefix", "repeat": 1, "status": "UNSAT", "solve_seconds": 0.004308930998377036, "sat_stage_seconds": 0.006599267997444258}
{"case_id": "c0185", "cell": "petersen", "encoding": "exclude_h", "repeat": 2, "status": "UNSAT", "solve_seconds": 0.002478686999893398, "sat_stage_seconds": 0.004552993999823229}
{"case_id": "c0185", "cell": "petersen", "encoding": "prefix", "repeat": 2, "status": "UNSAT", "solve_seconds": 0.0043133079998369794, "sat_stage_seconds": 0.006328536999717471}
{"case_id": "c0185", "cell": "petersen", "encoding": "exclude_x", "repeat": 2, "status": "UNSAT", "solve_seconds": 0.0019903530010196846, "sat_stage_seconds": 0.004229444000884541}
{"case_id": "c0075", "cell": "J35_w5", "encoding": "exclude_h", "repeat": 0, "status": "UNSAT", "solve_seconds": 0.22256362700136378, "sat_stage_seconds": 0.23316872200120997}
{"case_id": "c0075", "cell": "J35_w5", "encoding": "exclude_x", "repeat": 0, "status": "UNSAT", "solve_seconds": 0.18073478400037857, "sat_stage_seconds": 0.18582330200115393}
{"case_id": "c0075", "cell": "J35_w5", "encoding": "prefix", "repeat": 0, "status": "UNSAT", "solve_seconds": 0.17499722400134488, "sat_stage_seconds": 0.1807523810002749}
{"case_id": "c0075", "cell": "J35_w5", "encoding": "exclude_x", "repeat": 1, "status": "UNSAT", "solve_seconds": 0.18062588300017524, "sat_stage_seconds": 0.18684368600042944}
{"case_id": "c0075", "cell": "J35_w5", "encoding": "prefix", "repeat": 1, "status": "UNSAT", "solve_seconds": 0.1647671700011415, "sat_stage_seconds": 0.17008344600071723}
{"case_id": "c0075", "cell": "J35_w5", "encoding": "exclude_h", "repeat": 1, "status": "UNSAT", "solve_seconds": 0.17325641199931852, "sat_stage_seconds": 0.17905391099884582}
{"case_id": "c0075", "cell": "J35_w5", "encoding": "prefix", "repeat": 2, "status": "UNSAT", "solve_seconds": 0.15891763400031778, "sat_stage_seconds": 0.16396666199943866}
{"case_id": "c0075", "cell": "J35_w5", "encoding": "exclude_h", "repeat": 2, "status": "UNSAT", "solve_seconds": 0.16398140500132286, "sat_stage_seconds": 0.16923029000099632}
{"case_id": "c0075", "cell": "J35_w5", "encoding": "exclude_x", "repeat": 2, "status": "UNSAT", "solve_seconds": 0.19946947199969145, "sat_stage_seconds": 0.20502585299982456}
{"case_id": "c0034", "cell": "J20_w5", "encoding": "prefix", "repeat": 0, "status": "UNSAT", "solve_seconds": 0.41842701099994883, "sat_stage_seconds": 0.4217534049985261}
{"case_id": "c0034", "cell": "J20_w5", "encoding": "exclude_x", "repeat": 0, "status": "UNSAT", "solve_seconds": 0.3964743750002526, "sat_stage_seconds": 0.3995728310001141}
{"case_id": "c0034", "cell": "J20_w5", "encoding": "exclude_h", "repeat": 0, "status": "UNSAT", "solve_seconds": 0.3751713870005915, "sat_stage_seconds": 0.37776525399931415}
{"case_id": "c0034", "cell": "J20_w5", "encoding": "exclude_x", "repeat": 1, "status": "UNSAT", "solve_seconds": 0.3741746529994998, "sat_stage_seconds": 0.3773422819995176}
{"case_id": "c0034", "cell": "J20_w5", "encoding": "exclude_h", "repeat": 1, "status": "UNSAT", "solve_seconds": 0.34700922499905573, "sat_stage_seconds": 0.34961379899868916}
{"case_id": "c0034", "cell": "J20_w5", "encoding": "prefix", "repeat": 1, "status": "UNSAT", "solve_seconds": 0.45643593199929455, "sat_stage_seconds": 0.4599114259981434}
{"case_id": "c0034", "cell": "J20_w5", "encoding": "exclude_h", "repeat": 2, "status": "UNSAT", "solve_seconds": 0.36303307699927245, "sat_stage_seconds": 0.365651871998125}
{"case_id": "c0034", "cell": "J20_w5", "encoding": "prefix", "repeat": 2, "status": "UNSAT", "solve_seconds": 0.46840312700078357, "sat_stage_seconds": 0.4713174700009404}
{"case_id": "c0034", "cell": "J20_w5", "encoding": "exclude_x", "repeat": 2, "status": "UNSAT", "solve_seconds": 0.3693094870013738, "sat_stage_seconds": 0.37339834100203007}
{"case_id": "c0092", "cell": "J50_p0.5", "encoding": "exclude_x", "repeat": 0, "status": "UNSAT", "solve_seconds": 0.004432805000760709, "sat_stage_seconds": 0.010076796001158073}
{"case_id": "c0092", "cell": "J50_p0.5", "encoding": "prefix", "repeat": 0, "status": "UNSAT", "solve_seconds": 0.00603905699972529, "sat_stage_seconds": 0.010752588999821455}
{"case_id": "c0092", "cell": "J50_p0.5", "encoding": "exclude_h", "repeat": 0, "status": "UNSAT", "solve_seconds": 0.003834667999399244, "sat_stage_seconds": 0.008152061000146205}
{"case_id": "c0092", "cell": "J50_p0.5", "encoding": "prefix", "repeat": 1, "status": "UNSAT", "solve_seconds": 0.0080506209997111, "sat_stage_seconds": 0.014963563999117468}
{"case_id": "c0092", "cell": "J50_p0.5", "encoding": "exclude_h", "repeat": 1, "status": "UNSAT", "solve_seconds": 0.004366986999229994, "sat_stage_seconds": 0.00970005799899809}
{"case_id": "c0092", "cell": "J50_p0.5", "encoding": "exclude_x", "repeat": 1, "status": "UNSAT", "solve_seconds": 0.00404518999857828, "sat_stage_seconds": 0.008195435999368783}
{"case_id": "c0092", "cell": "J50_p0.5", "encoding": "exclude_h", "repeat": 2, "status": "UNSAT", "solve_seconds": 0.006999291999818524, "sat_stage_seconds": 0.01271087399982207}
{"case_id": "c0092", "cell": "J50_p0.5", "encoding": "exclude_x", "repeat": 2, "status": "UNSAT", "solve_seconds": 0.004196653999315458, "sat_stage_seconds": 0.009017463999043684}
{"case_id": "c0092", "cell": "J50_p0.5", "encoding": "prefix", "repeat": 2, "status": "UNSAT", "solve_seconds": 0.0067172930012020515, "sat_stage_seconds": 0.011123048001536517}
{"case_id": "c0057", "cell": "J35_p0.7", "encoding": "exclude_x", "repeat": 0, "status": "SAT", "solve_seconds": 0.0609749710001779, "sat_stage_seconds": 0.06466998200085072}
{"case_id": "c0057", "cell": "J35_p0.7", "encoding": "prefix", "repeat": 0, "status": "SAT", "solve_seconds": 0.002038863998677698, "sat_stage_seconds": 0.005835734998981934}
{"case_id": "c0057", "cell": "J35_p0.7", "encoding": "exclude_h", "repeat": 0, "status": "SAT", "solve_seconds": 0.053586530999382376, "sat_stage_seconds": 0.05721874899973045}
{"case_id": "c0057", "cell": "J35_p0.7", "encoding": "prefix", "repeat": 1, "status": "SAT", "solve_seconds": 0.0019000379998033168, "sat_stage_seconds": 0.005809456999486429}
{"case_id": "c0057", "cell": "J35_p0.7", "encoding": "exclude_h", "repeat": 1, "status": "SAT", "solve_seconds": 0.06498064300103579, "sat_stage_seconds": 0.0687677000023541}
{"case_id": "c0057", "cell": "J35_p0.7", "encoding": "exclude_x", "repeat": 1, "status": "SAT", "solve_seconds": 0.05922099499912292, "sat_stage_seconds": 0.06274085599943646}
{"case_id": "c0057", "cell": "J35_p0.7", "encoding": "exclude_h", "repeat": 2, "status": "SAT", "solve_seconds": 0.05944492700109549, "sat_stage_seconds": 0.06273852200138208}
{"case_id": "c0057", "cell": "J35_p0.7", "encoding": "exclude_x", "repeat": 2, "status": "SAT", "solve_seconds": 0.05762929800039274, "sat_stage_seconds": 0.061310728000535164}
{"case_id": "c0057", "cell": "J35_p0.7", "encoding": "prefix", "repeat": 2, "status": "SAT", "solve_seconds": 0.0017325900007563177, "sat_stage_seconds": 0.005335684001693153}
{"case_id": "c0128", "cell": "J80_p0.3", "encoding": "exclude_x", "repeat": 0, "status": "UNSAT", "solve_seconds": 0.003202860998499091, "sat_stage_seconds": 0.006221988998731831}
{"case_id": "c0128", "cell": "J80_p0.3", "encoding": "exclude_h", "repeat": 0, "status": "UNSAT", "solve_seconds": 0.0031516549988737097, "sat_stage_seconds": 0.006455015000028652}
{"case_id": "c0128", "cell": "J80_p0.3", "encoding": "prefix", "repeat": 0, "status": "UNSAT", "solve_seconds": 0.00414667100085353, "sat_stage_seconds": 0.007494567000321695}
{"case_id": "c0128", "cell": "J80_p0.3", "encoding": "exclude_h", "repeat": 1, "status": "UNSAT", "solve_seconds": 0.0032532850000279723, "sat_stage_seconds": 0.0061474670001189224}
{"case_id": "c0128", "cell": "J80_p0.3", "encoding": "prefix", "repeat": 1, "status": "UNSAT", "solve_seconds": 0.003934114998628502, "sat_stage_seconds": 0.007049025998639991}
{"case_id": "c0128", "cell": "J80_p0.3", "encoding": "exclude_x", "repeat": 1, "status": "UNSAT", "solve_seconds": 0.0034842180011764867, "sat_stage_seconds": 0.006766476000848343}
{"case_id": "c0128", "cell": "J80_p0.3", "encoding": "prefix", "repeat": 2, "status": "UNSAT", "solve_seconds": 0.003773386999455397, "sat_stage_seconds": 0.006769259998691268}
{"case_id": "c0128", "cell": "J80_p0.3", "encoding": "exclude_x", "repeat": 2, "status": "UNSAT", "solve_seconds": 0.0031752689992572414, "sat_stage_seconds": 0.006751143999281339}
{"case_id": "c0128", "cell": "J80_p0.3", "encoding": "exclude_h", "repeat": 2, "status": "UNSAT", "solve_seconds": 0.0031049160006659804, "sat_stage_seconds": 0.005969355999695836}
{"case_id": "c0087", "cell": "J50_p0.3", "encoding": "exclude_x", "repeat": 0, "status": "UNSAT", "solve_seconds": 0.0036769660000572912, "sat_stage_seconds": 0.006567204000020865}
{"case_id": "c0087", "cell": "J50_p0.3", "encoding": "prefix", "repeat": 0, "status": "UNSAT", "solve_seconds": 0.004178449000391993, "sat_stage_seconds": 0.007607147001181147}
{"case_id": "c0087", "cell": "J50_p0.3", "encoding": "exclude_h", "repeat": 0, "status": "UNSAT", "solve_seconds": 0.003675252999528311, "sat_stage_seconds": 0.007722297999862349}
{"case_id": "c0087", "cell": "J50_p0.3", "encoding": "prefix", "repeat": 1, "status": "UNSAT", "solve_seconds": 0.0044468380001490004, "sat_stage_seconds": 0.007795717001499725}
{"case_id": "c0087", "cell": "J50_p0.3", "encoding": "exclude_h", "repeat": 1, "status": "UNSAT", "solve_seconds": 0.00376074000087101, "sat_stage_seconds": 0.0070826190003572265}
{"case_id": "c0087", "cell": "J50_p0.3", "encoding": "exclude_x", "repeat": 1, "status": "UNSAT", "solve_seconds": 0.003922169000361464, "sat_stage_seconds": 0.0074993770012952155}
{"case_id": "c0087", "cell": "J50_p0.3", "encoding": "exclude_h", "repeat": 2, "status": "UNSAT", "solve_seconds": 0.0038339679995260667, "sat_stage_seconds": 0.007222124999316293}
{"case_id": "c0087", "cell": "J50_p0.3", "encoding": "exclude_x", "repeat": 2, "status": "UNSAT", "solve_seconds": 0.0036703759997180896, "sat_stage_seconds": 0.007296806999875116}
{"case_id": "c0087", "cell": "J50_p0.3", "encoding": "prefix", "repeat": 2, "status": "UNSAT", "solve_seconds": 0.0041836079999484355, "sat_stage_seconds": 0.007349524999881396}
{"case_id": "c0182", "cell": "cubic_cycle_matching", "encoding": "exclude_x", "repeat": 0, "status": "UNSAT", "solve_seconds": 0.0022663529998681042, "sat_stage_seconds": 0.004114155000934261}
{"case_id": "c0182", "cell": "cubic_cycle_matching", "encoding": "prefix", "repeat": 0, "status": "UNSAT", "solve_seconds": 0.004923234999296255, "sat_stage_seconds": 0.007046955999612692}
{"case_id": "c0182", "cell": "cubic_cycle_matching", "encoding": "exclude_h", "repeat": 0, "status": "UNSAT", "solve_seconds": 0.002392159000009997, "sat_stage_seconds": 0.004500066001128289}
{"case_id": "c0182", "cell": "cubic_cycle_matching", "encoding": "prefix", "repeat": 1, "status": "UNSAT", "solve_seconds": 0.004926068999338895, "sat_stage_seconds": 0.00738619900039339}
{"case_id": "c0182", "cell": "cubic_cycle_matching", "encoding": "exclude_h", "repeat": 1, "status": "UNSAT", "solve_seconds": 0.002124672999343602, "sat_stage_seconds": 0.004417454998474568}
{"case_id": "c0182", "cell": "cubic_cycle_matching", "encoding": "exclude_x", "repeat": 1, "status": "UNSAT", "solve_seconds": 0.00231811000048765, "sat_stage_seconds": 0.004381602000648854}
{"case_id": "c0182", "cell": "cubic_cycle_matching", "encoding": "exclude_h", "repeat": 2, "status": "UNSAT", "solve_seconds": 0.0031617219992767787, "sat_stage_seconds": 0.005769500998212607}
{"case_id": "c0182", "cell": "cubic_cycle_matching", "encoding": "exclude_x", "repeat": 2, "status": "UNSAT", "solve_seconds": 0.0022589220006921096, "sat_stage_seconds": 0.004521148001003894}
{"case_id": "c0182", "cell": "cubic_cycle_matching", "encoding": "prefix", "repeat": 2, "status": "UNSAT", "solve_seconds": 0.005320002999724238, "sat_stage_seconds": 0.008089631999609992}
{"case_id": "c0159", "cell": "J80_w5", "encoding": "exclude_h", "repeat": 0, "status": "UNSAT", "solve_seconds": 0.2241040620010608, "sat_stage_seconds": 0.2342956030024652}
{"case_id": "c0159", "cell": "J80_w5", "encoding": "prefix", "repeat": 0, "status": "UNSAT", "solve_seconds": 0.2970888769996236, "sat_stage_seconds": 0.30731976599963673}
{"case_id": "c0159", "cell": "J80_w5", "encoding": "exclude_x", "repeat": 0, "status": "UNSAT", "solve_seconds": 0.23497273400062113, "sat_stage_seconds": 0.24601640900073107}
{"case_id": "c0159", "cell": "J80_w5", "encoding": "prefix", "repeat": 1, "status": "UNSAT", "solve_seconds": 0.29029245899982925, "sat_stage_seconds": 0.3001543619993754}
{"case_id": "c0159", "cell": "J80_w5", "encoding": "exclude_x", "repeat": 1, "status": "UNSAT", "solve_seconds": 0.2654475170002115, "sat_stage_seconds": 0.27519552600097086}
{"case_id": "c0159", "cell": "J80_w5", "encoding": "exclude_h", "repeat": 1, "status": "UNSAT", "solve_seconds": 0.2457728629997291, "sat_stage_seconds": 0.2552670349996333}
{"case_id": "c0159", "cell": "J80_w5", "encoding": "exclude_x", "repeat": 2, "status": "UNSAT", "solve_seconds": 0.2493411270006618, "sat_stage_seconds": 0.26100795199999993}
{"case_id": "c0159", "cell": "J80_w5", "encoding": "exclude_h", "repeat": 2, "status": "UNSAT", "solve_seconds": 0.22968597299950488, "sat_stage_seconds": 0.2392670739991445}
{"case_id": "c0159", "cell": "J80_w5", "encoding": "prefix", "repeat": 2, "status": "UNSAT", "solve_seconds": 0.2884607899995899, "sat_stage_seconds": 0.29842584099969827}
{"case_id": "c0119", "cell": "J50_w5", "encoding": "exclude_x", "repeat": 0, "status": "UNSAT", "solve_seconds": 0.18755450699973153, "sat_stage_seconds": 0.19365580699923157}
{"case_id": "c0119", "cell": "J50_w5", "encoding": "prefix", "repeat": 0, "status": "UNSAT", "solve_seconds": 0.1932820609999908, "sat_stage_seconds": 0.19945313400057785}
{"case_id": "c0119", "cell": "J50_w5", "encoding": "exclude_h", "repeat": 0, "status": "UNSAT", "solve_seconds": 0.17006373799995345, "sat_stage_seconds": 0.17608347699933802}
{"case_id": "c0119", "cell": "J50_w5", "encoding": "prefix", "repeat": 1, "status": "UNSAT", "solve_seconds": 0.17585029099973326, "sat_stage_seconds": 0.18180242999915208}
{"case_id": "c0119", "cell": "J50_w5", "encoding": "exclude_h", "repeat": 1, "status": "UNSAT", "solve_seconds": 0.16753092099861533, "sat_stage_seconds": 0.17285629999787488}
{"case_id": "c0119", "cell": "J50_w5", "encoding": "exclude_x", "repeat": 1, "status": "UNSAT", "solve_seconds": 0.16552038899862964, "sat_stage_seconds": 0.17142778099696443}
{"case_id": "c0119", "cell": "J50_w5", "encoding": "exclude_h", "repeat": 2, "status": "UNSAT", "solve_seconds": 0.1863451819990587, "sat_stage_seconds": 0.19583648099978745}
{"case_id": "c0119", "cell": "J50_w5", "encoding": "exclude_x", "repeat": 2, "status": "UNSAT", "solve_seconds": 0.18261652699948172, "sat_stage_seconds": 0.18907908299843257}
{"case_id": "c0119", "cell": "J50_w5", "encoding": "prefix", "repeat": 2, "status": "UNSAT", "solve_seconds": 0.1807675839991134, "sat_stage_seconds": 0.1879313600002206}
{"case_id": "c0184", "cell": "petersen", "encoding": "exclude_x", "repeat": 0, "status": "UNSAT", "solve_seconds": 0.0029136720004316885, "sat_stage_seconds": 0.005346220001229085}
{"case_id": "c0184", "cell": "petersen", "encoding": "prefix", "repeat": 0, "status": "UNSAT", "solve_seconds": 0.003601211999921361, "sat_stage_seconds": 0.005479108000145061}
{"case_id": "c0184", "cell": "petersen", "encoding": "exclude_h", "repeat": 0, "status": "UNSAT", "solve_seconds": 0.0026023199989140267, "sat_stage_seconds": 0.0044356689977576025}
{"case_id": "c0184", "cell": "petersen", "encoding": "prefix", "repeat": 1, "status": "UNSAT", "solve_seconds": 0.00423602299997583, "sat_stage_seconds": 0.007344784000451909}
{"case_id": "c0184", "cell": "petersen", "encoding": "exclude_h", "repeat": 1, "status": "UNSAT", "solve_seconds": 0.0030472689995804103, "sat_stage_seconds": 0.006517775998872821}
{"case_id": "c0184", "cell": "petersen", "encoding": "exclude_x", "repeat": 1, "status": "UNSAT", "solve_seconds": 0.0029423140003927983, "sat_stage_seconds": 0.0054176760004338576}
{"case_id": "c0184", "cell": "petersen", "encoding": "exclude_h", "repeat": 2, "status": "UNSAT", "solve_seconds": 0.0029988389997015474, "sat_stage_seconds": 0.00533308199919702}
{"case_id": "c0184", "cell": "petersen", "encoding": "exclude_x", "repeat": 2, "status": "UNSAT", "solve_seconds": 0.0026599360007821815, "sat_stage_seconds": 0.004585120999763603}
{"case_id": "c0184", "cell": "petersen", "encoding": "prefix", "repeat": 2, "status": "UNSAT", "solve_seconds": 0.003915317000064533, "sat_stage_seconds": 0.006001571999149746}
{"case_id": "c0106", "cell": "J50_w2", "encoding": "exclude_x", "repeat": 0, "status": "UNSAT", "solve_seconds": 0.0042898520005110186, "sat_stage_seconds": 0.008036089000597713}
{"case_id": "c0106", "cell": "J50_w2", "encoding": "prefix", "repeat": 0, "status": "UNSAT", "solve_seconds": 0.004972044000169262, "sat_stage_seconds": 0.009150652000244008}
{"case_id": "c0106", "cell": "J50_w2", "encoding": "exclude_h", "repeat": 0, "status": "UNSAT", "solve_seconds": 0.004517170000326587, "sat_stage_seconds": 0.009510106001471286}
{"case_id": "c0106", "cell": "J50_w2", "encoding": "prefix", "repeat": 1, "status": "UNSAT", "solve_seconds": 0.005181446000278811, "sat_stage_seconds": 0.009239118999175844}
{"case_id": "c0106", "cell": "J50_w2", "encoding": "exclude_h", "repeat": 1, "status": "UNSAT", "solve_seconds": 0.005109669000376016, "sat_stage_seconds": 0.012829540000893758}
{"case_id": "c0106", "cell": "J50_w2", "encoding": "exclude_x", "repeat": 1, "status": "UNSAT", "solve_seconds": 0.004902020998997614, "sat_stage_seconds": 0.008837877998303156}
{"case_id": "c0106", "cell": "J50_w2", "encoding": "exclude_h", "repeat": 2, "status": "UNSAT", "solve_seconds": 0.004384001998914755, "sat_stage_seconds": 0.008905427999707172}
{"case_id": "c0106", "cell": "J50_w2", "encoding": "exclude_x", "repeat": 2, "status": "UNSAT", "solve_seconds": 0.004603188001055969, "sat_stage_seconds": 0.00853709300099581}
{"case_id": "c0106", "cell": "J50_w2", "encoding": "prefix", "repeat": 2, "status": "UNSAT", "solve_seconds": 0.00470568999844545, "sat_stage_seconds": 0.008457514999463456}
{"case_id": "c0065", "cell": "J35_w2", "encoding": "prefix", "repeat": 0, "status": "UNSAT", "solve_seconds": 0.0043187960000068415, "sat_stage_seconds": 0.007595395998578169}
{"case_id": "c0065", "cell": "J35_w2", "encoding": "exclude_h", "repeat": 0, "status": "UNSAT", "solve_seconds": 0.0023296059989661444, "sat_stage_seconds": 0.005165501997907995}
{"case_id": "c0065", "cell": "J35_w2", "encoding": "exclude_x", "repeat": 0, "status": "UNSAT", "solve_seconds": 0.0021773700009362074, "sat_stage_seconds": 0.005309546000717091}
{"case_id": "c0065", "cell": "J35_w2", "encoding": "exclude_h", "repeat": 1, "status": "UNSAT", "solve_seconds": 0.0024680099995748606, "sat_stage_seconds": 0.005741225000747363}
{"case_id": "c0065", "cell": "J35_w2", "encoding": "exclude_x", "repeat": 1, "status": "UNSAT", "solve_seconds": 0.0021363089999795193, "sat_stage_seconds": 0.005047357000876218}
{"case_id": "c0065", "cell": "J35_w2", "encoding": "prefix", "repeat": 1, "status": "UNSAT", "solve_seconds": 0.004222273000777932, "sat_stage_seconds": 0.00709355200160644}
{"case_id": "c0065", "cell": "J35_w2", "encoding": "exclude_x", "repeat": 2, "status": "UNSAT", "solve_seconds": 0.002362073999393033, "sat_stage_seconds": 0.00875623799947789}
{"case_id": "c0065", "cell": "J35_w2", "encoding": "prefix", "repeat": 2, "status": "UNSAT", "solve_seconds": 0.004398003000460449, "sat_stage_seconds": 0.00756747500054189}
{"case_id": "c0065", "cell": "J35_w2", "encoding": "exclude_h", "repeat": 2, "status": "UNSAT", "solve_seconds": 0.0023109479989216197, "sat_stage_seconds": 0.005317577999448986}
{"case_id": "c0026", "cell": "J20_w3", "encoding": "exclude_h", "repeat": 0, "status": "UNSAT", "solve_seconds": 0.004880648999460391, "sat_stage_seconds": 0.008695956999872578}
{"case_id": "c0026", "cell": "J20_w3", "encoding": "exclude_x", "repeat": 0, "status": "UNSAT", "solve_seconds": 0.005000066999855335, "sat_stage_seconds": 0.00770122399990214}
{"case_id": "c0026", "cell": "J20_w3", "encoding": "prefix", "repeat": 0, "status": "UNSAT", "solve_seconds": 0.006803472000683541, "sat_stage_seconds": 0.009366633999889018}
{"case_id": "c0026", "cell": "J20_w3", "encoding": "exclude_x", "repeat": 1, "status": "UNSAT", "solve_seconds": 0.005210559000261128, "sat_stage_seconds": 0.007991864000359783}
{"case_id": "c0026", "cell": "J20_w3", "encoding": "prefix", "repeat": 1, "status": "UNSAT", "solve_seconds": 0.006537286000821041, "sat_stage_seconds": 0.009230031000697636}
{"case_id": "c0026", "cell": "J20_w3", "encoding": "exclude_h", "repeat": 1, "status": "UNSAT", "solve_seconds": 0.004608716000802815, "sat_stage_seconds": 0.0069613659998140065}
{"case_id": "c0026", "cell": "J20_w3", "encoding": "prefix", "repeat": 2, "status": "UNSAT", "solve_seconds": 0.007192658998974366, "sat_stage_seconds": 0.009698184998342185}
{"case_id": "c0026", "cell": "J20_w3", "encoding": "exclude_h", "repeat": 2, "status": "UNSAT", "solve_seconds": 0.007537670999226975, "sat_stage_seconds": 0.009780226999282604}
{"case_id": "c0026", "cell": "J20_w3", "encoding": "exclude_x", "repeat": 2, "status": "UNSAT", "solve_seconds": 0.005000707000363036, "sat_stage_seconds": 0.007473704999938491}
{"case_id": "c0132", "cell": "J80_p0.5", "encoding": "exclude_h", "repeat": 0, "status": "UNSAT", "solve_seconds": 0.005235564998656628, "sat_stage_seconds": 0.011524392999490374}
{"case_id": "c0132", "cell": "J80_p0.5", "encoding": "prefix", "repeat": 0, "status": "UNSAT", "solve_seconds": 0.011897125999894342, "sat_stage_seconds": 0.019247668999014422}
{"case_id": "c0132", "cell": "J80_p0.5", "encoding": "exclude_x", "repeat": 0, "status": "UNSAT", "solve_seconds": 0.005764719999206136, "sat_stage_seconds": 0.012595932999829529}
{"case_id": "c0132", "cell": "J80_p0.5", "encoding": "prefix", "repeat": 1, "status": "UNSAT", "solve_seconds": 0.011739212000975385, "sat_stage_seconds": 0.018239944000015385}
{"case_id": "c0132", "cell": "J80_p0.5", "encoding": "exclude_x", "repeat": 1, "status": "UNSAT", "solve_seconds": 0.007744918000753387, "sat_stage_seconds": 0.014363944999786327}
{"case_id": "c0132", "cell": "J80_p0.5", "encoding": "exclude_h", "repeat": 1, "status": "UNSAT", "solve_seconds": 0.005373440000767005, "sat_stage_seconds": 0.01214183999945817}
{"case_id": "c0132", "cell": "J80_p0.5", "encoding": "exclude_x", "repeat": 2, "status": "UNSAT", "solve_seconds": 0.006537747000038507, "sat_stage_seconds": 0.013335009000002174}
{"case_id": "c0132", "cell": "J80_p0.5", "encoding": "exclude_h", "repeat": 2, "status": "UNSAT", "solve_seconds": 0.005510863999006688, "sat_stage_seconds": 0.01216560499779007}
{"case_id": "c0132", "cell": "J80_p0.5", "encoding": "prefix", "repeat": 2, "status": "UNSAT", "solve_seconds": 0.011320431000058306, "sat_stage_seconds": 0.01981869599876518}
{"case_id": "c0116", "cell": "J50_w5", "encoding": "exclude_h", "repeat": 0, "status": "UNSAT", "solve_seconds": 0.20182595900041633, "sat_stage_seconds": 0.20778860300015367}
{"case_id": "c0116", "cell": "J50_w5", "encoding": "prefix", "repeat": 0, "status": "UNSAT", "solve_seconds": 0.2720640799998364, "sat_stage_seconds": 0.2788530299985723}
{"case_id": "c0116", "cell": "J50_w5", "encoding": "exclude_x", "repeat": 0, "status": "UNSAT", "solve_seconds": 0.23583084599886206, "sat_stage_seconds": 0.24233854900012375}
{"case_id": "c0116", "cell": "J50_w5", "encoding": "prefix", "repeat": 1, "status": "UNSAT", "solve_seconds": 0.2603644369992253, "sat_stage_seconds": 0.27160144499794114}
{"case_id": "c0116", "cell": "J50_w5", "encoding": "exclude_x", "repeat": 1, "status": "UNSAT", "solve_seconds": 0.21987000300032378, "sat_stage_seconds": 0.22617627699946752}
{"case_id": "c0116", "cell": "J50_w5", "encoding": "exclude_h", "repeat": 1, "status": "UNSAT", "solve_seconds": 0.21171298500121338, "sat_stage_seconds": 0.2174463490009657}
{"case_id": "c0116", "cell": "J50_w5", "encoding": "exclude_x", "repeat": 2, "status": "UNSAT", "solve_seconds": 0.23858440699950734, "sat_stage_seconds": 0.2474036879993946}
{"case_id": "c0116", "cell": "J50_w5", "encoding": "exclude_h", "repeat": 2, "status": "UNSAT", "solve_seconds": 0.2068810119999398, "sat_stage_seconds": 0.21284587899936014}
{"case_id": "c0116", "cell": "J50_w5", "encoding": "prefix", "repeat": 2, "status": "UNSAT", "solve_seconds": 0.27155993299857073, "sat_stage_seconds": 0.2776839869984542}
{"case_id": "c0082", "cell": "J35_w1to3", "encoding": "exclude_x", "repeat": 0, "status": "UNSAT", "solve_seconds": 0.0021536149997700704, "sat_stage_seconds": 0.004309844000090379}
{"case_id": "c0082", "cell": "J35_w1to3", "encoding": "exclude_h", "repeat": 0, "status": "UNSAT", "solve_seconds": 0.0015875240005698288, "sat_stage_seconds": 0.003615892001107568}
{"case_id": "c0082", "cell": "J35_w1to3", "encoding": "prefix", "repeat": 0, "status": "UNSAT", "solve_seconds": 0.0066718359994411, "sat_stage_seconds": 0.008985687998574576}
{"case_id": "c0082", "cell": "J35_w1to3", "encoding": "exclude_h", "repeat": 1, "status": "UNSAT", "solve_seconds": 0.0013904919997003162, "sat_stage_seconds": 0.0035810310000670142}
{"case_id": "c0082", "cell": "J35_w1to3", "encoding": "prefix", "repeat": 1, "status": "UNSAT", "solve_seconds": 0.0059950029990432085, "sat_stage_seconds": 0.008642759998110705}
{"case_id": "c0082", "cell": "J35_w1to3", "encoding": "exclude_x", "repeat": 1, "status": "UNSAT", "solve_seconds": 0.002420370001345873, "sat_stage_seconds": 0.0045204050020402065}
{"case_id": "c0082", "cell": "J35_w1to3", "encoding": "prefix", "repeat": 2, "status": "UNSAT", "solve_seconds": 0.006699446999846259, "sat_stage_seconds": 0.009375506000651512}
{"case_id": "c0082", "cell": "J35_w1to3", "encoding": "exclude_x", "repeat": 2, "status": "UNSAT", "solve_seconds": 0.002543492999393493, "sat_stage_seconds": 0.005126313999426202}
{"case_id": "c0082", "cell": "J35_w1to3", "encoding": "exclude_h", "repeat": 2, "status": "UNSAT", "solve_seconds": 0.0015323520001402358, "sat_stage_seconds": 0.0037799959991389187}
{"case_id": "c0066", "cell": "J35_w3", "encoding": "exclude_h", "repeat": 0, "status": "UNSAT", "solve_seconds": 0.004127291998884175, "sat_stage_seconds": 0.007592762000058428}
{"case_id": "c0066", "cell": "J35_w3", "encoding": "prefix", "repeat": 0, "status": "UNSAT", "solve_seconds": 0.005314093001288711, "sat_stage_seconds": 0.00896821300193551}
{"case_id": "c0066", "cell": "J35_w3", "encoding": "exclude_x", "repeat": 0, "status": "UNSAT", "solve_seconds": 0.004461106998860487, "sat_stage_seconds": 0.010265736998917419}
{"case_id": "c0066", "cell": "J35_w3", "encoding": "prefix", "repeat": 1, "status": "UNSAT", "solve_seconds": 0.006269559000429581, "sat_stage_seconds": 0.01027264700132946}
{"case_id": "c0066", "cell": "J35_w3", "encoding": "exclude_x", "repeat": 1, "status": "UNSAT", "solve_seconds": 0.007847800001400174, "sat_stage_seconds": 0.013414226003078511}
{"case_id": "c0066", "cell": "J35_w3", "encoding": "exclude_h", "repeat": 1, "status": "UNSAT", "solve_seconds": 0.004353697999249562, "sat_stage_seconds": 0.008924637999371043}
{"case_id": "c0066", "cell": "J35_w3", "encoding": "exclude_x", "repeat": 2, "status": "UNSAT", "solve_seconds": 0.004223124000418466, "sat_stage_seconds": 0.00820653300070262}
{"case_id": "c0066", "cell": "J35_w3", "encoding": "exclude_h", "repeat": 2, "status": "UNSAT", "solve_seconds": 0.004216442999677383, "sat_stage_seconds": 0.008337205999850994}
{"case_id": "c0066", "cell": "J35_w3", "encoding": "prefix", "repeat": 2, "status": "UNSAT", "solve_seconds": 0.005287632999170455, "sat_stage_seconds": 0.01033353799903125}
{"case_id": "c0113", "cell": "J50_w3", "encoding": "exclude_h", "repeat": 0, "status": "UNSAT", "solve_seconds": 0.005285019000439206, "sat_stage_seconds": 0.011831189000076847}
{"case_id": "c0113", "cell": "J50_w3", "encoding": "prefix", "repeat": 0, "status": "UNSAT", "solve_seconds": 0.006601700999453897, "sat_stage_seconds": 0.012063101998137427}
{"case_id": "c0113", "cell": "J50_w3", "encoding": "exclude_x", "repeat": 0, "status": "UNSAT", "solve_seconds": 0.00534979599979124, "sat_stage_seconds": 0.010234741001113434}
{"case_id": "c0113", "cell": "J50_w3", "encoding": "prefix", "repeat": 1, "status": "UNSAT", "solve_seconds": 0.007006802999967476, "sat_stage_seconds": 0.01342432099954749}
{"case_id": "c0113", "cell": "J50_w3", "encoding": "exclude_x", "repeat": 1, "status": "UNSAT", "solve_seconds": 0.004888340999968932, "sat_stage_seconds": 0.009994354999435018}
{"case_id": "c0113", "cell": "J50_w3", "encoding": "exclude_h", "repeat": 1, "status": "UNSAT", "solve_seconds": 0.004703757000243058, "sat_stage_seconds": 0.00952207400041516}
{"case_id": "c0113", "cell": "J50_w3", "encoding": "exclude_x", "repeat": 2, "status": "UNSAT", "solve_seconds": 0.004828832001294359, "sat_stage_seconds": 0.009752616000696435}
{"case_id": "c0113", "cell": "J50_w3", "encoding": "exclude_h", "repeat": 2, "status": "UNSAT", "solve_seconds": 0.005054768000263721, "sat_stage_seconds": 0.009700909999082796}
{"case_id": "c0113", "cell": "J50_w3", "encoding": "prefix", "repeat": 2, "status": "UNSAT", "solve_seconds": 0.006554202000188525, "sat_stage_seconds": 0.011876577000293764}
{"case_id": "c0005", "cell": "J20_p0.3", "encoding": "exclude_h", "repeat": 0, "status": "UNSAT", "solve_seconds": 0.00159177100067609, "sat_stage_seconds": 0.003917461001037736}
{"case_id": "c0005", "cell": "J20_p0.3", "encoding": "exclude_x", "repeat": 0, "status": "UNSAT", "solve_seconds": 0.0016430870000476716, "sat_stage_seconds": 0.0038437309995060787}
{"case_id": "c0005", "cell": "J20_p0.3", "encoding": "prefix", "repeat": 0, "status": "UNSAT", "solve_seconds": 0.004639972001314163, "sat_stage_seconds": 0.007242973000757047}
{"case_id": "c0005", "cell": "J20_p0.3", "encoding": "exclude_x", "repeat": 1, "status": "UNSAT", "solve_seconds": 0.001707532999716932, "sat_stage_seconds": 0.003939362999517471}
{"case_id": "c0005", "cell": "J20_p0.3", "encoding": "prefix", "repeat": 1, "status": "UNSAT", "solve_seconds": 0.0046914380000089295, "sat_stage_seconds": 0.0072978440002771094}
{"case_id": "c0005", "cell": "J20_p0.3", "encoding": "exclude_h", "repeat": 1, "status": "UNSAT", "solve_seconds": 0.0034032380008284235, "sat_stage_seconds": 0.005963355000858428}
{"case_id": "c0005", "cell": "J20_p0.3", "encoding": "prefix", "repeat": 2, "status": "UNSAT", "solve_seconds": 0.004910293999273563, "sat_stage_seconds": 0.00763030799862463}
{"case_id": "c0005", "cell": "J20_p0.3", "encoding": "exclude_h", "repeat": 2, "status": "UNSAT", "solve_seconds": 0.0017194310003105784, "sat_stage_seconds": 0.004341890999057796}
{"case_id": "c0005", "cell": "J20_p0.3", "encoding": "exclude_x", "repeat": 2, "status": "UNSAT", "solve_seconds": 0.0016656709995004348, "sat_stage_seconds": 0.004045681000206969}
{"case_id": "c0083", "cell": "J35_w1to3", "encoding": "prefix", "repeat": 0, "status": "UNSAT", "solve_seconds": 0.005509841999810305, "sat_stage_seconds": 0.007496389000152703}
{"case_id": "c0083", "cell": "J35_w1to3", "encoding": "exclude_h", "repeat": 0, "status": "UNSAT", "solve_seconds": 0.0024336599999514874, "sat_stage_seconds": 0.004107443000975763}
{"case_id": "c0083", "cell": "J35_w1to3", "encoding": "exclude_x", "repeat": 0, "status": "UNSAT", "solve_seconds": 0.0026260650010954123, "sat_stage_seconds": 0.004208190999634098}
{"case_id": "c0083", "cell": "J35_w1to3", "encoding": "exclude_h", "repeat": 1, "status": "UNSAT", "solve_seconds": 0.0022863209997012746, "sat_stage_seconds": 0.004016927998236497}
{"case_id": "c0083", "cell": "J35_w1to3", "encoding": "exclude_x", "repeat": 1, "status": "UNSAT", "solve_seconds": 0.002770078999674297, "sat_stage_seconds": 0.004498283000430092}
{"case_id": "c0083", "cell": "J35_w1to3", "encoding": "prefix", "repeat": 1, "status": "UNSAT", "solve_seconds": 0.005492797999977483, "sat_stage_seconds": 0.007366596999418107}
{"case_id": "c0083", "cell": "J35_w1to3", "encoding": "exclude_x", "repeat": 2, "status": "UNSAT", "solve_seconds": 0.0024725370003579883, "sat_stage_seconds": 0.0041876109989971155}
{"case_id": "c0083", "cell": "J35_w1to3", "encoding": "prefix", "repeat": 2, "status": "UNSAT", "solve_seconds": 0.005124201001308393, "sat_stage_seconds": 0.006983088002016302}
{"case_id": "c0083", "cell": "J35_w1to3", "encoding": "exclude_h", "repeat": 2, "status": "UNSAT", "solve_seconds": 0.002346090001083212, "sat_stage_seconds": 0.003984891000072821}
{"case_id": "c0114", "cell": "J50_w5", "encoding": "exclude_h", "repeat": 0, "status": "UNSAT", "solve_seconds": 0.18207506699945952, "sat_stage_seconds": 0.18906665799840994}
{"case_id": "c0114", "cell": "J50_w5", "encoding": "exclude_x", "repeat": 0, "status": "UNSAT", "solve_seconds": 0.1337168459995155, "sat_stage_seconds": 0.14007468599993445}
{"case_id": "c0114", "cell": "J50_w5", "encoding": "prefix", "repeat": 0, "status": "UNSAT", "solve_seconds": 0.18467595400034043, "sat_stage_seconds": 0.19314937300077872}
{"case_id": "c0114", "cell": "J50_w5", "encoding": "exclude_x", "repeat": 1, "status": "UNSAT", "solve_seconds": 0.1485468029986805, "sat_stage_seconds": 0.15478437599813333}
{"case_id": "c0114", "cell": "J50_w5", "encoding": "prefix", "repeat": 1, "status": "UNSAT", "solve_seconds": 0.1918288050001138, "sat_stage_seconds": 0.19862865100003546}
{"case_id": "c0114", "cell": "J50_w5", "encoding": "exclude_h", "repeat": 1, "status": "UNSAT", "solve_seconds": 0.19265945799998008, "sat_stage_seconds": 0.19969198900071206}
{"case_id": "c0114", "cell": "J50_w5", "encoding": "prefix", "repeat": 2, "status": "UNSAT", "solve_seconds": 0.18424981200041657, "sat_stage_seconds": 0.19164479200117057}
{"case_id": "c0114", "cell": "J50_w5", "encoding": "exclude_h", "repeat": 2, "status": "UNSAT", "solve_seconds": 0.18986844699975336, "sat_stage_seconds": 0.19740950300001714}
{"case_id": "c0114", "cell": "J50_w5", "encoding": "exclude_x", "repeat": 2, "status": "UNSAT", "solve_seconds": 0.15988894699876255, "sat_stage_seconds": 0.16697750199818984}
{"case_id": "c0054", "cell": "J35_p0.7", "encoding": "exclude_h", "repeat": 0, "status": "UNSAT", "solve_seconds": 0.680005579999488, "sat_stage_seconds": 0.6841910889997962}
{"case_id": "c0054", "cell": "J35_p0.7", "encoding": "prefix", "repeat": 0, "status": "UNSAT", "solve_seconds": 0.6050750730009895, "sat_stage_seconds": 0.6098505560021295}
{"case_id": "c0054", "cell": "J35_p0.7", "encoding": "exclude_x", "repeat": 0, "status": "UNSAT", "solve_seconds": 0.6380259890011075, "sat_stage_seconds": 0.6420654810008273}
{"case_id": "c0054", "cell": "J35_p0.7", "encoding": "prefix", "repeat": 1, "status": "UNSAT", "solve_seconds": 0.6406138080001256, "sat_stage_seconds": 0.644870952999554}
{"case_id": "c0054", "cell": "J35_p0.7", "encoding": "exclude_x", "repeat": 1, "status": "UNSAT", "solve_seconds": 0.6424575769997318, "sat_stage_seconds": 0.6463802060006856}
{"case_id": "c0054", "cell": "J35_p0.7", "encoding": "exclude_h", "repeat": 1, "status": "UNSAT", "solve_seconds": 0.6676491879989044, "sat_stage_seconds": 0.6722334179994505}
{"case_id": "c0054", "cell": "J35_p0.7", "encoding": "exclude_x", "repeat": 2, "status": "UNSAT", "solve_seconds": 0.680706860999635, "sat_stage_seconds": 0.6850562319996243}
{"case_id": "c0054", "cell": "J35_p0.7", "encoding": "exclude_h", "repeat": 2, "status": "UNSAT", "solve_seconds": 0.7143363320010394, "sat_stage_seconds": 0.7195445170000312}
{"case_id": "c0054", "cell": "J35_p0.7", "encoding": "prefix", "repeat": 2, "status": "UNSAT", "solve_seconds": 0.5915992360005475, "sat_stage_seconds": 0.5956611010005872}
{"case_id": "c0040", "cell": "J20_w1to3", "encoding": "exclude_h", "repeat": 0, "status": "UNSAT", "solve_seconds": 0.001383602999339928, "sat_stage_seconds": 0.0035841779990732903}
{"case_id": "c0040", "cell": "J20_w1to3", "encoding": "exclude_x", "repeat": 0, "status": "UNSAT", "solve_seconds": 0.001496218999818666, "sat_stage_seconds": 0.0033019069996953476}
{"case_id": "c0040", "cell": "J20_w1to3", "encoding": "prefix", "repeat": 0, "status": "UNSAT", "solve_seconds": 0.0028825360004702816, "sat_stage_seconds": 0.004911746000288986}
{"case_id": "c0040", "cell": "J20_w1to3", "encoding": "exclude_x", "repeat": 1, "status": "UNSAT", "solve_seconds": 0.0016435580000688788, "sat_stage_seconds": 0.0033947360007005045}
{"case_id": "c0040", "cell": "J20_w1to3", "encoding": "prefix", "repeat": 1, "status": "UNSAT", "solve_seconds": 0.002403464999588323, "sat_stage_seconds": 0.0044113730000390206}
{"case_id": "c0040", "cell": "J20_w1to3", "encoding": "exclude_h", "repeat": 1, "status": "UNSAT", "solve_seconds": 0.0015101190001587383, "sat_stage_seconds": 0.0037247540003590984}
{"case_id": "c0040", "cell": "J20_w1to3", "encoding": "prefix", "repeat": 2, "status": "UNSAT", "solve_seconds": 0.002872970999305835, "sat_stage_seconds": 0.004918194999845582}
{"case_id": "c0040", "cell": "J20_w1to3", "encoding": "exclude_h", "repeat": 2, "status": "UNSAT", "solve_seconds": 0.0014181329988787184, "sat_stage_seconds": 0.0032214579987339675}
{"case_id": "c0040", "cell": "J20_w1to3", "encoding": "exclude_x", "repeat": 2, "status": "UNSAT", "solve_seconds": 0.001432655000826344, "sat_stage_seconds": 0.0032458340010634856}
{"case_id": "c0088", "cell": "J50_p0.3", "encoding": "exclude_h", "repeat": 0, "status": "UNSAT", "solve_seconds": 0.0017923079994943691, "sat_stage_seconds": 0.005778150998594356}
{"case_id": "c0088", "cell": "J50_p0.3", "encoding": "prefix", "repeat": 0, "status": "UNSAT", "solve_seconds": 0.0033314210013486445, "sat_stage_seconds": 0.007221061001473572}
{"case_id": "c0088", "cell": "J50_p0.3", "encoding": "exclude_x", "repeat": 0, "status": "UNSAT", "solve_seconds": 0.001935911999680684, "sat_stage_seconds": 0.005230319000474992}
{"case_id": "c0088", "cell": "J50_p0.3", "encoding": "prefix", "repeat": 1, "status": "UNSAT", "solve_seconds": 0.003189601000485709, "sat_stage_seconds": 0.006471828999565332}
{"case_id": "c0088", "cell": "J50_p0.3", "encoding": "exclude_x", "repeat": 1, "status": "UNSAT", "solve_seconds": 0.0025271590002375888, "sat_stage_seconds": 0.006201989001056063}
{"case_id": "c0088", "cell": "J50_p0.3", "encoding": "exclude_h", "repeat": 1, "status": "UNSAT", "solve_seconds": 0.0014966199996706564, "sat_stage_seconds": 0.005325739999534562}
{"case_id": "c0088", "cell": "J50_p0.3", "encoding": "exclude_x", "repeat": 2, "status": "UNSAT", "solve_seconds": 0.0024276210006064503, "sat_stage_seconds": 0.007457652000084636}
{"case_id": "c0088", "cell": "J50_p0.3", "encoding": "exclude_h", "repeat": 2, "status": "UNSAT", "solve_seconds": 0.0028276739994907985, "sat_stage_seconds": 0.007562907998362789}
{"case_id": "c0088", "cell": "J50_p0.3", "encoding": "prefix", "repeat": 2, "status": "UNSAT", "solve_seconds": 0.004363361000287114, "sat_stage_seconds": 0.008466598001177772}
{"case_id": "c0131", "cell": "J80_p0.3", "encoding": "prefix", "repeat": 0, "status": "UNSAT", "solve_seconds": 0.005591614000877598, "sat_stage_seconds": 0.009221719001288875}
{"case_id": "c0131", "cell": "J80_p0.3", "encoding": "exclude_h", "repeat": 0, "status": "UNSAT", "solve_seconds": 0.004043096998429974, "sat_stage_seconds": 0.013996039997437038}
{"case_id": "c0131", "cell": "J80_p0.3", "encoding": "exclude_x", "repeat": 0, "status": "UNSAT", "solve_seconds": 0.004383872999824234, "sat_stage_seconds": 0.007831777000319562}
{"case_id": "c0131", "cell": "J80_p0.3", "encoding": "exclude_h", "repeat": 1, "status": "UNSAT", "solve_seconds": 0.003670864998639445, "sat_stage_seconds": 0.006702871998641058}
{"case_id": "c0131", "cell": "J80_p0.3", "encoding": "exclude_x", "repeat": 1, "status": "UNSAT", "solve_seconds": 0.0038913520002097357, "sat_stage_seconds": 0.008146694000970456}
{"case_id": "c0131", "cell": "J80_p0.3", "encoding": "prefix", "repeat": 1, "status": "UNSAT", "solve_seconds": 0.005328363999069552, "sat_stage_seconds": 0.008230007999372901}
{"case_id": "c0131", "cell": "J80_p0.3", "encoding": "exclude_x", "repeat": 2, "status": "UNSAT", "solve_seconds": 0.0039052230004017474, "sat_stage_seconds": 0.006689493000521907}
{"case_id": "c0131", "cell": "J80_p0.3", "encoding": "prefix", "repeat": 2, "status": "UNSAT", "solve_seconds": 0.0052044399999431334, "sat_stage_seconds": 0.009073309000086738}
{"case_id": "c0131", "cell": "J80_p0.3", "encoding": "exclude_h", "repeat": 2, "status": "UNSAT", "solve_seconds": 0.0034796620002452983, "sat_stage_seconds": 0.006391461000021081}
{"case_id": "c0115", "cell": "J50_w5", "encoding": "exclude_h", "repeat": 0, "status": "UNSAT", "solve_seconds": 0.16834550800012948, "sat_stage_seconds": 0.17489444200145954}
{"case_id": "c0115", "cell": "J50_w5", "encoding": "prefix", "repeat": 0, "status": "UNSAT", "solve_seconds": 0.20609008400060702, "sat_stage_seconds": 0.21273647300040466}
{"case_id": "c0115", "cell": "J50_w5", "encoding": "exclude_x", "repeat": 0, "status": "UNSAT", "solve_seconds": 0.2001074609997886, "sat_stage_seconds": 0.20659952999994857}
{"case_id": "c0115", "cell": "J50_w5", "encoding": "prefix", "repeat": 1, "status": "UNSAT", "solve_seconds": 0.19197901400002593, "sat_stage_seconds": 0.1989079610011686}
{"case_id": "c0115", "cell": "J50_w5", "encoding": "exclude_x", "repeat": 1, "status": "UNSAT", "solve_seconds": 0.19136740700014343, "sat_stage_seconds": 0.19770020999931148}
{"case_id": "c0115", "cell": "J50_w5", "encoding": "exclude_h", "repeat": 1, "status": "UNSAT", "solve_seconds": 0.18249152099997445, "sat_stage_seconds": 0.18840276899936725}
{"case_id": "c0115", "cell": "J50_w5", "encoding": "exclude_x", "repeat": 2, "status": "UNSAT", "solve_seconds": 0.1926042809991486, "sat_stage_seconds": 0.199451226999372}
{"case_id": "c0115", "cell": "J50_w5", "encoding": "exclude_h", "repeat": 2, "status": "UNSAT", "solve_seconds": 0.18733541599976888, "sat_stage_seconds": 0.19459596600063378}
{"case_id": "c0115", "cell": "J50_w5", "encoding": "prefix", "repeat": 2, "status": "UNSAT", "solve_seconds": 0.20428981400073098, "sat_stage_seconds": 0.21157710400075302}
{"case_id": "c0042", "cell": "J35_p0.3", "encoding": "exclude_x", "repeat": 0, "status": "UNSAT", "solve_seconds": 0.0023508470003434923, "sat_stage_seconds": 0.006341667001834139}
{"case_id": "c0042", "cell": "J35_p0.3", "encoding": "prefix", "repeat": 0, "status": "UNSAT", "solve_seconds": 0.005053175000284682, "sat_stage_seconds": 0.009004016001199489}
{"case_id": "c0042", "cell": "J35_p0.3", "encoding": "exclude_h", "repeat": 0, "status": "UNSAT", "solve_seconds": 0.0025919540003087604, "sat_stage_seconds": 0.006503036000140128}
{"case_id": "c0042", "cell": "J35_p0.3", "encoding": "prefix", "repeat": 1, "status": "UNSAT", "solve_seconds": 0.004811516999325249, "sat_stage_seconds": 0.009426711998457904}
{"case_id": "c0042", "cell": "J35_p0.3", "encoding": "exclude_h", "repeat": 1, "status": "UNSAT", "solve_seconds": 0.0028243390006537084, "sat_stage_seconds": 0.006562413000210654}
{"case_id": "c0042", "cell": "J35_p0.3", "encoding": "exclude_x", "repeat": 1, "status": "UNSAT", "solve_seconds": 0.0023131310008466244, "sat_stage_seconds": 0.006198274000780657}
{"case_id": "c0042", "cell": "J35_p0.3", "encoding": "exclude_h", "repeat": 2, "status": "UNSAT", "solve_seconds": 0.0027443010003480595, "sat_stage_seconds": 0.006800637998821912}
{"case_id": "c0042", "cell": "J35_p0.3", "encoding": "exclude_x", "repeat": 2, "status": "UNSAT", "solve_seconds": 0.0024200600000767736, "sat_stage_seconds": 0.006366173000060371}
{"case_id": "c0042", "cell": "J35_p0.3", "encoding": "prefix", "repeat": 2, "status": "UNSAT", "solve_seconds": 0.005586317000052077, "sat_stage_seconds": 0.00948514000083378}
{"case_id": "c0003", "cell": "J20_p0.3", "encoding": "exclude_h", "repeat": 0, "status": "UNSAT", "solve_seconds": 0.0016638880006212275, "sat_stage_seconds": 0.004073552001500502}
{"case_id": "c0003", "cell": "J20_p0.3", "encoding": "prefix", "repeat": 0, "status": "UNSAT", "solve_seconds": 0.005078291998870554, "sat_stage_seconds": 0.007793198998115258}
{"case_id": "c0003", "cell": "J20_p0.3", "encoding": "exclude_x", "repeat": 0, "status": "UNSAT", "solve_seconds": 0.002360210999540868, "sat_stage_seconds": 0.0057854619990393985}
{"case_id": "c0003", "cell": "J20_p0.3", "encoding": "prefix", "repeat": 1, "status": "UNSAT", "solve_seconds": 0.0056544079998275265, "sat_stage_seconds": 0.008437856999080395}
{"case_id": "c0003", "cell": "J20_p0.3", "encoding": "exclude_x", "repeat": 1, "status": "UNSAT", "solve_seconds": 0.001859116999185062, "sat_stage_seconds": 0.004396430000269902}
{"case_id": "c0003", "cell": "J20_p0.3", "encoding": "exclude_h", "repeat": 1, "status": "UNSAT", "solve_seconds": 0.0023851480000303127, "sat_stage_seconds": 0.004823905999728595}
{"case_id": "c0003", "cell": "J20_p0.3", "encoding": "exclude_x", "repeat": 2, "status": "UNSAT", "solve_seconds": 0.0022139840002637357, "sat_stage_seconds": 0.004545732999758911}
{"case_id": "c0003", "cell": "J20_p0.3", "encoding": "exclude_h", "repeat": 2, "status": "UNSAT", "solve_seconds": 0.0021116520001669414, "sat_stage_seconds": 0.004794010999830789}
{"case_id": "c0003", "cell": "J20_p0.3", "encoding": "prefix", "repeat": 2, "status": "UNSAT", "solve_seconds": 0.00689159700050368, "sat_stage_seconds": 0.00989757500065025}
{"case_id": "c0046", "cell": "J35_p0.3", "encoding": "prefix", "repeat": 0, "status": "UNSAT", "solve_seconds": 0.005721266999898944, "sat_stage_seconds": 0.008755247001317912}
{"case_id": "c0046", "cell": "J35_p0.3", "encoding": "exclude_x", "repeat": 0, "status": "UNSAT", "solve_seconds": 0.003924901999198482, "sat_stage_seconds": 0.007000533998507308}
{"case_id": "c0046", "cell": "J35_p0.3", "encoding": "exclude_h", "repeat": 0, "status": "UNSAT", "solve_seconds": 0.0032538359992031474, "sat_stage_seconds": 0.006372270998326712}
{"case_id": "c0046", "cell": "J35_p0.3", "encoding": "exclude_x", "repeat": 1, "status": "UNSAT", "solve_seconds": 0.003544286999385804, "sat_stage_seconds": 0.006738064997989568}
{"case_id": "c0046", "cell": "J35_p0.3", "encoding": "exclude_h", "repeat": 1, "status": "UNSAT", "solve_seconds": 0.0031779839991941117, "sat_stage_seconds": 0.006911501997819869}
{"case_id": "c0046", "cell": "J35_p0.3", "encoding": "prefix", "repeat": 1, "status": "UNSAT", "solve_seconds": 0.005588640000496525, "sat_stage_seconds": 0.008656120000523515}
{"case_id": "c0046", "cell": "J35_p0.3", "encoding": "exclude_h", "repeat": 2, "status": "UNSAT", "solve_seconds": 0.003298371999335359, "sat_stage_seconds": 0.006562062999364571}
{"case_id": "c0046", "cell": "J35_p0.3", "encoding": "prefix", "repeat": 2, "status": "UNSAT", "solve_seconds": 0.006440303000999847, "sat_stage_seconds": 0.009387023999806843}
{"case_id": "c0046", "cell": "J35_p0.3", "encoding": "exclude_x", "repeat": 2, "status": "UNSAT", "solve_seconds": 0.0037786850007250905, "sat_stage_seconds": 0.012540667001303518}
{"case_id": "c0142", "cell": "J80_p0.7", "encoding": "exclude_h", "repeat": 0, "status": "UNSAT", "solve_seconds": 0.0355961400000524, "sat_stage_seconds": 0.04279049100114207}
{"case_id": "c0142", "cell": "J80_p0.7", "encoding": "exclude_x", "repeat": 0, "status": "UNSAT", "solve_seconds": 0.03162470900133485, "sat_stage_seconds": 0.037370802001532866}
{"case_id": "c0142", "cell": "J80_p0.7", "encoding": "prefix", "repeat": 0, "status": "UNSAT", "solve_seconds": 0.06338286499885726, "sat_stage_seconds": 0.06936960499842826}
{"case_id": "c0142", "cell": "J80_p0.7", "encoding": "exclude_x", "repeat": 1, "status": "UNSAT", "solve_seconds": 0.03268254800059367, "sat_stage_seconds": 0.038234463001572294}
{"case_id": "c0142", "cell": "J80_p0.7", "encoding": "prefix", "repeat": 1, "status": "UNSAT", "solve_seconds": 0.06484250200082897, "sat_stage_seconds": 0.07081186700088438}
{"case_id": "c0142", "cell": "J80_p0.7", "encoding": "exclude_h", "repeat": 1, "status": "UNSAT", "solve_seconds": 0.03369394800029113, "sat_stage_seconds": 0.03932521100068698}
{"case_id": "c0142", "cell": "J80_p0.7", "encoding": "prefix", "repeat": 2, "status": "UNSAT", "solve_seconds": 0.06719160499960708, "sat_stage_seconds": 0.07283713899960276}
{"case_id": "c0142", "cell": "J80_p0.7", "encoding": "exclude_h", "repeat": 2, "status": "UNSAT", "solve_seconds": 0.033490947000245797, "sat_stage_seconds": 0.04023959699952684}
{"case_id": "c0142", "cell": "J80_p0.7", "encoding": "exclude_x", "repeat": 2, "status": "UNSAT", "solve_seconds": 0.04045909300111816, "sat_stage_seconds": 0.04602743299983558}
{"case_id": "c0080", "cell": "J35_w1to3", "encoding": "exclude_x", "repeat": 0, "status": "UNSAT", "solve_seconds": 0.0015282069998647785, "sat_stage_seconds": 0.004126250998524483}
{"case_id": "c0080", "cell": "J35_w1to3", "encoding": "exclude_h", "repeat": 0, "status": "UNSAT", "solve_seconds": 0.0016877339985512663, "sat_stage_seconds": 0.003966694999689935}
{"case_id": "c0080", "cell": "J35_w1to3", "encoding": "prefix", "repeat": 0, "status": "UNSAT", "solve_seconds": 0.005638374001136981, "sat_stage_seconds": 0.008217810000132886}
{"case_id": "c0080", "cell": "J35_w1to3", "encoding": "exclude_h", "repeat": 1, "status": "UNSAT", "solve_seconds": 0.0017841869994299486, "sat_stage_seconds": 0.0040527820001443615}
{"case_id": "c0080", "cell": "J35_w1to3", "encoding": "prefix", "repeat": 1, "status": "UNSAT", "solve_seconds": 0.004055085000800318, "sat_stage_seconds": 0.0065748030010581715}
{"case_id": "c0080", "cell": "J35_w1to3", "encoding": "exclude_x", "repeat": 1, "status": "UNSAT", "solve_seconds": 0.0015872250005486421, "sat_stage_seconds": 0.0038115440002002288}
{"case_id": "c0080", "cell": "J35_w1to3", "encoding": "prefix", "repeat": 2, "status": "UNSAT", "solve_seconds": 0.00404235600035463, "sat_stage_seconds": 0.006496355999843217}
{"case_id": "c0080", "cell": "J35_w1to3", "encoding": "exclude_x", "repeat": 2, "status": "UNSAT", "solve_seconds": 0.001482618999943952, "sat_stage_seconds": 0.003912382999260444}
{"case_id": "c0080", "cell": "J35_w1to3", "encoding": "exclude_h", "repeat": 2, "status": "UNSAT", "solve_seconds": 0.001716586999464198, "sat_stage_seconds": 0.004083196998180938}
{"case_id": "c0098", "cell": "J50_p0.7", "encoding": "prefix", "repeat": 0, "status": "UNSAT", "solve_seconds": 3.1141617450011836, "sat_stage_seconds": 3.1192606880013045}
{"case_id": "c0098", "cell": "J50_p0.7", "encoding": "exclude_h", "repeat": 0, "status": "UNSAT", "solve_seconds": 2.476858596999591, "sat_stage_seconds": 2.48198805499851}
{"case_id": "c0098", "cell": "J50_p0.7", "encoding": "exclude_x", "repeat": 0, "status": "UNSAT", "solve_seconds": 2.440550710000025, "sat_stage_seconds": 2.445576535001237}
{"case_id": "c0098", "cell": "J50_p0.7", "encoding": "exclude_h", "repeat": 1, "status": "UNSAT", "solve_seconds": 2.825051588999486, "sat_stage_seconds": 2.829907881998224}
{"case_id": "c0098", "cell": "J50_p0.7", "encoding": "exclude_x", "repeat": 1, "status": "UNSAT", "solve_seconds": 2.425855411000157, "sat_stage_seconds": 2.430554992000907}
{"case_id": "c0098", "cell": "J50_p0.7", "encoding": "prefix", "repeat": 1, "status": "UNSAT", "solve_seconds": 3.1800355699997453, "sat_stage_seconds": 3.185476511000161}
{"case_id": "c0098", "cell": "J50_p0.7", "encoding": "exclude_x", "repeat": 2, "status": "UNSAT", "solve_seconds": 2.37429143099871, "sat_stage_seconds": 2.379848022997976}
{"case_id": "c0098", "cell": "J50_p0.7", "encoding": "prefix", "repeat": 2, "status": "UNSAT", "solve_seconds": 3.068984673000159, "sat_stage_seconds": 3.0788997700001346}
{"case_id": "c0098", "cell": "J50_p0.7", "encoding": "exclude_h", "repeat": 2, "status": "UNSAT", "solve_seconds": 2.623787866999919, "sat_stage_seconds": 2.6283571439998923}
{"completed": true, "cases": 163, "runs": 1467}
