{"total_generated": 186, "total_reaching_sat": 163, "encodings": ["prefix", "exclude_x", "exclude_h"], "repeats": 3, "timeout_seconds": 5.0}
{"case_id": "c0099", "cell": "J50_p0.7", "encoding": "prefix", "repeat": 0, "status": "SAT", "solve_seconds": 0.004295652001019334, "sat_stage_seconds": 0.010642495000865893}
{"case_id": "c0099", "cell": "J50_p0.7", "encoding": "exclude_x", "repeat": 0, "status": "SAT", "solve_seconds": 0.01571025799967174, "sat_stage_seconds": 0.01981121100106975}
{"case_id": "c0099", "cell": "J50_p0.7", "encoding": "exclude_h", "repeat": 0, "status": "SAT", "solve_seconds": 0.013229883001258713, "sat_stage_seconds": 0.017504593000921886}
{"case_id": "c0099", "cell": "J50_p0.7", "encoding": "exclude_x", "repeat": 1, "status": "SAT", "solve_seconds": 0.012900224000986782, "sat_stage_seconds": 0.016709584000636823}
{"case_id": "c0099", "cell": "J50_p0.7", "encoding": "exclude_h", "repeat": 1, "status": "SAT", "solve_seconds": 0.012952962999406736, "sat_stage_seconds": 0.016698477998943417}
{"case_id": "c0099", "cell": "J50_p0.7", "encoding": "prefix", "repeat": 1, "status": "SAT", "solve_seconds": 0.003986593001172878, "sat_stage_seconds": 0.007931565001854324}
{"case_id": "c0099", "cell": "J50_p0.7", "encoding": "exclude_h", "repeat": 2, "status": "SAT", "solve_seconds": 0.0131606400009332, "sat_stage_seconds": 0.01712288700036879}
{"case_id": "c0099", "cell": "J50_p0.7", "encoding": "prefix", "repeat": 2, "status": "SAT", "solve_seconds": 0.0037828009990334976, "sat_stage_seconds": 0.00791805500011833}
{"case_id": "c0099", "cell": "J50_p0.7", "encoding": "exclude_x", "repeat": 2, "status": "SAT", "solve_seconds": 0.012754228000630974, "sat_stage_seconds": 0.016582396001467714}
{"case_id": "c0110", "cell": "J50_w3", "encoding": "exclude_x", "repeat": 0, "status": "UNSAT", "solve_seconds": 0.007751637998808292, "sat_stage_seconds": 0.012850921999415732}
{"case_id": "c0110", "cell": "J50_w3", "encoding": "prefix", "repeat": 0, "status": "UNSAT", "solve_seconds": 0.005360040999221383, "sat_stage_seconds": 0.01085016400065797}
{"case_id": "c0110", "cell": "J50_w3", "encoding": "exclude_h", "repeat": 0, "status": "UNSAT", "solve_seconds": 0.007928639999590814, "sat_stage_seconds": 0.014075717997911852}
{"case_id": "c0110", "cell": "J50_w3", "encoding": "prefix", "repeat": 1, "status": "UNSAT", "solve_seconds": 0.0056907819998741616, "sat_stage_seconds": 0.011203527999896323}
{"case_id": "c0110", "cell": "J50_w3", "encoding": "exclude_h", "repeat": 1, "status": "UNSAT", "solve_seconds": 0.008138781999150524, "sat_stage_seconds": 0.013197875998230302}
{"case_id": "c0110", "cell": "J50_w3", "encoding": "exclude_x", "repeat": 1, "status": "UNSAT", "solve_seconds": 0.008119303000057698, "sat_stage_seconds": 0.013210093000452616}
{"case_id": "c0110", "cell": "J50_w3", "encoding": "exclude_h", "repeat": 2, "status": "UNSAT", "solve_seconds": 0.0075063140011479845, "sat_stage_seconds": 0.012564676000692998}
{"case_id": "c0110", "cell": "J50_w3", "encoding": "exclude_x", "repeat": 2, "status": "UNSAT", "solve_seconds": 0.008408051000515115, "sat_stage_seconds": 0.013302070001373067}
{"case_id": "c0110", "cell": "J50_w3", "encoding": "prefix", "repeat": 2, "status": "UNSAT", "solve_seconds": 0.005342034000932472, "sat_stage_seconds": 0.010761883000668604}
{"case_id": "c0086", "cell": "J50_p0.3", "encoding": "exclude_h", "repeat": 0, "status": "UNSAT", "solve_seconds": 0.00516820499979076, "sat_stage_seconds": 0.008845950998875196}
{"case_id": "c0086", "cell": "J50_p0.3", "encoding": "prefix", "repeat": 0, "status": "UNSAT", "solve_seconds": 0.004711318000772735, "sat_stage_seconds": 0.008941132000472862}
{"case_id": "c0086", "cell": "J50_p0.3", "encoding": "exclude_x", "repeat": 0, "status": "UNSAT", "solve_seconds": 0.004893167999398429, "sat_stage_seconds": 0.008488650999424863}
{"case_id": "c0086", "cell": "J50_p0.3", "encoding": "prefix", "repeat": 1, "status": "UNSAT", "solve_seconds": 0.004830365000088932, "sat_stage_seconds": 0.012065435999829788}
{"case_id": "c0086", "cell": "J50_p0.3", "encoding": "exclude_x", "repeat": 1, "status": "UNSAT", "solve_seconds": 0.005064111999672605, "sat_stage_seconds": 0.008644322000691318}
{"case_id": "c0086", "cell": "J50_p0.3", "encoding": "exclude_h", "repeat": 1, "status": "UNSAT", "solve_seconds": 0.005211889998463448, "sat_stage_seconds": 0.008649248997244285}
{"case_id": "c0086", "cell": "J50_p0.3", "encoding": "exclude_x", "repeat": 2, "status": "UNSAT", "solve_seconds": 0.0049873070001922315, "sat_stage_seconds": 0.008467129000564455}
{"case_id": "c0086", "cell": "J50_p0.3", "encoding": "exclude_h", "repeat": 2, "status": "UNSAT", "solve_seconds": 0.005502030999195995, "sat_stage_seconds": 0.008957455998825026}
{"case_id": "c0086", "cell": "J50_p0.3", "encoding": "prefix", "repeat": 2, "status": "UNSAT", "solve_seconds": 0.00472542900024564, "sat_stage_seconds": 0.008554549000109546}
{"case_id": "c0146", "cell": "J80_w2", "encoding": "prefix", "repeat": 0, "status": "UNSAT", "solve_seconds": 0.008470733999274671, "sat_stage_seconds": 0.013955609998447471}
{"case_id": "c0146", "cell": "J80_w2", "encoding": "exclude_h", "repeat": 0, "status": "UNSAT", "solve_seconds": 0.01127342099971429, "sat_stage_seconds": 0.018494841999199707}
{"case_id": "c0146", "cell": "J80_w2", "encoding": "exclude_x", "repeat": 0, "status": "UNSAT", "solve_seconds": 0.009369518000312382, "sat_stage_seconds": 0.015851142001338303}
{"case_id": "c0146", "cell": "J80_w2", "encoding": "exclude_h", "repeat": 1, "status": "UNSAT", "solve_seconds": 0.011621657999057788, "sat_stage_seconds": 0.018506879998312797}
{"case_id": "c0146", "cell": "J80_w2", "encoding": "exclude_x", "repeat": 1, "status": "UNSAT", "solve_seconds": 0.009563355000864249, "sat_stage_seconds": 0.014904928000760265}
{"case_id": "c0146", "cell": "J80_w2", "encoding": "prefix", "repeat": 1, "status": "UNSAT", "solve_seconds": 0.008486316999551491, "sat_stage_seconds": 0.014048888000615989}
{"case_id": "c0146", "cell": "J80_w2", "encoding": "exclude_x", "repeat": 2, "status": "UNSAT", "solve_seconds": 0.01010296499953256, "sat_stage_seconds": 0.01551782699971227}
{"case_id": "c0146", "cell": "J80_w2", "encoding": "prefix", "repeat": 2, "status": "UNSAT", "solve_seconds": 0.008559906998925726, "sat_stage_seconds": 0.01398626499940292}
{"case_id": "c0146", "cell": "J80_w2", "encoding": "exclude_h", "repeat": 2, "status": "UNSAT", "solve_seconds": 0.011324326998874312, "sat_stage_seconds": 0.016489487998114782}
{"case_id": "c0140", "cell": "J80_p0.7", "encoding": "exclude_h", "repeat": 0, "status": "UNSAT", "solve_seconds": 0.06750014099998225, "sat_stage_seconds": 0.07332237599985092}
{"case_id": "c0140", "cell": "J80_p0.7", "encoding": "prefix", "repeat": 0, "status": "UNSAT", "solve_seconds": 0.0677500420006254, "sat_stage_seconds": 0.07393675900129892}
{"case_id": "c0140", "cell": "J80_p0.7", "encoding": "exclude_x", "repeat": 0, "status": "UNSAT", "solve_seconds": 0.0629639529997803, "sat_stage_seconds": 0.06876945399926626}
{"case_id": "c0140", "cell": "J80_p0.7", "encoding": "prefix", "repeat": 1, "status": "UNSAT", "solve_seconds": 0.06448289599939017, "sat_stage_seconds": 0.07071902499956195}
{"case_id": "c0140", "cell": "J80_p0.7", "encoding": "exclude_x", "repeat": 1, "status": "UNSAT", "solve_seconds": 0.06300836899936257, "sat_stage_seconds": 0.06917813099971681}
{"case_id": "c0140", "cell": "J80_p0.7", "encoding": "exclude_h", "repeat": 1, "status": "UNSAT", "solve_seconds": 0.08221534800031804, "sat_stage_seconds": 0.09056796799995936}
{"case_id": "c0140", "cell": "J80_p0.7", "encoding": "exclude_x", "repeat": 2, "status": "UNSAT", "solve_seconds": 0.06770882999990135, "sat_stage_seconds": 0.07367747300122574}
{"case_id": "c0140", "cell": "J80_p0.7", "encoding": "exclude_h", "repeat": 2, "status": "UNSAT", "solve_seconds": 0.07962521500121511, "sat_stage_seconds": 0.08733934700285317}
{"case_id": "c0140", "cell": "J80_p0.7", "encoding": "prefix", "repeat": 2, "status": "UNSAT", "solve_seconds": 0.06840733700119017, "sat_stage_seconds": 0.07441135200133431}
{"case_id": "c0160", "cell": "J80_w5", "encoding": "exclude_h", "repeat": 0, "status": "UNSAT", "solve_seconds": 0.04012440500082448, "sat_stage_seconds": 0.05175507700187154}
{"case_id": "c0160", "cell": "J80_w5", "encoding": "exclude_x", "repeat": 0, "status": "UNSAT", "solve_seconds": 0.026723086999481893, "sat_stage_seconds": 0.03916081599891186}
{"case_id": "c0160", "cell": "J80_w5", "encoding": "prefix", "repeat": 0, "status": "UNSAT", "solve_seconds": 0.03226278500005719, "sat_stage_seconds": 0.042002531999969506}
{"case_id": "c0160", "cell": "J80_w5", "encoding": "exclude_x", "repeat": 1, "status": "UNSAT", "solve_seconds": 0.029442121000101906, "sat_stage_seconds": 0.03980966900053318}
{"case_id": "c0160", "cell": "J80_w5", "encoding": "prefix", "repeat": 1, "status": "UNSAT", "solve_seconds": 0.03184581599998637, "sat_stage_seconds": 0.04133118499885313}
{"case_id": "c0160", "cell": "J80_w5", "encoding": "exclude_h", "repeat": 1, "status": "UNSAT", "solve_seconds": 0.03139102100067248, "sat_stage_seconds": 0.04065869800069777}
{"case_id": "c0160", "cell": "J80_w5", "encoding": "prefix", "repeat": 2, "status": "UNSAT", "solve_seconds": 0.03575987200019881, "sat_stage_seconds": 0.04566761800015229}
{"case_id": "c0160", "cell": "J80_w5", "encoding": "exclude_h", "repeat": 2, "status": "UNSAT", "solve_seconds": 0.035900861001209705, "sat_stage_seconds": 0.04697104100159777}
{"case_id": "c0160", "cell": "J80_w5", "encoding": "exclude_x", "repeat": 2, "status": "UNSAT", "solve_seconds": 0.025231328998415847, "sat_stage_seconds": 0.03600607099724584}
{"case_id": "c0105", "cell": "J50_w2", "encoding": "exclude_x", "repeat": 0, "status": "UNSAT", "solve_seconds": 0.00584274699940579, "sat_stage_seconds": 0.009624435999285197}
{"case_id": "c0105", "cell": "J50_w2", "encoding": "exclude_h", "repeat": 0, "status": "UNSAT", "solve_seconds": 0.007025320999673568, "sat_stage_seconds": 0.012601592999999411}
{"case_id": "c0105", "cell": "J50_w2", "encoding": "prefix", "repeat": 0, "status": "UNSAT", "solve_seconds": 0.004944074000377441, "sat_stage_seconds": 0.01093617200058361}
{"case_id": "c0105", "cell": "J50_w2", "encoding": "exclude_h", "repeat": 1, "status": "UNSAT", "solve_seconds": 0.006971230999624822, "sat_stage_seconds": 0.012551247998999315}
{"case_id": "c0105", "cell": "J50_w2", "encoding": "prefix", "repeat": 1, "status": "UNSAT", "solve_seconds": 0.00493861499853665, "sat_stage_seconds": 0.010827849997440353}
{"case_id": "c0105", "cell": "J50_w2", "encoding": "exclude_x", "repeat": 1, "status": "UNSAT", "solve_seconds": 0.007282792999831145, "sat_stage_seconds": 0.012885582998933387}
{"case_id": "c0105", "cell": "J50_w2", "encoding": "prefix", "repeat": 2, "status": "UNSAT", "solve_seconds": 0.004400026999064721, "sat_stage_seconds": 0.00859009200030414}
{"case_id": "c0105", "cell": "J50_w2", "encoding": "exclude_x", "repeat": 2, "status": "UNSAT", "solve_seconds": 0.007057569000608055, "sat_stage_seconds": 0.011750950001442106}
{"case_id": "c0105", "cell": "J50_w2", "encoding": "exclude_h", "repeat": 2, "status": "UNSAT", "solve_seconds": 0.005575799999860465, "sat_stage_seconds": 0.009285151998483343}
{"case_id": "c0044", "cell": "J35_p0.3", "encoding": "exclude_x", "repeat": 0, "status": "UNSAT", "solve_seconds": 0.007666211000469048, "sat_stage_seconds": 0.01175605699972948}
{"case_id": "c0044", "cell": "J35_p0.3", "encoding": "exclude_h", "repeat": 0, "status": "UNSAT", "solve_seconds": 0.007592922000185354, "sat_stage_seconds": 0.011605294001128641}
{"case_id": "c0044", "cell": "J35_p0.3", "encoding": "prefix", "repeat": 0, "status": "UNSAT", "solve_seconds": 0.006746175999069237, "sat_stage_seconds": 0.011193191998245311}
{"case_id": "c0044", "cell": "J35_p0.3", "encoding": "exclude_h", "repeat": 1, "status": "UNSAT", "solve_seconds": 0.007511871999668074, "sat_stage_seconds": 0.011368253000910045}
{"case_id": "c0044", "cell": "J35_p0.3", "encoding": "prefix", "repeat": 1, "status": "UNSAT", "solve_seconds": 0.006659098000454833, "sat_stage_seconds": 0.010983572999975877}
{"case_id": "c0044", "cell": "J35_p0.3", "encoding": "exclude_x", "repeat": 1, "status": "UNSAT", "solve_seconds": 0.007770655998683651, "sat_stage_seconds": 0.011972227999649476}
{"case_id": "c0044", "cell": "J35_p0.3", "encoding": "prefix", "repeat": 2, "status": "UNSAT", "solve_seconds": 0.006626428999879863, "sat_stage_seconds": 0.010877554001126555}
{"case_id": "c0044", "cell": "J35_p0.3", "encoding": "exclude_x", "repeat": 2, "status": "UNSAT", "solve_seconds": 0.007995759999175789, "sat_stage_seconds": 0.012249048999365186}
{"case_id": "c0044", "cell": "J35_p0.3", "encoding": "exclude_h", "repeat": 2, "status": "UNSAT", "solve_seconds": 0.007828542000424932, "sat_stage_seconds": 0.012510877000750042}
{"case_id": "c0150", "cell": "J80_w3", "encoding": "exclude_x", "repeat": 0, "status": "UNSAT", "solve_seconds": 0.00835295900105848, "sat_stage_seconds": 0.015988925000783638}
{"case_id": "c0150", "cell": "J80_w3", "encoding": "prefix", "repeat": 0, "status": "UNSAT", "solve_seconds": 0.008737901000131387, "sat_stage_seconds": 0.016076476000307593}
{"case_id": "c0150", "cell": "J80_w3", "encoding": "exclude_h", "repeat": 0, "status": "UNSAT", "solve_seconds": 0.00798029699944891, "sat_stage_seconds": 0.015653979000489926}
{"case_id": "c0150", "cell": "J80_w3", "encoding": "prefix", "repeat": 1, "status": "UNSAT", "solve_seconds": 0.008045604001381435, "sat_stage_seconds": 0.015412701002787799}
{"case_id": "c0150", "cell": "J80_w3", "encoding": "exclude_h", "repeat": 1, "status": "UNSAT", "solve_seconds": 0.007929060999231297, "sat_stage_seconds": 0.015468774998225854}
{"case_id": "c0150", "cell": "J80_w3", "encoding": "exclude_x", "repeat": 1, "status": "UNSAT", "solve_seconds": 0.007936082000014721, "sat_stage_seconds": 0.014957296998545644}
{"case_id": "c0150", "cell": "J80_w3", "encoding": "exclude_h", "repeat": 2, "status": "UNSAT", "solve_seconds": 0.007750946999294683, "sat_stage_seconds": 0.015069521998157143}
{"case_id": "c0150", "cell": "J80_w3", "encoding": "exclude_x", "repeat": 2, "status": "UNSAT", "solve_seconds": 0.007948999998916406, "sat_stage_seconds": 0.015260574999047094}
{"case_id": "c0150", "cell": "J80_w3", "encoding": "prefix", "repeat": 2, "status": "UNSAT", "solve_seconds": 0.008042388999456307, "sat_stage_seconds": 0.015158484999119537}
{"case_id": "c0102", "cell": "J50_w2", "encoding": "exclude_x", "repeat": 0, "status": "UNSAT", "solve_seconds": 0.0069885159991827095, "sat_stage_seconds": 0.010820098998010508}
{"case_id": "c0102", "cell": "J50_w2", "encoding": "prefix", "repeat": 0, "status": "UNSAT", "solve_seconds": 0.007402630000797217, "sat_stage_seconds": 0.011160634001498693}
{"case_id": "c0102", "cell": "J50_w2", "encoding": "exclude_h", "repeat": 0, "status": "UNSAT", "solve_seconds": 0.006832955999925616, "sat_stage_seconds": 0.010432004000904271}
{"case_id": "c0102", "cell": "J50_w2", "encoding": "prefix", "repeat": 1, "status": "UNSAT", "solve_seconds": 0.007490680000046268, "sat_stage_seconds": 0.01137177700002212}
{"case_id": "c0102", "cell": "J50_w2", "encoding": "exclude_h", "repeat": 1, "status": "UNSAT", "solve_seconds": 0.0073957599997811485, "sat_stage_seconds": 0.011149187999762944}
{"case_id": "c0102", "cell": "J50_w2", "encoding": "exclude_x", "repeat": 1, "status": "UNSAT", "solve_seconds": 0.009019068000270636, "sat_stage_seconds": 0.015394563999507227}
{"case_id": "c0102", "cell": "J50_w2", "encoding": "exclude_h", "repeat": 2, "status": "UNSAT", "solve_seconds": 0.008667665999382734, "sat_stage_seconds": 0.014822044999164063}
{"case_id": "c0102", "cell": "J50_w2", "encoding": "exclude_x", "repeat": 2, "status": "UNSAT", "solve_seconds": 0.00784601799932716, "sat_stage_seconds": 0.012535263998870505}
{"case_id": "c0102", "cell": "J50_w2", "encoding": "prefix", "repeat": 2, "status": "UNSAT", "solve_seconds": 0.009628620999137638, "sat_stage_seconds": 0.016227548998358543}
{"case_id": "c0061", "cell": "J35_w2", "encoding": "prefix", "repeat": 0, "status": "UNSAT", "solve_seconds": 0.004459584999494837, "sat_stage_seconds": 0.008272570999906748}
{"case_id": "c0061", "cell": "J35_w2", "encoding": "exclude_h", "repeat": 0, "status": "UNSAT", "solve_seconds": 0.005614137000520714, "sat_stage_seconds": 0.009294736000811099}
{"case_id": "c0061", "cell": "J35_w2", "encoding": "exclude_x", "repeat": 0, "status": "UNSAT", "solve_seconds": 0.005444876000183285, "sat_stage_seconds": 0.008987029999843799}
{"case_id": "c0061", "cell": "J35_w2", "encoding": "exclude_h", "repeat": 1, "status": "UNSAT", "solve_seconds": 0.0055104129987739725, "sat_stage_seconds": 0.008778580997386598}
{"case_id": "c0061", "cell": "J35_w2", "encoding": "exclude_x", "repeat": 1, "status": "UNSAT", "solve_seconds": 0.005293942000207608, "sat_stage_seconds": 0.009076522001123521}
{"case_id": "c0061", "cell": "J35_w2", "encoding": "prefix", "repeat": 1, "status": "UNSAT", "solve_seconds": 0.004373186999146128, "sat_stage_seconds": 0.008535009999832255}
{"case_id": "c0061", "cell": "J35_w2", "encoding": "exclude_x", "repeat": 2, "status": "UNSAT", "solve_seconds": 0.005466549000630039, "sat_stage_seconds": 0.009472150000874535}
{"case_id": "c0061", "cell": "J35_w2", "encoding": "prefix", "repeat": 2, "status": "UNSAT", "solve_seconds": 0.0043225909994362155, "sat_stage_seconds": 0.007770455000354559}
{"case_id": "c0061", "cell": "J35_w2", "encoding": "exclude_h", "repeat": 2, "status": "UNSAT", "solve_seconds": 0.005561838999710744, "sat_stage_seconds": 0.009285581998483394}
{"case_id": "c0069", "cell": "J35_w3", "encoding": "prefix", "repeat": 0, "status": "UNSAT", "solve_seconds": 0.004941499999404186, "sat_stage_seconds": 0.009601841999028693}
{"case_id": "c0069", "cell": "J35_w3", "encoding": "exclude_x", "repeat": 0, "status": "UNSAT", "solve_seconds": 0.005796877998363925, "sat_stage_seconds": 0.009745824998390162}
{"case_id": "c0069", "cell": "J35_w3", "encoding": "exclude_h", "repeat": 0, "status": "UNSAT", "solve_seconds": 0.005820743999720435, "sat_stage_seconds": 0.009964790999219986}
{"case_id": "c0069", "cell": "J35_w3", "encoding": "exclude_x", "repeat": 1, "status": "UNSAT", "solve_seconds": 0.00581716799933929, "sat_stage_seconds": 0.0100747139986197}
{"case_id": "c0069", "cell": "J35_w3", "encoding": "exclude_h", "repeat": 1, "status": "UNSAT", "solve_seconds": 0.005848984999829554, "sat_stage_seconds": 0.00999691799916036}
{"case_id": "c0069", "cell": "J35_w3", "encoding": "prefix", "repeat": 1, "status": "UNSAT", "solve_seconds": 0.004801230999873951, "sat_stage_seconds": 0.009361385000374867}
{"case_id": "c0069", "cell": "J35_w3", "encoding": "exclude_h", "repeat": 2, "status": "UNSAT", "solve_seconds": 0.00617482899906463, "sat_stage_seconds": 0.010166288999243989}
{"case_id": "c0069", "cell": "J35_w3", "encoding": "prefix", "repeat": 2, "status": "UNSAT", "solve_seconds": 0.0050538260002213065, "sat_stage_seconds": 0.00921734099938476}
{"case_id": "c0069", "cell": "J35_w3", "encoding": "exclude_x", "repeat": 2, "status": "UNSAT", "solve_seconds": 0.005858340000486351, "sat_stage_seconds": 0.009764013999301824}
{"case_id": "c0052", "cell": "J35_p0.5", "encoding": "exclude_h", "repeat": 0, "status": "UNSAT", "solve_seconds": 0.019628964999355958, "sat_stage_seconds": 0.023864757999035646}
{"case_id": "c0052", "cell": "J35_p0.5", "encoding": "exclude_x", "repeat": 0, "status": "UNSAT", "solve_seconds": 0.019266007000624086, "sat_stage_seconds": 0.02375725800084183}
{"case_id": "c0052", "cell": "J35_p0.5", "encoding": "prefix", "repeat": 0, "status": "UNSAT", "solve_seconds": 0.016899246000321, "sat_stage_seconds": 0.02098784100053308}
{"case_id": "c0052", "cell": "J35_p0.5", "encoding": "exclude_x", "repeat": 1, "status": "UNSAT", "solve_seconds": 0.01775673900010588, "sat_stage_seconds": 0.02171764299964707}
{"case_id": "c0052", "cell": "J35_p0.5", "encoding": "prefix", "repeat": 1, "status": "UNSAT", "solve_seconds": 0.016648003000227618, "sat_stage_seconds": 0.02128249700035667}
{"case_id": "c0052", "cell": "J35_p0.5", "encoding": "exclude_h", "repeat": 1, "status": "UNSAT", "solve_seconds": 0.019871976001013536, "sat_stage_seconds": 0.023833362001823843}
{"case_id": "c0052", "cell": "J35_p0.5", "encoding": "prefix", "repeat": 2, "status": "UNSAT", "solve_seconds": 0.015533800000412157, "sat_stage_seconds": 0.01951596700018854}
{"case_id": "c0052", "cell": "J35_p0.5", "encoding": "exclude_h", "repeat": 2, "status": "UNSAT", "solve_seconds": 0.019701613000506768, "sat_stage_seconds": 0.023586515999340918}
{"case_id": "c0052", "cell": "J35_p0.5", "encoding": "exclude_x", "repeat": 2, "status": "UNSAT", "solve_seconds": 0.020975633000489324, "sat_stage_seconds": 0.025035205000676797}
{"case_id": "c0058", "cell": "J35_p0.7", "encoding": "exclude_h", "repeat": 0, "status": "UNSAT", "solve_seconds": 0.09721386400087795, "sat_stage_seconds": 0.10534091900080966}
{"case_id": "c0058", "cell": "J35_p0.7", "encoding": "exclude_x", "repeat": 0, "status": "UNSAT", "solve_seconds": 0.08035198400102672, "sat_stage_seconds": 0.08453913500125054}
{"case_id": "c0058", "cell": "J35_p0.7", "encoding": "prefix", "repeat": 0, "status": "UNSAT", "solve_seconds": 0.11931837600059225, "sat_stage_seconds": 0.12352340300094511}
{"case_id": "c0058", "cell": "J35_p0.7", "encoding": "exclude_x", "repeat": 1, "status": "UNSAT", "solve_seconds": 0.11134853899966402, "sat_stage_seconds": 0.11560928899962164}
{"case_id": "c0058", "cell": "J35_p0.7", "encoding": "prefix", "repeat": 1, "status": "UNSAT", "solve_seconds": 0.11984465199930128, "sat_stage_seconds": 0.12493890799851215}
{"case_id": "c0058", "cell": "J35_p0.7", "encoding": "exclude_h", "repeat": 1, "status": "UNSAT", "solve_seconds": 0.10183161399982055, "sat_stage_seconds": 0.10605588999897009}
{"case_id": "c0058", "cell": "J35_p0.7", "encoding": "prefix", "repeat": 2, "status": "UNSAT", "solve_seconds": 0.12988486500034924, "sat_stage_seconds": 0.13496538000072178}
{"case_id": "c0058", "cell": "J35_p0.7", "encoding": "exclude_h", "repeat": 2, "status": "UNSAT", "solve_seconds": 0.09462155900109792, "sat_stage_seconds": 0.09871879599995736}
{"case_id": "c0058", "cell": "J35_p0.7", "encoding": "exclude_x", "repeat": 2, "status": "UNSAT", "solve_seconds": 0.08932465300131298, "sat_stage_seconds": 0.09394772000268858}
{"case_id": "c0031", "cell": "J20_w5", "encoding": "prefix", "repeat": 0, "status": "UNSAT", "solve_seconds": 0.04181864800011681, "sat_stage_seconds": 0.04861454899946693}
{"case_id": "c0031", "cell": "J20_w5", "encoding": "exclude_h", "repeat": 0, "status": "UNSAT", "solve_seconds": 0.03805755999928806, "sat_stage_seconds": 0.04160579199924541}
{"case_id": "c0031", "cell": "J20_w5", "encoding": "exclude_x", "repeat": 0, "status": "UNSAT", "solve_seconds": 0.036197211000398966, "sat_stage_seconds": 0.03978063599970483}
{"case_id": "c0031", "cell": "J20_w5", "encoding": "exclude_h", "repeat": 1, "status": "UNSAT", "solve_seconds": 0.03698341599920241, "sat_stage_seconds": 0.0405188389995601}
{"case_id": "c0031", "cell": "J20_w5", "encoding": "exclude_x", "repeat": 1, "status": "UNSAT", "solve_seconds": 0.031025399001009646, "sat_stage_seconds": 0.03434161800032598}
{"case_id": "c0031", "cell": "J20_w5", "encoding": "prefix", "repeat": 1, "status": "UNSAT", "solve_seconds": 0.04191275199991651, "sat_stage_seconds": 0.045437419999871054}
{"case_id": "c0031", "cell": "J20_w5", "encoding": "exclude_x", "repeat": 2, "status": "UNSAT", "solve_seconds": 0.033905580999999074, "sat_stage_seconds": 0.03692253599911055}
{"case_id": "c0031", "cell": "J20_w5", "encoding": "prefix", "repeat": 2, "status": "UNSAT", "solve_seconds": 0.03827368100064632, "sat_stage_seconds": 0.04194184200059681}
{"case_id": "c0031", "cell": "J20_w5", "encoding": "exclude_h", "repeat": 2, "status": "UNSAT", "solve_seconds": 0.033808958000008715, "sat_stage_seconds": 0.03678014599972812}
{"case_id": "c0089", "cell": "J50_p0.3", "encoding": "prefix", "repeat": 0, "status": "UNSAT", "solve_seconds": 0.007559121999292984, "sat_stage_seconds": 0.012036702999466797}
{"case_id": "c0089", "cell": "J50_p0.3", "encoding": "exclude_h", "repeat": 0, "status": "UNSAT", "solve_seconds": 0.0023279030010598945, "sat_stage_seconds": 0.006684674999632989}
{"case_id": "c0089", "cell": "J50_p0.3", "encoding": "exclude_x", "repeat": 0, "status": "UNSAT", "solve_seconds": 0.0023589079992234474, "sat_stage_seconds": 0.007118527999409707}
{"case_id": "c0089", "cell": "J50_p0.3", "encoding": "exclude_h", "repeat": 1, "status": "UNSAT", "solve_seconds": 0.0021090780010126764, "sat_stage_seconds": 0.006381616001817747}
{"case_id": "c0089", "cell": "J50_p0.3", "encoding": "exclude_x", "repeat": 1, "status": "UNSAT", "solve_seconds": 0.002300182000908535, "sat_stage_seconds": 0.006521013001474785}
{"case_id": "c0089", "cell": "J50_p0.3", "encoding": "prefix", "repeat": 1, "status": "UNSAT", "solve_seconds": 0.007322701998418779, "sat_stage_seconds": 0.011510083997563925}
{"case_id": "c0089", "cell": "J50_p0.3", "encoding": "exclude_x", "repeat": 2, "status": "UNSAT", "solve_seconds": 0.002367601999139879, "sat_stage_seconds": 0.007224896999105113}
{"case_id": "c0089", "cell": "J50_p0.3", "encoding": "prefix", "repeat": 2, "status": "UNSAT", "solve_seconds": 0.007254209998791339, "sat_stage_seconds": 0.011521038999489974}
{"case_id": "c0089", "cell": "J50_p0.3", "encoding": "exclude_h", "repeat": 2, "status": "UNSAT", "solve_seconds": 0.0022973470004217234, "sat_stage_seconds": 0.006322658000499359}
{"case_id": "c0071", "cell": "J35_w3", "encoding": "prefix", "repeat": 0, "status": "UNSAT", "solve_seconds": 0.005388572999436292, "sat_stage_seconds": 0.011082527998951264}
{"case_id": "c0071", "cell": "J35_w3", "encoding": "exclude_h", "repeat": 0, "status": "UNSAT", "solve_seconds": 0.005984727000395651, "sat_stage_seconds": 0.010356411001339438}
{"case_id": "c0071", "cell": "J35_w3", "encoding": "exclude_x", "repeat": 0, "status": "UNSAT", "solve_seconds": 0.006311220999123179, "sat_stage_seconds": 0.010793379999086028}
{"case_id": "c0071", "cell": "J35_w3", "encoding": "exclude_h", "repeat": 1, "status": "UNSAT", "solve_seconds": 0.008946460000515799, "sat_stage_seconds": 0.013031178999881377}
{"case_id": "c0071", "cell": "J35_w3", "encoding": "exclude_x", "repeat": 1, "status": "UNSAT", "solve_seconds": 0.006564698000147473, "sat_stage_seconds": 0.010780942000565119}
{"case_id": "c0071", "cell": "J35_w3", "encoding": "prefix", "repeat": 1, "status": "UNSAT", "solve_seconds": 0.0058942830000887625, "sat_stage_seconds": 0.010718178000388434}
{"case_id": "c0071", "cell": "J35_w3", "encoding": "exclude_x", "repeat": 2, "status": "UNSAT", "solve_seconds": 0.008186111999748391, "sat_stage_seconds": 0.013412915001026704}
{"case_id": "c0071", "cell": "J35_w3", "encoding": "prefix", "repeat": 2, "status": "UNSAT", "solve_seconds": 0.005498024998814799, "sat_stage_seconds": 0.010236824999083183}
{"case_id": "c0071", "cell": "J35_w3", "encoding": "exclude_h", "repeat": 2, "status": "UNSAT", "solve_seconds": 0.006235318998733419, "sat_stage_seconds": 0.010231405998638365}
{"case_id": "c0171", "cell": "all_pairs", "encoding": "prefix", "repeat": 0, "status": "UNSAT", "solve_seconds": 0.00934005399903981, "sat_stage_seconds": 0.015026848999696085}
{"case_id": "c0171", "cell": "all_pairs", "encoding": "exclude_x", "repeat": 0, "status": "UNSAT", "solve_seconds": 0.010670836998542654, "sat_stage_seconds": 0.01629155499722401}
{"case_id": "c0171", "cell": "all_pairs", "encoding": "exclude_h", "repeat": 0, "status": "UNSAT", "solve_seconds": 0.013012340999921435, "sat_stage_seconds": 0.018535654000515933}
{"case_id": "c0171", "cell": "all_pairs", "encoding": "exclude_x", "repeat": 1, "status": "UNSAT", "solve_seconds": 0.01119631700021273, "sat_stage_seconds": 0.016771295999205904}
{"case_id": "c0171", "cell": "all_pairs", "encoding": "exclude_h", "repeat": 1, "status": "UNSAT", "solve_seconds": 0.010614024000460631, "sat_stage_seconds": 0.0164118540014897}
{"case_id": "c0171", "cell": "all_pairs", "encoding": "prefix", "repeat": 1, "status": "UNSAT", "solve_seconds": 0.009836340001129429, "sat_stage_seconds": 0.015580560002490529}
{"case_id": "c0171", "cell": "all_pairs", "encoding": "exclude_h", "repeat": 2, "status": "UNSAT", "solve_seconds": 0.012852854999437113, "sat_stage_seconds": 0.018391309999060468}
{"case_id": "c0171", "cell": "all_pairs", "encoding": "prefix", "repeat": 2, "status": "UNSAT", "solve_seconds": 0.00895618399954401, "sat_stage_seconds": 0.014614105999498861}
{"case_id": "c0171", "cell": "all_pairs", "encoding": "exclude_x", "repeat": 2, "status": "UNSAT", "solve_seconds": 0.011234284000238404, "sat_stage_seconds": 0.01683566300016537}
{"case_id": "c0063", "cell": "J35_w2", "encoding": "exclude_x", "repeat": 0, "status": "UNSAT", "solve_seconds": 0.005957186000159709, "sat_stage_seconds": 0.009029053000631393}
{"case_id": "c0063", "cell": "J35_w2", "encoding": "prefix", "repeat": 0, "status": "UNSAT", "solve_seconds": 0.007109936001143069, "sat_stage_seconds": 0.01051001900123083}
{"case_id": "c0063", "cell": "J35_w2", "encoding": "exclude_h", "repeat": 0, "status": "UNSAT", "solve_seconds": 0.007108955000148853, "sat_stage_seconds": 0.010235162000753917}
{"case_id": "c0063", "cell": "J35_w2", "encoding": "prefix", "repeat": 1, "status": "UNSAT", "solve_seconds": 0.007032561999949394, "sat_stage_seconds": 0.010371745000156807}
{"case_id": "c0063", "cell": "J35_w2", "encoding": "exclude_h", "repeat": 1, "status": "UNSAT", "solve_seconds": 0.005754294999860576, "sat_stage_seconds": 0.00892744199882145}
{"case_id": "c0063", "cell": "J35_w2", "encoding": "exclude_x", "repeat": 1, "status": "UNSAT", "solve_seconds": 0.005865279999852646, "sat_stage_seconds": 0.008968734000518452}
{"case_id": "c0063", "cell": "J35_w2", "encoding": "exclude_h", "repeat": 2, "status": "UNSAT", "solve_seconds": 0.00569635899955756, "sat_stage_seconds": 0.008930475998568}
{"case_id": "c0063", "cell": "J35_w2", "encoding": "exclude_x", "repeat": 2, "status": "UNSAT", "solve_seconds": 0.006443538000894478, "sat_stage_seconds": 0.00967304800178681}
{"case_id": "c0063", "cell": "J35_w2", "encoding": "prefix", "repeat": 2, "status": "UNSAT", "solve_seconds": 0.007277624999915133, "sat_stage_seconds": 0.0108140310003364}
{"case_id": "c0109", "cell": "J50_w3", "encoding": "exclude_h", "repeat": 0, "status": "UNSAT", "solve_seconds": 0.007092861000273842, "sat_stage_seconds": 0.012608262000867398}
{"case_id": "c0109", "cell": "J50_w3", "encoding": "prefix", "repeat": 0, "status": "UNSAT", "solve_seconds": 0.008402884001043276, "sat_stage_seconds": 0.014049420002265833}
{"case_id": "c0109", "cell": "J50_w3", "encoding": "exclude_x", "repeat": 0, "status": "UNSAT", "solve_seconds": 0.008847492999848328, "sat_stage_seconds": 0.014321372998892912}
{"case_id": "c0109", "cell": "J50_w3", "encoding": "prefix", "repeat": 1, "status": "UNSAT", "solve_seconds": 0.009303889999500825, "sat_stage_seconds": 0.015096872999492916}
{"case_id": "c0109", "cell": "J50_w3", "encoding": "exclude_x", "repeat": 1, "status": "UNSAT", "solve_seconds": 0.007557090000773314, "sat_stage_seconds": 0.013091739001538372}
{"case_id": "c0109", "cell": "J50_w3", "encoding": "exclude_h", "repeat": 1, "status": "UNSAT", "solve_seconds": 0.006786375999581651, "sat_stage_seconds": 0.012922156998683931}
{"case_id": "c0109", "cell": "J50_w3", "encoding": "exclude_x", "repeat": 2, "status": "UNSAT", "solve_seconds": 0.018486910999854445, "sat_stage_seconds": 0.024416266000116593}
{"case_id": "c0109", "cell": "J50_w3", "encoding": "exclude_h", "repeat": 2, "status": "UNSAT", "solve_seconds": 0.00792665800145187, "sat_stage_seconds": 0.014596011002140585}
{"case_id": "c0109", "cell": "J50_w3", "encoding": "prefix", "repeat": 2, "status": "UNSAT", "solve_seconds": 0.010192177000135416, "sat_stage_seconds": 0.01616308299890079}
{"case_id": "c0035", "cell": "J20_w5", "encoding": "exclude_x", "repeat": 0, "status": "UNSAT", "solve_seconds": 0.044908732999829226, "sat_stage_seconds": 0.04784277500039025}
{"case_id": "c0035", "cell": "J20_w5", "encoding": "exclude_h", "repeat": 0, "status": "UNSAT", "solve_seconds": 0.05379097199875105, "sat_stage_seconds": 0.05683076099739992}
{"case_id": "c0035", "cell": "J20_w5", "encoding": "prefix", "repeat": 0, "status": "UNSAT", "solve_seconds": 0.07569600900023943, "sat_stage_seconds": 0.07957490300032077}
{"case_id": "c0035", "cell": "J20_w5", "encoding": "exclude_h", "repeat": 1, "status": "UNSAT", "solve_seconds": 0.049284483000519685, "sat_stage_seconds": 0.05247558600058255}
{"case_id": "c0035", "cell": "J20_w5", "encoding": "prefix", "repeat": 1, "status": "UNSAT", "solve_seconds": 0.06259830199996941, "sat_stage_seconds": 0.06569458499870962}
{"case_id": "c0035", "cell": "J20_w5", "encoding": "exclude_x", "repeat": 1, "status": "UNSAT", "solve_seconds": 0.049968458000876126, "sat_stage_seconds": 0.05288910000126634}
{"case_id": "c0035", "cell": "J20_w5", "encoding": "prefix", "repeat": 2, "status": "UNSAT", "solve_seconds": 0.06902041699868278, "sat_stage_seconds": 0.07272459099840489}
{"case_id": "c0035", "cell": "J20_w5", "encoding": "exclude_x", "repeat": 2, "status": "UNSAT", "solve_seconds": 0.04744729800040659, "sat_stage_seconds": 0.050426788000550005}
{"case_id": "c0035", "cell": "J20_w5", "encoding": "exclude_h", "repeat": 2, "status": "UNSAT", "solve_seconds": 0.053490861999307526, "sat_stage_seconds": 0.05646692699883715}
{"case_id": "c0175", "cell": "all_triples", "encoding": "exclude_x", "repeat": 0, "status": "UNSAT", "solve_seconds": 0.01579355600006238, "sat_stage_seconds": 0.0333168580000347}
{"case_id": "c0175", "cell": "all_triples", "encoding": "prefix", "repeat": 0, "status": "UNSAT", "solve_seconds": 0.012580721000631456, "sat_stage_seconds": 0.02883567200115067}
{"case_id": "c0175", "cell": "all_triples", "encoding": "exclude_h", "repeat": 0, "status": "UNSAT", "solve_seconds": 0.024284561000968097, "sat_stage_seconds": 0.03957728400018823}
{"case_id": "c0175", "cell": "all_triples", "encoding": "prefix", "repeat": 1, "status": "UNSAT", "solve_seconds": 0.011001157999999123, "sat_stage_seconds": 0.029709646998526296}
{"case_id": "c0175", "cell": "all_triples", "encoding": "exclude_h", "repeat": 1, "status": "UNSAT", "solve_seconds": 0.022187579999808804, "sat_stage_seconds": 0.038136656999995466}
{"case_id": "c0175", "cell": "all_triples", "encoding": "exclude_x", "repeat": 1, "status": "UNSAT", "solve_seconds": 0.01947700000164332, "sat_stage_seconds": 0.035522931002560654}
{"case_id": "c0175", "cell": "all_triples", "encoding": "exclude_h", "repeat": 2, "status": "UNSAT", "solve_seconds": 0.02619497500018042, "sat_stage_seconds": 0.04685215499921469}
{"case_id": "c0175", "cell": "all_triples", "encoding": "exclude_x", "repeat": 2, "status": "UNSAT", "solve_seconds": 0.01757347700004175, "sat_stage_seconds": 0.03345455300041067}
{"case_id": "c0175", "cell": "all_triples", "encoding": "prefix", "repeat": 2, "status": "UNSAT", "solve_seconds": 0.010555838000072981, "sat_stage_seconds": 0.026461819999894942}
{"case_id": "c0144", "cell": "J80_w2", "encoding": "exclude_h", "repeat": 0, "status": "UNSAT", "solve_seconds": 0.006460622998929466, "sat_stage_seconds": 0.012928467000165256}
{"case_id": "c0144", "cell": "J80_w2", "encoding": "exclude_x", "repeat": 0, "status": "UNSAT", "solve_seconds": 0.007504320999942138, "sat_stage_seconds": 0.011875184000018635}
{"case_id": "c0144", "cell": "J80_w2", "encoding": "prefix", "repeat": 0, "status": "UNSAT", "solve_seconds": 0.005746663999161683, "sat_stage_seconds": 0.011814334999144194}
{"case_id": "c0144", "cell": "J80_w2", "encoding": "exclude_x", "repeat": 1, "status": "UNSAT", "solve_seconds": 0.006903269000758883, "sat_stage_seconds": 0.011278167999989819}
{"case_id": "c0144", "cell": "J80_w2", "encoding": "prefix", "repeat": 1, "status": "UNSAT", "solve_seconds": 0.006546890999743482, "sat_stage_seconds": 0.011622969999734778}
{"case_id": "c0144", "cell": "J80_w2", "encoding": "exclude_h", "repeat": 1, "status": "UNSAT", "solve_seconds": 0.007084378001309233, "sat_stage_seconds": 0.01308322600016254}
{"case_id": "c0144", "cell": "J80_w2", "encoding": "prefix", "repeat": 2, "status": "UNSAT", "solve_seconds": 0.005481250998855103, "sat_stage_seconds": 0.010455568997713272}
{"case_id": "c0144", "cell": "J80_w2", "encoding": "exclude_h", "repeat": 2, "status": "UNSAT", "solve_seconds": 0.007149465000111377, "sat_stage_seconds": 0.011339018999933614}
{"case_id": "c0144", "cell": "J80_w2", "encoding": "exclude_x", "repeat": 2, "status": "UNSAT", "solve_seconds": 0.006567852000443963, "sat_stage_seconds": 0.01109493700096209}
{"case_id": "c0133", "cell": "J80_p0.5", "encoding": "prefix", "repeat": 0, "status": "UNSAT", "solve_seconds": 0.008245510000051581, "sat_stage_seconds": 0.014174104000630905}
{"case_id": "c0133", "cell": "J80_p0.5", "encoding": "exclude_x", "repeat": 0, "status": "UNSAT", "solve_seconds": 0.006934185999853071, "sat_stage_seconds": 0.013363022000703495}
{"case_id": "c0133", "cell": "J80_p0.5", "encoding": "exclude_h", "repeat": 0, "status": "UNSAT", "solve_seconds": 0.007704378000198631, "sat_stage_seconds": 0.013562978001573356}
{"case_id": "c0133", "cell": "J80_p0.5", "encoding": "exclude_x", "repeat": 1, "status": "UNSAT", "solve_seconds": 0.007520434999605641, "sat_stage_seconds": 0.013554885999838007}
{"case_id": "c0133", "cell": "J80_p0.5", "encoding": "exclude_h", "repeat": 1, "status": "UNSAT", "solve_seconds": 0.007757666999168578, "sat_stage_seconds": 0.013265265999507392}
{"case_id": "c0133", "cell": "J80_p0.5", "encoding": "prefix", "repeat": 1, "status": "UNSAT", "solve_seconds": 0.00737028200092027, "sat_stage_seconds": 0.013091197000903776}
{"case_id": "c0133", "cell": "J80_p0.5", "encoding": "exclude_h", "repeat": 2, "status": "UNSAT", "solve_seconds": 0.007662025000172434, "sat_stage_seconds": 0.013607654000225011}
{"case_id": "c0133", "cell": "J80_p0.5", "encoding": "prefix", "repeat": 2, "status": "UNSAT", "solve_seconds": 0.008471555998767144, "sat_stage_seconds": 0.016999034998661955}
{"case_id": "c0133", "cell": "J80_p0.5", "encoding": "exclude_x", "repeat": 2, "status": "UNSAT", "solve_seconds": 0.00752529199962737, "sat_stage_seconds": 0.013653121999595896}
{"case_id": "c0134", "cell": "J80_p0.5", "encoding": "prefix", "repeat": 0, "status": "UNSAT", "solve_seconds": 0.012133176998759154, "sat_stage_seconds": 0.019911485000193352}
{"case_id": "c0134", "cell": "J80_p0.5", "encoding": "exclude_h", "repeat": 0, "status": "UNSAT", "solve_seconds": 0.010140812000827282, "sat_stage_seconds": 0.017963005002457066}
{"case_id": "c0134", "cell": "J80_p0.5", "encoding": "exclude_x", "repeat": 0, "status": "UNSAT", "solve_seconds": 0.010728422999818576, "sat_stage_seconds": 0.01741446999949403}
{"case_id": "c0134", "cell": "J80_p0.5", "encoding": "exclude_h", "repeat": 1, "status": "UNSAT", "solve_seconds": 0.010110047000125633, "sat_stage_seconds": 0.016539993999685976}
{"case_id": "c0134", "cell": "J80_p0.5", "encoding": "exclude_x", "repeat": 1, "status": "UNSAT", "solve_seconds": 0.010152177999771084, "sat_stage_seconds": 0.01688530499995977}
{"case_id": "c0134", "cell": "J80_p0.5", "encoding": "prefix", "repeat": 1, "status": "UNSAT", "solve_seconds": 0.0139943480007787, "sat_stage_seconds": 0.02227493999998842}
{"case_id": "c0134", "cell": "J80_p0.5", "encoding": "exclude_x", "repeat": 2, "status": "UNSAT", "solve_seconds": 0.010975749999488471, "sat_stage_seconds": 0.01843786899917177}
{"case_id": "c0134", "cell": "J80_p0.5", "encoding": "prefix", "repeat": 2, "status": "UNSAT", "solve_seconds": 0.011453599001470138, "sat_stage_seconds": 0.017905509001138853}
{"case_id": "c0134", "cell": "J80_p0.5", "encoding": "exclude_h", "repeat": 2, "status": "UNSAT", "solve_seconds": 0.009385110999573953, "sat_stage_seconds": 0.016111947999888798}
{"case_id": "c0173", "cell": "all_pairs", "encoding": "exclude_h", "repeat": 0, "status": "UNSAT", "solve_seconds": 0.010399856000731234, "sat_stage_seconds": 0.015892433000772144}
{"case_id": "c0173", "cell": "all_pairs", "encoding": "prefix", "repeat": 0, "status": "UNSAT", "solve_seconds": 0.00937566699940362, "sat_stage_seconds": 0.014873111998895183}
{"case_id": "c0173", "cell": "all_pairs", "encoding": "exclude_x", "repeat": 0, "status": "UNSAT", "solve_seconds": 0.010724838000896852, "sat_stage_seconds": 0.015998710001440486}
{"case_id": "c0173", "cell": "all_pairs", "encoding": "prefix", "repeat": 1, "status": "UNSAT", "solve_seconds": 0.014261152999097249, "sat_stage_seconds": 0.025316856999779702}
{"case_id": "c0173", "cell": "all_pairs", "encoding": "exclude_x", "repeat": 1, "status": "UNSAT", "solve_seconds": 0.011193943999387557, "sat_stage_seconds": 0.017097159998229472}
{"case_id": "c0173", "cell": "all_pairs", "encoding": "exclude_h", "repeat": 1, "status": "UNSAT", "solve_seconds": 0.010256933999698958, "sat_stage_seconds": 0.01599173999966297}
{"case_id": "c0173", "cell": "all_pairs", "encoding": "exclude_x", "repeat": 2, "status": "UNSAT", "solve_seconds": 0.01154476500050805, "sat_stage_seconds": 0.017402423000021372}
{"case_id": "c0173", "cell": "all_pairs", "encoding": "exclude_h", "repeat": 2, "status": "UNSAT", "solve_seconds": 0.010655735999534954, "sat_stage_seconds": 0.016050057000029483}
{"case_id": "c0173", "cell": "all_pairs", "encoding": "prefix", "repeat": 2, "status": "UNSAT", "solve_seconds": 0.009288035998906707, "sat_stage_seconds": 0.015502623999054777}
{"case_id": "c0072", "cell": "J35_w5", "encoding": "exclude_x", "repeat": 0, "status": "UNSAT", "solve_seconds": 0.027549934999115067, "sat_stage_seconds": 0.032843476998095866}
{"case_id": "c0072", "cell": "J35_w5", "encoding": "exclude_h", "repeat": 0, "status": "UNSAT", "solve_seconds": 0.028350181999485358, "sat_stage_seconds": 0.033536875000208966}
{"case_id": "c0072", "cell": "J35_w5", "encoding": "prefix", "repeat": 0, "status": "UNSAT", "solve_seconds": 0.03624238700103888, "sat_stage_seconds": 0.041227201001674985}
{"case_id": "c0072", "cell": "J35_w5", "encoding": "exclude_h", "repeat": 1, "status": "UNSAT", "solve_seconds": 0.02734304799923848, "sat_stage_seconds": 0.03215338299924042}
{"case_id": "c0072", "cell": "J35_w5", "encoding": "prefix", "repeat": 1, "status": "UNSAT", "solve_seconds": 0.03633297200030938, "sat_stage_seconds": 0.0424391899996408}
{"case_id": "c0072", "cell": "J35_w5", "encoding": "exclude_x", "repeat": 1, "status": "UNSAT", "solve_seconds": 0.026416223001433536, "sat_stage_seconds": 0.03144177800095349}
{"case_id": "c0072", "cell": "J35_w5", "encoding": "prefix", "repeat": 2, "status": "UNSAT", "solve_seconds": 0.03616616500039527, "sat_stage_seconds": 0.04180049299975508}
{"case_id": "c0072", "cell": "J35_w5", "encoding": "exclude_x", "repeat": 2, "status": "UNSAT", "solve_seconds": 0.026622499000950484, "sat_stage_seconds": 0.03181333800057473}
{"case_id": "c0072", "cell": "J35_w5", "encoding": "exclude_h", "repeat": 2, "status": "UNSAT", "solve_seconds": 0.028413104000719613, "sat_stage_seconds": 0.03362075800032471}
{"case_id": "c0051", "cell": "J35_p0.5", "encoding": "prefix", "repeat": 0, "status": "UNSAT", "solve_seconds": 0.01015638500030036, "sat_stage_seconds": 0.01486824400126352}
{"case_id": "c0051", "cell": "J35_p0.5", "encoding": "exclude_x", "repeat": 0, "status": "UNSAT", "solve_seconds": 0.007385003000308643, "sat_stage_seconds": 0.011810707999757142}
{"case_id": "c0051", "cell": "J35_p0.5", "encoding": "exclude_h", "repeat": 0, "status": "UNSAT", "solve_seconds": 0.008226853000451229, "sat_stage_seconds": 0.012769520999427186}
{"case_id": "c0051", "cell": "J35_p0.5", "encoding": "exclude_x", "repeat": 1, "status": "UNSAT", "solve_seconds": 0.007944983999550459, "sat_stage_seconds": 0.014301245999376988}
{"case_id": "c0051", "cell": "J35_p0.5", "encoding": "exclude_h", "repeat": 1, "status": "UNSAT", "solve_seconds": 0.008335022999744979, "sat_stage_seconds": 0.014802907000557752}
{"case_id": "c0051", "cell": "J35_p0.5", "encoding": "prefix", "repeat": 1, "status": "UNSAT", "solve_seconds": 0.010418322999612428, "sat_stage_seconds": 0.015774867999425624}
{"case_id": "c0051", "cell": "J35_p0.5", "encoding": "exclude_h", "repeat": 2, "status": "UNSAT", "solve_seconds": 0.008467078998364741, "sat_stage_seconds": 0.013410120998742059}
{"case_id": "c0051", "cell": "J35_p0.5", "encoding": "prefix", "repeat": 2, "status": "UNSAT", "solve_seconds": 0.009937819999322528, "sat_stage_seconds": 0.016987937999147107}
{"case_id": "c0051", "cell": "J35_p0.5", "encoding": "exclude_x", "repeat": 2, "status": "UNSAT", "solve_seconds": 0.007956953000757494, "sat_stage_seconds": 0.012892353001006995}
{"case_id": "c0176", "cell": "all_triples", "encoding": "exclude_h", "repeat": 0, "status": "UNSAT", "solve_seconds": 0.022680783000396332, "sat_stage_seconds": 0.040641313999003614}
{"case_id": "c0176", "cell": "all_triples", "encoding": "prefix", "repeat": 0, "status": "UNSAT", "solve_seconds": 0.010566222999841557, "sat_stage_seconds": 0.026422031998663442}
{"case_id": "c0176", "cell": "all_triples", "encoding": "exclude_x", "repeat": 0, "status": "UNSAT", "solve_seconds": 0.017929043000549427, "sat_stage_seconds": 0.033592627001780784}
{"case_id": "c0176", "cell": "all_triples", "encoding": "prefix", "repeat": 1, "status": "UNSAT", "solve_seconds": 0.010206529999777558, "sat_stage_seconds": 0.02486505299930286}
{"case_id": "c0176", "cell": "all_triples", "encoding": "exclude_x", "repeat": 1, "status": "UNSAT", "solve_seconds": 0.016571150001254864, "sat_stage_seconds": 0.032582549001745065}
{"case_id": "c0176", "cell": "all_triples", "encoding": "exclude_h", "repeat": 1, "status": "UNSAT", "solve_seconds": 0.0222013809998316, "sat_stage_seconds": 0.03721296799994889}
{"case_id": "c0176", "cell": "all_triples", "encoding": "exclude_x", "repeat": 2, "status": "UNSAT", "solve_seconds": 0.016757536001023254, "sat_stage_seconds": 0.03304712800127163}
{"case_id": "c0176", "cell": "all_triples", "encoding": "exclude_h", "repeat": 2, "status": "UNSAT", "solve_seconds": 0.02162366400079918, "sat_stage_seconds": 0.036525047000395716}
{"case_id": "c0176", "cell": "all_triples", "encoding": "prefix", "repeat": 2, "status": "UNSAT", "solve_seconds": 0.009880335001071217, "sat_stage_seconds": 0.0245942190013011}
{"case_id": "c0123", "cell": "J50_w1to3", "encoding": "prefix", "repeat": 0, "status": "UNSAT", "solve_seconds": 0.005276607000268996, "sat_stage_seconds": 0.00843548299963004}
{"case_id": "c0123", "cell": "J50_w1to3", "encoding": "exclude_x", "repeat": 0, "status": "UNSAT", "solve_seconds": 0.0034246000013808953, "sat_stage_seconds": 0.006054280001990264}
{"case_id": "c0123", "cell": "J50_w1to3", "encoding": "exclude_h", "repeat": 0, "status": "UNSAT", "solve_seconds": 0.0028517600003397092, "sat_stage_seconds": 0.006057625001631095}
{"case_id": "c0123", "cell": "J50_w1to3", "encoding": "exclude_x", "repeat": 1, "status": "UNSAT", "solve_seconds": 0.0033087779993365984, "sat_stage_seconds": 0.005802146999485558}
{"case_id": "c0123", "cell": "J50_w1to3", "encoding": "exclude_h", "repeat": 1, "status": "UNSAT", "solve_seconds": 0.0026145280007767724, "sat_stage_seconds": 0.005414401000962243}
{"case_id": "c0123", "cell": "J50_w1to3", "encoding": "prefix", "repeat": 1, "status": "UNSAT", "solve_seconds": 0.005521208999198279, "sat_stage_seconds": 0.008444564999081194}
{"case_id": "c0123", "cell": "J50_w1to3", "encoding": "exclude_h", "repeat": 2, "status": "UNSAT", "solve_seconds": 0.0028853900003014132, "sat_stage_seconds": 0.005643922000672319}
{"case_id": "c0123", "cell": "J50_w1to3", "encoding": "prefix", "repeat": 2, "status": "UNSAT", "solve_seconds": 0.0050236810002388665, "sat_stage_seconds": 0.008042989000387024}
{"case_id": "c0123", "cell": "J50_w1to3", "encoding": "exclude_x", "repeat": 2, "status": "UNSAT", "solve_seconds": 0.0035890629987989087, "sat_stage_seconds": 0.006603763999009971}
{"case_id": "c0122", "cell": "J50_w1to3", "encoding": "exclude_x", "repeat": 0, "status": "UNSAT", "solve_seconds": 0.003458389999650535, "sat_stage_seconds": 0.00604148099955637}
{"case_id": "c0122", "cell": "J50_w1to3", "encoding": "prefix", "repeat": 0, "status": "UNSAT", "solve_seconds": 0.0037292619999789167, "sat_stage_seconds": 0.008227954000176396}
{"case_id": "c0122", "cell": "J50_w1to3", "encoding": "exclude_h", "repeat": 0, "status": "UNSAT", "solve_seconds": 0.003921605999494204, "sat_stage_seconds": 0.007287347998499172}
{"case_id": "c0122", "cell": "J50_w1to3", "encoding": "prefix", "repeat": 1, "status": "UNSAT", "solve_seconds": 0.003934585998649709, "sat_stage_seconds": 0.007225005998407141}
{"case_id": "c0122", "cell": "J50_w1to3", "encoding": "exclude_h", "repeat": 1, "status": "UNSAT", "solve_seconds": 0.0034396120008750586, "sat_stage_seconds": 0.006181659000503714}
{"case_id": "c0122", "cell": "J50_w1to3", "encoding": "exclude_x", "repeat": 1, "status": "UNSAT", "solve_seconds": 0.0032575019995420007, "sat_stage_seconds": 0.005881424000108382}
{"case_id": "c0122", "cell": "J50_w1to3", "encoding": "exclude_h", "repeat": 2, "status": "UNSAT", "solve_seconds": 0.003743101999134524, "sat_stage_seconds": 0.006332783998004743}
{"case_id": "c0122", "cell": "J50_w1to3", "encoding": "exclude_x", "repeat": 2, "status": "UNSAT", "solve_seconds": 0.003470157000265317, "sat_stage_seconds": 0.0060179160009283805}
{"case_id": "c0122", "cell": "J50_w1to3", "encoding": "prefix", "repeat": 2, "status": "UNSAT", "solve_seconds": 0.0041960540002037305, "sat_stage_seconds": 0.007576057001642766}
{"case_id": "c0157", "cell": "J80_w5", "encoding": "exclude_h", "repeat": 0, "status": "UNSAT", "solve_seconds": 0.029064329999528127, "sat_stage_seconds": 0.03991058800056635}
{"case_id": "c0157", "cell": "J80_w5", "encoding": "prefix", "repeat": 0, "status": "UNSAT", "solve_seconds": 0.020509330999630038, "sat_stage_seconds": 0.030412119998800335}
{"case_id": "c0157", "cell": "J80_w5", "encoding": "exclude_x", "repeat": 0, "status": "UNSAT", "solve_seconds": 0.028107922000344843, "sat_stage_seconds": 0.04048996800156601}
{"case_id": "c0157", "cell": "J80_w5", "encoding": "prefix", "repeat": 1, "status": "UNSAT", "solve_seconds": 0.0199144480011455, "sat_stage_seconds": 0.034581874000650714}
{"case_id": "c0157", "cell": "J80_w5", "encoding": "exclude_x", "repeat": 1, "status": "UNSAT", "solve_seconds": 0.0276949599992804, "sat_stage_seconds": 0.03792199899908155}
{"case_id": "c0157", "cell": "J80_w5", "encoding": "exclude_h", "repeat": 1, "status": "UNSAT", "solve_seconds": 0.02854964699872653, "sat_stage_seconds": 0.038965586998529034}
{"case_id": "c0157", "cell": "J80_w5", "encoding": "exclude_x", "repeat": 2, "status": "UNSAT", "solve_seconds": 0.02812234399971203, "sat_stage_seconds": 0.039637023999603116}
{"case_id": "c0157", "cell": "J80_w5", "encoding": "exclude_h", "repeat": 2, "status": "UNSAT", "solve_seconds": 0.027535743000044022, "sat_stage_seconds": 0.03811607599891431}
{"case_id": "c0157", "cell": "J80_w5", "encoding": "prefix", "repeat": 2, "status": "UNSAT", "solve_seconds": 0.0193601459995989, "sat_stage_seconds": 0.030290808999779983}
{"case_id": "c0081", "cell": "J35_w1to3", "encoding": "exclude_x", "repeat": 0, "status": "UNSAT", "solve_seconds": 0.003203972999472171, "sat_stage_seconds": 0.005333360999429715}
{"case_id": "c0081", "cell": "J35_w1to3", "encoding": "exclude_h", "repeat": 0, "status": "UNSAT", "solve_seconds": 0.002002850000280887, "sat_stage_seconds": 0.004051018000609474}
{"case_id": "c0081", "cell": "J35_w1to3", "encoding": "prefix", "repeat": 0, "status": "UNSAT", "solve_seconds": 0.004713461001301766, "sat_stage_seconds": 0.006766526001229067}
{"case_id": "c0081", "cell": "J35_w1to3", "encoding": "exclude_h", "repeat": 1, "status": "UNSAT", "solve_seconds": 0.001712169998427271, "sat_stage_seconds": 0.003606899997976143}
{"case_id": "c0081", "cell": "J35_w1to3", "encoding": "prefix", "repeat": 1, "status": "UNSAT", "solve_seconds": 0.004911894999167998, "sat_stage_seconds": 0.00704741299887246}
{"case_id": "c0081", "cell": "J35_w1to3", "encoding": "exclude_x", "repeat": 1, "status": "UNSAT", "solve_seconds": 0.00302317400019092, "sat_stage_seconds": 0.005025765000027604}
{"case_id": "c0081", "cell": "J35_w1to3", "encoding": "prefix", "repeat": 2, "status": "UNSAT", "solve_seconds": 0.004813849998754449, "sat_stage_seconds": 0.006947664998733671}
{"case_id": "c0081", "cell": "J35_w1to3", "encoding": "exclude_x", "repeat": 2, "status": "UNSAT", "solve_seconds": 0.003995615999883739, "sat_stage_seconds": 0.0059600399999908404}
{"case_id": "c0081", "cell": "J35_w1to3", "encoding": "exclude_h", "repeat": 2, "status": "UNSAT", "solve_seconds": 0.0016385599992645439, "sat_stage_seconds": 0.0038197349986148765}
{"case_id": "c0038", "cell": "J20_w1to3", "encoding": "prefix", "repeat": 0, "status": "UNSAT", "solve_seconds": 0.0046894360002625035, "sat_stage_seconds": 0.00722963400039589}
{"case_id": "c0038", "cell": "J20_w1to3", "encoding": "exclude_x", "repeat": 0, "status": "UNSAT", "solve_seconds": 0.0026718030003394233, "sat_stage_seconds": 0.004927239000608097}
{"case_id": "c0038", "cell": "J20_w1to3", "encoding": "exclude_h", "repeat": 0, "status": "UNSAT", "solve_seconds": 0.002767744999800925, "sat_stage_seconds": 0.004914750001262291}
{"case_id": "c0038", "cell": "J20_w1to3", "encoding": "exclude_x", "repeat": 1, "status": "UNSAT", "solve_seconds": 0.002626977000545594, "sat_stage_seconds": 0.005064422000941704}
{"case_id": "c0038", "cell": "J20_w1to3", "encoding": "exclude_h", "repeat": 1, "status": "UNSAT", "solve_seconds": 0.003061391000301228, "sat_stage_seconds": 0.005212952000874793}
{"case_id": "c0038", "cell": "J20_w1to3", "encoding": "prefix", "repeat": 1, "status": "UNSAT", "solve_seconds": 0.004270875000656815, "sat_stage_seconds": 0.006578788999831886}
{"case_id": "c0038", "cell": "J20_w1to3", "encoding": "exclude_h", "repeat": 2, "status": "UNSAT", "solve_seconds": 0.0027480360004119575, "sat_stage_seconds": 0.004908230001092306}
{"case_id": "c0038", "cell": "J20_w1to3", "encoding": "prefix", "repeat": 2, "status": "UNSAT", "solve_seconds": 0.004439545000423095, "sat_stage_seconds": 0.007333527000810136}
{"case_id": "c0038", "cell": "J20_w1to3", "encoding": "exclude_x", "repeat": 2, "status": "UNSAT", "solve_seconds": 0.002627348001624341, "sat_stage_seconds": 0.004799720001756214}
{"case_id": "c0156", "cell": "J80_w5", "encoding": "prefix", "repeat": 0, "status": "UNSAT", "solve_seconds": 0.02979546499955177, "sat_stage_seconds": 0.039952240000275197}
{"case_id": "c0156", "cell": "J80_w5", "encoding": "exclude_h", "repeat": 0, "status": "UNSAT", "solve_seconds": 0.028840417999163037, "sat_stage_seconds": 0.039411416999428184}
{"case_id": "c0156", "cell": "J80_w5", "encoding": "exclude_x", "repeat": 0, "status": "UNSAT", "solve_seconds": 0.02856132300075842, "sat_stage_seconds": 0.03921378400082176}
{"case_id": "c0156", "cell": "J80_w5", "encoding": "exclude_h", "repeat": 1, "status": "UNSAT", "solve_seconds": 0.030930508000892587, "sat_stage_seconds": 0.04069980900203518}
{"case_id": "c0156", "cell": "J80_w5", "encoding": "exclude_x", "repeat": 1, "status": "UNSAT", "solve_seconds": 0.039919752000059816, "sat_stage_seconds": 0.049738174999220064}
{"case_id": "c0156", "cell": "J80_w5", "encoding": "prefix", "repeat": 1, "status": "UNSAT", "solve_seconds": 0.03031341299902124, "sat_stage_seconds": 0.0407306939978298}
{"case_id": "c0156", "cell": "J80_w5", "encoding": "exclude_x", "repeat": 2, "status": "UNSAT", "solve_seconds": 0.028731988000799902, "sat_stage_seconds": 0.03885882900067372}
{"case_id": "c0156", "cell": "J80_w5", "encoding": "prefix", "repeat": 2, "status": "UNSAT", "solve_seconds": 0.03313253499982238, "sat_stage_seconds": 0.04751632000079553}
{"case_id": "c0156", "cell": "J80_w5", "encoding": "exclude_h", "repeat": 2, "status": "UNSAT", "solve_seconds": 0.0320715409998229, "sat_stage_seconds": 0.04219110099984391}
{"case_id": "c0181", "cell": "cubic_cycle_matching", "encoding": "exclude_x", "repeat": 0, "status": "UNSAT", "solve_seconds": 0.004660433000026387, "sat_stage_seconds": 0.006915758000104688}
{"case_id": "c0181", "cell": "cubic_cycle_matching", "encoding": "exclude_h", "repeat": 0, "status": "UNSAT", "solve_seconds": 0.0035791990012512542, "sat_stage_seconds": 0.00570899800004554}
{"case_id": "c0181", "cell": "cubic_cycle_matching", "encoding": "prefix", "repeat": 0, "status": "UNSAT", "solve_seconds": 0.007702023000092595, "sat_stage_seconds": 0.010090465000757831}
{"case_id": "c0181", "cell": "cubic_cycle_matching", "encoding": "exclude_h", "repeat": 1, "status": "UNSAT", "solve_seconds": 0.004426375000548433, "sat_stage_seconds": 0.006842278999101836}
{"case_id": "c0181", "cell": "cubic_cycle_matching", "encoding": "prefix", "repeat": 1, "status": "UNSAT", "solve_seconds": 0.0041814520009211265, "sat_stage_seconds": 0.007979226002134965}
{"case_id": "c0181", "cell": "cubic_cycle_matching", "encoding": "exclude_x", "repeat": 1, "status": "UNSAT", "solve_seconds": 0.0035034969987464137, "sat_stage_seconds": 0.005673665998983779}
{"case_id": "c0181", "cell": "cubic_cycle_matching", "encoding": "prefix", "repeat": 2, "status": "UNSAT", "solve_seconds": 0.004450981999980286, "sat_stage_seconds": 0.006719816999975592}
{"case_id": "c0181", "cell": "cubic_cycle_matching", "encoding": "exclude_x", "repeat": 2, "status": "UNSAT", "solve_seconds": 0.005281874000502285, "sat_stage_seconds": 0.008115267000903259}
{"case_id": "c0181", "cell": "cubic_cycle_matching", "encoding": "exclude_h", "repeat": 2, "status": "UNSAT", "solve_seconds": 0.004504931999690598, "sat_stage_seconds": 0.006947124000362237}
{"case_id": "c0068", "cell": "J35_w3", "encoding": "prefix", "repeat": 0, "status": "UNSAT", "solve_seconds": 0.007387929001197335, "sat_stage_seconds": 0.01285180400009267}
{"case_id": "c0068", "cell": "J35_w3", "encoding": "exclude_x", "repeat": 0, "status": "UNSAT", "solve_seconds": 0.004319547000704915, "sat_stage_seconds": 0.009283871000661748}
{"case_id": "c0068", "cell": "J35_w3", "encoding": "exclude_h", "repeat": 0, "status": "UNSAT", "solve_seconds": 0.0038925040007598, "sat_stage_seconds": 0.009871642001598957}
{"case_id": "c0068", "cell": "J35_w3", "encoding": "exclude_x", "repeat": 1, "status": "UNSAT", "solve_seconds": 0.0038437610000983113, "sat_stage_seconds": 0.008240773000579793}
{"case_id": "c0068", "cell": "J35_w3", "encoding": "exclude_h", "repeat": 1, "status": "UNSAT", "solve_seconds": 0.004450790998816956, "sat_stage_seconds": 0.00880948599842668}
{"case_id": "c0068", "cell": "J35_w3", "encoding": "prefix", "repeat": 1, "status": "UNSAT", "solve_seconds": 0.008190248001483269, "sat_stage_seconds": 0.013291344002936967}
{"case_id": "c0068", "cell": "J35_w3", "encoding": "exclude_h", "repeat": 2, "status": "UNSAT", "solve_seconds": 0.005674627000189503, "sat_stage_seconds": 0.010262612000587978}
{"case_id": "c0068", "cell": "J35_w3", "encoding": "prefix", "repeat": 2, "status": "UNSAT", "solve_seconds": 0.007909971998742549, "sat_stage_seconds": 0.013988217999212793}
{"case_id": "c0068", "cell": "J35_w3", "encoding": "exclude_x", "repeat": 2, "status": "UNSAT", "solve_seconds": 0.004243845000019064, "sat_stage_seconds": 0.011152035998748033}
{"case_id": "c0121", "cell": "J50_w1to3", "encoding": "prefix", "repeat": 0, "status": "UNSAT", "solve_seconds": 0.005396603999543004, "sat_stage_seconds": 0.007954077000249526}
{"case_id": "c0121", "cell": "J50_w1to3", "encoding": "exclude_x", "repeat": 0, "status": "UNSAT", "solve_seconds": 0.0036276709997764556, "sat_stage_seconds": 0.006794168000851641}
{"case_id": "c0121", "cell": "J50_w1to3", "encoding": "exclude_h", "repeat": 0, "status": "UNSAT", "solve_seconds": 0.0036487529996520607, "sat_stage_seconds": 0.006355877998430515}
{"case_id": "c0121", "cell": "J50_w1to3", "encoding": "exclude_x", "repeat": 1, "status": "UNSAT", "solve_seconds": 0.0038685580002493225, "sat_stage_seconds": 0.0063748350003152154}
{"case_id": "c0121", "cell": "J50_w1to3", "encoding": "exclude_h", "repeat": 1, "status": "UNSAT", "solve_seconds": 0.0032849720009835437, "sat_stage_seconds": 0.005220803001066088}
{"case_id": "c0121", "cell": "J50_w1to3", "encoding": "prefix", "repeat": 1, "status": "UNSAT", "solve_seconds": 0.004401719001180027, "sat_stage_seconds": 0.006689943002129439}
{"case_id": "c0121", "cell": "J50_w1to3", "encoding": "exclude_h", "repeat": 2, "status": "UNSAT", "solve_seconds": 0.0030439149995800108, "sat_stage_seconds": 0.004846888999963994}
{"case_id": "c0121", "cell": "J50_w1to3", "encoding": "prefix", "repeat": 2, "status": "UNSAT", "solve_seconds": 0.004687172000558348, "sat_stage_seconds": 0.00680013599958329}
{"case_id": "c0121", "cell": "J50_w1to3", "encoding": "exclude_x", "repeat": 2, "status": "UNSAT", "solve_seconds": 0.004096777000086149, "sat_stage_seconds": 0.00604075099909096}
{"case_id": "c0008", "cell": "J20_p0.5", "encoding": "prefix", "repeat": 0, "status": "UNSAT", "solve_seconds": 0.04002146299899323, "sat_stage_seconds": 0.043924050998612074}
{"case_id": "c0008", "cell": "J20_p0.5", "encoding": "exclude_h", "repeat": 0, "status": "UNSAT", "solve_seconds": 0.03204698400077177, "sat_stage_seconds": 0.03564068500054418}
{"case_id": "c0008", "cell": "J20_p0.5", "encoding": "exclude_x", "repeat": 0, "status": "UNSAT", "solve_seconds": 0.030979290000686888, "sat_stage_seconds": 0.03416807999929006}
{"case_id": "c0008", "cell": "J20_p0.5", "encoding": "exclude_h", "repeat": 1, "status": "UNSAT", "solve_seconds": 0.03403696600071271, "sat_stage_seconds": 0.03744897700016736}
{"case_id": "c0008", "cell": "J20_p0.5", "encoding": "exclude_x", "repeat": 1, "status": "UNSAT", "solve_seconds": 0.031888358998912736, "sat_stage_seconds": 0.03573719799896935}
{"case_id": "c0008", "cell": "J20_p0.5", "encoding": "prefix", "repeat": 1, "status": "UNSAT", "solve_seconds": 0.03822788199977367, "sat_stage_seconds": 0.04173596500004351}
{"case_id": "c0008", "cell": "J20_p0.5", "encoding": "exclude_x", "repeat": 2, "status": "UNSAT", "solve_seconds": 0.03168415600157459, "sat_stage_seconds": 0.03494779700304207}
{"case_id": "c0008", "cell": "J20_p0.5", "encoding": "prefix", "repeat": 2, "status": "UNSAT", "solve_seconds": 0.04016961200068181, "sat_stage_seconds": 0.04343178100134537}
{"case_id": "c0008", "cell": "J20_p0.5", "encoding": "exclude_h", "repeat": 2, "status": "UNSAT", "solve_seconds": 0.03220450700064248, "sat_stage_seconds": 0.035247981000793516}
{"case_id": "c0178", "cell": "block_pairs4_identity6", "encoding": "exclude_h", "repeat": 0, "status": "UNSAT", "solve_seconds": 0.0031462759998248657, "sat_stage_seconds": 0.005110489999424317}
{"case_id": "c0178", "cell": "block_pairs4_identity6", "encoding": "prefix", "repeat": 0, "status": "UNSAT", "solve_seconds": 0.0041842360005830415, "sat_stage_seconds": 0.006073738999475609}
{"case_id": "c0178", "cell": "block_pairs4_identity6", "encoding": "exclude_x", "repeat": 0, "status": "UNSAT", "solve_seconds": 0.0024968130001070676, "sat_stage_seconds": 0.004195923000224866}
{"case_id": "c0178", "cell": "block_pairs4_identity6", "encoding": "prefix", "repeat": 1, "status": "UNSAT", "solve_seconds": 0.004026491998956772, "sat_stage_seconds": 0.005814463998831343}
{"case_id": "c0178", "cell": "block_pairs4_identity6", "encoding": "exclude_x", "repeat": 1, "status": "UNSAT", "solve_seconds": 0.0023990390000108164, "sat_stage_seconds": 0.0041446979994361755}
{"case_id": "c0178", "cell": "block_pairs4_identity6", "encoding": "exclude_h", "repeat": 1, "status": "UNSAT", "solve_seconds": 0.0031779340006323764, "sat_stage_seconds": 0.0048486820014659315}
{"case_id": "c0178", "cell": "block_pairs4_identity6", "encoding": "exclude_x", "repeat": 2, "status": "UNSAT", "solve_seconds": 0.002377036000325461, "sat_stage_seconds": 0.004012772000351106}
{"case_id": "c0178", "cell": "block_pairs4_identity6", "encoding": "exclude_h", "repeat": 2, "status": "UNSAT", "solve_seconds": 0.004116464999242453, "sat_stage_seconds": 0.005857447999005672}
{"case_id": "c0178", "cell": "block_pairs4_identity6", "encoding": "prefix", "repeat": 2, "status": "UNSAT", "solve_seconds": 0.004295710999940638, "sat_stage_seconds": 0.006278773000303772}
{"case_id": "c0170", "cell": "cycle10", "encoding": "exclude_x", "repeat": 0, "status": "SAT", "solve_seconds": 0.00045309199958865065, "sat_stage_seconds": 0.0022181499989528675}
{"case_id": "c0170", "cell": "cycle10", "encoding": "exclude_h", "repeat": 0, "status": "SAT", "solve_seconds": 0.0002274569997098297, "sat_stage_seconds": 0.0019344479987921659}
{"case_id": "c0170", "cell": "cycle10", "encoding": "prefix", "repeat": 0, "status": "SAT", "solve_seconds": 0.002949204999822541, "sat_stage_seconds": 0.005067517000497901}
{"case_id": "c0170", "cell": "cycle10", "encoding": "exclude_h", "repeat": 1, "status": "SAT", "solve_seconds": 0.0002585639995231759, "sat_stage_seconds": 0.0030109869985608384}
{"case_id": "c0170", "cell": "cycle10", "encoding": "prefix", "repeat": 1, "status": "SAT", "solve_seconds": 0.003161970000292058, "sat_stage_seconds": 0.00513783099995635}
{"case_id": "c0170", "cell": "cycle10", "encoding": "exclude_x", "repeat": 1, "status": "SAT", "solve_seconds": 0.00022848899970995262, "sat_stage_seconds": 0.001888681999844266}
{"case_id": "c0170", "cell": "cycle10", "encoding": "prefix", "repeat": 2, "status": "SAT", "solve_seconds": 0.002919119999205577, "sat_stage_seconds": 0.004760129999340279}
{"case_id": "c0170", "cell": "cycle10", "encoding": "exclude_x", "repeat": 2, "status": "SAT", "solve_seconds": 0.0002331059986317996, "sat_stage_seconds": 0.0022261819995037513}
{"case_id": "c0170", "cell": "cycle10", "encoding": "exclude_h", "repeat": 2, "status": "SAT", "solve_seconds": 0.00025930499941750895, "sat_stage_seconds": 0.0019503629991959315}
{"case_id": "c0104", "cell": "J50_w2", "encoding": "exclude_x", "repeat": 0, "status": "UNSAT", "solve_seconds": 0.006678006000583991, "sat_stage_seconds": 0.011280493001322611}
{"case_id": "c0104", "cell": "J50_w2", "encoding": "exclude_h", "repeat": 0, "status": "UNSAT", "solve_seconds": 0.005399599000156741, "sat_stage_seconds": 0.00965563200043107}
{"case_id": "c0104", "cell": "J50_w2", "encoding": "prefix", "repeat": 0, "status": "UNSAT", "solve_seconds": 0.005924627999775112, "sat_stage_seconds": 0.01017762599985872}
{"case_id": "c0104", "cell": "J50_w2", "encoding": "exclude_h", "repeat": 1, "status": "UNSAT", "solve_seconds": 0.009032887999637751, "sat_stage_seconds": 0.01294563099872903}
{"case_id": "c0104", "cell": "J50_w2", "encoding": "prefix", "repeat": 1, "status": "UNSAT", "solve_seconds": 0.006453292000514921, "sat_stage_seconds": 0.010758386999441427}
{"case_id": "c0104", "cell": "J50_w2", "encoding": "exclude_x", "repeat": 1, "status": "UNSAT", "solve_seconds": 0.005868644000656786, "sat_stage_seconds": 0.009733646000313456}
{"case_id": "c0104", "cell": "J50_w2", "encoding": "prefix", "repeat": 2, "status": "UNSAT", "solve_seconds": 0.0061884189999545924, "sat_stage_seconds": 0.010342881001633941}
{"case_id": "c0104", "cell": "J50_w2", "encoding": "exclude_x", "repeat": 2, "status": "UNSAT", "solve_seconds": 0.0056769610000628745, "sat_stage_seconds": 0.009704574998977478}
{"case_id": "c0104", "cell": "J50_w2", "encoding": "exclude_h", "repeat": 2, "status": "UNSAT", "solve_seconds": 0.00602962399898388, "sat_stage_seconds": 0.00967009399937524}
{"case_id": "c0053", "cell": "J35_p0.5", "encoding": "prefix", "repeat": 0, "status": "UNSAT", "solve_seconds": 0.007817295998393092, "sat_stage_seconds": 0.012227276998601155}
{"case_id": "c0053", "cell": "J35_p0.5", "encoding": "exclude_h", "repeat": 0, "status": "UNSAT", "solve_seconds": 0.005958559000646346, "sat_stage_seconds": 0.010930634000033024}
{"case_id": "c0053", "cell": "J35_p0.5", "encoding": "exclude_x", "repeat": 0, "status": "UNSAT", "solve_seconds": 0.007305365999854985, "sat_stage_seconds": 0.012245633999555139}
{"case_id": "c0053", "cell": "J35_p0.5", "encoding": "exclude_h", "repeat": 1, "status": "UNSAT", "solve_seconds": 0.005963234998489497, "sat_stage_seconds": 0.010377582999353763}
{"case_id": "c0053", "cell": "J35_p0.5", "encoding": "exclude_x", "repeat": 1, "status": "UNSAT", "solve_seconds": 0.005422853000709438, "sat_stage_seconds": 0.009796460000870866}
{"case_id": "c0053", "cell": "J35_p0.5", "encoding": "prefix", "repeat": 1, "status": "UNSAT", "solve_seconds": 0.007412314000248443, "sat_stage_seconds": 0.01255689500067092}
{"case_id": "c0053", "cell": "J35_p0.5", "encoding": "exclude_x", "repeat": 2, "status": "UNSAT", "solve_seconds": 0.0068874159987899475, "sat_stage_seconds": 0.011124910999569693}
{"case_id": "c0053", "cell": "J35_p0.5", "encoding": "prefix", "repeat": 2, "status": "UNSAT", "solve_seconds": 0.007504420998884598, "sat_stage_seconds": 0.0120968939991144}
{"case_id": "c0053", "cell": "J35_p0.5", "encoding": "exclude_h", "repeat": 2, "status": "UNSAT", "solve_seconds": 0.005425717999969493, "sat_stage_seconds": 0.009476436000113608}
{"case_id": "c0067", "cell": "J35_w3", "encoding": "prefix", "repeat": 0, "status": "UNSAT", "solve_seconds": 0.008537753999917186, "sat_stage_seconds": 0.013657538000188651}
{"case_id": "c0067", "cell": "J35_w3", "encoding": "exclude_h", "repeat": 0, "status": "UNSAT", "solve_seconds": 0.005855616000189912, "sat_stage_seconds": 0.010275412001647055}
{"case_id": "c0067", "cell": "J35_w3", "encoding": "exclude_x", "repeat": 0, "status": "UNSAT", "solve_seconds": 0.005883417001314228, "sat_stage_seconds": 0.011154385001646006}
{"case_id": "c0067", "cell": "J35_w3", "encoding": "exclude_h", "repeat": 1, "status": "UNSAT", "solve_seconds": 0.005560637999224127, "sat_stage_seconds": 0.009741218998897239}
{"case_id": "c0067", "cell": "J35_w3", "encoding": "exclude_x", "repeat": 1, "status": "UNSAT", "solve_seconds": 0.006655682000200613, "sat_stage_seconds": 0.011016750000635511}
{"case_id": "c0067", "cell": "J35_w3", "encoding": "prefix", "repeat": 1, "status": "UNSAT", "solve_seconds": 0.010044018999906257, "sat_stage_seconds": 0.021499050000784337}
{"case_id": "c0067", "cell": "J35_w3", "encoding": "exclude_x", "repeat": 2, "status": "UNSAT", "solve_seconds": 0.006395697000698419, "sat_stage_seconds": 0.01167895300022792}
{"case_id": "c0067", "cell": "J35_w3", "encoding": "prefix", "repeat": 2, "status": "UNSAT", "solve_seconds": 0.00879610700030753, "sat_stage_seconds": 0.013421638001091196}
{"case_id": "c0067", "cell": "J35_w3", "encoding": "exclude_h", "repeat": 2, "status": "UNSAT", "solve_seconds": 0.006386494000253151, "sat_stage_seconds": 0.010929051999482908}
{"case_id": "c0107", "cell": "J50_w2", "encoding": "prefix", "repeat": 0, "status": "UNSAT", "solve_seconds": 0.0077873410009488, "sat_stage_seconds": 0.012948585999765783}
{"case_id": "c0107", "cell": "J50_w2", "encoding": "exclude_x", "repeat": 0, "status": "UNSAT", "solve_seconds": 0.0074012889999721665, "sat_stage_seconds": 0.011339720000250963}
{"case_id": "c0107", "cell": "J50_w2", "encoding": "exclude_h", "repeat": 0, "status": "UNSAT", "solve_seconds": 0.0053354939991550054, "sat_stage_seconds": 0.00903581199781911}
{"case_id": "c0107", "cell": "J50_w2", "encoding": "exclude_x", "repeat": 1, "status": "UNSAT", "solve_seconds": 0.005506357001650031, "sat_stage_seconds": 0.009382387001096504}
{"case_id": "c0107", "cell": "J50_w2", "encoding": "exclude_h", "repeat": 1, "status": "UNSAT", "solve_seconds": 0.005440599999928963, "sat_stage_seconds": 0.009325642000476364}
{"case_id": "c0107", "cell": "J50_w2", "encoding": "prefix", "repeat": 1, "status": "UNSAT", "solve_seconds": 0.007284024000909994, "sat_stage_seconds": 0.011427670000557555}
{"case_id": "c0107", "cell": "J50_w2", "encoding": "exclude_h", "repeat": 2, "status": "UNSAT", "solve_seconds": 0.005319501000485616, "sat_stage_seconds": 0.008966670999143389}
{"case_id": "c0107", "cell": "J50_w2", "encoding": "prefix", "repeat": 2, "status": "UNSAT", "solve_seconds": 0.007654794000700349, "sat_stage_seconds": 0.011321844001940917}
{"case_id": "c0107", "cell": "J50_w2", "encoding": "exclude_x", "repeat": 2, "status": "UNSAT", "solve_seconds": 0.005293092001011246, "sat_stage_seconds": 0.008795588000793941}
{"case_id": "c0108", "cell": "J50_w3", "encoding": "exclude_x", "repeat": 0, "status": "UNSAT", "solve_seconds": 0.007242653000503196, "sat_stage_seconds": 0.012906784000733751}
{"case_id": "c0108", "cell": "J50_w3", "encoding": "prefix", "repeat": 0, "status": "UNSAT", "solve_seconds": 0.005414840999947046, "sat_stage_seconds": 0.017442131000279915}
{"case_id": "c0108", "cell": "J50_w3", "encoding": "exclude_h", "repeat": 0, "status": "UNSAT", "solve_seconds": 0.0071271510005317396, "sat_stage_seconds": 0.011929345000680769}
{"case_id": "c0108", "cell": "J50_w3", "encoding": "prefix", "repeat": 1, "status": "UNSAT", "solve_seconds": 0.00440984099986963, "sat_stage_seconds": 0.009248327998648165}
{"case_id": "c0108", "cell": "J50_w3", "encoding": "exclude_h", "repeat": 1, "status": "UNSAT", "solve_seconds": 0.007018030000836006, "sat_stage_seconds": 0.011952348999329843}
{"case_id": "c0108", "cell": "J50_w3", "encoding": "exclude_x", "repeat": 1, "status": "UNSAT", "solve_seconds": 0.007817005000106292, "sat_stage_seconds": 0.014207193999027368}
{"case_id": "c0108", "cell": "J50_w3", "encoding": "exclude_h", "repeat": 2, "status": "UNSAT", "solve_seconds": 0.0072345109983871225, "sat_stage_seconds": 0.012170031999630737}
{"case_id": "c0108", "cell": "J50_w3", "encoding": "exclude_x", "repeat": 2, "status": "UNSAT", "solve_seconds": 0.008292010001241579, "sat_stage_seconds": 0.013905236000937293}
{"case_id": "c0108", "cell": "J50_w3", "encoding": "prefix", "repeat": 2, "status": "UNSAT", "solve_seconds": 0.004785207998793339, "sat_stage_seconds": 0.009903108997605159}
{"case_id": "c0152", "cell": "J80_w3", "encoding": "exclude_x", "repeat": 0, "status": "UNSAT", "solve_seconds": 0.008948003000114113, "sat_stage_seconds": 0.0165039200001047}
{"case_id": "c0152", "cell": "J80_w3", "encoding": "exclude_h", "repeat": 0, "status": "UNSAT", "solve_seconds": 0.009418039999218308, "sat_stage_seconds": 0.01635263599928294}
{"case_id": "c0152", "cell": "J80_w3", "encoding": "prefix", "repeat": 0, "status": "UNSAT", "solve_seconds": 0.008356304999324493, "sat_stage_seconds": 0.015288967999367742}
{"case_id": "c0152", "cell": "J80_w3", "encoding": "exclude_h", "repeat": 1, "status": "UNSAT", "solve_seconds": 0.009734578999996302, "sat_stage_seconds": 0.01679178700032935}
{"case_id": "c0152", "cell": "J80_w3", "encoding": "prefix", "repeat": 1, "status": "UNSAT", "solve_seconds": 0.00813843200012343, "sat_stage_seconds": 0.01539751900054398}
{"case_id": "c0152", "cell": "J80_w3", "encoding": "exclude_x", "repeat": 1, "status": "UNSAT", "solve_seconds": 0.009290370000599069, "sat_stage_seconds": 0.01705586800017045}
{"case_id": "c0152", "cell": "J80_w3", "encoding": "prefix", "repeat": 2, "status": "UNSAT", "solve_seconds": 0.008375602999876719, "sat_stage_seconds": 0.015637614000297617}
{"case_id": "c0152", "cell": "J80_w3", "encoding": "exclude_x", "repeat": 2, "status": "UNSAT", "solve_seconds": 0.011712653000358841, "sat_stage_seconds": 0.01877685100043891}
{"case_id": "c0152", "cell": "J80_w3", "encoding": "exclude_h", "repeat": 2, "status": "UNSAT", "solve_seconds": 0.010094631999891135, "sat_stage_seconds": 0.01732288399944082}
{"case_id": "c0074", "cell": "J35_w5", "encoding": "exclude_h", "repeat": 0, "status": "UNSAT", "solve_seconds": 0.02758317299958435, "sat_stage_seconds": 0.03226078099942242}
{"case_id": "c0074", "cell": "J35_w5", "encoding": "prefix", "repeat": 0, "status": "UNSAT", "solve_seconds": 0.0365974139986065, "sat_stage_seconds": 0.04170720399815764}
{"case_id": "c0074", "cell": "J35_w5", "encoding": "exclude_x", "repeat": 0, "status": "UNSAT", "solve_seconds": 0.032245519001662615, "sat_stage_seconds": 0.03721399900132383}
{"case_id": "c0074", "cell": "J35_w5", "encoding": "prefix", "repeat": 1, "status": "UNSAT", "solve_seconds": 0.03685808099908172, "sat_stage_seconds": 0.04178355600015493}
{"case_id": "c0074", "cell": "J35_w5", "encoding": "exclude_x", "repeat": 1, "status": "UNSAT", "solve_seconds": 0.03219730699856882, "sat_stage_seconds": 0.03700741199827462}
{"case_id": "c0074", "cell": "J35_w5", "encoding": "exclude_h", "repeat": 1, "status": "UNSAT", "solve_seconds": 0.025016976998813334, "sat_stage_seconds": 0.03030500099885103}
{"case_id": "c0074", "cell": "J35_w5", "encoding": "exclude_x", "repeat": 2, "status": "UNSAT", "solve_seconds": 0.03137853299995186, "sat_stage_seconds": 0.03602185000090685}
{"case_id": "c0074", "cell": "J35_w5", "encoding": "exclude_h", "repeat": 2, "status": "UNSAT", "solve_seconds": 0.025366735999341472, "sat_stage_seconds": 0.029948682999020093}
{"case_id": "c0074", "cell": "J35_w5", "encoding": "prefix", "repeat": 2, "status": "UNSAT", "solve_seconds": 0.039624093000384164, "sat_stage_seconds": 0.04433571099980327}
{"case_id": "c0079", "cell": "J35_w1to3", "encoding": "exclude_h", "repeat": 0, "status": "UNSAT", "solve_seconds": 0.006146126999738044, "sat_stage_seconds": 0.010253769998598727}
{"case_id": "c0079", "cell": "J35_w1to3", "encoding": "exclude_x", "repeat": 0, "status": "UNSAT", "solve_seconds": 0.005639835000692983, "sat_stage_seconds": 0.009617384999728529}
{"case_id": "c0079", "cell": "J35_w1to3", "encoding": "prefix", "repeat": 0, "status": "UNSAT", "solve_seconds": 0.003524126999764121, "sat_stage_seconds": 0.007436070000039763}
{"case_id": "c0079", "cell": "J35_w1to3", "encoding": "exclude_x", "repeat": 1, "status": "UNSAT", "solve_seconds": 0.005750158999944688, "sat_stage_seconds": 0.009551987999657285}
{"case_id": "c0079", "cell": "J35_w1to3", "encoding": "prefix", "repeat": 1, "status": "UNSAT", "solve_seconds": 0.0033925919997273013, "sat_stage_seconds": 0.00745619900044403}
{"case_id": "c0079", "cell": "J35_w1to3", "encoding": "exclude_h", "repeat": 1, "status": "UNSAT", "solve_seconds": 0.00540311499935342, "sat_stage_seconds": 0.009169881999696372}
{"case_id": "c0079", "cell": "J35_w1to3", "encoding": "prefix", "repeat": 2, "status": "UNSAT", "solve_seconds": 0.0033719809998729033, "sat_stage_seconds": 0.007538039999417379}
{"case_id": "c0079", "cell": "J35_w1to3", "encoding": "exclude_h", "repeat": 2, "status": "UNSAT", "solve_seconds": 0.005917196000154945, "sat_stage_seconds": 0.009588451999661629}
{"case_id": "c0079", "cell": "J35_w1to3", "encoding": "exclude_x", "repeat": 2, "status": "UNSAT", "solve_seconds": 0.005578113999945344, "sat_stage_seconds": 0.009778404000826413}
{"case_id": "c0136", "cell": "J80_p0.5", "encoding": "exclude_h", "repeat": 0, "status": "UNSAT", "solve_seconds": 0.009081469999728142, "sat_stage_seconds": 0.016446133999124868}
{"case_id": "c0136", "cell": "J80_p0.5", "encoding": "exclude_x", "repeat": 0, "status": "UNSAT", "solve_seconds": 0.009203551000609878, "sat_stage_seconds": 0.016814000000522356}
{"case_id": "c0136", "cell": "J80_p0.5", "encoding": "prefix", "repeat": 0, "status": "UNSAT", "solve_seconds": 0.008285399999294896, "sat_stage_seconds": 0.016312264999214676}
{"case_id": "c0136", "cell": "J80_p0.5", "encoding": "exclude_x", "repeat": 1, "status": "UNSAT", "solve_seconds": 0.009055901999090565, "sat_stage_seconds": 0.016968838999673608}
{"case_id": "c0136", "cell": "J80_p0.5", "encoding": "prefix", "repeat": 1, "status": "UNSAT", "solve_seconds": 0.00826449899977888, "sat_stage_seconds": 0.015766757000164944}
{"case_id": "c0136", "cell": "J80_p0.5", "encoding": "exclude_h", "repeat": 1, "status": "UNSAT", "solve_seconds": 0.00928127599945583, "sat_stage_seconds": 0.017068858000129694}
{"case_id": "c0136", "cell": "J80_p0.5", "encoding": "prefix", "repeat": 2, "status": "UNSAT", "solve_seconds": 0.007623798001077375, "sat_stage_seconds": 0.015716281001004972}
{"case_id": "c0136", "cell": "J80_p0.5", "encoding": "exclude_h", "repeat": 2, "status": "UNSAT", "solve_seconds": 0.009835157999987132, "sat_stage_seconds": 0.01797941899894795}
{"case_id": "c0136", "cell": "J80_p0.5", "encoding": "exclude_x", "repeat": 2, "status": "UNSAT", "solve_seconds": 0.009225062998666544, "sat_stage_seconds": 0.016819577998830937}
{"case_id": "c0168", "cell": "cycle10", "encoding": "exclude_h", "repeat": 0, "status": "SAT", "solve_seconds": 0.0002174220007873373, "sat_stage_seconds": 0.001755593000780209}
{"case_id": "c0168", "cell": "cycle10", "encoding": "prefix", "repeat": 0, "status": "SAT", "solve_seconds": 0.0018481810002413113, "sat_stage_seconds": 0.004074073000083445}
{"case_id": "c0168", "cell": "cycle10", "encoding": "exclude_x", "repeat": 0, "status": "SAT", "solve_seconds": 0.0002185440007451689, "sat_stage_seconds": 0.001790686001186259}
{"case_id": "c0168", "cell": "cycle10", "encoding": "prefix", "repeat": 1, "status": "SAT", "solve_seconds": 0.001759059001415153, "sat_stage_seconds": 0.0034928300010506064}
{"case_id": "c0168", "cell": "cycle10", "encoding": "exclude_x", "repeat": 1, "status": "SAT", "solve_seconds": 0.00025320599888800643, "sat_stage_seconds": 0.002204038997660973}
{"case_id": "c0168", "cell": "cycle10", "encoding": "exclude_h", "repeat": 1, "status": "SAT", "solve_seconds": 0.00023667099958402105, "sat_stage_seconds": 0.0017762239986041095}
{"case_id": "c0168", "cell": "cycle10", "encoding": "exclude_x", "repeat": 2, "status": "SAT", "solve_seconds": 0.00021902499975112732, "sat_stage_seconds": 0.0019250860004831338}
{"case_id": "c0168", "cell": "cycle10", "encoding": "exclude_h", "repeat": 2, "status": "SAT", "solve_seconds": 0.00021331599964469206, "sat_stage_seconds": 0.0018316460009373259}
{"case_id": "c0168", "cell": "cycle10", "encoding": "prefix", "repeat": 2, "status": "SAT", "solve_seconds": 0.0019335580000188202, "sat_stage_seconds": 0.004239477999362862}
{"case_id": "c0014", "cell": "J20_p0.7", "encoding": "exclude_x", "repeat": 0, "status": "SAT", "solve_seconds": 0.00425544199970318, "sat_stage_seconds": 0.00718005999988236}
{"case_id": "c0014", "cell": "J20_p0.7", "encoding": "prefix", "repeat": 0, "status": "SAT", "solve_seconds": 0.004749495001306059, "sat_stage_seconds": 0.008102508001684328}
{"case_id": "c0014", "cell": "J20_p0.7", "encoding": "exclude_h", "repeat": 0, "status": "SAT", "solve_seconds": 0.004367908999483916, "sat_stage_seconds": 0.007261630998982582}
{"case_id": "c0014", "cell": "J20_p0.7", "encoding": "prefix", "repeat": 1, "status": "SAT", "solve_seconds": 0.004848131000471767, "sat_stage_seconds": 0.007934129000204848}
{"case_id": "c0014", "cell": "J20_p0.7", "encoding": "exclude_h", "repeat": 1, "status": "SAT", "solve_seconds": 0.005103530000269529, "sat_stage_seconds": 0.008212851998905535}
{"case_id": "c0014", "cell": "J20_p0.7", "encoding": "exclude_x", "repeat": 1, "status": "SAT", "solve_seconds": 0.005959519001407898, "sat_stage_seconds": 0.009541973000523285}
{"case_id": "c0014", "cell": "J20_p0.7", "encoding": "exclude_h", "repeat": 2, "status": "SAT", "solve_seconds": 0.004462208999029826, "sat_stage_seconds": 0.008032574998651398}
{"case_id": "c0014", "cell": "J20_p0.7", "encoding": "exclude_x", "repeat": 2, "status": "SAT", "solve_seconds": 0.004578852000122424, "sat_stage_seconds": 0.007752088999041007}
{"case_id": "c0014", "cell": "J20_p0.7", "encoding": "prefix", "repeat": 2, "status": "SAT", "solve_seconds": 0.005189477000385523, "sat_stage_seconds": 0.008782165999946301}
{"case_id": "c0139", "cell": "J80_p0.7", "encoding": "exclude_h", "repeat": 0, "status": "UNSAT", "solve_seconds": 0.04027985699940473, "sat_stage_seconds": 0.04852951399880112}
{"case_id": "c0139", "cell": "J80_p0.7", "encoding": "exclude_x", "repeat": 0, "status": "UNSAT", "solve_seconds": 0.03631683899948257, "sat_stage_seconds": 0.04443971799992141}
{"case_id": "c0139", "cell": "J80_p0.7", "encoding": "prefix", "repeat": 0, "status": "UNSAT", "solve_seconds": 0.030564065998987644, "sat_stage_seconds": 0.03883367199887289}
{"case_id": "c0139", "cell": "J80_p0.7", "encoding": "exclude_x", "repeat": 1, "status": "UNSAT", "solve_seconds": 0.06560132800041174, "sat_stage_seconds": 0.07228790700173704}
{"case_id": "c0139", "cell": "J80_p0.7", "encoding": "prefix", "repeat": 1, "status": "UNSAT", "solve_seconds": 0.030042872998819803, "sat_stage_seconds": 0.03685452599893324}
{"case_id": "c0139", "cell": "J80_p0.7", "encoding": "exclude_h", "repeat": 1, "status": "UNSAT", "solve_seconds": 0.05245498700060125, "sat_stage_seconds": 0.07815147300061653}
{"case_id": "c0139", "cell": "J80_p0.7", "encoding": "prefix", "repeat": 2, "status": "UNSAT", "solve_seconds": 0.029231328000605572, "sat_stage_seconds": 0.037262230000123964}
{"case_id": "c0139", "cell": "J80_p0.7", "encoding": "exclude_h", "repeat": 2, "status": "UNSAT", "solve_seconds": 0.03579806899870164, "sat_stage_seconds": 0.04179689699958544}
{"case_id": "c0139", "cell": "J80_p0.7", "encoding": "exclude_x", "repeat": 2, "status": "UNSAT", "solve_seconds": 0.03247155499957444, "sat_stage_seconds": 0.038608347000263166}
{"case_id": "c0045", "cell": "J35_p0.3", "encoding": "exclude_h", "repeat": 0, "status": "UNSAT", "solve_seconds": 0.005503062000570935, "sat_stage_seconds": 0.008999238001706544}
{"case_id": "c0045", "cell": "J35_p0.3", "encoding": "prefix", "repeat": 0, "status": "UNSAT", "solve_seconds": 0.004238748000716441, "sat_stage_seconds": 0.007819319000191172}
{"case_id": "c0045", "cell": "J35_p0.3", "encoding": "exclude_x", "repeat": 0, "status": "UNSAT", "solve_seconds": 0.0060898129995621275, "sat_stage_seconds": 0.00949627599948144}
{"case_id": "c0045", "cell": "J35_p0.3", "encoding": "prefix", "repeat": 1, "status": "UNSAT", "solve_seconds": 0.004410101999383187, "sat_stage_seconds": 0.007939246999740135}
{"case_id": "c0045", "cell": "J35_p0.3", "encoding": "exclude_x", "repeat": 1, "status": "UNSAT", "solve_seconds": 0.005870048000360839, "sat_stage_seconds": 0.009257132000129786}
{"case_id": "c0045", "cell": "J35_p0.3", "encoding": "exclude_h", "repeat": 1, "status": "UNSAT", "solve_seconds": 0.005048357999839936, "sat_stage_seconds": 0.008421771999564953}
{"case_id": "c0045", "cell": "J35_p0.3", "encoding": "exclude_x", "repeat": 2, "status": "UNSAT", "solve_seconds": 0.0058430370008863974, "sat_stage_seconds": 0.00924343100086844}
{"case_id": "c0045", "cell": "J35_p0.3", "encoding": "exclude_h", "repeat": 2, "status": "UNSAT", "solve_seconds": 0.004833169001358328, "sat_stage_seconds": 0.008197569000913063}
{"case_id": "c0045", "cell": "J35_p0.3", "encoding": "prefix", "repeat": 2, "status": "UNSAT", "solve_seconds": 0.0056685579984332435, "sat_stage_seconds": 0.009559338999679312}
{"case_id": "c0149", "cell": "J80_w2", "encoding": "prefix", "repeat": 0, "status": "UNSAT", "solve_seconds": 0.006066008001653245, "sat_stage_seconds": 0.011886522001077537}
{"case_id": "c0149", "cell": "J80_w2", "encoding": "exclude_h", "repeat": 0, "status": "UNSAT", "solve_seconds": 0.006846304999271524, "sat_stage_seconds": 0.011911387999134604}
{"case_id": "c0149", "cell": "J80_w2", "encoding": "exclude_x", "repeat": 0, "status": "UNSAT", "solve_seconds": 0.0067461059989000205, "sat_stage_seconds": 0.012394333998599905}
{"case_id": "c0149", "cell": "J80_w2", "encoding": "exclude_h", "repeat": 1, "status": "UNSAT", "solve_seconds": 0.007843424000384402, "sat_stage_seconds": 0.012931682000271394}
{"case_id": "c0149", "cell": "J80_w2", "encoding": "exclude_x", "repeat": 1, "status": "UNSAT", "solve_seconds": 0.0058485650006332435, "sat_stage_seconds": 0.011747405000278377}
{"case_id": "c0149", "cell": "J80_w2", "encoding": "prefix", "repeat": 1, "status": "UNSAT", "solve_seconds": 0.006219055001565721, "sat_stage_seconds": 0.012424319002093398}
{"case_id": "c0149", "cell": "J80_w2", "encoding": "exclude_x", "repeat": 2, "status": "UNSAT", "solve_seconds": 0.0057783310003287625, "sat_stage_seconds": 0.010641064000083134}
{"case_id": "c0149", "cell": "J80_w2", "encoding": "prefix", "repeat": 2, "status": "UNSAT", "solve_seconds": 0.0058159260006505065, "sat_stage_seconds": 0.011138521000248147}
{"case_id": "c0149", "cell": "J80_w2", "encoding": "exclude_h", "repeat": 2, "status": "UNSAT", "solve_seconds": 0.007164246999309398, "sat_stage_seconds": 0.01185114899999462}
{"case_id": "c0141", "cell": "J80_p0.7", "encoding": "prefix", "repeat": 0, "status": "UNSAT", "solve_seconds": 0.03910718800034374, "sat_stage_seconds": 0.046007023000129266}
{"case_id": "c0141", "cell": "J80_p0.7", "encoding": "exclude_x", "repeat": 0, "status": "UNSAT", "solve_seconds": 0.05898121700010961, "sat_stage_seconds": 0.06526434700026584}
{"case_id": "c0141", "cell": "J80_p0.7", "encoding": "exclude_h", "repeat": 0, "status": "UNSAT", "solve_seconds": 0.05446706100156007, "sat_stage_seconds": 0.06261120100134576}
{"case_id": "c0141", "cell": "J80_p0.7", "encoding": "exclude_x", "repeat": 1, "status": "UNSAT", "solve_seconds": 0.05723799099905591, "sat_stage_seconds": 0.06361395799831371}
{"case_id": "c0141", "cell": "J80_p0.7", "encoding": "exclude_h", "repeat": 1, "status": "UNSAT", "solve_seconds": 0.05825254599949403, "sat_stage_seconds": 0.06543256599979941}
{"case_id": "c0141", "cell": "J80_p0.7", "encoding": "prefix", "repeat": 1, "status": "UNSAT", "solve_seconds": 0.044341382001221064, "sat_stage_seconds": 0.050918618002469884}
{"case_id": "c0141", "cell": "J80_p0.7", "encoding": "exclude_h", "repeat": 2, "status": "UNSAT", "solve_seconds": 0.05684572899917839, "sat_stage_seconds": 0.06354287300018768}
{"case_id": "c0141", "cell": "J80_p0.7", "encoding": "prefix", "repeat": 2, "status": "UNSAT", "solve_seconds": 0.03969644300013897, "sat_stage_seconds": 0.046463620999929844}
{"case_id": "c0141", "cell": "J80_p0.7", "encoding": "exclude_x", "repeat": 2, "status": "UNSAT", "solve_seconds": 0.05739895999977307, "sat_stage_seconds": 0.0643065160002152}
{"case_id": "c0002", "cell": "J20_p0.3", "encoding": "exclude_x", "repeat": 0, "status": "UNSAT", "solve_seconds": 0.005032594999647699, "sat_stage_seconds": 0.00877647800007253}
{"case_id": "c0002", "cell": "J20_p0.3", "encoding": "exclude_h", "repeat": 0, "status": "UNSAT", "solve_seconds": 0.004140872000789386, "sat_stage_seconds": 0.006940364999536541}
{"case_id": "c0002", "cell": "J20_p0.3", "encoding": "prefix", "repeat": 0, "status": "UNSAT", "solve_seconds": 0.008110890999887488, "sat_stage_seconds": 0.01107093199971132}
{"case_id": "c0002", "cell": "J20_p0.3", "encoding": "exclude_h", "repeat": 1, "status": "UNSAT", "solve_seconds": 0.004156596000029822, "sat_stage_seconds": 0.007046823000564473}
{"case_id": "c0002", "cell": "J20_p0.3", "encoding": "prefix", "repeat": 1, "status": "UNSAT", "solve_seconds": 0.008045204000154627, "sat_stage_seconds": 0.010994098000082886}
{"case_id": "c0002", "cell": "J20_p0.3", "encoding": "exclude_x", "repeat": 1, "status": "UNSAT", "solve_seconds": 0.004245707999871229, "sat_stage_seconds": 0.0070193819992709905}
{"case_id": "c0002", "cell": "J20_p0.3", "encoding": "prefix", "repeat": 2, "status": "UNSAT", "solve_seconds": 0.008188877000065986, "sat_stage_seconds": 0.011092664000898367}
{"case_id": "c0002", "cell": "J20_p0.3", "encoding": "exclude_x", "repeat": 2, "status": "UNSAT", "solve_seconds": 0.0043644739998853765, "sat_stage_seconds": 0.007756896000501001}
{"case_id": "c0002", "cell": "J20_p0.3", "encoding": "exclude_h", "repeat": 2, "status": "UNSAT", "solve_seconds": 0.004149303998929099, "sat_stage_seconds": 0.007075323997923988}
{"case_id": "c0100", "cell": "J50_p0.7", "encoding": "prefix", "repeat": 0, "status": "UNSAT", "solve_seconds": 0.04821442700085754, "sat_stage_seconds": 0.05352791900077136}
{"case_id": "c0100", "cell": "J50_p0.7", "encoding": "exclude_x", "repeat": 0, "status": "UNSAT", "solve_seconds": 0.04980878199967265, "sat_stage_seconds": 0.05500927599860006}
{"case_id": "c0100", "cell": "J50_p0.7", "encoding": "exclude_h", "repeat": 0, "status": "UNSAT", "solve_seconds": 0.049013892999937525, "sat_stage_seconds": 0.05409328700079641}
{"case_id": "c0100", "cell": "J50_p0.7", "encoding": "exclude_x", "repeat": 1, "status": "UNSAT", "solve_seconds": 0.04706138600158738, "sat_stage_seconds": 0.05403882500286272}
{"case_id": "c0100", "cell": "J50_p0.7", "encoding": "exclude_h", "repeat": 1, "status": "UNSAT", "solve_seconds": 0.0484070629991038, "sat_stage_seconds": 0.053540507000434445}
{"case_id": "c0100", "cell": "J50_p0.7", "encoding": "prefix", "repeat": 1, "status": "UNSAT", "solve_seconds": 0.0468444840007578, "sat_stage_seconds": 0.052052039000045625}
{"case_id": "c0100", "cell": "J50_p0.7", "encoding": "exclude_h", "repeat": 2, "status": "UNSAT", "solve_seconds": 0.04943365500002983, "sat_stage_seconds": 0.05467712300014682}
{"case_id": "c0100", "cell": "J50_p0.7", "encoding": "prefix", "repeat": 2, "status": "UNSAT", "solve_seconds": 0.04979312800060143, "sat_stage_seconds": 0.05507940000097733}
{"case_id": "c0100", "cell": "J50_p0.7", "encoding": "exclude_x", "repeat": 2, "status": "UNSAT", "solve_seconds": 0.051185834001444164, "sat_stage_seconds": 0.05631249799989746}
{"case_id": "c0177", "cell": "block_pairs4_identity6", "encoding": "exclude_x", "repeat": 0, "status": "UNSAT", "solve_seconds": 0.004018801000711392, "sat_stage_seconds": 0.006190582000272116}
{"case_id": "c0177", "cell": "block_pairs4_identity6", "encoding": "prefix", "repeat": 0, "status": "UNSAT", "solve_seconds": 0.0037554710015683668, "sat_stage_seconds": 0.005786234001789126}
{"case_id": "c0177", "cell": "block_pairs4_identity6", "encoding": "exclude_h", "repeat": 0, "status": "UNSAT", "solve_seconds": 0.004052150999996229, "sat_stage_seconds": 0.005911499001740594}
{"case_id": "c0177", "cell": "block_pairs4_identity6", "encoding": "prefix", "repeat": 1, "status": "UNSAT", "solve_seconds": 0.0037804370003868826, "sat_stage_seconds": 0.005727896001189947}
{"case_id": "c0177", "cell": "block_pairs4_identity6", "encoding": "exclude_h", "repeat": 1, "status": "UNSAT", "solve_seconds": 0.004010549000668107, "sat_stage_seconds": 0.005775226001787814}
{"case_id": "c0177", "cell": "block_pairs4_identity6", "encoding": "exclude_x", "repeat": 1, "status": "UNSAT", "solve_seconds": 0.003996917999756988, "sat_stage_seconds": 0.00584673099911015}
{"case_id": "c0177", "cell": "block_pairs4_identity6", "encoding": "exclude_h", "repeat": 2, "status": "UNSAT", "solve_seconds": 0.003922407999198185, "sat_stage_seconds": 0.005567479000092135}
{"case_id": "c0177", "cell": "block_pairs4_identity6", "encoding": "exclude_x", "repeat": 2, "status": "UNSAT", "solve_seconds": 0.004016527998828678, "sat_stage_seconds": 0.005791740999484318}
{"case_id": "c0177", "cell": "block_pairs4_identity6", "encoding": "prefix", "repeat": 2, "status": "UNSAT", "solve_seconds": 0.0037782550007250393, "sat_stage_seconds": 0.005642179999995278}
{"case_id": "c0096", "cell": "J50_p0.7", "encoding": "exclude_h", "repeat": 0, "status": "UNSAT", "solve_seconds": 0.0531109399998968, "sat_stage_seconds": 0.057225102000302286}
{"case_id": "c0096", "cell": "J50_p0.7", "encoding": "exclude_x", "repeat": 0, "status": "UNSAT", "solve_seconds": 0.045921205999547965, "sat_stage_seconds": 0.05018153499986511}
{"case_id": "c0096", "cell": "J50_p0.7", "encoding": "prefix", "repeat": 0, "status": "UNSAT", "solve_seconds": 0.06029229200066766, "sat_stage_seconds": 0.0645450100000744}
{"case_id": "c0096", "cell": "J50_p0.7", "encoding": "exclude_x", "repeat": 1, "status": "UNSAT", "solve_seconds": 0.04721959100061213, "sat_stage_seconds": 0.05166393400031666}
{"case_id": "c0096", "cell": "J50_p0.7", "encoding": "prefix", "repeat": 1, "status": "UNSAT", "solve_seconds": 0.07558075899942196, "sat_stage_seconds": 0.07992113699947367}
{"case_id": "c0096", "cell": "J50_p0.7", "encoding": "exclude_h", "repeat": 1, "status": "UNSAT", "solve_seconds": 0.06054940300055023, "sat_stage_seconds": 0.06529145700005756}
{"case_id": "c0096", "cell": "J50_p0.7", "encoding": "prefix", "repeat": 2, "status": "UNSAT", "solve_seconds": 0.06913970499954303, "sat_stage_seconds": 0.07395178399929137}
{"case_id": "c0096", "cell": "J50_p0.7", "encoding": "exclude_h", "repeat": 2, "status": "UNSAT", "solve_seconds": 0.059879429998545675, "sat_stage_seconds": 0.06550222099940584}
{"case_id": "c0096", "cell": "J50_p0.7", "encoding": "exclude_x", "repeat": 2, "status": "UNSAT", "solve_seconds": 0.05201736799972423, "sat_stage_seconds": 0.056351076000282774}
{"case_id": "c0101", "cell": "J50_p0.7", "encoding": "prefix", "repeat": 0, "status": "UNSAT", "solve_seconds": 0.0466746330002934, "sat_stage_seconds": 0.05138695300047402}
{"case_id": "c0101", "cell": "J50_p0.7", "encoding": "exclude_h", "repeat": 0, "status": "UNSAT", "solve_seconds": 0.05914135499915574, "sat_stage_seconds": 0.06388952799898107}
{"case_id": "c0101", "cell": "J50_p0.7", "encoding": "exclude_x", "repeat": 0, "status": "UNSAT", "solve_seconds": 0.047019935000207624, "sat_stage_seconds": 0.051487751999957254}
{"case_id": "c0101", "cell": "J50_p0.7", "encoding": "exclude_h", "repeat": 1, "status": "UNSAT", "solve_seconds": 0.05464501499955077, "sat_stage_seconds": 0.05895704099930299}
{"case_id": "c0101", "cell": "J50_p0.7", "encoding": "exclude_x", "repeat": 1, "status": "UNSAT", "solve_seconds": 0.04624957300075039, "sat_stage_seconds": 0.05085225100083335}
{"case_id": "c0101", "cell": "J50_p0.7", "encoding": "prefix", "repeat": 1, "status": "UNSAT", "solve_seconds": 0.049450389999037725, "sat_stage_seconds": 0.05406942199806508}
{"case_id": "c0101", "cell": "J50_p0.7", "encoding": "exclude_x", "repeat": 2, "status": "UNSAT", "solve_seconds": 0.04778707300101814, "sat_stage_seconds": 0.051851402002284885}
{"case_id": "c0101", "cell": "J50_p0.7", "encoding": "prefix", "repeat": 2, "status": "UNSAT", "solve_seconds": 0.046297123000840656, "sat_stage_seconds": 0.050616610002180096}
{"case_id": "c0101", "cell": "J50_p0.7", "encoding": "exclude_h", "repeat": 2, "status": "UNSAT", "solve_seconds": 0.05364478199953737, "sat_stage_seconds": 0.058217033998516854}
{"case_id": "c0076", "cell": "J35_w5", "encoding": "exclude_x", "repeat": 0, "status": "UNSAT", "solve_seconds": 0.03338551100023324, "sat_stage_seconds": 0.03899869700035197}
{"case_id": "c0076", "cell": "J35_w5", "encoding": "prefix", "repeat": 0, "status": "UNSAT", "solve_seconds": 0.035692112000106135, "sat_stage_seconds": 0.04124559999945632}
{"case_id": "c0076", "cell": "J35_w5", "encoding": "exclude_h", "repeat": 0, "status": "UNSAT", "solve_seconds": 0.03548179099925619, "sat_stage_seconds": 0.04067993199896591}
{"case_id": "c0076", "cell": "J35_w5", "encoding": "prefix", "repeat": 1, "status": "UNSAT", "solve_seconds": 0.03452018400093948, "sat_stage_seconds": 0.04035349700097868}
{"case_id": "c0076", "cell": "J35_w5", "encoding": "exclude_h", "repeat": 1, "status": "UNSAT", "solve_seconds": 0.03417454199916392, "sat_stage_seconds": 0.039326693999100826}
{"case_id": "c0076", "cell": "J35_w5", "encoding": "exclude_x", "repeat": 1, "status": "UNSAT", "solve_seconds": 0.036266203998820856, "sat_stage_seconds": 0.041243065999879036}
{"case_id": "c0076", "cell": "J35_w5", "encoding": "exclude_h", "repeat": 2, "status": "UNSAT", "solve_seconds": 0.03489668200018059, "sat_stage_seconds": 0.040465512000082526}
{"case_id": "c0076", "cell": "J35_w5", "encoding": "exclude_x", "repeat": 2, "status": "UNSAT", "solve_seconds": 0.03193017199919268, "sat_stage_seconds": 0.03698416800034465}
{"case_id": "c0076", "cell": "J35_w5", "encoding": "prefix", "repeat": 2, "status": "UNSAT", "solve_seconds": 0.036618796999391634, "sat_stage_seconds": 0.04210026799955813}
{"case_id": "c0145", "cell": "J80_w2", "encoding": "exclude_x", "repeat": 0, "status": "UNSAT", "solve_seconds": 0.0073919839996960945, "sat_stage_seconds": 0.012614830999154947}
{"case_id": "c0145", "cell": "J80_w2", "encoding": "exclude_h", "repeat": 0, "status": "UNSAT", "solve_seconds": 0.007553973999165464, "sat_stage_seconds": 0.012354794998827856}
{"case_id": "c0145", "cell": "J80_w2", "encoding": "prefix", "repeat": 0, "status": "UNSAT", "solve_seconds": 0.00734023699988029, "sat_stage_seconds": 0.011924086000362877}
{"case_id": "c0145", "cell": "J80_w2", "encoding": "exclude_h", "repeat": 1, "status": "UNSAT", "solve_seconds": 0.008200693999242503, "sat_stage_seconds": 0.01279617999898619}
{"case_id": "c0145", "cell": "J80_w2", "encoding": "prefix", "repeat": 1, "status": "UNSAT", "solve_seconds": 0.007364244000200415, "sat_stage_seconds": 0.012093990000721533}
{"case_id": "c0145", "cell": "J80_w2", "encoding": "exclude_x", "repeat": 1, "status": "UNSAT", "solve_seconds": 0.007456340999851818, "sat_stage_seconds": 0.012474033999751555}
{"case_id": "c0145", "cell": "J80_w2", "encoding": "prefix", "repeat": 2, "status": "UNSAT", "solve_seconds": 0.00869511799828615, "sat_stage_seconds": 0.013582656998551101}
{"case_id": "c0145", "cell": "J80_w2", "encoding": "exclude_x", "repeat": 2, "status": "UNSAT", "solve_seconds": 0.007675524999285699, "sat_stage_seconds": 0.01347257300039928}
{"case_id": "c0145", "cell": "J80_w2", "encoding": "exclude_h", "repeat": 2, "status": "UNSAT", "solve_seconds": 0.008010381001440692, "sat_stage_seconds": 0.012620349001736031}
{"case_id": "c0147", "cell": "J80_w2", "encoding": "exclude_x", "repeat": 0, "status": "UNSAT", "solve_seconds": 0.008775787000558921, "sat_stage_seconds": 0.013171777000025031}
{"case_id": "c0147", "cell": "J80_w2", "encoding": "exclude_h", "repeat": 0, "status": "UNSAT", "solve_seconds": 0.008795826999630663, "sat_stage_seconds": 0.013065138999081682}
{"case_id": "c0147", "cell": "J80_w2", "encoding": "prefix", "repeat": 0, "status": "UNSAT", "solve_seconds": 0.008375692999834428, "sat_stage_seconds": 0.01387529000021459}
{"case_id": "c0147", "cell": "J80_w2", "encoding": "exclude_h", "repeat": 1, "status": "UNSAT", "solve_seconds": 0.008842835999530507, "sat_stage_seconds": 0.013448877998598618}
{"case_id": "c0147", "cell": "J80_w2", "encoding": "prefix", "repeat": 1, "status": "UNSAT", "solve_seconds": 0.009850671000094735, "sat_stage_seconds": 0.014480559000730864}
{"case_id": "c0147", "cell": "J80_w2", "encoding": "exclude_x", "repeat": 1, "status": "UNSAT", "solve_seconds": 0.008976845001598122, "sat_stage_seconds": 0.01348724500167009}
{"case_id": "c0147", "cell": "J80_w2", "encoding": "prefix", "repeat": 2, "status": "UNSAT", "solve_seconds": 0.008895703998859972, "sat_stage_seconds": 0.013535545998820453}
{"case_id": "c0147", "cell": "J80_w2", "encoding": "exclude_x", "repeat": 2, "status": "UNSAT", "solve_seconds": 0.008795585999905597, "sat_stage_seconds": 0.01354601300045033}
{"case_id": "c0147", "cell": "J80_w2", "encoding": "exclude_h", "repeat": 2, "status": "UNSAT", "solve_seconds": 0.009359432000564993, "sat_stage_seconds": 0.013802883000607835}
{"case_id": "c0183", "cell": "petersen", "encoding": "exclude_x", "repeat": 0, "status": "UNSAT", "solve_seconds": 0.0029740209993178723, "sat_stage_seconds": 0.005503351998413564}
{"case_id": "c0183", "cell": "petersen", "encoding": "exclude_h", "repeat": 0, "status": "UNSAT", "solve_seconds": 0.003043564000108745, "sat_stage_seconds": 0.005140233999554766}
{"case_id": "c0183", "cell": "petersen", "encoding": "prefix", "repeat": 0, "status": "UNSAT", "solve_seconds": 0.005644904000291717, "sat_stage_seconds": 0.007837135999579914}
{"case_id": "c0183", "cell": "petersen", "encoding": "exclude_h", "repeat": 1, "status": "UNSAT", "solve_seconds": 0.0027065650010626996, "sat_stage_seconds": 0.004728714000520995}
{"case_id": "c0183", "cell": "petersen", "encoding": "prefix", "repeat": 1, "status": "UNSAT", "solve_seconds": 0.005881152999791084, "sat_stage_seconds": 0.00808704500013846}
{"case_id": "c0183", "cell": "petersen", "encoding": "exclude_x", "repeat": 1, "status": "UNSAT", "solve_seconds": 0.003925992999938899, "sat_stage_seconds": 0.006644725999649381}
{"case_id": "c0183", "cell": "petersen", "encoding": "prefix", "repeat": 2, "status": "UNSAT", "solve_seconds": 0.00564880799902312, "sat_stage_seconds": 0.008154013998137088}
{"case_id": "c0183", "cell": "petersen", "encoding": "exclude_x", "repeat": 2, "status": "UNSAT", "solve_seconds": 0.0032332259997929214, "sat_stage_seconds": 0.005557813999985228}
{"case_id": "c0183", "cell": "petersen", "encoding": "exclude_h", "repeat": 2, "status": "UNSAT", "solve_seconds": 0.0037389459994301433, "sat_stage_seconds": 0.006030304999512737}
{"case_id": "c0025", "cell": "J20_w3", "encoding": "exclude_h", "repeat": 0, "status": "UNSAT", "solve_seconds": 0.0038100619985925732, "sat_stage_seconds": 0.007060442998408689}
{"case_id": "c0025", "cell": "J20_w3", "encoding": "exclude_x", "repeat": 0, "status": "UNSAT", "solve_seconds": 0.0036073400005989242, "sat_stage_seconds": 0.0065263790002063615}
{"case_id": "c0025", "cell": "J20_w3", "encoding": "prefix", "repeat": 0, "status": "UNSAT", "solve_seconds": 0.006613769999603392, "sat_stage_seconds": 0.009322817999418476}
{"case_id": "c0025", "cell": "J20_w3", "encoding": "exclude_x", "repeat": 1, "status": "UNSAT", "solve_seconds": 0.003686879001179477, "sat_stage_seconds": 0.006292343001405243}
{"case_id": "c0025", "cell": "J20_w3", "encoding": "prefix", "repeat": 1, "status": "UNSAT", "solve_seconds": 0.006698425000649877, "sat_stage_seconds": 0.013404963001448778}
{"case_id": "c0025", "cell": "J20_w3", "encoding": "exclude_h", "repeat": 1, "status": "UNSAT", "solve_seconds": 0.004304756001147325, "sat_stage_seconds": 0.006621422000534949}
{"case_id": "c0025", "cell": "J20_w3", "encoding": "prefix", "repeat": 2, "status": "UNSAT", "solve_seconds": 0.010113622000062605, "sat_stage_seconds": 0.01296352799909073}
{"case_id": "c0025", "cell": "J20_w3", "encoding": "exclude_h", "repeat": 2, "status": "UNSAT", "solve_seconds": 0.004151037001065561, "sat_stage_seconds": 0.006729101000019}
{"case_id": "c0025", "cell": "J20_w3", "encoding": "exclude_x", "repeat": 2, "status": "UNSAT", "solve_seconds": 0.0038626789992122212, "sat_stage_seconds": 0.006426200998248532}
{"case_id": "c0167", "cell": "J80_w1to3", "encoding": "exclude_x", "repeat": 0, "status": "UNSAT", "solve_seconds": 0.0035439459988992894, "sat_stage_seconds": 0.0057137639978463994}
{"case_id": "c0167", "cell": "J80_w1to3", "encoding": "exclude_h", "repeat": 0, "status": "UNSAT", "solve_seconds": 0.0029727799992542714, "sat_stage_seconds": 0.005325629999788362}
{"case_id": "c0167", "cell": "J80_w1to3", "encoding": "prefix", "repeat": 0, "status": "UNSAT", "solve_seconds": 0.0062378729999181814, "sat_stage_seconds": 0.00922664500103565}
{"case_id": "c0167", "cell": "J80_w1to3", "encoding": "exclude_h", "repeat": 1, "status": "UNSAT", "solve_seconds": 0.002914343000156805, "sat_stage_seconds": 0.0052042289989913115}
{"case_id": "c0167", "cell": "J80_w1to3", "encoding": "prefix", "repeat": 1, "status": "UNSAT", "solve_seconds": 0.0063061839991860325, "sat_stage_seconds": 0.008744860999286175}
{"case_id": "c0167", "cell": "J80_w1to3", "encoding": "exclude_x", "repeat": 1, "status": "UNSAT", "solve_seconds": 0.004089264999493025, "sat_stage_seconds": 0.006326743998215534}
{"case_id": "c0167", "cell": "J80_w1to3", "encoding": "prefix", "repeat": 2, "status": "UNSAT", "solve_seconds": 0.006191774000399164, "sat_stage_seconds": 0.008721636000700528}
{"case_id": "c0167", "cell": "J80_w1to3", "encoding": "exclude_x", "repeat": 2, "status": "UNSAT", "solve_seconds": 0.003570885999579332, "sat_stage_seconds": 0.005821854998430354}
{"case_id": "c0167", "cell": "J80_w1to3", "encoding": "exclude_h", "repeat": 2, "status": "UNSAT", "solve_seconds": 0.0028540440016513458, "sat_stage_seconds": 0.005064573000709061}
{"case_id": "c0158", "cell": "J80_w5", "encoding": "exclude_x", "repeat": 0, "status": "UNSAT", "solve_seconds": 0.0292829050013097, "sat_stage_seconds": 0.04174431800129241}
{"case_id": "c0158", "cell": "J80_w5", "encoding": "prefix", "repeat": 0, "status": "UNSAT", "solve_seconds": 0.023013084999547573, "sat_stage_seconds": 0.03353862699987076}
{"case_id": "c0158", "cell": "J80_w5", "encoding": "exclude_h", "repeat": 0, "status": "UNSAT", "solve_seconds": 0.031003187001260812, "sat_stage_seconds": 0.040930040002422174}
{"case_id": "c0158", "cell": "J80_w5", "encoding": "prefix", "repeat": 1, "status": "UNSAT", "solve_seconds": 0.02487316399856354, "sat_stage_seconds": 0.035277075998237706}
{"case_id": "c0158", "cell": "J80_w5", "encoding": "exclude_h", "repeat": 1, "status": "UNSAT", "solve_seconds": 0.028407646999767167, "sat_stage_seconds": 0.03856285000074422}
{"case_id": "c0158", "cell": "J80_w5", "encoding": "exclude_x", "repeat": 1, "status": "UNSAT", "solve_seconds": 0.03159332200084464, "sat_stage_seconds": 0.04226777599978959}
{"case_id": "c0158", "cell": "J80_w5", "encoding": "exclude_h", "repeat": 2, "status": "UNSAT", "solve_seconds": 0.03170101099931344, "sat_stage_seconds": 0.047322401998826535}
{"case_id": "c0158", "cell": "J80_w5", "encoding": "exclude_x", "repeat": 2, "status": "UNSAT", "solve_seconds": 0.029400718998658704, "sat_stage_seconds": 0.039201084999149316}
{"case_id": "c0158", "cell": "J80_w5", "encoding": "prefix", "repeat": 2, "status": "UNSAT", "solve_seconds": 0.025140450001345016, "sat_stage_seconds": 0.03513317200122401}
{"case_id": "c0111", "cell": "J50_w3", "encoding": "prefix", "repeat": 0, "status": "UNSAT", "solve_seconds": 0.017837056999269407, "sat_stage_seconds": 0.02393199699872639}
{"case_id": "c0111", "cell": "J50_w3", "encoding": "exclude_x", "repeat": 0, "status": "UNSAT", "solve_seconds": 0.009523726999759674, "sat_stage_seconds": 0.015431890000400017}
{"case_id": "c0111", "cell": "J50_w3", "encoding": "exclude_h", "repeat": 0, "status": "UNSAT", "solve_seconds": 0.009170923000056064, "sat_stage_seconds": 0.014802055000473047}
{"case_id": "c0111", "cell": "J50_w3", "encoding": "exclude_x", "repeat": 1, "status": "UNSAT", "solve_seconds": 0.009770702999958303, "sat_stage_seconds": 0.0173803500001668}
{"case_id": "c0111", "cell": "J50_w3", "encoding": "exclude_h", "repeat": 1, "status": "UNSAT", "solve_seconds": 0.00964966299943626, "sat_stage_seconds": 0.015663062000385253}
{"case_id": "c0111", "cell": "J50_w3", "encoding": "prefix", "repeat": 1, "status": "UNSAT", "solve_seconds": 0.015800605999174877, "sat_stage_seconds": 0.021830599998793332}
{"case_id": "c0111", "cell": "J50_w3", "encoding": "exclude_h", "repeat": 2, "status": "UNSAT", "solve_seconds": 0.009219104000294465, "sat_stage_seconds": 0.015054528999826289}
{"case_id": "c0111", "cell": "J50_w3", "encoding": "prefix", "repeat": 2, "status": "UNSAT", "solve_seconds": 0.016282210999634117, "sat_stage_seconds": 0.022178356999575044}
{"case_id": "c0111", "cell": "J50_w3", "encoding": "exclude_x", "repeat": 2, "status": "UNSAT", "solve_seconds": 0.00920073700035573, "sat_stage_seconds": 0.015008666001449456}
{"case_id": "c0094", "cell": "J50_p0.5", "encoding": "exclude_h", "repeat": 0, "status": "UNSAT", "solve_seconds": 0.00507619999916642, "sat_stage_seconds": 0.010167931999603752}
{"case_id": "c0094", "cell": "J50_p0.5", "encoding": "exclude_x", "repeat": 0, "status": "UNSAT", "solve_seconds": 0.0049424299995735055, "sat_stage_seconds": 0.009865623000223422}
{"case_id": "c0094", "cell": "J50_p0.5", "encoding": "prefix", "repeat": 0, "status": "UNSAT", "solve_seconds": 0.00884801400025026, "sat_stage_seconds": 0.013794751999739674}
{"case_id": "c0094", "cell": "J50_p0.5", "encoding": "exclude_x", "repeat": 1, "status": "UNSAT", "solve_seconds": 0.005052154001532472, "sat_stage_seconds": 0.0100912990001234}
{"case_id": "c0094", "cell": "J50_p0.5", "encoding": "prefix", "repeat": 1, "status": "UNSAT", "solve_seconds": 0.009501554000962642, "sat_stage_seconds": 0.014887813000314054}
{"case_id": "c0094", "cell": "J50_p0.5", "encoding": "exclude_h", "repeat": 1, "status": "UNSAT", "solve_seconds": 0.005048688000897528, "sat_stage_seconds": 0.010323501999664586}
{"case_id": "c0094", "cell": "J50_p0.5", "encoding": "prefix", "repeat": 2, "status": "UNSAT", "solve_seconds": 0.00903065500097, "sat_stage_seconds": 0.01425540399941383}
{"case_id": "c0094", "cell": "J50_p0.5", "encoding": "exclude_h", "repeat": 2, "status": "UNSAT", "solve_seconds": 0.004961689999618102, "sat_stage_seconds": 0.009881066998786991}
{"case_id": "c0094", "cell": "J50_p0.5", "encoding": "exclude_x", "repeat": 2, "status": "UNSAT", "solve_seconds": 0.00485383900013403, "sat_stage_seconds": 0.009985671000322327}
{"case_id": "c0090", "cell": "J50_p0.5", "encoding": "exclude_h", "repeat": 0, "status": "UNSAT", "solve_seconds": 0.0060393879994080635, "sat_stage_seconds": 0.01044676499805064}
{"case_id": "c0090", "cell": "J50_p0.5", "encoding": "prefix", "repeat": 0, "status": "UNSAT", "solve_seconds": 0.005714997001632582, "sat_stage_seconds": 0.011699163002049318}
{"case_id": "c0090", "cell": "J50_p0.5", "encoding": "exclude_x", "repeat": 0, "status": "UNSAT", "solve_seconds": 0.005610381998849334, "sat_stage_seconds": 0.010171697998885065}
{"case_id": "c0090", "cell": "J50_p0.5", "encoding": "prefix", "repeat": 1, "status": "UNSAT", "solve_seconds": 0.005696498999895994, "sat_stage_seconds": 0.010346596000090358}
{"case_id": "c0090", "cell": "J50_p0.5", "encoding": "exclude_x", "repeat": 1, "status": "UNSAT", "solve_seconds": 0.005351939000320272, "sat_stage_seconds": 0.00958105199970305}
{"case_id": "c0090", "cell": "J50_p0.5", "encoding": "exclude_h", "repeat": 1, "status": "UNSAT", "solve_seconds": 0.006774609000785858, "sat_stage_seconds": 0.011426880000726669}
{"case_id": "c0090", "cell": "J50_p0.5", "encoding": "exclude_x", "repeat": 2, "status": "UNSAT", "solve_seconds": 0.005920132000028389, "sat_stage_seconds": 0.010276293000060832}
{"case_id": "c0090", "cell": "J50_p0.5", "encoding": "exclude_h", "repeat": 2, "status": "UNSAT", "solve_seconds": 0.00642831400000432, "sat_stage_seconds": 0.010882079999646521}
{"case_id": "c0090", "cell": "J50_p0.5", "encoding": "prefix", "repeat": 2, "status": "UNSAT", "solve_seconds": 0.0056905000001279404, "sat_stage_seconds": 0.01049655899987556}
{"case_id": "c0148", "cell": "J80_w2", "encoding": "exclude_x", "repeat": 0, "status": "UNSAT", "solve_seconds": 0.00875604800057772, "sat_stage_seconds": 0.013640922999911709}
{"case_id": "c0148", "cell": "J80_w2", "encoding": "exclude_h", "repeat": 0, "status": "UNSAT", "solve_seconds": 0.011756613999750698, "sat_stage_seconds": 0.01657240699933027}
{"case_id": "c0148", "cell": "J80_w2", "encoding": "prefix", "repeat": 0, "status": "UNSAT", "solve_seconds": 0.00900902200010023, "sat_stage_seconds": 0.017226240999661968}
{"case_id": "c0148", "cell": "J80_w2", "encoding": "exclude_h", "repeat": 1, "status": "UNSAT", "solve_seconds": 0.009255418999600806, "sat_stage_seconds": 0.015457948999028304}
{"case_id": "c0148", "cell": "J80_w2", "encoding": "prefix", "repeat": 1, "status": "UNSAT", "solve_seconds": 0.008179984000889817, "sat_stage_seconds": 0.01332077000188292}
{"case_id": "c0148", "cell": "J80_w2", "encoding": "exclude_x", "repeat": 1, "status": "UNSAT", "solve_seconds": 0.00909863600099925, "sat_stage_seconds": 0.01597474500158569}
{"case_id": "c0148", "cell": "J80_w2", "encoding": "prefix", "repeat": 2, "status": "UNSAT", "solve_seconds": 0.009377950998896267, "sat_stage_seconds": 0.01504479599861952}
{"case_id": "c0148", "cell": "J80_w2", "encoding": "exclude_x", "repeat": 2, "status": "UNSAT", "solve_seconds": 0.008896186000129092, "sat_stage_seconds": 0.014131522000752739}
{"case_id": "c0148", "cell": "J80_w2", "encoding": "exclude_h", "repeat": 2, "status": "UNSAT", "solve_seconds": 0.009889208000458893, "sat_stage_seconds": 0.014973860001191497}
{"case_id": "c0030", "cell": "J20_w5", "encoding": "exclude_h", "repeat": 0, "status": "UNSAT", "solve_seconds": 0.04616595700099424, "sat_stage_seconds": 0.04934835799940629}
{"case_id": "c0030", "cell": "J20_w5", "encoding": "exclude_x", "repeat": 0, "status": "UNSAT", "solve_seconds": 0.04492114999993646, "sat_stage_seconds": 0.048861154000405804}
{"case_id": "c0030", "cell": "J20_w5", "encoding": "prefix", "repeat": 0, "status": "UNSAT", "solve_seconds": 0.043748971000241, "sat_stage_seconds": 0.047239258001354756}
{"case_id": "c0030", "cell": "J20_w5", "encoding": "exclude_x", "repeat": 1, "status": "UNSAT", "solve_seconds": 0.04230562100019597, "sat_stage_seconds": 0.04548311399958038}
{"case_id": "c0030", "cell": "J20_w5", "encoding": "prefix", "repeat": 1, "status": "UNSAT", "solve_seconds": 0.04403442500006349, "sat_stage_seconds": 0.04773624600056792}
{"case_id": "c0030", "cell": "J20_w5", "encoding": "exclude_h", "repeat": 1, "status": "UNSAT", "solve_seconds": 0.06042933299977449, "sat_stage_seconds": 0.06479639000099269}
{"case_id": "c0030", "cell": "J20_w5", "encoding": "prefix", "repeat": 2, "status": "UNSAT", "solve_seconds": 0.04719901999851572, "sat_stage_seconds": 0.05094912299864518}
{"case_id": "c0030", "cell": "J20_w5", "encoding": "exclude_h", "repeat": 2, "status": "UNSAT", "solve_seconds": 0.044446256000810536, "sat_stage_seconds": 0.04770076300155779}
{"case_id": "c0030", "cell": "J20_w5", "encoding": "exclude_x", "repeat": 2, "status": "UNSAT", "solve_seconds": 0.0420177939995483, "sat_stage_seconds": 0.04544368599817972}
{"case_id": "c0056", "cell": "J35_p0.7", "encoding": "exclude_x", "repeat": 0, "status": "SAT", "solve_seconds": 0.08711704799861764, "sat_stage_seconds": 0.0912203949992545}
{"case_id": "c0056", "cell": "J35_p0.7", "encoding": "exclude_h", "repeat": 0, "status": "SAT", "solve_seconds": 0.03869412399944849, "sat_stage_seconds": 0.04263640099816257}
{"case_id": "c0056", "cell": "J35_p0.7", "encoding": "prefix", "repeat": 0, "status": "SAT", "solve_seconds": 0.2965327479996631, "sat_stage_seconds": 0.3014013289994182}
{"case_id": "c0056", "cell": "J35_p0.7", "encoding": "exclude_h", "repeat": 1, "status": "SAT", "solve_seconds": 0.03770486600114964, "sat_stage_seconds": 0.04163319200051774}
{"case_id": "c0056", "cell": "J35_p0.7", "encoding": "prefix", "repeat": 1, "status": "SAT", "solve_seconds": 0.3009921430002578, "sat_stage_seconds": 0.3057086589997198}
{"case_id": "c0056", "cell": "J35_p0.7", "encoding": "exclude_x", "repeat": 1, "status": "SAT", "solve_seconds": 0.08542984099949535, "sat_stage_seconds": 0.08954946099947847}
{"case_id": "c0056", "cell": "J35_p0.7", "encoding": "prefix", "repeat": 2, "status": "SAT", "solve_seconds": 0.29021358600039093, "sat_stage_seconds": 0.29433280500052206}
{"case_id": "c0056", "cell": "J35_p0.7", "encoding": "exclude_x", "repeat": 2, "status": "SAT", "solve_seconds": 0.0840031989991985, "sat_stage_seconds": 0.08857660299872805}
{"case_id": "c0056", "cell": "J35_p0.7", "encoding": "exclude_h", "repeat": 2, "status": "SAT", "solve_seconds": 0.04021773400017992, "sat_stage_seconds": 0.04444104799949855}
{"case_id": "c0120", "cell": "J50_w1to3", "encoding": "exclude_x", "repeat": 0, "status": "UNSAT", "solve_seconds": 0.003352532999997493, "sat_stage_seconds": 0.006411240001398255}
{"case_id": "c0120", "cell": "J50_w1to3", "encoding": "prefix", "repeat": 0, "status": "UNSAT", "solve_seconds": 0.0052865719990222715, "sat_stage_seconds": 0.008330537999427179}
{"case_id": "c0120", "cell": "J50_w1to3", "encoding": "exclude_h", "repeat": 0, "status": "UNSAT", "solve_seconds": 0.004051098998388625, "sat_stage_seconds": 0.00700278699878254}
{"case_id": "c0120", "cell": "J50_w1to3", "encoding": "prefix", "repeat": 1, "status": "UNSAT", "solve_seconds": 0.004841601999942213, "sat_stage_seconds": 0.007906147999165114}
{"case_id": "c0120", "cell": "J50_w1to3", "encoding": "exclude_h", "repeat": 1, "status": "UNSAT", "solve_seconds": 0.0036874199995509116, "sat_stage_seconds": 0.006345563000650145}
{"case_id": "c0120", "cell": "J50_w1to3", "encoding": "exclude_x", "repeat": 1, "status": "UNSAT", "solve_seconds": 0.002847783000106574, "sat_stage_seconds": 0.005426747999081272}
{"case_id": "c0120", "cell": "J50_w1to3", "encoding": "exclude_h", "repeat": 2, "status": "UNSAT", "solve_seconds": 0.003602874001444434, "sat_stage_seconds": 0.006313685000350233}
{"case_id": "c0120", "cell": "J50_w1to3", "encoding": "exclude_x", "repeat": 2, "status": "UNSAT", "solve_seconds": 0.0028920300010213396, "sat_stage_seconds": 0.005462503000671859}
{"case_id": "c0120", "cell": "J50_w1to3", "encoding": "prefix", "repeat": 2, "status": "UNSAT", "solve_seconds": 0.004794170999957714, "sat_stage_seconds": 0.0077390999995259335}
{"case_id": "c0172", "cell": "all_pairs", "encoding": "exclude_x", "repeat": 0, "status": "UNSAT", "solve_seconds": 0.011711592000210658, "sat_stage_seconds": 0.017506256999695324}
{"case_id": "c0172", "cell": "all_pairs", "encoding": "prefix", "repeat": 0, "status": "UNSAT", "solve_seconds": 0.009529634999125847, "sat_stage_seconds": 0.01573423899935733}
{"case_id": "c0172", "cell": "all_pairs", "encoding": "exclude_h", "repeat": 0, "status": "UNSAT", "solve_seconds": 0.01025564199881046, "sat_stage_seconds": 0.01591253299920936}
{"case_id": "c0172", "cell": "all_pairs", "encoding": "prefix", "repeat": 1, "status": "UNSAT", "solve_seconds": 0.009836810999331647, "sat_stage_seconds": 0.015708529999756138}
{"case_id": "c0172", "cell": "all_pairs", "encoding": "exclude_h", "repeat": 1, "status": "UNSAT", "solve_seconds": 0.01122038299945416, "sat_stage_seconds": 0.017015838999213884}
{"case_id": "c0172", "cell": "all_pairs", "encoding": "exclude_x", "repeat": 1, "status": "UNSAT", "solve_seconds": 0.015688636000049883, "sat_stage_seconds": 0.02197231699938129}
{"case_id": "c0172", "cell": "all_pairs", "encoding": "exclude_h", "repeat": 2, "status": "UNSAT", "solve_seconds": 0.011453888999312767, "sat_stage_seconds": 0.017574897998201777}
{"case_id": "c0172", "cell": "all_pairs", "encoding": "exclude_x", "repeat": 2, "status": "UNSAT", "solve_seconds": 0.013655945000209613, "sat_stage_seconds": 0.024563083999964874}
{"case_id": "c0172", "cell": "all_pairs", "encoding": "prefix", "repeat": 2, "status": "UNSAT", "solve_seconds": 0.009668061000411399, "sat_stage_seconds": 0.01643347599929257}
{"case_id": "c0097", "cell": "J50_p0.7", "encoding": "prefix", "repeat": 0, "status": "UNSAT", "solve_seconds": 0.0971340579999378, "sat_stage_seconds": 0.10446425000009185}
{"case_id": "c0097", "cell": "J50_p0.7", "encoding": "exclude_x", "repeat": 0, "status": "UNSAT", "solve_seconds": 0.11094496300029277, "sat_stage_seconds": 0.1158926820007764}
{"case_id": "c0097", "cell": "J50_p0.7", "encoding": "exclude_h", "repeat": 0, "status": "UNSAT", "solve_seconds": 0.10733401800098363, "sat_stage_seconds": 0.11259154599974863}
{"case_id": "c0097", "cell": "J50_p0.7", "encoding": "exclude_x", "repeat": 1, "status": "UNSAT", "solve_seconds": 0.1255524139996851, "sat_stage_seconds": 0.13053433299864992}
{"case_id": "c0097", "cell": "J50_p0.7", "encoding": "exclude_h", "repeat": 1, "status": "UNSAT", "solve_seconds": 0.11304457700134662, "sat_stage_seconds": 0.11847324000154913}
{"case_id": "c0097", "cell": "J50_p0.7", "encoding": "prefix", "repeat": 1, "status": "UNSAT", "solve_seconds": 0.10656779999953869, "sat_stage_seconds": 0.11279808099970978}
{"case_id": "c0097", "cell": "J50_p0.7", "encoding": "exclude_h", "repeat": 2, "status": "UNSAT", "solve_seconds": 0.11446151900054247, "sat_stage_seconds": 0.11990421200061974}
{"case_id": "c0097", "cell": "J50_p0.7", "encoding": "prefix", "repeat": 2, "status": "UNSAT", "solve_seconds": 0.11224944800051162, "sat_stage_seconds": 0.11818569299975934}
{"case_id": "c0097", "cell": "J50_p0.7", "encoding": "exclude_x", "repeat": 2, "status": "UNSAT", "solve_seconds": 0.11656594000123732, "sat_stage_seconds": 0.12202498800070316}
{"case_id": "c0010", "cell": "J20_p0.5", "encoding": "prefix", "repeat": 0, "status": "SAT", "solve_seconds": 0.0038048229998821625, "sat_stage_seconds": 0.007344823998209904}
{"case_id": "c0010", "cell": "J20_p0.5", "encoding": "exclude_h", "repeat": 0, "status": "SAT", "solve_seconds": 0.0024142510010278784, "sat_stage_seconds": 0.0056508020006731385}
{"case_id": "c0010", "cell": "J20_p0.5", "encoding": "exclude_x", "repeat": 0, "status": "SAT", "solve_seconds": 0.002209648000643938, "sat_stage_seconds": 0.005897117001950392}
{"case_id": "c0010", "cell": "J20_p0.5", "encoding": "exclude_h", "repeat": 1, "status": "SAT", "solve_seconds": 0.002634607999425498, "sat_stage_seconds": 0.006105796999690938}
{"case_id": "c0010", "cell": "J20_p0.5", "encoding": "exclude_x", "repeat": 1, "status": "SAT", "solve_seconds": 0.0022913089997018687, "sat_stage_seconds": 0.005877036999663687}
{"case_id": "c0010", "cell": "J20_p0.5", "encoding": "prefix", "repeat": 1, "status": "SAT", "solve_seconds": 0.004072301000633161, "sat_stage_seconds": 0.0075821770005859435}
{"case_id": "c0010", "cell": "J20_p0.5", "encoding": "exclude_x", "repeat": 2, "status": "SAT", "solve_seconds": 0.0025565420000930317, "sat_stage_seconds": 0.0066279009988647886}
{"case_id": "c0010", "cell": "J20_p0.5", "encoding": "prefix", "repeat": 2, "status": "SAT", "solve_seconds": 0.003965350999351358, "sat_stage_seconds": 0.009213805999024771}
{"case_id": "c0010", "cell": "J20_p0.5", "encoding": "exclude_h", "repeat": 2, "status": "SAT", "solve_seconds": 0.0024518069985788316, "sat_stage_seconds": 0.0069502189980994444}
{"case_id": "c0117", "cell": "J50_w5", "encoding": "exclude_x", "repeat": 0, "status": "UNSAT", "solve_seconds": 0.03143859200099541, "sat_stage_seconds": 0.03800898800000141}
{"case_id": "c0117", "cell": "J50_w5", "encoding": "prefix", "repeat": 0, "status": "UNSAT", "solve_seconds": 0.02741831999992428, "sat_stage_seconds": 0.03645275000053516}
{"case_id": "c0117", "cell": "J50_w5", "encoding": "exclude_h", "repeat": 0, "status": "UNSAT", "solve_seconds": 0.024883710000722203, "sat_stage_seconds": 0.03368954100187693}
{"case_id": "c0117", "cell": "J50_w5", "encoding": "prefix", "repeat": 1, "status": "UNSAT", "solve_seconds": 0.02814178299922787, "sat_stage_seconds": 0.0352984879991709}
{"case_id": "c0117", "cell": "J50_w5", "encoding": "exclude_h", "repeat": 1, "status": "UNSAT", "solve_seconds": 0.02585259700026654, "sat_stage_seconds": 0.03234098099892435}
{"case_id": "c0117", "cell": "J50_w5", "encoding": "exclude_x", "repeat": 1, "status": "UNSAT", "solve_seconds": 0.030085434998909477, "sat_stage_seconds": 0.03644139299831295}
{"case_id": "c0117", "cell": "J50_w5", "encoding": "exclude_h", "repeat": 2, "status": "UNSAT", "solve_seconds": 0.024853174001691514, "sat_stage_seconds": 0.03134633600166126}
{"case_id": "c0117", "cell": "J50_w5", "encoding": "exclude_x", "repeat": 2, "status": "UNSAT", "solve_seconds": 0.030630503000793396, "sat_stage_seconds": 0.03713484100080677}
{"case_id": "c0117", "cell": "J50_w5", "encoding": "prefix", "repeat": 2, "status": "UNSAT", "solve_seconds": 0.026625342999977875, "sat_stage_seconds": 0.03362851999918348}
{"case_id": "c0130", "cell": "J80_p0.3", "encoding": "prefix", "repeat": 0, "status": "UNSAT", "solve_seconds": 0.003814196999883279, "sat_stage_seconds": 0.007296402000065427}
{"case_id": "c0130", "cell": "J80_p0.3", "encoding": "exclude_x", "repeat": 0, "status": "UNSAT", "solve_seconds": 0.003357809999215533, "sat_stage_seconds": 0.006560489999174024}
{"case_id": "c0130", "cell": "J80_p0.3", "encoding": "exclude_h", "repeat": 0, "status": "UNSAT", "solve_seconds": 0.00571315399974992, "sat_stage_seconds": 0.008930035000958014}
{"case_id": "c0130", "cell": "J80_p0.3", "encoding": "exclude_x", "repeat": 1, "status": "UNSAT", "solve_seconds": 0.008019971000976511, "sat_stage_seconds": 0.012232640001457185}
{"case_id": "c0130", "cell": "J80_p0.3", "encoding": "exclude_h", "repeat": 1, "status": "UNSAT", "solve_seconds": 0.005116219001138234, "sat_stage_seconds": 0.008166142002664856}
{"case_id": "c0130", "cell": "J80_p0.3", "encoding": "prefix", "repeat": 1, "status": "UNSAT", "solve_seconds": 0.004110858000785811, "sat_stage_seconds": 0.008098082000287832}
{"case_id": "c0130", "cell": "J80_p0.3", "encoding": "exclude_h", "repeat": 2, "status": "UNSAT", "solve_seconds": 0.005613927000013064, "sat_stage_seconds": 0.009474483000303735}
{"case_id": "c0130", "cell": "J80_p0.3", "encoding": "prefix", "repeat": 2, "status": "UNSAT", "solve_seconds": 0.004136696001296514, "sat_stage_seconds": 0.007267139002578915}
{"case_id": "c0130", "cell": "J80_p0.3", "encoding": "exclude_x", "repeat": 2, "status": "UNSAT", "solve_seconds": 0.0033287070000369567, "sat_stage_seconds": 0.006864361999760149}
{"case_id": "c0143", "cell": "J80_p0.7", "encoding": "exclude_h", "repeat": 0, "status": "UNSAT", "solve_seconds": 0.02709943599984399, "sat_stage_seconds": 0.035227191998274066}
{"case_id": "c0143", "cell": "J80_p0.7", "encoding": "prefix", "repeat": 0, "status": "UNSAT", "solve_seconds": 0.030253894999987097, "sat_stage_seconds": 0.036869056999421446}
{"case_id": "c0143", "cell": "J80_p0.7", "encoding": "exclude_x", "repeat": 0, "status": "UNSAT", "solve_seconds": 0.028859497000667034, "sat_stage_seconds": 0.036633498000810505}
{"case_id": "c0143", "cell": "J80_p0.7", "encoding": "prefix", "repeat": 1, "status": "UNSAT", "solve_seconds": 0.033014388998708455, "sat_stage_seconds": 0.03989470499982417}
{"case_id": "c0143", "cell": "J80_p0.7", "encoding": "exclude_x", "repeat": 1, "status": "UNSAT", "solve_seconds": 0.027163761000338127, "sat_stage_seconds": 0.03355987900067703}
{"case_id": "c0143", "cell": "J80_p0.7", "encoding": "exclude_h", "repeat": 1, "status": "UNSAT", "solve_seconds": 0.026955171999361482, "sat_stage_seconds": 0.03374604499913403}
{"case_id": "c0143", "cell": "J80_p0.7", "encoding": "exclude_x", "repeat": 2, "status": "UNSAT", "solve_seconds": 0.027824650998809375, "sat_stage_seconds": 0.0356537039988325}
{"case_id": "c0143", "cell": "J80_p0.7", "encoding": "exclude_h", "repeat": 2, "status": "UNSAT", "solve_seconds": 0.02544381000006979, "sat_stage_seconds": 0.03302989199983131}
{"case_id": "c0143", "cell": "J80_p0.7", "encoding": "prefix", "repeat": 2, "status": "UNSAT", "solve_seconds": 0.02959189300054277, "sat_stage_seconds": 0.03657057500095107}
{"case_id": "c0077", "cell": "J35_w5", "encoding": "exclude_x", "repeat": 0, "status": "UNSAT", "solve_seconds": 0.03884839299826126, "sat_stage_seconds": 0.04667051599972183}
{"case_id": "c0077", "cell": "J35_w5", "encoding": "exclude_h", "repeat": 0, "status": "UNSAT", "solve_seconds": 0.03274906600017857, "sat_stage_seconds": 0.0384351600005175}
{"case_id": "c0077", "cell": "J35_w5", "encoding": "prefix", "repeat": 0, "status": "UNSAT", "solve_seconds": 0.05286846899980446, "sat_stage_seconds": 0.058240546999513754}
{"case_id": "c0077", "cell": "J35_w5", "encoding": "exclude_h", "repeat": 1, "status": "UNSAT", "solve_seconds": 0.03130367299854697, "sat_stage_seconds": 0.036312651998741785}
{"case_id": "c0077", "cell": "J35_w5", "encoding": "prefix", "repeat": 1, "status": "UNSAT", "solve_seconds": 0.05322871399948781, "sat_stage_seconds": 0.058895288999337936}
{"case_id": "c0077", "cell": "J35_w5", "encoding": "exclude_x", "repeat": 1, "status": "UNSAT", "solve_seconds": 0.040489687999070156, "sat_stage_seconds": 0.04563768399930268}
{"case_id": "c0077", "cell": "J35_w5", "encoding": "prefix", "repeat": 2, "status": "UNSAT", "solve_seconds": 0.052888934000293375, "sat_stage_seconds": 0.058487857999352855}
{"case_id": "c0077", "cell": "J35_w5", "encoding": "exclude_x", "repeat": 2, "status": "UNSAT", "solve_seconds": 0.04228499999953783, "sat_stage_seconds": 0.049704995999491075}
{"case_id": "c0077", "cell": "J35_w5", "encoding": "exclude_h", "repeat": 2, "status": "UNSAT", "solve_seconds": 0.03174930299974221, "sat_stage_seconds": 0.036918030000379076}
{"case_id": "c0125", "cell": "J50_w1to3", "encoding": "exclude_x", "repeat": 0, "status": "UNSAT", "solve_seconds": 0.006491317999461899, "sat_stage_seconds": 0.009587831000317237}
{"case_id": "c0125", "cell": "J50_w1to3", "encoding": "prefix", "repeat": 0, "status": "UNSAT", "solve_seconds": 0.005474370000229101, "sat_stage_seconds": 0.008516973000951111}
{"case_id": "c0125", "cell": "J50_w1to3", "encoding": "exclude_h", "repeat": 0, "status": "UNSAT", "solve_seconds": 0.006898742998600937, "sat_stage_seconds": 0.009902238998620305}
{"case_id": "c0125", "cell": "J50_w1to3", "encoding": "prefix", "repeat": 1, "status": "UNSAT", "solve_seconds": 0.006043974999556667, "sat_stage_seconds": 0.009082803000637796}
{"case_id": "c0125", "cell": "J50_w1to3", "encoding": "exclude_h", "repeat": 1, "status": "UNSAT", "solve_seconds": 0.006910399000844336, "sat_stage_seconds": 0.010114041000633733}
{"case_id": "c0125", "cell": "J50_w1to3", "encoding": "exclude_x", "repeat": 1, "status": "UNSAT", "solve_seconds": 0.0068333460003486834, "sat_stage_seconds": 0.009843981000813073}
{"case_id": "c0125", "cell": "J50_w1to3", "encoding": "exclude_h", "repeat": 2, "status": "UNSAT", "solve_seconds": 0.00746902900027635, "sat_stage_seconds": 0.010788582001623581}
{"case_id": "c0125", "cell": "J50_w1to3", "encoding": "exclude_x", "repeat": 2, "status": "UNSAT", "solve_seconds": 0.006532259001687635, "sat_stage_seconds": 0.009479280002778978}
{"case_id": "c0125", "cell": "J50_w1to3", "encoding": "prefix", "repeat": 2, "status": "UNSAT", "solve_seconds": 0.005965678999928059, "sat_stage_seconds": 0.009146676999080228}
{"case_id": "c0028", "cell": "J20_w3", "encoding": "exclude_h", "repeat": 0, "status": "UNSAT", "solve_seconds": 0.0038943260005908087, "sat_stage_seconds": 0.006705396001052577}
{"case_id": "c0028", "cell": "J20_w3", "encoding": "prefix", "repeat": 0, "status": "UNSAT", "solve_seconds": 0.006874827000501682, "sat_stage_seconds": 0.009870620999208768}
{"case_id": "c0028", "cell": "J20_w3", "encoding": "exclude_x", "repeat": 0, "status": "UNSAT", "solve_seconds": 0.0034023070002149325, "sat_stage_seconds": 0.006144384000435821}
{"case_id": "c0028", "cell": "J20_w3", "encoding": "prefix", "repeat": 1, "status": "UNSAT", "solve_seconds": 0.006911731999935, "sat_stage_seconds": 0.009743242000695318}
{"case_id": "c0028", "cell": "J20_w3", "encoding": "exclude_x", "repeat": 1, "status": "UNSAT", "solve_seconds": 0.0034834369998861803, "sat_stage_seconds": 0.006231823999769404}
{"case_id": "c0028", "cell": "J20_w3", "encoding": "exclude_h", "repeat": 1, "status": "UNSAT", "solve_seconds": 0.0055048459998943144, "sat_stage_seconds": 0.009583314998963033}
{"case_id": "c0028", "cell": "J20_w3", "encoding": "exclude_x", "repeat": 2, "status": "UNSAT", "solve_seconds": 0.0035454380013106856, "sat_stage_seconds": 0.006582593001439818}
{"case_id": "c0028", "cell": "J20_w3", "encoding": "exclude_h", "repeat": 2, "status": "UNSAT", "solve_seconds": 0.003907336000338546, "sat_stage_seconds": 0.006860135999886552}
{"case_id": "c0028", "cell": "J20_w3", "encoding": "prefix", "repeat": 2, "status": "UNSAT", "solve_seconds": 0.009546208999381633, "sat_stage_seconds": 0.012613508997674217}
{"case_id": "c0091", "cell": "J50_p0.5", "encoding": "prefix", "repeat": 0, "status": "UNSAT", "solve_seconds": 0.0048244760000670794, "sat_stage_seconds": 0.010230384999886155}
{"case_id": "c0091", "cell": "J50_p0.5", "encoding": "exclude_x", "repeat": 0, "status": "UNSAT", "solve_seconds": 0.005618733999654069, "sat_stage_seconds": 0.011035228999389801}
{"case_id": "c0091", "cell": "J50_p0.5", "encoding": "exclude_h", "repeat": 0, "status": "UNSAT", "solve_seconds": 0.004702174999692943, "sat_stage_seconds": 0.012228849998791702}
{"case_id": "c0091", "cell": "J50_p0.5", "encoding": "exclude_x", "repeat": 1, "status": "UNSAT", "solve_seconds": 0.004615496000042185, "sat_stage_seconds": 0.009803801998714334}
{"case_id": "c0091", "cell": "J50_p0.5", "encoding": "exclude_h", "repeat": 1, "status": "UNSAT", "solve_seconds": 0.005033927000113181, "sat_stage_seconds": 0.010253550000925316}
{"case_id": "c0091", "cell": "J50_p0.5", "encoding": "prefix", "repeat": 1, "status": "UNSAT", "solve_seconds": 0.004879297999650589, "sat_stage_seconds": 0.009882148999167839}
{"case_id": "c0091", "cell": "J50_p0.5", "encoding": "exclude_h", "repeat": 2, "status": "UNSAT", "solve_seconds": 0.00484592800057726, "sat_stage_seconds": 0.009441805001188186}
{"case_id": "c0091", "cell": "J50_p0.5", "encoding": "prefix", "repeat": 2, "status": "UNSAT", "solve_seconds": 0.0048036959997261874, "sat_stage_seconds": 0.009660931000325945}
{"case_id": "c0091", "cell": "J50_p0.5", "encoding": "exclude_x", "repeat": 2, "status": "UNSAT", "solve_seconds": 0.004520145001151832, "sat_stage_seconds": 0.009137364002526738}
{"case_id": "c0043", "cell": "J35_p0.3", "encoding": "prefix", "repeat": 0, "status": "UNSAT", "solve_seconds": 0.006529084999783663, "sat_stage_seconds": 0.011419459000535426}
{"case_id": "c0043", "cell": "J35_p0.3", "encoding": "exclude_x", "repeat": 0, "status": "UNSAT", "solve_seconds": 0.006989176999923075, "sat_stage_seconds": 0.010972766000122647}
{"case_id": "c0043", "cell": "J35_p0.3", "encoding": "exclude_h", "repeat": 0, "status": "UNSAT", "solve_seconds": 0.004074303000379587, "sat_stage_seconds": 0.00782650900146109}
{"case_id": "c0043", "cell": "J35_p0.3", "encoding": "exclude_x", "repeat": 1, "status": "UNSAT", "solve_seconds": 0.004567203999613412, "sat_stage_seconds": 0.008275625001260778}
{"case_id": "c0043", "cell": "J35_p0.3", "encoding": "exclude_h", "repeat": 1, "status": "UNSAT", "solve_seconds": 0.004541025999060366, "sat_stage_seconds": 0.010199078998994082}
{"case_id": "c0043", "cell": "J35_p0.3", "encoding": "prefix", "repeat": 1, "status": "UNSAT", "solve_seconds": 0.007911500999398413, "sat_stage_seconds": 0.011890723999385955}
{"case_id": "c0043", "cell": "J35_p0.3", "encoding": "exclude_h", "repeat": 2, "status": "UNSAT", "solve_seconds": 0.004960058000506251, "sat_stage_seconds": 0.009526231000563712}
{"case_id": "c0043", "cell": "J35_p0.3", "encoding": "prefix", "repeat": 2, "status": "UNSAT", "solve_seconds": 0.006802879999668221, "sat_stage_seconds": 0.011910485998669174}
{"case_id": "c0043", "cell": "J35_p0.3", "encoding": "exclude_x", "repeat": 2, "status": "UNSAT", "solve_seconds": 0.004741504000776331, "sat_stage_seconds": 0.00895898999988276}
{"case_id": "c0021", "cell": "J20_w2", "encoding": "exclude_h", "repeat": 0, "status": "UNSAT", "solve_seconds": 0.003922428000805667, "sat_stage_seconds": 0.006384890000845189}
{"case_id": "c0021", "cell": "J20_w2", "encoding": "prefix", "repeat": 0, "status": "UNSAT", "solve_seconds": 0.005540678001125343, "sat_stage_seconds": 0.008734054001251934}
{"case_id": "c0021", "cell": "J20_w2", "encoding": "exclude_x", "repeat": 0, "status": "UNSAT", "solve_seconds": 0.0038408870004786877, "sat_stage_seconds": 0.006274336999922525}
{"case_id": "c0021", "cell": "J20_w2", "encoding": "prefix", "repeat": 1, "status": "UNSAT", "solve_seconds": 0.005274954000924481, "sat_stage_seconds": 0.007734622000498348}
{"case_id": "c0021", "cell": "J20_w2", "encoding": "exclude_x", "repeat": 1, "status": "UNSAT", "solve_seconds": 0.004009606998806703, "sat_stage_seconds": 0.00621762300033879}
{"case_id": "c0021", "cell": "J20_w2", "encoding": "exclude_h", "repeat": 1, "status": "UNSAT", "solve_seconds": 0.0035528500011423603, "sat_stage_seconds": 0.0058078550027858}
{"case_id": "c0021", "cell": "J20_w2", "encoding": "exclude_x", "repeat": 2, "status": "UNSAT", "solve_seconds": 0.004164566998952068, "sat_stage_seconds": 0.007011679999777698}
{"case_id": "c0021", "cell": "J20_w2", "encoding": "exclude_h", "repeat": 2, "status": "UNSAT", "solve_seconds": 0.0038012490003893618, "sat_stage_seconds": 0.010737087000961765}
{"case_id": "c0021", "cell": "J20_w2", "encoding": "prefix", "repeat": 2, "status": "UNSAT", "solve_seconds": 0.005212321000726661, "sat_stage_seconds": 0.007825787000911077}
{"case_id": "c0154", "cell": "J80_w3", "encoding": "exclude_h", "repeat": 0, "status": "UNSAT", "solve_seconds": 0.013450140000713873, "sat_stage_seconds": 0.02159646300060558}
{"case_id": "c0154", "cell": "J80_w3", "encoding": "prefix", "repeat": 0, "status": "UNSAT", "solve_seconds": 0.01222945999870717, "sat_stage_seconds": 0.019989258998975856}
{"case_id": "c0154", "cell": "J80_w3", "encoding": "exclude_x", "repeat": 0, "status": "UNSAT", "solve_seconds": 0.01404230899970571, "sat_stage_seconds": 0.023845210000217776}
{"case_id": "c0154", "cell": "J80_w3", "encoding": "prefix", "repeat": 1, "status": "UNSAT", "solve_seconds": 0.012056704001224716, "sat_stage_seconds": 0.019738328001039918}
{"case_id": "c0154", "cell": "J80_w3", "encoding": "exclude_x", "repeat": 1, "status": "UNSAT", "solve_seconds": 0.014277988999310764, "sat_stage_seconds": 0.02277164699989953}
{"case_id": "c0154", "cell": "J80_w3", "encoding": "exclude_h", "repeat": 1, "status": "UNSAT", "solve_seconds": 0.01365802899999835, "sat_stage_seconds": 0.023306199998842203}
{"case_id": "c0154", "cell": "J80_w3", "encoding": "exclude_x", "repeat": 2, "status": "UNSAT", "solve_seconds": 0.015580709999994724, "sat_stage_seconds": 0.023497592999774497}
{"case_id": "c0154", "cell": "J80_w3", "encoding": "exclude_h", "repeat": 2, "status": "UNSAT", "solve_seconds": 0.014820853000856005, "sat_stage_seconds": 0.02364716500051145}
{"case_id": "c0154", "cell": "J80_w3", "encoding": "prefix", "repeat": 2, "status": "UNSAT", "solve_seconds": 0.013216254001235939, "sat_stage_seconds": 0.021342797999750474}
{"case_id": "c0093", "cell": "J50_p0.5", "encoding": "exclude_x", "repeat": 0, "status": "UNSAT", "solve_seconds": 0.009703251998871565, "sat_stage_seconds": 0.015787016000103904}
{"case_id": "c0093", "cell": "J50_p0.5", "encoding": "exclude_h", "repeat": 0, "status": "UNSAT", "solve_seconds": 0.011740944999473868, "sat_stage_seconds": 0.017622789999222732}
{"case_id": "c0093", "cell": "J50_p0.5", "encoding": "prefix", "repeat": 0, "status": "UNSAT", "solve_seconds": 0.007418223000058788, "sat_stage_seconds": 0.013712298999962513}
{"case_id": "c0093", "cell": "J50_p0.5", "encoding": "exclude_h", "repeat": 1, "status": "UNSAT", "solve_seconds": 0.012032118000206538, "sat_stage_seconds": 0.018041711000478244}
{"case_id": "c0093", "cell": "J50_p0.5", "encoding": "prefix", "repeat": 1, "status": "UNSAT", "solve_seconds": 0.0067611089998536045, "sat_stage_seconds": 0.012723883999569807}
{"case_id": "c0093", "cell": "J50_p0.5", "encoding": "exclude_x", "repeat": 1, "status": "UNSAT", "solve_seconds": 0.00991000899921346, "sat_stage_seconds": 0.017361210999297327}
{"case_id": "c0093", "cell": "J50_p0.5", "encoding": "prefix", "repeat": 2, "status": "UNSAT", "solve_seconds": 0.007892836998507846, "sat_stage_seconds": 0.014281953999670804}
{"case_id": "c0093", "cell": "J50_p0.5", "encoding": "exclude_x", "repeat": 2, "status": "UNSAT", "solve_seconds": 0.010902341000473825, "sat_stage_seconds": 0.01745078400199418}
{"case_id": "c0093", "cell": "J50_p0.5", "encoding": "exclude_h", "repeat": 2, "status": "UNSAT", "solve_seconds": 0.012197242000183905, "sat_stage_seconds": 0.01767085999927076}
{"case_id": "c0009", "cell": "J20_p0.5", "encoding": "exclude_x", "repeat": 0, "status": "UNSAT", "solve_seconds": 0.009448454999073874, "sat_stage_seconds": 0.014404466999621945}
{"case_id": "c0009", "cell": "J20_p0.5", "encoding": "exclude_h", "repeat": 0, "status": "UNSAT", "solve_seconds": 0.011225631000343128, "sat_stage_seconds": 0.01487044799978321}
{"case_id": "c0009", "cell": "J20_p0.5", "encoding": "prefix", "repeat": 0, "status": "UNSAT", "solve_seconds": 0.011296355000013136, "sat_stage_seconds": 0.015046557999085053}
{"case_id": "c0009", "cell": "J20_p0.5", "encoding": "exclude_h", "repeat": 1, "status": "UNSAT", "solve_seconds": 0.011780484001064906, "sat_stage_seconds": 0.015177453000433161}
{"case_id": "c0009", "cell": "J20_p0.5", "encoding": "prefix", "repeat": 1, "status": "UNSAT", "solve_seconds": 0.010538051001276472, "sat_stage_seconds": 0.014267794002080336}
{"case_id": "c0009", "cell": "J20_p0.5", "encoding": "exclude_x", "repeat": 1, "status": "UNSAT", "solve_seconds": 0.00843449100102589, "sat_stage_seconds": 0.012218153000503662}
{"case_id": "c0009", "cell": "J20_p0.5", "encoding": "prefix", "repeat": 2, "status": "UNSAT", "solve_seconds": 0.010992464998707874, "sat_stage_seconds": 0.014878679998219013}
{"case_id": "c0009", "cell": "J20_p0.5", "encoding": "exclude_x", "repeat": 2, "status": "UNSAT", "solve_seconds": 0.008191589999114512, "sat_stage_seconds": 0.011639033000392374}
{"case_id": "c0009", "cell": "J20_p0.5", "encoding": "exclude_h", "repeat": 2, "status": "UNSAT", "solve_seconds": 0.010432384000523598, "sat_stage_seconds": 0.013729876000070362}
{"case_id": "c0048", "cell": "J35_p0.5", "encoding": "exclude_x", "repeat": 0, "status": "UNSAT", "solve_seconds": 0.0035660199991980335, "sat_stage_seconds": 0.008281033999082865}
{"case_id": "c0048", "cell": "J35_p0.5", "encoding": "prefix", "repeat": 0, "status": "UNSAT", "solve_seconds": 0.0060937190010008635, "sat_stage_seconds": 0.010971834999509156}
{"case_id": "c0048", "cell": "J35_p0.5", "encoding": "exclude_h", "repeat": 0, "status": "UNSAT", "solve_seconds": 0.0030502939989673905, "sat_stage_seconds": 0.007900888998847222}
{"case_id": "c0048", "cell": "J35_p0.5", "encoding": "prefix", "repeat": 1, "status": "UNSAT", "solve_seconds": 0.006222820000402862, "sat_stage_seconds": 0.01098457199987024}
{"case_id": "c0048", "cell": "J35_p0.5", "encoding": "exclude_h", "repeat": 1, "status": "UNSAT", "solve_seconds": 0.0025862459988275077, "sat_stage_seconds": 0.006832693999967887}
{"case_id": "c0048", "cell": "J35_p0.5", "encoding": "exclude_x", "repeat": 1, "status": "UNSAT", "solve_seconds": 0.002501911001672852, "sat_stage_seconds": 0.006840637001005234}
{"case_id": "c0048", "cell": "J35_p0.5", "encoding": "exclude_h", "repeat": 2, "status": "UNSAT", "solve_seconds": 0.003937920999305788, "sat_stage_seconds": 0.010031188998254947}
{"case_id": "c0048", "cell": "J35_p0.5", "encoding": "exclude_x", "repeat": 2, "status": "UNSAT", "solve_seconds": 0.002685714000108419, "sat_stage_seconds": 0.007368359001702629}
{"case_id": "c0048", "cell": "J35_p0.5", "encoding": "prefix", "repeat": 2, "status": "UNSAT", "solve_seconds": 0.006310529999609571, "sat_stage_seconds": 0.01063536499896145}
{"case_id": "c0027", "cell": "J20_w3", "encoding": "prefix", "repeat": 0, "status": "UNSAT", "solve_seconds": 0.008040957000048365, "sat_stage_seconds": 0.011484354001368047}
{"case_id": "c0027", "cell": "J20_w3", "encoding": "exclude_h", "repeat": 0, "status": "UNSAT", "solve_seconds": 0.004997153000658727, "sat_stage_seconds": 0.008800945000984939}
{"case_id": "c0027", "cell": "J20_w3", "encoding": "exclude_x", "repeat": 0, "status": "UNSAT", "solve_seconds": 0.0043019400000048336, "sat_stage_seconds": 0.00723684299919114}
{"case_id": "c0027", "cell": "J20_w3", "encoding": "exclude_h", "repeat": 1, "status": "UNSAT", "solve_seconds": 0.0062406170000031125, "sat_stage_seconds": 0.009241027999451035}
{"case_id": "c0027", "cell": "J20_w3", "encoding": "exclude_x", "repeat": 1, "status": "UNSAT", "solve_seconds": 0.0042590470002323855, "sat_stage_seconds": 0.007160491000831826}
{"case_id": "c0027", "cell": "J20_w3", "encoding": "prefix", "repeat": 1, "status": "UNSAT", "solve_seconds": 0.0073003190009330865, "sat_stage_seconds": 0.010635106000336236}
{"case_id": "c0027", "cell": "J20_w3", "encoding": "exclude_x", "repeat": 2, "status": "UNSAT", "solve_seconds": 0.0042850359986914555, "sat_stage_seconds": 0.007224204997328343}
{"case_id": "c0027", "cell": "J20_w3", "encoding": "prefix", "repeat": 2, "status": "UNSAT", "solve_seconds": 0.008218160000978969, "sat_stage_seconds": 0.011283607000223128}
{"case_id": "c0027", "cell": "J20_w3", "encoding": "exclude_h", "repeat": 2, "status": "UNSAT", "solve_seconds": 0.004482018000999233, "sat_stage_seconds": 0.008056701000896282}
{"case_id": "c0135", "cell": "J80_p0.5", "encoding": "prefix", "repeat": 0, "status": "UNSAT", "solve_seconds": 0.006996398000410409, "sat_stage_seconds": 0.013928940999903716}
{"case_id": "c0135", "cell": "J80_p0.5", "encoding": "exclude_h", "repeat": 0, "status": "UNSAT", "solve_seconds": 0.004407296999488608, "sat_stage_seconds": 0.01137227800063556}
{"case_id": "c0135", "cell": "J80_p0.5", "encoding": "exclude_x", "repeat": 0, "status": "UNSAT", "solve_seconds": 0.004797236000740668, "sat_stage_seconds": 0.011926279999897815}
{"case_id": "c0135", "cell": "J80_p0.5", "encoding": "exclude_h", "repeat": 1, "status": "UNSAT", "solve_seconds": 0.00482952399943315, "sat_stage_seconds": 0.01249109899981704}
{"case_id": "c0135", "cell": "J80_p0.5", "encoding": "exclude_x", "repeat": 1, "status": "UNSAT", "solve_seconds": 0.005043692000981537, "sat_stage_seconds": 0.015030204000140657}
{"case_id": "c0135", "cell": "J80_p0.5", "encoding": "prefix", "repeat": 1, "status": "UNSAT", "solve_seconds": 0.007950684001116315, "sat_stage_seconds": 0.015461484999832464}
{"case_id": "c0135", "cell": "J80_p0.5", "encoding": "exclude_x", "repeat": 2, "status": "UNSAT", "solve_seconds": 0.005432197000118322, "sat_stage_seconds": 0.012424499000189826}
{"case_id": "c0135", "cell": "J80_p0.5", "encoding": "prefix", "repeat": 2, "status": "UNSAT", "solve_seconds": 0.007320769000216387, "sat_stage_seconds": 0.014457225001024199}
{"case_id": "c0135", "cell": "J80_p0.5", "encoding": "exclude_h", "repeat": 2, "status": "UNSAT", "solve_seconds": 0.004726209999716957, "sat_stage_seconds": 0.0121946580002259}
{"case_id": "c0085", "cell": "J50_p0.3", "encoding": "exclude_h", "repeat": 0, "status": "UNSAT", "solve_seconds": 0.003723482999703265, "sat_stage_seconds": 0.007996860998900956}
{"case_id": "c0085", "cell": "J50_p0.3", "encoding": "exclude_x", "repeat": 0, "status": "UNSAT", "solve_seconds": 0.004263875000106054, "sat_stage_seconds": 0.009181469000395737}
{"case_id": "c0085", "cell": "J50_p0.3", "encoding": "prefix", "repeat": 0, "status": "UNSAT", "solve_seconds": 0.004392105000079027, "sat_stage_seconds": 0.010685109999030828}
{"case_id": "c0085", "cell": "J50_p0.3", "encoding": "exclude_x", "repeat": 1, "status": "UNSAT", "solve_seconds": 0.003622502999860444, "sat_stage_seconds": 0.008266771999842604}
{"case_id": "c0085", "cell": "J50_p0.3", "encoding": "prefix", "repeat": 1, "status": "UNSAT", "solve_seconds": 0.003965612000683905, "sat_stage_seconds": 0.009096903000681777}
{"case_id": "c0085", "cell": "J50_p0.3", "encoding": "exclude_h", "repeat": 1, "status": "UNSAT", "solve_seconds": 0.003792726000028779, "sat_stage_seconds": 0.008271159000287298}
{"case_id": "c0085", "cell": "J50_p0.3", "encoding": "prefix", "repeat": 2, "status": "UNSAT", "solve_seconds": 0.0036603099997591926, "sat_stage_seconds": 0.008993841998744756}
{"case_id": "c0085", "cell": "J50_p0.3", "encoding": "exclude_h", "repeat": 2, "status": "UNSAT", "solve_seconds": 0.0034156559995608404, "sat_stage_seconds": 0.00793861499914783}
{"case_id": "c0085", "cell": "J50_p0.3", "encoding": "exclude_x", "repeat": 2, "status": "UNSAT", "solve_seconds": 0.003288988000349491, "sat_stage_seconds": 0.007733992000794387}
{"case_id": "c0169", "cell": "cycle10", "encoding": "prefix", "repeat": 0, "status": "SAT", "solve_seconds": 0.0017924789990502177, "sat_stage_seconds": 0.0035579380000854144}
{"case_id": "c0169", "cell": "cycle10", "encoding": "exclude_h", "repeat": 0, "status": "SAT", "solve_seconds": 0.00021792400002595969, "sat_stage_seconds": 0.0019358619992999593}
{"case_id": "c0169", "cell": "cycle10", "encoding": "exclude_x", "repeat": 0, "status": "SAT", "solve_seconds": 0.0004100780006410787, "sat_stage_seconds": 0.002150229001927073}
{"case_id": "c0169", "cell": "cycle10", "encoding": "exclude_h", "repeat": 1, "status": "SAT", "solve_seconds": 0.00022166900089359842, "sat_stage_seconds": 0.001975049999600742}
{"case_id": "c0169", "cell": "cycle10", "encoding": "exclude_x", "repeat": 1, "status": "SAT", "solve_seconds": 0.00024405200019828044, "sat_stage_seconds": 0.002139702999556903}
{"case_id": "c0169", "cell": "cycle10", "encoding": "prefix", "repeat": 1, "status": "SAT", "solve_seconds": 0.002179703000365407, "sat_stage_seconds": 0.004107603001102689}
{"case_id": "c0169", "cell": "cycle10", "encoding": "exclude_x", "repeat": 2, "status": "SAT", "solve_seconds": 0.00022639599956164602, "sat_stage_seconds": 0.0020920040005876217}
{"case_id": "c0169", "cell": "cycle10", "encoding": "prefix", "repeat": 2, "status": "SAT", "solve_seconds": 0.0032813859997986583, "sat_stage_seconds": 0.006368684998960816}
{"case_id": "c0169", "cell": "cycle10", "encoding": "exclude_h", "repeat": 2, "status": "SAT", "solve_seconds": 0.00023897499886516016, "sat_stage_seconds": 0.0031605289987055585}
{"case_id": "c0047", "cell": "J35_p0.3", "encoding": "exclude_h", "repeat": 0, "status": "UNSAT", "solve_seconds": 0.0031911330006550997, "sat_stage_seconds": 0.00732809900000575}
{"case_id": "c0047", "cell": "J35_p0.3", "encoding": "prefix", "repeat": 0, "status": "UNSAT", "solve_seconds": 0.0067108140010532225, "sat_stage_seconds": 0.01111598800162028}
{"case_id": "c0047", "cell": "J35_p0.3", "encoding": "exclude_x", "repeat": 0, "status": "UNSAT", "solve_seconds": 0.00350085199897876, "sat_stage_seconds": 0.009040227998411865}
{"case_id": "c0047", "cell": "J35_p0.3", "encoding": "prefix", "repeat": 1, "status": "UNSAT", "solve_seconds": 0.007485393000024487, "sat_stage_seconds": 0.011508501000207616}
{"case_id": "c0047", "cell": "J35_p0.3", "encoding": "exclude_x", "repeat": 1, "status": "UNSAT", "solve_seconds": 0.003184013001373387, "sat_stage_seconds": 0.007604720000017551}
{"case_id": "c0047", "cell": "J35_p0.3", "encoding": "exclude_h", "repeat": 1, "status": "UNSAT", "solve_seconds": 0.007201321999673382, "sat_stage_seconds": 0.011365127998942626}
{"case_id": "c0047", "cell": "J35_p0.3", "encoding": "exclude_x", "repeat": 2, "status": "UNSAT", "solve_seconds": 0.0032362599995394703, "sat_stage_seconds": 0.006994884999585338}
{"case_id": "c0047", "cell": "J35_p0.3", "encoding": "exclude_h", "repeat": 2, "status": "UNSAT", "solve_seconds": 0.0032360709992644843, "sat_stage_seconds": 0.007111798999176244}
{"case_id": "c0047", "cell": "J35_p0.3", "encoding": "prefix", "repeat": 2, "status": "UNSAT", "solve_seconds": 0.006877240999529022, "sat_stage_seconds": 0.012600019999808865}
{"case_id": "c0000", "cell": "J20_p0.3", "encoding": "prefix", "repeat": 0, "status": "UNSAT", "solve_seconds": 0.0061542889998236205, "sat_stage_seconds": 0.009543345999190933}
{"case_id": "c0000", "cell": "J20_p0.3", "encoding": "exclude_x", "repeat": 0, "status": "UNSAT", "solve_seconds": 0.003765485000258195, "sat_stage_seconds": 0.007260448999659275}
{"case_id": "c0000", "cell": "J20_p0.3", "encoding": "exclude_h", "repeat": 0, "status": "UNSAT", "solve_seconds": 0.004981989999578218, "sat_stage_seconds": 0.00835858900063613}
{"case_id": "c0000", "cell": "J20_p0.3", "encoding": "exclude_x", "repeat": 1, "status": "UNSAT", "solve_seconds": 0.0035793089991784655, "sat_stage_seconds": 0.006841978000011295}
{"case_id": "c0000", "cell": "J20_p0.3", "encoding": "exclude_h", "repeat": 1, "status": "UNSAT", "solve_seconds": 0.006060178999177879, "sat_stage_seconds": 0.009249559998352197}
{"case_id": "c0000", "cell": "J20_p0.3", "encoding": "prefix", "repeat": 1, "status": "UNSAT", "solve_seconds": 0.005569621998802177, "sat_stage_seconds": 0.00902831199891807}
{"case_id": "c0000", "cell": "J20_p0.3", "encoding": "exclude_h", "repeat": 2, "status": "UNSAT", "solve_seconds": 0.004562808000628138, "sat_stage_seconds": 0.007591379999212222}
{"case_id": "c0000", "cell": "J20_p0.3", "encoding": "prefix", "repeat": 2, "status": "UNSAT", "solve_seconds": 0.006260817001020769, "sat_stage_seconds": 0.009924722000505426}
{"case_id": "c0000", "cell": "J20_p0.3", "encoding": "exclude_x", "repeat": 2, "status": "UNSAT", "solve_seconds": 0.0036069599991606083, "sat_stage_seconds": 0.006880506000015885}
{"case_id": "c0064", "cell": "J35_w2", "encoding": "prefix", "repeat": 0, "status": "UNSAT", "solve_seconds": 0.0054938890007179, "sat_stage_seconds": 0.008932799000831437}
{"case_id": "c0064", "cell": "J35_w2", "encoding": "exclude_x", "repeat": 0, "status": "UNSAT", "solve_seconds": 0.004072560999702546, "sat_stage_seconds": 0.007687352999710129}
{"case_id": "c0064", "cell": "J35_w2", "encoding": "exclude_h", "repeat": 0, "status": "UNSAT", "solve_seconds": 0.004854049999266863, "sat_stage_seconds": 0.008199382000384503}
{"case_id": "c0064", "cell": "J35_w2", "encoding": "exclude_x", "repeat": 1, "status": "UNSAT", "solve_seconds": 0.004187481999906595, "sat_stage_seconds": 0.0088192719995277}
{"case_id": "c0064", "cell": "J35_w2", "encoding": "exclude_h", "repeat": 1, "status": "UNSAT", "solve_seconds": 0.005612414999632165, "sat_stage_seconds": 0.009197942999890074}
{"case_id": "c0064", "cell": "J35_w2", "encoding": "prefix", "repeat": 1, "status": "UNSAT", "solve_seconds": 0.005572244999711984, "sat_stage_seconds": 0.009161518999462714}
{"case_id": "c0064", "cell": "J35_w2", "encoding": "exclude_h", "repeat": 2, "status": "UNSAT", "solve_seconds": 0.004652790999898571, "sat_stage_seconds": 0.008331348000865546}
{"case_id": "c0064", "cell": "J35_w2", "encoding": "prefix", "repeat": 2, "status": "UNSAT", "solve_seconds": 0.0053532609999820124, "sat_stage_seconds": 0.008961863000877202}
{"case_id": "c0064", "cell": "J35_w2", "encoding": "exclude_x", "repeat": 2, "status": "UNSAT", "solve_seconds": 0.004043257000375888, "sat_stage_seconds": 0.007515347000662587}
{"case_id": "c0073", "cell": "J35_w5", "encoding": "exclude_h", "repeat": 0, "status": "UNSAT", "solve_seconds": 0.025021915000252193, "sat_stage_seconds": 0.030249729001297965}
{"case_id": "c0073", "cell": "J35_w5", "encoding": "exclude_x", "repeat": 0, "status": "UNSAT", "solve_seconds": 0.03300797999872884, "sat_stage_seconds": 0.03906774899951415}
{"case_id": "c0073", "cell": "J35_w5", "encoding": "prefix", "repeat": 0, "status": "UNSAT", "solve_seconds": 0.02152045100046962, "sat_stage_seconds": 0.02801084800012177}
{"case_id": "c0073", "cell": "J35_w5", "encoding": "exclude_x", "repeat": 1, "status": "UNSAT", "solve_seconds": 0.024815568000121857, "sat_stage_seconds": 0.030561210000087158}
{"case_id": "c0073", "cell": "J35_w5", "encoding": "prefix", "repeat": 1, "status": "UNSAT", "solve_seconds": 0.01740423500086763, "sat_stage_seconds": 0.02282296200064593}
{"case_id": "c0073", "cell": "J35_w5", "encoding": "exclude_h", "repeat": 1, "status": "UNSAT", "solve_seconds": 0.03577374700034852, "sat_stage_seconds": 0.04220376500052225}
{"case_id": "c0073", "cell": "J35_w5", "encoding": "prefix", "repeat": 2, "status": "UNSAT", "solve_seconds": 0.01563517200156639, "sat_stage_seconds": 0.021145635000721086}
{"case_id": "c0073", "cell": "J35_w5", "encoding": "exclude_h", "repeat": 2, "status": "UNSAT", "solve_seconds": 0.028930341000886983, "sat_stage_seconds": 0.03461465200052771}
{"case_id": "c0073", "cell": "J35_w5", "encoding": "exclude_x", "repeat": 2, "status": "UNSAT", "solve_seconds": 0.027566558999751578, "sat_stage_seconds": 0.033986811999056954}
{"case_id": "c0001", "cell": "J20_p0.3", "encoding": "exclude_h", "repeat": 0, "status": "UNSAT", "solve_seconds": 0.002050581999355927, "sat_stage_seconds": 0.004646632000003592}
{"case_id": "c0001", "cell": "J20_p0.3", "encoding": "prefix", "repeat": 0, "status": "UNSAT", "solve_seconds": 0.004053994000059902, "sat_stage_seconds": 0.006820586999310763}
{"case_id": "c0001", "cell": "J20_p0.3", "encoding": "exclude_x", "repeat": 0, "status": "UNSAT", "solve_seconds": 0.0014428099984797882, "sat_stage_seconds": 0.003990849998444901}
{"case_id": "c0001", "cell": "J20_p0.3", "encoding": "prefix", "repeat": 1, "status": "UNSAT", "solve_seconds": 0.0037642229999619303, "sat_stage_seconds": 0.006538839001223096}
{"case_id": "c0001", "cell": "J20_p0.3", "encoding": "exclude_x", "repeat": 1, "status": "UNSAT", "solve_seconds": 0.0014635810002801009, "sat_stage_seconds": 0.0038243920007516863}
{"case_id": "c0001", "cell": "J20_p0.3", "encoding": "exclude_h", "repeat": 1, "status": "UNSAT", "solve_seconds": 0.0020675369996752124, "sat_stage_seconds": 0.004526474000158487}
{"case_id": "c0001", "cell": "J20_p0.3", "encoding": "exclude_x", "repeat": 2, "status": "UNSAT", "solve_seconds": 0.001989791000596597, "sat_stage_seconds": 0.0049348800002917415}
{"case_id": "c0001", "cell": "J20_p0.3", "encoding": "exclude_h", "repeat": 2, "status": "UNSAT", "solve_seconds": 0.002141606000805041, "sat_stage_seconds": 0.004655373999412404}
{"case_id": "c0001", "cell": "J20_p0.3", "encoding": "prefix", "repeat": 2, "status": "UNSAT", "solve_seconds": 0.0038919729995541275, "sat_stage_seconds": 0.006665798000540235}
{"case_id": "c0006", "cell": "J20_p0.5", "encoding": "prefix", "repeat": 0, "status": "UNSAT", "solve_seconds": 0.00758326799950737, "sat_stage_seconds": 0.010454826999193756}
{"case_id": "c0006", "cell": "J20_p0.5", "encoding": "exclude_x", "repeat": 0, "status": "UNSAT", "solve_seconds": 0.0051242500012449455, "sat_stage_seconds": 0.007820860000720131}
{"case_id": "c0006", "cell": "J20_p0.5", "encoding": "exclude_h", "repeat": 0, "status": "UNSAT", "solve_seconds": 0.005102277998958016, "sat_stage_seconds": 0.008092613998087472}
{"case_id": "c0006", "cell": "J20_p0.5", "encoding": "exclude_x", "repeat": 1, "status": "UNSAT", "solve_seconds": 0.004788162999830092, "sat_stage_seconds": 0.007471663000615081}
{"case_id": "c0006", "cell": "J20_p0.5", "encoding": "exclude_h", "repeat": 1, "status": "UNSAT", "solve_seconds": 0.005157319999852916, "sat_stage_seconds": 0.007857185000830214}
{"case_id": "c0006", "cell": "J20_p0.5", "encoding": "prefix", "repeat": 1, "status": "UNSAT", "solve_seconds": 0.007089044998792815, "sat_stage_seconds": 0.009875758998532547}
{"case_id": "c0006", "cell": "J20_p0.5", "encoding": "exclude_h", "repeat": 2, "status": "UNSAT", "solve_seconds": 0.005577533000177937, "sat_stage_seconds": 0.008687797000675346}
{"case_id": "c0006", "cell": "J20_p0.5", "encoding": "prefix", "repeat": 2, "status": "UNSAT", "solve_seconds": 0.007357393000347656, "sat_stage_seconds": 0.010384984001575503}
{"case_id": "c0006", "cell": "J20_p0.5", "encoding": "exclude_x", "repeat": 2, "status": "UNSAT", "solve_seconds": 0.005074476999652688, "sat_stage_seconds": 0.008234764000007999}
{"case_id": "c0151", "cell": "J80_w3", "encoding": "exclude_h", "repeat": 0, "status": "UNSAT", "solve_seconds": 0.008113863999824389, "sat_stage_seconds": 0.016323185998771805}
{"case_id": "c0151", "cell": "J80_w3", "encoding": "exclude_x", "repeat": 0, "status": "UNSAT", "solve_seconds": 0.009890360001008958, "sat_stage_seconds": 0.017810758001360227}
{"case_id": "c0151", "cell": "J80_w3", "encoding": "prefix", "repeat": 0, "status": "UNSAT", "solve_seconds": 0.011817378999694483, "sat_stage_seconds": 0.019497169998430763}
{"case_id": "c0151", "cell": "J80_w3", "encoding": "exclude_x", "repeat": 1, "status": "UNSAT", "solve_seconds": 0.009500602000116487, "sat_stage_seconds": 0.02163528100027179}
{"case_id": "c0151", "cell": "J80_w3", "encoding": "prefix", "repeat": 1, "status": "UNSAT", "solve_seconds": 0.01026172100137046, "sat_stage_seconds": 0.018038957001408562}
{"case_id": "c0151", "cell": "J80_w3", "encoding": "exclude_h", "repeat": 1, "status": "UNSAT", "solve_seconds": 0.00825032799912151, "sat_stage_seconds": 0.016099630998724024}
{"case_id": "c0151", "cell": "J80_w3", "encoding": "prefix", "repeat": 2, "status": "UNSAT", "solve_seconds": 0.010644979998687631, "sat_stage_seconds": 0.01858853299745533}
{"case_id": "c0151", "cell": "J80_w3", "encoding": "exclude_h", "repeat": 2, "status": "UNSAT", "solve_seconds": 0.008017272000870435, "sat_stage_seconds": 0.015802830001121038}
{"case_id": "c0151", "cell": "J80_w3", "encoding": "exclude_x", "repeat": 2, "status": "UNSAT", "solve_seconds": 0.008276405998913106, "sat_stage_seconds": 0.01578233899999759}
{"case_id": "c0078", "cell": "J35_w1to3", "encoding": "exclude_x", "repeat": 0, "status": "UNSAT", "solve_seconds": 0.002543722999689635, "sat_stage_seconds": 0.004780711999046616}
{"case_id": "c0078", "cell": "J35_w1to3", "encoding": "exclude_h", "repeat": 0, "status": "UNSAT", "solve_seconds": 0.003018477000296116, "sat_stage_seconds": 0.004878174999248586}
{"case_id": "c0078", "cell": "J35_w1to3", "encoding": "prefix", "repeat": 0, "status": "UNSAT", "solve_seconds": 0.0024961020008049672, "sat_stage_seconds": 0.004848231001233216}
{"case_id": "c0078", "cell": "J35_w1to3", "encoding": "exclude_h", "repeat": 1, "status": "UNSAT", "solve_seconds": 0.002915515000495361, "sat_stage_seconds": 0.00493292800092604}
{"case_id": "c0078", "cell": "J35_w1to3", "encoding": "prefix", "repeat": 1, "status": "UNSAT", "solve_seconds": 0.0034149160001106793, "sat_stage_seconds": 0.005645875000482192}
{"case_id": "c0078", "cell": "J35_w1to3", "encoding": "exclude_x", "repeat": 1, "status": "UNSAT", "solve_seconds": 0.0030009410002094228, "sat_stage_seconds": 0.00544269300007727}
{"case_id": "c0078", "cell": "J35_w1to3", "encoding": "prefix", "repeat": 2, "status": "UNSAT", "solve_seconds": 0.00246811000033631, "sat_stage_seconds": 0.004637588001060067}
{"case_id": "c0078", "cell": "J35_w1to3", "encoding": "exclude_x", "repeat": 2, "status": "UNSAT", "solve_seconds": 0.0024636549987917533, "sat_stage_seconds": 0.004492905000006431}
{"case_id": "c0078", "cell": "J35_w1to3", "encoding": "exclude_h", "repeat": 2, "status": "UNSAT", "solve_seconds": 0.003200167000613874, "sat_stage_seconds": 0.005127465999976266}
{"case_id": "c0118", "cell": "J50_w5", "encoding": "exclude_x", "repeat": 0, "status": "UNSAT", "solve_seconds": 0.018479320000551525, "sat_stage_seconds": 0.02781388500079629}
{"case_id": "c0118", "cell": "J50_w5", "encoding": "prefix", "repeat": 0, "status": "UNSAT", "solve_seconds": 0.021756651000032434, "sat_stage_seconds": 0.028468217000408913}
{"case_id": "c0118", "cell": "J50_w5", "encoding": "exclude_h", "repeat": 0, "status": "UNSAT", "solve_seconds": 0.01851225900099962, "sat_stage_seconds": 0.02478096800041385}
{"case_id": "c0118", "cell": "J50_w5", "encoding": "prefix", "repeat": 1, "status": "UNSAT", "solve_seconds": 0.01896131500143383, "sat_stage_seconds": 0.025362991002111812}
{"case_id": "c0118", "cell": "J50_w5", "encoding": "exclude_h", "repeat": 1, "status": "UNSAT", "solve_seconds": 0.017910676999235875, "sat_stage_seconds": 0.0247083489994111}
{"case_id": "c0118", "cell": "J50_w5", "encoding": "exclude_x", "repeat": 1, "status": "UNSAT", "solve_seconds": 0.019822501999442466, "sat_stage_seconds": 0.026094875998751377}
{"case_id": "c0118", "cell": "J50_w5", "encoding": "exclude_h", "repeat": 2, "status": "UNSAT", "solve_seconds": 0.02081632599947625, "sat_stage_seconds": 0.027174336999451043}
{"case_id": "c0118", "cell": "J50_w5", "encoding": "exclude_x", "repeat": 2, "status": "UNSAT", "solve_seconds": 0.018103121999956784, "sat_stage_seconds": 0.02440874500098289}
{"case_id": "c0118", "cell": "J50_w5", "encoding": "prefix", "repeat": 2, "status": "UNSAT", "solve_seconds": 0.019982621000963263, "sat_stage_seconds": 0.02626599100040039}
{"case_id": "c0180", "cell": "cubic_cycle_matching", "encoding": "exclude_x", "repeat": 0, "status": "UNSAT", "solve_seconds": 0.0039046620004228316, "sat_stage_seconds": 0.006028441999660572}
{"case_id": "c0180", "cell": "cubic_cycle_matching", "encoding": "prefix", "repeat": 0, "status": "UNSAT", "solve_seconds": 0.006878523001432768, "sat_stage_seconds": 0.009119557000303757}
{"case_id": "c0180", "cell": "cubic_cycle_matching", "encoding": "exclude_h", "repeat": 0, "status": "UNSAT", "solve_seconds": 0.0036888909999106545, "sat_stage_seconds": 0.006200595998961944}
{"case_id": "c0180", "cell": "cubic_cycle_matching", "encoding": "prefix", "repeat": 1, "status": "UNSAT", "solve_seconds": 0.006225804001587676, "sat_stage_seconds": 0.008438947001195629}
{"case_id": "c0180", "cell": "cubic_cycle_matching", "encoding": "exclude_h", "repeat": 1, "status": "UNSAT", "solve_seconds": 0.003584647000025143, "sat_stage_seconds": 0.005692242999430164}
{"case_id": "c0180", "cell": "cubic_cycle_matching", "encoding": "exclude_x", "repeat": 1, "status": "UNSAT", "solve_seconds": 0.003834707998976228, "sat_stage_seconds": 0.006412480997823877}
{"case_id": "c0180", "cell": "cubic_cycle_matching", "encoding": "exclude_h", "repeat": 2, "status": "UNSAT", "solve_seconds": 0.005063951000920497, "sat_stage_seconds": 0.007569757000965183}
{"case_id": "c0180", "cell": "cubic_cycle_matching", "encoding": "exclude_x", "repeat": 2, "status": "UNSAT", "solve_seconds": 0.0037929360005364288, "sat_stage_seconds": 0.005879631000425434}
{"case_id": "c0180", "cell": "cubic_cycle_matching", "encoding": "prefix", "repeat": 2, "status": "UNSAT", "solve_seconds": 0.0056807159999152645, "sat_stage_seconds": 0.007977401999596623}
{"case_id": "c0095", "cell": "J50_p0.5", "encoding": "exclude_h", "repeat": 0, "status": "UNSAT", "solve_seconds": 0.006019268001182354, "sat_stage_seconds": 0.011730258001989569}
{"case_id": "c0095", "cell": "J50_p0.5", "encoding": "prefix", "repeat": 0, "status": "UNSAT", "solve_seconds": 0.006228078000276582, "sat_stage_seconds": 0.01206706899938581}
{"case_id": "c0095", "cell": "J50_p0.5", "encoding": "exclude_x", "repeat": 0, "status": "UNSAT", "solve_seconds": 0.0060458869993453845, "sat_stage_seconds": 0.01146121899910213}
{"case_id": "c0095", "cell": "J50_p0.5", "encoding": "prefix", "repeat": 1, "status": "UNSAT", "solve_seconds": 0.006086978999519488, "sat_stage_seconds": 0.011573456999030896}
{"case_id": "c0095", "cell": "J50_p0.5", "encoding": "exclude_x", "repeat": 1, "status": "UNSAT", "solve_seconds": 0.006090844000937068, "sat_stage_seconds": 0.011474740002086037}
{"case_id": "c0095", "cell": "J50_p0.5", "encoding": "exclude_h", "repeat": 1, "status": "UNSAT", "solve_seconds": 0.006153878000986879, "sat_stage_seconds": 0.011493088000861462}
{"case_id": "c0095", "cell": "J50_p0.5", "encoding": "exclude_x", "repeat": 2, "status": "UNSAT", "solve_seconds": 0.006215690000317409, "sat_stage_seconds": 0.011689770000884891}
{"case_id": "c0095", "cell": "J50_p0.5", "encoding": "exclude_h", "repeat": 2, "status": "UNSAT", "solve_seconds": 0.005993029999444843, "sat_stage_seconds": 0.012025947999063646}
{"case_id": "c0095", "cell": "J50_p0.5", "encoding": "prefix", "repeat": 2, "status": "UNSAT", "solve_seconds": 0.006012408999595209, "sat_stage_seconds": 0.011982284000623622}
{"case_id": "c0161", "cell": "J80_w5", "encoding": "prefix", "repeat": 0, "status": "UNSAT", "solve_seconds": 0.028638939998927526, "sat_stage_seconds": 0.039489633998528006}
{"case_id": "c0161", "cell": "J80_w5", "encoding": "exclude_h", "repeat": 0, "status": "UNSAT", "solve_seconds": 0.03894484600095893, "sat_stage_seconds": 0.0488428680018842}
{"case_id": "c0161", "cell": "J80_w5", "encoding": "exclude_x", "repeat": 0, "status": "UNSAT", "solve_seconds": 0.037270733000696055, "sat_stage_seconds": 0.047269174001485226}
{"case_id": "c0161", "cell": "J80_w5", "encoding": "exclude_h", "repeat": 1, "status": "UNSAT", "solve_seconds": 0.06952261199876375, "sat_stage_seconds": 0.08740764099820808}
{"case_id": "c0161", "cell": "J80_w5", "encoding": "exclude_x", "repeat": 1, "status": "UNSAT", "solve_seconds": 0.034822853000150644, "sat_stage_seconds": 0.04396552499929385}
{"case_id": "c0161", "cell": "J80_w5", "encoding": "prefix", "repeat": 1, "status": "UNSAT", "solve_seconds": 0.027209950001633842, "sat_stage_seconds": 0.03677489700203296}
{"case_id": "c0161", "cell": "J80_w5", "encoding": "exclude_x", "repeat": 2, "status": "UNSAT", "solve_seconds": 0.036075591000553686, "sat_stage_seconds": 0.04571394700178644}
{"case_id": "c0161", "cell": "J80_w5", "encoding": "prefix", "repeat": 2, "status": "UNSAT", "solve_seconds": 0.028653731000304106, "sat_stage_seconds": 0.0383887110001524}
{"case_id": "c0161", "cell": "J80_w5", "encoding": "exclude_h", "repeat": 2, "status": "UNSAT", "solve_seconds": 0.037695402999816, "sat_stage_seconds": 0.04751611999927263}
{"case_id": "c0050", "cell": "J35_p0.5", "encoding": "exclude_x", "repeat": 0, "status": "UNSAT", "solve_seconds": 0.014669779000541894, "sat_stage_seconds": 0.018936137001219322}
{"case_id": "c0050", "cell": "J35_p0.5", "encoding": "exclude_h", "repeat": 0, "status": "UNSAT", "solve_seconds": 0.014883646999805933, "sat_stage_seconds": 0.019311314999868046}
{"case_id": "c0050", "cell": "J35_p0.5", "encoding": "prefix", "repeat": 0, "status": "UNSAT", "solve_seconds": 0.009380984000017634, "sat_stage_seconds": 0.014202775999365258}
{"case_id": "c0050", "cell": "J35_p0.5", "encoding": "exclude_h", "repeat": 1, "status": "UNSAT", "solve_seconds": 0.015737032001197804, "sat_stage_seconds": 0.020749226001498755}
{"case_id": "c0050", "cell": "J35_p0.5", "encoding": "prefix", "repeat": 1, "status": "UNSAT", "solve_seconds": 0.010253178999846568, "sat_stage_seconds": 0.015974804999132175}
{"case_id": "c0050", "cell": "J35_p0.5", "encoding": "exclude_x", "repeat": 1, "status": "UNSAT", "solve_seconds": 0.014935854000214022, "sat_stage_seconds": 0.01895898099974147}
{"case_id": "c0050", "cell": "J35_p0.5", "encoding": "prefix", "repeat": 2, "status": "UNSAT", "solve_seconds": 0.009082272001251113, "sat_stage_seconds": 0.013667783001437783}
{"case_id": "c0050", "cell": "J35_p0.5", "encoding": "exclude_x", "repeat": 2, "status": "UNSAT", "solve_seconds": 0.014922124000804615, "sat_stage_seconds": 0.019044519001909066}
{"case_id": "c0050", "cell": "J35_p0.5", "encoding": "exclude_h", "repeat": 2, "status": "UNSAT", "solve_seconds": 0.015183851999609033, "sat_stage_seconds": 0.019655263999084127}
{"case_id": "c0127", "cell": "J80_p0.3", "encoding": "exclude_h", "repeat": 0, "status": "UNSAT", "solve_seconds": 0.0038468160000775242, "sat_stage_seconds": 0.0072584160006954335}
{"case_id": "c0127", "cell": "J80_p0.3", "encoding": "exclude_x", "repeat": 0, "status": "UNSAT", "solve_seconds": 0.004472404001717223, "sat_stage_seconds": 0.007966677001604694}
{"case_id": "c0127", "cell": "J80_p0.3", "encoding": "prefix", "repeat": 0, "status": "UNSAT", "solve_seconds": 0.003994444999989355, "sat_stage_seconds": 0.007777126000291901}
{"case_id": "c0127", "cell": "J80_p0.3", "encoding": "exclude_x", "repeat": 1, "status": "UNSAT", "solve_seconds": 0.004898396000498906, "sat_stage_seconds": 0.00848670800041873}
{"case_id": "c0127", "cell": "J80_p0.3", "encoding": "prefix", "repeat": 1, "status": "UNSAT", "solve_seconds": 0.004130957999223028, "sat_stage_seconds": 0.007752058998448774}
{"case_id": "c0127", "cell": "J80_p0.3", "encoding": "exclude_h", "repeat": 1, "status": "UNSAT", "solve_seconds": 0.004245767999236705, "sat_stage_seconds": 0.0076051509986427845}
{"case_id": "c0127", "cell": "J80_p0.3", "encoding": "prefix", "repeat": 2, "status": "UNSAT", "solve_seconds": 0.0041004819995578146, "sat_stage_seconds": 0.007838276998882066}
{"case_id": "c0127", "cell": "J80_p0.3", "encoding": "exclude_h", "repeat": 2, "status": "UNSAT", "solve_seconds": 0.004182873999525327, "sat_stage_seconds": 0.00754927699927066}
{"case_id": "c0127", "cell": "J80_p0.3", "encoding": "exclude_x", "repeat": 2, "status": "UNSAT", "solve_seconds": 0.004383792998851277, "sat_stage_seconds": 0.007760881997455726}
{"case_id": "c0016", "cell": "J20_p0.7", "encoding": "prefix", "repeat": 0, "status": "SAT", "solve_seconds": 0.00386944899946684, "sat_stage_seconds": 0.006849329000033322}
{"case_id": "c0016", "cell": "J20_p0.7", "encoding": "exclude_x", "repeat": 0, "status": "SAT", "solve_seconds": 0.024083481999696232, "sat_stage_seconds": 0.026617149998855894}
{"case_id": "c0016", "cell": "J20_p0.7", "encoding": "exclude_h", "repeat": 0, "status": "SAT", "solve_seconds": 0.02457727599903592, "sat_stage_seconds": 0.027229699999224977}
{"case_id": "c0016", "cell": "J20_p0.7", "encoding": "exclude_x", "repeat": 1, "status": "SAT", "solve_seconds": 0.024133266999342595, "sat_stage_seconds": 0.026722376998804975}
{"case_id": "c0016", "cell": "J20_p0.7", "encoding": "exclude_h", "repeat": 1, "status": "SAT", "solve_seconds": 0.02437502599968866, "sat_stage_seconds": 0.02713361799942504}
{"case_id": "c0016", "cell": "J20_p0.7", "encoding": "prefix", "repeat": 1, "status": "SAT", "solve_seconds": 0.0040558159998909105, "sat_stage_seconds": 0.00714666100066097}
{"case_id": "c0016", "cell": "J20_p0.7", "encoding": "exclude_h", "repeat": 2, "status": "SAT", "solve_seconds": 0.024476085000060266, "sat_stage_seconds": 0.0278001150018099}
{"case_id": "c0016", "cell": "J20_p0.7", "encoding": "prefix", "repeat": 2, "status": "SAT", "solve_seconds": 0.004181632000836544, "sat_stage_seconds": 0.007246769000630593}
{"case_id": "c0016", "cell": "J20_p0.7", "encoding": "exclude_x", "repeat": 2, "status": "SAT", "solve_seconds": 0.026489582000067458, "sat_stage_seconds": 0.02925476400014304}
{"case_id": "c0155", "cell": "J80_w3", "encoding": "exclude_h", "repeat": 0, "status": "UNSAT", "solve_seconds": 0.011314592999042361, "sat_stage_seconds": 0.019568335999792907}
{"case_id": "c0155", "cell": "J80_w3", "encoding": "exclude_x", "repeat": 0, "status": "UNSAT", "solve_seconds": 0.013812707999022678, "sat_stage_seconds": 0.02156536799884634}
{"case_id": "c0155", "cell": "J80_w3", "encoding": "prefix", "repeat": 0, "status": "UNSAT", "solve_seconds": 0.011064602000260493, "sat_stage_seconds": 0.01882320000004256}
{"case_id": "c0155", "cell": "J80_w3", "encoding": "exclude_x", "repeat": 1, "status": "UNSAT", "solve_seconds": 0.01281691099939053, "sat_stage_seconds": 0.020631311999750324}
{"case_id": "c0155", "cell": "J80_w3", "encoding": "prefix", "repeat": 1, "status": "UNSAT", "solve_seconds": 0.010310894998838194, "sat_stage_seconds": 0.017823447997216135}
{"case_id": "c0155", "cell": "J80_w3", "encoding": "exclude_h", "repeat": 1, "status": "UNSAT", "solve_seconds": 0.012667819999478525, "sat_stage_seconds": 0.020634897000491037}
{"case_id": "c0155", "cell": "J80_w3", "encoding": "prefix", "repeat": 2, "status": "UNSAT", "solve_seconds": 0.011249605999182677, "sat_stage_seconds": 0.02087553399906028}
{"case_id": "c0155", "cell": "J80_w3", "encoding": "exclude_h", "repeat": 2, "status": "UNSAT", "solve_seconds": 0.011529131001225323, "sat_stage_seconds": 0.01934438300122565}
{"case_id": "c0155", "cell": "J80_w3", "encoding": "exclude_x", "repeat": 2, "status": "UNSAT", "solve_seconds": 0.011611893000008422, "sat_stage_seconds": 0.01997039100024267}
{"case_id": "c0129", "cell": "J80_p0.3", "encoding": "prefix", "repeat": 0, "status": "UNSAT", "solve_seconds": 0.006178854999234318, "sat_stage_seconds": 0.009812233998673037}
{"case_id": "c0129", "cell": "J80_p0.3", "encoding": "exclude_x", "repeat": 0, "status": "UNSAT", "solve_seconds": 0.010951333999400958, "sat_stage_seconds": 0.014301131999673089}
{"case_id": "c0129", "cell": "J80_p0.3", "encoding": "exclude_h", "repeat": 0, "status": "UNSAT", "solve_seconds": 0.007844035000744043, "sat_stage_seconds": 0.011663931001749006}
{"case_id": "c0129", "cell": "J80_p0.3", "encoding": "exclude_x", "repeat": 1, "status": "UNSAT", "solve_seconds": 0.008301453999592923, "sat_stage_seconds": 0.011916506999114063}
{"case_id": "c0129", "cell": "J80_p0.3", "encoding": "exclude_h", "repeat": 1, "status": "UNSAT", "solve_seconds": 0.008710870999493636, "sat_stage_seconds": 0.011989624998022919}
{"case_id": "c0129", "cell": "J80_p0.3", "encoding": "prefix", "repeat": 1, "status": "UNSAT", "solve_seconds": 0.0059399609999672975, "sat_stage_seconds": 0.009869879999314435}
{"case_id": "c0129", "cell": "J80_p0.3", "encoding": "exclude_h", "repeat": 2, "status": "UNSAT", "solve_seconds": 0.007887679999839747, "sat_stage_seconds": 0.011168826000357512}
{"case_id": "c0129", "cell": "J80_p0.3", "encoding": "prefix", "repeat": 2, "status": "UNSAT", "solve_seconds": 0.006231724000826944, "sat_stage_seconds": 0.010047243000371964}
{"case_id": "c0129", "cell": "J80_p0.3", "encoding": "exclude_x", "repeat": 2, "status": "UNSAT", "solve_seconds": 0.00813214299887477, "sat_stage_seconds": 0.012123542997869663}
{"case_id": "c0174", "cell": "all_triples", "encoding": "exclude_h", "repeat": 0, "status": "UNSAT", "solve_seconds": 0.022430791999795474, "sat_stage_seconds": 0.03836808099913469}
{"case_id": "c0174", "cell": "all_triples", "encoding": "exclude_x", "repeat": 0, "status": "UNSAT", "solve_seconds": 0.016506614001627895, "sat_stage_seconds": 0.031957963003151235}
{"case_id": "c0174", "cell": "all_triples", "encoding": "prefix", "repeat": 0, "status": "UNSAT", "solve_seconds": 0.01032697699884011, "sat_stage_seconds": 0.027609351998762577}
{"case_id": "c0174", "cell": "all_triples", "encoding": "exclude_x", "repeat": 1, "status": "UNSAT", "solve_seconds": 0.017155466999611235, "sat_stage_seconds": 0.03307836499880068}
{"case_id": "c0174", "cell": "all_triples", "encoding": "prefix", "repeat": 1, "status": "UNSAT", "solve_seconds": 0.010469508999449317, "sat_stage_seconds": 0.02526129000034416}
{"case_id": "c0174", "cell": "all_triples", "encoding": "exclude_h", "repeat": 1, "status": "UNSAT", "solve_seconds": 0.025522992998958216, "sat_stage_seconds": 0.043504363999090856}
{"case_id": "c0174", "cell": "all_triples", "encoding": "prefix", "repeat": 2, "status": "UNSAT", "solve_seconds": 0.010249922999719274, "sat_stage_seconds": 0.025213878998329164}
{"case_id": "c0174", "cell": "all_triples", "encoding": "exclude_h", "repeat": 2, "status": "UNSAT", "solve_seconds": 0.022738196999853244, "sat_stage_seconds": 0.038590009999097674}
{"case_id": "c0174", "cell": "all_triples", "encoding": "exclude_x", "repeat": 2, "status": "UNSAT", "solve_seconds": 0.016445203000330366, "sat_stage_seconds": 0.03172656999959145}
{"case_id": "c0179", "cell": "block_pairs4_identity6", "encoding": "exclude_x", "repeat": 0, "status": "UNSAT", "solve_seconds": 0.002416042998447665, "sat_stage_seconds": 0.004264253999281209}
{"case_id": "c0179", "cell": "block_pairs4_identity6", "encoding": "prefix", "repeat": 0, "status": "UNSAT", "solve_seconds": 0.0033212159996764967, "sat_stage_seconds": 0.005403674998888164}
{"case_id": "c0179", "cell": "block_pairs4_identity6", "encoding": "exclude_h", "repeat": 0, "status": "UNSAT", "solve_seconds": 0.002590382999187568, "sat_stage_seconds": 0.0043378849986766}
{"case_id": "c0179", "cell": "block_pairs4_identity6", "encoding": "prefix", "repeat": 1, "status": "UNSAT", "solve_seconds": 0.002929526001025806, "sat_stage_seconds": 0.004756856000312837}
{"case_id": "c0179", "cell": "block_pairs4_identity6", "encoding": "exclude_h", "repeat": 1, "status": "UNSAT", "solve_seconds": 0.00266043599913246, "sat_stage_seconds": 0.00429822599835461}
{"case_id": "c0179", "cell": "block_pairs4_identity6", "encoding": "exclude_x", "repeat": 1, "status": "UNSAT", "solve_seconds": 0.002586046000942588, "sat_stage_seconds": 0.004381289001685218}
{"case_id": "c0179", "cell": "block_pairs4_identity6", "encoding": "exclude_h", "repeat": 2, "status": "UNSAT", "solve_seconds": 0.002632956000525155, "sat_stage_seconds": 0.004829735002203961}
{"case_id": "c0179", "cell": "block_pairs4_identity6", "encoding": "exclude_x", "repeat": 2, "status": "UNSAT", "solve_seconds": 0.0027196040009584976, "sat_stage_seconds": 0.0043411389997345395}
{"case_id": "c0179", "cell": "block_pairs4_identity6", "encoding": "prefix", "repeat": 2, "status": "UNSAT", "solve_seconds": 0.0030368839998118347, "sat_stage_seconds": 0.004865215998506756}
{"case_id": "c0049", "cell": "J35_p0.5", "encoding": "exclude_x", "repeat": 0, "status": "UNSAT", "solve_seconds": 0.010914098998910049, "sat_stage_seconds": 0.01509246599925973}
{"case_id": "c0049", "cell": "J35_p0.5", "encoding": "prefix", "repeat": 0, "status": "UNSAT", "solve_seconds": 0.012554312001157086, "sat_stage_seconds": 0.01689994800108252}
{"case_id": "c0049", "cell": "J35_p0.5", "encoding": "exclude_h", "repeat": 0, "status": "UNSAT", "solve_seconds": 0.010234109999146312, "sat_stage_seconds": 0.014545063999321428}
{"case_id": "c0049", "cell": "J35_p0.5", "encoding": "prefix", "repeat": 1, "status": "UNSAT", "solve_seconds": 0.011680435000016587, "sat_stage_seconds": 0.016021954999814625}
{"case_id": "c0049", "cell": "J35_p0.5", "encoding": "exclude_h", "repeat": 1, "status": "UNSAT", "solve_seconds": 0.009788329000002705, "sat_stage_seconds": 0.013925556000685901}
{"case_id": "c0049", "cell": "J35_p0.5", "encoding": "exclude_x", "repeat": 1, "status": "UNSAT", "solve_seconds": 0.009762420000697603, "sat_stage_seconds": 0.016702084001735784}
{"case_id": "c0049", "cell": "J35_p0.5", "encoding": "exclude_h", "repeat": 2, "status": "UNSAT", "solve_seconds": 0.010097528000187594, "sat_stage_seconds": 0.014401181000721408}
{"case_id": "c0049", "cell": "J35_p0.5", "encoding": "exclude_x", "repeat": 2, "status": "UNSAT", "solve_seconds": 0.011237668000831036, "sat_stage_seconds": 0.015317370000047958}
{"case_id": "c0049", "cell": "J35_p0.5", "encoding": "prefix", "repeat": 2, "status": "UNSAT", "solve_seconds": 0.011714135000147508, "sat_stage_seconds": 0.015875126999162603}
{"case_id": "c0103", "cell": "J50_w2", "encoding": "prefix", "repeat": 0, "status": "UNSAT", "solve_seconds": 0.010492022998732864, "sat_stage_seconds": 0.01511268699869106}
{"case_id": "c0103", "cell": "J50_w2", "encoding": "exclude_h", "repeat": 0, "status": "UNSAT", "solve_seconds": 0.006933874001333606, "sat_stage_seconds": 0.011373148001439404}
{"case_id": "c0103", "cell": "J50_w2", "encoding": "exclude_x", "repeat": 0, "status": "UNSAT", "solve_seconds": 0.007337323999308865, "sat_stage_seconds": 0.012099116998797399}
{"case_id": "c0103", "cell": "J50_w2", "encoding": "exclude_h", "repeat": 1, "status": "UNSAT", "solve_seconds": 0.006928636999873561, "sat_stage_seconds": 0.011106523999842466}
{"case_id": "c0103", "cell": "J50_w2", "encoding": "exclude_x", "repeat": 1, "status": "UNSAT", "solve_seconds": 0.007661965000806958, "sat_stage_seconds": 0.011978417000136687}
{"case_id": "c0103", "cell": "J50_w2", "encoding": "prefix", "repeat": 1, "status": "UNSAT", "solve_seconds": 0.008587127000282635, "sat_stage_seconds": 0.013018248999287607}
{"case_id": "c0103", "cell": "J50_w2", "encoding": "exclude_x", "repeat": 2, "status": "UNSAT", "solve_seconds": 0.006927895999979228, "sat_stage_seconds": 0.011113214000943117}
{"case_id": "c0103", "cell": "J50_w2", "encoding": "prefix", "repeat": 2, "status": "UNSAT", "solve_seconds": 0.008236096999098663, "sat_stage_seconds": 0.012240246998771909}
{"case_id": "c0103", "cell": "J50_w2", "encoding": "exclude_h", "repeat": 2, "status": "UNSAT", "solve_seconds": 0.006444758999350597, "sat_stage_seconds": 0.010789002999445074}
{"case_id": "c0032", "cell": "J20_w5", "encoding": "exclude_x", "repeat": 0, "status": "UNSAT", "solve_seconds": 0.03705132899995078, "sat_stage_seconds": 0.04051783100112516}
{"case_id": "c0032", "cell": "J20_w5", "encoding": "prefix", "repeat": 0, "status": "UNSAT", "solve_seconds": 0.03542522599855147, "sat_stage_seconds": 0.03990913699817611}
{"case_id": "c0032", "cell": "J20_w5", "encoding": "exclude_h", "repeat": 0, "status": "UNSAT", "solve_seconds": 0.02612715499890328, "sat_stage_seconds": 0.029901603998951032}
{"case_id": "c0032", "cell": "J20_w5", "encoding": "prefix", "repeat": 1, "status": "UNSAT", "solve_seconds": 0.03219558499949926, "sat_stage_seconds": 0.03573313199922268}
{"case_id": "c0032", "cell": "J20_w5", "encoding": "exclude_h", "repeat": 1, "status": "UNSAT", "solve_seconds": 0.02579185700051312, "sat_stage_seconds": 0.029247503000078723}
{"case_id": "c0032", "cell": "J20_w5", "encoding": "exclude_x", "repeat": 1, "status": "UNSAT", "solve_seconds": 0.026595178000206943, "sat_stage_seconds": 0.02981360199919436}
{"case_id": "c0032", "cell": "J20_w5", "encoding": "exclude_h", "repeat": 2, "status": "UNSAT", "solve_seconds": 0.02688714199939568, "sat_stage_seconds": 0.030352812000273843}
{"case_id": "c0032", "cell": "J20_w5", "encoding": "exclude_x", "repeat": 2, "status": "UNSAT", "solve_seconds": 0.02580612800011295, "sat_stage_seconds": 0.0291508589998557}
{"case_id": "c0032", "cell": "J20_w5", "encoding": "prefix", "repeat": 2, "status": "UNSAT", "solve_seconds": 0.03230243399957544, "sat_stage_seconds": 0.03565500699914992}
{"case_id": "c0137", "cell": "J80_p0.5", "encoding": "exclude_h", "repeat": 0, "status": "UNSAT", "solve_seconds": 0.010025892001067405, "sat_stage_seconds": 0.01896330900126486}
{"case_id": "c0137", "cell": "J80_p0.5", "encoding": "prefix", "repeat": 0, "status": "UNSAT", "solve_seconds": 0.01132653100103198, "sat_stage_seconds": 0.017616660999919986}
{"case_id": "c0137", "cell": "J80_p0.5", "encoding": "exclude_x", "repeat": 0, "status": "UNSAT", "solve_seconds": 0.010006742000769009, "sat_stage_seconds": 0.01769170100124029}
{"case_id": "c0137", "cell": "J80_p0.5", "encoding": "prefix", "repeat": 1, "status": "UNSAT", "solve_seconds": 0.014041538001038134, "sat_stage_seconds": 0.02159805600058462}
{"case_id": "c0137", "cell": "J80_p0.5", "encoding": "exclude_x", "repeat": 1, "status": "UNSAT", "solve_seconds": 0.008819562001008308, "sat_stage_seconds": 0.015523817000939744}
{"case_id": "c0137", "cell": "J80_p0.5", "encoding": "exclude_h", "repeat": 1, "status": "UNSAT", "solve_seconds": 0.008085804000074859, "sat_stage_seconds": 0.014581710000129533}
{"case_id": "c0137", "cell": "J80_p0.5", "encoding": "exclude_x", "repeat": 2, "status": "UNSAT", "solve_seconds": 0.008439609000561177, "sat_stage_seconds": 0.014825091000602697}
{"case_id": "c0137", "cell": "J80_p0.5", "encoding": "exclude_h", "repeat": 2, "status": "UNSAT", "solve_seconds": 0.008123038998746779, "sat_stage_seconds": 0.014432306998060085}
{"case_id": "c0137", "cell": "J80_p0.5", "encoding": "prefix", "repeat": 2, "status": "UNSAT", "solve_seconds": 0.010969011000270257, "sat_stage_seconds": 0.01723342300101649}
{"case_id": "c0055", "cell": "J35_p0.7", "encoding": "exclude_h", "repeat": 0, "status": "SAT", "solve_seconds": 0.013205138000557781, "sat_stage_seconds": 0.01859278000119957}
{"case_id": "c0055", "cell": "J35_p0.7", "encoding": "exclude_x", "repeat": 0, "status": "SAT", "solve_seconds": 0.014952277999327634, "sat_stage_seconds": 0.01936966100038262}
{"case_id": "c0055", "cell": "J35_p0.7", "encoding": "prefix", "repeat": 0, "status": "SAT", "solve_seconds": 0.004585241000313545, "sat_stage_seconds": 0.009410759001184488}
{"case_id": "c0055", "cell": "J35_p0.7", "encoding": "exclude_x", "repeat": 1, "status": "SAT", "solve_seconds": 0.014332528999148053, "sat_stage_seconds": 0.01909383199927106}
{"case_id": "c0055", "cell": "J35_p0.7", "encoding": "prefix", "repeat": 1, "status": "SAT", "solve_seconds": 0.004275270999642089, "sat_stage_seconds": 0.01103687000068021}
{"case_id": "c0055", "cell": "J35_p0.7", "encoding": "exclude_h", "repeat": 1, "status": "SAT", "solve_seconds": 0.013066141000308562, "sat_stage_seconds": 0.018070444000841235}
{"case_id": "c0055", "cell": "J35_p0.7", "encoding": "prefix", "repeat": 2, "status": "SAT", "solve_seconds": 0.004582667999784462, "sat_stage_seconds": 0.010098549999383977}
{"case_id": "c0055", "cell": "J35_p0.7", "encoding": "exclude_h", "repeat": 2, "status": "SAT", "solve_seconds": 0.014199282000845415, "sat_stage_seconds": 0.01896641399980581}
{"case_id": "c0055", "cell": "J35_p0.7", "encoding": "exclude_x", "repeat": 2, "status": "SAT", "solve_seconds": 0.015024316000562976, "sat_stage_seconds": 0.019758237000132794}
{"case_id": "c0070", "cell": "J35_w3", "encoding": "exclude_h", "repeat": 0, "status": "UNSAT", "solve_seconds": 0.007516097999541671, "sat_stage_seconds": 0.01247552499989979}
{"case_id": "c0070", "cell": "J35_w3", "encoding": "exclude_x", "repeat": 0, "status": "UNSAT", "solve_seconds": 0.007059341000058339, "sat_stage_seconds": 0.011513727999044931}
{"case_id": "c0070", "cell": "J35_w3", "encoding": "prefix", "repeat": 0, "status": "UNSAT", "solve_seconds": 0.009085196001251461, "sat_stage_seconds": 0.014537804001520271}
{"case_id": "c0070", "cell": "J35_w3", "encoding": "exclude_x", "repeat": 1, "status": "UNSAT", "solve_seconds": 0.007426095000482746, "sat_stage_seconds": 0.012372512001093128}
{"case_id": "c0070", "cell": "J35_w3", "encoding": "prefix", "repeat": 1, "status": "UNSAT", "solve_seconds": 0.009103963999223197, "sat_stage_seconds": 0.013861010000255192}
{"case_id": "c0070", "cell": "J35_w3", "encoding": "exclude_h", "repeat": 1, "status": "UNSAT", "solve_seconds": 0.006987303999267169, "sat_stage_seconds": 0.011201363999134628}
{"case_id": "c0070", "cell": "J35_w3", "encoding": "prefix", "repeat": 2, "status": "UNSAT", "solve_seconds": 0.010592081000140752, "sat_stage_seconds": 0.015894987000137917}
{"case_id": "c0070", "cell": "J35_w3", "encoding": "exclude_h", "repeat": 2, "status": "UNSAT", "solve_seconds": 0.006891371998790419, "sat_stage_seconds": 0.011497293999127578}
{"case_id": "c0070", "cell": "J35_w3", "encoding": "exclude_x", "repeat": 2, "status": "UNSAT", "solve_seconds": 0.006119466999734868, "sat_stage_seconds": 0.010975299999699928}
{"case_id": "c0024", "cell": "J20_w3", "encoding": "prefix", "repeat": 0, "status": "UNSAT", "solve_seconds": 0.006326614000499831, "sat_stage_seconds": 0.009604116001355578}
{"case_id": "c0024", "cell": "J20_w3", "encoding": "exclude_x", "repeat": 0, "status": "UNSAT", "solve_seconds": 0.004832687000089209, "sat_stage_seconds": 0.007720330000665854}
{"case_id": "c0024", "cell": "J20_w3", "encoding": "exclude_h", "repeat": 0, "status": "UNSAT", "solve_seconds": 0.004678238999986206, "sat_stage_seconds": 0.007861771000534645}
{"case_id": "c0024", "cell": "J20_w3", "encoding": "exclude_x", "repeat": 1, "status": "UNSAT", "solve_seconds": 0.004623639000783442, "sat_stage_seconds": 0.007636708000063663}
{"case_id": "c0024", "cell": "J20_w3", "encoding": "exclude_h", "repeat": 1, "status": "UNSAT", "solve_seconds": 0.004220089000227745, "sat_stage_seconds": 0.0071180970007844735}
{"case_id": "c0024", "cell": "J20_w3", "encoding": "prefix", "repeat": 1, "status": "UNSAT", "solve_seconds": 0.006699327001115307, "sat_stage_seconds": 0.010875231002501096}
{"case_id": "c0024", "cell": "J20_w3", "encoding": "exclude_h", "repeat": 2, "status": "UNSAT", "solve_seconds": 0.004230034001011518, "sat_stage_seconds": 0.007336231001318083}
{"case_id": "c0024", "cell": "J20_w3", "encoding": "prefix", "repeat": 2, "status": "UNSAT", "solve_seconds": 0.006246554999961518, "sat_stage_seconds": 0.009503526000116835}
{"case_id": "c0024", "cell": "J20_w3", "encoding": "exclude_x", "repeat": 2, "status": "UNSAT", "solve_seconds": 0.004386236001664656, "sat_stage_seconds": 0.0076028770017728675}
{"case_id": "c0013", "cell": "J20_p0.7", "encoding": "exclude_h", "repeat": 0, "status": "SAT", "solve_seconds": 0.0026086389989359304, "sat_stage_seconds": 0.005594207999820355}
{"case_id": "c0013", "cell": "J20_p0.7", "encoding": "prefix", "repeat": 0, "status": "SAT", "solve_seconds": 0.004691387999628205, "sat_stage_seconds": 0.007465722999768332}
{"case_id": "c0013", "cell": "J20_p0.7", "encoding": "exclude_x", "repeat": 0, "status": "SAT", "solve_seconds": 0.0020373829993332038, "sat_stage_seconds": 0.005170539998289314}
{"case_id": "c0013", "cell": "J20_p0.7", "encoding": "prefix", "repeat": 1, "status": "SAT", "solve_seconds": 0.004928940999889164, "sat_stage_seconds": 0.007735945000604261}
{"case_id": "c0013", "cell": "J20_p0.7", "encoding": "exclude_x", "repeat": 1, "status": "SAT", "solve_seconds": 0.002021077998506371, "sat_stage_seconds": 0.005009740998502821}
{"case_id": "c0013", "cell": "J20_p0.7", "encoding": "exclude_h", "repeat": 1, "status": "SAT", "solve_seconds": 0.002042288999291486, "sat_stage_seconds": 0.004988879998563789}
{"case_id": "c0013", "cell": "J20_p0.7", "encoding": "exclude_x", "repeat": 2, "status": "SAT", "solve_seconds": 0.0018474199987394968, "sat_stage_seconds": 0.004494746997806942}
{"case_id": "c0013", "cell": "J20_p0.7", "encoding": "exclude_h", "repeat": 2, "status": "SAT", "solve_seconds": 0.0018480309990991373, "sat_stage_seconds": 0.004317874998378102}
{"case_id": "c0013", "cell": "J20_p0.7", "encoding": "prefix", "repeat": 2, "status": "SAT", "solve_seconds": 0.004838305998418946, "sat_stage_seconds": 0.007793879998644115}
{"case_id": "c0033", "cell": "J20_w5", "encoding": "exclude_h", "repeat": 0, "status": "UNSAT", "solve_seconds": 0.03677443800006586, "sat_stage_seconds": 0.04010591899896099}
{"case_id": "c0033", "cell": "J20_w5", "encoding": "exclude_x", "repeat": 0, "status": "UNSAT", "solve_seconds": 0.03438677499980258, "sat_stage_seconds": 0.03835523099951388}
{"case_id": "c0033", "cell": "J20_w5", "encoding": "prefix", "repeat": 0, "status": "UNSAT", "solve_seconds": 0.03222195499984082, "sat_stage_seconds": 0.03571761999955925}
{"case_id": "c0033", "cell": "J20_w5", "encoding": "exclude_x", "repeat": 1, "status": "UNSAT", "solve_seconds": 0.03648469700056012, "sat_stage_seconds": 0.040288119000251754}
{"case_id": "c0033", "cell": "J20_w5", "encoding": "prefix", "repeat": 1, "status": "UNSAT", "solve_seconds": 0.03435370700026397, "sat_stage_seconds": 0.03860035599973344}
{"case_id": "c0033", "cell": "J20_w5", "encoding": "exclude_h", "repeat": 1, "status": "UNSAT", "solve_seconds": 0.034684465999816894, "sat_stage_seconds": 0.03795391499988909}
{"case_id": "c0033", "cell": "J20_w5", "encoding": "prefix", "repeat": 2, "status": "UNSAT", "solve_seconds": 0.03250776899949415, "sat_stage_seconds": 0.03619358600008127}
{"case_id": "c0033", "cell": "J20_w5", "encoding": "exclude_h", "repeat": 2, "status": "UNSAT", "solve_seconds": 0.035949524000898236, "sat_stage_seconds": 0.0397417990006943}
{"case_id": "c0033", "cell": "J20_w5", "encoding": "exclude_x", "repeat": 2, "status": "UNSAT", "solve_seconds": 0.041526365999743575, "sat_stage_seconds": 0.044988450999881024}
{"case_id": "c0153", "cell": "J80_w3", "encoding": "exclude_h", "repeat": 0, "status": "UNSAT", "solve_seconds": 0.011134225000205333, "sat_stage_seconds": 0.01989315700120642}
{"case_id": "c0153", "cell": "J80_w3", "encoding": "exclude_x", "repeat": 0, "status": "UNSAT", "solve_seconds": 0.010600522999084205, "sat_stage_seconds": 0.01925259599920537}
{"case_id": "c0153", "cell": "J80_w3", "encoding": "prefix", "repeat": 0, "status": "UNSAT", "solve_seconds": 0.009341417000541696, "sat_stage_seconds": 0.01760962099979224}
{"case_id": "c0153", "cell": "J80_w3", "encoding": "exclude_x", "repeat": 1, "status": "UNSAT", "solve_seconds": 0.014353579999806243, "sat_stage_seconds": 0.022395619000235456}
{"case_id": "c0153", "cell": "J80_w3", "encoding": "prefix", "repeat": 1, "status": "UNSAT", "solve_seconds": 0.008192601999326143, "sat_stage_seconds": 0.016324463998898864}
{"case_id": "c0153", "cell": "J80_w3", "encoding": "exclude_h", "repeat": 1, "status": "UNSAT", "solve_seconds": 0.011435131000325782, "sat_stage_seconds": 0.019806418000371195}
{"case_id": "c0153", "cell": "J80_w3", "encoding": "prefix", "repeat": 2, "status": "UNSAT", "solve_seconds": 0.01121076900017215, "sat_stage_seconds": 0.02005203300177527}
{"case_id": "c0153", "cell": "J80_w3", "encoding": "exclude_h", "repeat": 2, "status": "UNSAT", "solve_seconds": 0.011005234000549535, "sat_stage_seconds": 0.018907886000306462}
{"case_id": "c0153", "cell": "J80_w3", "encoding": "exclude_x", "repeat": 2, "status": "UNSAT", "solve_seconds": 0.010601685999063193, "sat_stage_seconds": 0.018976307999764686}
{"case_id": "c0062", "cell": "J35_w2", "encoding": "exclude_x", "repeat": 0, "status": "UNSAT", "solve_seconds": 0.006251061999137164, "sat_stage_seconds": 0.01178790499761817}
{"case_id": "c0062", "cell": "J35_w2", "encoding": "prefix", "repeat": 0, "status": "UNSAT", "solve_seconds": 0.005444434998935321, "sat_stage_seconds": 0.008954510998592013}
{"case_id": "c0062", "cell": "J35_w2", "encoding": "exclude_h", "repeat": 0, "status": "UNSAT", "solve_seconds": 0.005744050000430434, "sat_stage_seconds": 0.009715901000163285}
{"case_id": "c0062", "cell": "J35_w2", "encoding": "prefix", "repeat": 1, "status": "UNSAT", "solve_seconds": 0.004429990000062389, "sat_stage_seconds": 0.008252769999671727}
{"case_id": "c0062", "cell": "J35_w2", "encoding": "exclude_h", "repeat": 1, "status": "UNSAT", "solve_seconds": 0.0056284990005224245, "sat_stage_seconds": 0.009108321000894648}
{"case_id": "c0062", "cell": "J35_w2", "encoding": "exclude_x", "repeat": 1, "status": "UNSAT", "solve_seconds": 0.006601982000574935, "sat_stage_seconds": 0.010417482000775635}
{"case_id": "c0062", "cell": "J35_w2", "encoding": "exclude_h", "repeat": 2, "status": "UNSAT", "solve_seconds": 0.006608912999581662, "sat_stage_seconds": 0.010304534998795134}
{"case_id": "c0062", "cell": "J35_w2", "encoding": "exclude_x", "repeat": 2, "status": "UNSAT", "solve_seconds": 0.006379471999025554, "sat_stage_seconds": 0.009988104999138159}
{"case_id": "c0062", "cell": "J35_w2", "encoding": "prefix", "repeat": 2, "status": "UNSAT", "solve_seconds": 0.004877254999883007, "sat_stage_seconds": 0.008427802000369411}
{"case_id": "c0112", "cell": "J50_w3", "encoding": "exclude_h", "repeat": 0, "status": "UNSAT", "solve_seconds": 0.00816667300023255, "sat_stage_seconds": 0.015991699001460802}
{"case_id": "c0112", "cell": "J50_w3", "encoding": "exclude_x", "repeat": 0, "status": "UNSAT", "solve_seconds": 0.006506970999907935, "sat_stage_seconds": 0.011483922999104834}
{"case_id": "c0112", "cell": "J50_w3", "encoding": "prefix", "repeat": 0, "status": "UNSAT", "solve_seconds": 0.010292366001522169, "sat_stage_seconds": 0.01551126700178429}
{"case_id": "c0112", "cell": "J50_w3", "encoding": "exclude_x", "repeat": 1, "status": "UNSAT", "solve_seconds": 0.006837853001343319, "sat_stage_seconds": 0.011652624001726508}
{"case_id": "c0112", "cell": "J50_w3", "encoding": "prefix", "repeat": 1, "status": "UNSAT", "solve_seconds": 0.009247897000022931, "sat_stage_seconds": 0.014390063999599079}
{"case_id": "c0112", "cell": "J50_w3", "encoding": "exclude_h", "repeat": 1, "status": "UNSAT", "solve_seconds": 0.007876532999944175, "sat_stage_seconds": 0.01283624000097916}
{"case_id": "c0112", "cell": "J50_w3", "encoding": "prefix", "repeat": 2, "status": "UNSAT", "solve_seconds": 0.009156450998489163, "sat_stage_seconds": 0.014447388997723465}
{"case_id": "c0112", "cell": "J50_w3", "encoding": "exclude_h", "repeat": 2, "status": "UNSAT", "solve_seconds": 0.0083561749997898, "sat_stage_seconds": 0.014844539000478107}
{"case_id": "c0112", "cell": "J50_w3", "encoding": "exclude_x", "repeat": 2, "status": "UNSAT", "solve_seconds": 0.006249069001569296, "sat_stage_seconds": 0.011854023001433234}
{"case_id": "c0060", "cell": "J35_w2", "encoding": "prefix", "repeat": 0, "status": "UNSAT", "solve_seconds": 0.004695564000940067, "sat_stage_seconds": 0.008158619999449002}
{"case_id": "c0060", "cell": "J35_w2", "encoding": "exclude_h", "repeat": 0, "status": "UNSAT", "solve_seconds": 0.005979289000606514, "sat_stage_seconds": 0.00959744600004342}
{"case_id": "c0060", "cell": "J35_w2", "encoding": "exclude_x", "repeat": 0, "status": "UNSAT", "solve_seconds": 0.0052626060005422914, "sat_stage_seconds": 0.008470174001558917}
{"case_id": "c0060", "cell": "J35_w2", "encoding": "exclude_h", "repeat": 1, "status": "UNSAT", "solve_seconds": 0.006390970000211382, "sat_stage_seconds": 0.00978555500114453}
{"case_id": "c0060", "cell": "J35_w2", "encoding": "exclude_x", "repeat": 1, "status": "UNSAT", "solve_seconds": 0.005309845999363461, "sat_stage_seconds": 0.00860000699867669}
{"case_id": "c0060", "cell": "J35_w2", "encoding": "prefix", "repeat": 1, "status": "UNSAT", "solve_seconds": 0.0041935000008379575, "sat_stage_seconds": 0.008008328999494552}
{"case_id": "c0060", "cell": "J35_w2", "encoding": "exclude_x", "repeat": 2, "status": "UNSAT", "solve_seconds": 0.005108176999783609, "sat_stage_seconds": 0.008309195000038017}
{"case_id": "c0060", "cell": "J35_w2", "encoding": "prefix", "repeat": 2, "status": "UNSAT", "solve_seconds": 0.004869882999628317, "sat_stage_seconds": 0.008605113000157871}
{"case_id": "c0060", "cell": "J35_w2", "encoding": "exclude_h", "repeat": 2, "status": "UNSAT", "solve_seconds": 0.006129872999736108, "sat_stage_seconds": 0.009366033000333118}
{"case_id": "c0084", "cell": "J50_p0.3", "encoding": "exclude_h", "repeat": 0, "status": "UNSAT", "solve_seconds": 0.009687154000857845, "sat_stage_seconds": 0.014159919001031085}
{"case_id": "c0084", "cell": "J50_p0.3", "encoding": "prefix", "repeat": 0, "status": "UNSAT", "solve_seconds": 0.009869098001217935, "sat_stage_seconds": 0.014828915000180132}
{"case_id": "c0084", "cell": "J50_p0.3", "encoding": "exclude_x", "repeat": 0, "status": "UNSAT", "solve_seconds": 0.008239631999458652, "sat_stage_seconds": 0.013540414998715278}
{"case_id": "c0084", "cell": "J50_p0.3", "encoding": "prefix", "repeat": 1, "status": "UNSAT", "solve_seconds": 0.010443481000038446, "sat_stage_seconds": 0.016099439999379683}
{"case_id": "c0084", "cell": "J50_p0.3", "encoding": "exclude_x", "repeat": 1, "status": "UNSAT", "solve_seconds": 0.007884675000241259, "sat_stage_seconds": 0.012949087000379222}
{"case_id": "c0084", "cell": "J50_p0.3", "encoding": "exclude_h", "repeat": 1, "status": "UNSAT", "solve_seconds": 0.007394868000119459, "sat_stage_seconds": 0.012208598000142956}
{"case_id": "c0084", "cell": "J50_p0.3", "encoding": "exclude_x", "repeat": 2, "status": "UNSAT", "solve_seconds": 0.00689168300050369, "sat_stage_seconds": 0.01171183200131054}
{"case_id": "c0084", "cell": "J50_p0.3", "encoding": "exclude_h", "repeat": 2, "status": "UNSAT", "solve_seconds": 0.007189143998402869, "sat_stage_seconds": 0.012323810999077978}
{"case_id": "c0084", "cell": "J50_p0.3", "encoding": "prefix", "repeat": 2, "status": "UNSAT", "solve_seconds": 0.010229172999970615, "sat_stage_seconds": 0.014933701000700239}
{"case_id": "c0138", "cell": "J80_p0.7", "encoding": "exclude_h", "repeat": 0, "status": "UNSAT", "solve_seconds": 0.02704812099909759, "sat_stage_seconds": 0.03361018400028115}
{"case_id": "c0138", "cell": "J80_p0.7", "encoding": "prefix", "repeat": 0, "status": "UNSAT", "solve_seconds": 0.028873868001028313, "sat_stage_seconds": 0.035487929002556484}
{"case_id": "c0138", "cell": "J80_p0.7", "encoding": "exclude_x", "repeat": 0, "status": "UNSAT", "solve_seconds": 0.02413332699870807, "sat_stage_seconds": 0.03129839499888476}
{"case_id": "c0138", "cell": "J80_p0.7", "encoding": "prefix", "repeat": 1, "status": "UNSAT", "solve_seconds": 0.027475644999867654, "sat_stage_seconds": 0.03591531399979431}
{"case_id": "c0138", "cell": "J80_p0.7", "encoding": "exclude_x", "repeat": 1, "status": "UNSAT", "solve_seconds": 0.026988572000846034, "sat_stage_seconds": 0.03296909300115658}
{"case_id": "c0138", "cell": "J80_p0.7", "encoding": "exclude_h", "repeat": 1, "status": "UNSAT", "solve_seconds": 0.024671375000252738, "sat_stage_seconds": 0.030780206001509214}
{"case_id": "c0138", "cell": "J80_p0.7", "encoding": "exclude_x", "repeat": 2, "status": "UNSAT", "solve_seconds": 0.026623740999639267, "sat_stage_seconds": 0.03350039100041613}
{"case_id": "c0138", "cell": "J80_p0.7", "encoding": "exclude_h", "repeat": 2, "status": "UNSAT", "solve_seconds": 0.02387460299905797, "sat_stage_seconds": 0.0300847739999881}
{"case_id": "c0138", "cell": "J80_p0.7", "encoding": "prefix", "repeat": 2, "status": "UNSAT", "solve_seconds": 0.025947416999770212, "sat_stage_seconds": 0.032828503999553504}
{"case_id": "c0126", "cell": "J80_p0.3", "encoding": "exclude_h", "repeat": 0, "status": "UNSAT", "solve_seconds": 0.0030179660006979248, "sat_stage_seconds": 0.006791843999963021}
{"case_id": "c0126", "cell": "J80_p0.3", "encoding": "exclude_x", "repeat": 0, "status": "UNSAT", "solve_seconds": 0.0029932699999335455, "sat_stage_seconds": 0.006633379000049899}
{"case_id": "c0126", "cell": "J80_p0.3", "encoding": "prefix", "repeat": 0, "status": "UNSAT", "solve_seconds": 0.004619032000846346, "sat_stage_seconds": 0.007991224001671071}
{"case_id": "c0126", "cell": "J80_p0.3", "encoding": "exclude_x", "repeat": 1, "status": "UNSAT", "solve_seconds": 0.0029490640008589253, "sat_stage_seconds": 0.006649143000686308}
{"case_id": "c0126", "cell": "J80_p0.3", "encoding": "prefix", "repeat": 1, "status": "UNSAT", "solve_seconds": 0.005333491000783397, "sat_stage_seconds": 0.00878550100060238}
{"case_id": "c0126", "cell": "J80_p0.3", "encoding": "exclude_h", "repeat": 1, "status": "UNSAT", "solve_seconds": 0.003084534999288735, "sat_stage_seconds": 0.006556144000569475}
{"case_id": "c0126", "cell": "J80_p0.3", "encoding": "prefix", "repeat": 2, "status": "UNSAT", "solve_seconds": 0.005360631001167349, "sat_stage_seconds": 0.008845019001455512}
{"case_id": "c0126", "cell": "J80_p0.3", "encoding": "exclude_h", "repeat": 2, "status": "UNSAT", "solve_seconds": 0.0033731330004229676, "sat_stage_seconds": 0.0069532830002572155}
{"case_id": "c0126", "cell": "J80_p0.3", "encoding": "exclude_x", "repeat": 2, "status": "UNSAT", "solve_seconds": 0.0033016880006471183, "sat_stage_seconds": 0.006665318000159459}
{"case_id": "c0185", "cell": "petersen", "encoding": "prefix", "repeat": 0, "status": "UNSAT", "solve_seconds": 0.003249610999773722, "sat_stage_seconds": 0.005905190000703442}
{"case_id": "c0185", "cell": "petersen", "encoding": "exclude_x", "repeat": 0, "status": "UNSAT", "solve_seconds": 0.004086651999386959, "sat_stage_seconds": 0.006200637999427272}
{"case_id": "c0185", "cell": "petersen", "encoding": "exclude_h", "repeat": 0, "status": "UNSAT", "solve_seconds": 0.003931612000087625, "sat_stage_seconds": 0.006095312000979902}
{"case_id": "c0185", "cell": "petersen", "encoding": "exclude_x", "repeat": 1, "status": "UNSAT", "solve_seconds": 0.0053019740007584915, "sat_stage_seconds": 0.008414891000938951}
{"case_id": "c0185", "cell": "petersen", "encoding": "exclude_h", "repeat": 1, "status": "UNSAT", "solve_seconds": 0.004359345999546349, "sat_stage_seconds": 0.006514974000310758}
{"case_id": "c0185", "cell": "petersen", "encoding": "prefix", "repeat": 1, "status": "UNSAT", "solve_seconds": 0.0034074139985023066, "sat_stage_seconds": 0.005639234999762266}
{"case_id": "c0185", "cell": "petersen", "encoding": "exclude_h", "repeat": 2, "status": "UNSAT", "solve_seconds": 0.0038402350000978913, "sat_stage_seconds": 0.0058873810012300964}
{"case_id": "c0185", "cell": "petersen", "encoding": "prefix", "repeat": 2, "status": "UNSAT", "solve_seconds": 0.003196630999809713, "sat_stage_seconds": 0.005532526000024518}
{"case_id": "c0185", "cell": "petersen", "encoding": "exclude_x", "repeat": 2, "status": "UNSAT", "solve_seconds": 0.003865012999085593, "sat_stage_seconds": 0.005950576998657198}
{"case_id": "c0075", "cell": "J35_w5", "encoding": "exclude_h", "repeat": 0, "status": "UNSAT", "solve_seconds": 0.027132125000207452, "sat_stage_seconds": 0.0320210270001553}
{"case_id": "c0075", "cell": "J35_w5", "encoding": "exclude_x", "repeat": 0, "status": "UNSAT", "solve_seconds": 0.027084924000519095, "sat_stage_seconds": 0.03230636899934325}
{"case_id": "c0075", "cell": "J35_w5", "encoding": "prefix", "repeat": 0, "status": "UNSAT", "solve_seconds": 0.02955050199852849, "sat_stage_seconds": 0.03470990499772597}
{"case_id": "c0075", "cell": "J35_w5", "encoding": "exclude_x", "repeat": 1, "status": "UNSAT", "solve_seconds": 0.026664281000194023, "sat_stage_seconds": 0.03186970200113137}
{"case_id": "c0075", "cell": "J35_w5", "encoding": "prefix", "repeat": 1, "status": "UNSAT", "solve_seconds": 0.02764761999969778, "sat_stage_seconds": 0.03308753899909789}
{"case_id": "c0075", "cell": "J35_w5", "encoding": "exclude_h", "repeat": 1, "status": "UNSAT", "solve_seconds": 0.02730693400008022, "sat_stage_seconds": 0.032354791001125704}
{"case_id": "c0075", "cell": "J35_w5", "encoding": "prefix", "repeat": 2, "status": "UNSAT", "solve_seconds": 0.031465402000321774, "sat_stage_seconds": 0.0366011799997068}
{"case_id": "c0075", "cell": "J35_w5", "encoding": "exclude_h", "repeat": 2, "status": "UNSAT", "solve_seconds": 0.027549094000278274, "sat_stage_seconds": 0.032755035999798565}
{"case_id": "c0075", "cell": "J35_w5", "encoding": "exclude_x", "repeat": 2, "status": "UNSAT", "solve_seconds": 0.026886771000135923, "sat_stage_seconds": 0.03194859900031588}
{"case_id": "c0034", "cell": "J20_w5", "encoding": "prefix", "repeat": 0, "status": "UNSAT", "solve_seconds": 0.037101461999554886, "sat_stage_seconds": 0.04021361900049669}
{"case_id": "c0034", "cell": "J20_w5", "encoding": "exclude_x", "repeat": 0, "status": "UNSAT", "solve_seconds": 0.02989725599945814, "sat_stage_seconds": 0.032818178999150405}
{"case_id": "c0034", "cell": "J20_w5", "encoding": "exclude_h", "repeat": 0, "status": "UNSAT", "solve_seconds": 0.031689003999417764, "sat_stage_seconds": 0.03487354699973366}
{"case_id": "c0034", "cell": "J20_w5", "encoding": "exclude_x", "repeat": 1, "status": "UNSAT", "solve_seconds": 0.02889851500003715, "sat_stage_seconds": 0.03176878299927921}
{"case_id": "c0034", "cell": "J20_w5", "encoding": "exclude_h", "repeat": 1, "status": "UNSAT", "solve_seconds": 0.03205281299960916, "sat_stage_seconds": 0.0349082479988283}
{"case_id": "c0034", "cell": "J20_w5", "encoding": "prefix", "repeat": 1, "status": "UNSAT", "solve_seconds": 0.04077663399948506, "sat_stage_seconds": 0.04379297800005588}
{"case_id": "c0034", "cell": "J20_w5", "encoding": "exclude_h", "repeat": 2, "status": "UNSAT", "solve_seconds": 0.02926923499944678, "sat_stage_seconds": 0.033240696000575554}
{"case_id": "c0034", "cell": "J20_w5", "encoding": "prefix", "repeat": 2, "status": "UNSAT", "solve_seconds": 0.03958210199925816, "sat_stage_seconds": 0.0427904709977156}
{"case_id": "c0034", "cell": "J20_w5", "encoding": "exclude_x", "repeat": 2, "status": "UNSAT", "solve_seconds": 0.028383571001540986, "sat_stage_seconds": 0.0315344950013241}
{"case_id": "c0092", "cell": "J50_p0.5", "encoding": "exclude_x", "repeat": 0, "status": "UNSAT", "solve_seconds": 0.004497199999605073, "sat_stage_seconds": 0.009692916999483714}
{"case_id": "c0092", "cell": "J50_p0.5", "encoding": "prefix", "repeat": 0, "status": "UNSAT", "solve_seconds": 0.006438530001105391, "sat_stage_seconds": 0.011252581001826911}
{"case_id": "c0092", "cell": "J50_p0.5", "encoding": "exclude_h", "repeat": 0, "status": "UNSAT", "solve_seconds": 0.0044088590002502315, "sat_stage_seconds": 0.009010395000586868}
{"case_id": "c0092", "cell": "J50_p0.5", "encoding": "prefix", "repeat": 1, "status": "UNSAT", "solve_seconds": 0.005697620999853825, "sat_stage_seconds": 0.010954819001199212}
{"case_id": "c0092", "cell": "J50_p0.5", "encoding": "exclude_h", "repeat": 1, "status": "UNSAT", "solve_seconds": 0.004227901001286227, "sat_stage_seconds": 0.008896947001630906}
{"case_id": "c0092", "cell": "J50_p0.5", "encoding": "exclude_x", "repeat": 1, "status": "UNSAT", "solve_seconds": 0.004496990000916412, "sat_stage_seconds": 0.00940928600175539}
{"case_id": "c0092", "cell": "J50_p0.5", "encoding": "exclude_h", "repeat": 2, "status": "UNSAT", "solve_seconds": 0.004714173001048039, "sat_stage_seconds": 0.009821689000091283}
{"case_id": "c0092", "cell": "J50_p0.5", "encoding": "exclude_x", "repeat": 2, "status": "UNSAT", "solve_seconds": 0.004635396000594483, "sat_stage_seconds": 0.009570225000061328}
{"case_id": "c0092", "cell": "J50_p0.5", "encoding": "prefix", "repeat": 2, "status": "UNSAT", "solve_seconds": 0.005806762999782222, "sat_stage_seconds": 0.011818609998954344}
{"case_id": "c0057", "cell": "J35_p0.7", "encoding": "exclude_x", "repeat": 0, "status": "SAT", "solve_seconds": 0.08489800800089142, "sat_stage_seconds": 0.08865547200184665}
{"case_id": "c0057", "cell": "J35_p0.7", "encoding": "prefix", "repeat": 0, "status": "SAT", "solve_seconds": 0.0005325099991750903, "sat_stage_seconds": 0.004657337998651201}
{"case_id": "c0057", "cell": "J35_p0.7", "encoding": "exclude_h", "repeat": 0, "status": "SAT", "solve_seconds": 0.0888461249996908, "sat_stage_seconds": 0.09234034800101654}
{"case_id": "c0057", "cell": "J35_p0.7", "encoding": "prefix", "repeat": 1, "status": "SAT", "solve_seconds": 0.0004771370004164055, "sat_stage_seconds": 0.004221842000333709}
{"case_id": "c0057", "cell": "J35_p0.7", "encoding": "exclude_h", "repeat": 1, "status": "SAT", "solve_seconds": 0.08636268099871813, "sat_stage_seconds": 0.0901180819982983}
{"case_id": "c0057", "cell": "J35_p0.7", "encoding": "exclude_x", "repeat": 1, "status": "SAT", "solve_seconds": 0.09078938700076833, "sat_stage_seconds": 0.09468311300224741}
{"case_id": "c0057", "cell": "J35_p0.7", "encoding": "exclude_h", "repeat": 2, "status": "SAT", "solve_seconds": 0.08524198899976909, "sat_stage_seconds": 0.08928964299957443}
{"case_id": "c0057", "cell": "J35_p0.7", "encoding": "exclude_x", "repeat": 2, "status": "SAT", "solve_seconds": 0.08661210099853633, "sat_stage_seconds": 0.0903299759975198}
{"case_id": "c0057", "cell": "J35_p0.7", "encoding": "prefix", "repeat": 2, "status": "SAT", "solve_seconds": 0.00044661200081463903, "sat_stage_seconds": 0.004676926000684034}
{"case_id": "c0128", "cell": "J80_p0.3", "encoding": "exclude_x", "repeat": 0, "status": "UNSAT", "solve_seconds": 0.006128319999334053, "sat_stage_seconds": 0.00915195499874244}
{"case_id": "c0128", "cell": "J80_p0.3", "encoding": "exclude_h", "repeat": 0, "status": "UNSAT", "solve_seconds": 0.0070316399996954715, "sat_stage_seconds": 0.013219783999375068}
{"case_id": "c0128", "cell": "J80_p0.3", "encoding": "prefix", "repeat": 0, "status": "UNSAT", "solve_seconds": 0.0036599189988919534, "sat_stage_seconds": 0.00762160499834863}
{"case_id": "c0128", "cell": "J80_p0.3", "encoding": "exclude_h", "repeat": 1, "status": "UNSAT", "solve_seconds": 0.0071515979998366674, "sat_stage_seconds": 0.011131511999337818}
{"case_id": "c0128", "cell": "J80_p0.3", "encoding": "prefix", "repeat": 1, "status": "UNSAT", "solve_seconds": 0.004874890999417403, "sat_stage_seconds": 0.011351718998412252}
{"case_id": "c0128", "cell": "J80_p0.3", "encoding": "exclude_x", "repeat": 1, "status": "UNSAT", "solve_seconds": 0.0067996360012330115, "sat_stage_seconds": 0.010242613001537393}
{"case_id": "c0128", "cell": "J80_p0.3", "encoding": "prefix", "repeat": 2, "status": "UNSAT", "solve_seconds": 0.004238797999278177, "sat_stage_seconds": 0.008614297999884002}
{"case_id": "c0128", "cell": "J80_p0.3", "encoding": "exclude_x", "repeat": 2, "status": "UNSAT", "solve_seconds": 0.0071928490015125135, "sat_stage_seconds": 0.010836043002200313}
{"case_id": "c0128", "cell": "J80_p0.3", "encoding": "exclude_h", "repeat": 2, "status": "UNSAT", "solve_seconds": 0.006839604999186122, "sat_stage_seconds": 0.010405333998278365}
{"case_id": "c0087", "cell": "J50_p0.3", "encoding": "exclude_x", "repeat": 0, "status": "UNSAT", "solve_seconds": 0.005934773000262794, "sat_stage_seconds": 0.01004791400191607}
{"case_id": "c0087", "cell": "J50_p0.3", "encoding": "prefix", "repeat": 0, "status": "UNSAT", "solve_seconds": 0.007327047998842318, "sat_stage_seconds": 0.011509982998177293}
{"case_id": "c0087", "cell": "J50_p0.3", "encoding": "exclude_h", "repeat": 0, "status": "UNSAT", "solve_seconds": 0.005533527999432408, "sat_stage_seconds": 0.009366903999762144}
{"case_id": "c0087", "cell": "J50_p0.3", "encoding": "prefix", "repeat": 1, "status": "UNSAT", "solve_seconds": 0.006976317999942694, "sat_stage_seconds": 0.011143058000016026}
{"case_id": "c0087", "cell": "J50_p0.3", "encoding": "exclude_h", "repeat": 1, "status": "UNSAT", "solve_seconds": 0.005786151999927824, "sat_stage_seconds": 0.009545879000143032}
{"case_id": "c0087", "cell": "J50_p0.3", "encoding": "exclude_x", "repeat": 1, "status": "UNSAT", "solve_seconds": 0.006186697000885033, "sat_stage_seconds": 0.009944982000888558}
{"case_id": "c0087", "cell": "J50_p0.3", "encoding": "exclude_h", "repeat": 2, "status": "UNSAT", "solve_seconds": 0.005904126999666914, "sat_stage_seconds": 0.009664716000770568}
{"case_id": "c0087", "cell": "J50_p0.3", "encoding": "exclude_x", "repeat": 2, "status": "UNSAT", "solve_seconds": 0.005917658001635573, "sat_stage_seconds": 0.009394765002070926}
{"case_id": "c0087", "cell": "J50_p0.3", "encoding": "prefix", "repeat": 2, "status": "UNSAT", "solve_seconds": 0.006396007000148529, "sat_stage_seconds": 0.010510370000702096}
{"case_id": "c0182", "cell": "cubic_cycle_matching", "encoding": "exclude_x", "repeat": 0, "status": "UNSAT", "solve_seconds": 0.0026786839989654254, "sat_stage_seconds": 0.0049541189982846845}
{"case_id": "c0182", "cell": "cubic_cycle_matching", "encoding": "prefix", "repeat": 0, "status": "UNSAT", "solve_seconds": 0.003944780999518116, "sat_stage_seconds": 0.006264701998588862}
{"case_id": "c0182", "cell": "cubic_cycle_matching", "encoding": "exclude_h", "repeat": 0, "status": "UNSAT", "solve_seconds": 0.003549734999978682, "sat_stage_seconds": 0.005526296999960323}
{"case_id": "c0182", "cell": "cubic_cycle_matching", "encoding": "prefix", "repeat": 1, "status": "UNSAT", "solve_seconds": 0.003999972999736201, "sat_stage_seconds": 0.006206124999152962}
{"case_id": "c0182", "cell": "cubic_cycle_matching", "encoding": "exclude_h", "repeat": 1, "status": "UNSAT", "solve_seconds": 0.004201763000310166, "sat_stage_seconds": 0.006231674000446219}
{"case_id": "c0182", "cell": "cubic_cycle_matching", "encoding": "exclude_x", "repeat": 1, "status": "UNSAT", "solve_seconds": 0.002380671001446899, "sat_stage_seconds": 0.004478513001231477}
{"case_id": "c0182", "cell": "cubic_cycle_matching", "encoding": "exclude_h", "repeat": 2, "status": "UNSAT", "solve_seconds": 0.003988225998909911, "sat_stage_seconds": 0.006393743999069557}
{"case_id": "c0182", "cell": "cubic_cycle_matching", "encoding": "exclude_x", "repeat": 2, "status": "UNSAT", "solve_seconds": 0.002442562999931397, "sat_stage_seconds": 0.004418454000187921}
{"case_id": "c0182", "cell": "cubic_cycle_matching", "encoding": "prefix", "repeat": 2, "status": "UNSAT", "solve_seconds": 0.003862920000756276, "sat_stage_seconds": 0.0064964060020429315}
{"case_id": "c0159", "cell": "J80_w5", "encoding": "exclude_h", "repeat": 0, "status": "UNSAT", "solve_seconds": 0.028268320998904528, "sat_stage_seconds": 0.0398600759999681}
{"case_id": "c0159", "cell": "J80_w5", "encoding": "prefix", "repeat": 0, "status": "UNSAT", "solve_seconds": 0.028241113999683876, "sat_stage_seconds": 0.039376930999424076}
{"case_id": "c0159", "cell": "J80_w5", "encoding": "exclude_x", "repeat": 0, "status": "UNSAT", "solve_seconds": 0.024467502000334207, "sat_stage_seconds": 0.03535143600129231}
{"case_id": "c0159", "cell": "J80_w5", "encoding": "prefix", "repeat": 1, "status": "UNSAT", "solve_seconds": 0.02742775300066569, "sat_stage_seconds": 0.038284958000076585}
{"case_id": "c0159", "cell": "J80_w5", "encoding": "exclude_x", "repeat": 1, "status": "UNSAT", "solve_seconds": 0.024471729000651976, "sat_stage_seconds": 0.03543558199999097}
{"case_id": "c0159", "cell": "J80_w5", "encoding": "exclude_h", "repeat": 1, "status": "UNSAT", "solve_seconds": 0.029158269999243203, "sat_stage_seconds": 0.04139752399896679}
{"case_id": "c0159", "cell": "J80_w5", "encoding": "exclude_x", "repeat": 2, "status": "UNSAT", "solve_seconds": 0.024267255999802728, "sat_stage_seconds": 0.03548855999906664}
{"case_id": "c0159", "cell": "J80_w5", "encoding": "exclude_h", "repeat": 2, "status": "UNSAT", "solve_seconds": 0.029992647998369648, "sat_stage_seconds": 0.041665672999442904}
{"case_id": "c0159", "cell": "J80_w5", "encoding": "prefix", "repeat": 2, "status": "UNSAT", "solve_seconds": 0.027619197999229073, "sat_stage_seconds": 0.03792644600071071}
{"case_id": "c0119", "cell": "J50_w5", "encoding": "exclude_x", "repeat": 0, "status": "UNSAT", "solve_seconds": 0.01935022200086678, "sat_stage_seconds": 0.025382640002135304}
{"case_id": "c0119", "cell": "J50_w5", "encoding": "prefix", "repeat": 0, "status": "UNSAT", "solve_seconds": 0.025370221001139726, "sat_stage_seconds": 0.03156158500132733}
{"case_id": "c0119", "cell": "J50_w5", "encoding": "exclude_h", "repeat": 0, "status": "UNSAT", "solve_seconds": 0.024335465999683947, "sat_stage_seconds": 0.035403452999162255}
{"case_id": "c0119", "cell": "J50_w5", "encoding": "prefix", "repeat": 1, "status": "UNSAT", "solve_seconds": 0.027429134999692906, "sat_stage_seconds": 0.03408288500031631}
{"case_id": "c0119", "cell": "J50_w5", "encoding": "exclude_h", "repeat": 1, "status": "UNSAT", "solve_seconds": 0.02437160100089386, "sat_stage_seconds": 0.031654594000428915}
{"case_id": "c0119", "cell": "J50_w5", "encoding": "exclude_x", "repeat": 1, "status": "UNSAT", "solve_seconds": 0.021585759001027327, "sat_stage_seconds": 0.029138632002286613}
{"case_id": "c0119", "cell": "J50_w5", "encoding": "exclude_h", "repeat": 2, "status": "UNSAT", "solve_seconds": 0.023665814000196406, "sat_stage_seconds": 0.03117365999969479}
{"case_id": "c0119", "cell": "J50_w5", "encoding": "exclude_x", "repeat": 2, "status": "UNSAT", "solve_seconds": 0.02287414900092699, "sat_stage_seconds": 0.03227217900166579}
{"case_id": "c0119", "cell": "J50_w5", "encoding": "prefix", "repeat": 2, "status": "UNSAT", "solve_seconds": 0.028223473000252852, "sat_stage_seconds": 0.035053192999839666}
{"case_id": "c0184", "cell": "petersen", "encoding": "exclude_x", "repeat": 0, "status": "UNSAT", "solve_seconds": 0.002444746000037412, "sat_stage_seconds": 0.004915211000479758}
{"case_id": "c0184", "cell": "petersen", "encoding": "prefix", "repeat": 0, "status": "UNSAT", "solve_seconds": 0.006501243999082362, "sat_stage_seconds": 0.009015763998831972}
{"case_id": "c0184", "cell": "petersen", "encoding": "exclude_h", "repeat": 0, "status": "UNSAT", "solve_seconds": 0.003168309000102454, "sat_stage_seconds": 0.005785661000118125}
{"case_id": "c0184", "cell": "petersen", "encoding": "prefix", "repeat": 1, "status": "UNSAT", "solve_seconds": 0.006221548999747029, "sat_stage_seconds": 0.008543072999600554}
{"case_id": "c0184", "cell": "petersen", "encoding": "exclude_h", "repeat": 1, "status": "UNSAT", "solve_seconds": 0.0025019709992193384, "sat_stage_seconds": 0.004747102000692394}
{"case_id": "c0184", "cell": "petersen", "encoding": "exclude_x", "repeat": 1, "status": "UNSAT", "solve_seconds": 0.0024206010002671974, "sat_stage_seconds": 0.00467200000093726}
{"case_id": "c0184", "cell": "petersen", "encoding": "exclude_h", "repeat": 2, "status": "UNSAT", "solve_seconds": 0.002797869999994873, "sat_stage_seconds": 0.005064951999884215}
{"case_id": "c0184", "cell": "petersen", "encoding": "exclude_x", "repeat": 2, "status": "UNSAT", "solve_seconds": 0.0026865550007642014, "sat_stage_seconds": 0.004810796001038398}
{"case_id": "c0184", "cell": "petersen", "encoding": "prefix", "repeat": 2, "status": "UNSAT", "solve_seconds": 0.005907733000640292, "sat_stage_seconds": 0.008456714000203647}
{"case_id": "c0106", "cell": "J50_w2", "encoding": "exclude_x", "repeat": 0, "status": "UNSAT", "solve_seconds": 0.006514672999401228, "sat_stage_seconds": 0.01066238499879546}
{"case_id": "c0106", "cell": "J50_w2", "encoding": "prefix", "repeat": 0, "status": "UNSAT", "solve_seconds": 0.011989094000455225, "sat_stage_seconds": 0.016741804000048432}
{"case_id": "c0106", "cell": "J50_w2", "encoding": "exclude_h", "repeat": 0, "status": "UNSAT", "solve_seconds": 0.006687589000648586, "sat_stage_seconds": 0.011865820000821259}
{"case_id": "c0106", "cell": "J50_w2", "encoding": "prefix", "repeat": 1, "status": "UNSAT", "solve_seconds": 0.008815905999654206, "sat_stage_seconds": 0.014180653999574133}
{"case_id": "c0106", "cell": "J50_w2", "encoding": "exclude_h", "repeat": 1, "status": "UNSAT", "solve_seconds": 0.005945900000369875, "sat_stage_seconds": 0.010204686999713886}
{"case_id": "c0106", "cell": "J50_w2", "encoding": "exclude_x", "repeat": 1, "status": "UNSAT", "solve_seconds": 0.005932389000008698, "sat_stage_seconds": 0.010325736000595498}
{"case_id": "c0106", "cell": "J50_w2", "encoding": "exclude_h", "repeat": 2, "status": "UNSAT", "solve_seconds": 0.005961933000435238, "sat_stage_seconds": 0.010070095999253681}
{"case_id": "c0106", "cell": "J50_w2", "encoding": "exclude_x", "repeat": 2, "status": "UNSAT", "solve_seconds": 0.006470006001109141, "sat_stage_seconds": 0.010562366001977352}
{"case_id": "c0106", "cell": "J50_w2", "encoding": "prefix", "repeat": 2, "status": "UNSAT", "solve_seconds": 0.008920992000639671, "sat_stage_seconds": 0.01397058200018364}
{"case_id": "c0065", "cell": "J35_w2", "encoding": "prefix", "repeat": 0, "status": "UNSAT", "solve_seconds": 0.005130669998834492, "sat_stage_seconds": 0.009095430998058873}
{"case_id": "c0065", "cell": "J35_w2", "encoding": "exclude_h", "repeat": 0, "status": "UNSAT", "solve_seconds": 0.005688197001290973, "sat_stage_seconds": 0.00902457600022899}
{"case_id": "c0065", "cell": "J35_w2", "encoding": "exclude_x", "repeat": 0, "status": "UNSAT", "solve_seconds": 0.005711421001251438, "sat_stage_seconds": 0.009904230000756797}
{"case_id": "c0065", "cell": "J35_w2", "encoding": "exclude_h", "repeat": 1, "status": "UNSAT", "solve_seconds": 0.005572235999352415, "sat_stage_seconds": 0.009156373000223539}
{"case_id": "c0065", "cell": "J35_w2", "encoding": "exclude_x", "repeat": 1, "status": "UNSAT", "solve_seconds": 0.005163388999790186, "sat_stage_seconds": 0.008813873999315547}
{"case_id": "c0065", "cell": "J35_w2", "encoding": "prefix", "repeat": 1, "status": "UNSAT", "solve_seconds": 0.006538998999531032, "sat_stage_seconds": 0.010863883999263635}
{"case_id": "c0065", "cell": "J35_w2", "encoding": "exclude_x", "repeat": 2, "status": "UNSAT", "solve_seconds": 0.005541720000110217, "sat_stage_seconds": 0.009134119000009377}
{"case_id": "c0065", "cell": "J35_w2", "encoding": "prefix", "repeat": 2, "status": "UNSAT", "solve_seconds": 0.0053739810009574285, "sat_stage_seconds": 0.00910500600002706}
{"case_id": "c0065", "cell": "J35_w2", "encoding": "exclude_h", "repeat": 2, "status": "UNSAT", "solve_seconds": 0.005446129000119981, "sat_stage_seconds": 0.008843458999763243}
{"case_id": "c0026", "cell": "J20_w3", "encoding": "exclude_h", "repeat": 0, "status": "UNSAT", "solve_seconds": 0.0041558840002835495, "sat_stage_seconds": 0.007554165000328794}
{"case_id": "c0026", "cell": "J20_w3", "encoding": "exclude_x", "repeat": 0, "status": "UNSAT", "solve_seconds": 0.003953674999138457, "sat_stage_seconds": 0.006905322998136398}
{"case_id": "c0026", "cell": "J20_w3", "encoding": "prefix", "repeat": 0, "status": "UNSAT", "solve_seconds": 0.006823360999987926, "sat_stage_seconds": 0.010217094999461551}
{"case_id": "c0026", "cell": "J20_w3", "encoding": "exclude_x", "repeat": 1, "status": "UNSAT", "solve_seconds": 0.0059409719997347565, "sat_stage_seconds": 0.009350950000225566}
{"case_id": "c0026", "cell": "J20_w3", "encoding": "prefix", "repeat": 1, "status": "UNSAT", "solve_seconds": 0.00771803799943882, "sat_stage_seconds": 0.0111734530000831}
{"case_id": "c0026", "cell": "J20_w3", "encoding": "exclude_h", "repeat": 1, "status": "UNSAT", "solve_seconds": 0.005723530000977917, "sat_stage_seconds": 0.010621695000736509}
{"case_id": "c0026", "cell": "J20_w3", "encoding": "prefix", "repeat": 2, "status": "UNSAT", "solve_seconds": 0.009216553000442218, "sat_stage_seconds": 0.014417157999560004}
{"case_id": "c0026", "cell": "J20_w3", "encoding": "exclude_h", "repeat": 2, "status": "UNSAT", "solve_seconds": 0.004199880999294692, "sat_stage_seconds": 0.007124748999558506}
{"case_id": "c0026", "cell": "J20_w3", "encoding": "exclude_x", "repeat": 2, "status": "UNSAT", "solve_seconds": 0.004148162999626948, "sat_stage_seconds": 0.006860646999484743}
{"case_id": "c0132", "cell": "J80_p0.5", "encoding": "exclude_h", "repeat": 0, "status": "UNSAT", "solve_seconds": 0.005281345000184956, "sat_stage_seconds": 0.012800800001059542}
{"case_id": "c0132", "cell": "J80_p0.5", "encoding": "prefix", "repeat": 0, "status": "UNSAT", "solve_seconds": 0.011280494998572976, "sat_stage_seconds": 0.01883433099828835}
{"case_id": "c0132", "cell": "J80_p0.5", "encoding": "exclude_x", "repeat": 0, "status": "UNSAT", "solve_seconds": 0.005084813999928883, "sat_stage_seconds": 0.014313525000034133}
{"case_id": "c0132", "cell": "J80_p0.5", "encoding": "prefix", "repeat": 1, "status": "UNSAT", "solve_seconds": 0.012616886999239796, "sat_stage_seconds": 0.020726476999698207}
{"case_id": "c0132", "cell": "J80_p0.5", "encoding": "exclude_x", "repeat": 1, "status": "UNSAT", "solve_seconds": 0.004736056000183453, "sat_stage_seconds": 0.012095293001038954}
{"case_id": "c0132", "cell": "J80_p0.5", "encoding": "exclude_h", "repeat": 1, "status": "UNSAT", "solve_seconds": 0.005967963001239696, "sat_stage_seconds": 0.013307993000125862}
{"case_id": "c0132", "cell": "J80_p0.5", "encoding": "exclude_x", "repeat": 2, "status": "UNSAT", "solve_seconds": 0.005616713000563323, "sat_stage_seconds": 0.013270917001136695}
{"case_id": "c0132", "cell": "J80_p0.5", "encoding": "exclude_h", "repeat": 2, "status": "UNSAT", "solve_seconds": 0.005736830999012454, "sat_stage_seconds": 0.013384555997618008}
{"case_id": "c0132", "cell": "J80_p0.5", "encoding": "prefix", "repeat": 2, "status": "UNSAT", "solve_seconds": 0.013372687999435584, "sat_stage_seconds": 0.02095376400029636}
{"case_id": "c0116", "cell": "J50_w5", "encoding": "exclude_h", "repeat": 0, "status": "UNSAT", "solve_seconds": 0.03663852300087456, "sat_stage_seconds": 0.04379251500176906}
{"case_id": "c0116", "cell": "J50_w5", "encoding": "prefix", "repeat": 0, "status": "UNSAT", "solve_seconds": 0.03766221099976974, "sat_stage_seconds": 0.04614519599999767}
{"case_id": "c0116", "cell": "J50_w5", "encoding": "exclude_x", "repeat": 0, "status": "UNSAT", "solve_seconds": 0.0416041389999009, "sat_stage_seconds": 0.04870913000013388}
{"case_id": "c0116", "cell": "J50_w5", "encoding": "prefix", "repeat": 1, "status": "UNSAT", "solve_seconds": 0.03615461600020353, "sat_stage_seconds": 0.04362987500098825}
{"case_id": "c0116", "cell": "J50_w5", "encoding": "exclude_x", "repeat": 1, "status": "UNSAT", "solve_seconds": 0.04032618299970636, "sat_stage_seconds": 0.04757186199822172}
{"case_id": "c0116", "cell": "J50_w5", "encoding": "exclude_h", "repeat": 1, "status": "UNSAT", "solve_seconds": 0.037490767001145286, "sat_stage_seconds": 0.04474102300264349}
{"case_id": "c0116", "cell": "J50_w5", "encoding": "exclude_x", "repeat": 2, "status": "UNSAT", "solve_seconds": 0.042182047000096645, "sat_stage_seconds": 0.04963378100001137}
{"case_id": "c0116", "cell": "J50_w5", "encoding": "exclude_h", "repeat": 2, "status": "UNSAT", "solve_seconds": 0.03871670100124902, "sat_stage_seconds": 0.04567431300165481}
{"case_id": "c0116", "cell": "J50_w5", "encoding": "prefix", "repeat": 2, "status": "UNSAT", "solve_seconds": 0.038642355999400024, "sat_stage_seconds": 0.04704247699919506}
{"case_id": "c0082", "cell": "J35_w1to3", "encoding": "exclude_x", "repeat": 0, "status": "UNSAT", "solve_seconds": 0.003309510000690352, "sat_stage_seconds": 0.0062729860001127236}
{"case_id": "c0082", "cell": "J35_w1to3", "encoding": "exclude_h", "repeat": 0, "status": "UNSAT", "solve_seconds": 0.004225578999466961, "sat_stage_seconds": 0.007201323000117554}
{"case_id": "c0082", "cell": "J35_w1to3", "encoding": "prefix", "repeat": 0, "status": "UNSAT", "solve_seconds": 0.0044952789994567866, "sat_stage_seconds": 0.007539295000242419}
{"case_id": "c0082", "cell": "J35_w1to3", "encoding": "exclude_h", "repeat": 1, "status": "UNSAT", "solve_seconds": 0.0030829729985271115, "sat_stage_seconds": 0.006054060999304056}
{"case_id": "c0082", "cell": "J35_w1to3", "encoding": "prefix", "repeat": 1, "status": "UNSAT", "solve_seconds": 0.004487797001274885, "sat_stage_seconds": 0.00748024600034114}
{"case_id": "c0082", "cell": "J35_w1to3", "encoding": "exclude_x", "repeat": 1, "status": "UNSAT", "solve_seconds": 0.0031102039993129438, "sat_stage_seconds": 0.006260276999455527}
{"case_id": "c0082", "cell": "J35_w1to3", "encoding": "prefix", "repeat": 2, "status": "UNSAT", "solve_seconds": 0.004051911000715336, "sat_stage_seconds": 0.0073373049999645445}
{"case_id": "c0082", "cell": "J35_w1to3", "encoding": "exclude_x", "repeat": 2, "status": "UNSAT", "solve_seconds": 0.0035002819986402756, "sat_stage_seconds": 0.006414064999262337}
{"case_id": "c0082", "cell": "J35_w1to3", "encoding": "exclude_h", "repeat": 2, "status": "UNSAT", "solve_seconds": 0.0031547800008411286, "sat_stage_seconds": 0.006517939000332262}
{"case_id": "c0066", "cell": "J35_w3", "encoding": "exclude_h", "repeat": 0, "status": "UNSAT", "solve_seconds": 0.005302715999278007, "sat_stage_seconds": 0.009185796998281148}
{"case_id": "c0066", "cell": "J35_w3", "encoding": "prefix", "repeat": 0, "status": "UNSAT", "solve_seconds": 0.006525601000248571, "sat_stage_seconds": 0.011054800999772851}
{"case_id": "c0066", "cell": "J35_w3", "encoding": "exclude_x", "repeat": 0, "status": "UNSAT", "solve_seconds": 0.005060607001723838, "sat_stage_seconds": 0.009260658001949196}
{"case_id": "c0066", "cell": "J35_w3", "encoding": "prefix", "repeat": 1, "status": "UNSAT", "solve_seconds": 0.007412466000459972, "sat_stage_seconds": 0.011509043999467394}
{"case_id": "c0066", "cell": "J35_w3", "encoding": "exclude_x", "repeat": 1, "status": "UNSAT", "solve_seconds": 0.004783815998962382, "sat_stage_seconds": 0.009342318999188137}
{"case_id": "c0066", "cell": "J35_w3", "encoding": "exclude_h", "repeat": 1, "status": "UNSAT", "solve_seconds": 0.004901461001281859, "sat_stage_seconds": 0.011807386001237319}
{"case_id": "c0066", "cell": "J35_w3", "encoding": "exclude_x", "repeat": 2, "status": "UNSAT", "solve_seconds": 0.004978294999091304, "sat_stage_seconds": 0.009563065999827813}
{"case_id": "c0066", "cell": "J35_w3", "encoding": "exclude_h", "repeat": 2, "status": "UNSAT", "solve_seconds": 0.0045930630003567785, "sat_stage_seconds": 0.00894349699956365}
{"case_id": "c0066", "cell": "J35_w3", "encoding": "prefix", "repeat": 2, "status": "UNSAT", "solve_seconds": 0.006433743999878061, "sat_stage_seconds": 0.010611732001052587}
{"case_id": "c0113", "cell": "J50_w3", "encoding": "exclude_h", "repeat": 0, "status": "UNSAT", "solve_seconds": 0.007692020999456872, "sat_stage_seconds": 0.013607025999590405}
{"case_id": "c0113", "cell": "J50_w3", "encoding": "prefix", "repeat": 0, "status": "UNSAT", "solve_seconds": 0.007199159999800031, "sat_stage_seconds": 0.014481223000984755}
{"case_id": "c0113", "cell": "J50_w3", "encoding": "exclude_x", "repeat": 0, "status": "UNSAT", "solve_seconds": 0.009202211998854182, "sat_stage_seconds": 0.015781261998199625}
{"case_id": "c0113", "cell": "J50_w3", "encoding": "prefix", "repeat": 1, "status": "UNSAT", "solve_seconds": 0.0069864750003034715, "sat_stage_seconds": 0.012733140001728316}
{"case_id": "c0113", "cell": "J50_w3", "encoding": "exclude_x", "repeat": 1, "status": "UNSAT", "solve_seconds": 0.007984825999301393, "sat_stage_seconds": 0.013804378999338951}
{"case_id": "c0113", "cell": "J50_w3", "encoding": "exclude_h", "repeat": 1, "status": "UNSAT", "solve_seconds": 0.007878758000515518, "sat_stage_seconds": 0.013336254000023473}
{"case_id": "c0113", "cell": "J50_w3", "encoding": "exclude_x", "repeat": 2, "status": "UNSAT", "solve_seconds": 0.008056680999288801, "sat_stage_seconds": 0.013317094999365509}
{"case_id": "c0113", "cell": "J50_w3", "encoding": "exclude_h", "repeat": 2, "status": "UNSAT", "solve_seconds": 0.0076979599998594495, "sat_stage_seconds": 0.013318838000486721}
{"case_id": "c0113", "cell": "J50_w3", "encoding": "prefix", "repeat": 2, "status": "UNSAT", "solve_seconds": 0.006619420000788523, "sat_stage_seconds": 0.01230197000222688}
{"case_id": "c0005", "cell": "J20_p0.3", "encoding": "exclude_h", "repeat": 0, "status": "UNSAT", "solve_seconds": 0.004144758999245823, "sat_stage_seconds": 0.006774820998543873}
{"case_id": "c0005", "cell": "J20_p0.3", "encoding": "exclude_x", "repeat": 0, "status": "UNSAT", "solve_seconds": 0.003035122999790474, "sat_stage_seconds": 0.005558146000112174}
{"case_id": "c0005", "cell": "J20_p0.3", "encoding": "prefix", "repeat": 0, "status": "UNSAT", "solve_seconds": 0.005125033001604606, "sat_stage_seconds": 0.007938297001601313}
{"case_id": "c0005", "cell": "J20_p0.3", "encoding": "exclude_x", "repeat": 1, "status": "UNSAT", "solve_seconds": 0.003145917000438203, "sat_stage_seconds": 0.005733997000788804}
{"case_id": "c0005", "cell": "J20_p0.3", "encoding": "prefix", "repeat": 1, "status": "UNSAT", "solve_seconds": 0.005115148000186309, "sat_stage_seconds": 0.00810925999940082}
{"case_id": "c0005", "cell": "J20_p0.3", "encoding": "exclude_h", "repeat": 1, "status": "UNSAT", "solve_seconds": 0.004488747999857878, "sat_stage_seconds": 0.007206749998658779}
{"case_id": "c0005", "cell": "J20_p0.3", "encoding": "prefix", "repeat": 2, "status": "UNSAT", "solve_seconds": 0.005313231999025447, "sat_stage_seconds": 0.008049891997870873}
{"case_id": "c0005", "cell": "J20_p0.3", "encoding": "exclude_h", "repeat": 2, "status": "UNSAT", "solve_seconds": 0.004145159999097814, "sat_stage_seconds": 0.006713700999171124}
{"case_id": "c0005", "cell": "J20_p0.3", "encoding": "exclude_x", "repeat": 2, "status": "UNSAT", "solve_seconds": 0.0032304819997079903, "sat_stage_seconds": 0.00606049000089115}
{"case_id": "c0083", "cell": "J35_w1to3", "encoding": "prefix", "repeat": 0, "status": "UNSAT", "solve_seconds": 0.005567860000155633, "sat_stage_seconds": 0.008000178000656888}
{"case_id": "c0083", "cell": "J35_w1to3", "encoding": "exclude_h", "repeat": 0, "status": "UNSAT", "solve_seconds": 0.0025594170001568273, "sat_stage_seconds": 0.00468674299918348}
{"case_id": "c0083", "cell": "J35_w1to3", "encoding": "exclude_x", "repeat": 0, "status": "UNSAT", "solve_seconds": 0.002494900998499361, "sat_stage_seconds": 0.004440426997462055}
{"case_id": "c0083", "cell": "J35_w1to3", "encoding": "exclude_h", "repeat": 1, "status": "UNSAT", "solve_seconds": 0.002432208000755054, "sat_stage_seconds": 0.004347498999777599}
{"case_id": "c0083", "cell": "J35_w1to3", "encoding": "exclude_x", "repeat": 1, "status": "UNSAT", "solve_seconds": 0.0037265880000632023, "sat_stage_seconds": 0.005734757000027457}
{"case_id": "c0083", "cell": "J35_w1to3", "encoding": "prefix", "repeat": 1, "status": "UNSAT", "solve_seconds": 0.006275359999563079, "sat_stage_seconds": 0.008897900999727426}
{"case_id": "c0083", "cell": "J35_w1to3", "encoding": "exclude_x", "repeat": 2, "status": "UNSAT", "solve_seconds": 0.0024960520004242426, "sat_stage_seconds": 0.004539022000244586}
{"case_id": "c0083", "cell": "J35_w1to3", "encoding": "prefix", "repeat": 2, "status": "UNSAT", "solve_seconds": 0.004936383998938254, "sat_stage_seconds": 0.007315151997318026}
{"case_id": "c0083", "cell": "J35_w1to3", "encoding": "exclude_h", "repeat": 2, "status": "UNSAT", "solve_seconds": 0.002571283999714069, "sat_stage_seconds": 0.00453478700001142}
{"case_id": "c0114", "cell": "J50_w5", "encoding": "exclude_h", "repeat": 0, "status": "UNSAT", "solve_seconds": 0.020382427001095493, "sat_stage_seconds": 0.028070952001144178}
{"case_id": "c0114", "cell": "J50_w5", "encoding": "exclude_x", "repeat": 0, "status": "UNSAT", "solve_seconds": 0.022524384999996983, "sat_stage_seconds": 0.029744945999482297}
{"case_id": "c0114", "cell": "J50_w5", "encoding": "prefix", "repeat": 0, "status": "UNSAT", "solve_seconds": 0.022094896999988123, "sat_stage_seconds": 0.030040304000067408}
{"case_id": "c0114", "cell": "J50_w5", "encoding": "exclude_x", "repeat": 1, "status": "UNSAT", "solve_seconds": 0.021707493000576505, "sat_stage_seconds": 0.028715379001369}
{"case_id": "c0114", "cell": "J50_w5", "encoding": "prefix", "repeat": 1, "status": "UNSAT", "solve_seconds": 0.024994449000587338, "sat_stage_seconds": 0.03211164700041991}
{"case_id": "c0114", "cell": "J50_w5", "encoding": "exclude_h", "repeat": 1, "status": "UNSAT", "solve_seconds": 0.019988513000498642, "sat_stage_seconds": 0.027078711000285693}
{"case_id": "c0114", "cell": "J50_w5", "encoding": "prefix", "repeat": 2, "status": "UNSAT", "solve_seconds": 0.0220737059989915, "sat_stage_seconds": 0.030819739999060403}
{"case_id": "c0114", "cell": "J50_w5", "encoding": "exclude_h", "repeat": 2, "status": "UNSAT", "solve_seconds": 0.022340682000503875, "sat_stage_seconds": 0.029290421000041533}
{"case_id": "c0114", "cell": "J50_w5", "encoding": "exclude_x", "repeat": 2, "status": "UNSAT", "solve_seconds": 0.0224075210007868, "sat_stage_seconds": 0.029681773001357215}
{"case_id": "c0054", "cell": "J35_p0.7", "encoding": "exclude_h", "repeat": 0, "status": "UNSAT", "solve_seconds": 0.18612029799987795, "sat_stage_seconds": 0.19050804799917387}
{"case_id": "c0054", "cell": "J35_p0.7", "encoding": "prefix", "repeat": 0, "status": "UNSAT", "solve_seconds": 0.19632212199940113, "sat_stage_seconds": 0.20110946800014062}
{"case_id": "c0054", "cell": "J35_p0.7", "encoding": "exclude_x", "repeat": 0, "status": "UNSAT", "solve_seconds": 0.17963614899963432, "sat_stage_seconds": 0.18417750600019644}
{"case_id": "c0054", "cell": "J35_p0.7", "encoding": "prefix", "repeat": 1, "status": "UNSAT", "solve_seconds": 0.20089612800074974, "sat_stage_seconds": 0.20542884300084552}
{"case_id": "c0054", "cell": "J35_p0.7", "encoding": "exclude_x", "repeat": 1, "status": "UNSAT", "solve_seconds": 0.19300702500004263, "sat_stage_seconds": 0.19775432699861994}
{"case_id": "c0054", "cell": "J35_p0.7", "encoding": "exclude_h", "repeat": 1, "status": "UNSAT", "solve_seconds": 0.1953245019994938, "sat_stage_seconds": 0.20076469299965538}
{"case_id": "c0054", "cell": "J35_p0.7", "encoding": "exclude_x", "repeat": 2, "status": "UNSAT", "solve_seconds": 0.18611788399903162, "sat_stage_seconds": 0.1903432729995984}
{"case_id": "c0054", "cell": "J35_p0.7", "encoding": "exclude_h", "repeat": 2, "status": "UNSAT", "solve_seconds": 0.19647772300049837, "sat_stage_seconds": 0.20114070000090578}
{"case_id": "c0054", "cell": "J35_p0.7", "encoding": "prefix", "repeat": 2, "status": "UNSAT", "solve_seconds": 0.18736918099966715, "sat_stage_seconds": 0.192246646998683}
{"case_id": "c0040", "cell": "J20_w1to3", "encoding": "exclude_h", "repeat": 0, "status": "UNSAT", "solve_seconds": 0.003000701999553712, "sat_stage_seconds": 0.005286021998472279}
{"case_id": "c0040", "cell": "J20_w1to3", "encoding": "exclude_x", "repeat": 0, "status": "UNSAT", "solve_seconds": 0.0020685889994638273, "sat_stage_seconds": 0.004091449998668395}
{"case_id": "c0040", "cell": "J20_w1to3", "encoding": "prefix", "repeat": 0, "status": "UNSAT", "solve_seconds": 0.003942990000723512, "sat_stage_seconds": 0.0060667210000247}
{"case_id": "c0040", "cell": "J20_w1to3", "encoding": "exclude_x", "repeat": 1, "status": "UNSAT", "solve_seconds": 0.00216827700023714, "sat_stage_seconds": 0.004081765999217168}
{"case_id": "c0040", "cell": "J20_w1to3", "encoding": "prefix", "repeat": 1, "status": "UNSAT", "solve_seconds": 0.004743958001199644, "sat_stage_seconds": 0.00746787900061463}
{"case_id": "c0040", "cell": "J20_w1to3", "encoding": "exclude_h", "repeat": 1, "status": "UNSAT", "solve_seconds": 0.0030621830010204576, "sat_stage_seconds": 0.0050440230006643105}
{"case_id": "c0040", "cell": "J20_w1to3", "encoding": "prefix", "repeat": 2, "status": "UNSAT", "solve_seconds": 0.003649403999588685, "sat_stage_seconds": 0.005687317998308572}
{"case_id": "c0040", "cell": "J20_w1to3", "encoding": "exclude_h", "repeat": 2, "status": "UNSAT", "solve_seconds": 0.003147539999190485, "sat_stage_seconds": 0.005128317998241982}
{"case_id": "c0040", "cell": "J20_w1to3", "encoding": "exclude_x", "repeat": 2, "status": "UNSAT", "solve_seconds": 0.002227814999059774, "sat_stage_seconds": 0.0046499779982696055}
{"case_id": "c0088", "cell": "J50_p0.3", "encoding": "exclude_h", "repeat": 0, "status": "UNSAT", "solve_seconds": 0.0018212420000054408, "sat_stage_seconds": 0.005635009998513851}
{"case_id": "c0088", "cell": "J50_p0.3", "encoding": "prefix", "repeat": 0, "status": "UNSAT", "solve_seconds": 0.004903154000203358, "sat_stage_seconds": 0.008716940999875078}
{"case_id": "c0088", "cell": "J50_p0.3", "encoding": "exclude_x", "repeat": 0, "status": "UNSAT", "solve_seconds": 0.0020239830009813886, "sat_stage_seconds": 0.005834576000779634}
{"case_id": "c0088", "cell": "J50_p0.3", "encoding": "prefix", "repeat": 1, "status": "UNSAT", "solve_seconds": 0.004471002999707707, "sat_stage_seconds": 0.008412710998527473}
{"case_id": "c0088", "cell": "J50_p0.3", "encoding": "exclude_x", "repeat": 1, "status": "UNSAT", "solve_seconds": 0.0022577189993171487, "sat_stage_seconds": 0.006386082997778431}
{"case_id": "c0088", "cell": "J50_p0.3", "encoding": "exclude_h", "repeat": 1, "status": "UNSAT", "solve_seconds": 0.0018645059990376467, "sat_stage_seconds": 0.005940943998211878}
{"case_id": "c0088", "cell": "J50_p0.3", "encoding": "exclude_x", "repeat": 2, "status": "UNSAT", "solve_seconds": 0.0027078670009359485, "sat_stage_seconds": 0.00684959100181004}
{"case_id": "c0088", "cell": "J50_p0.3", "encoding": "exclude_h", "repeat": 2, "status": "UNSAT", "solve_seconds": 0.0018577860009827418, "sat_stage_seconds": 0.006004237002343871}
{"case_id": "c0088", "cell": "J50_p0.3", "encoding": "prefix", "repeat": 2, "status": "UNSAT", "solve_seconds": 0.004435560000274563, "sat_stage_seconds": 0.00847341000007873}
{"case_id": "c0131", "cell": "J80_p0.3", "encoding": "prefix", "repeat": 0, "status": "UNSAT", "solve_seconds": 0.0056300619999092305, "sat_stage_seconds": 0.008843259000059334}
{"case_id": "c0131", "cell": "J80_p0.3", "encoding": "exclude_h", "repeat": 0, "status": "UNSAT", "solve_seconds": 0.004485354000280495, "sat_stage_seconds": 0.007817347001036978}
{"case_id": "c0131", "cell": "J80_p0.3", "encoding": "exclude_x", "repeat": 0, "status": "UNSAT", "solve_seconds": 0.006979433999731555, "sat_stage_seconds": 0.010006204000092112}
{"case_id": "c0131", "cell": "J80_p0.3", "encoding": "exclude_h", "repeat": 1, "status": "UNSAT", "solve_seconds": 0.004638631000489113, "sat_stage_seconds": 0.008236888999817893}
{"case_id": "c0131", "cell": "J80_p0.3", "encoding": "exclude_x", "repeat": 1, "status": "UNSAT", "solve_seconds": 0.008321274000991252, "sat_stage_seconds": 0.011492038000142202}
{"case_id": "c0131", "cell": "J80_p0.3", "encoding": "prefix", "repeat": 1, "status": "UNSAT", "solve_seconds": 0.006087370000386727, "sat_stage_seconds": 0.009597166001185542}
{"case_id": "c0131", "cell": "J80_p0.3", "encoding": "exclude_x", "repeat": 2, "status": "UNSAT", "solve_seconds": 0.006685778000246501, "sat_stage_seconds": 0.01007782100168697}
{"case_id": "c0131", "cell": "J80_p0.3", "encoding": "prefix", "repeat": 2, "status": "UNSAT", "solve_seconds": 0.018353576999288634, "sat_stage_seconds": 0.02158075499937695}
{"case_id": "c0131", "cell": "J80_p0.3", "encoding": "exclude_h", "repeat": 2, "status": "UNSAT", "solve_seconds": 0.004856465000557364, "sat_stage_seconds": 0.0081961890009552}
{"case_id": "c0115", "cell": "J50_w5", "encoding": "exclude_h", "repeat": 0, "status": "UNSAT", "solve_seconds": 0.031670483000198146, "sat_stage_seconds": 0.04055553400030476}
{"case_id": "c0115", "cell": "J50_w5", "encoding": "prefix", "repeat": 0, "status": "UNSAT", "solve_seconds": 0.028739956000208622, "sat_stage_seconds": 0.035869342000296456}
{"case_id": "c0115", "cell": "J50_w5", "encoding": "exclude_x", "repeat": 0, "status": "UNSAT", "solve_seconds": 0.029563887999756844, "sat_stage_seconds": 0.03728761599995778}
{"case_id": "c0115", "cell": "J50_w5", "encoding": "prefix", "repeat": 1, "status": "UNSAT", "solve_seconds": 0.03142880400082504, "sat_stage_seconds": 0.03903509799965832}
{"case_id": "c0115", "cell": "J50_w5", "encoding": "exclude_x", "repeat": 1, "status": "UNSAT", "solve_seconds": 0.026751134999358328, "sat_stage_seconds": 0.03378031200008991}
{"case_id": "c0115", "cell": "J50_w5", "encoding": "exclude_h", "repeat": 1, "status": "UNSAT", "solve_seconds": 0.030703507998623536, "sat_stage_seconds": 0.03840858899820887}
{"case_id": "c0115", "cell": "J50_w5", "encoding": "exclude_x", "repeat": 2, "status": "UNSAT", "solve_seconds": 0.02756869800032291, "sat_stage_seconds": 0.03440275600041787}
{"case_id": "c0115", "cell": "J50_w5", "encoding": "exclude_h", "repeat": 2, "status": "UNSAT", "solve_seconds": 0.03443648600114102, "sat_stage_seconds": 0.04144452299988188}
{"case_id": "c0115", "cell": "J50_w5", "encoding": "prefix", "repeat": 2, "status": "UNSAT", "solve_seconds": 0.03173722199971962, "sat_stage_seconds": 0.04150552299870469}
{"case_id": "c0042", "cell": "J35_p0.3", "encoding": "exclude_x", "repeat": 0, "status": "UNSAT", "solve_seconds": 0.003775449999011471, "sat_stage_seconds": 0.008350165999218007}
{"case_id": "c0042", "cell": "J35_p0.3", "encoding": "prefix", "repeat": 0, "status": "UNSAT", "solve_seconds": 0.006702753000354278, "sat_stage_seconds": 0.01266003100136004}
{"case_id": "c0042", "cell": "J35_p0.3", "encoding": "exclude_h", "repeat": 0, "status": "UNSAT", "solve_seconds": 0.0038921129998925608, "sat_stage_seconds": 0.008062590000918135}
{"case_id": "c0042", "cell": "J35_p0.3", "encoding": "prefix", "repeat": 1, "status": "UNSAT", "solve_seconds": 0.005883448000531644, "sat_stage_seconds": 0.010075346999656176}
{"case_id": "c0042", "cell": "J35_p0.3", "encoding": "exclude_h", "repeat": 1, "status": "UNSAT", "solve_seconds": 0.004009128000689088, "sat_stage_seconds": 0.007936664000226301}
{"case_id": "c0042", "cell": "J35_p0.3", "encoding": "exclude_x", "repeat": 1, "status": "UNSAT", "solve_seconds": 0.004101313999854028, "sat_stage_seconds": 0.008079815999735729}
{"case_id": "c0042", "cell": "J35_p0.3", "encoding": "exclude_h", "repeat": 2, "status": "UNSAT", "solve_seconds": 0.0037433830002555624, "sat_stage_seconds": 0.007734634000371443}
{"case_id": "c0042", "cell": "J35_p0.3", "encoding": "exclude_x", "repeat": 2, "status": "UNSAT", "solve_seconds": 0.004092560999197303, "sat_stage_seconds": 0.008514481000020169}
{"case_id": "c0042", "cell": "J35_p0.3", "encoding": "prefix", "repeat": 2, "status": "UNSAT", "solve_seconds": 0.0057770700004766695, "sat_stage_seconds": 0.010246541000014986}
{"case_id": "c0003", "cell": "J20_p0.3", "encoding": "exclude_h", "repeat": 0, "status": "UNSAT", "solve_seconds": 0.0024508460010110866, "sat_stage_seconds": 0.005313092002324993}
{"case_id": "c0003", "cell": "J20_p0.3", "encoding": "prefix", "repeat": 0, "status": "UNSAT", "solve_seconds": 0.006821799999670475, "sat_stage_seconds": 0.009631537999666762}
{"case_id": "c0003", "cell": "J20_p0.3", "encoding": "exclude_x", "repeat": 0, "status": "UNSAT", "solve_seconds": 0.0024737200001254678, "sat_stage_seconds": 0.005580147999353358}
{"case_id": "c0003", "cell": "J20_p0.3", "encoding": "prefix", "repeat": 1, "status": "UNSAT", "solve_seconds": 0.006788430000597145, "sat_stage_seconds": 0.009992323999540531}
{"case_id": "c0003", "cell": "J20_p0.3", "encoding": "exclude_x", "repeat": 1, "status": "UNSAT", "solve_seconds": 0.002573587998995208, "sat_stage_seconds": 0.006095602999266703}
{"case_id": "c0003", "cell": "J20_p0.3", "encoding": "exclude_h", "repeat": 1, "status": "UNSAT", "solve_seconds": 0.002450255000439938, "sat_stage_seconds": 0.0055878900002426235}
{"case_id": "c0003", "cell": "J20_p0.3", "encoding": "exclude_x", "repeat": 2, "status": "UNSAT", "solve_seconds": 0.0028830060000473168, "sat_stage_seconds": 0.005767013999502524}
{"case_id": "c0003", "cell": "J20_p0.3", "encoding": "exclude_h", "repeat": 2, "status": "UNSAT", "solve_seconds": 0.0024508460010110866, "sat_stage_seconds": 0.0055811799993534805}
{"case_id": "c0003", "cell": "J20_p0.3", "encoding": "prefix", "repeat": 2, "status": "UNSAT", "solve_seconds": 0.006984272000408964, "sat_stage_seconds": 0.010122567000507843}
{"case_id": "c0046", "cell": "J35_p0.3", "encoding": "prefix", "repeat": 0, "status": "UNSAT", "solve_seconds": 0.0035261109987914097, "sat_stage_seconds": 0.006973193998419447}
{"case_id": "c0046", "cell": "J35_p0.3", "encoding": "exclude_x", "repeat": 0, "status": "UNSAT", "solve_seconds": 0.008138081999277347, "sat_stage_seconds": 0.012463597999158083}
{"case_id": "c0046", "cell": "J35_p0.3", "encoding": "exclude_h", "repeat": 0, "status": "UNSAT", "solve_seconds": 0.004706682000687579, "sat_stage_seconds": 0.008386351000808645}
{"case_id": "c0046", "cell": "J35_p0.3", "encoding": "exclude_x", "repeat": 1, "status": "UNSAT", "solve_seconds": 0.005074287999377702, "sat_stage_seconds": 0.009452262998820515}
{"case_id": "c0046", "cell": "J35_p0.3", "encoding": "exclude_h", "repeat": 1, "status": "UNSAT", "solve_seconds": 0.004460438000023714, "sat_stage_seconds": 0.007720143999904394}
{"case_id": "c0046", "cell": "J35_p0.3", "encoding": "prefix", "repeat": 1, "status": "UNSAT", "solve_seconds": 0.003558809999958612, "sat_stage_seconds": 0.007250976999785053}
{"case_id": "c0046", "cell": "J35_p0.3", "encoding": "exclude_h", "repeat": 2, "status": "UNSAT", "solve_seconds": 0.004859398999542464, "sat_stage_seconds": 0.008398097999815946}
{"case_id": "c0046", "cell": "J35_p0.3", "encoding": "prefix", "repeat": 2, "status": "UNSAT", "solve_seconds": 0.003733478999492945, "sat_stage_seconds": 0.007588616997963982}
{"case_id": "c0046", "cell": "J35_p0.3", "encoding": "exclude_x", "repeat": 2, "status": "UNSAT", "solve_seconds": 0.005740296001022216, "sat_stage_seconds": 0.009459884000534657}
{"case_id": "c0142", "cell": "J80_p0.7", "encoding": "exclude_h", "repeat": 0, "status": "UNSAT", "solve_seconds": 0.018306818001292413, "sat_stage_seconds": 0.02508665500135976}
{"case_id": "c0142", "cell": "J80_p0.7", "encoding": "exclude_x", "repeat": 0, "status": "UNSAT", "solve_seconds": 0.015009376000307384, "sat_stage_seconds": 0.023151143999712076}
{"case_id": "c0142", "cell": "J80_p0.7", "encoding": "prefix", "repeat": 0, "status": "UNSAT", "solve_seconds": 0.019425898000918096, "sat_stage_seconds": 0.02598533900163602}
{"case_id": "c0142", "cell": "J80_p0.7", "encoding": "exclude_x", "repeat": 1, "status": "UNSAT", "solve_seconds": 0.016485375999764074, "sat_stage_seconds": 0.023498269998526666}
{"case_id": "c0142", "cell": "J80_p0.7", "encoding": "prefix", "repeat": 1, "status": "UNSAT", "solve_seconds": 0.019171951000316767, "sat_stage_seconds": 0.02579125100055535}
{"case_id": "c0142", "cell": "J80_p0.7", "encoding": "exclude_h", "repeat": 1, "status": "UNSAT", "solve_seconds": 0.014389506999577861, "sat_stage_seconds": 0.02127550200020778}
{"case_id": "c0142", "cell": "J80_p0.7", "encoding": "prefix", "repeat": 2, "status": "UNSAT", "solve_seconds": 0.018365604999416973, "sat_stage_seconds": 0.02449604899811675}
{"case_id": "c0142", "cell": "J80_p0.7", "encoding": "exclude_h", "repeat": 2, "status": "UNSAT", "solve_seconds": 0.015129864999835263, "sat_stage_seconds": 0.02159927200045786}
{"case_id": "c0142", "cell": "J80_p0.7", "encoding": "exclude_x", "repeat": 2, "status": "UNSAT", "solve_seconds": 0.014120417999947676, "sat_stage_seconds": 0.02085680100026366}
{"case_id": "c0080", "cell": "J35_w1to3", "encoding": "exclude_x", "repeat": 0, "status": "UNSAT", "solve_seconds": 0.003594070998587995, "sat_stage_seconds": 0.006708461998641724}
{"case_id": "c0080", "cell": "J35_w1to3", "encoding": "exclude_h", "repeat": 0, "status": "UNSAT", "solve_seconds": 0.0027692179992300225, "sat_stage_seconds": 0.005215216999204131}
{"case_id": "c0080", "cell": "J35_w1to3", "encoding": "prefix", "repeat": 0, "status": "UNSAT", "solve_seconds": 0.0060783179997088155, "sat_stage_seconds": 0.008832012998027494}
{"case_id": "c0080", "cell": "J35_w1to3", "encoding": "exclude_h", "repeat": 1, "status": "UNSAT", "solve_seconds": 0.002988653999636881, "sat_stage_seconds": 0.005448252999485703}
{"case_id": "c0080", "cell": "J35_w1to3", "encoding": "prefix", "repeat": 1, "status": "UNSAT", "solve_seconds": 0.005916376998357009, "sat_stage_seconds": 0.00890676299968618}
{"case_id": "c0080", "cell": "J35_w1to3", "encoding": "exclude_x", "repeat": 1, "status": "UNSAT", "solve_seconds": 0.0035400819997448707, "sat_stage_seconds": 0.006405172000086168}
{"case_id": "c0080", "cell": "J35_w1to3", "encoding": "prefix", "repeat": 2, "status": "UNSAT", "solve_seconds": 0.0062506230005965335, "sat_stage_seconds": 0.009065529000508832}
{"case_id": "c0080", "cell": "J35_w1to3", "encoding": "exclude_x", "repeat": 2, "status": "UNSAT", "solve_seconds": 0.004591490998791414, "sat_stage_seconds": 0.008369014998606872}
{"case_id": "c0080", "cell": "J35_w1to3", "encoding": "exclude_h", "repeat": 2, "status": "UNSAT", "solve_seconds": 0.0029109189999871887, "sat_stage_seconds": 0.005636291998598608}
{"case_id": "c0098", "cell": "J50_p0.7", "encoding": "prefix", "repeat": 0, "status": "UNSAT", "solve_seconds": 0.061647544000152266, "sat_stage_seconds": 0.06677395900078409}
{"case_id": "c0098", "cell": "J50_p0.7", "encoding": "exclude_h", "repeat": 0, "status": "UNSAT", "solve_seconds": 0.044586072999663884, "sat_stage_seconds": 0.049528695999470074}
{"case_id": "c0098", "cell": "J50_p0.7", "encoding": "exclude_x", "repeat": 0, "status": "UNSAT", "solve_seconds": 0.04191111500040279, "sat_stage_seconds": 0.04808992100151954}
{"case_id": "c0098", "cell": "J50_p0.7", "encoding": "exclude_h", "repeat": 1, "status": "UNSAT", "solve_seconds": 0.046444569999948726, "sat_stage_seconds": 0.05255028799911088}
{"case_id": "c0098", "cell": "J50_p0.7", "encoding": "exclude_x", "repeat": 1, "status": "UNSAT", "solve_seconds": 0.04196325200064166, "sat_stage_seconds": 0.0492082599994319}
{"case_id": "c0098", "cell": "J50_p0.7", "encoding": "prefix", "repeat": 1, "status": "UNSAT", "solve_seconds": 0.06285447399932309, "sat_stage_seconds": 0.06894547999945644}
{"case_id": "c0098", "cell": "J50_p0.7", "encoding": "exclude_x", "repeat": 2, "status": "UNSAT", "solve_seconds": 0.040830201000062516, "sat_stage_seconds": 0.04567867400146497}
{"case_id": "c0098", "cell": "J50_p0.7", "encoding": "prefix", "repeat": 2, "status": "UNSAT", "solve_seconds": 0.061301911000555265, "sat_stage_seconds": 0.0670550060003734}
{"case_id": "c0098", "cell": "J50_p0.7", "encoding": "exclude_h", "repeat": 2, "status": "UNSAT", "solve_seconds": 0.04498780899848498, "sat_stage_seconds": 0.050149436998253805}
{"completed": true, "cases": 163, "runs": 1467}
