schema_version,J,K,N,seed,sim,operator,solver_name,rng_engine,generation_time,q_bitstring,q_sha256,design,design_id,p,m_requested,m_effective,min_row_size_requested,row_size_distribution,row_size_support,row_size_probs,basis_time,identity_check_time,two_col_check_time,three_col_check_time,sat_time,algorithm_time,preprocess_time,J_basis,M_basis,identifiable,branch,branch_label,sat_called,sat_formulation,sat_cardinality_encoding,cardinality_encoding_requested,maximal_candidate_requested,sat_variables,sat_clauses,identity_original,not_complete_original,has_pure_node_original,no_pure_nodes_original,has_zero_row_original,two_col_violation_original,three_col_violation_original,two_column_pass_original,both_necessary_checks_pass_original,I_3c,identity_basis,two_col_violation_basis,diagnostics_time
4,50,10,100,3696641487,0,conj,glucose42,MT19937-RandomState,0.00072435662150383,11010000000010000001000010000100000010000011000000010010000110001000100100100010000010010100010110000000000001000000010000000001000100000101001000000000010001000110001000010010010000010100100010000010000000000100000010000011000100100000000001000001010010000100100000011000000001010000001010001001000000000100001000000000100000001000000010000000010000100000000100100000000101000001000100100001100000010000101000000000100000100000000000000001110000100000000100000001000010100010100010000010001000000000,765686c7c8977e332f84fb8492bed726bb2c96cba93620d78bd58f6f77536eee,row_sparsity,row_sparsity|conj|2c5e43f84a|rng=MT19937-RandomState,,3,3,1,uniform,1;2;3,0.3333333333333333;0.3333333333333333;0.3333333333333333,0.0006821788847446442,0.00010823272168636322,0.0011440636590123177,0.0010444419458508492,0.020728668197989464,0.023716723546385765,0.002978917211294174,25,854,1,6,SAT_unsat_identifiable,1,boolean_factorization,exclude_x,exclude_x,0,1115,4444,0,1,1,0,0,0,0,1,1,1,0,0,0.007555350661277771
4,50,10,100,3696641487,1,conj,glucose42,MT19937-RandomState,0.0006062909960746765,00010000100000100101000010000001000000100010010001010010000001000000000000010000000000010010000000000001000000000100000000001000001010000100010010000000011000000100001000000001000110000100001010001000000000001000110000011000000010000001001010000001100000010000011010000000001000010010000000000101000100010110000001000000101000001000000110010000001010000001000101000000000100010000000010000010001010000100000001010000010000001001010000010000000001001000000101000001110000010011000000000000010001001100,2d2aca070bc9e279f17418d3d4fd7f56b60af8740e4ea001d35e7d9514b342cb,row_sparsity,row_sparsity|conj|2c5e43f84a|rng=MT19937-RandomState,,3,3,1,uniform,1;2;3,0.3333333333333333;0.3333333333333333;0.3333333333333333,0.0005923490971326828,6.065890192985535e-05,0.0007927184924483299,0.0009863534942269325,0.004881829954683781,0.007321478798985481,0.0024320799857378006,16,984,1,6,SAT_unsat_identifiable,1,boolean_factorization,exclude_x,exclude_x,0,684,2763,0,1,1,0,0,0,0,1,1,1,0,0,0.006471887230873108
4,50,10,100,3696641487,2,conj,glucose42,MT19937-RandomState,0.0006554396823048592,00010000001000001000101000100000000010000000100001100101000000000000010001100010110000000110001000010000100000000100000001000001001000101000100001100000100000011000000100010000010001010000010000001011000010001000001000001000000010001100010000100000000111000000000000000110000000000000100000011010000000001011000100000000001010010000000100000100100100010100100000000000010100000010100100000000001000000000110001010110000000001000000000001000000100000011010000000000010000000000000100100000001000000000,0b55afa254af21002335ce89e43f759c2b7bf3f3435260baf57e2c81af97ddfe,row_sparsity,row_sparsity|conj|2c5e43f84a|rng=MT19937-RandomState,,3,3,1,uniform,1;2;3,0.3333333333333333;0.3333333333333333;0.3333333333333333,0.0006295656785368919,6.267614662647247e-05,0.0008390974253416061,0.0009784121066331863,0.005059423856437206,0.007576407864689827,0.002509751357138157,17,930,1,6,SAT_unsat_identifiable,1,boolean_factorization,exclude_x,exclude_x,0,723,2940,0,1,1,0,0,0,0,1,1,1,0,0,0.006523941643536091
4,50,10,100,3696641487,3,conj,glucose42,MT19937-RandomState,0.0005960501730442047,00000001000000001000000100000100101000000100100010000100010110000110000010001001000000010000110000001000000000001000001100001001100001100100000000100010011000000000000010000001101000000110010101000000000110010000001000000101000001000000101000100010000000001000100101000010000000110000101000000001100000000100000001000110000110010010000010000000100010000000010101100000000001000010010000001100000100000010000000000101010001000001100000100100000101000000001000000000001000000000101100100000110100000010,5303d13af9dcc00bc733eea21e5c87e17537bfbe40e1176e587755823af42c21,row_sparsity,row_sparsity|conj|2c5e43f84a|rng=MT19937-RandomState,,3,3,1,uniform,1;2;3,0.3333333333333333;0.3333333333333333;0.3333333333333333,0.0006881104782223701,6.685871630907059e-05,0.0010626967996358871,0.0009846771135926247,0.0067571066319942474,0.009567243978381157,0.0028023431077599525,23,918,1,6,SAT_unsat_identifiable,1,boolean_factorization,exclude_x,exclude_x,0,1007,4057,0,1,1,0,0,0,0,1,1,1,0,0,0.007261479273438454
4,50,10,100,3696641487,4,conj,glucose42,MT19937-RandomState,0.0006010401993989944,00010010100001100000000000000100000000100000100100000000010000000101001010000100101000100000001110000100110000000010000000001000110010000100000000001100000010010100000000000010100001001000100000100000010100010000000001011100000010100000100100110000000110000000001100001001010000010100010000100001000001000010101010000010000001000001000100100101000001000000100000100010001000100100000100000000010011001100001000000001000011000010000001000010101100000010000000101001000001001010000101000000000100010000,dac03f3dcb575d07c518307f20eed60e544b0875c53f487117508441d7140b28,row_sparsity,row_sparsity|conj|2c5e43f84a|rng=MT19937-RandomState,,3,3,1,uniform,1;2;3,0.3333333333333333;0.3333333333333333;0.3333333333333333,0.0006597386673092842,6.736442446708679e-05,0.0010677855461835861,0.000986345112323761,0.0058073317632079124,0.008595893159508705,0.002781233750283718,23,977,1,6,SAT_unsat_identifiable,1,boolean_factorization,exclude_x,exclude_x,0,1007,4057,0,1,1,0,0,0,0,1,1,1,0,0,0.007585129700601101
4,50,10,100,3696641487,5,conj,glucose42,MT19937-RandomState,0.0006126733496785164,00000100011001001000011000000000010100100001010000000010000000010000000011000000001000110000110000101000110000100010100000000000010010000110000001101000000001001000000100100001010000101010001000100001100100000000000100000000100000000000010000000001101000100000100100000001000000110001000100100101000001000000100100000101000000010100000000010010010100000000011100000100000011001000010000100100000110010100110000010000010000001000001000010000000001100000000100100000100001000010010000011000100000000011,e236a68c6a669d60d581bfafd3e6e74b83ddbe2c1568035b38a1a3e013d8ed98,row_sparsity,row_sparsity|conj|2c5e43f84a|rng=MT19937-RandomState,,3,3,1,uniform,1;2;3,0.3333333333333333;0.3333333333333333;0.3333333333333333,0.0007690852507948875,7.491372525691986e-05,0.0012540724128484726,0.0010022679343819618,0.008163504302501678,0.011271825060248375,0.003100339323282242,28,850,1,6,SAT_unsat_identifiable,1,boolean_factorization,exclude_x,exclude_x,0,1252,4997,0,1,1,0,0,0,0,1,1,1,0,0,0.007701758295297623
4,50,10,100,3696641487,6,conj,glucose42,MT19937-RandomState,0.0006015598773956299,01011000000010100000000000001001000010100001000001010010000000100001100010010010000110000000000011000001001001001001000000001110000101001000000001001000000001100011000001000001100000010100010000100000001000000001000000010110000100100010000000010000000100000000010000000000000100001000000000000101001000010000110000011000000001000000000001000100000001010100000000000010001000100001000000111010001100000100100000001000010000011000000000000101000001000110000010000100000101000100000000010100000000010000,cae63908bcfda61be4f9c2ac144fde235806f95925adfceb58231532a1419497,row_sparsity,row_sparsity|conj|2c5e43f84a|rng=MT19937-RandomState,,3,3,1,uniform,1;2;3,0.3333333333333333;0.3333333333333333;0.3333333333333333,0.000600697472691536,5.564838647842407e-05,0.0007139509543776512,0.0009692590683698654,0.0037368685007095337,0.006083640269935131,0.0023395558819174767,14,1000,1,6,SAT_unsat_identifiable,1,boolean_factorization,exclude_x,exclude_x,0,566,2365,0,1,1,0,0,0,0,1,1,1,0,0,0.006249246187508106
4,50,10,100,3696641487,7,conj,glucose42,MT19937-RandomState,0.0006150677800178528,01000000000000001000000110010000000100000100110000001000000101000000000001000000000000000101000000000101010000010010000000001100100000010000000000010000010000100100101000100100100000000110001110000000000001010100000100010000100100000100000010000000000000000001001000000000100000000000100001000000110000001000000010010010000000101000010000000100000000010010100000010000100001100001000000000101010000001000000011000000100000010001000000000010100100000010010000001000100100000100010000000100000100000000,016e37e87d1efc927d7bad8cfbba3b741d125993a29878c60c4117e325932efc,row_sparsity,row_sparsity|conj|2c5e43f84a|rng=MT19937-RandomState,,3,3,1,uniform,1;2;3,0.3333333333333333;0.3333333333333333;0.3333333333333333,0.0004698392003774643,5.3442083299160004e-05,0.0,0.0,0.0,0.0005293823778629303,0.0005232812836766243,10,1024,1,4,identity_submatrix_identifiable,0,,,exclude_x,0,0,0,1,0,1,0,0,0,0,1,1,1,1,0,0.00559993926435709
4,50,10,100,3696641487,8,conj,glucose42,MT19937-RandomState,0.000593976117670536,01100001000010001000000100001000000111000011100000000010100000000100000001000100000100000000000111000001000000101010000000000100000000000010000000100100001000010010100000010000010000100000000111000000000000001000101000000010001100000000010000100000000101000000000000100000000011000001000001100000000000100101000011000001000000110000000000011000000000100100100011000000000001100001010000100000000100100011100000000000010000001000010010000100000000000100000100100000000001000011000000000110100001000001,800a69f91c598b723a4f5a33cadf09655ecfe7a5eee1e9b2d4c920ab72768e0a,row_sparsity,row_sparsity|conj|2c5e43f84a|rng=MT19937-RandomState,,3,3,1,uniform,1;2;3,0.3333333333333333;0.3333333333333333;0.3333333333333333,0.0005213441327214241,5.930941551923752e-05,0.0008142217993736267,0.0009918855503201485,0.004208249971270561,0.006602673791348934,0.002386760897934437,16,962,1,6,SAT_unsat_identifiable,1,boolean_factorization,exclude_x,exclude_x,0,644,2719,0,1,1,0,0,0,0,1,1,1,0,0,0.013303217478096485
4,50,10,100,3696641487,9,conj,glucose42,MT19937-RandomState,0.0006083240732550621,00000100000000010001000000010000010000000000001010010000000011000010001000100100110000000000010000000000000010000000100000100100000000010000000000001000000111000001000100100010100010001001000001000010000000100000000000010101000000100001000011100000000010000100000001000000000000010000000100000110000000100000100100101000000010001100011000100101000100000000000101000000100101000100000001000001000000000000110010010000000000000111001001000000000010000000010001000000000001000000001000000010011001010000,ea3160b6fcd1c2f662ff035e902206d9d26fce7e96f6931cc1917079cae97190,row_sparsity,row_sparsity|conj|2c5e43f84a|rng=MT19937-RandomState,,3,3,1,uniform,1;2;3,0.3333333333333333;0.3333333333333333;0.3333333333333333,0.0004950324073433876,6.0061924159526825e-05,0.0008311048150062561,0.0009910650551319122,0.004501396790146828,0.006885698065161705,0.0023772642016410828,17,942,1,6,SAT_unsat_identifiable,1,boolean_factorization,exclude_x,exclude_x,0,713,2929,0,1,1,0,0,0,0,1,1,1,0,0,0.006614296697080135
4,50,10,100,3696641487,10,conj,glucose42,MT19937-RandomState,0.000615956261754036,00000011000000100000000001110010000001000011010000101000100000000100110001001010010011000000000100000001100000000000111000000100010010001100001000000000001000110100000010000000011001010000100000101000000000001010000000011000000100010000011000001001100101000001100000010000001110000000000001100000010000101001000000010000001000011000001000000100001000000000001000110001000010000000001001010000100000001000100001000010000001010000000000000100110001000000000010011100000000000000001100000000101100000001,7f5ac9d87a0b64d3a777309313df9e2939af976a52de21e0f16a59170bc18295,row_sparsity,row_sparsity|conj|2c5e43f84a|rng=MT19937-RandomState,,3,3,1,uniform,1;2;3,0.3333333333333333;0.3333333333333333;0.3333333333333333,0.0006509032100439072,7.935240864753723e-05,0.0009917793795466423,0.000995100475847721,0.006376220844686031,0.009102602489292622,0.002717135474085808,21,891,1,6,SAT_unsat_identifiable,1,boolean_factorization,exclude_x,exclude_x,0,909,3681,0,1,1,0,0,0,0,1,1,1,0,0,0.006984430365264416
4,50,10,100,3696641487,11,conj,glucose42,MT19937-RandomState,0.0006036851555109024,00001100010000010101010000001101000110000011000000001001100001000000100100000000000000001000011000101000100000000000011101010001000010000000001001000000010000000000110000000000000100000010000110100000000010010000000011100100010000010000000000000100000000010000000000100010000000001000000010010000000000011000000101000000010110000010000000100100001001110000100001010000100001010000001000000101001000010100000101000101100000000100000100010100000000010000000000100000000100001000000000110000100100000000,f2b3a93e565ef58858f9e23ac2b5640e33f8bada623fa1b8c71cfc05f0199f9a,row_sparsity,row_sparsity|conj|2c5e43f84a|rng=MT19937-RandomState,,3,3,1,uniform,1;2;3,0.3333333333333333;0.3333333333333333;0.3333333333333333,0.0006000520661473274,6.143562495708466e-05,0.0007682647556066513,0.0009796470403671265,0.004106360487639904,0.006522529758512974,0.00240939948707819,15,1004,1,6,SAT_unsat_identifiable,1,boolean_factorization,exclude_x,exclude_x,0,615,2553,0,1,1,0,0,0,0,1,1,1,0,0,0.006412731483578682
4,50,10,100,3696641487,12,conj,glucose42,MT19937-RandomState,0.0006108973175287247,00100101000001000011000000100100000001010000001100100000001010000001001000000101001010000000000100000011001000000110000100001000101000010010000010000001001000100011000000010000000000001000000100000010010000000000000000010001010010000000000100000001000100100001000101010000000100100000000001000001000000000100000000111000100000000000000010000000010000010001001000100100010000100100000100000000100000001000100000100000011010001000000000001000000100001000010000010000000111001000101000000100100100000100,13f036ccbdb50dd71b435c8af9a78edaa997fcb122354e27edf0c6ed8c245781,row_sparsity,row_sparsity|conj|2c5e43f84a|rng=MT19937-RandomState,,3,3,1,uniform,1;2;3,0.3333333333333333;0.3333333333333333;0.3333333333333333,0.0006528329104185104,6.23585656285286e-05,0.0007906137034296989,0.0009739557281136513,0.004732054658234119,0.007219540886580944,0.0024797609075903893,16,1015,1,6,SAT_unsat_identifiable,1,boolean_factorization,exclude_x,exclude_x,0,654,2730,0,1,1,0,0,0,0,1,1,1,0,0,0.006480429321527481
4,50,10,100,3696641487,13,conj,glucose42,MT19937-RandomState,0.00059504434466362,00001001010010000000001000000000000000010100100100010010100000001000000000001000000100000101100000100000101100001000001110001100000000100000000110001010010000000010000011100100100010010000010010011000000010000000100000000000100001100000001000000100001000100000100000001001001010000010000001101000100000000000100000000001100010000011000000000001000000110000000001010000100001010000000010001000101100000000100100100001000100010100000000110000100000110000000000100000010000000010001000000000010000010100,c642f0e9cfa1e92c3c67b587c5d5d445f2f236581028e9b088f725e7daf0c85b,row_sparsity,row_sparsity|conj|2c5e43f84a|rng=MT19937-RandomState,,3,3,1,uniform,1;2;3,0.3333333333333333;0.3333333333333333;0.3333333333333333,0.0005664844065904617,6.520934402942657e-05,0.0009522000327706337,0.0009785071015357971,0.005666250362992287,0.008235586807131767,0.002562400884926319,20,837,1,6,SAT_unsat_identifiable,1,boolean_factorization,exclude_x,exclude_x,0,880,3515,0,1,1,0,0,0,0,1,1,1,0,0,0.006761993281543255
4,50,10,100,3696641487,14,conj,glucose42,MT19937-RandomState,0.0006039589643478394,00000101100100110000101000000000000000110010000100010001000000000100000000011000000000001111100000001001000010010000011000100100000010010100011100000001000000000000100001000001001001000001000101000001000001000010000000000111000000001001000001000001000001101000100000110000000001000100001010000001001001000000000010000010000010000100010110000000001000000100000010001000001000010000010000010100001000000001000000001010010000000001001000001000100100001000001011000010001100001100000000000001000000010010,ef4d2105a5ce006875665b3e0f0253a2356c5c064765244c77f34f50542325f0,row_sparsity,row_sparsity|conj|2c5e43f84a|rng=MT19937-RandomState,,3,3,1,uniform,1;2;3,0.3333333333333333;0.3333333333333333;0.3333333333333333,0.0006172498688101768,6.369035691022873e-05,0.0009474251419305801,0.0009926389902830124,0.0063408417627215385,0.008969565853476524,0.002621004357933998,20,902,1,6,SAT_unsat_identifiable,1,boolean_factorization,exclude_x,exclude_x,0,860,3493,0,1,1,0,0,0,0,1,1,1,0,0,0.00690456572920084
4,50,10,100,3696641487,15,conj,glucose42,MT19937-RandomState,0.000606851652264595,10000100010110001000000000100100000010000010000001000011000000100011001000000100010010001010011000000001100000000001010100001100010010001000010001000110000110001000010100000001000000001000100001000000000000010100010000000010000000001000101000000001100000001000101100000000001010000010010000000011100010000001000001000000100000001000100001010000100110000000010000100000000000000100000010100000011000000100000100001001000000110000000000100000001001000001000010011010000010000100010000001011000000101000,5736ad8df1d42664da77d27b2ef590c3a07bd830b51f03a78cfdd8f4472bba6f,row_sparsity,row_sparsity|conj|2c5e43f84a|rng=MT19937-RandomState,,3,3,1,uniform,1;2;3,0.3333333333333333;0.3333333333333333;0.3333333333333333,0.0006551193073391914,6.85621052980423e-05,0.0011036423966288567,0.0009835008531808853,0.007788961753249168,0.010607032105326653,0.0028108246624469757,24,847,1,6,SAT_unsat_identifiable,1,boolean_factorization,exclude_x,exclude_x,0,1076,4267,0,1,1,0,0,0,0,1,1,1,0,0,0.007264134474098682
4,50,10,100,3696641487,16,conj,glucose42,MT19937-RandomState,0.0006163120269775391,11100000000100000001000000100010010000100100001100001010001001000000000001000000000000001000100000011010000100000000001010000110001000000101000000100010100000100000100100001100010001000011000001001100001000010000001010000101010000110100000000100101000001010000010000001101000000000000100000000000010110000000100001000000010000001010000000000010000000000000000100001110000010000011100000010000000100000001010000000000001000001010000000000100000000000110000000111000000011001100001000110100000000001100,78f14e92849c70d0a99e01efaf0e87fc00af39752c76938f91a7334126840358,row_sparsity,row_sparsity|conj|2c5e43f84a|rng=MT19937-RandomState,,3,3,1,uniform,1;2;3,0.3333333333333333;0.3333333333333333;0.3333333333333333,0.0005436539649963379,5.328282713890076e-05,0.0,0.0,0.0,0.0006011482328176498,0.0005969367921352386,10,1024,1,4,identity_submatrix_identifiable,0,,,exclude_x,0,0,0,1,0,1,0,0,0,0,1,1,1,1,0,0.00559871643781662
4,50,10,100,3696641487,17,conj,glucose42,MT19937-RandomState,0.0005945051088929176,10000000000100100000000001000101010000001000000110000000010011000001000110100000000100000000000001100110001000010001000100100100001100001000000000100100110000100001000000001010000000000010100010000000000001011000001000000000010000000011000000000000010010000000100010010000000010000000110001011001000001000000000001010001000001000000000000010001001000101100000000000011000010000010001010010010000000000100001010000000011001011000000010100010000000010101000000010001000010001000000101000000000000000100,868a2b88c447bc0a9cce4d92d0e1e34beb0a93048a4865ad3fb5fed8371f00e3,row_sparsity,row_sparsity|conj|2c5e43f84a|rng=MT19937-RandomState,,3,3,1,uniform,1;2;3,0.3333333333333333;0.3333333333333333;0.3333333333333333,0.0006043873727321625,5.400460213422775e-05,0.0006858482956886292,0.0009878259152173996,0.004188454709947109,0.006527155637741089,0.002332066185772419,13,992,1,6,SAT_unsat_identifiable,1,boolean_factorization,exclude_x,exclude_x,0,517,2177,0,1,1,0,0,0,0,1,1,1,0,0,0.006084299646317959
4,50,10,100,3696641487,18,conj,glucose42,MT19937-RandomState,0.0005988636985421181,01000100000001000000000011000100001000000000001000000100000000000000110010000000010010000000000100000000000011000110000010010000000010011000100000000001011000000000010010000010100010000100010000000100000001101000001001000101000001010110000000100000100000010000000100110001011000000000001100000001000100101001000000100000011000000001000000101000000000000010000000010100001000010000110000000010000010001010010000010110000001100010000100001000010000011000000000100000100000000000010000001000101000001010,66af1bdf236b4bfc88ceb2af01c06e6e0786d244460d7cd5f9fc7eefbd591696,row_sparsity,row_sparsity|conj|2c5e43f84a|rng=MT19937-RandomState,,3,3,1,uniform,1;2;3,0.3333333333333333;0.3333333333333333;0.3333333333333333,0.0005966555327177048,6.225984543561935e-05,0.0008320873603224754,0.0010042022913694382,0.004581643268465996,0.007082815282046795,0.0024952050298452377,17,924,1,6,SAT_unsat_identifiable,1,boolean_factorization,exclude_x,exclude_x,0,693,2907,0,1,1,0,0,0,0,1,1,1,0,0,0.006555930711328983
4,50,10,100,3696641487,19,conj,glucose42,MT19937-RandomState,0.0006110807880759239,00000010110001000000000001010000010000000010010100100001000000001000000001000001110000000100011000000001100000000000000100001000000000000010100011000001000000001001000100000100001000000010000000000011100000011010010000100011100000001100000000000100100000100010001001000000010000000000000001000000101000100100010000000001000100011000100110001100100000100010000010000000000000010110000000000110000000000111000000001000100001100000001000000000000100000000011000010000001101000100000001000010100101000001,41f68d9020a34d62de5990545f829d3f3054ad679329993e5fe2510e415fdc2f,row_sparsity,row_sparsity|conj|2c5e43f84a|rng=MT19937-RandomState,,3,3,1,uniform,1;2;3,0.3333333333333333;0.3333333333333333;0.3333333333333333,0.0005951076745986938,6.184354424476624e-05,0.000871928408741951,0.0009700693190097809,0.005179037339985371,0.007684599608182907,0.002498948946595192,18,876,1,6,SAT_unsat_identifiable,1,boolean_factorization,exclude_x,exclude_x,0,772,3128,0,1,1,0,0,0,0,1,1,1,0,0,0.006585939787328243
4,50,10,100,3696641487,20,conj,glucose42,MT19937-RandomState,0.0006251493468880653,11100000000000001000010100000100010000000010000000000100000110000000000010000000000001001110000000000011001000000000000100000110000000100100100100010000000010111000100000010000000000000101000001000000010000000100011000011000000110001000000100100000000000010000000000110100000000010000011000110000100000000000100000101100100000000111001000000101000010000000110000001000000010001010000001000000000000011100000000000100100000010000000100000000000111000010000000110001100000000000000110000000000000010000,b7e2039864763012c45a9080fafb96879e42532ed2113c9fe7c36cc5fdfeb35a,row_sparsity,row_sparsity|conj|2c5e43f84a|rng=MT19937-RandomState,,3,3,1,uniform,1;2;3,0.3333333333333333;0.3333333333333333;0.3333333333333333,0.0005799587815999985,6.599351763725281e-05,0.0007149837911128998,0.0009698262438178062,0.0044282181188464165,0.0067675309255719185,0.0023307623341679573,14,984,1,6,SAT_unsat_identifiable,1,boolean_factorization,exclude_x,exclude_x,0,576,2376,0,1,1,0,0,0,0,1,1,1,0,0,0.006266873329877853
4,50,10,100,3696641487,21,conj,glucose42,MT19937-RandomState,0.0006059454753994942,01010100000101000000110000000000101001000101010000010011000010000000010010010000001000010000100100001000000000000110010000100001011000010010000011001000000000010010000000000001000001000000000001000100000100010110000000000001101000001000000000100100101000100000000000100100000011001100000000000000100000000010110000100011000100000010100001000010010001010000000011000000000000100000100000011000100000000010100000100000000000000010000001010010000001100100000000010110000010000000101001001010000110000001,dfdbc7799e3b025e3d5553f151354857237c4d54cd7ba87b7f7642c066014df7,row_sparsity,row_sparsity|conj|2c5e43f84a|rng=MT19937-RandomState,,3,3,1,uniform,1;2;3,0.3333333333333333;0.3333333333333333;0.3333333333333333,0.0006535202264785767,6.559863686561584e-05,0.0009288648143410683,0.000981740653514862,0.005457919090986252,0.0080949105322361,0.002629724331200123,19,924,1,6,SAT_unsat_identifiable,1,boolean_factorization,exclude_x,exclude_x,0,831,3327,0,1,1,0,0,0,0,1,1,1,0,0,0.006761527620255947
4,50,10,100,3696641487,22,conj,glucose42,MT19937-RandomState,0.0005961600691080093,10000010011100001000001000001000000100010011100000000100100010000000000000100101001001010010000000010000000001000010100010000000110001000101001000011001100000000010001000001001000000100000000000001000000010010100110001000010000100000010000010000000000110000100010000010010000101000000001000000000001000000100010100010000100000010000100001010001000000100000000110000010000000100010001110000000000100000000010010000000001000000001000000000100010001001000001000100010010001001000000000000010000010010000,5142f58a60d6232d587b97d1f9872b51c737e7bc0039f1b216eff3ac1256ee0d,row_sparsity,row_sparsity|conj|2c5e43f84a|rng=MT19937-RandomState,,3,3,1,uniform,1;2;3,0.3333333333333333;0.3333333333333333;0.3333333333333333,0.0005380939692258835,5.596969276666641e-05,0.0006907442584633827,0.0009715678170323372,0.003615991212427616,0.005879654549062252,0.00225637573748827,13,976,1,6,SAT_unsat_identifiable,1,boolean_factorization,exclude_x,exclude_x,0,527,2188,0,1,1,0,0,0,0,1,1,1,0,0,0.006077723577618599
4,50,10,100,3696641487,23,conj,glucose42,MT19937-RandomState,0.0006025983020663261,00001011000100010000000000100010100001000010000100000100010100010000010100000001100100000000010100000100000000000000100010010000000100000000011010000000001000000001110000010000000100000100000000100000000010001010010000001010000000000000001100000110000000001000001100001000000100000100000000001000001101000001000010000000000100000110100100000000000010010001000010000001000010100000001000000000000010000000000010100000000010000010010000110000110001000000000000011000100001100000000010000000001000000100,7322c824b499b7bd1b9bf137dd7adb632fd30c0c5743ddae1e7ea2804f1c2007,row_sparsity,row_sparsity|conj|2c5e43f84a|rng=MT19937-RandomState,,3,3,1,uniform,1;2;3,0.3333333333333333;0.3333333333333333;0.3333333333333333,0.0005491357296705246,6.144307553768158e-05,0.0008335541933774948,0.0009727990254759789,0.004195196554064751,0.006618372164666653,0.00241693202406168,17,946,1,6,SAT_unsat_identifiable,1,boolean_factorization,exclude_x,exclude_x,0,713,2929,0,1,1,0,0,0,0,1,1,1,0,0,0.006555099040269852
4,50,10,100,3696641487,24,conj,glucose42,MT19937-RandomState,0.0005907677114009857,10000001001100000000001000000010000011000010100010000010000000010000000000000001100001000000001101000000100001000100000101100001001000000000000010000101000000000001100000000001000001000000010100000000001000010101100100000000010001000000000100000010010100001100010000000000100000110010000000000000000100010011000000100001000000100000010000000010000100110000000000000000100110000001000010101000000010101000100100010000000000110001000010000100010000000000000010000000001110010000010100010000001000110000,af9368b0a287b5bcc8355ae4fcec11ac0d9d69e4bfdf52f8564a22a36afbd343,row_sparsity,row_sparsity|conj|2c5e43f84a|rng=MT19937-RandomState,,3,3,1,uniform,1;2;3,0.3333333333333333;0.3333333333333333;0.3333333333333333,0.0005633337423205376,5.937926471233368e-05,0.0007945587858557701,0.0009769257158041,0.0047476692125201225,0.007149163633584976,0.0023941975086927414,16,982,1,6,SAT_unsat_identifiable,1,boolean_factorization,exclude_x,exclude_x,0,684,2763,0,1,1,0,0,0,0,1,1,1,0,0,0.006369143724441528
4,50,10,100,3696641487,25,conj,glucose42,MT19937-RandomState,0.0005991915240883827,01000010000001000010000000001000000000101001001000100010010000000001000101100000001010000100000100001100100000001000000001000010011000001010000110001000000010001001000000001000001000000010000000110010000000010000001010010011000000100000000010000110000000100000010000000010010000000000001000011000001000110001001101000000000001000000100001000100001000000001001010000000000000001000000001100000000100110000001000010100010000101010000001010001010000000000001100010011000100100010000000000000100100010001,5e9077fe39cf45c1e88e41cde702cc1d2c10f7ad2f6e7c44602227232e56ace8,row_sparsity,row_sparsity|conj|2c5e43f84a|rng=MT19937-RandomState,,3,3,1,uniform,1;2;3,0.3333333333333333;0.3333333333333333;0.3333333333333333,0.0006240690127015114,6.768759340047836e-05,0.0009438488632440567,0.0009813345968723297,0.005155971273779869,0.007780625484883785,0.002616940066218376,20,857,1,6,SAT_unsat_identifiable,1,boolean_factorization,exclude_x,exclude_x,0,890,3526,0,1,1,0,0,0,0,1,1,1,0,0,0.006668460555374622
4,50,10,100,3696641487,26,conj,glucose42,MT19937-RandomState,0.0005965773016214371,00000000100101000000101000010000010100000000000100000000010001010000011000000100000000000110000100000000010010110000000000100100010100000000000000001000100100000110001000100001000001100000000010100000000101100000010000101000010000000000100000000001000010000000000110000000101100000100001000000000100000000110000000100000000111000011000010001000001100000100000001000100000100000000001100100000000010100100000010001000100000001000000000001000000101001000010000010001000000001000010000000000100001000100,0ba781320344ed871658bb9959b38b7edc7ce15bff39c93011611c82ba4ece68,row_sparsity,row_sparsity|conj|2c5e43f84a|rng=MT19937-RandomState,,3,3,1,uniform,1;2;3,0.3333333333333333;0.3333333333333333;0.3333333333333333,0.0006015673279762268,5.720462650060654e-05,0.0007954081520438194,0.0009900974109768867,0.004165063612163067,0.00661594420671463,0.0024442775174975395,16,952,1,6,SAT_unsat_identifiable,1,boolean_factorization,exclude_x,exclude_x,0,644,2719,0,1,1,0,0,0,0,1,1,1,0,0,0.00631957221776247
4,50,10,100,3696641487,27,conj,glucose42,MT19937-RandomState,0.0006012208759784698,10100001000010101000011000001000000000100101000000100000100000000000111000100000000001000000110000000000000111010000001100001100011100000000010000000110001000100100001010000010000001000000010000010000100000100010010000100100000100001000011000000100001010000000000000001000100000000010001100100000000000000100000000000100100000000100000010100010001010000000011000101000100000000010000101000000000000010001001001001000000000000010000011000010100100000010000000000000000100010000000000010101000010001010,7774a767df42f0583fe92f631017e2fb66c839e7ffbbf69bcc225c3f2785d85c,row_sparsity,row_sparsity|conj|2c5e43f84a|rng=MT19937-RandomState,,3,3,1,uniform,1;2;3,0.3333333333333333;0.3333333333333333;0.3333333333333333,0.0005613025277853012,6.425753235816956e-05,0.0007045892998576164,0.000971723347902298,0.004148928448557854,0.006456766277551651,0.002301872707903385,14,1000,1,6,SAT_unsat_identifiable,1,boolean_factorization,exclude_x,exclude_x,0,566,2365,0,1,1,0,0,0,0,1,1,1,0,0,0.006157425232231617
4,50,10,100,3696641487,28,conj,glucose42,MT19937-RandomState,0.0005928324535489082,00101000010100000000010000100001010000001000001000001001000000100011000000101001000000011001010010000000100000000000001000000001001000000000100000100000010001100100000000010010010001110000000010100010110000000110000000010010010100000000000100001100101100000100000010100000010000001010000000001000000000100100100010000110000001100100000001010000000001000000010000010100000000000010100010010000001000000000001000000000100000000001100100010000010010000001010000000100101000000011010001001000011000000000,1bb832383eef4efe066e224bab20f2917fbc5984666927143a20e1ca75f78d10,row_sparsity,row_sparsity|conj|2c5e43f84a|rng=MT19937-RandomState,,3,3,1,uniform,1;2;3,0.3333333333333333;0.3333333333333333;0.3333333333333333,0.0006283866241574287,5.781929939985275e-05,0.0007500825449824333,0.000970824621617794,0.004464048892259598,0.006877426989376545,0.002407113090157509,15,994,1,6,SAT_unsat_identifiable,1,boolean_factorization,exclude_x,exclude_x,0,625,2564,0,1,1,0,0,0,0,1,1,1,0,0,0.006195549853146076
4,50,10,100,3696641487,29,conj,glucose42,MT19937-RandomState,0.0006027640774846077,11000000000000100000001000001100000100000000010000001010001001000000001000001010001010000100000001011000000000000000100000000001000100000000000000001111000000001100000000001001000000100000100010000001000000100011000010000000100010000010001101000110000001000010000000010000000010110110100000000000001100000001000000001000100000011000000000110001000000011010000000100100010100100100000101010000110000000001001010000000100001000000010010000000011001000000011000100000100000000000001010000000001001000000,7f7e0dba758b7870785841fede265c686f6670b33bf0dcbce9195953277f21ff,row_sparsity,row_sparsity|conj|2c5e43f84a|rng=MT19937-RandomState,,3,3,1,uniform,1;2;3,0.3333333333333333;0.3333333333333333;0.3333333333333333,0.0005533872172236443,5.385838449001312e-05,0.0006781416013836861,0.0009702509269118309,0.007782956585288048,0.01004608441144228,0.0022556381300091743,13,992,1,6,SAT_unsat_identifiable,1,boolean_factorization,exclude_x,exclude_x,0,517,2177,0,1,1,0,0,0,0,1,1,1,0,0,0.006022115238010883
4,50,10,100,3696641487,30,conj,glucose42,MT19937-RandomState,0.0005975672975182533,00100000100000100010100000000101001000000000110001000100000000000001000001100010110000100000110000101000001100000000101000000000010001001000000000100000001001000101001000100000000000010010000101001000110000000000000111000110100000000000100010000100000001000000110010000000000110101010000000010000000000001001010000010100000000001001011000000000100010000100010000000001000001000001010010000100011000100000101000100010000100000000100001011000010000100001000001000000010000000000010010000000101000000100,6b6a827ef44b2736b56862c58dfd359963068f478926c9b9b50caca4aedafdbe,row_sparsity,row_sparsity|conj|2c5e43f84a|rng=MT19937-RandomState,,3,3,1,uniform,1;2;3,0.3333333333333333;0.3333333333333333;0.3333333333333333,0.0006486000493168831,7.030181586742401e-05,0.0008375188335776329,0.00098432507365942,0.004965325817465782,0.007514257915318012,0.00254074577242136,17,914,1,6,SAT_unsat_identifiable,1,boolean_factorization,exclude_x,exclude_x,0,713,2929,0,1,1,0,0,0,0,1,1,1,0,0,0.006461658515036106
4,50,10,100,3696641487,31,conj,glucose42,MT19937-RandomState,0.0005936678498983383,00010000000000010000000001000000000001000101100000010001000000100100000010000001001000000100000000011010000100100000000111000000000000110000010000101000000111001000000000000000100010000000000001000010100000000000100010000011100000100001000010000000010000000100110000000000010000010010100000011000000101000000100000010010100010010000000100100000100000010000001100000100000111000000000000001110010000010010100000000000000101000110000000001001100001010001100010000000001010000001000000001000001011000000,a97f6c5d9fe5d0496c6062a43fc56ae702b7ebccca434cb421dce043a99fe5b3,row_sparsity,row_sparsity|conj|2c5e43f84a|rng=MT19937-RandomState,,3,3,1,uniform,1;2;3,0.3333333333333333;0.3333333333333333;0.3333333333333333,0.000677785836160183,7.154233753681183e-05,0.0011007636785507202,0.0009792186319828033,0.0113463643938303,0.014182892628014088,0.0028293104842305183,24,969,1,6,SAT_unsat_identifiable,1,boolean_factorization,exclude_x,exclude_x,0,1026,4212,0,1,1,0,0,0,0,1,1,1,0,0,0.00747327134013176
4,50,10,100,3696641487,32,conj,glucose42,MT19937-RandomState,0.000596790574491024,00000001100100000000000000000100100010010100000100010000101000000011000000010010000100110010001100001000100100000000010001000100100010110000000100000010010100000110000001000000010000000100111100001000000011000000000001000000100001001001000000101000000010000001000010000100110001000100000000000101010000000000101000000010011000000010000000110010000001010000000000000001010010000000000000010000100010000000000001100001000100000010000000001000100100001001010000000001000100100000001100001001100010000000,70aceaf9ea149f3db83901b9269a57ab3e79f47975de7683ae8055db4d31a809,row_sparsity,row_sparsity|conj|2c5e43f84a|rng=MT19937-RandomState,,3,3,1,uniform,1;2;3,0.3333333333333333;0.3333333333333333;0.3333333333333333,0.0006142444908618927,8.812639862298965e-05,0.000940064899623394,0.0009719729423522949,0.005195111036300659,0.007817394100129604,0.0026144087314605713,20,880,1,6,SAT_unsat_identifiable,1,boolean_factorization,exclude_x,exclude_x,0,880,3515,0,1,1,0,0,0,0,1,1,1,0,0,0.006870935671031475
4,50,10,100,3696641487,33,conj,glucose42,MT19937-RandomState,0.0006083594635128975,00000001101000110000000001000000000000010100000000000000000100010000000000010000000000001000000000100000000100000010000000100000010100010000010011000000000001000000100000011000010000000001000001101000000001110000000010000001010010000000010000100010001100000010000101001001100000000000000010000000010000000100000000011001010001000000100010000000010000000100010100100000000001010001100000000010110000000100100100100001000001000000001000000000010000000000000011010010010000000010000000001000000010000011,35a3edef648e13ad949ef959d3ff5792a3c73c0e18954fe3cdf8ebe3a372a04c,row_sparsity,row_sparsity|conj|2c5e43f84a|rng=MT19937-RandomState,,3,3,1,uniform,1;2;3,0.3333333333333333;0.3333333333333333;0.3333333333333333,0.000453021377325058,5.3443945944309235e-05,0.0,0.0,0.0,0.0005110222846269608,0.0005064653232693672,10,1024,1,4,identity_submatrix_identifiable,0,,,exclude_x,0,0,0,1,0,1,0,0,0,0,1,1,1,1,0,0.005539804697036743
4,50,10,100,3696641487,34,conj,glucose42,MT19937-RandomState,0.0005878424271941185,00000001010000000100100001100000001000000100110000100011000010000100000010100000100000000000111000000000011010100000000011001000000000001000011000001000000010001001000100100000100001000000000000111000001000100100010000000100000000000101100001100000000001001001010001000000000000100100100000101000100000000001000001000000010000010000000101001010001000000011001001000001000000000011100100001000100100011000010000000010100000001100000010000100100000100001000000000100000001000000100000000000011000010000,a13543e9bf8c550aad3a3ea866c6dc467d4ace438b5cf602bcffea914e6e2f42,row_sparsity,row_sparsity|conj|2c5e43f84a|rng=MT19937-RandomState,,3,3,1,uniform,1;2;3,0.3333333333333333;0.3333333333333333;0.3333333333333333,0.0006374157965183258,6.398186087608337e-05,0.000942472368478775,0.0009796498343348503,0.0053935665637254715,0.008024146780371666,0.0026235198602080345,20,982,1,6,SAT_unsat_identifiable,1,boolean_factorization,exclude_x,exclude_x,0,850,3482,0,1,1,0,0,0,0,1,1,1,0,0,0.013793660327792168
4,50,10,100,3696641487,35,conj,glucose42,MT19937-RandomState,0.0006114523857831955,00000001000110100000011000000001001000000000101001000010011000000100000000001000000000100000000100001100000010100000000001000010100010000000000001100010000000001001010000100000000000000010000000000101000010000000000000010100000110100010000010001000100000000100010000000000001000010000010000000010001111000000010000000001110010000000001000110000001100100000000000011100000000000100100100000000011010001110000000001000101000001011000100000000001110000001100000010010000000000011010001001000010001001000,07f9aacd103849434c07c2e7aa2901e056cca4a497666d05407dbdaa35567c0f,row_sparsity,row_sparsity|conj|2c5e43f84a|rng=MT19937-RandomState,,3,3,1,uniform,1;2;3,0.3333333333333333;0.3333333333333333;0.3333333333333333,0.0005975356325507164,6.390176713466644e-05,0.0009114621207118034,0.0009648418053984642,0.00535188615322113,0.00789681077003479,0.0025377413257956505,19,838,1,6,SAT_unsat_identifiable,1,boolean_factorization,exclude_x,exclude_x,0,851,3349,0,1,1,0,0,0,0,1,1,1,0,0,0.006559927947819233
4,50,10,100,3696641487,36,conj,glucose42,MT19937-RandomState,0.0006041349843144417,00000001000000000010000010000000000001010000001000000110010000000000010001000011001000000000010100001000000101100100000000011000000000100100001000101000010100000000110000111000000000001000001000101000000001000000001100000010000000010000001000000001011100000000000000100001011000000101000000000010000000100001000100000000000100100001000100010000010000000001001000000000100010001000100100000000001101001000010000000000001000000110100100100000110000000000001000001010100000100000100000100000100000000101,6c7b6545191415430d5e947d4bcc932db8f8648642cd5cc11becf70320a93468,row_sparsity,row_sparsity|conj|2c5e43f84a|rng=MT19937-RandomState,,3,3,1,uniform,1;2;3,0.3333333333333333;0.3333333333333333;0.3333333333333333,0.000575716607272625,6.59385696053505e-05,0.0009110989049077034,0.0009843790903687477,0.00472782738506794,0.007272295653820038,0.0025371331721544266,19,994,1,6,SAT_unsat_identifiable,1,boolean_factorization,exclude_x,exclude_x,0,791,3283,0,1,1,0,0,0,0,1,1,1,0,0,0.007018116302788258
4,50,10,100,3696641487,37,conj,glucose42,MT19937-RandomState,0.0005992529913783073,01010000000010000101000100000000000100000011010000000000100001000000000000100000100000001010010000001001000000010101000011000000011000001010000000110010000000001010000001000000100000000000010000000010000001001001010001000000000010000001000000000000010011000000000010000000110100000001100000100000000001100100000010000001000010100010000010001000000000010000000000000000011000000000001000110000000000010000001000011001000000000110000000000001010000010001000000100000000010000001000000000010000101001000,b6c5a9d3ff8372413bb0dab83e38943ffe3896916d55ac73f2c856f38d0a1e87,row_sparsity,row_sparsity|conj|2c5e43f84a|rng=MT19937-RandomState,,3,3,1,uniform,1;2;3,0.3333333333333333;0.3333333333333333;0.3333333333333333,0.0005067866295576096,5.770847201347351e-05,0.0007553957402706146,0.0009740451350808144,0.0041498299688100815,0.006449639797210693,0.002293935976922512,15,872,1,6,SAT_unsat_identifiable,1,boolean_factorization,exclude_x,exclude_x,0,635,2575,0,1,1,0,0,0,0,1,1,1,0,0,0.00604790635406971
4,50,10,100,3696641487,38,conj,glucose42,MT19937-RandomState,0.0006070109084248543,00001000000001000000000100000000110100000000001000100000000000110010000010100000000001000110000000100001000000100000000001100100001000000110010000011000001110000101000000110000010000100000000000100000000001000100100100000100000000000000100000001001100000010000001100100001100100000000001010001000000100000011010000100100000001000001000000000100000100100001000011000100000000100000000000010001100100000101000100001001100000001011000101000100000000100000000001000001010000000100100110000100100001000000,99d94807fc55fbc8dcf817dd60ba969aa979b54fb4a27421cfa59217c34eb1a6,row_sparsity,row_sparsity|conj|2c5e43f84a|rng=MT19937-RandomState,,3,3,1,uniform,1;2;3,0.3333333333333333;0.3333333333333333;0.3333333333333333,0.0005566040053963661,5.709286779165268e-05,0.0007945196703076363,0.0009762560948729515,0.004702378995716572,0.007093006744980812,0.0023844726383686066,16,874,1,6,SAT_unsat_identifiable,1,boolean_factorization,exclude_x,exclude_x,0,684,2763,0,1,1,0,0,0,0,1,1,1,0,0,0.006308942101895809
4,50,10,100,3696641487,39,conj,glucose42,MT19937-RandomState,0.0006139371544122696,10000000000010000001001100000100000010110100000010001000000001000000000000110100000100000000000010000101000000100010010000000000100100000000010000110000000100110001000000000100000000000000010001000000100010000111000001001001000001010100000000001001100101001000000000110100001000110000101000000100011001010001000010000000100000000000000110000000001010000001000101001000001010000000100100100001011000001000000000010000100100010000000000001100001000110000000010000011000001000100000000000101000010100100,4e4a4debba5875923ee6b569f8fa754099cdb7f79dcfc746a34aff4fe25b8bf6,row_sparsity,row_sparsity|conj|2c5e43f84a|rng=MT19937-RandomState,,3,3,1,uniform,1;2;3,0.3333333333333333;0.3333333333333333;0.3333333333333333,0.0006644558161497116,6.713997572660446e-05,0.0010279081761837006,0.0009844424203038216,0.006165927276015282,0.00891692005097866,0.002743946388363838,22,898,1,6,SAT_unsat_identifiable,1,boolean_factorization,exclude_x,exclude_x,0,978,3891,0,1,1,0,0,0,0,1,1,1,0,0,0.007036159746348858
4,50,10,100,3696641487,40,conj,glucose42,MT19937-RandomState,0.0006156982854008675,00110000100000110000100010000011100000000010001010000100000000011000100110000001000000100100000100000001000010000010010000001000010000000001001000101011000000001000001010000001100101000010010000000001000000000111100000000000011000100000000001010000001000010100000000011100000100100000001000001100000001000010100000101010000101000000001011001000000000001000000000010000000001000000001001010001100100000001010000000000110101110000000000011000001100010001000100100010000000100000000000100010100000001100,feeb0a0287cd661cfd120c98fb245ebe9e3ec33d696e3c9150ce0d6133dd40d1,row_sparsity,row_sparsity|conj|2c5e43f84a|rng=MT19937-RandomState,,3,3,1,uniform,1;2;3,0.3333333333333333;0.3333333333333333;0.3333333333333333,0.0007069520652294159,8.045881986618042e-05,0.0012623211368918419,0.0009899688884615898,0.008015669882297516,0.011063911020755768,0.003039700910449028,28,892,1,6,SAT_unsat_identifiable,1,boolean_factorization,exclude_x,exclude_x,0,1262,5008,0,1,1,0,0,0,0,1,1,1,0,0,0.007862216793000698
4,50,10,100,3696641487,41,conj,glucose42,MT19937-RandomState,0.0006124470382928848,00000001101100100000011000000000000010001000101000000000010111000000100000010011100000000000000000010101000010000100010001000010010110000100000100000010000100010001001000000111000000001010001000000101000000000101000000000001000001101001000001001000000011000000000000001000100100100000001000000011100010000100100010000000000000100001000001100000100000101000000000100000000100000100000001000001001100000101100000010100100001000001000100000101011010000001000000000110000001001010000000000101000000100001,041f161e62852fcac09c469d596665bafad86bf38e3a2d8ae48c9244e2520311,row_sparsity,row_sparsity|conj|2c5e43f84a|rng=MT19937-RandomState,,3,3,1,uniform,1;2;3,0.3333333333333333;0.3333333333333333;0.3333333333333333,0.000690314918756485,5.749799311161041e-05,0.0007158424705266953,0.0009715026244521141,0.004731711931526661,0.007173127494752407,0.0024351580068469048,14,1008,1,6,SAT_unsat_identifiable,1,boolean_factorization,exclude_x,exclude_x,0,556,2354,0,1,1,0,0,0,0,1,1,1,0,0,0.006211098283529282
4,50,10,100,3696641487,42,conj,glucose42,MT19937-RandomState,0.0006043510511517525,00010000100010000000000101000000010000111000001001010000110000100001010001000000010000010000101000000000000010000000000100101010000000110100000010000000000001000000000001010000010000000000100000010010000000100010010000001011000000000001001000000000010000001100011010000010000000010000000010010000011001100000010011000000010001000000100001100010000000011000000101010000101001001000000000100100010000000100001100000001001001000000111010000000010010000101000100000011000001000000000100000000010001010100,ce447ea1701c0f26ddae281beb0e52ed0f15a2f8357b8ad042d00c2c873dc443,row_sparsity,row_sparsity|conj|2c5e43f84a|rng=MT19937-RandomState,,3,3,1,uniform,1;2;3,0.3333333333333333;0.3333333333333333;0.3333333333333333,0.0005803480744361877,6.846804171800613e-05,0.0009437799453735352,0.0009863609448075294,0.005628667771816254,0.00821527186781168,0.0025789570063352585,20,882,1,6,SAT_unsat_identifiable,1,boolean_factorization,exclude_x,exclude_x,0,870,3504,0,1,1,0,0,0,0,1,1,1,0,0,0.006934641860425472
4,50,10,100,3696641487,43,conj,glucose42,MT19937-RandomState,0.0006238967180252075,01000001000000100000000000101100000001000000001010000000011000100000000010001010000000010000100010001000000000001100000001000001100010000010100001010000010010000000001010001000010100001000001000000001000100000000100000010000000011100000001000000100100000010000000100010000000001110101000100000101001000000100001001001000000000001100000010000001010000010000001001000011001000100000100010000001000000000000100001000010000000000010000011100000100000000010000010001000000011000001000110001001001000001000,4666dbd261e90889746b91a48d28c85c305e260b7203621a57dee34131f6dd6d,row_sparsity,row_sparsity|conj|2c5e43f84a|rng=MT19937-RandomState,,3,3,1,uniform,1;2;3,0.3333333333333333;0.3333333333333333;0.3333333333333333,0.0006818026304244995,6.371457129716873e-05,0.0009058117866516113,0.0009690085425972939,0.012759694829583168,0.015388472937047482,0.0026203375309705734,19,1004,1,6,SAT_unsat_identifiable,1,boolean_factorization,exclude_x,exclude_x,0,761,3250,0,1,1,0,0,0,0,1,1,1,0,0,0.007013281807303429
4,50,10,100,3696641487,44,conj,glucose42,MT19937-RandomState,0.0006048008799552917,11000001000110000001001001001000100011000000101000011000010001001100000000100100011100000000000001001001010000100000000001000100000010000001000001010010000000000000011001010010010000000001000000110100010000001000100000000010101000100000000010010000000000100000001000010000000110010000000001000000100001000000001000000000100001010000000001001100010000000100000000001110000000001000001100001000001000001000010000000010000000010000011000010000000001000101000000000100010001010000000010000010000100100010,e970c94715c3b4f01ca9231db01ecb0564ce96fa138a9c839e4fd109124843c6,row_sparsity,row_sparsity|conj|2c5e43f84a|rng=MT19937-RandomState,,3,3,1,uniform,1;2;3,0.3333333333333333;0.3333333333333333;0.3333333333333333,0.0006095925346016884,5.951058119535446e-05,0.0007929271087050438,0.000992942601442337,0.0049779051914811134,0.007439606823027134,0.0024549728259444237,16,852,1,6,SAT_unsat_identifiable,1,boolean_factorization,exclude_x,exclude_x,0,674,2752,0,1,1,0,0,0,0,1,1,1,0,0,0.00625140406191349
4,50,10,100,3696641487,45,conj,glucose42,MT19937-RandomState,0.0006150491535663605,00010100010100010100000010011001000000000101000000000010000000000010000000001010000100011010000010000001000000100001000000010110000000010000000001011000010100010001010001000001000000000001000010100000000000100001000010001100000000000000010010000000001000001000000001000000100010000000100010000001000000010000000000010010000001000000000000010010000100000001000000001000010010001000001000110000010000110000000100001000000000010010001100100000010000000000000100000000000110000000100000000000010000101000,9e7f65208d983f576d9f527ea0d9bc8600782b7959b3ae4a87ba40b2b05c6669,row_sparsity,row_sparsity|conj|2c5e43f84a|rng=MT19937-RandomState,,3,3,1,uniform,1;2;3,0.3333333333333333;0.3333333333333333;0.3333333333333333,0.0005325395613908768,5.6976452469825745e-05,0.0007151579484343529,0.0009736604988574982,0.005967256613075733,0.008252223953604698,0.0022783344611525536,14,1000,1,6,SAT_unsat_identifiable,1,boolean_factorization,exclude_x,exclude_x,0,566,2365,0,1,1,0,0,0,0,1,1,1,0,0,0.006195900961756706
4,50,10,100,3696641487,46,conj,glucose42,MT19937-RandomState,0.0006129192188382149,00000001000101000010011000010000011100000000010010101000001000000101000000000110000100100000001000000110001000000101000100001000000001001001010001000000001100000100000000000000000100100000000001000010000001000000000001000000010000011100000010100010001001000001000110000000000010000000000010000000111010000000100011001000000001001110010000001000000000100000000010000010000000010100000001000100000100000000101000100000100000001011000011000000100000001011000000000001000100000010010110100000000101000001,78e2e6e3eb3b81ca979fba400e501abb0f92f185ea8cac5ebefec9d655bedd41,row_sparsity,row_sparsity|conj|2c5e43f84a|rng=MT19937-RandomState,,3,3,1,uniform,1;2;3,0.3333333333333333;0.3333333333333333;0.3333333333333333,0.0006521698087453842,6.465800106525421e-05,0.000830906443297863,0.0009694797918200493,0.004378771409392357,0.006902335211634636,0.0025172140449285507,17,1019,1,6,SAT_unsat_identifiable,1,boolean_factorization,exclude_x,exclude_x,0,693,2907,0,1,1,0,0,0,0,1,1,1,0,0,0.00664825364947319
4,50,10,100,3696641487,47,conj,glucose42,MT19937-RandomState,0.0005982443690299988,01100000000000000111000100100110000001000000001000100000000000001001000100101000000100010000000110000110001000110100000000001000000000100000100001010010000100100100000000010000000000000100100001000010000100010110011000000011000010000000100000000000010000000010000000100000100000100010000000001000000000000110001000000001000010000000100010101000000010010010100010010100001000000110000000100001000010100001110000001000001000000010000000010000000100100000000100110001000000001100000100100001000000001000,a860a1af35fd27bbe483e1113fc720c326bcb4ef5edad1b7f7f63055cc37e29f,row_sparsity,row_sparsity|conj|2c5e43f84a|rng=MT19937-RandomState,,3,3,1,uniform,1;2;3,0.3333333333333333;0.3333333333333333;0.3333333333333333,0.000594540499150753,5.7297758758068085e-05,0.0007147127762436867,0.0009672213345766068,0.004717469215393066,0.007057384587824345,0.0023337723687291145,14,1000,1,6,SAT_unsat_identifiable,1,boolean_factorization,exclude_x,exclude_x,0,566,2365,0,1,1,0,0,0,0,1,1,1,0,0,0.0061832619830966
4,50,10,100,3696641487,48,conj,glucose42,MT19937-RandomState,0.0005895998328924179,00011000000100000001000001000010000000010001000110100110000000100000000000010010000001000110000000110010000000000000001000100001011000010001100010000101000000000000011100000010000000000001100010000000000000000101000000000010000101100100100011001000000000101100011000000000001000010000001000000110000000000000010010100001000000010000011000000000000010101000000011000010000010000011001010000101010000001000000000001000000001000001000111000000011000001000000001101000000000000100011010100000000000100000,e7f8f75baf97020f17b036534669f9d568dc390c43af41d052c73112752892da,row_sparsity,row_sparsity|conj|2c5e43f84a|rng=MT19937-RandomState,,3,3,1,uniform,1;2;3,0.3333333333333333;0.3333333333333333;0.3333333333333333,0.0005291905254125595,5.602836608886719e-05,0.0006758356466889381,0.0009653214365243912,0.004267117939889431,0.006499393843114376,0.002226375974714756,13,952,1,6,SAT_unsat_identifiable,1,boolean_factorization,exclude_x,exclude_x,0,537,2199,0,1,1,0,0,0,0,1,1,1,0,0,0.006002980284392834
4,50,10,100,3696641487,49,conj,glucose42,MT19937-RandomState,0.000605408102273941,00001000000110000000000000011100000000100011100000001000001000000010000001100010000000001000001100100000110001010001000000010000000000010011010101000001000000010100010001000000101001100000000100110000010001100001100000100000001000000000010000010000000011000010010000000000010110001010000000001000000010000000011000100000000101000011000000001000001000010000000000010000011100000100100100001010011000000000011000001100000001100001000000011000000010000100010000001010000010000000000110000000010100000000,137696d0a8fb5d9ba6f7d57ec1fdd80645c8874ba88ec5caf1c4af0fa0063184,row_sparsity,row_sparsity|conj|2c5e43f84a|rng=MT19937-RandomState,,3,3,1,uniform,1;2;3,0.3333333333333333;0.3333333333333333;0.3333333333333333,0.0006731487810611725,6.84540718793869e-05,0.0009439252316951752,0.000982619822025299,0.005280098877847195,0.007954582571983337,0.0026681479066610336,20,984,1,6,SAT_unsat_identifiable,1,boolean_factorization,exclude_x,exclude_x,0,840,3471,0,1,1,0,0,0,0,1,1,1,0,0,0.007027581334114075
4,50,10,100,3696641487,50,conj,glucose42,MT19937-RandomState,0.0006523597985506058,00000110000000010000000000101010000100000000000101000100000000100000000100000000110000000000000001011010010000000000010000110000010000000001001010000000101000100101000000000000101100000100001100010000100000011000001000001000000000000010000000100000110110000000000000010000000100101000000000001010000000101000100000000101000001000001001000010100001000011010000000000001010010000000000000001000000110010000100000000000100000000100000000001000000001000100010000010001000000000100000000001001000000001000,e1adec0063d0fa0c46c209edca1cbf0e8df501199887fd2334f6f68f32e8f568,row_sparsity,row_sparsity|conj|2c5e43f84a|rng=MT19937-RandomState,,3,3,1,uniform,1;2;3,0.3333333333333333;0.3333333333333333;0.3333333333333333,0.00046705082058906555,5.7025812566280365e-05,0.0,0.0,0.0,0.0005294186994433403,0.0005240766331553459,10,1024,1,4,identity_submatrix_identifiable,0,,,exclude_x,0,0,0,1,0,1,0,0,0,0,1,1,1,1,0,0.005676969885826111
4,50,10,100,3696641487,51,conj,glucose42,MT19937-RandomState,0.0006011603400111198,00000000101110000000001000011001100100001010000010001001000000100010000010000000010010010000100010000010001010110010000000100001000001000000010001000010011000000000000110000010000010100000000000000100001010000100000010000000000100000010001100000001001010000000100001100000000010000000011000100001000000100000001100001000010000100000000000111000000000001000001000000100000000000010000010010011000100001000000010000001010000000100000001000000000100010001100001000001000000101100000000011000100000001000,d92c3001474c6d36131e804cc03248163bcf102a624b99d3a2e92661d19f9b16,row_sparsity,row_sparsity|conj|2c5e43f84a|rng=MT19937-RandomState,,3,3,1,uniform,1;2;3,0.3333333333333333;0.3333333333333333;0.3333333333333333,0.0005731396377086639,5.7528726756572723e-05,0.0007906649261713028,0.0009826887398958206,0.004871934652328491,0.007282199338078499,0.00240402203053236,16,788,1,6,SAT_unsat_identifiable,1,boolean_factorization,exclude_x,exclude_x,0,694,2774,0,1,1,0,0,0,0,1,1,1,0,0,0.0061133913695812225
4,50,10,100,3696641487,52,conj,glucose42,MT19937-RandomState,0.0006015198305249214,00011000010001100010000101010000000000101000110000100001000000000100000001000001000000100000000010000001000000001000001100000000111100000010000000001010000001100000100100000010000100011010001100000000000010000101100010000100001100000010000010000000100000010100000000001001000010010000000100000001000000000010010000000100010000000001001000100100000011001010000000000010000001100100011000000000001000000001000010000100000011000001000101100000000010100000000000010001000000000010000000000000010000000001,2db757880f15d97d7faf663a53bf2dd2380eccaf0d88c187b40d89e111f337a3,row_sparsity,row_sparsity|conj|2c5e43f84a|rng=MT19937-RandomState,,3,3,1,uniform,1;2;3,0.3333333333333333;0.3333333333333333;0.3333333333333333,0.0005276473239064217,6.260816007852554e-05,0.0007104706019163132,0.000971485860645771,0.0038761449977755547,0.006154296919703484,0.0022722119465470314,14,880,1,6,SAT_unsat_identifiable,1,boolean_factorization,exclude_x,exclude_x,0,576,2376,0,1,1,0,0,0,0,1,1,1,0,0,0.00604013167321682
4,50,10,100,3696641487,53,conj,glucose42,MT19937-RandomState,0.000597863458096981,00001000011000101000000100011010010000100000011010000000001001100100000101001000001000000000000010000100000100000100000001100000101000000001001010000000000000101000100001010000000011001000000010100001010000110000001001010000001000000010001110100000100000000001100000001001000000010010000000110000010000100000000000000001000000110000001000100000001000100100000010001100000100000000000000100011000010000000000100000000001100010010000010000001001000000100000001010000001000011100000000001000100110001000,0e7d022f8c4530e9dcda2ec23df1ad4fb3ca89f6c638ee95491d40f5501e328b,row_sparsity,row_sparsity|conj|2c5e43f84a|rng=MT19937-RandomState,,3,3,1,uniform,1;2;3,0.3333333333333333;0.3333333333333333;0.3333333333333333,0.0006067268550395966,6.53248280286789e-05,0.0009428588673472404,0.0009746728464961052,0.005209371447563171,0.007806023582816124,0.002589583396911621,20,775,1,6,SAT_unsat_identifiable,1,boolean_factorization,exclude_x,exclude_x,0,880,3515,0,1,1,0,0,0,0,1,1,1,0,0,0.006649617105722427
4,50,10,100,3696641487,54,conj,glucose42,MT19937-RandomState,0.0005979351699352264,00001100100010000000010010000000010000010000100010000100001000000100000000001001101010000000110000010000010000000000100100001000101010000000001100000101011000001001000100001000100001000000100000100001010110000001000000000001000000100000000000000010010100001001000000001000000000100010000101000000100010010000000000000001000100000001000000001001000000001010001000001001000010001010001000100001000000000000000010001010000100100000100010000000001000010101100000000000100000010011000000001000010001010001,47df3d3daead78c9a45f8716870e72633b556ff3cb26fb5bc3271f7e384eb330,row_sparsity,row_sparsity|conj|2c5e43f84a|rng=MT19937-RandomState,,3,3,1,uniform,1;2;3,0.3333333333333333;0.3333333333333333;0.3333333333333333,0.0005033593624830246,6.286613643169403e-05,0.0006298460066318512,0.0009856810793280602,0.0037603704258799553,0.00594820361584425,0.00218175258487463,12,880,1,6,SAT_unsat_identifiable,1,boolean_factorization,exclude_x,exclude_x,0,498,2022,0,1,1,0,0,0,0,1,1,1,0,0,0.005691101774573326
4,50,10,100,3696641487,55,conj,glucose42,MT19937-RandomState,0.0005990266799926758,01000100010001000000000000001001001001000000000011100001100000010000001000110000100000000000000001000010010010000000100100000000100001011000000100100000000100011001000000010000001100010000000000011000000010000000000010100000011100000000001001000001000010000010010000000010000000100010011000011000000001000011000000010110100000000100100000001000000000001000000100000010000000010001000011001010001000000001000000000100100110000000101000000000010000110000001100011001001000100001001001000000000001010010,149be581270b6aa914d3d79773187be241c8668fe9fdc146f47ed7e3ebd80db7,row_sparsity,row_sparsity|conj|2c5e43f84a|rng=MT19937-RandomState,,3,3,1,uniform,1;2;3,0.3333333333333333;0.3333333333333333;0.3333333333333333,0.0006708642467856407,6.28158450126648e-05,0.0009439475834369659,0.0009787734597921371,0.011900017969310284,0.014564627781510353,0.0026564011350274086,20,958,1,6,SAT_unsat_identifiable,1,boolean_factorization,exclude_x,exclude_x,0,860,3493,0,1,1,0,0,0,0,1,1,1,0,0,0.006995748728513718
4,50,10,100,3696641487,56,conj,glucose42,MT19937-RandomState,0.0005988404154777527,10000000000000100010000000011110000000100100001001010000000100000100000000001100000100000000010110001000100001010010000000000011001011000000000000101100000001011010000010101001000000010001010010000011100000010000000001010001000000101000000011000000000010110000000000101000110010000001000000000000100000100010100100000000010000100100100000111000001000000000100010000000000000000010101000000010000010010010000000000100000100010000000000000001000100000000000000100011000000010000001100000001000010000000,31c492b4d4896553547d8185762469ab70bb71bdaf6a01e7f86ee1026993eaf9,row_sparsity,row_sparsity|conj|2c5e43f84a|rng=MT19937-RandomState,,3,3,1,uniform,1;2;3,0.3333333333333333;0.3333333333333333;0.3333333333333333,0.000542706809937954,5.807355046272278e-05,0.0006685629487037659,0.000983215868473053,0.004142074845731258,0.006401407532393932,0.0022525591775774956,13,952,1,6,SAT_unsat_identifiable,1,boolean_factorization,exclude_x,exclude_x,0,537,2199,0,1,1,0,0,0,0,1,1,1,0,0,0.006085528992116451
4,50,10,100,3696641487,57,conj,glucose42,MT19937-RandomState,0.0005933456122875214,00100000010100100010000100010000000000010011000000000011010000000000101000001001000100000010100001000000000010010100000000001100001001000001000001000010000000010000000100001000000000000100001000010001001000000000001000000000001000000000001001000100001000000000001000000000000000010100000110000110010001010000000000001011100011000000010000000011001000000000101000100010010000001000000101100010010000010000110000000000010001000011000100000000010010000000000000010110000001100000000000001000010100000010,68c9c1d96636144e928a889316f078c718a080e076f475d031e174b8856f5ad9,row_sparsity,row_sparsity|conj|2c5e43f84a|rng=MT19937-RandomState,,3,3,1,uniform,1;2;3,0.3333333333333333;0.3333333333333333;0.3333333333333333,0.0005022697150707245,5.190353840589523e-05,0.0,0.0,0.0,0.0005590589717030525,0.0005541732534766197,10,1024,1,4,identity_submatrix_identifiable,0,,,exclude_x,0,0,0,1,0,1,0,0,0,0,1,1,1,1,0,0.005608678795397282
4,50,10,100,3696641487,58,conj,glucose42,MT19937-RandomState,0.000584322027862072,10010000100100100000001000000100000110001000000000010000010110001000000000010000000000001010000000010010000000000100011001000000010100100000100010010000000000100010000000110000001000100100100000000100000011000001100000010110010000100000000000100000011010000001001000001100010000000000100110000010000100010001010000000010000001100000100001001000000000100010000100010000001101000000000100010000000010011101000000000000101010000010010010000010000000110000000110010001000110000010000001000000110000011010,e47cda9018a6e83c9762c5d6e320e4a009ef69fac47057d25ac42fc026b07288,row_sparsity,row_sparsity|conj|2c5e43f84a|rng=MT19937-RandomState,,3,3,1,uniform,1;2;3,0.3333333333333333;0.3333333333333333;0.3333333333333333,0.0006481148302555084,6.394088268280029e-05,0.0009436402469873428,0.0009930534288287163,0.012623654678463936,0.015280411578714848,0.002648749388754368,20,926,1,6,SAT_unsat_identifiable,1,boolean_factorization,exclude_x,exclude_x,0,850,3482,0,1,1,0,0,0,0,1,1,1,0,0,0.006911884993314743
4,50,10,100,3696641487,59,conj,glucose42,MT19937-RandomState,0.000594383105635643,00100010000010000000000000000101100001000100010010000100001100000001000100000100000000100100001100100000000001000000100001110000001000000100011001000000010000000000010001100000000010000100000000001000000010001000010010000100000000000000000100000100010010010000101000000011000100000000100100000100000011000000100010000011000000000100010000000010000000001010000010101000000010000000100000011000001000110010001000000000000100000000011000010000000001000011000010000011000000010010100010000010000000010000,7275d82607c8accb02b25ecbe431eb9c55879ba830a41561e6109ad9b1818178,row_sparsity,row_sparsity|conj|2c5e43f84a|rng=MT19937-RandomState,,3,3,1,uniform,1;2;3,0.3333333333333333;0.3333333333333333;0.3333333333333333,0.0005681365728378296,6.064586341381073e-05,0.0008287392556667328,0.0009844731539487839,0.004676817916333675,0.00712436530739069,0.002441994845867157,17,896,1,6,SAT_unsat_identifiable,1,boolean_factorization,exclude_x,exclude_x,0,743,2962,0,1,1,0,0,0,0,1,1,1,0,0,0.0064275190234184265
4,50,10,100,3696641487,60,conj,glucose42,MT19937-RandomState,0.0006651049479842186,00100101000000000110000100010100000100110000010011000010000110011000000000001000100000000100000010001000000001001001000110100001000000000100000001100000100000001000001000000000000100001100010001010000000101000000000011000001000100010100010000101010000000010100000000010000001000010010000010000010010000010100000000001000100000000000101000100001101000010100100000111000000000100000000001100001000010000100000000000000001100010100100000100011010001100010000100100000111000110000010000100000110000110000,b9674ca35ad09d3c478e78c25106ef8af707869571a1decd394b014c3e5f32fa,row_sparsity,row_sparsity|conj|2c5e43f84a|rng=MT19937-RandomState,,3,3,1,uniform,1;2;3,0.3333333333333333;0.3333333333333333;0.3333333333333333,0.0007401779294013977,7.407087832689285e-05,0.0010658977553248405,0.0009885476902127266,0.015810886397957802,0.018688536249101162,0.0028686942532658577,23,922,1,6,SAT_unsat_identifiable,1,boolean_factorization,exclude_x,exclude_x,0,1007,4057,0,1,1,0,0,0,0,1,1,1,0,0,0.007106739096343517
4,50,10,100,3696641487,61,conj,glucose42,MT19937-RandomState,0.0006039785221219063,00100000000000101000010000000000000100010000000100000100000000001101000000000110000000100100000100000001000100000000100001001010000100000010000010001110100000010110000100000010000000000001000000010000000010000001110000000001000000011000000000000011000010101000000001000010100000100000011000000010000000100001100000010101000000010000100000001001000000010000010000000100011000010010000010000000000100001000000110100000000000100000000010010000000100000000001000000001000000010000100000001110000000110000,bf80bbd6ebb07865a850bd357b84ce743f437a7f86e4bc3571501448e66798be,row_sparsity,row_sparsity|conj|2c5e43f84a|rng=MT19937-RandomState,,3,3,1,uniform,1;2;3,0.3333333333333333;0.3333333333333333;0.3333333333333333,0.0005347151309251785,5.938112735748291e-05,0.0007896469905972481,0.0009932564571499825,0.006097957491874695,0.008482374250888824,0.002376999706029892,16,898,1,6,SAT_unsat_identifiable,1,boolean_factorization,exclude_x,exclude_x,0,684,2763,0,1,1,0,0,0,0,1,1,1,0,0,0.006393308751285076
4,50,10,100,3696641487,62,conj,glucose42,MT19937-RandomState,0.0005995752289891243,10000100010010000100001001100000000100000000000100000010001100100100101000011000100100000000001000001100000000000001001000001100000001001000000000110001001010000000000010000010000110011000001000100000000000001001011000000000100000000000011100000010010001000001100000000001000010011110000000010000100000010000000000000010000001100110110000001000110000000100000000110000100010001010110000010001000010000101000001000010000001000100001000010100010010000100011001000000001000000001000010010001000000001000,613227348709011641dd90d03499dc35f26fc23d01217ae2fce8a8024cbcf394,row_sparsity,row_sparsity|conj|2c5e43f84a|rng=MT19937-RandomState,,3,3,1,uniform,1;2;3,0.3333333333333333;0.3333333333333333;0.3333333333333333,0.0007639601826667786,7.269158959388733e-05,0.0011388817802071571,0.0010054660961031914,0.008449145592749119,0.01143711619079113,0.0029809996485710144,25,903,1,6,SAT_unsat_identifiable,1,boolean_factorization,exclude_x,exclude_x,0,1115,4444,0,1,1,0,0,0,0,1,1,1,0,0,0.0074879322201013565
4,50,10,100,3696641487,63,conj,glucose42,MT19937-RandomState,0.0006034504622220993,00000001000000000100000000100000000101000000001001000000100001000000000011000100001000000000001000000011000001000010000000000010001000100001100000000101000000100000100000010000000010011000000000000100000000001010010000100000000001000010000100100000100000001100010000000000000001000000000001000001110000011010000100000000000010010001000000001000000001010001100011000100000000010010101000000000100000001100000000010000100100001001000100000000000110100000010000100000100000001000100100010000000010000000,5cd2f1e37338efc015ba653a3aaace79570d07d8a28d5fa8c140994129f3d212,row_sparsity,row_sparsity|conj|2c5e43f84a|rng=MT19937-RandomState,,3,3,1,uniform,1;2;3,0.3333333333333333;0.3333333333333333;0.3333333333333333,0.00048049818724393845,6.160233169794083e-05,0.0008240891620516777,0.0009796014055609703,0.0046655843034386635,0.007017342373728752,0.0023457910865545273,17,910,1,6,SAT_unsat_identifiable,1,boolean_factorization,exclude_x,exclude_x,0,723,2940,0,1,1,0,0,0,0,1,1,1,0,0,0.0065218862146139145
4,50,10,100,3696641487,64,conj,glucose42,MT19937-RandomState,0.0006019137799739838,00101000100010001000000000000100100000000000000100000000010000010100000010001000000100000000000000100000100100001001010000010001000000010110010101000000000001000000001000001010010001000010100000110000010100010000100000000010010010000000110001010010000000000100100010100001101000001010000001011000000001100000001000000000100001000000001011000110010000000100000001000000000100000001011000001010010000010100000000100001000000000100010110000000000101100001000000000000010000010011000000000100001000010001,b4b776b20ac7e09f947a822d5c76bfbc815ee18536f82a9a6c82c643e10ba08b,row_sparsity,row_sparsity|conj|2c5e43f84a|rng=MT19937-RandomState,,3,3,1,uniform,1;2;3,0.3333333333333333;0.3333333333333333;0.3333333333333333,0.0005757901817560196,5.7280994951725006e-05,0.0007186569273471832,0.000979783944785595,0.003969835117459297,0.0063077108934521675,0.0023315120488405228,14,964,1,6,SAT_unsat_identifiable,1,boolean_factorization,exclude_x,exclude_x,0,586,2387,0,1,1,0,0,0,0,1,1,1,0,0,0.0061439527198672295
4,50,10,100,3696641487,65,conj,glucose42,MT19937-RandomState,0.0005979277193546295,00000001000100000000001000000101011000000000000010010000000000101010000000100011001100000000100010000010001010100000000010010001000100010000001000001000000000010011010000000000001000010011001001000000001010100000000101001000000001100000011001000000000000100000000000110000100110000001000000010000001000000100000000001000000010000001010010000000011100010000000000010100100110100000000000000100010000010100001100101000000000001000010000011000000000001101001000000010000000000001000000010000110110000000,fda1eb17a45243cde3427b67cde7a5224bde22344c07b80ecb9afdc73368637b,row_sparsity,row_sparsity|conj|2c5e43f84a|rng=MT19937-RandomState,,3,3,1,uniform,1;2;3,0.3333333333333333;0.3333333333333333;0.3333333333333333,0.0005484530702233315,5.077756941318512e-05,0.0,0.0,0.0,0.0006030527874827385,0.0005992306396365166,10,1024,1,4,identity_submatrix_identifiable,0,,,exclude_x,0,0,0,1,0,1,0,0,0,0,1,1,1,1,0,0.0055913422256708145
4,50,10,100,3696641487,66,conj,glucose42,MT19937-RandomState,0.0005933837965130806,11010000000000000100000100000000000110000000000001100000010000000001000000100010100000000000001001010000110100000000000110000010000001000000000010110000010000000110100000001000001000100000010000000001000000010001100000000000011000000000010000000111000000000010000100010100000001010000000010000001000000000001110000001000001100000100000001010100001100000000000101000010100000100011000011000000000001000010000000000000000100001010100100000100100101000000100101001000001001000010000001100000100000001001,efab65f008854acdc06165525b4ae1f6abc4750596045978d9baf17aaae3a6ec,row_sparsity,row_sparsity|conj|2c5e43f84a|rng=MT19937-RandomState,,3,3,1,uniform,1;2;3,0.3333333333333333;0.3333333333333333;0.3333333333333333,0.0005075838416814804,5.448143929243088e-05,0.0006971266120672226,0.0009699845686554909,0.003683231770992279,0.005918305367231369,0.0022291764616966248,13,952,1,6,SAT_unsat_identifiable,1,boolean_factorization,exclude_x,exclude_x,0,537,2199,0,1,1,0,0,0,0,1,1,1,0,0,0.005982589907944202
4,50,10,100,3696641487,67,conj,glucose42,MT19937-RandomState,0.0005977991968393326,00010010001101000000100000001000000011000101000000000011000010000000000001000010000100110001000001000000100000000010001000100000000100000000000101000010010100000000000100010010010001000000010100000001000001000000001100010100001000110000100001000010010011000100000110100000000000100000010011000110010000001010001000011000000100000000001000000110000010010000000000000101100100101000010001100000001010000000000010000101001001000000100100000000100000000000110000000000000001100100001010000000010100100001,5b4fdbf7c85581eca07dcb29be7f05f984a06d79dc5ecc6b28cafb4e9e52f050,row_sparsity,row_sparsity|conj|2c5e43f84a|rng=MT19937-RandomState,,3,3,1,uniform,1;2;3,0.3333333333333333;0.3333333333333333;0.3333333333333333,0.0006445832550525665,5.648937076330185e-05,0.0007154727354645729,0.0009712446480989456,0.004599068313837051,0.006992349401116371,0.002387790009379387,14,1000,1,6,SAT_unsat_identifiable,1,boolean_factorization,exclude_x,exclude_x,0,566,2365,0,1,1,0,0,0,0,1,1,1,0,0,0.0061365896835923195
4,50,10,100,3696641487,68,conj,glucose42,MT19937-RandomState,0.000593661330640316,11000000000001000001010000000000000010000000000010001000000000110000000010000101100100000010000000000100010001010001000000000100000110000000100000001000001000000100000110000001000000000000100010010000000001000000010000000100010010000100001000000000100000001000000000101000001001001000000000001001001010100001000110000001000010100000100001001000001100000000001001000000110000010001011010000000100100010000000101010100000100100010011010000010001010001000110000000001000000010001000010001010000000001000,af6ca9b673787cec9346f3bfeea93a6515204cadd99ca7ec6177eb479e55c6c3,row_sparsity,row_sparsity|conj|2c5e43f84a|rng=MT19937-RandomState,,3,3,1,uniform,1;2;3,0.3333333333333333;0.3333333333333333;0.3333333333333333,0.0006560031324625015,6.0741789638996124e-05,0.0008695684373378754,0.0009726602584123611,0.0051188841462135315,0.007684346288442612,0.002558973617851734,18,956,1,6,SAT_unsat_identifiable,1,boolean_factorization,exclude_x,exclude_x,0,772,3128,0,1,1,0,0,0,0,1,1,1,0,0,0.006631593219935894
4,50,10,100,3696641487,69,conj,glucose42,MT19937-RandomState,0.000599944032728672,00001000000100010010000100000000000000100100010100000000010100100000100000100011010001000000000010010000001110010000000011000001000100000000010000000000010010010001001000000001000011100000000000010000000000010010100100000000110000000100000000000010100010000001000100000011000000001001000000000011000001000001000010000001000010000101000000110010001000000010100000011001000010001001001000000000010011000001000100000110000000000100001100000000000000001101100000011001000010010001100010000000101000101000,ade6b84955f929ee9fd393cc5ee3401d95dd490ed7ff76e459eeac1bc780cc4f,row_sparsity,row_sparsity|conj|2c5e43f84a|rng=MT19937-RandomState,,3,3,1,uniform,1;2;3,0.3333333333333333;0.3333333333333333;0.3333333333333333,0.0007135123014450073,6.488990038633347e-05,0.001024535857141018,0.000984341837465763,0.011968867853283882,0.014763244427740574,0.002787279896438122,22,966,1,6,SAT_unsat_identifiable,1,boolean_factorization,exclude_x,exclude_x,0,918,3825,0,1,1,0,0,0,0,1,1,1,0,0,0.007278354838490486
4,50,10,100,3696641487,70,conj,glucose42,MT19937-RandomState,0.0006532184779644012,00001110000000100000001100000100000001001100001000001000000110000000000010000011100000001110000100000000000111001101000000001000110101000000000001000011000001000000010000110000100001001010001000010001110000000000110000001000000101000010010000000000010000000100100100000001000000100000000010000000000100100101000100010000000100000000000010000110000001001001010000000001000000000100110100000000010100001001000010000000001100010000010010000100010001010000001000000000010010001000100001100001000000100100,5ea363e064ce0d94e05252e4dd388e21e4f02bb1712679a2cd2a85090158ea87,row_sparsity,row_sparsity|conj|2c5e43f84a|rng=MT19937-RandomState,,3,3,1,uniform,1;2;3,0.3333333333333333;0.3333333333333333;0.3333333333333333,0.0006470195949077606,6.581470370292664e-05,0.0009101880714297295,0.000981680117547512,0.005183259956538677,0.0077940793707966805,0.0026047024875879288,19,979,1,6,SAT_unsat_identifiable,1,boolean_factorization,exclude_x,exclude_x,0,791,3283,0,1,1,0,0,0,0,1,1,1,0,0,0.006899390369653702
4,50,10,100,3696641487,71,conj,glucose42,MT19937-RandomState,0.0006024083122611046,00000001000010001000001000000110000010001000000000000110010000001101000000001000010000100010000010100000011000001100000001000001100000000010000001000110000000000000001010010000100000000110011000000000000110001000100000010001000000001001001000010000000000010000100010000010010000100000001000000100100000000000010000100000101010000001000000001000010000001000001100010000000000000010110000010000001000000001001100000010000000000100100000001000000100000000000110100000000010100000000000100000000000100000,d32563e90ea397dd34eac467c23e374fb95f9f61b80c6b93d922660411e327a5,row_sparsity,row_sparsity|conj|2c5e43f84a|rng=MT19937-RandomState,,3,3,1,uniform,1;2;3,0.3333333333333333;0.3333333333333333;0.3333333333333333,0.00048045720905065536,5.1927752792835236e-05,0.0,0.0,0.0,0.0005365405231714249,0.0005323849618434906,10,1024,1,4,identity_submatrix_identifiable,0,,,exclude_x,0,0,0,1,0,1,0,0,0,0,1,1,1,1,0,0.005567179061472416
4,50,10,100,3696641487,72,conj,glucose42,MT19937-RandomState,0.0005780132487416267,10000000001000001000000000010000000010100010000000001010000110000010010001100100100010000000001000000000000100000010000001000100100010100000010100001000100010000100000000000110000001000100001000000000010000000001010001001000000011000100000100100000100010000011000011000000000100001001000000110000000000000001100001001010000000100100100101000001100100001000000010100000000000100000000010010000000001000000000100010100000100000010010010010000000000101100000010100100000011100010000000010011000001010000,adaac2f8382a100969a7fdae9fa0442450cfa3bd0d5b414802238a3f18b5c6fe,row_sparsity,row_sparsity|conj|2c5e43f84a|rng=MT19937-RandomState,,3,3,1,uniform,1;2;3,0.3333333333333333;0.3333333333333333;0.3333333333333333,0.000670640729367733,6.799586117267609e-05,0.0011338284239172935,0.0009711235761642456,0.008394678123295307,0.011244258843362331,0.0028435885906219482,25,909,1,6,SAT_unsat_identifiable,1,boolean_factorization,exclude_x,exclude_x,0,1105,4433,0,1,1,0,0,0,0,1,1,1,0,0,0.007480723783373833
4,50,10,100,3696641487,73,conj,glucose42,MT19937-RandomState,0.0006084227934479713,11100000000000000100000000001100010010000000001010000000001000010101000001100000000000010000100000001001000010000010100001110000000000010000000110000000000000111100100000000000001000100000000010000001001000000001010000100010000000010000000000000101010110010000000000010000100000010100000100001000100000000001000000000110001010000000001010001010000010010000000000101010000000010100001100000000010100100001001000100000000010000110001010001000000000100100000100000001001100010000000000000001000100000000,ffa257af76f492134f081db13fff5118d4040ef4e3f85b711e6e1307c7dd1136,row_sparsity,row_sparsity|conj|2c5e43f84a|rng=MT19937-RandomState,,3,3,1,uniform,1;2;3,0.3333333333333333;0.3333333333333333;0.3333333333333333,0.0005997857078909874,6.726942956447601e-05,0.0010619889944791794,0.0009695123881101608,0.008135748095810413,0.010840941220521927,0.0026985565200448036,23,909,1,6,SAT_unsat_identifiable,1,boolean_factorization,exclude_x,exclude_x,0,1007,4057,0,1,1,0,0,0,0,1,1,1,0,0,0.007153986021876335
4,50,10,100,3696641487,74,conj,glucose42,MT19937-RandomState,0.0005901623517274857,10000000000010100000001000000000011000000000000100000100000110000000000100100010001001000001000100010101000010100101000001010000000100010000000001100100001100000100010001000100000000000000100000010100000101000000010000001110000000000010000101000000000000010100011000000010001000000000000110000100001010100000000010000000000101000000001001000001011000100000001011000000100000001010010100000100010100000010010100000000000100001010100010000000010100100000010000000000000001001000001010000000010000010000,c10115209d3e974d7b1b278b5f5e873d7f0d2ec0c4794928472d9c7072f3bda1,row_sparsity,row_sparsity|conj|2c5e43f84a|rng=MT19937-RandomState,,3,3,1,uniform,1;2;3,0.3333333333333333;0.3333333333333333;0.3333333333333333,0.0006880322471261024,6.378814578056335e-05,0.0009490614756941795,0.0009913472458720207,0.005499281920492649,0.008198043331503868,0.002692229114472866,20,893,1,6,SAT_unsat_identifiable,1,boolean_factorization,exclude_x,exclude_x,0,850,3482,0,1,1,0,0,0,0,1,1,1,0,0,0.006683130748569965
4,50,10,100,3696641487,75,conj,glucose42,MT19937-RandomState,0.0005928436294198036,00100000010000100100000001000000110010000010001000010000000011100000001011000000010100010000000101000010000000000000100000100000000001010000000001100001010000000100000000000000000101000001000011000010000001100100100000000001100010000100010000001000000010100000010101000011000000001000001100000011001000010000001000000010001110000000000000010000000010100000110001000000000010100001001000110010000000100000000100000000000100000010000100110000100010000000000110011100000000100000000000000101000000001000,01e120fce6cf4f337693d8f1283f105f060ffce86b25d0a0b310bc61b9bd0012,row_sparsity,row_sparsity|conj|2c5e43f84a|rng=MT19937-RandomState,,3,3,1,uniform,1;2;3,0.3333333333333333;0.3333333333333333;0.3333333333333333,0.0005122330039739609,5.246233195066452e-05,0.0,0.0,0.0,0.0005692383274435997,0.0005646953359246254,10,1024,1,4,identity_submatrix_identifiable,0,,,exclude_x,0,0,0,1,0,1,0,0,0,0,1,1,1,1,0,0.005493693985044956
4,50,10,100,3696641487,76,conj,glucose42,MT19937-RandomState,0.0005702357739210129,00000001000001000011100000001100100000000000000110000000000100100101000000001000100000000110000000000100010001010000000000000010000000000001010000000101010001001000000000100000100000011001000000010000000011010000000000100001000000000110000001011000000000000001000100101000010001000000001011101000010000000100100001000000100000001010000001000000101100010101000000000100101000000000001000100000001100101100000000100000000100000011000001000000000100100100010000000100001010001000001100101000101000000000,88d129af7b6b3740e4eacef8f07eb6ebf220e350f0963edd279baafbfa255c6b,row_sparsity,row_sparsity|conj|2c5e43f84a|rng=MT19937-RandomState,,3,3,1,uniform,1;2;3,0.3333333333333333;0.3333333333333333;0.3333333333333333,0.0005812076851725578,6.153993308544159e-05,0.0007105106487870216,0.0009807106107473373,0.003756372258067131,0.00609708484262228,0.0023339688777923584,14,920,1,6,SAT_unsat_identifiable,1,boolean_factorization,exclude_x,exclude_x,0,596,2398,0,1,1,0,0,0,0,1,1,1,0,0,0.00596962682902813
4,50,10,100,3696641487,77,conj,glucose42,MT19937-RandomState,0.0005876133218407631,00101001000000000010001000000010001000010010001010000000010000101000010110000000000010000001000001100000001000000100000000000010000001000000100000000000000100010011001000000001010100100010000000001100010000100010001000000100010000000100000011001000000001000010000000010000001000101010100000001100001000000010110010010100100010100001000010010000010101000000101000110000100000010110001000000000001000001100010000000010001100000000110000001100000001110000001000000110000010001011000000001000000100000101,330bd233a0b2c01ccfa3dc5d12197e024b46a3bf7329f832471ae4f5e89b21df,row_sparsity,row_sparsity|conj|2c5e43f84a|rng=MT19937-RandomState,,3,3,1,uniform,1;2;3,0.3333333333333333;0.3333333333333333;0.3333333333333333,0.0006342437118291855,6.469059735536575e-05,0.0010298723354935646,0.0009593013674020767,0.007169201970100403,0.009863871149718761,0.0026881080120801926,22,894,1,6,SAT_unsat_identifiable,1,boolean_factorization,exclude_x,exclude_x,0,988,3902,0,1,1,0,0,0,0,1,1,1,0,0,0.006988214328885078
4,50,10,100,3696641487,78,conj,glucose42,MT19937-RandomState,0.0005896938964724541,00100000000000110100000000001010000000100000110000000001010001100000000100010001100000100000000000110000011000110001000000000100000100000000000001001110000000001000001000010100000100001000011001100000000010100100100001011010000010000110000110000010000000100100011000000000000001001000100000000101000010001100000000001000100100001000001000010000111000000100000100010001101100010000000100100101000101000000100000100110000000001000000000100100011000100000001101000000001000000001100101010000001000100100,23cfd9910b9bc17663282ce8b9e81f6ff69ebef4260f85b06a16fe3e6f79d689,row_sparsity,row_sparsity|conj|2c5e43f84a|rng=MT19937-RandomState,,3,3,1,uniform,1;2;3,0.3333333333333333;0.3333333333333333;0.3333333333333333,0.0006488366052508354,6.130896508693695e-05,0.0009081028401851654,0.0009669233113527298,0.005745996721088886,0.008337156847119331,0.0025851717218756676,19,962,1,6,SAT_unsat_identifiable,1,boolean_factorization,exclude_x,exclude_x,0,821,3316,0,1,1,0,0,0,0,1,1,1,0,0,0.006764618679881096
4,50,10,100,3696641487,79,conj,glucose42,MT19937-RandomState,0.0005875108763575554,00000000100000100110000000110000001000010101000001000001000000100000000000001100000010000010100001001001000000010000010000001000100001001000000000010000000100010010000000001100001000000010000000000001001000010011000001000000000010000100000100010000010100000000000101010000100000100000000011100010000001000100101000000000000001000000000101000001000001001101000000010000001000010100010000110010000100100100100010100000110010000000001000000000100000000010000000010001100010010000000110001001000001000000,726e1bda79e20b8abd4fa7e2a482dd6c1ea0283c3507662756ec396f316acdb5,row_sparsity,row_sparsity|conj|2c5e43f84a|rng=MT19937-RandomState,,3,3,1,uniform,1;2;3,0.3333333333333333;0.3333333333333333;0.3333333333333333,0.0005363170057535172,5.086231976747513e-05,0.0,0.0,0.0,0.0005911849439144135,0.0005871793255209923,10,1024,1,4,identity_submatrix_identifiable,0,,,exclude_x,0,0,0,1,0,1,0,0,0,0,1,1,1,1,0,0.005514918826520443
4,50,10,100,3696641487,80,conj,glucose42,MT19937-RandomState,0.0005576591938734055,10001000100000010000000000010000100100010100000000000011001001000001001101000000100100001000001110001000000001100000001110000000000000010010000100000100010010000010000100000000001000010000000100100000110100000000010000000001000010001000100000000010101000100001010001000000100000010001000000010000000000100010100100000000100100010000000010100000110000100000000000000010101000010000001010000000000001000000001010100000000011000001000100000000001000101011000010001001010000000011000100100100001100100000,27d96bf63b2529f56770c1a4d57b6b791e77f6f11a50b402963ae4a793840079,row_sparsity,row_sparsity|conj|2c5e43f84a|rng=MT19937-RandomState,,3,3,1,uniform,1;2;3,0.3333333333333333;0.3333333333333333;0.3333333333333333,0.0006626676768064499,6.893277168273926e-05,0.0010313717648386955,0.0009786412119865417,0.0065323589369654655,0.009280893951654434,0.0027416134253144264,22,908,1,6,SAT_unsat_identifiable,1,boolean_factorization,exclude_x,exclude_x,0,948,3858,0,1,1,0,0,0,0,1,1,1,0,0,0.007081447169184685
4,50,10,100,3696641487,81,conj,glucose42,MT19937-RandomState,0.0006023934110999107,00101000000001001100001000001000000000110000001000100000010000010000001000001000100000000010001000100101000100000001100000000000100011000001100000000010000010000000001000000100100100000000100000100110100100000001000000000001001001000000000100000000010000000001000110010000010000100001100010000010000100000000010000001000000010000001000100010000101000000000101000101000000000100010010000100001000001000100000000010100100011000000000001000011000110000101001000000110000000000101001000000000111001000100,f8863a6f69ff289152a5496dc49097319bcc7251ed5c552c1ebc6cb1a166e678,row_sparsity,row_sparsity|conj|2c5e43f84a|rng=MT19937-RandomState,,3,3,1,uniform,1;2;3,0.3333333333333333;0.3333333333333333;0.3333333333333333,0.00061001256108284,6.317254155874252e-05,0.0009084353223443031,0.0009762896224856377,0.005259622819721699,0.007824154570698738,0.0025579100474715233,19,803,1,6,SAT_unsat_identifiable,1,boolean_factorization,exclude_x,exclude_x,0,831,3327,0,1,1,0,0,0,0,1,1,1,0,0,0.006424948573112488
4,50,10,100,3696641487,82,conj,glucose42,MT19937-RandomState,0.0005913851782679558,00101100001000010000000001110000010000101001000001000100100000000000011001100000000000110000000010001000101000000000010000001000110000000010000000110000000110100001000100000000101101001000000010010100000011001000010000100001100100001000000001000000001000000001000100000000110000000000000001000010100010001100000000101001001000010001000001010100000001000100000000000100000011010000000010001001000000000000011100010000000110001000000000001010100011000000000001010100000100000001001010000000000010000100,1021b25b36fc4fbed8bfbcd55cedc6ed0896d81ef5f4fdd8156c77d6273ee630,row_sparsity,row_sparsity|conj|2c5e43f84a|rng=MT19937-RandomState,,3,3,1,uniform,1;2;3,0.3333333333333333;0.3333333333333333;0.3333333333333333,0.0006043342873454094,5.8994628489017487e-05,0.0007522040978074074,0.0009699705988168716,0.003927652724087238,0.0063191428780555725,0.002385503612458706,15,1006,1,6,SAT_unsat_identifiable,1,boolean_factorization,exclude_x,exclude_x,0,615,2553,0,1,1,0,0,0,0,1,1,1,0,0,0.006346064619719982
4,50,10,100,3696641487,83,conj,glucose42,MT19937-RandomState,0.0005943989381194115,00100000000000000001101000000011000000000100001000001001100000010000000000010000010000000010010100000000100001000001001000000110010000001100100000010100100000010000100100010010100000000010000110000000001000001100001000000100000011001010000000000100100111000000010000000101010000100110000000000000001000001010000100000000110000000100010110000110000001000000010101001000100000001000000110000000010000000100101000000011000100000000100011100000000000001010001000000000101010001010100000001110000000001000,a4030325c32594f5ced6ed90ba10ab656b03f935ec95b1c774ce61632a2f8693,row_sparsity,row_sparsity|conj|2c5e43f84a|rng=MT19937-RandomState,,3,3,1,uniform,1;2;3,0.3333333333333333;0.3333333333333333;0.3333333333333333,0.0005999663844704628,6.252340972423553e-05,0.0007870122790336609,0.0009569209069013596,0.004197358153760433,0.006609363481402397,0.0024064229801297188,16,930,1,6,SAT_unsat_identifiable,1,boolean_factorization,exclude_x,exclude_x,0,664,2741,0,1,1,0,0,0,0,1,1,1,0,0,0.006362424232065678
4,50,10,100,3696641487,84,conj,glucose42,MT19937-RandomState,0.000594249926507473,00100000000001100100100000000001010000000101010000000100000100010010000000100000000001000001100000010000100000000100000000010000000001000000100100000100000000010100010100000000010000000110000001000010000100000000010100100001000000000000100000000010000000001000100000010011000001000000010000011100000000010100010010010010000000100100000000100100000000100000000100010000011000001000000000001000000101100001110000000000001010100000001100000001000011000001100001000000001000000100001001000100000100000101,8113c48f1f5383386d5176f9941e9768e7aa4da1fd247badbac3f8323a731946,row_sparsity,row_sparsity|conj|2c5e43f84a|rng=MT19937-RandomState,,3,3,1,uniform,1;2;3,0.3333333333333333;0.3333333333333333;0.3333333333333333,0.000513395294547081,5.1390379667282104e-05,0.0,0.0,0.0,0.0005690352991223335,0.0005647856742143631,10,1024,1,4,identity_submatrix_identifiable,0,,,exclude_x,0,0,0,1,0,1,0,0,0,0,1,1,1,1,0,0.005602221004664898
4,50,10,100,3696641487,85,conj,glucose42,MT19937-RandomState,0.0005958490073680878,00000100000010010100001000100000000101000010000000000000000100001000001001000000011010000010000000000010001100010000000000000000100000110001100010000010010000011000000110010100000000100000110010000110000001000000001110000010001010000000010000011000000000101000001010001000000001000010100100000000010001100000000000001000000010100101000000010001000110000100000100010100000000001011011000000000000100000100000010001000001010000000101001000000101000010000000010000100000001001010010000001000000010100000,9984e552f6ad8ccea2b553d8f0f669261cde763947183d6eabc0a36bcb44ed8a,row_sparsity,row_sparsity|conj|2c5e43f84a|rng=MT19937-RandomState,,3,3,1,uniform,1;2;3,0.3333333333333333;0.3333333333333333;0.3333333333333333,0.0005983980372548103,5.7918019592761993e-05,0.0007703974843025208,0.0009724637493491173,0.004006096161901951,0.006411466747522354,0.0023991772904992104,15,1012,1,6,SAT_unsat_identifiable,1,boolean_factorization,exclude_x,exclude_x,0,605,2542,0,1,1,0,0,0,0,1,1,1,0,0,0.0062772361561656
4,50,10,100,3696641487,86,conj,glucose42,MT19937-RandomState,0.0005861623212695122,00000000110000010000000010100010000000010010000110010010000000000011000100000100000001000001000001010100001100101000010000100000110110000010100000100010000000000000000100000000101001010001000000000001100010000010000000000010001100101000001001000000100101001000000100001000001000000000000011000010000110010000001010001000000010000000101000000010100001000001000000110010000000000010010010100000001000010010100010000010000000000000110000001110000001000001001100001001000000010000010100001000010100001000,4bde12826788c99f47ab4015658c3a6acc1634784e9df7201fcb1b03562b59cf,row_sparsity,row_sparsity|conj|2c5e43f84a|rng=MT19937-RandomState,,3,3,1,uniform,1;2;3,0.3333333333333333;0.3333333333333333;0.3333333333333333,0.0006879754364490509,7.276143878698349e-05,0.001217953860759735,0.000957476906478405,0.013701679185032845,0.016644704155623913,0.0029361676424741745,27,894,1,6,SAT_unsat_identifiable,1,boolean_factorization,exclude_x,exclude_x,0,1193,4798,0,1,1,0,0,0,0,1,1,1,0,0,0.007638106122612953
4,50,10,100,3696641487,87,conj,glucose42,MT19937-RandomState,0.0005949847400188446,00000110001010000001100000100011000001000100010010000000010100000010000000100000001010001000000000010000000010000101000000000011001000000001100000000000110000100100010100000001100000010000100000000010000010010001011000001000010000010000100000000110100001100100010010000010000001000000100010000000001000001110000001000000000100000000000100000001000000011000000010010000100000001100001010000111000010000000000100000000000110010001000000100000001101000000000000100000001010100000010000010100100001010100,079280f32e17b6b37786efdb65b8cc2e56f7b2d099c1d0f6238a5e325ba694a6,row_sparsity,row_sparsity|conj|2c5e43f84a|rng=MT19937-RandomState,,3,3,1,uniform,1;2;3,0.3333333333333333;0.3333333333333333;0.3333333333333333,0.0006035733968019485,6.30384311079979e-05,0.000914362259209156,0.0009677186608314514,0.004782065749168396,0.007337514311075211,0.002548692747950554,19,908,1,6,SAT_unsat_identifiable,1,boolean_factorization,exclude_x,exclude_x,0,841,3338,0,1,1,0,0,0,0,1,1,1,0,0,0.00668447557836771
4,50,10,100,3696641487,88,conj,glucose42,MT19937-RandomState,0.000599762424826622,00011100001001000000001001000100000010001001000100100000110010001000000000100110011000100000000001100101000000101010000000001000000000100101010011000010100001000001001010000110000010000100000000001100000001100100100101001000010001010000000000000010000100100000001010100000100000101000000000000101000000000010010000000101010100001001001000001000000000100110000000000010000100000100100000100000100000001000000010000000100000001000000110001000100000001000101100000000010000000010000001000101000000010010,6aa68a946b78d364477efd652cd8a8b19d8dfd791a78c0a82363f70852c12523,row_sparsity,row_sparsity|conj|2c5e43f84a|rng=MT19937-RandomState,,3,3,1,uniform,1;2;3,0.3333333333333333;0.3333333333333333;0.3333333333333333,0.0007498506456613541,6.888434290885925e-05,0.0011612260714173317,0.0009809313341975212,0.011224242858588696,0.014192921109497547,0.0029608923941850662,25,897,1,6,SAT_unsat_identifiable,1,boolean_factorization,exclude_x,exclude_x,0,1085,4411,0,1,1,0,0,0,0,1,1,1,0,0,0.007452522404491901
4,50,10,100,3696641487,89,conj,glucose42,MT19937-RandomState,0.0006026169285178185,00000000010000100101010011000010010000010111000000000100000000000001100011010000100000000000000010000001001000100000000001000000100000000100000000011000100000000000000100010000010100000010000010010100000000010000000000100101000001001001001010000000000000001010000000101000100000000000011000000100000100101010000100010000000010110010101000000000001000010000000100000001010010000010000000001000000001000000010010000000100100000000100000100100010000010000000001000100101000010000010000000001001000000001,f530038021ad075bbfe715b4f7c73a6f55369399d4194f900b7dc309b3239a57,row_sparsity,row_sparsity|conj|2c5e43f84a|rng=MT19937-RandomState,,3,3,1,uniform,1;2;3,0.3333333333333333;0.3333333333333333;0.3333333333333333,0.0005501285195350647,6.515532732009888e-05,0.0009897099807858467,0.0009811324998736382,0.005156237632036209,0.007749035023152828,0.0025861263275146484,21,877,1,6,SAT_unsat_identifiable,1,boolean_factorization,exclude_x,exclude_x,0,919,3692,0,1,1,0,0,0,0,1,1,1,0,0,0.0068381596356630325
4,50,10,100,3696641487,90,conj,glucose42,MT19937-RandomState,0.0005725715309381485,00010000001100000000000000110000000010000100000001110000001000000010001001000000000010000010000000100000100000001000001000000100000000010000100000000000000000100100000001000110001000010000010000000011100100010000110100001000001000000000010101010000000000001000000000001000100000000010000000110100000000000001000010010100100000011000001000000000100000000000011001000000010011000100001010000100000000010100000011000000000100000010000001000100001010001000110100000001100001000010000001000000010000010010,5e0a19b1282fdf4e5dd523c0ba6019f98d75b812d5e329aba0ae4876858dcf47,row_sparsity,row_sparsity|conj|2c5e43f84a|rng=MT19937-RandomState,,3,3,1,uniform,1;2;3,0.3333333333333333;0.3333333333333333;0.3333333333333333,0.0004977239295840263,5.868356674909592e-05,0.0006335899233818054,0.000988922081887722,0.0035465098917484283,0.005732199177145958,0.0021789195016026497,12,960,1,6,SAT_unsat_identifiable,1,boolean_factorization,exclude_x,exclude_x,0,478,2000,0,1,1,0,0,0,0,1,1,1,0,0,0.005946251563727856
4,50,10,100,3696641487,91,conj,glucose42,MT19937-RandomState,0.0006036423146724701,00010000000010000001001001100000001100000011010000001000110000000000111000000000010000110010001000100001000000000000010110000000010010000000100000000000000100000010011000000101000000000001000000100001001010000100000110000010000000000010000010000000110000000100100000011000100001001001000100001000000000010000100000011000000001000000010000001000000110000001000000010000000000000010000100000010000000000100000001010000110010000100000101010000110001000001000000001000000010000100000000000010000101001000,33e1062fd265bd65fe820de3321411e5e5ecf52c12af61c64af2013454f048dd,row_sparsity,row_sparsity|conj|2c5e43f84a|rng=MT19937-RandomState,,3,3,1,uniform,1;2;3,0.3333333333333333;0.3333333333333333;0.3333333333333333,0.000553501769900322,5.501043051481247e-05,0.0007546031847596169,0.0009847339242696762,0.0060414522886276245,0.008395525626838207,0.0023478493094444275,15,1016,1,6,SAT_unsat_identifiable,1,boolean_factorization,exclude_x,exclude_x,0,595,2531,0,1,1,0,0,0,0,1,1,1,0,0,0.006336843594908714
4,50,10,100,3696641487,92,conj,glucose42,MT19937-RandomState,0.000596233643591404,00101000000000000100000110000000000001000000000100001000010001010000000001000000001001000000000011000000011000100001000100000001000110010000000010010100100001000000011000010000110001010000001000000000000110010001010000000001000000000101000000010000000010100001000000000100001000000000000110000001000000000100000000000100000011010000000001100010100000001100010000101000000010100010000001010001001000000101000100010000000001000000110100000000000000001111000000000000110000110010000000010100100011001000,eac9a0e605e2b08d3e3453a2a1ea0d9da0b4a20ac372f8d02cdb25e60bc1d73c,row_sparsity,row_sparsity|conj|2c5e43f84a|rng=MT19937-RandomState,,3,3,1,uniform,1;2;3,0.3333333333333333;0.3333333333333333;0.3333333333333333,0.0005912147462368011,6.214436143636703e-05,0.0008495235815644264,0.0009813550859689713,0.005477504804730415,0.0079679936170578,0.002484237775206566,17,852,1,6,SAT_unsat_identifiable,1,boolean_factorization,exclude_x,exclude_x,0,723,2940,0,1,1,0,0,0,0,1,1,1,0,0,0.006235288456082344
4,50,10,100,3696641487,93,conj,glucose42,MT19937-RandomState,0.0006033852696418762,01001010001000110000010000001000001010010000000010100000010010001000000010100100000001010100000001100000010000000000011000000010000100000000100000000000011000010010011000011100000000100010000000011001001001000000010011000101010000000000010000101000000010100000001010000000000010000000001000000001000010000000010010000000000100010000000000010001000000001001000110100000000000001000110000100000000101100000100011000001011000000001001001000010010000100101010000000001100100001000010010000011000000000001,816b5cefe9a69f13a7c803239590f849b88c6f877e7b0b0db9972f0c113c0925,row_sparsity,row_sparsity|conj|2c5e43f84a|rng=MT19937-RandomState,,3,3,1,uniform,1;2;3,0.3333333333333333;0.3333333333333333;0.3333333333333333,0.0006279777735471725,6.151478737592697e-05,0.0007967986166477203,0.000986531376838684,0.004328779876232147,0.0068083107471466064,0.002472822554409504,16,980,1,6,SAT_unsat_identifiable,1,boolean_factorization,exclude_x,exclude_x,0,684,2763,0,1,1,0,0,0,0,1,1,1,0,0,0.006387608125805855
4,50,10,100,3696641487,94,conj,glucose42,MT19937-RandomState,0.000593339093029499,00001000100100000000000101100001000000000100100100000000100100000100100000100011000101000101000110000000100000001010000000100000000000000010000100010000000111000010010000010000100100000000011100100000001010010010000100000010000000100001100010001000100000000100001100000000000000100000000001100000010000010100100000100001000000010001000100000000000001100000100000000001010000001001000000001000011001000010000000000100000001000100000000001000001001001010100010000001000000000000001001000100000000000010,91483520577e173a57d7a097a60825324e2a8293df2da99f944db64fda12acca,row_sparsity,row_sparsity|conj|2c5e43f84a|rng=MT19937-RandomState,,3,3,1,uniform,1;2;3,0.3333333333333333;0.3333333333333333;0.3333333333333333,0.0005679205060005188,6.310082972049713e-05,0.0009121596813201904,0.0009680036455392838,0.0053373342379927635,0.007854972966015339,0.00251118466258049,19,968,1,6,SAT_unsat_identifiable,1,boolean_factorization,exclude_x,exclude_x,0,811,3305,0,1,1,0,0,0,0,1,1,1,0,0,0.006916135549545288
4,50,10,100,3696641487,95,conj,glucose42,MT19937-RandomState,0.0006095012649893761,10010000010000000100001001001000000011010000101000000100100101000000000100001000001000010100000001100000011000000000100001010000000010000000011000010000001000100110000010001010010000100000110101000000001000010101101000000000001000100000000000010100010000000010001100000000001110000011000001000101010000000010000010001100000100110000101010000000000101000000001100000010101000000000010001100000011000101010000000000000110010100000100110001000000100101000100000000000000110100010000000000100000001000000,4f697ddfe6c988b18a74d968f63a013bd5fd2abd901a7cf2d808079f306204c1,row_sparsity,row_sparsity|conj|2c5e43f84a|rng=MT19937-RandomState,,3,3,1,uniform,1;2;3,0.3333333333333333;0.3333333333333333;0.3333333333333333,0.0006868764758110046,6.166938692331314e-05,0.0009096954017877579,0.0009669158607721329,0.007152663543820381,0.00978438276797533,0.0026251571252942085,19,924,1,6,SAT_unsat_identifiable,1,boolean_factorization,exclude_x,exclude_x,0,821,3316,0,1,1,0,0,0,0,1,1,1,0,0,0.006720257923007011
4,50,10,100,3696641487,96,conj,glucose42,MT19937-RandomState,0.0005904650315642357,00100000011010000100000000001000101100000100000000100010000100001000110001001010010000001000001100010001100010000000001000001010100100000000100001000000010001100000000100011100000000000010100000101000100000011010000100100100001001000100001001000000000011000000000000011000010010001000000100001010100000000001000001010100000000101000001000100000010101001100000000000010000000010010010000000011000000010100000000001001000100000101001000000001000100100100010000100001000010000010010100000000100000100000,230970972fcad57a3cfad5779d697e13c5e04887332793c66bf9a5ea36d5a3e4,row_sparsity,row_sparsity|conj|2c5e43f84a|rng=MT19937-RandomState,,3,3,1,uniform,1;2;3,0.3333333333333333;0.3333333333333333;0.3333333333333333,0.0007042353972792625,7.084198296070099e-05,0.00114446971565485,0.0009779203683137894,0.005928331054747105,0.00883284118026495,0.002897467464208603,25,822,1,6,SAT_unsat_identifiable,1,boolean_factorization,exclude_x,exclude_x,0,1135,4466,0,1,1,0,0,0,0,1,1,1,0,0,0.007169380784034729
4,50,10,100,3696641487,97,conj,glucose42,MT19937-RandomState,0.0005921544507145882,00010001100100010000101000000010010001000010000000000010000001000000000010000000000000100100110000000100110000010000001100100101000001000000000010100101010000000101010000100100000000001100100010000000000011000100110000000000000100010001010000000001000000000001000001000000101000000000010000000010100000000010100100001000101000000000000010000011000001000100001101010000100001010000000100000100000000010010100001100001100000010110000010000000001011000000100110000000011100000000010110010000001000100100,d2cbd8d971c8f9614ee47d606d7281bbab5502769802f3549faba4575ed2eabc,row_sparsity,row_sparsity|conj|2c5e43f84a|rng=MT19937-RandomState,,3,3,1,uniform,1;2;3,0.3333333333333333;0.3333333333333333;0.3333333333333333,0.0006239768117666245,6.150361150503159e-05,0.0008734939619898796,0.0009813793003559113,0.004775913432240486,0.007321908138692379,0.002540353685617447,18,883,1,6,SAT_unsat_identifiable,1,boolean_factorization,exclude_x,exclude_x,0,792,3150,0,1,1,0,0,0,0,1,1,1,0,0,0.006558780558407307
4,50,10,100,3696641487,98,conj,glucose42,MT19937-RandomState,0.0006008762866258621,01000000001000000110100000110000000100000000001000110000000000000011001000001010010000010110001000100000100000000000010000000101000101000000101000000000000000100010000110000000000100010000000000100000010000000000000010000010011000000100000010000100100001010000101001000000000001000000000111000000100000100010000100000000000000001000001010000010000000000011100010000000000000000101101000000110000100000000100000001100000010000000100000100010000000110000101000100000000101101000000010000010001001000100,bdc344f84e853bd4f3858cd9afb68487b51022717df02cc18177a511a5bb6e6f,row_sparsity,row_sparsity|conj|2c5e43f84a|rng=MT19937-RandomState,,3,3,1,uniform,1;2;3,0.3333333333333333;0.3333333333333333;0.3333333333333333,0.0005172239616513252,5.3120777010917664e-05,0.0,0.0,0.0,0.0005746642127633095,0.0005703447386622429,10,1024,1,4,identity_submatrix_identifiable,0,,,exclude_x,0,0,0,1,0,1,0,0,0,0,1,1,1,1,0,0.005577434785664082
4,50,10,100,3696641487,99,conj,glucose42,MT19937-RandomState,0.0005974126979708672,00000000010010001010010010000000001000000100000000000001000000000011000000000001100000001000000100000100100100100000000001110000000000101000000010110010001000001000001001100011000000010000110101100000001000001000100010000000000001001000000000000110000010010001000000100000010000000100100010100000000000001010001000000001000000001000010000000100001000100001100000000010100001000010000000111001110000000001000000000010001000100001000010000100001010000111000010001001100000000010000000001000001000000000,2e6b0bd518e236cdb1f7a0193278eda76b9169869fe33ccb399d8c14d185b205,row_sparsity,row_sparsity|conj|2c5e43f84a|rng=MT19937-RandomState,,3,3,1,uniform,1;2;3,0.3333333333333333;0.3333333333333333;0.3333333333333333,0.000532839447259903,5.362555384635925e-05,0.0006382837891578674,0.0009613335132598877,0.003560248762369156,0.00575205497443676,0.0021860823035240173,12,928,1,6,SAT_unsat_identifiable,1,boolean_factorization,exclude_x,exclude_x,0,488,2011,0,1,1,0,0,0,0,1,1,1,0,0,0.005794014781713486
