schema_version,J,K,N,seed,sim,operator,solver_name,rng_engine,generation_time,q_bitstring,q_sha256,design,design_id,p,m_requested,m_effective,min_row_size_requested,row_size_distribution,row_size_support,row_size_probs,basis_time,identity_check_time,two_col_check_time,three_col_check_time,sat_time,algorithm_time,preprocess_time,J_basis,M_basis,identifiable,branch,branch_label,sat_called,sat_formulation,sat_cardinality_encoding,cardinality_encoding_requested,maximal_candidate_requested,sat_variables,sat_clauses,identity_original,not_complete_original,has_pure_node_original,no_pure_nodes_original,has_zero_row_original,two_col_violation_original,three_col_violation_original,two_column_pass_original,both_necessary_checks_pass_original,I_3c,identity_basis,two_col_violation_basis,diagnostics_time
4,50,10,100,1156917711,0,conj,glucose42,MT19937-RandomState,0.0006754891946911812,00001100000000000100000100010000010000011000110000000010010010000001011001000010100010000001000011000000000001000000011000000011000000000110001000000010000010000100001000001000100011000010000000010010100000100011010000000110010000001100010000000110000000100010000001100101010000010000000100000001001000000101100100000000001010100000110001000000100001010000000000100000000011000000100011000000001000000000001100100000100000010000000000010000000110100000000100110001001000001000010010000010010000011000,0da895cef3cc25260b25ea1b5874fe44c94dce6f01b58a76eb5f65d2ab721489,row_sparsity,row_sparsity|conj|2c5e43f84a|rng=MT19937-RandomState,,3,3,1,uniform,1;2;3,0.3333333333333333;0.3333333333333333;0.3333333333333333,0.0006540780887007713,9.245984256267548e-05,0.0010386602953076363,0.0010253172367811203,0.01661921665072441,0.01943732611835003,0.0028105154633522034,20,918,1,6,SAT_unsat_identifiable,1,boolean_factorization,exclude_x,exclude_x,0,840,3471,0,1,1,0,0,0,0,1,1,1,0,0,0.007040105760097504
4,50,10,100,1156917711,1,conj,glucose42,MT19937-RandomState,0.0006044134497642517,00010000000100000001001000010100001000101000000000100001000000000011000000000001000101000101000010000000000010000000001100100000000010010100100000101000000000010000100000001000000000000000010100010100000011000000100010001100000100000000000100000001001000110000001000100100101001001100000100100010010010010000101000000000000001101000001000110100000010000001010000001010000000010000110000001000000000101000000000100000000100000010000011000010000010000011000000100010000000001000000000000011000000000001,97073b34d7cec0c9acf373bcace3e4af40c1157e35593b1a3d966606edae5076,row_sparsity,row_sparsity|conj|2c5e43f84a|rng=MT19937-RandomState,,3,3,1,uniform,1;2;3,0.3333333333333333;0.3333333333333333;0.3333333333333333,0.0005126819014549255,5.9147365391254425e-05,0.0007627364248037338,0.0010024923831224442,0.00408379640430212,0.0064277853816747665,0.002337058074772358,14,984,1,6,SAT_unsat_identifiable,1,boolean_factorization,exclude_x,exclude_x,0,576,2376,0,1,1,0,0,0,0,1,1,1,0,0,0.006348372437059879
4,50,10,100,1156917711,2,conj,glucose42,MT19937-RandomState,0.0006016818806529045,00001100000100001100011001000000000010100000000001100000000000000101100100100000000000001000000100001000100000010000001000000110000100000000100000010000101000000000010100000000100000010011001100001000000100000010101000000000000001000000110000000110000010010100001000001110100100000000010001000101010010000110001000010000000000001000010101000100000101000100000000101100000010001100001000001100000001000000001000000001000001010100000110000100001001000000000100000000101100001000001000000100000010000000,5afb68a17b3ba8439023e4069268ab11c2de8f75fb569bc5ca313360b01dcad9,row_sparsity,row_sparsity|conj|2c5e43f84a|rng=MT19937-RandomState,,3,3,1,uniform,1;2;3,0.3333333333333333;0.3333333333333333;0.3333333333333333,0.000582532025873661,5.762465298175812e-05,0.0007349923253059387,0.0009808177128434181,0.0038053859025239944,0.006167568266391754,0.002355966717004776,14,1000,1,6,SAT_unsat_identifiable,1,boolean_factorization,exclude_x,exclude_x,0,566,2365,0,1,1,0,0,0,0,1,1,1,0,0,0.006301579996943474
4,50,10,100,1156917711,3,conj,glucose42,MT19937-RandomState,0.0005994020029902458,00000000101000001100000001000100001000001000000000000001000101100100000000011100001010000000000110000000100000011000001000001000010011001000100000000010000110001100010000000101100000000110011000100100000011010000110000000100010010000000110100000010100001000000000000100000010000000101000000000000110000101000010000000010010010001000000010010001000100000000010001010100000100000000000001010000001010010010010100000100000010100001000001001001000000100100010100000000000110100001000000000100001000000001,2c552f652ad9ceafd5dfa23257a9ea9c7b6aa5abdbb070d7b3930f2f30b4da56,row_sparsity,row_sparsity|conj|2c5e43f84a|rng=MT19937-RandomState,,3,3,1,uniform,1;2;3,0.3333333333333333;0.3333333333333333;0.3333333333333333,0.0006357021629810333,6.0306861996650696e-05,0.000896216370165348,0.0009893523529171944,0.004917743615806103,0.007505589164793491,0.0025815777480602264,18,946,1,6,SAT_unsat_identifiable,1,boolean_factorization,exclude_x,exclude_x,0,762,3117,0,1,1,0,0,0,0,1,1,1,0,0,0.006739911623299122
4,50,10,100,1156917711,4,conj,glucose42,MT19937-RandomState,0.0005991840735077858,00010001000111000000001110000000010001000000100000000001000001000010000110000100010000000000110010000100000011010000000001000100010011010000000000000100010001010001000010000011000001100100001010100000101000000000000010000010100001000010010100011000001000000010100000000000100010100000100000010000000001000100001000000000101000000000000010000010000100000011000010000000000010100000000000001000001001001000001001010000000000100100010000001011001010100001010001000000100110000010010100100001000010100000,40247b0aa3ca2c55c9a88566c7547c222ab4d724292f473fe9847a88a9ad7587,row_sparsity,row_sparsity|conj|2c5e43f84a|rng=MT19937-RandomState,,3,3,1,uniform,1;2;3,0.3333333333333333;0.3333333333333333;0.3333333333333333,0.0006096484139561653,6.354227662086487e-05,0.000980517826974392,0.0009750546887516975,0.005160769447684288,0.007795507088303566,0.0026287632063031197,20,907,1,6,SAT_unsat_identifiable,1,boolean_factorization,exclude_x,exclude_x,0,870,3504,0,1,1,0,0,0,0,1,1,1,0,0,0.006793281063437462
4,50,10,100,1156917711,5,conj,glucose42,MT19937-RandomState,0.0005995789542794228,00010100011000001000000000001010000100100100100000100001001010000010000001000000000001000101000010000110000010000000100000001000000010100001001100000100001001100000100000000100000010010000011000100000001001000010010000010000010000000011000100100000110000001000000100110001010010000000000100100010100001010000000000101100010001010000011010000010001000000000100000101000010101001000000000010100000111000000100011000000100010010000101001000000001000000000000001000000000001010100000000010100000000010000,993cebee381f923d5c711feb0f9ffdfb8f2643e9134368e6517c05af1e27dd9f,row_sparsity,row_sparsity|conj|2c5e43f84a|rng=MT19937-RandomState,,3,3,1,uniform,1;2;3,0.3333333333333333;0.3333333333333333;0.3333333333333333,0.0005338713526725769,5.8720819652080536e-05,0.0008602486923336983,0.0010026535019278526,0.004275668412446976,0.0067377155646681786,0.0024554943665862083,17,956,1,6,SAT_unsat_identifiable,1,boolean_factorization,exclude_x,exclude_x,0,713,2929,0,1,1,0,0,0,0,1,1,1,0,0,0.0067197419703006744
4,50,10,100,1156917711,6,conj,glucose42,MT19937-RandomState,0.0006115920841693878,00110000010000000111100000000000100000000001010000000000100000000001000000100100000000100110000010100100000000000000010010000000010010001001000000000100100110000001000100000100010101000010000100000000000000010100010100000100010010000100110000000001000001000011100000000001001100000100000001000001000100000100001100100000000001100000000001001000010000001100001010000001000000001000010000100110000000011100001000000000001000001000010110000010000000011100000100000000001000001000001010001010000011010000,ee923ec545631e8c94c4b0805862df64b5cd9e4a6b7bd3aeb53d9ee2ff7967a6,row_sparsity,row_sparsity|conj|2c5e43f84a|rng=MT19937-RandomState,,3,3,1,uniform,1;2;3,0.3333333333333333;0.3333333333333333;0.3333333333333333,0.0006099846214056015,6.266217678785324e-05,0.0008985931053757668,0.0009964443743228912,0.00475173257291317,0.007326316088438034,0.0025676842778921127,18,911,1,6,SAT_unsat_identifiable,1,boolean_factorization,exclude_x,exclude_x,0,782,3139,0,1,1,0,0,0,0,1,1,1,0,0,0.006718439981341362
4,50,10,100,1156917711,7,conj,glucose42,MT19937-RandomState,0.0006096074357628822,01000001000000001100000000000100100100100000000001010000000010000001000011000100001001000000000001000010100000001001010001010000010010100000000101000000001000000010100001010000011001100010000100110000000100110000100000010001001000010000000001011000000000011100000010010000000100011000000001000000110001000100000000010001000110001010100000010000010000000001101000100000001000000100110100000000001000000000000010000001001100000010000000001000000001001011000000010000001101010100000100110000100100000000,4b28d6d518d5c52cb9799a08aa50af715ac392f109332a3614ce0166a263dc94,row_sparsity,row_sparsity|conj|2c5e43f84a|rng=MT19937-RandomState,,3,3,1,uniform,1;2;3,0.3333333333333333;0.3333333333333333;0.3333333333333333,0.0005944892764091492,6.718188524246216e-05,0.0008979886770248413,0.0009952671825885773,0.004672124981880188,0.007233998738229275,0.00255492702126503,18,896,1,6,SAT_unsat_identifiable,1,boolean_factorization,exclude_x,exclude_x,0,782,3139,0,1,1,0,0,0,0,1,1,1,0,0,0.006618686951696873
4,50,10,100,1156917711,8,conj,glucose42,MT19937-RandomState,0.0005937386304140091,00011000010000010010100001001010000000100000010000000100000000001000010100000001000001000101000001000001000010000111000000001010000110000100000001001000010001000011000010000010000000000000010001000000011100000000000100000001000000000000110000010000010000000001001000010010000011000001101000000100000100011001000000000100100000000010000000000000000001001000101010010001001000000000000000100000000110000000100010010000101000001101000000000001000000001100001000001000000001000000001010001000100100100000,667d95ce6bb6d0d428a847ff977dfbf34afeee2afb2b488672f3bff4c748b1ff,row_sparsity,row_sparsity|conj|2c5e43f84a|rng=MT19937-RandomState,,3,3,1,uniform,1;2;3,0.3333333333333333;0.3333333333333333;0.3333333333333333,0.0005479920655488968,5.7792291045188904e-05,0.0008179126307368279,0.0009948452934622765,0.003944974392652512,0.006368216127157211,0.00241854228079319,16,872,1,6,SAT_unsat_identifiable,1,boolean_factorization,exclude_x,exclude_x,0,684,2763,0,1,1,0,0,0,0,1,1,1,0,0,0.006323602981865406
4,50,10,100,1156917711,9,conj,glucose42,MT19937-RandomState,0.0006142640486359596,00000101011000000010000010000000001000000000011000000100001000010000000100000101110000000101000000000001100010000000100000010100010101001000001000001001100000101000001100001000000000001000000000001000000010100000000100001001000001101000100000011001001000000000000000000100001000000000100001000100000010000000000010001100000101001000101100001000000000000001101000100010000000100100100000000000000100000000000100000100000000000000100100000100001000000001000001001110000000011000100011000000000000000011,599a7d575cfb487c60e92d6d97f22659cda462fcd37386736e93db7b6357653c,row_sparsity,row_sparsity|conj|2c5e43f84a|rng=MT19937-RandomState,,3,3,1,uniform,1;2;3,0.3333333333333333;0.3333333333333333;0.3333333333333333,0.0005132034420967102,5.232077091932297e-05,0.0,0.0,0.0,0.0005698921158909798,0.0005655242130160332,10,1024,1,4,identity_submatrix_identifiable,0,,,exclude_x,0,0,0,1,0,1,0,0,0,0,1,1,1,1,0,0.0057676248252391815
4,50,10,100,1156917711,10,conj,glucose42,MT19937-RandomState,0.0005875658243894577,00000010010001100001000010000101001000001000000010100000001000000011000000011000010000100000000001010100100000000000010011000010001000010001110000000000000000100001100010100000100100000101001000010001010001001000000010000110010000001000000100010001000001101000001000000010001000001101000000000010101000000000100010110000100001000100000001000010000000010000000010000000000000101000001000011010010001001100001000001100000000000100001000010010001010000111000010000010000001001000010000100000010010100010,fd4457e7da9c5b6748d8086cc9d8aa0bd21d086f2782de1784dc19ebe8c058fb,row_sparsity,row_sparsity|conj|2c5e43f84a|rng=MT19937-RandomState,,3,3,1,uniform,1;2;3,0.3333333333333333;0.3333333333333333;0.3333333333333333,0.0007098950445652008,7.236190140247345e-05,0.0010946495458483696,0.0010131066665053368,0.014641305431723595,0.01753824297338724,0.0028900131583213806,23,942,1,6,SAT_unsat_identifiable,1,boolean_factorization,exclude_x,exclude_x,0,997,4046,0,1,1,0,0,0,0,1,1,1,0,0,0.007268570363521576
4,50,10,100,1156917711,11,conj,glucose42,MT19937-RandomState,0.0006297659128904343,01000000010010100000001100000100001100001001000000100000100000100000000000000010000000001000001001100000000100000000000110000110000000010001001010000000000000100000000011100000101000000100000000101010011001000001100000000000000100001001100010000000000011000001001010000001000101000001000000000000100001100000000000000001001011000000000101101000000000000000100000000010101000100000000100000001000000011010010000100100010001000000001000010010000000001010000001000000100100000001000010000100010011100000,293a0841c1406b7646b7b6b192e42604bbc36481c586750ab4a0866de98b10ec,row_sparsity,row_sparsity|conj|2c5e43f84a|rng=MT19937-RandomState,,3,3,1,uniform,1;2;3,0.3333333333333333;0.3333333333333333;0.3333333333333333,0.0005422746762633324,5.761533975601196e-05,0.0007416615262627602,0.0009991824626922607,0.003918560221791267,0.00626496784389019,0.0023407340049743652,14,1000,1,6,SAT_unsat_identifiable,1,boolean_factorization,exclude_x,exclude_x,0,566,2365,0,1,1,0,0,0,0,1,1,1,0,0,0.0062796929851174355
4,50,10,100,1156917711,12,conj,glucose42,MT19937-RandomState,0.0005998937413096428,00101000000000001000010000000010100100000001000000011010000000000000101000000011100000000010000100010000100101000001011000110000100000001011000000000100001000001000000011000000000100000001001000000000000000001010000100101000000000000000100000000000100000110001000100000000000001000010101000100000000000000001000000000010000010000000000000010010100000000000000100011000100000000100000100000101000000001001100000010010010000001101001100100000010000000010010100000000000101000101000000010001001000000000,ed7c20910048c7892f195bb8ee88c7f168ecf7ff8347fe36c01592ce3631b2db,row_sparsity,row_sparsity|conj|2c5e43f84a|rng=MT19937-RandomState,,3,3,1,uniform,1;2;3,0.3333333333333333;0.3333333333333333;0.3333333333333333,0.0004902658984065056,5.990825593471527e-05,0.0008570272475481033,0.0009833471849560738,0.004289531148970127,0.006685079075396061,0.002390548586845398,17,828,1,6,SAT_unsat_identifiable,1,boolean_factorization,exclude_x,exclude_x,0,753,2973,0,1,1,0,0,0,0,1,1,1,0,0,0.006318636238574982
4,50,10,100,1156917711,13,conj,glucose42,MT19937-RandomState,0.0006043119356036186,00000101000000001010010001100011000000000001010000101000000000000000011000000000000010000000000110000000100101000100000000010010000010010010010010001001000000100000010001010100010010101000000010000110000100000100000000010011000000000000001000001010000101000000000100000010010010000001000000000000000111010000001010000000000100100010011000001000000000100000110000100000001010000100001001000100010001001100100000100000110000001000010101000100000001000010001100000001000000001000010001000000000000100000,466d4215c63ef2d28cec92b11f038cfafe5f06ad5e3e265da88ec588a268553a,row_sparsity,row_sparsity|conj|2c5e43f84a|rng=MT19937-RandomState,,3,3,1,uniform,1;2;3,0.3333333333333333;0.3333333333333333;0.3333333333333333,0.0006462577730417252,6.424542516469955e-05,0.0008534137159585953,0.0009889407083392143,0.005909434519708157,0.008467275649309158,0.0025528576225042343,17,968,1,6,SAT_unsat_identifiable,1,boolean_factorization,exclude_x,exclude_x,0,703,2918,0,1,1,0,0,0,0,1,1,1,0,0,0.006542755290865898
4,50,10,100,1156917711,14,conj,glucose42,MT19937-RandomState,0.0006042849272489548,11000000000010010100100000010001100010000010110000100000100000000011000001000000010100100000100000000001010000010001000011000000100011000000010000000000100000010001000000010001000101000100000000011001001100000011000100000000100000000010000000000000110000000100000011000100000101001100000001100001100000000010000010000010000101000000001000000000000010000110100000000011010000010010000000100000000010011101000000000010000100000000100000010000101000100000100010100101001000000100010000110100000100010010,6f6c334289d9c5f5efbd70fcae042cab22c94b50925f8178a9dd820163496cfd,row_sparsity,row_sparsity|conj|2c5e43f84a|rng=MT19937-RandomState,,3,3,1,uniform,1;2;3,0.3333333333333333;0.3333333333333333;0.3333333333333333,0.0006294185295701027,5.7921744883060455e-05,0.000860956497490406,0.0009990595281124115,0.00526626780629158,0.007818560115993023,0.0025473563000559807,17,944,1,6,SAT_unsat_identifiable,1,boolean_factorization,exclude_x,exclude_x,0,703,2918,0,1,1,0,0,0,0,1,1,1,0,0,0.0066342828795313835
4,50,10,100,1156917711,15,conj,glucose42,MT19937-RandomState,0.0005946345627307892,00010101001000000000000100010000100001000001100000000100000000100000000011000001000001001100000001101010000001000100101000001000011000000000100100000010100000010000101000010000000000011000100000100000010010000101000000001010010000001000000100000100000000100000000001100110000000000010001010000000101001001000001000000000000001000000100100011000010000000001000000001000001000010100000010010000000010000110100000000101010000000001000000000100001100100000000100011000011000010100100000100001000010001010,8478ca03e2270ef6430117a329acd1c33d38e998f35b8122dd362b05609f348e,row_sparsity,row_sparsity|conj|2c5e43f84a|rng=MT19937-RandomState,,3,3,1,uniform,1;2;3,0.3333333333333333;0.3333333333333333;0.3333333333333333,0.0005936967208981514,5.61615452170372e-05,0.0007743462920188904,0.0009728576987981796,0.005056407302618027,0.0074581606313586235,0.0023970622569322586,15,896,1,6,SAT_unsat_identifiable,1,boolean_factorization,exclude_x,exclude_x,0,625,2564,0,1,1,0,0,0,0,1,1,1,0,0,0.006169782020151615
4,50,10,100,1156917711,16,conj,glucose42,MT19937-RandomState,0.0005893046036362648,10010000010010000000000001000110000000000010000000000100000100100001000101010000000100000000010000000010001000010010000000001000000000000100000010000000010010001001000010000001000010001010000000010010010000110000001010010000001000000000001001100000010100000000010001010010000010001000000010000010000100000001000001000001100000010101000000000000000100100010010010000000000000100010001101000000000000010100001010000010110000010000000000100100000000010001000010001000000100100000000000010101001001001000,637efcfccd385f996c9a2e1a3b16b27819448753af75b0efccb9b3d239cfd8a8,row_sparsity,row_sparsity|conj|2c5e43f84a|rng=MT19937-RandomState,,3,3,1,uniform,1;2;3,0.3333333333333333;0.3333333333333333;0.3333333333333333,0.000530005432665348,5.256570875644684e-05,0.0,0.0,0.0,0.0005861828103661537,0.0005825711414217949,10,1024,1,4,identity_submatrix_identifiable,0,,,exclude_x,0,0,0,1,0,1,0,0,0,0,1,1,1,1,0,0.005666363053023815
4,50,10,100,1156917711,17,conj,glucose42,MT19937-RandomState,0.0005853865295648575,00000001000001100000010000000011000000000001100100010001000010010010001100000000000000001000100000010010001000000000010010001000000000011100010101000000001010000010000001000000100101000000100000000010000000010000100110000000001000000001000000000000010010001100000010000000000101000100010000001010000001010010000000100001000000000110001001000010100010000100000110000001000100010100100000010000100000000100000010000000101010000000000100001100000100000001000000001000000100000011000100001000000000001110,03779f9e9c311684f198728619d9ad40b873417025f09f48209ce3c519e4c268,row_sparsity,row_sparsity|conj|2c5e43f84a|rng=MT19937-RandomState,,3,3,1,uniform,1;2;3,0.3333333333333333;0.3333333333333333;0.3333333333333333,0.0005028201267123222,5.182623863220215e-05,0.0,0.0,0.0,0.0005580326542258263,0.0005546463653445244,10,1024,1,4,identity_submatrix_identifiable,0,,,exclude_x,0,0,0,1,0,1,0,0,0,0,1,1,1,1,0,0.0056517887860536575
4,50,10,100,1156917711,18,conj,glucose42,MT19937-RandomState,0.0005805334076285362,00000001001000000010001000100001000100001000001000001000100001000001000001000000101000001000001000010000000101000001000000001101001001000100000100001001000000000100001100001000000100100000000110000001000010000000001000001010000100110000010000000100100001000000000010000000100000000000001000100000000000001110000010001000000001110001000000000000100100000001010100000100010010000000001000000011000000001000000000100100000000001000100001001000010100000001100000100010100000010000000001000000001000000100,4459a9773c0adb2e6788d375b2c11d1815bf491830c1ea65549752540ba27c60,row_sparsity,row_sparsity|conj|2c5e43f84a|rng=MT19937-RandomState,,3,3,1,uniform,1;2;3,0.3333333333333333;0.3333333333333333;0.3333333333333333,0.0006112866103649139,5.827099084854126e-05,0.0008585797622799873,0.0009936308488249779,0.004926716908812523,0.007453824393451214,0.0025217682123184204,17,972,1,6,SAT_unsat_identifiable,1,boolean_factorization,exclude_x,exclude_x,0,693,2907,0,1,1,0,0,0,0,1,1,1,0,0,0.006655829958617687
4,50,10,100,1156917711,19,conj,glucose42,MT19937-RandomState,0.0005896976217627525,00000000010010100000001000110000010000010001000000101100000000010001100001000001100001000100110010000000110001010001000001100100000000000010000000011010000000010001001000000011100010010000100100010100000011100000101000000001001010100000010100000110000100000100110000000001000100000000000010001000100010000000000001100001000011000110100000001010000000100010100010000100101000101000000000010100000101001000101000000000100010000100000001100001000101000101000001000100000010001001010010000000000000010000,f64c24fc6d857837aa32b417b39311cb2c4c1cc30ae84c57ea68259a4030b90e,row_sparsity,row_sparsity|conj|2c5e43f84a|rng=MT19937-RandomState,,3,3,1,uniform,1;2;3,0.3333333333333333;0.3333333333333333;0.3333333333333333,0.0006731925532221794,6.770249456167221e-05,0.0010994747281074524,0.0009979140013456345,0.0069562820717692375,0.009799703024327755,0.0028382837772369385,23,842,1,6,SAT_unsat_identifiable,1,boolean_factorization,exclude_x,exclude_x,0,1007,4057,0,1,1,0,0,0,0,1,1,1,0,0,0.007128491066396236
4,50,10,100,1156917711,20,conj,glucose42,MT19937-RandomState,0.0005603181198239326,01000000001000001001101000000100001000100010001000000100100010000000111100010000100000001010000000000000001000100101000000000100100001000100000000010000001000000010000000101001000000010000100000000001010000100000100100011000000010000000010001000000001000110000001001010000001001100001101000000001000010100001001100010000001001000000001000010000001000010000000000100000010001000000100010000101000001000100010000100000100000100000000000000110000000011000000101100000010000000010001000000100000100000011,61d02fe1dcbfae2412ef2ba9590ae7bdfbf3f0efad5d6341928cc4c4c98e61d7,row_sparsity,row_sparsity|conj|2c5e43f84a|rng=MT19937-RandomState,,3,3,1,uniform,1;2;3,0.3333333333333333;0.3333333333333333;0.3333333333333333,0.0006143283098936081,5.856342613697052e-05,0.0007899170741438866,0.0009926343336701393,0.004336588084697723,0.006798197515308857,0.0024554431438446045,15,1012,1,6,SAT_unsat_identifiable,1,boolean_factorization,exclude_x,exclude_x,0,605,2542,0,1,1,0,0,0,0,1,1,1,0,0,0.00644716527312994
4,50,10,100,1156917711,21,conj,glucose42,MT19937-RandomState,0.0006030388176441193,10000001000000000100000010000010010000010001001010000010010000001000011000001001010000100000001100100000000010000000010000000011000000000110000001110000000001000000010000010011000000001000001000000000000100001010011000000001010000000001001000100000100010000000010000000100000100000001010000000000100100010110000000000001000100010010000110000010000000100001010001000100010000101100000101010010000000000001000000010010010001000011000000010000001000001010001100000000101000000001000000010000010000010101,801b76230cfa449123e36dfe89e327b977c1ad1d48ca592e114ff0edff7e8339,row_sparsity,row_sparsity|conj|2c5e43f84a|rng=MT19937-RandomState,,3,3,1,uniform,1;2;3,0.3333333333333333;0.3333333333333333;0.3333333333333333,0.0006087878718972206,5.984678864479065e-05,0.0009039100259542465,0.0009914468973875046,0.0063463058322668076,0.008916483260691166,0.0025639915838837624,18,928,1,6,SAT_unsat_identifiable,1,boolean_factorization,exclude_x,exclude_x,0,772,3128,0,1,1,0,0,0,0,1,1,1,0,0,0.00667997170239687
4,50,10,100,1156917711,22,conj,glucose42,MT19937-RandomState,0.0006070360541343689,00000000101000000010001000101001000000000000100000000001000100000000010010000000001000000110000010000100000000000010000100010001010000000100001110000000110000010100110000000011010010000000000011100000100010100000001000000000010000100000001010000000000010001100100000000100010100001001000000111000000001000100000000100000011000100000010101000010000010100000101001000001001000000000100100000100000100000001000011010000001000100000110000100000000010000011001000000100011000001000010000001010000100000101,3186fb3ab22d377a560e28e82afce2feb3517849e0dbdaf380b19009dd9a7034,row_sparsity,row_sparsity|conj|2c5e43f84a|rng=MT19937-RandomState,,3,3,1,uniform,1;2;3,0.3333333333333333;0.3333333333333333;0.3333333333333333,0.000657055526971817,6.370432674884796e-05,0.0009847823530435562,0.0009985119104385376,0.005089099518954754,0.007798734121024609,0.002704054117202759,20,923,1,6,SAT_unsat_identifiable,1,boolean_factorization,exclude_x,exclude_x,0,880,3515,0,1,1,0,0,0,0,1,1,1,0,0,0.0068723224103450775
4,50,10,100,1156917711,23,conj,glucose42,MT19937-RandomState,0.0006098560988903046,10100000011000000000010001000000000000100011001000000011000000010000000010000011101000000100000110001110000000010000000000010001001000101000000001100010001100001000000001010010010000000110100001001000010000100000100000001001000000010000010010000000000000000001000100000000000010101000100010000000110000100110000010000000000001010001001010000000100000000000100011010000001010000010000010110001000000001000001000010010000100000100000100000000110100000010001000010000000100000010001100000100011101000000,e652538172d5470ebaf86edee0e25261fe05b12e180ae7c55620bbfb4c8805b2,row_sparsity,row_sparsity|conj|2c5e43f84a|rng=MT19937-RandomState,,3,3,1,uniform,1;2;3,0.3333333333333333;0.3333333333333333;0.3333333333333333,0.0005401857197284698,5.251169204711914e-05,0.0,0.0,0.0,0.0005964487791061401,0.000592697411775589,10,1024,1,4,identity_submatrix_identifiable,0,,,exclude_x,0,0,0,1,0,1,0,0,0,0,1,1,1,1,0,0.005694608204066753
4,50,10,100,1156917711,24,conj,glucose42,MT19937-RandomState,0.0005818996578454971,00100000000001010100000000011010000100100000000110010010100000010001010000001100000100011000000001000010000000000100011000010000010000000001001000000010000010010001000000001001000000000100000000100100101000000000000000111001000010000100100001000001000000100000000000001000100010011000010010010000100000000000100100000010000001010101000011001000100000010000100110001001001011000000010000000000011001000000000101000010000000010100000000100100000100000100010001001000010000000001001000000010100000000010,4c71efed5d5643287509c2e2e73ae468b118646ba982d081a292c8aec000de5d,row_sparsity,row_sparsity|conj|2c5e43f84a|rng=MT19937-RandomState,,3,3,1,uniform,1;2;3,0.3333333333333333;0.3333333333333333;0.3333333333333333,0.0005812384188175201,5.935505032539368e-05,0.0008969232439994812,0.0009908229112625122,0.005398157984018326,0.0079313600435853,0.0025283396244049072,18,969,1,6,SAT_unsat_identifiable,1,boolean_factorization,exclude_x,exclude_x,0,752,3106,0,1,1,0,0,0,0,1,1,1,0,0,0.006840570829808712
4,50,10,100,1156917711,25,conj,glucose42,MT19937-RandomState,0.0005916561931371689,01010100000000001000100000001000010000000010000000000010000101100000000011100000000010000100101000000000000100001000100100001010000001000000100000000010000001010110100000100001000010010000000001100100000100010100001101000000000001110100000011000000000000000010010100001000000100100000001100000000100001000000100000000101000010100100000001111000010010100000010000100100000000100001000010000000010000000000011010001110000000001000010101000000001000100000000010000000000001001000000100110010001000000000,c1dafdec54670697776dfc902e94060588cd1f42cbe9774b8f894cdc075ad2d6,row_sparsity,row_sparsity|conj|2c5e43f84a|rng=MT19937-RandomState,,3,3,1,uniform,1;2;3,0.3333333333333333;0.3333333333333333;0.3333333333333333,0.0005960669368505478,5.9759244322776794e-05,0.0008559729903936386,0.000982203520834446,0.004194806329905987,0.0066937049850821495,0.002494002692401409,17,968,1,6,SAT_unsat_identifiable,1,boolean_factorization,exclude_x,exclude_x,0,703,2918,0,1,1,0,0,0,0,1,1,1,0,0,0.006611332297325134
4,50,10,100,1156917711,26,conj,glucose42,MT19937-RandomState,0.0005883807316422462,00001010000000000011000110000101000000000000000100000001001100000010000000000010000001100100100001000000100100000001100000101100000000000001000001001000101010000000100000010001000001000000100100000010000000000110010000000010101000000100001100000100000100000100101000100010010000010010001000000000100000100000000000001000000001100101000000000001001000100000000010000000000100000001000100010000010000010000000010010001000001100100000000000101110001000001001000010000001010000011000001001000100000010010,bd5df6f708c2a1e094e7c5355b7981919a79499a0c43801263c40d38efededab,row_sparsity,row_sparsity|conj|2c5e43f84a|rng=MT19937-RandomState,,3,3,1,uniform,1;2;3,0.3333333333333333;0.3333333333333333;0.3333333333333333,0.000534803606569767,5.529634654521942e-05,0.0007031513378024101,0.0009852731600403786,0.003335200250148773,0.005618887022137642,0.002278524450957775,13,992,1,6,SAT_unsat_identifiable,1,boolean_factorization,exclude_x,exclude_x,0,517,2177,0,1,1,0,0,0,0,1,1,1,0,0,0.006044348701834679
4,50,10,100,1156917711,27,conj,glucose42,MT19937-RandomState,0.0005968194454908371,00000001000000110000000001000110010010001000100100001011000001100000010100001000110000000000100000000000000101100010100010100000101000100000000100010001001000100100000011000000010010000010100000000011010000010000000000100100000000000110010000100001000000001001000011000001100000010000110010010000000010010000010000101000001101000000010000000000000010001101000000010000110001001100000001000000001000001000001100110000000101001000100100000000100000000000010000000010011000010000110000000100001001001000,09745cf151b61bcc7e329f136c96412160f9704e8c8e53988f55a97c1c26a9c6,row_sparsity,row_sparsity|conj|2c5e43f84a|rng=MT19937-RandomState,,3,3,1,uniform,1;2;3,0.3333333333333333;0.3333333333333333;0.3333333333333333,0.000667850486934185,6.493180990219116e-05,0.0010651769116520882,0.0010089762508869171,0.006249816156923771,0.009062575176358223,0.0028069354593753815,22,987,1,6,SAT_unsat_identifiable,1,boolean_factorization,exclude_x,exclude_x,0,958,3869,0,1,1,0,0,0,0,1,1,1,0,0,0.007411266677081585
4,50,10,100,1156917711,28,conj,glucose42,MT19937-RandomState,0.0006085000932216644,00101000010100100001000010001010000000000001010000000000001000000110101001000000001000000001000001000100000101000010000000101000100010100000010000010000100010001000000011110000000000000000111001000000000100000000000000100000001010100000010001100010000100001000000001100000010001000101000000100000000001100001000001000000000000100010000000000001000100010001000000000110010000010010000000010110010000100001000000001000010000001000110010000000100100010000000000100010000001000001100000000100010000100010,e8aaea3be4e05fbd24b07e8b8c3d0df77c28e0e14646d5ef04c8703d8a0e2153,row_sparsity,row_sparsity|conj|2c5e43f84a|rng=MT19937-RandomState,,3,3,1,uniform,1;2;3,0.3333333333333333;0.3333333333333333;0.3333333333333333,0.0006391806527972221,6.50063157081604e-05,0.0010585766285657883,0.0009898748248815536,0.00844221655279398,0.011200634762644768,0.0027526384219527245,22,959,1,6,SAT_unsat_identifiable,1,boolean_factorization,exclude_x,exclude_x,0,908,3814,0,1,1,0,0,0,0,1,1,1,0,0,0.007335050031542778
4,50,10,100,1156917711,29,conj,glucose42,MT19937-RandomState,0.0005964161828160286,11000000000110000100000100010000010000000000010000011000000000000001100100010001000001000111000000000010010000000000010000011000100000000010100001000000000010000100000000001100000000000000101001001000000000001000001001000000010011000000100010100000011000000000000011000010000100100100000100011000000000000100000011000000010100001000101010001000000101010000000100000010000010000000000100001101000001000000010100100011000000001000100000100000000101100001000000110100000010100100000000001010100100001001,cf8952cdcde669ab08759177c3b1527b5de94f2cebb7df76d38b73a200509988,row_sparsity,row_sparsity|conj|2c5e43f84a|rng=MT19937-RandomState,,3,3,1,uniform,1;2;3,0.3333333333333333;0.3333333333333333;0.3333333333333333,0.0005771210417151451,5.46332448720932e-05,0.0007394570857286453,0.0009702686220407486,0.003878572955727577,0.006225878372788429,0.0023414799943566322,14,964,1,6,SAT_unsat_identifiable,1,boolean_factorization,exclude_x,exclude_x,0,586,2387,0,1,1,0,0,0,0,1,1,1,0,0,0.006239425390958786
4,50,10,100,1156917711,30,conj,glucose42,MT19937-RandomState,0.0005759624764323235,00000100100001110000000001100000100000000000001000000100010110010100000000010011000100011010011000000110000000010011000000101000000100000000010010000100010100100001000000100000100100010010000000010000010010000000100000000011000010000010010100000010000000100000010000100001010000000001010000100100000000000100000100100010000100000110000000000000111000000001000000010000001000010001100000000000011000000001000000000000000101000010000010000100010101000010100000000000000001000000100000110100000001000101,8ebc19bf039cfff67e250d988c7a604cf551b669c20ca11dbc8a273c70570a80,row_sparsity,row_sparsity|conj|2c5e43f84a|rng=MT19937-RandomState,,3,3,1,uniform,1;2;3,0.3333333333333333;0.3333333333333333;0.3333333333333333,0.0006023533642292023,6.107799708843231e-05,0.0007902132347226143,0.000990038737654686,0.004697442054748535,0.0071472302079200745,0.002443683333694935,15,796,1,6,SAT_unsat_identifiable,1,boolean_factorization,exclude_x,exclude_x,0,655,2597,0,1,1,0,0,0,0,1,1,1,0,0,0.0060365404933691025
4,50,10,100,1156917711,31,conj,glucose42,MT19937-RandomState,0.0006023496389389038,00001001010001000000001000000001000000000100011000000000000100100000000010010000000000001000000000010001000000000001000001000000000000001000001000010110100000011001000100001000000000010101000000010000100010000100000000110000001000000000001010010000000000001000010001100000010000000000010000100000010101100000001000000000000100001100110001000001000000000100000000000100100001000001010000000000001000000010010001100100000001000001101000000010010010000001000101000000000010001100000000110000000000000011,4078208edcb7a13b310f4920083c7fe8928aa1efd391cd4e115623442b5a4a47,row_sparsity,row_sparsity|conj|2c5e43f84a|rng=MT19937-RandomState,,3,3,1,uniform,1;2;3,0.3333333333333333;0.3333333333333333;0.3333333333333333,0.00049558375030756,5.9666112065315247e-05,0.0008621569722890854,0.000999986194074154,0.004535084590315819,0.006957554258406162,0.0024173930287361145,17,916,1,6,SAT_unsat_identifiable,1,boolean_factorization,exclude_x,exclude_x,0,753,2973,0,1,1,0,0,0,0,1,1,1,0,0,0.006467580795288086
4,50,10,100,1156917711,32,conj,glucose42,MT19937-RandomState,0.0005959710106253624,00000001000010010100010010010000100010000010100000000010000100001000000000010001000010100001010000000010100000101000000101000100100000000001011000000100000100000100000101000100001000100100001000000110010000001001000001100000001000001000010000000100000000000101000100000000000010000000100101000001000000000001000000100100000100000000000110010001001000000001000100000011000000100101001100000000000100000000000001100010010001000000000001000001001001000101010000100101000001000000100111000100000000000010,5e855d37db5e66f5c662ebcd3134a6b99351f3106a613d91acd145fde6b52112,row_sparsity,row_sparsity|conj|2c5e43f84a|rng=MT19937-RandomState,,3,3,1,uniform,1;2;3,0.3333333333333333;0.3333333333333333;0.3333333333333333,0.000571039505302906,5.9806741774082184e-05,0.0008997134864330292,0.0009898291900753975,0.004160410724580288,0.0066862553358078,0.002520388923585415,18,838,1,6,SAT_unsat_identifiable,1,boolean_factorization,exclude_x,exclude_x,0,772,3128,0,1,1,0,0,0,0,1,1,1,0,0,0.006551035679876804
4,50,10,100,1156917711,33,conj,glucose42,MT19937-RandomState,0.0005969610065221786,00010100000000000010000010000000010010000100010000000010000000001110000100100100101000001000010001001000101000101000000000001000000000000100000000010001010000101101000000010010000010000010001000000110000000100101000000000100000100000000001000001000000100000000000010000101000000000001000000000000111000000001000000000100001001100000000000110000010000100000011000100010010000000011000100110001000100101000010000100000000100010001000100000000100101000000001010000100001010000001010000000100000000100000,0161f977ce8d2b3d6cf295eece2ec93385bf3530aaaf6577151bc1d49d9ee381,row_sparsity,row_sparsity|conj|2c5e43f84a|rng=MT19937-RandomState,,3,3,1,uniform,1;2;3,0.3333333333333333;0.3333333333333333;0.3333333333333333,0.0005952669307589531,6.416160613298416e-05,0.0010219719260931015,0.0009828517213463783,0.009511851705610752,0.012181849218904972,0.002664252184331417,21,820,1,6,SAT_unsat_identifiable,1,boolean_factorization,exclude_x,exclude_x,0,919,3692,0,1,1,0,0,0,0,1,1,1,0,0,0.006822201423346996
4,50,10,100,1156917711,34,conj,glucose42,MT19937-RandomState,0.0006136596202850342,00000000010100100100000100000000001001000000010000000100101000000100100000101100001001100000100000000001000000010011000000010001100100100100000010000001100000010000100101001100000010000010000001000000000010000011000000000001001100001100000000000000100010010100100000100000101000101000000000001100001000001100000000100001001000100000001000001000000000010010010000010001000000101000100000000000000001001100001000000000100000100000001000100001100001010000001000000100001000101000000100000000110000000100,a81c6343abb09430d405b89db7b1ed439da41ef912c2489a57008422d201e951,row_sparsity,row_sparsity|conj|2c5e43f84a|rng=MT19937-RandomState,,3,3,1,uniform,1;2;3,0.3333333333333333;0.3333333333333333;0.3333333333333333,0.0005162488669157028,5.6859105825424194e-05,0.0007381970062851906,0.000992857851088047,0.003406807780265808,0.005715551786124706,0.0023041628301143646,14,964,1,6,SAT_unsat_identifiable,1,boolean_factorization,exclude_x,exclude_x,0,586,2387,0,1,1,0,0,0,0,1,1,1,0,0,0.006280485540628433
4,50,10,100,1156917711,35,conj,glucose42,MT19937-RandomState,0.0006708092987537384,10000000001100000001000100001001000000100000000011000100000000000110100001000010001010000001010000000001000010000000100010010000000000001010010000101000111000000100000001001100010000100010000000000100001000011000001010000100000000010000000000100000100011100000000100100100000001101000001001000001101000000001000000100001011001000000000000100101000010001000000000000010110000100000000100010001010000011010100000000010010000000000010100000000100010001000010000001000010001100000010000100001010000100010,70b4471128af8f954563a42a98a8c783bded5cc6a6df3f1692b3a96c7f5eefe0,row_sparsity,row_sparsity|conj|2c5e43f84a|rng=MT19937-RandomState,,3,3,1,uniform,1;2;3,0.3333333333333333;0.3333333333333333;0.3333333333333333,0.0005713934078812599,5.849916487932205e-05,0.0006640162318944931,0.0009935321286320686,0.0036910679191350937,0.005983063019812107,0.0022874409332871437,12,808,1,6,SAT_unsat_identifiable,1,boolean_factorization,exclude_x,exclude_x,0,508,2033,0,1,1,0,0,0,0,1,1,1,0,0,0.005718102678656578
4,50,10,100,1156917711,36,conj,glucose42,MT19937-RandomState,0.0006015412509441376,00010000000010000010000000000100000110011100010000000000010001010010000000001000000000000110010000010001000000100000100000010000000000000010001000000000000000101000110000000000101000001011000100001000000000011000000001000000000001000001000000001000001000010000000000010000100010000001000011010000000000010000100000010000000000001010000000010000001000000001000000000000100000100001000000001001000000001000000010001000001100000001000000100000000000001001010000001000001100000001100011000001001100000001,ff4e5d5dc8ff4ff2cf7df72223bf4fb502ae1c8a12e45471719d1a06462f0d53,row_sparsity,row_sparsity|conj|2c5e43f84a|rng=MT19937-RandomState,,3,3,1,uniform,1;2;3,0.3333333333333333;0.3333333333333333;0.3333333333333333,0.0004728911444544792,5.448143929243088e-05,0.0007427260279655457,0.0009902315214276314,0.003457438200712204,0.0057226065546274185,0.002260330133140087,14,1000,1,6,SAT_unsat_identifiable,1,boolean_factorization,exclude_x,exclude_x,0,566,2365,0,1,1,0,0,0,0,1,1,1,0,0,0.006346078589558601
4,50,10,100,1156917711,37,conj,glucose42,MT19937-RandomState,0.0006118789315223694,00010000001000100000100000100000010100000010000000001000110000001010100101000001001000010010000000000000000110001010000001000010000100001000001001001000010001010000000001010101000000000000011000000000010000010001000001000000000001100000000010000000000000000101001110000001000000001000101000100010000100000000011000000000100001010000000001100001010010000000110110000010000000000001000000001001100001000000000101000010101000000000011001000001010000001111100000001000000000000110000000000110000000000010,79661ff8778907135f459b7fce059d08b37367c83d60ccfabcaa57e6f04a36bd,row_sparsity,row_sparsity|conj|2c5e43f84a|rng=MT19937-RandomState,,3,3,1,uniform,1;2;3,0.3333333333333333;0.3333333333333333;0.3333333333333333,0.0006171343848109245,7.781386375427246e-05,0.0010847179219126701,0.0010356474667787552,0.008686681278049946,0.011508128605782986,0.0028153136372566223,22,877,1,6,SAT_unsat_identifiable,1,boolean_factorization,exclude_x,exclude_x,0,948,3858,0,1,1,0,0,0,0,1,1,1,0,0,0.01333974115550518
4,50,10,100,1156917711,38,conj,glucose42,MT19937-RandomState,0.0006077643483877182,00000001000000001001000001000001000001001000000000000000001110001000100000100100100010000010100010000000000100000000010000010010010000001000100001100010000000000001010000000001000000010000000000000001100100000011000000010000000110100100000010100000010010010100000000010001000010000100010000000000010010000100010100000001001001001010001000100011010000100000000110000001000001100001001000000000001000000100000000100001000000000010000010100100101000000000100000000010000100001000010000000000010000011001,8d0b9950a25cccfc92ba2815209349076b43e5d19227bd6e9dc0973382956942,row_sparsity,row_sparsity|conj|2c5e43f84a|rng=MT19937-RandomState,,3,3,1,uniform,1;2;3,0.3333333333333333;0.3333333333333333;0.3333333333333333,0.0005700066685676575,5.523022264242172e-05,0.0007027983665466309,0.0009859930723905563,0.004319787956774235,0.006639351136982441,0.0023140283301472664,13,952,1,6,SAT_unsat_identifiable,1,boolean_factorization,exclude_x,exclude_x,0,537,2199,0,1,1,0,0,0,0,1,1,1,0,0,0.006036814302206039
4,50,10,100,1156917711,39,conj,glucose42,MT19937-RandomState,0.0005972059443593025,00000010000010001100000010000000110001001000001000001001000100101001000100000001100000000000000000011010010000101000000010001010001100000001000011000000001011000000000100000110100000010000001100000100010100000000100010000000000010100000010001100000000000010001010101000000000010000000000100010000000101000000110000011010001000000110000001000010000100010000000000000011000100000000000100011000000100000000001000000100110010010000000100100001010000000001000000010000100001000100010000001010000001000000,c6f8838c5892aef13ce0904ba3c38cc10eb910f069c4bdf41d4eecc3774d7484,row_sparsity,row_sparsity|conj|2c5e43f84a|rng=MT19937-RandomState,,3,3,1,uniform,1;2;3,0.3333333333333333;0.3333333333333333;0.3333333333333333,0.0005769915878772736,5.560740828514099e-05,0.0007425723597407341,0.0009991079568862915,0.0036724302917718887,0.006051372736692429,0.00237427931278944,14,1008,1,6,SAT_unsat_identifiable,1,boolean_factorization,exclude_x,exclude_x,0,556,2354,0,1,1,0,0,0,0,1,1,1,0,0,0.006303161382675171
4,50,10,100,1156917711,40,conj,glucose42,MT19937-RandomState,0.000568893738090992,00000110000000000010000000000110000100000000001001100000000001000100011000001000110010000000000111001100000010010001100000100000001110000000010000110000011000101001000010000110001000001010011001000100000101100000000000100001100000000011010000100000110000000100000010110000010001100100000100000001010100000000010001010000011000000100001000010000011100000000000100010101001000001000000101000001001001000000010001010100000100000011001000010000000100000000010000000000000001000000100110000000000000101000,4fb57c0ad31829e1e8d816d4857ee432fbeb688b1886db37370bbf36fb9492d4,row_sparsity,row_sparsity|conj|2c5e43f84a|rng=MT19937-RandomState,,3,3,1,uniform,1;2;3,0.3333333333333333;0.3333333333333333;0.3333333333333333,0.0006853314116597176,7.303152233362198e-05,0.001229860819876194,0.001013004221022129,0.007837136276066303,0.010843930765986443,0.0030012279748916626,26,916,1,6,SAT_unsat_identifiable,1,boolean_factorization,exclude_x,exclude_x,0,1144,4610,0,1,1,0,0,0,0,1,1,1,0,0,0.007806412875652313
4,50,10,100,1156917711,41,conj,glucose42,MT19937-RandomState,0.0005969638004899025,00100010000000000001000000001000011010000000001000000001001001011000001000100000001000010000000100100110000000000100000000001100001001010000001100000000010010000001000100010000000000100000110010000100000101001000000010000000001100000010100000000000010000000001000001000001010000101000000010000001000000001000000010000100001001000100000000010001010010010100000100000001000010000001001110000000000010000000000010000110001000000010000100010010000010010000010101000100000000000001110011000000100001100000,01d391fe26868cd390f72e6d78589d5ce35f6926d2fe4d6d10acaae223ae6b36,row_sparsity,row_sparsity|conj|2c5e43f84a|rng=MT19937-RandomState,,3,3,1,uniform,1;2;3,0.3333333333333333;0.3333333333333333;0.3333333333333333,0.0005500065162777901,5.918368697166443e-05,0.0008203545585274696,0.0010023359209299088,0.004020601511001587,0.00645783357322216,0.002431880682706833,16,914,1,6,SAT_unsat_identifiable,1,boolean_factorization,exclude_x,exclude_x,0,654,2730,0,1,1,0,0,0,0,1,1,1,0,0,0.0065072691068053246
4,50,10,100,1156917711,42,conj,glucose42,MT19937-RandomState,0.0005929348990321159,10100001000101001000000000000100000000100011000000100100010000000010010110000000000000100000100000000000100100000110000110000001101000001000000000011000000001011000000100100000000101000101000100001100100000000011000000000000010010100000000000110100000011000010001000010100100001101000000010000000001000010100010010100000100000000000001000001000001100000001000000000101000010000000000100011000010100000000100010000100000101100000010000110001110000000101100000100000100000000100100001000000100010100000,6d669baab4829364c49282d9f4a26e22cac6d8d8ed7c88ad41fde433bac08675,row_sparsity,row_sparsity|conj|2c5e43f84a|rng=MT19937-RandomState,,3,3,1,uniform,1;2;3,0.3333333333333333;0.3333333333333333;0.3333333333333333,0.0007817232981324196,6.919912993907928e-05,0.0011424487456679344,0.0010023228824138641,0.007513398304581642,0.010514391586184502,0.0029956940561532974,24,967,1,6,SAT_unsat_identifiable,1,boolean_factorization,exclude_x,exclude_x,0,1016,4201,0,1,1,0,0,0,0,1,1,1,0,0,0.007502362132072449
4,50,10,100,1156917711,43,conj,glucose42,MT19937-RandomState,0.0006057489663362503,00010000000000000001110000000010000100010000010000101000000110000000010010000000110000010010000001010000010000000001101000000000100000100100100000100100000001100000100101001100000000000100010100100010000011100000010000001001001000000001001100010100010000000100000010000000001100101001100000000000100110000010001000001100000100000010000001010100001010100000000000000001000001110000000000110000001000000000000001000000011000000000101000100000000100101000011000000000001010001100000001000100001100000001,4c0fc33679c5af7f59190ff02eaf0c70060d678b968e0e28c1479e44d98e22f4,row_sparsity,row_sparsity|conj|2c5e43f84a|rng=MT19937-RandomState,,3,3,1,uniform,1;2;3,0.3333333333333333;0.3333333333333333;0.3333333333333333,0.0006361547857522964,6.020255386829376e-05,0.0008599571883678436,0.0009836284443736076,0.004570706747472286,0.007115609012544155,0.0025399429723620415,17,928,1,6,SAT_unsat_identifiable,1,boolean_factorization,exclude_x,exclude_x,0,713,2929,0,1,1,0,0,0,0,1,1,1,0,0,0.006499499082565308
4,50,10,100,1156917711,44,conj,glucose42,MT19937-RandomState,0.0006014462560415268,01000100000010100010000000001000101000100001100000000001000000001100000010000100101000001010001100000100000010000001010000000010101000000100000100001010000000100000000010011000000000011010000100100000000000010010010000000100001000000100110010101000000001101000010000000111000001000100000010100100000000001001010111000000101100000000001100000000001001010010001010010000001110000000000110000000000011100001010100000000100000100000000010000001000110001000001000110111000000100000001000101000100000001110,fa634c2696f97cf3f4ce667300ea968110b87bea599c784fd6e15b01e89a0d06,row_sparsity,row_sparsity|conj|2c5e43f84a|rng=MT19937-RandomState,,3,3,1,uniform,1;2;3,0.3333333333333333;0.3333333333333333;0.3333333333333333,0.0006940281018614769,7.473770529031754e-05,0.0013400055468082428,0.0010144757106900215,0.0071043046191334724,0.0102331368252635,0.0031232470646500587,29,904,1,6,SAT_unsat_identifiable,1,boolean_factorization,exclude_x,exclude_x,0,1281,5163,0,1,1,0,0,0,0,1,1,1,0,0,0.008068078197538853
4,50,10,100,1156917711,45,conj,glucose42,MT19937-RandomState,0.0005981903523206711,00100000001000000001000010000000000011000001000001001000000110000001001010000100000000100000001010000000000010000000111000001100000001010010001000000001001100001000010000001000000111000000100000100100000010100001000000001000000000000100001000010100010001100000100010000000010011001001100000000100000000010000000000000001010000001101001000010010100000001110000010000000011011000000010000000000000100000100010010001000000000100010100111000000000001000000000010000000000010010010001000100000000100000011,500eac4e1b07568051401287714547acfe0c6c7c7dc47aaa79770cbf364f1be1,row_sparsity,row_sparsity|conj|2c5e43f84a|rng=MT19937-RandomState,,3,3,1,uniform,1;2;3,0.3333333333333333;0.3333333333333333;0.3333333333333333,0.0005550533533096313,5.3161755204200745e-05,0.000658043660223484,0.0010077496990561485,0.003670542500913143,0.0059500765055418015,0.0022740084677934647,12,960,1,6,SAT_unsat_identifiable,1,boolean_factorization,exclude_x,exclude_x,0,478,2000,0,1,1,0,0,0,0,1,1,1,0,0,0.005954170599579811
4,50,10,100,1156917711,46,conj,glucose42,MT19937-RandomState,0.0006007282063364983,10001000000010000000010000110001000100101000010010010010001001000100000000100000000100000111000000101010000001010001010001000000011000100010000000101000000010010000010000000001101000100000000010000101000000100100100000010000011000001001000001000000010000010100000100001100000001000000010010010010000101100000100100010100100000010000100000001000001000001001000100000001001000000000011000000110000000000000000100100101000000001100010000100101001010100010000000100100000001010000100010010000000000100000,30d1889cb61af8f8e628bfd60723c781f3109046bcade289a26829eae02bd835,row_sparsity,row_sparsity|conj|2c5e43f84a|rng=MT19937-RandomState,,3,3,1,uniform,1;2;3,0.3333333333333333;0.3333333333333333;0.3333333333333333,0.0007194578647613525,6.776489317417145e-05,0.0011451970785856247,0.000998498871922493,0.007847513072192669,0.010784200392663479,0.0029309187084436417,24,829,1,6,SAT_unsat_identifiable,1,boolean_factorization,exclude_x,exclude_x,0,1056,4245,0,1,1,0,0,0,0,1,1,1,0,0,0.007209092378616333
4,50,10,100,1156917711,47,conj,glucose42,MT19937-RandomState,0.0005993004888296127,11000000100011000001010000000000010011001000010100000000010010000000100000000010000010101000010000010101001000100000001000001010000100001010000001000000000001100100000101100000000000101000010000100000001000010001100001000000000001000010100100000000010000001110100000000001000011000101010000100001000101010010000010011000010000100100001001100001011000000001001001100000100000001110100000000010000000000000101001100100000110010001000010000100000000100001000000011000000000100001000000110000000001001000,147eadb4c865ae69da0c6df3b6c26665938b6d3a6ef2f47a1bcf48b44c7678a3,row_sparsity,row_sparsity|conj|2c5e43f84a|rng=MT19937-RandomState,,3,3,1,uniform,1;2;3,0.3333333333333333;0.3333333333333333;0.3333333333333333,0.0006208978593349457,6.0129910707473755e-05,0.0008613886311650276,0.0009906403720378876,0.004617822356522083,0.0071564484387636185,0.0025330567732453346,17,934,1,6,SAT_unsat_identifiable,1,boolean_factorization,exclude_x,exclude_x,0,733,2951,0,1,1,0,0,0,0,1,1,1,0,0,0.0065652597695589066
4,50,10,100,1156917711,48,conj,glucose42,MT19937-RandomState,0.0006064176559448242,00111000001000000000101001000001010000001000101000000100100010000001100000000001101100000001100010000000110000100000100100100000001100100000000001000010010000000000001000000100000000101000000100000001000010001101000100000100100000000100101010000011000001000101011000000000000101100000010001000000001000010100000001100001100100100010101000000100010100100000000100001000010010000001000001000000000000101010000000011000000101000100010000010010010101000000010000000010100000110000000100000110100000001011,53ce5f6d6841fece2ce30ecfc0e7d64a93a42277513ebb7e7879dc9ce6ea8352,row_sparsity,row_sparsity|conj|2c5e43f84a|rng=MT19937-RandomState,,3,3,1,uniform,1;2;3,0.3333333333333333;0.3333333333333333;0.3333333333333333,0.0007681306451559067,6.523076444864273e-05,0.0010200804099440575,0.0009940871968865395,0.005222517065703869,0.0080758947879076,0.0028475290164351463,21,843,1,6,SAT_unsat_identifiable,1,boolean_factorization,exclude_x,exclude_x,0,909,3681,0,1,1,0,0,0,0,1,1,1,0,0,0.006992663256824017
4,50,10,100,1156917711,49,conj,glucose42,MT19937-RandomState,0.0006065955385565758,00100000000010001000000000000100001011000100010100000100000001010010000000000100100000000000000001101010010000100010000000100011000000000100000110000001100000011001000000000000010010100000000001000100000100010000000010000110000000011000010010100010000000010100010000000000110010000101000000101000100001010010000000100000000001000000100000000000010110100010100000001000100001000000000101001000001001101100000001001000000000000000110010000100010000000010001001000000110100000001000010000000000000001000,ce2022e68c0d25dd5ff7f72a1019256880599e775cc372bd8a1775e1c39d484d,row_sparsity,row_sparsity|conj|2c5e43f84a|rng=MT19937-RandomState,,3,3,1,uniform,1;2;3,0.3333333333333333;0.3333333333333333;0.3333333333333333,0.0005996143445372581,5.467236042022705e-05,0.0007000314071774483,0.0010013924911618233,0.005614284425973892,0.007975604385137558,0.0023557106032967567,13,976,1,6,SAT_unsat_identifiable,1,boolean_factorization,exclude_x,exclude_x,0,527,2188,0,1,1,0,0,0,0,1,1,1,0,0,0.006135271862149239
4,50,10,100,1156917711,50,conj,glucose42,MT19937-RandomState,0.0005580438300967216,00001110000000000010001100000001001100000100000000100000000001000110000010000101001000000000000001000000000100100000100010010000101100000000001000000000001000100000001000000001001000000100000000100000001000000101000000100010100100000001000000000010000000010010010101000000101000010000110000010001000000001000000000001000100110000010000000100000010000100001100000010000000000011000010000000000100000011001000010001011000000011000000000011001000001000100000010100000000001000001100000000100000010010000,8ff78573f0d4d615722aed94eb7857f178306796d3e7c71aecc16236ab858ccf,row_sparsity,row_sparsity|conj|2c5e43f84a|rng=MT19937-RandomState,,3,3,1,uniform,1;2;3,0.3333333333333333;0.3333333333333333;0.3333333333333333,0.0005090143531560898,5.402136594057083e-05,0.0,0.0,0.0,0.0005672750994563103,0.0005630357190966606,10,1024,1,4,identity_submatrix_identifiable,0,,,exclude_x,0,0,0,1,0,1,0,0,0,0,1,1,1,1,0,0.0056580789387226105
4,50,10,100,1156917711,51,conj,glucose42,MT19937-RandomState,0.0005838703364133835,00000101010000101001010000000011000000000100000000000000010010100010000101000010101000001001000000000010000000000001101001100001000010001100010000000000010000000000101000000000000100010100100000010000010001000010000000000100110000000000001001000000000100000000010010001001000000100100110000001100001001000000000010000000010100000000000101010000000101100000000000000001010010000000000101000010100000000001000100000001000000000111000010000000000010000100000100000010000000000000000110001010000001001100,091371d91203b57c1554101d6d3c52f5c8c7d9b2247fe6c87f3af1701cfe9316,row_sparsity,row_sparsity|conj|2c5e43f84a|rng=MT19937-RandomState,,3,3,1,uniform,1;2;3,0.3333333333333333;0.3333333333333333;0.3333333333333333,0.00054137222468853,5.957856774330139e-05,0.0008567990735173225,0.000996350310742855,0.004322106949985027,0.006781649775803089,0.002454100176692009,17,856,1,6,SAT_unsat_identifiable,1,boolean_factorization,exclude_x,exclude_x,0,753,2973,0,1,1,0,0,0,0,1,1,1,0,0,0.00637679360806942
4,50,10,100,1156917711,52,conj,glucose42,MT19937-RandomState,0.0006130309775471687,00100000000000000010010001000000000010010000001100000101000100010001100001000000110000000010000001000001001100010000000000000110000000100010100100001000010000000011000000000010000000000010100000000010010000101011001000000100000001000100110001000000010000000100000110000010101000000001010000100100000000000100000010000001000010001010010000000000000011000100000000000100000010100001100000100000010000000000000100010001000010001010000000000010000010000000000000100000001110010000010000000000110000010000,3f73d9eb25a54c1ffe15ce0474feaed62736ab645171a07800b2917bfa2e92cd,row_sparsity,row_sparsity|conj|2c5e43f84a|rng=MT19937-RandomState,,3,3,1,uniform,1;2;3,0.3333333333333333;0.3333333333333333;0.3333333333333333,0.0005745524540543556,6.358791142702103e-05,0.0009964946657419205,0.0009996667504310608,0.009920211508870125,0.012560274451971054,0.002634301781654358,20,964,1,6,SAT_unsat_identifiable,1,boolean_factorization,exclude_x,exclude_x,0,830,3460,0,1,1,0,0,0,0,1,1,1,0,0,0.00702026579529047
4,50,10,100,1156917711,53,conj,glucose42,MT19937-RandomState,0.0005949437618255615,00100000010010000000000000001010000001010000101010000100100100000100000000001000000000001000100000000100001100001000000000001000100100001001000000000110000010010100000010100000100000010000000010100000000010000000010000110101000000100110000010001100000000001100101000000000000110000000000001000000100000000000100010001000010000010000000100001100000001000100000101000000000000000011010000000000100000100100011000000010001100000000010100010000000000100000000100010110001000000100100000010001010000100001,d90f63a572313bf01dab98d5ac416ffe5193bbb1f9f026e9b3410910ca1c9cff,row_sparsity,row_sparsity|conj|2c5e43f84a|rng=MT19937-RandomState,,3,3,1,uniform,1;2;3,0.3333333333333333;0.3333333333333333;0.3333333333333333,0.000558813102543354,5.993060767650604e-05,0.0008602384477853775,0.0010068276897072792,0.00483003631234169,0.007321076467633247,0.002485809847712517,17,904,1,6,SAT_unsat_identifiable,1,boolean_factorization,exclude_x,exclude_x,0,733,2951,0,1,1,0,0,0,0,1,1,1,0,0,0.006544328294694424
4,50,10,100,1156917711,54,conj,glucose42,MT19937-RandomState,0.0005934732034802437,00000000101000010010000000100010101000000000001011100110000000010000001100000001000000010000000101001000000000100000000100100000000000000010000000010001000010001000000000010001000010110000000000000010110000000111000100000000011100000000100110000001001010010000100000000001110000000000011100000110010000000011010110000010000010000000100000000001001100100000000000000100010001100000000001000000001000000001001000100000001000010000000010100000011100000000000000010011000000000001010101000001100000001000,ea8fe57f2f0adbdcb62701653472e0294b1f7a42a88a193ed075f7bbce6be685,row_sparsity,row_sparsity|conj|2c5e43f84a|rng=MT19937-RandomState,,3,3,1,uniform,1;2;3,0.3333333333333333;0.3333333333333333;0.3333333333333333,0.0005345148965716362,5.7229772210121155e-05,0.0007772305980324745,0.0009998772293329239,0.003700472414493561,0.006074642762541771,0.0023688524961471558,15,976,1,6,SAT_unsat_identifiable,1,boolean_factorization,exclude_x,exclude_x,0,635,2575,0,1,1,0,0,0,0,1,1,1,0,0,0.0062590837478637695
4,50,10,100,1156917711,55,conj,glucose42,MT19937-RandomState,0.0005897153168916702,00000100010100000100101100000000000001100000000101000000010100001101000010000000000100001110001000000000010000010000000100100000101000000010010100000000100000100000010000000000001000000010000001000000100100010001101000000000110001000001000000000001000000000010100000001100001001000010001000011100000010000010000010000000011000100000010100100100101000100001000100000001101100000000000001000010010000001100000000010001001001110000000010000101100001000100001011000001000000000101000000000000101000001000,fa6984cad9035af3a17e43b82d89e7324bb902811b78a7feb33abfad8d3edd02,row_sparsity,row_sparsity|conj|2c5e43f84a|rng=MT19937-RandomState,,3,3,1,uniform,1;2;3,0.3333333333333333;0.3333333333333333;0.3333333333333333,0.0006218934431672096,6.916746497154236e-05,0.0011703865602612495,0.0009968224912881851,0.007098712958395481,0.009962564334273338,0.0028582699596881866,25,917,1,6,SAT_unsat_identifiable,1,boolean_factorization,exclude_x,exclude_x,0,1095,4422,0,1,1,0,0,0,0,1,1,1,0,0,0.007586926221847534
4,50,10,100,1156917711,56,conj,glucose42,MT19937-RandomState,0.0005941744893789291,10010010001100001000000000100000000011000000000001011000001001000001100000001010001000000000100010010100000101000010000000000001010110010000001100000100000001000000001000000010000000000101100001100010100000100100110100000001000010001000000000100000000011100000000011001000101000000100001000000000010000000000101000001100010010100010010000000000010000100000110001100100000010001000110000001000000101000001000000000000010000000100000001101000000000110100000000010000000011001010000000000101101000010000,5884036822adee5b07670af46575b373006334f2b11658d3567ae411db6b4605,row_sparsity,row_sparsity|conj|2c5e43f84a|rng=MT19937-RandomState,,3,3,1,uniform,1;2;3,0.3333333333333333;0.3333333333333333;0.3333333333333333,0.0005355207249522209,6.205309182405472e-05,0.0009381482377648354,0.0009938934817910194,0.004776459187269211,0.007311247289180756,0.0025296155363321304,19,892,1,6,SAT_unsat_identifiable,1,boolean_factorization,exclude_x,exclude_x,0,841,3338,0,1,1,0,0,0,0,1,1,1,0,0,0.006802531890571117
4,50,10,100,1156917711,57,conj,glucose42,MT19937-RandomState,0.000603790394961834,10100010000011000010001000000000000100000110010000000000001001010010000000100001000000100010001000101000000100110000000000101100001000000000000100100000001000000011000000001000000001101000000000001001010000000100000010000100000001001000000000010000000001000101000000010000001000001000000000000100100100001000100100001001000010001100011000010001000010110000000000000000100000010000000000000100000000100000010000001100000010100001000011010000010000001000000000100100000100100000010001000100010100000000,47c70087aee9e5d802b0715dfe56362890700c1debfc1a189fd3ee7ba7efb5f6,row_sparsity,row_sparsity|conj|2c5e43f84a|rng=MT19937-RandomState,,3,3,1,uniform,1;2;3,0.3333333333333333;0.3333333333333333;0.3333333333333333,0.0004919413477182388,5.223136395215988e-05,0.0,0.0,0.0,0.0005478933453559875,0.0005441727116703987,10,1024,1,4,identity_submatrix_identifiable,0,,,exclude_x,0,0,0,1,0,1,0,0,0,0,1,1,1,1,0,0.0056047383695840836
4,50,10,100,1156917711,58,conj,glucose42,MT19937-RandomState,0.0005921237170696259,00000000101000010000001010000001000110000001010100000011100010000000000100010000000010001000001100000010000100011000100010000000000000100000110001000010001000000010000000010000000010000000000011001000000001000001000000101000000000001010001000100100001000000000110000000000001001000001100100010100000100000000010100000010000100001001000000000000000100110010000001100000001001010000001000010000000110000000001000100000000000000010100010000100001010010000001000001001000100000000010100000010100100001000,3c7fe64fd2b1b1f6b447c653320712042d2e4752cf578780b75ebebe99969547,row_sparsity,row_sparsity|conj|2c5e43f84a|rng=MT19937-RandomState,,3,3,1,uniform,1;2;3,0.3333333333333333;0.3333333333333333;0.3333333333333333,0.0005643842741847038,5.845073610544205e-05,0.0008232779800891876,0.00099911168217659,0.004346420988440514,0.006796868517994881,0.0024452246725559235,16,961,1,6,SAT_unsat_identifiable,1,boolean_factorization,exclude_x,exclude_x,0,694,2774,0,1,1,0,0,0,0,1,1,1,0,0,0.006392196752130985
4,50,10,100,1156917711,59,conj,glucose42,MT19937-RandomState,0.0005967430770397186,01000001001000000001100010001000010000000101001000000100110010010001000001000000010001000100001000000000000011000100100000001000101000000001000000100000000100110000000110000100100000001000000000001100001000001001000100000000110000010011000001000001100000000010100000100100000000010001101000100001001001100000001000000110001000000000100000001000001000000000011100000100001000010001000010010010010000100011000001010001010000001010010010000001010000001100001100001101000000000100000100001100001001000000,b6c45f0dcfc3902805a12a07ebd9d825862e965155a3ad27fb4ccde1c2cc6dca,row_sparsity,row_sparsity|conj|2c5e43f84a|rng=MT19937-RandomState,,3,3,1,uniform,1;2;3,0.3333333333333333;0.3333333333333333;0.3333333333333333,0.0006739450618624687,6.745941936969757e-05,0.0011026998981833458,0.0010036565363407135,0.007561390288174152,0.01041455753147602,0.0028477609157562256,23,941,1,6,SAT_unsat_identifiable,1,boolean_factorization,exclude_x,exclude_x,0,997,4046,0,1,1,0,0,0,0,1,1,1,0,0,0.0075640687718987465
4,50,10,100,1156917711,60,conj,glucose42,MT19937-RandomState,0.0005565201863646507,00010000001000001001000000100101000000000000100100000000001000000001000100000011000001000001001100000000000001000001000000001000000010000000000001001000001000000000000001000000001001000010100010000000001000001010001010000000100101000100100001000000000000010010001001100001010000000000100000000100000010100000010011000000000001010001000100000000001000000000001000000100000000001000000000001000000100000100100000000001010000010100001000001000110000000001000000000100000001011000000100001101000000110010,40ce7fe52d2c50b28ca0d544150517c99b807c14182bdc9ea0551b354744595d,row_sparsity,row_sparsity|conj|2c5e43f84a|rng=MT19937-RandomState,,3,3,1,uniform,1;2;3,0.3333333333333333;0.3333333333333333;0.3333333333333333,0.0004768837243318558,5.362648516893387e-05,0.0006695855408906937,0.0010163532570004463,0.0034106485545635223,0.005633200518786907,0.0022164490073919296,12,928,1,6,SAT_unsat_identifiable,1,boolean_factorization,exclude_x,exclude_x,0,488,2011,0,1,1,0,0,0,0,1,1,1,0,0,0.005944970995187759
4,50,10,100,1156917711,61,conj,glucose42,MT19937-RandomState,0.00061013363301754,00100000001001000100000000001000000000010010000100001100000101110000000100010001010000110001000000010011010000000010001000010000100010100001000110000000000011000100001001000001000010001001000101000010000010000000001011001000000000000000100000000100010010100000000000001000010001100000001001001000000000000100000000000100000001000000010101000110000100001000000000000100000001100100000000010100000001001100000100001000100001110000000100000010000010000100100001000100101000110000000100000000100100001000,115ef82b68870856b020a84a7747bb672786c126a3ba46f3d6fe6a34250b00eb,row_sparsity,row_sparsity|conj|2c5e43f84a|rng=MT19937-RandomState,,3,3,1,uniform,1;2;3,0.3333333333333333;0.3333333333333333;0.3333333333333333,0.0006181895732879639,6.646662950515747e-05,0.0009771604090929031,0.0010011224076151848,0.011434651911258698,0.014103078283369541,0.0026629390195012093,20,951,1,6,SAT_unsat_identifiable,1,boolean_factorization,exclude_x,exclude_x,0,870,3504,0,1,1,0,0,0,0,1,1,1,0,0,0.007011066190898418
4,50,10,100,1156917711,62,conj,glucose42,MT19937-RandomState,0.0006098402664065361,00000101010010001000000001100000000001000100000000000001100000000100000101001000000000001000000010010011000100010001000000000011000000000110010000000010001010000100000010000000010000100000000001001000000110000000000110100000100000100001000100010000001000000001000000001001000001000100000001010000000001000100000000100000000001000010001000101100000010000000011000001001000010000101010000100010110000000100100100010010100000001000100000100000011000010001000000001000000000000000100000000000011000010010,37fc86be17106bb83d7aeb4c36b44426c18ff578f3574034dc013fdc2f22752a,row_sparsity,row_sparsity|conj|2c5e43f84a|rng=MT19937-RandomState,,3,3,1,uniform,1;2;3,0.3333333333333333;0.3333333333333333;0.3333333333333333,0.0005156472325325012,5.141645669937134e-05,0.0,0.0,0.0,0.000570664182305336,0.0005670636892318726,10,1024,1,4,identity_submatrix_identifiable,0,,,exclude_x,0,0,0,1,0,1,0,0,0,0,1,1,1,1,0,0.005548815242946148
4,50,10,100,1156917711,63,conj,glucose42,MT19937-RandomState,0.0005923882126808167,01000000000000000001000000001010001000000000001110100010010001000000100000101100010000100000000000100001010000000000100000010000110110000000000010100000010000000000000100000100000100010001000000101100101000000100000100000000100110000011000100000010000000011100000100000000000000100001100000001000010000100000010000100101000010000000000101011000000000010100100000010010001010000000000001000000110000000100010001000000100000000001001000100000010100001010000101000100001100000000000100000000010100010000,6cf76463718c4e3104945b8c92f422cc78d51974000f60e6604b28d0326922a5,row_sparsity,row_sparsity|conj|2c5e43f84a|rng=MT19937-RandomState,,3,3,1,uniform,1;2;3,0.3333333333333333;0.3333333333333333;0.3333333333333333,0.0005371216684579849,5.5565498769283295e-05,0.0007366007193922997,0.0009916210547089577,0.004086055792868137,0.0064121438190341,0.0023209089413285255,14,1008,1,6,SAT_unsat_identifiable,1,boolean_factorization,exclude_x,exclude_x,0,556,2354,0,1,1,0,0,0,0,1,1,1,0,0,0.0062783025205135345
4,50,10,100,1156917711,64,conj,glucose42,MT19937-RandomState,0.00059538334608078,00100000000000001000101000000000001010000000000100100000010000001101001000000000010000000001000001100000010000010000001001000000010100101000000101010010000100011001000000100001010010010001000000100000001100000001010001000100000000000001001000010000010110000000010001100000000001100000001000000001001101100000000010000001010000000011000001001010001000010001100000010000101010000010010000000100100000000001011000000111000000001001000100000100001000000000100110000000000001000000001010100001000000101010,cc51ec9962d1eb5efc365e186ea71f7b5dbbceeb7dd72a1211d5af750d8e0e12,row_sparsity,row_sparsity|conj|2c5e43f84a|rng=MT19937-RandomState,,3,3,1,uniform,1;2;3,0.3333333333333333;0.3333333333333333;0.3333333333333333,0.0006544310599565506,6.0900114476680756e-05,0.0008600959554314613,0.0009936699643731117,0.004777112044394016,0.007351676933467388,0.0025690970942378044,17,1010,1,6,SAT_unsat_identifiable,1,boolean_factorization,exclude_x,exclude_x,0,713,2929,0,1,1,0,0,0,0,1,1,1,0,0,0.006660264916718006
4,50,10,100,1156917711,65,conj,glucose42,MT19937-RandomState,0.0005983728915452957,00100010100010100000011000001001011000000000111000001010100000000000010110010000000010000000100001000000000100001001000100101000001100100000100000001110000000101100000001100000000000001000001000000100101000000000101000100000010101000000100001000000000000010100001000000001010010000011000001100000000000010000010000000100000100101000000010000001000000000001100000000001000000101001011000000101100000001000000000100001000001000000010000000101000000000100111000000001010001000000001000000010000001000100,85f0acf6bd188ff7dce714eb0b9bed4743c470c9001ec623f2cdc5e0627a9a49,row_sparsity,row_sparsity|conj|2c5e43f84a|rng=MT19937-RandomState,,3,3,1,uniform,1;2;3,0.3333333333333333;0.3333333333333333;0.3333333333333333,0.0006114887073636055,5.659181624650955e-05,0.000783887691795826,0.000993422232568264,0.004515950568020344,0.006966079585254192,0.002445390447974205,15,992,1,6,SAT_unsat_identifiable,1,boolean_factorization,exclude_x,exclude_x,0,625,2564,0,1,1,0,0,0,0,1,1,1,0,0,0.006352799013257027
4,50,10,100,1156917711,66,conj,glucose42,MT19937-RandomState,0.0005993442609906197,10000100000000110001110100000011000100000100100000001000000000011100000010010001100010100000000010000010100000010000010101000010000000010000000010000100000100100110100000100000000000000001101000001010001000010010011000001000000001000010000001100000011010000010010000100001010100000011001000000000101100000000100100000101011000001010001000010001000000000000100000001001010011000000100010010000000010001000000000001000000000100100000001100001000000010000100000001100100000010100000010000101001110000000,fcdde5f6f640af127bb3d5dea20a4456a687afa5111ca040c9dcdffac35c2c90,row_sparsity,row_sparsity|conj|2c5e43f84a|rng=MT19937-RandomState,,3,3,1,uniform,1;2;3,0.3333333333333333;0.3333333333333333;0.3333333333333333,0.0007057888433337212,6.25094398856163e-05,0.000978349708020687,0.0010077590122818947,0.004947112873196602,0.0077064260840415955,0.0027544070035219193,20,958,1,6,SAT_unsat_identifiable,1,boolean_factorization,exclude_x,exclude_x,0,870,3504,0,1,1,0,0,0,0,1,1,1,0,0,0.007140065543353558
4,50,10,100,1156917711,67,conj,glucose42,MT19937-RandomState,0.0005963416770100594,00000010000000100000000010000010000000000000000001001000110010000010000010000010000000100001000000010000010000000000010010000010010001100100100000110001001000000010000001000010000000000010000001000000001010001001010000000100000000000100010000000010001001100000000010010011000100000000001000000100110000010001010000100000000100000000010000010000000101000001100100100000000001000100100001000000100000001000000000001000000010000100001100000000000000010000001001001000000001001000100000100000000000001001,8ff9ed698fbe063c1fc6c7217ccc2818247f1842d8574666022249c5f634bafe,row_sparsity,row_sparsity|conj|2c5e43f84a|rng=MT19937-RandomState,,3,3,1,uniform,1;2;3,0.3333333333333333;0.3333333333333333;0.3333333333333333,0.00046434905380010605,4.982948303222656e-05,0.00030108168721199036,0.0,0.0,0.0008249469101428986,0.000815260224044323,10,768,0,2,two_column_check_failed,0,,,exclude_x,0,0,0,0,1,1,0,0,1,0,0,0,0,0,1,0.0039586396887898445
4,50,10,100,1156917711,68,conj,glucose42,MT19937-RandomState,0.0005889423191547394,00000000010000000110000001100000100010000100100010011000001000001100000001001000100000101010010001000100100001010000010110000101001100010000100000000001010001000000001000000000010001000101000000100000010000000000010000000000001100100000000110000110000000001010000100000000000000100100010001000101000000001001000100000000000100001010100000100001000000000110000000000100000110000010000010101001000001100010001000000011010001001000100001000000000010010000001000001000000000100000000100010010010001010100,8810913575e2fa5ba7684cef7bfe3b222ed946ebc9cd5ba54d37916635ec4526,row_sparsity,row_sparsity|conj|2c5e43f84a|rng=MT19937-RandomState,,3,3,1,uniform,1;2;3,0.3333333333333333;0.3333333333333333;0.3333333333333333,0.0005197683349251747,5.298387259244919e-05,0.0006605284288525581,0.0010017361491918564,0.0037459461018443108,0.005985812284052372,0.0022350167855620384,12,864,1,6,SAT_unsat_identifiable,1,boolean_factorization,exclude_x,exclude_x,0,498,2022,0,1,1,0,0,0,0,1,1,1,0,0,0.005816577933728695
4,50,10,100,1156917711,69,conj,glucose42,MT19937-RandomState,0.0006004171445965767,00000000100000010001000000010010100000001000000100001000010010000000000000000111000100101000000000010011000000010010000001010000000001000000000010001000000011101000000001000010001000010011001000001000100000010000101000000000010100000010001000110001000010100001010000001000000011101000001000100001010001100100000010000000000111000001000010001000000010010000000001010000101100010000001010010011000010000000010001000000001110000000011000000000000000000110001000000000001000000001000000010000000000100110,065cc37eb7b035051fe34a3d23813ba7d85f88cf4d66f53275b7f99098c33937,row_sparsity,row_sparsity|conj|2c5e43f84a|rng=MT19937-RandomState,,3,3,1,uniform,1;2;3,0.3333333333333333;0.3333333333333333;0.3333333333333333,0.0005752593278884888,5.665142089128494e-05,0.0007349411025643349,0.0009971801191568375,0.0039050551131367683,0.006274305284023285,0.002364031970500946,14,1000,1,6,SAT_unsat_identifiable,1,boolean_factorization,exclude_x,exclude_x,0,566,2365,0,1,1,0,0,0,0,1,1,1,0,0,0.00633357185870409
4,50,10,100,1156917711,70,conj,glucose42,MT19937-RandomState,0.000568462535738945,10000000000000000001001000000100000001000100011000000000100000101000000000001000010000100100000100000000000100000100101000101000000000010000110000000001000101000100000000000010000010000001000001101000000000010000101100000000100100000000001001000010000011000000010001000001010000100100000100010000000000000000111000000101000000001000000000100000000010000001001001000000000001011000101001000001000110000000000001100100000000100110001000000011000000001000000011100001101000100000000100101000000001000100,6adb34ac46a8139ae56131bf7a941290e1ef4718b43d3d17b91e7b58575d10d0,row_sparsity,row_sparsity|conj|2c5e43f84a|rng=MT19937-RandomState,,3,3,1,uniform,1;2;3,0.3333333333333333;0.3333333333333333;0.3333333333333333,0.0005700560286641121,6.473250687122345e-05,0.0009452840313315392,0.0009997207671403885,0.004822161048650742,0.007407276891171932,0.002579793334007263,19,956,1,6,SAT_unsat_identifiable,1,boolean_factorization,exclude_x,exclude_x,0,821,3316,0,1,1,0,0,0,0,1,1,1,0,0,0.006810670718550682
4,50,10,100,1156917711,71,conj,glucose42,MT19937-RandomState,0.0006076507270336151,00001001100010010001000000011101010100000011010000000111000000000000010000000100000110010000000001000010000000000100000000000001000010000000000001100010001000000000001101000011100000000010100001000110001010010010000011000001000000000010000001000000000000001000010000000010000000000000010010010001001000010000000100000000000000100000001000000000001000000101001000011000000100000000000110000011000000000101000001000000001000010001000000110000001000000010000100010100110000001000000001010000000100000101,58cd0d375f1acf680c9194b996a60264c4d5dd1c825f35fc258c05a5490ddf37,row_sparsity,row_sparsity|conj|2c5e43f84a|rng=MT19937-RandomState,,3,3,1,uniform,1;2;3,0.3333333333333333;0.3333333333333333;0.3333333333333333,0.0005498602986335754,5.864538252353668e-05,0.0008215494453907013,0.000995921902358532,0.00399771798402071,0.006429219618439674,0.0024259770289063454,16,998,1,6,SAT_unsat_identifiable,1,boolean_factorization,exclude_x,exclude_x,0,674,2752,0,1,1,0,0,0,0,1,1,1,0,0,0.006516085006296635
4,50,10,100,1156917711,72,conj,glucose42,MT19937-RandomState,0.0005996311083436012,00000100000011000001100000000000011000000001000010010001100000000100000010010100000000010000001010000000000011000010000100000001011010010000000101100000101010000000001011010000000010000000100000010010011000100000001000000000101000001000000000100010000100010010000100100000100100000000110010000000100000000100000000001000001000000000000000011000000100000001000110001001000100001100100000000101000000100000000100000000110100000010000000010000001000011010001000010001000010000000100000100010010000001000,4fa7005fe4b9df894658232399b151d594d5fb057aca1d5c0d35725e85fc7e0d,row_sparsity,row_sparsity|conj|2c5e43f84a|rng=MT19937-RandomState,,3,3,1,uniform,1;2;3,0.3333333333333333;0.3333333333333333;0.3333333333333333,0.0006116665899753571,5.795527249574661e-05,0.0008593602105975151,0.0010016756132245064,0.005736066959798336,0.008272010833024979,0.002530657686293125,17,964,1,6,SAT_unsat_identifiable,1,boolean_factorization,exclude_x,exclude_x,0,703,2918,0,1,1,0,0,0,0,1,1,1,0,0,0.00660607498139143
4,50,10,100,1156917711,73,conj,glucose42,MT19937-RandomState,0.0005928799510002136,00000000010001000000000010000000011000100100000010000010001000000000100100000000000000001010001000010000000100001000000000000000011000000000100000001001100000010100000011000000110000000100010000011000100000000001000101000000000001000000101000000000100001000000000000100010000001100001000011000010000100000101100100001000010000000000111000000011000001100000010000000000110110000000000100000000000010000000101100000000001000100000000100000100000010000000000100101000000000000010000000000000100100000001,41fd5c4e2f24de13683d0edff33a9695cbd39209382ce157ed10d4c10ca92acf,row_sparsity,row_sparsity|conj|2c5e43f84a|rng=MT19937-RandomState,,3,3,1,uniform,1;2;3,0.3333333333333333;0.3333333333333333;0.3333333333333333,0.0005185548216104507,5.477946251630783e-05,0.000700642354786396,0.0010094931349158287,0.004049011506140232,0.0063379984349012375,0.0022834697738289833,13,976,1,6,SAT_unsat_identifiable,1,boolean_factorization,exclude_x,exclude_x,0,527,2188,0,1,1,0,0,0,0,1,1,1,0,0,0.005984882824122906
4,50,10,100,1156917711,74,conj,glucose42,MT19937-RandomState,0.0005859285593032837,11001000000000100001000000100000000000100000010000100000001000101100000000100000000010000001000100000100000001000011010000100000000100000001000000010100010000001101000000000001000010000000000000100010000110010000011100000100000110010000100100000010100110000010100100100000100000000000010000100110000010000100000000001101000000110000010001000111000000100000000000000100100001000000100001100010100000101000010000000100000100000100000001000100110000010000100000111000100000010000000000000000010100000000,9aa898d4d76d60953f4701d2a08fdd5340314468a85e795e2e7f60294642597d,row_sparsity,row_sparsity|conj|2c5e43f84a|rng=MT19937-RandomState,,3,3,1,uniform,1;2;3,0.3333333333333333;0.3333333333333333;0.3333333333333333,0.0006155967712402344,5.7262368500232697e-05,0.0007949778810143471,0.0009962981566786766,0.004308466799557209,0.006777692586183548,0.0024641351774334908,15,994,1,6,SAT_unsat_identifiable,1,boolean_factorization,exclude_x,exclude_x,0,625,2564,0,1,1,0,0,0,0,1,1,1,0,0,0.006367478519678116
4,50,10,100,1156917711,75,conj,glucose42,MT19937-RandomState,0.000600774772465229,00001100000011000001000100000000000001010010001000101001000010000000010001010000000010000000011010001000100000000000010010000000100000110010000100001001001000011011000000010000000001000100100100001010000001110000100000000000001000000001000000100000001000100100000010010000000001000000010110000010001110100000010110001000000010100000100000000100000001000000110011001000000001000110001100000000000100101000000000000100000010001000011100000000001000000000000010110010000000000000000100010000110001000000,e585496d9d90142c5e6bab323240ec842acda6c3bb50d84d77f25d4c25027f92,row_sparsity,row_sparsity|conj|2c5e43f84a|rng=MT19937-RandomState,,3,3,1,uniform,1;2;3,0.3333333333333333;0.3333333333333333;0.3333333333333333,0.0006530880928039551,5.558878183364868e-05,0.0007794657722115517,0.001005910336971283,0.004347462207078934,0.006846623495221138,0.0024940529838204384,15,992,1,6,SAT_unsat_identifiable,1,boolean_factorization,exclude_x,exclude_x,0,625,2564,0,1,1,0,0,0,0,1,1,1,0,0,0.006310787983238697
4,50,10,100,1156917711,76,conj,glucose42,MT19937-RandomState,0.0005995333194732666,00000001100000010000010000000001000000010000010011001000000001000011000100000001000000110010001001000000000100000010000001000010000000000100000000010000001000110000000001010000001000000001000010001000010010000000100000000000001000000000010000000000100100000000011000001000010000000000000110100000011010000100010100000000010100000010000010000001000000111000000010010100001000000000000001000000000000101000000000000000100001000010001100000000100000001010000000000001000100001010000001000000001100000000,665e7c868922533554766231321c575c944706272eb5bdbc9cb5985e59fd3773,row_sparsity,row_sparsity|conj|2c5e43f84a|rng=MT19937-RandomState,,3,3,1,uniform,1;2;3,0.3333333333333333;0.3333333333333333;0.3333333333333333,0.0004597660154104233,5.1421113312244415e-05,0.0,0.0,0.0,0.0005148909986019135,0.0005111871287226677,10,1024,1,4,identity_submatrix_identifiable,0,,,exclude_x,0,0,0,1,0,1,0,0,0,0,1,1,1,1,0,0.005604947917163372
4,50,10,100,1156917711,77,conj,glucose42,MT19937-RandomState,0.0005838461220264435,00100100100000101000010010100010000000001000001000000110100000000001000010000000000000010101010001000000001000001001010001000000000010010001000111000000100000100001010000000100001000000000100000000111000010000010000010000000111000000010000000000010000100101000101000010000000010000000100000110000000000001000010000010000001000000010101000000000100000001000001010000000000000101000100000001000000010000101010000100010000000001000001100100000000010110000100001000100000000000010000100000000101000000101,9ca28c94ae04bd5b76034c6cf9d29d3eeb5a150c7b3edce7ae4326d2b752d9f1,row_sparsity,row_sparsity|conj|2c5e43f84a|rng=MT19937-RandomState,,3,3,1,uniform,1;2;3,0.3333333333333333;0.3333333333333333;0.3333333333333333,0.0005465233698487282,5.450751632452011e-05,0.0007799258455634117,0.0010031191632151604,0.004317057318985462,0.006706224754452705,0.0023840758949518204,15,872,1,6,SAT_unsat_identifiable,1,boolean_factorization,exclude_x,exclude_x,0,635,2575,0,1,1,0,0,0,0,1,1,1,0,0,0.0060813892632722855
4,50,10,100,1156917711,78,conj,glucose42,MT19937-RandomState,0.0005964310839772224,10010100000100000000000000001011000000100100110000010001000100010000000000010101000000001001000110000001001000001000100010000000000101010000001001100000000110100000000101100000100001010000000100000001000000110010001000100000101010000000010000000000100000010100100100000100000001101010000000100101000000011000000100000000000100001010100000000000010001000000000100101000001000010100001000100000100001010010000000001010000000000100000000110010011000000100101100000100010010001000100000000110001010100000,da0a06944c6c61ef027e2c4e530418e68619c5810fd35ca3ab3eac7b3c99e13d,row_sparsity,row_sparsity|conj|2c5e43f84a|rng=MT19937-RandomState,,3,3,1,uniform,1;2;3,0.3333333333333333;0.3333333333333333;0.3333333333333333,0.0006711920723319054,6.631389260292053e-05,0.0009360471740365028,0.0010049538686871529,0.005322235636413097,0.008005418814718723,0.0026785070076584816,19,960,1,6,SAT_unsat_identifiable,1,boolean_factorization,exclude_x,exclude_x,0,801,3294,0,1,1,0,0,0,0,1,1,1,0,0,0.00673841405659914
4,50,10,100,1156917711,79,conj,glucose42,MT19937-RandomState,0.0005903234705328941,10110000000000000010000001010100101000000011000010000000010000000000100001100000101000001001100000000100000001000000100000000111000100001000000100001000000100000000101010010000000010000001000001000000001000000010011000000000010000000000101100000101001100000010011000010000000011000001000000010010000000010000000010100010000000001000010000010000001000010000001000101000010000010000000100001101100100000001001000010000000000001000100000000001100001000000000000010000000110001000000000000001000000100000,c3b2d09276f9b90a253b855d455677832844c72ae2b81d7c68bb75250dad31eb,row_sparsity,row_sparsity|conj|2c5e43f84a|rng=MT19937-RandomState,,3,3,1,uniform,1;2;3,0.3333333333333333;0.3333333333333333;0.3333333333333333,0.0005251029506325722,5.59510663151741e-05,0.0007769670337438583,0.0009952215477824211,0.004090785980224609,0.006449083797633648,0.0023532425984740257,15,972,1,6,SAT_unsat_identifiable,1,boolean_factorization,exclude_x,exclude_x,0,635,2575,0,1,1,0,0,0,0,1,1,1,0,0,0.006448955275118351
4,50,10,100,1156917711,80,conj,glucose42,MT19937-RandomState,0.0005566636100411415,10100010000100000000000001010000010001001000010001010010000000010000010100000000000010000000001000100010010010110000000001000110000000101000000001000101000000000010100001000100000000000111000000000100000000100000011000100000000110000000011010000100100001000000000101000001000000000000000010000001010000100000011001100000110001000000101000010000100110000000001000100110000010000011001010001000000010011000000000001001000000001001000000010100000001001100100000000000100001000000111000001000011000000000,59c36a0f92d0c63d690995a7a0026a01ee1c4facbcdf11315bbe853c56f0325a,row_sparsity,row_sparsity|conj|2c5e43f84a|rng=MT19937-RandomState,,3,3,1,uniform,1;2;3,0.3333333333333333;0.3333333333333333;0.3333333333333333,0.0006241528317332268,6.254762411117554e-05,0.0009382814168930054,0.0010130954906344414,0.005835521034896374,0.008479206822812557,0.002638077363371849,19,992,1,6,SAT_unsat_identifiable,1,boolean_factorization,exclude_x,exclude_x,0,791,3283,0,1,1,0,0,0,0,1,1,1,0,0,0.006887807510793209
4,50,10,100,1156917711,81,conj,glucose42,MT19937-RandomState,0.0005977200344204903,00111000000010000001010100000000000001000000100000000100100100010101001000000101000000000100100000110001001100000101000000000001100010001001000000110000000000010000000001110010000000010000000110001000110100000000011001001000100100001000000100010000001010100000010000000100100001000000001000000001000000000001100000010010000100100000010100000000000110000001100100001100000011000100100000011010100010001000000000001000000000001000001000000001010000000000001000111001001000100000000000000100100101100000,f2f2be286dc8bb590a79f947bfe3a6bdc5cea58a321ce9fad3539febe6041f5a,row_sparsity,row_sparsity|conj|2c5e43f84a|rng=MT19937-RandomState,,3,3,1,uniform,1;2;3,0.3333333333333333;0.3333333333333333;0.3333333333333333,0.0006164489313960075,5.4086558520793915e-05,0.0007002139464020729,0.001009986735880375,0.004497881978750229,0.006883744150400162,0.0023807361721992493,13,944,1,6,SAT_unsat_identifiable,1,boolean_factorization,exclude_x,exclude_x,0,537,2199,0,1,1,0,0,0,0,1,1,1,0,0,0.0059938859194517136
4,50,10,100,1156917711,82,conj,glucose42,MT19937-RandomState,0.0006055822595953941,00001000110010000000100000010000001000001000000000110000000000010001000001010001000010000001000010001000010000100000010011100000000010001000001100001000000101100000000010000100100011100000000000000010001001000100000011100010001000000001000000010010100000000010000100000000010000000000100010110000000010000000010000000010001000000100000100000000010010000100000001000001000100000010001001010000000001100001100010000011000100010001000100000000010000000000000010000000000100100001000111000010000000001000,168ea2f00a80336ab8c3a5bb3878a75d8151e7ce8513100947e7e57f3befa8b8,row_sparsity,row_sparsity|conj|2c5e43f84a|rng=MT19937-RandomState,,3,3,1,uniform,1;2;3,0.3333333333333333;0.3333333333333333;0.3333333333333333,0.0005226181820034981,5.917903035879135e-05,0.0007372433319687843,0.0009936783462762833,0.004131508991122246,0.006449573673307896,0.002312718890607357,14,960,1,6,SAT_unsat_identifiable,1,boolean_factorization,exclude_x,exclude_x,0,586,2387,0,1,1,0,0,0,0,1,1,1,0,0,0.006167251616716385
4,50,10,100,1156917711,83,conj,glucose42,MT19937-RandomState,0.0005939798429608345,00011000000000000010100001000010010010000001010100000001001011100000000000001101010010000100001010010100100100010000001001001000010100001100010000000100101010000000001000001100000000001110000001001100000000001000000010010100000101010000010011000010000011000000010000000001010001000100001010000100000000100000000000000100000011000000100100100000001100000000010001100000000100000001010000000000000001010001000000000001001000001010010000000001000010000000101000000000000110100000000000000010001000000100,c2c63d3d306f7e905c8714996da5fc9382acb27482c89468c8f5ca1c0ed649cf,row_sparsity,row_sparsity|conj|2c5e43f84a|rng=MT19937-RandomState,,3,3,1,uniform,1;2;3,0.3333333333333333;0.3333333333333333;0.3333333333333333,0.0005713570863008499,5.4185278713703156e-05,0.0007012290880084038,0.0010031526908278465,0.0039594219997525215,0.006294299848377705,0.0023299241438508034,13,976,1,6,SAT_unsat_identifiable,1,boolean_factorization,exclude_x,exclude_x,0,527,2188,0,1,1,0,0,0,0,1,1,1,0,0,0.005998733453452587
4,50,10,100,1156917711,84,conj,glucose42,MT19937-RandomState,0.0005925633013248444,00000100000001001001010000000001000110001100000100001011000000000001100001000000100001010001100010001000010001001100000101000010100001000010000001110000000001100000011010000000010000000100001000000000000100100100000010000000101001000100010000100000000011000100100000000101000000000000000100000000001010001000010100001001000100011001000001000110001000000101010010001000000000001100100000000000001000000001000010000001000101010000011000010100001000000100000010100010011000010010100000010100001000101000,ad0a37e5f29ba2e16fddb7d4d2ceb51901188847bf7372d44fa9042aaaeb7695,row_sparsity,row_sparsity|conj|2c5e43f84a|rng=MT19937-RandomState,,3,3,1,uniform,1;2;3,0.3333333333333333;0.3333333333333333;0.3333333333333333,0.0006130896508693695,5.5557116866111755e-05,0.0008217813447117805,0.0010004956275224686,0.003829105757176876,0.006324794143438339,0.0024909237399697304,16,996,1,6,SAT_unsat_identifiable,1,boolean_factorization,exclude_x,exclude_x,0,674,2752,0,1,1,0,0,0,0,1,1,1,0,0,0.00655190646648407
4,50,10,100,1156917711,85,conj,glucose42,MT19937-RandomState,0.000596863217651844,10000001000000000101000100000000001010100000000001010000100000000000011000000001001000100010000000010000000100010100100000000100000000001000000010000100011000000000010100010000000110000000000000000001100100000000010001001000001000001000100111000000000000001010000001000000000000100000000101001000001000000100000001000000000000000110000001000101100000001000010001100000011100000001100000000000100101000000000001010010001000000001000001010100100000100010000100011000001000101000000000000110000010001100,5181db9e8a40f70200d67a9aff9b004725d125f5fe7590bb82b41bca3cdbb7a5,row_sparsity,row_sparsity|conj|2c5e43f84a|rng=MT19937-RandomState,,3,3,1,uniform,1;2;3,0.3333333333333333;0.3333333333333333;0.3333333333333333,0.0005852896720170975,6.361957639455795e-05,0.0009780246764421463,0.0010116053745150566,0.004662097431719303,0.0073064472526311874,0.0026385392993688583,20,896,1,6,SAT_unsat_identifiable,1,boolean_factorization,exclude_x,exclude_x,0,850,3482,0,1,1,0,0,0,0,1,1,1,0,0,0.006873174570500851
4,50,10,100,1156917711,86,conj,glucose42,MT19937-RandomState,0.0005914075300097466,01010100000000100000000100010000000010000010010010000100010000010000100000000111010001000011001000000100010010000000101101000010000001000000001000000100100000000000001001101000001000000001100010011000000100000000000100000000001100000001100100001000000100000000010010000001010000000000000001000010000001000000000100000010000001010001100000100000000011000010000000010000010010000001000100000001000000000000110000010000100000000001000010000000001001010000000001000001000000100100000100100001100000000001,6f3420d302b1d95cc68d8b982b75590293cad41ae6ea02e340895aeb64f539ac,row_sparsity,row_sparsity|conj|2c5e43f84a|rng=MT19937-RandomState,,3,3,1,uniform,1;2;3,0.3333333333333333;0.3333333333333333;0.3333333333333333,0.0005426844581961632,5.650613456964493e-05,0.0008184108883142471,0.000996462069451809,0.005453441292047501,0.007872957736253738,0.002414063550531864,16,796,1,6,SAT_unsat_identifiable,1,boolean_factorization,exclude_x,exclude_x,0,684,2763,0,1,1,0,0,0,0,1,1,1,0,0,0.006213195621967316
4,50,10,100,1156917711,87,conj,glucose42,MT19937-RandomState,0.000592309981584549,01000000000000001000000001000010100000000000001000100000000000010000000000001000000000000110000000000001000000000000100010000000000100001000000010000100000000100000010000000000110001110000000100010000000000010000010100000010000000010000000000000000010110001000010001000000000010100000001101001100000010000011000100000000000100010100000010011000000110000000100010000001000100000000000000010000010001100100000000010000000000010000000000000011000010000010010000010001001100000000101000000110000010000101,709cb11fc0f0a63653d85185cb6c9bd4cd3c680f1bd306dee27ecf0c4a704136,row_sparsity,row_sparsity|conj|2c5e43f84a|rng=MT19937-RandomState,,3,3,1,uniform,1;2;3,0.3333333333333333;0.3333333333333333;0.3333333333333333,0.00043705757707357407,5.640741437673569e-05,0.0,0.0,0.0,0.000497136265039444,0.0004934649914503098,10,1024,1,4,identity_submatrix_identifiable,0,,,exclude_x,0,0,0,1,0,1,0,0,0,0,1,1,1,1,0,0.005626707337796688
4,50,10,100,1156917711,88,conj,glucose42,MT19937-RandomState,0.0005946727469563484,00011000100010101000000101000000100100100000110001000000000111000010000010001000000101000000001000001000010000100000000000000010000010001100000000010000000000100000000010000000100000001000100000000001000010000001000011001010000010000010000000000011100010000000100000000000100000000011001000010000101001001000100100101000010100000101000000001100000000001010000000100000000100101000010100000000101010000001010100010011000000001001000011000100101000000000000110100001000101100000000000010000000000000010,0134408defeedf852baa6cf7a092cc5010d79baf102ab2f896bcbb58c7e1f1bc,row_sparsity,row_sparsity|conj|2c5e43f84a|rng=MT19937-RandomState,,3,3,1,uniform,1;2;3,0.3333333333333333;0.3333333333333333;0.3333333333333333,0.0005660988390445709,5.640462040901184e-05,0.0007735174149274826,0.000996333546936512,0.0041753510013222694,0.006572594866156578,0.0023923544213175774,15,974,1,6,SAT_unsat_identifiable,1,boolean_factorization,exclude_x,exclude_x,0,635,2575,0,1,1,0,0,0,0,1,1,1,0,0,0.006282144226133823
4,50,10,100,1156917711,89,conj,glucose42,MT19937-RandomState,0.0006035929545760155,10000001001000000000101100000010100010000110001000010000100000001000000100100000000011001000001000000000001000000001000111000001000000001000010110000000001000100000010101010010000000001000000001001001000010100001000110000000100010000001001000000010000100000000000110100000000100001100000000001000000001000010010100000000000010110000010011000110100000010000000000110000000010001010000011000000001001000000010000000000000111000000011000001010000000001101000100000000000100001001000100001100000000000011,f272b151df45797bc5322be7e7385a9bef7bb94d1fad6bb92faf2f0d4ebc8f48,row_sparsity,row_sparsity|conj|2c5e43f84a|rng=MT19937-RandomState,,3,3,1,uniform,1;2;3,0.3333333333333333;0.3333333333333333;0.3333333333333333,0.000642002560198307,6.0617923736572266e-05,0.0009023137390613556,0.0009983768686652184,0.006338882260024548,0.008947975933551788,0.0026033110916614532,18,882,1,6,SAT_unsat_identifiable,1,boolean_factorization,exclude_x,exclude_x,0,782,3139,0,1,1,0,0,0,0,1,1,1,0,0,0.006625928916037083
4,50,10,100,1156917711,90,conj,glucose42,MT19937-RandomState,0.0005624732002615929,00000100010000000100000010101000000000010000010000000110001010001010000000010000000000100100010010000000101001000000110000001101000000010100000000110010000110000100000100000000001000000100001000010000000001000000000010000010000000100000100001000001000000001010000000100001000001010001000000000001000000001000001000010000000100000010000010100010000000100000000010000001001010010000101000000100010100100000000001110010000000100000000001000000110001000000010000000000111000100000000100000000011000100000,fc3a821f607c4c3e3be473a08b117f43032c1ac855e3abf6f035e4e02b73c53b,row_sparsity,row_sparsity|conj|2c5e43f84a|rng=MT19937-RandomState,,3,3,1,uniform,1;2;3,0.3333333333333333;0.3333333333333333;0.3333333333333333,0.0004975777119398117,5.669053643941879e-05,0.0006640162318944931,0.0010088682174682617,0.0034561743959784508,0.005689430981874466,0.0022271526977419853,12,864,1,6,SAT_unsat_identifiable,1,boolean_factorization,exclude_x,exclude_x,0,498,2022,0,1,1,0,0,0,0,1,1,1,0,0,0.005881350487470627
4,50,10,100,1156917711,91,conj,glucose42,MT19937-RandomState,0.0006085783243179321,01000010100000100000001000000010000001100000011000001000001000100000011000000000011001000010010100000000100000100000000001000000100000101010101001000010000100001000010001000001000000100100001010000000101001000010001010001000000000000110010000001001101000001000000010010000010000110011000000001000000110000000000000011010100000000000000000010001001010100000101000110000000000010010000011000010001001000010010100000011000000000000100000001100000011010000100000100000010001001101000000101100000010000000,3c1b86ddbf9566bb94055c32b73b4e12bde762301eb017e234c48c3fe91494e9,row_sparsity,row_sparsity|conj|2c5e43f84a|rng=MT19937-RandomState,,3,3,1,uniform,1;2;3,0.3333333333333333;0.3333333333333333;0.3333333333333333,0.0006499383598566055,6.525777280330658e-05,0.0010209325700998306,0.0010104281827807426,0.010319669730961323,0.013072389177978039,0.0027465568855404854,21,724,1,6,SAT_unsat_identifiable,1,boolean_factorization,exclude_x,exclude_x,0,949,3725,0,1,1,0,0,0,0,1,1,1,0,0,0.0064993733540177345
4,50,10,100,1156917711,92,conj,glucose42,MT19937-RandomState,0.0005945675075054169,00100001010000000001000000100000000000100010000100010100000001000100000001100000001010100000000010000000100000100000000000000001000011000010000000100010000000001010000001101000000011100000000010000000110010000000001000001010000000000000010000100000000010001000001000100010000010001000010001000001010000010000000001001001100000000000000010000000001101001001001011000000000000100101010000001011000000001000000000110000000000010000000000011000000000000100010000001100000000110000001000110000010001001001,8f85410c603ac4055bcd5ea023c0ef7e52704498a78072c1979eec3eec191d5c,row_sparsity,row_sparsity|conj|2c5e43f84a|rng=MT19937-RandomState,,3,3,1,uniform,1;2;3,0.3333333333333333;0.3333333333333333;0.3333333333333333,0.0005181701853871346,5.945470184087753e-05,0.0008191866800189018,0.0009988369420170784,0.010865343734622002,0.013266674242913723,0.0023956485092639923,16,956,1,6,SAT_unsat_identifiable,1,boolean_factorization,exclude_x,exclude_x,0,664,2741,0,1,1,0,0,0,0,1,1,1,0,0,0.006531666032969952
4,50,10,100,1156917711,93,conj,glucose42,MT19937-RandomState,0.0006115073338150978,10000010000000000010000100001000001100000000010000010000000010000000100001010000000000110000010010100001010000000000000110000010011000100000000011000100000010001001000001100000100011000000100000000010001000000000010001100100000000010000110001001000000001011000000000101000010010100100001001000100011000000001000000001001000000010111010000000100010000000010010100100000000000000100001000000100000000100001000010000000110000100101000000001000000100001000010000000000001000000000001000000110000010001001,c1f54acb4a1543f59eedb7e7a7130f2006aac58d52f3952a1879db9acb6dfc6d,row_sparsity,row_sparsity|conj|2c5e43f84a|rng=MT19937-RandomState,,3,3,1,uniform,1;2;3,0.3333333333333333;0.3333333333333333;0.3333333333333333,0.0005004499107599258,5.8249570429325104e-05,0.0008229836821556091,0.0010023768991231918,0.00416239257901907,0.006552018225193024,0.002384060062468052,16,936,1,6,SAT_unsat_identifiable,1,boolean_factorization,exclude_x,exclude_x,0,674,2752,0,1,1,0,0,0,0,1,1,1,0,0,0.006449343636631966
4,50,10,100,1156917711,94,conj,glucose42,MT19937-RandomState,0.0005965577438473701,10001001001110000000000011100000010010001001000010100000000000101000001001000100010100100001000000010001100001000010000010001000100101000000001010000000010100001001000001010000000001000010100011000000000000001000010000000001000110000000001001010001000100100000000001010000000000101001010000100000000110000000001001010000001101000010000000000010000100010000000000010001000000010000000001100100000001000000011000110000001001000101000101100000001000000000100001000000001100001100100000000100100011100000,19ca6ed8218143da49a7ee8a049c399924f28963366485c0f3db8e33faf35c83,row_sparsity,row_sparsity|conj|2c5e43f84a|rng=MT19937-RandomState,,3,3,1,uniform,1;2;3,0.3333333333333333;0.3333333333333333;0.3333333333333333,0.0006499206647276878,5.579926073551178e-05,0.0008230116218328476,0.0010085534304380417,0.0044421544298529625,0.006984523497521877,0.002537284977734089,16,912,1,6,SAT_unsat_identifiable,1,boolean_factorization,exclude_x,exclude_x,0,674,2752,0,1,1,0,0,0,0,1,1,1,0,0,0.00645146518945694
4,50,10,100,1156917711,95,conj,glucose42,MT19937-RandomState,0.0006074830889701843,00000001001001001000000001000000100000010000001000110001000000100100001000100010100011000011000000010100100010100000000000100000010001101000000101001010100000100100000000000000010000010100010010100001010101000000000001001001000010100000010001000000000001100010001000010000110010000000101000000000001000001000001000010100010100000000110000010000101000010000000100010010001000000100011000000000010000100011010000000010100000010000000000001101010000000101100001000101000000000011000100001000101010100000,b6b4dfea0f4ecd2598b81319fd33e239d47e80952ff04c57c6d922688e8e88f5,row_sparsity,row_sparsity|conj|2c5e43f84a|rng=MT19937-RandomState,,3,3,1,uniform,1;2;3,0.3333333333333333;0.3333333333333333;0.3333333333333333,0.0006656888872385025,6.170198321342468e-05,0.0009359130635857582,0.0009871823713183403,0.005104531534016132,0.007760806009173393,0.0026504863053560257,19,949,1,6,SAT_unsat_identifiable,1,boolean_factorization,exclude_x,exclude_x,0,821,3316,0,1,1,0,0,0,0,1,1,1,0,0,0.00693199597299099
4,50,10,100,1156917711,96,conj,glucose42,MT19937-RandomState,0.0005916515365242958,00001000001100010000101010000001000000000001100000000001010000001000000010011000000000110100100000000101000100001000001101000000000000000011000110000100100000000000010010010000100010000000000000100100000010100001100000000001000000000001010100000000010000100000100000000010000000000000000011001000100000000001000000100000000001000110100000001000000000100100000010000000000000101000000010000001000000011001001000010000000000001000100000000010010001010010000001100000110001000110000100010100000010000000,857bec34dc7dd3185a0f5aea250d71cb81fa6fce5d02102187e8d8fc38a0473f,row_sparsity,row_sparsity|conj|2c5e43f84a|rng=MT19937-RandomState,,3,3,1,uniform,1;2;3,0.3333333333333333;0.3333333333333333;0.3333333333333333,0.000581781379878521,6.250571459531784e-05,0.0009438283741474152,0.0010018674656748772,0.005460863001644611,0.008055679500102997,0.002589982934296131,19,972,1,6,SAT_unsat_identifiable,1,boolean_factorization,exclude_x,exclude_x,0,801,3294,0,1,1,0,0,0,0,1,1,1,0,0,0.006871652789413929
4,50,10,100,1156917711,97,conj,glucose42,MT19937-RandomState,0.0005966704338788986,01000100000010010010100000000000000000011000001001001110000001000101000000100000001000001011000010001000000001000010001101001000001100000000000101000000010000000101010000000000010000000000010000001000000000001001001000000000100000100100001000010001000001000000001010001001000100001000010000001001000000000000010010000001100000010000001000011000100000100010001001000000100011000001010010000000000010000000010000110001000001100100000010000010000001000000000001001001000000000011001000010110000011000000,0fd940fad0f6af4596ef501726347161943d5fe41cb554c0e37a1ce3450fce55,row_sparsity,row_sparsity|conj|2c5e43f84a|rng=MT19937-RandomState,,3,3,1,uniform,1;2;3,0.3333333333333333;0.3333333333333333;0.3333333333333333,0.000613657757639885,5.8088451623916626e-05,0.000815683975815773,0.0009893439710140228,0.004065524786710739,0.006547710858285427,0.0024767741560935974,16,964,1,6,SAT_unsat_identifiable,1,boolean_factorization,exclude_x,exclude_x,0,644,2719,0,1,1,0,0,0,0,1,1,1,0,0,0.006599043495953083
4,50,10,100,1156917711,98,conj,glucose42,MT19937-RandomState,0.0006178366020321846,00000010010000001100100000001000000000110000010000100000010001000000000010010000100000000000010000000010000010010000000100010000110001100000000101100000001000000001100000100000000101000000001100000000010000000001000010000100001010000000110000010000000001001000001001000000000000100000110000000000000100001000100000000010000100000101000000000000100100110000001000110100000000001011000001100000011000010101000001000000001000001100000000110001000001000010000100000100000010010000100000000010000000000101,7060ac5ef4f753aafc2c1ae4c8498d4b6b3265e41e3d82a035747822e5317281,row_sparsity,row_sparsity|conj|2c5e43f84a|rng=MT19937-RandomState,,3,3,1,uniform,1;2;3,0.3333333333333333;0.3333333333333333;0.3333333333333333,0.0005555488169193268,5.6575052440166473e-05,0.0007403148338198662,0.0009919991716742516,0.006362953223288059,0.00871265958994627,0.002344437874853611,14,868,1,6,SAT_unsat_identifiable,1,boolean_factorization,exclude_x,exclude_x,0,566,2365,0,1,1,0,0,0,0,1,1,1,0,0,0.006075701676309109
4,50,10,100,1156917711,99,conj,glucose42,MT19937-RandomState,0.0006045391783118248,00100100000100100010100100100001000000001101000000011010000000100001000010000000001000000000000000010011000000000000100001100000001000000000000001100101101000000110000000000100000000010000000001010001001100000110000000100010110000010000101000001000000001000000100000000010000000010000000100010000100000000110000010000010100001001001000010100010100001001000000000000010010000100000010100010000100110000010001100010001000010110000001000010000000001000101000100100000000001000001010000000000100001000000,11c18396a1565068960df35b52c0f13e09a28c34719a9758d10c831e9f73a92a,row_sparsity,row_sparsity|conj|2c5e43f84a|rng=MT19937-RandomState,,3,3,1,uniform,1;2;3,0.3333333333333333;0.3333333333333333;0.3333333333333333,0.0006123203784227371,5.682557821273804e-05,0.0007844623178243637,0.000995543785393238,0.003924778662621975,0.006379030644893646,0.002449152059853077,15,1016,1,6,SAT_unsat_identifiable,1,boolean_factorization,exclude_x,exclude_x,0,595,2531,0,1,1,0,0,0,0,1,1,1,0,0,0.0064041269943118095
