schema_version,J,K,N,seed,sim,operator,solver_name,rng_engine,generation_time,q_bitstring,q_sha256,design,design_id,p,m_requested,m_effective,min_row_size_requested,row_size_distribution,row_size_support,row_size_probs,basis_time,identity_check_time,two_col_check_time,three_col_check_time,sat_time,algorithm_time,preprocess_time,J_basis,M_basis,identifiable,branch,branch_label,sat_called,sat_formulation,sat_cardinality_encoding,cardinality_encoding_requested,maximal_candidate_requested,sat_variables,sat_clauses,identity_original,not_complete_original,has_pure_node_original,no_pure_nodes_original,has_zero_row_original,two_col_violation_original,three_col_violation_original,two_column_pass_original,both_necessary_checks_pass_original,I_3c,identity_basis,two_col_violation_basis,diagnostics_time
4,50,10,100,2850818391,0,conj,glucose42,MT19937-RandomState,0.0007049925625324249,00000000100001000010100100010001100010000000100011000000010000000010000000001000110010000000000001100000000001001001010010000000010000010010100001000100001000100001000010000010000000001101000100100001000000010010101000000000001001001000010000100010100110000100000100101000110000000000100000001000000000010000000001100000100010000001000000000100010010010100010000100010010001000011000010000000011000000010010000110000100001000000000000101010010100010000010000111010000010001001000110001000010000000100,c15c56b2c6500aa311f5b20abe3e6a0d0f9129d2032c44304e1578723c1ffe1c,row_sparsity,row_sparsity|conj|2c5e43f84a|rng=MT19937-RandomState,,3,3,1,uniform,1;2;3,0.3333333333333333;0.3333333333333333;0.3333333333333333,0.0006075240671634674,9.563378989696503e-05,0.0008551208302378654,0.0010066777467727661,0.01718372106552124,0.019756874069571495,0.002564956434071064,17,907,1,6,SAT_unsat_identifiable,1,boolean_factorization,exclude_x,exclude_x,0,733,2951,0,1,1,0,0,0,0,1,1,1,0,0,0.006622282788157463
4,50,10,100,2850818391,1,conj,glucose42,MT19937-RandomState,0.0006214994937181473,01000000001010000000001000010010010100000100000010000101000000000010100010000000110100000010000001010000100001000000000100000100000001000000000000010000000000100001001010000100000000010000101100010000010000000000000000100011000001000000001100100100000001000000110010000010010100000000000001010100100000011000101100001000100010000001000010010000001100000001010110000000011000000000000010000011010000000000000100110010000000100010000011001000011000000110100000100001010000000000110000010000001000000000,151a5d9984be5ff70da33f52fec257e276958064e6b5ffdad2c9d96adf579590,row_sparsity,row_sparsity|conj|2c5e43f84a|rng=MT19937-RandomState,,3,3,1,uniform,1;2;3,0.3333333333333333;0.3333333333333333;0.3333333333333333,0.0005735810846090317,5.8020465075969696e-05,0.0007633911445736885,0.0010193390771746635,0.0058974530547857285,0.008317437022924423,0.0024143317714333534,15,988,1,6,SAT_unsat_identifiable,1,boolean_factorization,exclude_x,exclude_x,0,625,2564,0,1,1,0,0,0,0,1,1,1,0,0,0.0063524674624204636
4,50,10,100,2850818391,2,conj,glucose42,MT19937-RandomState,0.0006274962797760963,01000000010110000001000100001000011000000000000100000100000010000001001001000100000000000100010000001000000110000000000100000110101000000000000010000010001000000000000011000000111011000000000100001000001001000100010000000010000011000001000000001001000101001000010100001000001010000000000010001001001010010000000010100000000000010001001000010010000000100000100000000000010100100000000001000000100000010100100000010000001101000000100011001000000100100000001000100001000000000001010011000001000000000001,3d772736444aa873c998712aceab54efc34edbe00786dd7d6b49b45c9eb576e8,row_sparsity,row_sparsity|conj|2c5e43f84a|rng=MT19937-RandomState,,3,3,1,uniform,1;2;3,0.3333333333333333;0.3333333333333333;0.3333333333333333,0.0006346637383103371,6.154179573059082e-05,0.0008733468130230904,0.0009990539401769638,0.005118194967508316,0.0076920269057154655,0.002568606287240982,18,988,1,6,SAT_unsat_identifiable,1,boolean_factorization,exclude_x,exclude_x,0,742,3095,0,1,1,0,0,0,0,1,1,1,0,0,0.0067621273919939995
4,50,10,100,2850818391,3,conj,glucose42,MT19937-RandomState,0.0006021130830049515,00100000000100110000010000000010010000000010010000001001100000000010011001000000100000100100101010000010000010000001010000101010000000110100000000110000110001001000000000000000001000010010011000001000010000000100000001000000100110010001000000011010000100000000101000001000100100010000010001010000000000100000000000100000010000000001000000101000000010000010000110000010000001001000000000011100000001000000010000000101010000001101001000100000000000010000000111000001010000000010110000010100000000001000,ed694e4fe9675cac4c76d6c914d6d529d879a579b117bf55749c3591dec5cf07,row_sparsity,row_sparsity|conj|2c5e43f84a|rng=MT19937-RandomState,,3,3,1,uniform,1;2;3,0.3333333333333333;0.3333333333333333;0.3333333333333333,0.0006209798157215118,5.7229772210121155e-05,0.0008336436003446579,0.0009995698928833008,0.004548782482743263,0.007065248675644398,0.0025114230811595917,17,957,1,6,SAT_unsat_identifiable,1,boolean_factorization,exclude_x,exclude_x,0,703,2918,0,1,1,0,0,0,0,1,1,1,0,0,0.006453481502830982
4,50,10,100,2850818391,4,conj,glucose42,MT19937-RandomState,0.0005906457081437111,00000001110100000000101000000000000100010110001000001000000011000100000100000000000001100000000000100000001000000010000000000000100100100000000001001000100000010001000000100000000001100000001000000000000100000100000101101001000000010100000100001110000000110000100000010010010001000000010000101000100000000000100001000000000001100000100100101001000000001000000000100110000100000000010100000100000000100100010010010000000001100000001010000010000101000000000010000000011010000000010001100000100011000010,4714366e28980b4b18f173f933032cd2023ce1608b5bfecba779793ab2725c1c,row_sparsity,row_sparsity|conj|2c5e43f84a|rng=MT19937-RandomState,,3,3,1,uniform,1;2;3,0.3333333333333333;0.3333333333333333;0.3333333333333333,0.000542917288839817,5.284696817398071e-05,0.0006778333336114883,0.001013132743537426,0.004891092889010906,0.007182503119111061,0.002286730334162712,13,976,1,6,SAT_unsat_identifiable,1,boolean_factorization,exclude_x,exclude_x,0,527,2188,0,1,1,0,0,0,0,1,1,1,0,0,0.00595135148614645
4,50,10,100,2850818391,5,conj,glucose42,MT19937-RandomState,0.0005930708721280098,10000000010000000110000100100001000000001000000000000010100001100000100001000010100000000000000010000100001100100100000001001000000000000001000100001100000100011100001000000000100001000000100010000110001100000010010000000001000000000010100100010001010000100000100010001000110010000000010100100000100101000001100000000001000000000100000011010100000000100000000011000100000100000100001100010010000011000011000001000000100000101001000000000100010001100011000000011100000000001010000000100000000010000000,b483d4b53e5f863deba8eb044d1a0554447f43fae1ef93fcf53424bc77326b20,row_sparsity,row_sparsity|conj|2c5e43f84a|rng=MT19937-RandomState,,3,3,1,uniform,1;2;3,0.3333333333333333;0.3333333333333333;0.3333333333333333,0.0006191134452819824,5.7299621403217316e-05,0.0007947897538542747,0.000993107445538044,0.0043846117332577705,0.0068535394966602325,0.0024643102660775185,16,908,1,6,SAT_unsat_identifiable,1,boolean_factorization,exclude_x,exclude_x,0,674,2752,0,1,1,0,0,0,0,1,1,1,0,0,0.0063047101721167564
4,50,10,100,2850818391,6,conj,glucose42,MT19937-RandomState,0.0005826512351632118,00100000000000110000100010000101110000000000001010001000001000100010001000000010000100001000010001010100010000100010010000001000000000000001000010001001000000110110000000010000010001000001010100100001110000000000100001000000100010000000001000000010000001010000001000000100001000000101000100000001101001000001000000001010000000100010000000000001000000000000011110000000000000110100000000101000011010000000010000000000010001001000000100000000001001000000100000000001010000010001100001010010000000100000,a264900c2d508df9087a621177b020feb3d9d0e7b79a2acd83e2a517e74f5f89,row_sparsity,row_sparsity|conj|2c5e43f84a|rng=MT19937-RandomState,,3,3,1,uniform,1;2;3,0.3333333333333333;0.3333333333333333;0.3333333333333333,0.0005204249173402786,5.1732175052165985e-05,0.0,0.0,0.0,0.0005754632875323296,0.0005721570923924446,10,1024,1,4,identity_submatrix_identifiable,0,,,exclude_x,0,0,0,1,0,1,0,0,0,0,1,1,1,1,0,0.005594340153038502
4,50,10,100,2850818391,7,conj,glucose42,MT19937-RandomState,0.0005865534767508507,01000000110000010000001010000000010010101100010000000100000000001110000000000100010000100000010000000000010000000110100000001000000001000000000010000001010001000000001010000000010000010000000001000001000100100011000010000000010001000010100001010001000100010000100000010100000000010001000010000000001000001000000100000000000000110010000000000010000011010000000010000000000000011000000001101000000010000000001001000101001010000001010000010000001001000000000000100000001000001001010001010001000010001001,82329690224ba258d41b1e4b90e1d7903a2154566566df74ca15fc6b17692841,row_sparsity,row_sparsity|conj|2c5e43f84a|rng=MT19937-RandomState,,3,3,1,uniform,1;2;3,0.3333333333333333;0.3333333333333333;0.3333333333333333,0.00048757437616586685,5.53010031580925e-05,0.0006746901199221611,0.0010043717920780182,0.0033376524224877357,0.005565386265516281,0.0022219372913241386,13,944,1,6,SAT_unsat_identifiable,1,boolean_factorization,exclude_x,exclude_x,0,537,2199,0,1,1,0,0,0,0,1,1,1,0,0,0.00592944398522377
4,50,10,100,2850818391,8,conj,glucose42,MT19937-RandomState,0.0005849255248904228,01000100001000000010010010000000001000000001000101010000100000100000000000011001010100000100000101000000000001110000000000000110100000110010000010001010100001000000000001001100000101000010100000001000010000001001001000100000000011000000000110100000000000010100100001000001100010001001001000000010010000100010000100010000000010000100000100100000100000001000000000010000000000000011001000000000010010000011000010010010010000001000100000001011000100000000000000100100000000000110000000000000110000000100,752ae7b14511ac1290b33b8f328d00e2272b99c3ec88b21fb652def220425d00,row_sparsity,row_sparsity|conj|2c5e43f84a|rng=MT19937-RandomState,,3,3,1,uniform,1;2;3,0.3333333333333333;0.3333333333333333;0.3333333333333333,0.000574176199734211,5.928985774517059e-05,0.0008337730541825294,0.0010075625032186508,0.005107277072966099,0.007586343213915825,0.002474801614880562,17,976,1,6,SAT_unsat_identifiable,1,boolean_factorization,exclude_x,exclude_x,0,703,2918,0,1,1,0,0,0,0,1,1,1,0,0,0.006615690886974335
4,50,10,100,2850818391,9,conj,glucose42,MT19937-RandomState,0.0005899351090192795,10000000000000000010000010001101000000110100000000100010100000010100001000000000001100000001000000000100000011001000001100000001100000011100010000000000001011001100000000001000000000001000000001000010010100000000101100001001000001000000010100000001001000100001001100100000001010100001000000000001000000001000000101000010000000001000000110001000000101100100000000000101000010010000000010000000100000000000100000000100001000000000110000001000000000100000100100000010000000000100010000100000010001000000,210bfab2f8b9621185543acc3460f762ecad0bc6d3142fc8595e13eadcb73345,row_sparsity,row_sparsity|conj|2c5e43f84a|rng=MT19937-RandomState,,3,3,1,uniform,1;2;3,0.3333333333333333;0.3333333333333333;0.3333333333333333,0.0005200691521167755,5.399435758590698e-05,0.0007141707465052605,0.0010008346289396286,0.005582787096500397,0.007875467650592327,0.0022890688851475716,14,984,1,6,SAT_unsat_identifiable,1,boolean_factorization,exclude_x,exclude_x,0,576,2376,0,1,1,0,0,0,0,1,1,1,0,0,0.0061598895117640495
4,50,10,100,2850818391,10,conj,glucose42,MT19937-RandomState,0.0005437219515442848,10100000001000000100000100000001010010000010000000000010000100101001001100000100000000000100000100000001000110000010000001000000100000000010001001010010000100000000100000010000000001000100010000100011000010000001000000101000000000001000010000100000000001010100010000101001000000000001001010010001000000001001000000001100000001001001000101000000001001000010000000110000100000001100001000000010011000000100000010000000010010000010010000000111000000010000100110000010000000000001000000010000000001000000,9cff809c6741dde6c12dca327200e49bfdc0d9df274e760cca0f2492d2086ad0,row_sparsity,row_sparsity|conj|2c5e43f84a|rng=MT19937-RandomState,,3,3,1,uniform,1;2;3,0.3333333333333333;0.3333333333333333;0.3333333333333333,0.0005490109324455261,5.606468766927719e-05,0.0007594451308250427,0.0009922906756401062,0.00487345177680254,0.007234568707644939,0.0023568114265799522,15,976,1,6,SAT_unsat_identifiable,1,boolean_factorization,exclude_x,exclude_x,0,635,2575,0,1,1,0,0,0,0,1,1,1,0,0,0.006233615800738335
4,50,10,100,2850818391,11,conj,glucose42,MT19937-RandomState,0.0005960492417216301,00010100000000000010010001000000010010000000101000000010000100001000000000110001100100001000000001000000000011001000000100001101001010000010000110010001001000000000010010000000001000010010101001000000000000001000010001100001010000010010000000100000000010000010001100010000000101001001000001000000100000100110000000010100000000000101010000101001000000000100001000100010000000001010000010110000000101001000000110100000101001000000000000001010000001000000100010000111000000000010000000000100000000000010,ade69261fdc1d4e634dd1cd3ec246ec6de9a99de990934ca3c57fb78e10c169a,row_sparsity,row_sparsity|conj|2c5e43f84a|rng=MT19937-RandomState,,3,3,1,uniform,1;2;3,0.3333333333333333;0.3333333333333333;0.3333333333333333,0.0005434080958366394,5.985423922538757e-05,0.0008696913719177246,0.0009935209527611732,0.0042566582560539246,0.006727561354637146,0.002466474659740925,18,864,1,6,SAT_unsat_identifiable,1,boolean_factorization,exclude_x,exclude_x,0,782,3139,0,1,1,0,0,0,0,1,1,1,0,0,0.0064444998279213905
4,50,10,100,2850818391,12,conj,glucose42,MT19937-RandomState,0.0006166333332657814,00000110001000010000000010000101000000000000100000010101000000000100010000010000100010001000010001100000010010000100000010100001000000100000000000001000000001010000000100000010000100010000001000000000000000000100001010000000010001100000101000000001000000000010100000000000000011000101001000000010010100000010001100000000001000000000000110000000000011100000010000001000100000001001110000100001000001000010000011010000000000010000010001100010110000100001000110000000000110001101000000010100100001100010,a0f40ec1c1b17d1f155b9ebe0a76ea3f06c9a94cc3c5d1bce6a98bf0c8800deb,row_sparsity,row_sparsity|conj|2c5e43f84a|rng=MT19937-RandomState,,3,3,1,uniform,1;2;3,0.3333333333333333;0.3333333333333333;0.3333333333333333,0.0004947874695062637,5.2195973694324493e-05,0.0,0.0,0.0,0.0005503715947270393,0.0005469834432005882,10,1024,1,4,identity_submatrix_identifiable,0,,,exclude_x,0,0,0,1,0,1,0,0,0,0,1,1,1,1,0,0.00564250722527504
4,50,10,100,2850818391,13,conj,glucose42,MT19937-RandomState,0.0005939556285738945,00001000010000110000000000011000001000000000010000000010110000011000000000100000010000001000000110010110000001000011000100000100001001100000000000010000000000110001000001000001000010000000010100100001001000000000010100000101000010000101000010000000110110000000000100100001101000000110000010001000000000000001001000010000100000000010000000010000000001110000000000100000000010100000010100100001001000010010000010000001000000010000000000100000001000010000010000000000100000001000000000000011100000010001,dcb95d211be60e4083148d4633e714ce53ac32cc4ba6ab97c090aa60aab18698,row_sparsity,row_sparsity|conj|2c5e43f84a|rng=MT19937-RandomState,,3,3,1,uniform,1;2;3,0.3333333333333333;0.3333333333333333;0.3333333333333333,0.0005909604951739311,6.030965596437454e-05,0.0009106425568461418,0.0009854882955551147,0.01220240630209446,0.014753997325897217,0.0025474010035395622,19,852,1,6,SAT_unsat_identifiable,1,boolean_factorization,exclude_x,exclude_x,0,821,3316,0,1,1,0,0,0,0,1,1,1,0,0,0.006420220248401165
4,50,10,100,2850818391,14,conj,glucose42,MT19937-RandomState,0.0005970969796180725,01000101001000000000000100010000000000100000001000100000101001000000000100000110000100000000001100000000000001000000011101000001001000100100010010100001000000000000001000100010000000000100000010000100100000001011000001001000101000010010000000001000000001000001010000011000011000100000100101000001100001000101000010010010010000000001000000000000000010000000000110110000001100000000000100000100100100011010000000100000001000001000110100000100010001000100000010000000011010000000110000000010100010000000,ad725b580b201c7bd1577e38e5e47347cc67586c9341926599694cfeb9148896,row_sparsity,row_sparsity|conj|2c5e43f84a|rng=MT19937-RandomState,,3,3,1,uniform,1;2;3,0.3333333333333333;0.3333333333333333;0.3333333333333333,0.000595632940530777,5.762651562690735e-05,0.0007930593565106392,0.0009869802743196487,0.006161944940686226,0.008599214255809784,0.0024332990869879723,16,1008,1,6,SAT_unsat_identifiable,1,boolean_factorization,exclude_x,exclude_x,0,664,2741,0,1,1,0,0,0,0,1,1,1,0,0,0.00631039310246706
4,50,10,100,2850818391,15,conj,glucose42,MT19937-RandomState,0.0005962839350104332,00010001000000011100000000000101000100100001011000000000100001000000100000000010001000100010000000000010010100000000001010000000100000001000010001000110000010000000000110000000101000100000110010100000100010000100001100000101000000111000000000010000000000101000100010010000000111000000010000010100010000000010001000000000001100000001010010000010000010011000100010000000000000000011000001010000000100101000010000100001000000000000100000100000000010000101000000000000001000000001110000010010010000100000,8135a73f7c952df389cf6e4510cdb6d3f6b99c266a8370f23e1a28fea29640dd,row_sparsity,row_sparsity|conj|2c5e43f84a|rng=MT19937-RandomState,,3,3,1,uniform,1;2;3,0.3333333333333333;0.3333333333333333;0.3333333333333333,0.0005897944793105125,5.995761603116989e-05,0.0008719805628061295,0.0009912904351949692,0.004680662415921688,0.0071977274492383,0.002513023093342781,18,964,1,6,SAT_unsat_identifiable,1,boolean_factorization,exclude_x,exclude_x,0,752,3106,0,1,1,0,0,0,0,1,1,1,0,0,0.006634630262851715
4,50,10,100,2850818391,16,conj,glucose42,MT19937-RandomState,0.0005867378786206245,00110001000001000000000100000000000010000100000000000000000100100000010011000000000101100000000000101000000100000010100000001000000000010000100100001000001000011010000001000001000000011000000100110000000101000000100101000100000110000000001000000000101110000000000000000100001010101010001000000100001000000001000000100000000010000100110010000000100011000010000000000001010000110001000000000100110000000011000001100001000000010001010000000100000010000000110010000010000000001000000011000001000101000000,bc50fe4d3a2dd2e36b181652bf490b74873641309974941d630716110468ce82,row_sparsity,row_sparsity|conj|2c5e43f84a|rng=MT19937-RandomState,,3,3,1,uniform,1;2;3,0.3333333333333333;0.3333333333333333;0.3333333333333333,0.00048764608800411224,5.55114820599556e-05,0.0007545445114374161,0.0009888475760817528,0.003833356313407421,0.006123973987996578,0.0022865496575832367,15,970,1,6,SAT_unsat_identifiable,1,boolean_factorization,exclude_x,exclude_x,0,635,2575,0,1,1,0,0,0,0,1,1,1,0,0,0.006353982724249363
4,50,10,100,2850818391,17,conj,glucose42,MT19937-RandomState,0.0005820859223604202,01000000000001001000000001000000000101000001001000000110000001000000000001000000000000100110000010010000100000000000010001100000000000110001000000110001000000000100100000010000000100010011000001010010011000100001000000010000000001100000000001010100000000011001101000000000101010000010101000010000001100000000010001000000010000010000000001000111000000000000001100001000000000011001100010000000000010000000000001100101000001100000100000010100010001000101000001010000010000010000000110010000000000000011,5c2daae9f963e3a41c55d7f76ce007bdbdb119f8ac2d579d8ccec308a8c3c583,row_sparsity,row_sparsity|conj|2c5e43f84a|rng=MT19937-RandomState,,3,3,1,uniform,1;2;3,0.3333333333333333;0.3333333333333333;0.3333333333333333,0.000518077053129673,5.405023694038391e-05,0.0007189121097326279,0.001008422113955021,0.0041280342265963554,0.006431499496102333,0.0022994615137577057,14,802,1,6,SAT_unsat_identifiable,1,boolean_factorization,exclude_x,exclude_x,0,596,2398,0,1,1,0,0,0,0,1,1,1,0,0,0.005799873732030392
4,50,10,100,2850818391,18,conj,glucose42,MT19937-RandomState,0.0005836877971887589,01000000000000010000001000000000011000000000010000001000101001000000010000100011001000100100010101000001000000011000100001000001001100000100100100000100000100001000010000000100100000100000001000000000000100000000011001000001001010000010100000000001001000100001000000100000000101000101100000010000101010000000000100000000000001011000101010001000010001000000010000101001000000010000100100100010100000010000100000000000110010000000000101010000001000100100010000100001010000000000000100010000000000001000,bc2d658fbfc312018af8eeb5497205dcf62e802ee10a99f3da3650cadfa82ff2,row_sparsity,row_sparsity|conj|2c5e43f84a|rng=MT19937-RandomState,,3,3,1,uniform,1;2;3,0.3333333333333333;0.3333333333333333;0.3333333333333333,0.0005733482539653778,5.451589822769165e-05,0.00071696937084198,0.0010003848001360893,0.0034051844850182533,0.005754278041422367,0.0023452183231711388,14,934,1,6,SAT_unsat_identifiable,1,boolean_factorization,exclude_x,exclude_x,0,596,2398,0,1,1,0,0,0,0,1,1,1,0,0,0.006013751029968262
4,50,10,100,2850818391,19,conj,glucose42,MT19937-RandomState,0.0005928492173552513,00101000010000101100000001000100000001010010000000100001000010000000000010010000000001000010010000100000000001000000011000011000100101000100000000000101010000010000010000000000100000001000010100000011000010011010010000010000000111000011010000011000100000011100000001011000001000001000010000100010100000000010000000110100100000000000000100010010010001100101000000000100010100001010110000100000000001000000111000011100000001000100010001000000010001000001100000000000001000001000010101100000010001000000,64ab6a069a1abffcc1c37a48d14333d53a63b04bda525d78b86e626e03d9b560,row_sparsity,row_sparsity|conj|2c5e43f84a|rng=MT19937-RandomState,,3,3,1,uniform,1;2;3,0.3333333333333333;0.3333333333333333;0.3333333333333333,0.000563131645321846,5.8717094361782074e-05,0.0008757449686527252,0.0010055024176836014,0.004652872681617737,0.007160262204706669,0.0025030961260199547,18,887,1,6,SAT_unsat_identifiable,1,boolean_factorization,exclude_x,exclude_x,0,792,3150,0,1,1,0,0,0,0,1,1,1,0,0,0.00655325036495924
4,50,10,100,2850818391,20,conj,glucose42,MT19937-RandomState,0.000606250949203968,00010000100000000100000000010000000100000010010000001000101000010100101010000100000110001001000001000000011001000000001000010110001000000010000101001000000110100001000000000001001000000001000000010000001100010000100000010000100000001000100000000010000100000000000000000100010000000100011000001000101001000000010000000100100010000000001000110000011100000000000110000000010000100000010000000010000000100011000001100000010010000000000010100001010000000001000000000000000010000001000000100100100000001011,a086ff5098adc93027453d6389a382a1cec523453c575e98a454d0929a460e6b,row_sparsity,row_sparsity|conj|2c5e43f84a|rng=MT19937-RandomState,,3,3,1,uniform,1;2;3,0.3333333333333333;0.3333333333333333;0.3333333333333333,0.0004981709644198418,5.57461753487587e-05,0.0007267100736498833,0.0009958213195204735,0.003315843641757965,0.005596364848315716,0.002276448532938957,14,984,1,6,SAT_unsat_identifiable,1,boolean_factorization,exclude_x,exclude_x,0,576,2376,0,1,1,0,0,0,0,1,1,1,0,0,0.006102138198912144
4,50,10,100,2850818391,21,conj,glucose42,MT19937-RandomState,0.0005781287327408791,00100001010111000000000000010000100100000001000001001000010100000001000001100001011000000001001000000100000000010000000000010000000000000100100000000000001000011000100000010000000010001000100000001100010000100100100000100001010010000000011001000000000001000000010000001000001000000000001001010000000000100000000001110000010000100110000000001000011000001000001010000000101000000000000000101000000010000000011010010000000010000100010000000001000010000011000000100100000000001001010000100001000000000100,4f88b5cb1de5007f05e2d8bcc8d1caeee474eac03dfce072d32010bdd9b88938,row_sparsity,row_sparsity|conj|2c5e43f84a|rng=MT19937-RandomState,,3,3,1,uniform,1;2;3,0.3333333333333333;0.3333333333333333;0.3333333333333333,0.0005469471216201782,6.147846579551697e-05,0.0009106192737817764,0.0009978516027331352,0.006451821886003017,0.00897281989455223,0.002516896463930607,19,932,1,6,SAT_unsat_identifiable,1,boolean_factorization,exclude_x,exclude_x,0,811,3305,0,1,1,0,0,0,0,1,1,1,0,0,0.006706219166517258
4,50,10,100,2850818391,22,conj,glucose42,MT19937-RandomState,0.0005847327411174774,00000010000000000001101000000100100100000000001000000000011100000100000000001010000010000000001010000000001000000101000000000010100010001000001000101010100010000010000100010000001000100000010100000000100100000100010001000010010001000001110010010100001001001000001011000000000001001010000100001000001100000001000100000010100000100001101000000010001000000000001000110000000110001000000100000000010100010001101000010001010010010001001010000001001000010101001000000100000001000010000000001100000001110000,93b68142c05fed6173c9a8aba6d1deaf263222dd5f4cac5290c6afb6f04ae4b2,row_sparsity,row_sparsity|conj|2c5e43f84a|rng=MT19937-RandomState,,3,3,1,uniform,1;2;3,0.3333333333333333;0.3333333333333333;0.3333333333333333,0.0006115781143307686,6.245262920856476e-05,0.0009656287729740143,0.0010175500065088272,0.004515434615314007,0.00717660877853632,0.002657209523022175,20,922,1,6,SAT_unsat_identifiable,1,boolean_factorization,exclude_x,exclude_x,0,860,3493,0,1,1,0,0,0,0,1,1,1,0,0,0.006928583607077599
4,50,10,100,2850818391,23,conj,glucose42,MT19937-RandomState,0.0005946317687630653,00000000010101000000100000000000001100001010001000110000000000001100011001001000101100000000100010100010000000010000000000010100000000001010010011000000000100000000000111000100000000010100000010000000001000000000000100110001000000001000000010010001000000010010000001000110000000000001100010000000100000000001010100000001000011001010100010000001101000000000010000000000100010000000000001001000100010000000001000010010010001110000000000001000000000001111000100000000000100010010000000000011010100000000,5b22aed8b9de506059381529ff5229b2cc936bd0a635f7b5b0e6739a5f061f56,row_sparsity,row_sparsity|conj|2c5e43f84a|rng=MT19937-RandomState,,3,3,1,uniform,1;2;3,0.3333333333333333;0.3333333333333333;0.3333333333333333,0.0005078213289380074,5.3404830396175385e-05,0.0006688525900244713,0.0010024821385741234,0.003307824023067951,0.005544210784137249,0.0022325608879327774,13,944,1,6,SAT_unsat_identifiable,1,boolean_factorization,exclude_x,exclude_x,0,537,2199,0,1,1,0,0,0,0,1,1,1,0,0,0.005887276493012905
4,50,10,100,2850818391,24,conj,glucose42,MT19937-RandomState,0.000587858259677887,01001000000100000000011000000100011010000001000000010010000110000001100100000000000010001000000000100100000000010000000011000001000010001000000100000000000111000001001001000000001010011000000001100001000000001000010010001001000010000010100100000001000100100001100000000000001010000010100000001000001000000001000000010110001001000000001010000000100001010000000000000001000010000000010000001010100010000110000000000010000000010001011000000000100010000000000001000011000100011000000001000000100000000001,616fdd333bb3895d2cdbbb071bdd54008b5ac2aadfa260018748fc26926248fd,row_sparsity,row_sparsity|conj|2c5e43f84a|rng=MT19937-RandomState,,3,3,1,uniform,1;2;3,0.3333333333333333;0.3333333333333333;0.3333333333333333,0.0005319369956851006,5.3763389587402344e-05,0.0007254602387547493,0.001008346676826477,0.0036619212478399277,0.0059852683916687965,0.0023195073008537292,14,832,1,6,SAT_unsat_identifiable,1,boolean_factorization,exclude_x,exclude_x,0,586,2387,0,1,1,0,0,0,0,1,1,1,0,0,0.005799229256808758
4,50,10,100,2850818391,25,conj,glucose42,MT19937-RandomState,0.0005812207236886024,00000100000000000001000000001100100100000000000010001010000100000011100001110000000011001000100100001000110000000010000000000100100010000000000100011010000000001000100000010001001000001011000001000001000000010101100000000100101000000000010001100000011000000000100000000000101000000001000100010100000000001000000100000000000000011100001000000110000100000100000000000000111010001000000000100000100000001000000001010000100110100000010100000100010001100001000000000000000001000001000110000000000000100000,c5d718991073e47a383721aa223ccaeeb3f0c6d004fbb7dbc6a66db129700848,row_sparsity,row_sparsity|conj|2c5e43f84a|rng=MT19937-RandomState,,3,3,1,uniform,1;2;3,0.3333333333333333;0.3333333333333333;0.3333333333333333,0.000509016215801239,5.1889568567276e-05,0.0,0.0,0.0,0.0005637919530272484,0.000560905784368515,10,1024,1,4,identity_submatrix_identifiable,0,,,exclude_x,0,0,0,1,0,1,0,0,0,0,1,1,1,1,0,0.005583778955042362
4,50,10,100,2850818391,26,conj,glucose42,MT19937-RandomState,0.0005735885351896286,00000000011000001000100000000000000010000001100010000001000000010000001000000000000101000000100000000100000100000110000000001000110010100000010011000000000000100001010010000010001000000000010000011100000000001100000010100001100000000100011000000011100001110000000100000000001100000001001000000010000001010001000100001100101000001001000010000001000000000000100000000000100001000000000000001100001100000000100000000011100001000001000010000100100000001100000100000100000000010001100010000100000110010000,4484962e5e3f4cd964276b68262b6b8b3d85f76a2e15f61ec5c4ef9a714f421f,row_sparsity,row_sparsity|conj|2c5e43f84a|rng=MT19937-RandomState,,3,3,1,uniform,1;2;3,0.3333333333333333;0.3333333333333333;0.3333333333333333,0.000544392503798008,5.473848432302475e-05,0.0007202019914984703,0.0009827539324760437,0.004532555118203163,0.0068383123725652695,0.0023020869120955467,14,960,1,6,SAT_unsat_identifiable,1,boolean_factorization,exclude_x,exclude_x,0,586,2387,0,1,1,0,0,0,0,1,1,1,0,0,0.006055406294763088
4,50,10,100,2850818391,27,conj,glucose42,MT19937-RandomState,0.0005855178460478783,00100110000010010010001000000011010000000000000100000101000000000000100000101000000001000000010000001110000000010001000000110000000110001000000101000000000011001001000001000001000001100000000001001001000011000001011000000000010000010000000011000010000000001010000000001000110010000000010010000001100001010000000100011000001001001000010000000001001000000011001000000000100000000001100100000000000000110000111000000010000000100100000100100000000000100001000000001000000001001000000100000100010001010010,241ddd643b808ecdae3f65261a4cbddaa6b2557e0c467377b4abdcfb64d89263,row_sparsity,row_sparsity|conj|2c5e43f84a|rng=MT19937-RandomState,,3,3,1,uniform,1;2;3,0.3333333333333333;0.3333333333333333;0.3333333333333333,0.0005272431299090385,5.2873045206069946e-05,0.0006790347397327423,0.0009862324222922325,0.0035705100744962692,0.005819610320031643,0.0022453833371400833,13,944,1,6,SAT_unsat_identifiable,1,boolean_factorization,exclude_x,exclude_x,0,537,2199,0,1,1,0,0,0,0,1,1,1,0,0,0.006059915758669376
4,50,10,100,2850818391,28,conj,glucose42,MT19937-RandomState,0.000592423602938652,00000010110000000001001010000100010000100000100000000100000101001001000000000100010000100010100000000010001001001010000000000011001100001000001110000000010010000000100100010000000000000000010101100000000000001001000110000000000001000100010011010000001000000010000001100000010000000010001000101000000101010000000000000110000000100000000110010000011100001000000010000000000000000001101000000001000000001001000010010001001001101000000000000100100000010010001000000000010000000010000100010100001010000000,cc6ccae0206d6396b78e4ba5b3899c5bde1ef19deb1d8b4a23d552e7c9051a93,row_sparsity,row_sparsity|conj|2c5e43f84a|rng=MT19937-RandomState,,3,3,1,uniform,1;2;3,0.3333333333333333;0.3333333333333333;0.3333333333333333,0.0005367100238800049,5.06620854139328e-05,0.0,0.0,0.0,0.0005900813266634941,0.0005873721092939377,10,1024,1,4,identity_submatrix_identifiable,0,,,exclude_x,0,0,0,1,0,1,0,0,0,0,1,1,1,1,0,0.005526083521544933
4,50,10,100,2850818391,29,conj,glucose42,MT19937-RandomState,0.0005925837904214859,01000000000000100000000000010000101001001000100010000010010100001000000101000100011000000000000010100000000100010000001111000000010011000000010010000000010010000010000000100000000000010000000010000000000110100000000001000010001000000001000100011010000001000010100100010001100000000000011000000010001100010100010000101100000001010000000000010000010000100010100000100100000000000001000000001010000001100000000010000001000010000010010100000110000100000001000000001000100001000010000001010010000010100001,3eeae00ae7690fc127f9312e037afe6c7001ce7cf76f7b37c880e865cce0f827,row_sparsity,row_sparsity|conj|2c5e43f84a|rng=MT19937-RandomState,,3,3,1,uniform,1;2;3,0.3333333333333333;0.3333333333333333;0.3333333333333333,0.0005825133994221687,5.5888667702674866e-05,0.0007967762649059296,0.0010102828964591026,0.004630169831216335,0.007079447619616985,0.002445461228489876,16,1008,1,6,SAT_unsat_identifiable,1,boolean_factorization,exclude_x,exclude_x,0,664,2741,0,1,1,0,0,0,0,1,1,1,0,0,0.006395431235432625
4,50,10,100,2850818391,30,conj,glucose42,MT19937-RandomState,0.0006149960681796074,00000001000001000100100000000000010000010100000010000000010000010100000001010000000001000000001101000000000010001000000111100000000010000000100000001100100000000001110000110000000010000000100110010000000000010000001000100100010000100000001100000110010010010000001000000000100000100100000000100000000000000101100100000001010001000000000010001000000000000111000010011000000000000100000000100000000100001000000000000000000100001001010010010000010000100000000000100001000000010010000000100100001000010000,990c6107872221fbb21f7dec77321d1cfa78699e1f6f9da52a6b2b192f1687ce,row_sparsity,row_sparsity|conj|2c5e43f84a|rng=MT19937-RandomState,,3,3,1,uniform,1;2;3,0.3333333333333333;0.3333333333333333;0.3333333333333333,0.0005106944590806961,5.805026739835739e-05,0.0007624272257089615,0.0010011475533246994,0.003812231123447418,0.006148454733192921,0.0023323195055127144,15,972,1,6,SAT_unsat_identifiable,1,boolean_factorization,exclude_x,exclude_x,0,635,2575,0,1,1,0,0,0,0,1,1,1,0,0,0.006199149414896965
4,50,10,100,2850818391,31,conj,glucose42,MT19937-RandomState,0.0005905693396925926,11000000100000001000000100101000000100000010100010110010000000000100001100000000000010001100010010000000011000010000011000001001000001000010100010000100011000000001001001000010100000000000100001000010000100000000101010000001100000001010000001000000001010000010010001100000000100000000000100000010000000101000010110000000000000101000100000001100100000000001100000010000000100010000110100000010000000010010000010100001100001000001010000100001010000000000110000000000000100001010000110000000000000010000,88e5d08a6deadd74ef931e5e7ec2816d54312203fefa913a3807f18fc3926cbf,row_sparsity,row_sparsity|conj|2c5e43f84a|rng=MT19937-RandomState,,3,3,1,uniform,1;2;3,0.3333333333333333;0.3333333333333333;0.3333333333333333,0.0005475487560033798,5.206465721130371e-05,0.0006911652162671089,0.001000683754682541,0.003347906284034252,0.005643150769174099,0.0022914623841643333,13,952,1,6,SAT_unsat_identifiable,1,boolean_factorization,exclude_x,exclude_x,0,537,2199,0,1,1,0,0,0,0,1,1,1,0,0,0.0059549883008003235
4,50,10,100,2850818391,32,conj,glucose42,MT19937-RandomState,0.0005931295454502106,10001000000000010000001101000000000010010000001000010010000100001001001000100000000000000111000000100001000000000111000000100000100000000110000100100000000000010011010000001000001000010000101000000001001000011001010010000000000010010000010000000100010100000000000001000000101010000000101010000011000000000001101000000000000101000000000000010001000000000010000100000000100110000000000001000000100001100110000100100000000001000000110100000000001000000000101000000001010001000100010110000010001000000000,aea3a05c250021b3e57236cdd8b25ef35019c3a2c50d273d76c2caed16270641,row_sparsity,row_sparsity|conj|2c5e43f84a|rng=MT19937-RandomState,,3,3,1,uniform,1;2;3,0.3333333333333333;0.3333333333333333;0.3333333333333333,0.0005705701187252998,5.863700062036514e-05,0.0008358573541045189,0.0009959572926163673,0.0043639326468110085,0.006828866899013519,0.002461021766066551,17,964,1,6,SAT_unsat_identifiable,1,boolean_factorization,exclude_x,exclude_x,0,703,2918,0,1,1,0,0,0,0,1,1,1,0,0,0.0064651016145944595
4,50,10,100,2850818391,33,conj,glucose42,MT19937-RandomState,0.0005904585123062134,01100010000000000110000101000000000010000100001000001010000101000000000000000100000000010000000000100001010001000010000000110000000000010001000000001100100010000010000000011100000000001101000010001100011100000000011000000000000111100000000010000010100001000000010100010000100000000001000001001000000010101000000000100100000000010010000000000101000000001010100000001110000010100001000010000000000010000000001000000100110000100000010100000000100001000100010000000000100011000000100000110000010000110100,e6246a1034144fa91bff091d2add6e6388c6777222ca2402ca940a1dc5416fbd,row_sparsity,row_sparsity|conj|2c5e43f84a|rng=MT19937-RandomState,,3,3,1,uniform,1;2;3,0.3333333333333333;0.3333333333333333;0.3333333333333333,0.0005519436672329903,5.950033664703369e-05,0.0007564974948763847,0.0010046660900115967,0.005465028807520866,0.007841887883841991,0.0023726075887680054,15,912,1,6,SAT_unsat_identifiable,1,boolean_factorization,exclude_x,exclude_x,0,625,2564,0,1,1,0,0,0,0,1,1,1,0,0,0.006041713058948517
4,50,10,100,2850818391,34,conj,glucose42,MT19937-RandomState,0.0005884291604161263,00101000100010000000000000100010010000101100000000000100101010000001011100001000000000001000010000000100000011010000011000100000000000010001100000000100100011000100010000001000000000001000010010100000100010000000000000101000000000000100000000101100000000110000001000000100000000010000010110100001001010000010000010001100000110000000000000010100100100000000010000000000010000010000110000000001000000000000011100000000011100100010000111000000001000100100011000000001000010000001100000000010011000000000,86b490752113ccd97d0baf7a225ffb578936c919bec997bfd98b3e3bbd97e951,row_sparsity,row_sparsity|conj|2c5e43f84a|rng=MT19937-RandomState,,3,3,1,uniform,1;2;3,0.3333333333333333;0.3333333333333333;0.3333333333333333,0.000568123534321785,5.605816841125488e-05,0.0007593324407935143,0.0010017389431595802,0.0044053299352526665,0.006794550456106663,0.0023852530866861343,15,1012,1,6,SAT_unsat_identifiable,1,boolean_factorization,exclude_x,exclude_x,0,605,2542,0,1,1,0,0,0,0,1,1,1,0,0,0.006304463371634483
4,50,10,100,2850818391,35,conj,glucose42,MT19937-RandomState,0.0005817143246531487,00000010000010000010000000011010000000000000100000000000010010100010001000000000000100000000000000010000000001010000000011000010000000100000001101000000010000010010001100001100000010000100010000001001000100010000000100010011000001010000010110001010000000000100000101001001100000000010100000010001010000001001000010000000001000001000010010000000000001000000010110000000000100000101000100000010001001000001000000011010000000100001011000001000100010000010100010000000000100010001100001000101001100000000,845b200d4efc600417e452ef0d3379fb451c9cbccdfa8ea483fd02a5005bfaaf,row_sparsity,row_sparsity|conj|2c5e43f84a|rng=MT19937-RandomState,,3,3,1,uniform,1;2;3,0.3333333333333333;0.3333333333333333;0.3333333333333333,0.0005495594814419746,5.468074232339859e-05,0.0007579298689961433,0.0009932639077305794,0.004474651999771595,0.006833974272012711,0.002355434000492096,15,840,1,6,SAT_unsat_identifiable,1,boolean_factorization,exclude_x,exclude_x,0,645,2586,0,1,1,0,0,0,0,1,1,1,0,0,0.005989424884319305
4,50,10,100,2850818391,36,conj,glucose42,MT19937-RandomState,0.0005939453840255737,01000101000000000101001000000000001100100010000100000010000110010010000000100110000100001010000100000000000100001000000000000001100001010000011000010010100000000010100001100000011001000000000000100110000010000000001010000001000001001011000000100100000000000100110000010001000001001000001100010001010000000001000000010110000100001100001000001000101000010000001110000001000010100100000010000100100100000000000001011001000000001000111101000000010000000000001000000000010010000001001111000000010000011000,5e44a8b9d804c5f28ad3e6508d58620016e28a9c8a23850cf2fdc0dac7a04fba,row_sparsity,row_sparsity|conj|2c5e43f84a|rng=MT19937-RandomState,,3,3,1,uniform,1;2;3,0.3333333333333333;0.3333333333333333;0.3333333333333333,0.0006470195949077606,6.754137575626373e-05,0.0011048493906855583,0.0010094288736581802,0.006254236213862896,0.009087931364774704,0.002828839235007763,24,859,1,6,SAT_unsat_identifiable,1,boolean_factorization,exclude_x,exclude_x,0,1066,4256,0,1,1,0,0,0,0,1,1,1,0,0,0.007172642275691032
4,50,10,100,2850818391,37,conj,glucose42,MT19937-RandomState,0.0005847187712788582,10000010000110001000100010001001000001000100000100000100000001010000000100100100000010010100100100100100000010000100110001000000001000000001000010100000001000100010000000010000000011100000000000000010001000100000000000100110001000000010010000000110000010000010000110000000110001000100001000000000000100000011001000000000000110010001000000100100000110000000001000000000110110100000000001000010000000000000000100000010000000001000000000101000001000010000100100100011000100000000010000010000110000010101,e0f06448d8eb718e4bc61928ed6d614b198680afeb2facb5e9eebd15570a565b,row_sparsity,row_sparsity|conj|2c5e43f84a|rng=MT19937-RandomState,,3,3,1,uniform,1;2;3,0.3333333333333333;0.3333333333333333;0.3333333333333333,0.0005571339279413223,5.574803799390793e-05,0.000751870684325695,0.0010121185332536697,0.004380717873573303,0.006761346943676472,0.002376871183514595,15,1016,1,6,SAT_unsat_identifiable,1,boolean_factorization,exclude_x,exclude_x,0,595,2531,0,1,1,0,0,0,0,1,1,1,0,0,0.006256586872041225
4,50,10,100,2850818391,38,conj,glucose42,MT19937-RandomState,0.0005902796983718872,01001100000010010001100001000000000001010101000000000000100000000001101001000000000001000000000000011000000000010000100000010000000010001000000001000000010010100010000010100000000001001000000100000000100100100000100010000000100001100001000100100001010100010000000000011100001000010000100000000100001000010101001011000000000000001000100000000010000000000001000000100010001000010000100100000000000111000001010000101000100000000101010000100000000010100000000100000100000011000000110100100000100000000010,0358770f12351b1a1325be8b8599351ddf6a543d87d22bf6b82544c81ad9733c,row_sparsity,row_sparsity|conj|2c5e43f84a|rng=MT19937-RandomState,,3,3,1,uniform,1;2;3,0.3333333333333333;0.3333333333333333;0.3333333333333333,0.000538569875061512,5.872827023267746e-05,0.0006743809208273888,0.0009980183094739914,0.00948506873100996,0.011758740991353989,0.0022696973755955696,13,944,1,6,SAT_unsat_identifiable,1,boolean_factorization,exclude_x,exclude_x,0,537,2199,0,1,1,0,0,0,0,1,1,1,0,0,0.005789937451481819
4,50,10,100,2850818391,39,conj,glucose42,MT19937-RandomState,0.0005884598940610886,01010001000010010001001010000000000010000001000100001100000000010000110100000001110000100010000000000100000000100011000011100000001000100010001000000010001000000001100001100000000000000100000100010000010000110001011000000100100001000000001010110000001010000000001000000000000000010110001000000110010000000000010001100000000000110000010001100010110000000000001010010000000001100001010110000001000110000000100000010100000010001000000001010100100000100000010100001100000000000000100000011000000001010010,9eac10c7dc347946593b7ac4ab029c5b526967d93f7047d84201eab15a88ce06,row_sparsity,row_sparsity|conj|2c5e43f84a|rng=MT19937-RandomState,,3,3,1,uniform,1;2;3,0.3333333333333333;0.3333333333333333;0.3333333333333333,0.0006423927843570709,5.7338736951351166e-05,0.000797271728515625,0.0009982911869883537,0.004140846431255341,0.006640189327299595,0.002495294436812401,16,890,1,6,SAT_unsat_identifiable,1,boolean_factorization,exclude_x,exclude_x,0,654,2730,0,1,1,0,0,0,0,1,1,1,0,0,0.00612531416118145
4,50,10,100,2850818391,40,conj,glucose42,MT19937-RandomState,0.0005650026723742485,10000000100100011000000010001000110000000000110000100000000000000000100101010000000010000000000000100100010000001001000110000001001000010000100010100010000000100110000000001000000001010010000000010100000100000000000000010001000000000001000000000101000000001010100010100000100100000011001000100000000010010010000000000001000001001110000000000000000010100000000000010001100000101000001000001001100001000000000101110000000110010000000010000001001000000000000000100001100000000011010000101000100011000010,b5b1a6155e01d6224d4b6b2c7c42cb98ea02b196af2a1f3885b07838ce2c9ff4,row_sparsity,row_sparsity|conj|2c5e43f84a|rng=MT19937-RandomState,,3,3,1,uniform,1;2;3,0.3333333333333333;0.3333333333333333;0.3333333333333333,0.0006097964942455292,6.511528044939041e-05,0.0009909970685839653,0.0010128477588295937,0.005548609420657158,0.008231904357671738,0.0026787566021084785,21,879,1,6,SAT_unsat_identifiable,1,boolean_factorization,exclude_x,exclude_x,0,919,3692,0,1,1,0,0,0,0,1,1,1,0,0,0.006771884858608246
4,50,10,100,2850818391,41,conj,glucose42,MT19937-RandomState,0.0006023012101650238,10000100010100001100000000011000000000010011010000100010000001000000000000100000000110010001010000000000001000001000001101000000000000100000000000100100100010010010000000100000000000110000000010000000010010100000101000100010000000000011100010000000000010001010011000010000001100000000010000101001000010010010000010000110001000000010000001000000000010000000000100000001000000000010000101000000000001101000011000000010010010100000000000001010100100000111001000001010010000110010000000100000000100000000,d90c7d8e626748b4505bfb0c8d59d01958eca3772b5a03ff4b66e2d631fe28fb,row_sparsity,row_sparsity|conj|2c5e43f84a|rng=MT19937-RandomState,,3,3,1,uniform,1;2;3,0.3333333333333333;0.3333333333333333;0.3333333333333333,0.00053379125893116,5.739182233810425e-05,0.0007569706067442894,0.0010023433715105057,0.0037763332948088646,0.006131181493401527,0.0023504970595240593,15,994,1,6,SAT_unsat_identifiable,1,boolean_factorization,exclude_x,exclude_x,0,625,2564,0,1,1,0,0,0,0,1,1,1,0,0,0.0062560588121414185
4,50,10,100,2850818391,42,conj,glucose42,MT19937-RandomState,0.00058754812926054,01000100010010000000000001100000000001001000010000010000011001000000000000000010000001000000000001000011010000000000110000000100000000000010010001000011001000000000011010000000010000010000110000001000000000000100000000100000010100001000000100001000001000000000010001000001000010001000101000000000100000000100001000000001000000001100000100000100000000000010000000000010000010000100010000010010000001000000001000000010101000100001000010000000000010010001000001001100000100100000000001000100101000000000,5f10eae3780b9b92ca71ccef90ff701defbb8430b1e6d5fd1882fb10d6737e23,row_sparsity,row_sparsity|conj|2c5e43f84a|rng=MT19937-RandomState,,3,3,1,uniform,1;2;3,0.3333333333333333;0.3333333333333333;0.3333333333333333,0.00044703949242830276,5.66607341170311e-05,0.0006073573604226112,0.0009935740381479263,0.009320920333266258,0.011430317535996437,0.0021046316251158714,11,736,1,6,SAT_unsat_identifiable,1,boolean_factorization,exclude_x,exclude_x,0,459,1845,0,1,1,0,0,0,0,1,1,1,0,0,0.00523154903203249
4,50,10,100,2850818391,43,conj,glucose42,MT19937-RandomState,0.000599726103246212,01000100100000010001000000000100000110000001000011010000000010100010000100000000000010000010000100010001010100000000001010000001010100100100110001000000001100100100001001000010000001000001000001000000010110000001100010000000000010000100011000010000010100110000001010001001000001000000001000100100000000100000000100000000010100000000101000100000000010010100001010000000000100000010000010000000001000000000001000001011000000010001100100000000100000000000000001000001000000010000100000001000000000001001,640979121dcd8601a88bfea40f72f74ebb6b4b291f0840db278eaf408f863f2e,row_sparsity,row_sparsity|conj|2c5e43f84a|rng=MT19937-RandomState,,3,3,1,uniform,1;2;3,0.3333333333333333;0.3333333333333333;0.3333333333333333,0.0005668699741363525,5.811173468828201e-05,0.0008287392556667328,0.0009984830394387245,0.004984883591532707,0.007441284134984016,0.002452204003930092,17,988,1,6,SAT_unsat_identifiable,1,boolean_factorization,exclude_x,exclude_x,0,733,2951,0,1,1,0,0,0,0,1,1,1,0,0,0.006467912346124649
4,50,10,100,2850818391,44,conj,glucose42,MT19937-RandomState,0.0005976445972919464,01000100000000010000011000100001010100000010000000010100010000000001000000100001100000001000101000010000001011001100001000011001000000100000010000000000010000000000000010010100000000100010000010001010100000001010000000001100000010001000010010000000000100000000000001010000110000011000001010000000100000000000100110000100100001000000000000100000010000000000100001010000000000000101011000100000000011000100000000010000110000001000010000000110000001000000000000110010001000001000001101000000001000100100,d94901daf46c1d616bf645774438538aaa442c31b640d9dff507c05e9a87219a,row_sparsity,row_sparsity|conj|2c5e43f84a|rng=MT19937-RandomState,,3,3,1,uniform,1;2;3,0.3333333333333333;0.3333333333333333;0.3333333333333333,0.0005397722125053406,5.222391337156296e-05,0.0006725294515490532,0.0009972592815756798,0.0058858683332800865,0.00815148651599884,0.0022617848590016365,13,976,1,6,SAT_unsat_identifiable,1,boolean_factorization,exclude_x,exclude_x,0,527,2188,0,1,1,0,0,0,0,1,1,1,0,0,0.005937539041042328
4,50,10,100,2850818391,45,conj,glucose42,MT19937-RandomState,0.0005935681983828545,10000001000000100010000000010000101000000001000010100000000000010000100100000000010010000000110000100100000010001000000000100000000000100000001001000110000010001000000000011001000000000100110010000001011000010000000010000000000110110000000000000001111001000100000010110010000000000100001001100010010000010010100100000000100100000000000000100010000000100100000100010000000000100000000010100000000100110000001000010010000000000100000011000000000000000101000000100000010000001000001000000000010010000000,45269e610b402c8a646a3ca8fd9e7413c3bd829685230839d5c66a6955b205dd,row_sparsity,row_sparsity|conj|2c5e43f84a|rng=MT19937-RandomState,,3,3,1,uniform,1;2;3,0.3333333333333333;0.3333333333333333;0.3333333333333333,0.0004844414070248604,5.6568533182144165e-05,0.0,0.0,0.0,0.000543646514415741,0.0005410099402070045,10,1024,1,4,identity_submatrix_identifiable,0,,,exclude_x,0,0,0,1,0,1,0,0,0,0,1,1,1,1,0,0.005533973686397076
4,50,10,100,2850818391,46,conj,glucose42,MT19937-RandomState,0.0005806209519505501,00001000000000000001100000010000100001000001000001000000100000001101000011000001000010000000100000010000010110000100000010000100100001010100100100100000000010000100000010100001001000000100000000001100000000001000010001010000001011000001000000010010100010010001010100100000000010000000100110000100100000000000010000000010001001000110000010000000000001000100001010000010000011000100000000000100000100100001100000100000100001000000000100001001000001000000001000010000000001000010100100000000100000001000,9223579dcba535404ff4c0e69990fe16a237b580d9ef0c4cfd2d993c511bfdbe,row_sparsity,row_sparsity|conj|2c5e43f84a|rng=MT19937-RandomState,,3,3,1,uniform,1;2;3,0.3333333333333333;0.3333333333333333;0.3333333333333333,0.0005316911265254021,5.8758072555065155e-05,0.0008735768496990204,0.0009863795712590218,0.004803301766514778,0.007257464341819286,0.0024504056200385094,18,802,1,6,SAT_unsat_identifiable,1,boolean_factorization,exclude_x,exclude_x,0,792,3150,0,1,1,0,0,0,0,1,1,1,0,0,0.006287296302616596
4,50,10,100,2850818391,47,conj,glucose42,MT19937-RandomState,0.0005891993641853333,00010000000010000100010000000001000001010001000000000001010100101000000000010000000101000000010011000000000110010010000000000011010000001010011000000111000010000000100001000001000100000100000000000010000100010100001000000000000100001000000000000000100000011100000101001000000010000100010001000010000001000000110001000000000000010000001000000001010100100001100010000000011100000100000001100100001010100000010000000000010000000001001000000000000100001000100001010000100000010000010100100001001000000001,dc2e01624959d315689c6e3e98d61e3107fbe87a3c805e13299333c8acb980dc,row_sparsity,row_sparsity|conj|2c5e43f84a|rng=MT19937-RandomState,,3,3,1,uniform,1;2;3,0.3333333333333333;0.3333333333333333;0.3333333333333333,0.0005465708673000336,5.8241188526153564e-05,0.0008748238906264305,0.0009988117963075638,0.004941478371620178,0.00742369145154953,0.0024784477427601814,18,1002,1,6,SAT_unsat_identifiable,1,boolean_factorization,exclude_x,exclude_x,0,772,3128,0,1,1,0,0,0,0,1,1,1,0,0,0.006735598668456078
4,50,10,100,2850818391,48,conj,glucose42,MT19937-RandomState,0.0005865041166543961,10000000000001001001110000010000000001011000000001100010100001000000010000011100000100001000100000001000000010011010000000000100000010000010000000001010000010010000000001000000000100000010000010000000000100000001010001000010000100000101000000010000001000000100000100000100000100000001000011000000100010000000100000000001100001000000100000001001010000000001000110010100000100001010001001100010110000000010000010110000010000010100100000000100110010000000010110000000100110000001000000010010001000010000,010b08e80220672d1bb90de26bc3bb6986ee539438ab4301d0d06e1b4cff4296,row_sparsity,row_sparsity|conj|2c5e43f84a|rng=MT19937-RandomState,,3,3,1,uniform,1;2;3,0.3333333333333333;0.3333333333333333;0.3333333333333333,0.0005248012021183968,5.783606320619583e-05,0.000791400671005249,0.0010048095136880875,0.004780041053891182,0.007162823341786861,0.002378847450017929,16,770,1,6,SAT_unsat_identifiable,1,boolean_factorization,exclude_x,exclude_x,0,714,2796,0,1,1,0,0,0,0,1,1,1,0,0,0.006020115688443184
4,50,10,100,2850818391,49,conj,glucose42,MT19937-RandomState,0.0005961544811725616,00100001000101000100100110000001000010001000000000000010000010001000000000000001010000000000001000000100100001001000000100001100000001001100001000011010100000010000010010010000100000000001000000000010010000100000010100001000000101000001001000010010100000100000100010000000000000100000100000000101010001001100001000000000000100100000001100100100000011100010000000100000001000000000011000100000000100000000011000000000110010001000101000000110000011010000000000100001000010000110000000000010000001100000,f340a6997d6f363eca937b6b81f3aa6637e945b6e5e0eaedf24f8cf18d1f8e05,row_sparsity,row_sparsity|conj|2c5e43f84a|rng=MT19937-RandomState,,3,3,1,uniform,1;2;3,0.3333333333333333;0.3333333333333333;0.3333333333333333,0.0005380604416131973,5.6072138249874115e-05,0.0007093148306012154,0.0009940769523382187,0.003544876351952553,0.005846169777214527,0.0022975243628025055,14,1000,1,6,SAT_unsat_identifiable,1,boolean_factorization,exclude_x,exclude_x,0,566,2365,0,1,1,0,0,0,0,1,1,1,0,0,0.006109009496867657
4,50,10,100,2850818391,50,conj,glucose42,MT19937-RandomState,0.0005953814834356308,10000000001000000000000000110001100000000010000000000110000010000000000000010110000000001010000000001000000100000001010101001000000010100100000000010000000001101000000001100001000100000010111001010000001000100011000000000110000000000000000100100000000000000001000001110000000111000001101000000010101000001000000010000000001100100000001010000100100000100001000000000100000100000000001000000100010000000000100000001100000001000000000000010011101000010000100000000000100000100100000100000100100101000010,ebe058606fd9f023f9b608a9e25e3c7e33c80633f0a31571d3973344c87562bd,row_sparsity,row_sparsity|conj|2c5e43f84a|rng=MT19937-RandomState,,3,3,1,uniform,1;2;3,0.3333333333333333;0.3333333333333333;0.3333333333333333,0.0005439091473817825,5.396362394094467e-05,0.0006771432235836983,0.000996655784547329,0.004050785675644875,0.0063265180215239525,0.0022716717794537544,13,976,1,6,SAT_unsat_identifiable,1,boolean_factorization,exclude_x,exclude_x,0,527,2188,0,1,1,0,0,0,0,1,1,1,0,0,0.005923761986196041
4,50,10,100,2850818391,51,conj,glucose42,MT19937-RandomState,0.0005886480212211609,10001000000101010000000001001010000000110001000000101000001000000000100000100010000011001000000000010010000000001000100110000000000000101001100000010000000110010100000000000010000000101000000011000000000010010100000100000001000001000101000110000010100000001000000010001110000000001001000100001000000000000100001100000010000010000001000000001000101000000110000100010000010010000001000100000000000100101110000000000000001000000010100000101000000100000100001100010101010000001000000000000100001000100010,3dbd20e5860c28cca0d8bfc2e91b3080052c3ca0eaf0af23dbce85f1fcebc40b,row_sparsity,row_sparsity|conj|2c5e43f84a|rng=MT19937-RandomState,,3,3,1,uniform,1;2;3,0.3333333333333333;0.3333333333333333;0.3333333333333333,0.0004950826987624168,5.1427632570266724e-05,0.0006006509065628052,0.0009881984442472458,0.0030971504747867584,0.005236100405454636,0.0021353596821427345,11,832,1,6,SAT_unsat_identifiable,1,boolean_factorization,exclude_x,exclude_x,0,449,1834,0,1,1,0,0,0,0,1,1,1,0,0,0.005523906089365482
4,50,10,100,2850818391,52,conj,glucose42,MT19937-RandomState,0.0005832239985466003,00110000100100000100000010001010000000000000000010101000100000001100000010000000100001000000100101000000101001011000010001000110000100000001000000010010000100000011000100011000000100100010000000101001101100000000100011000011000000000100000001001000101000011000000000100010001001000000000010000010000000100000010000010000000000100010101000000000101000000100000010000101000010011000000100000000100000000000000100010000000000000101000010000000000000011100000001100110010000000000010000110010000110001000,ff18b00e1c5508620df908cba04a593e9ce8b623cdbbe3ce10cb4f8a0d1c1a2a,row_sparsity,row_sparsity|conj|2c5e43f84a|rng=MT19937-RandomState,,3,3,1,uniform,1;2;3,0.3333333333333333;0.3333333333333333;0.3333333333333333,0.000592254102230072,5.261041224002838e-05,0.0006714202463626862,0.0009989477694034576,0.0031546801328659058,0.005473658442497253,0.002315232530236244,13,952,1,6,SAT_unsat_identifiable,1,boolean_factorization,exclude_x,exclude_x,0,537,2199,0,1,1,0,0,0,0,1,1,1,0,0,0.0058965133503079414
4,50,10,100,2850818391,53,conj,glucose42,MT19937-RandomState,0.0005871467292308807,10000010000101000000000000100100001000100100010001100001100010010000000110001000001001000000010000000100000000000000110001000101000010000000001010000001000000000011000001000010001000000000100000100000110000100000000001100100000011010000000010000110000100000110010000000110001000000000010101000100000100110100000000000110010100000001000001101100000000000000100000111000000000000101010001100010100000100000010011100000000010010000000100000000100000101000100000010001010000100000100100011000100000000100,bde0d1c81d5ab1c3318935ae24a0fcd57ec3e973dc7d83cbaa44eb0f18b7e2e8,row_sparsity,row_sparsity|conj|2c5e43f84a|rng=MT19937-RandomState,,3,3,1,uniform,1;2;3,0.3333333333333333;0.3333333333333333;0.3333333333333333,0.0007128752768039703,6.414670497179031e-05,0.0009882990270853043,0.0010104058310389519,0.007151600904762745,0.009931253269314766,0.002775726839900017,21,978,1,6,SAT_unsat_identifiable,1,boolean_factorization,exclude_x,exclude_x,0,899,3670,0,1,1,0,0,0,0,1,1,1,0,0,0.007172835990786552
4,50,10,100,2850818391,54,conj,glucose42,MT19937-RandomState,0.0005966685712337494,00000001000011000000000000100010000000100000000110000000101101010000100000000001010000000001001001001010000000000001011000000011100000000010100000001001010010000000011000000001010000100000000000100100010000000100000100100000000110000110010001000010001000000000100000000110010000100001000001001001001000101000010001000110010001000010000010100101000000100000001000001000100000011000001000000000000100100000010000000001001000000100000000110100100001010000011001000100100000000001000000100000000011000001,e7a488ad795d81c3e0028c05cabd3baa8a93dc3d42ca135214bebc0b3003ca4c,row_sparsity,row_sparsity|conj|2c5e43f84a|rng=MT19937-RandomState,,3,3,1,uniform,1;2;3,0.3333333333333333;0.3333333333333333;0.3333333333333333,0.0005979789420962334,6.110034883022308e-05,0.0008706292137503624,0.0010045627132058144,0.0053193578496575356,0.007857630960643291,0.002534271217882633,18,952,1,6,SAT_unsat_identifiable,1,boolean_factorization,exclude_x,exclude_x,0,762,3117,0,1,1,0,0,0,0,1,1,1,0,0,0.006590345874428749
4,50,10,100,2850818391,55,conj,glucose42,MT19937-RandomState,0.0005830423906445503,00001000010001000011001000000000010001010000000100100000101001001000010010001000000001001000010010000000010100100000000000001000000110010000000101000100000000100110000000001000001010010000101000000001000000001000000010010000010000100000000010000001000001000011000011010001000000000000000001100000000000000100000000000001000100010001000110000100000010000001000010000000011000000000010000000000000000010000100100001100100000010000000000000010000001001000110000101000000010010010000001000000000000000100,e11ea964c21a3a4823f93cdda0b49d819ef19e9dc00445d9113cade800a70fe1,row_sparsity,row_sparsity|conj|2c5e43f84a|rng=MT19937-RandomState,,3,3,1,uniform,1;2;3,0.3333333333333333;0.3333333333333333;0.3333333333333333,0.0005042348057031631,5.379505455493927e-05,0.0007179928943514824,0.0009973784908652306,0.003777178004384041,0.006054304540157318,0.0022734012454748154,14,988,1,6,SAT_unsat_identifiable,1,boolean_factorization,exclude_x,exclude_x,0,576,2376,0,1,1,0,0,0,0,1,1,1,0,0,0.0061439406126737595
4,50,10,100,2850818391,56,conj,glucose42,MT19937-RandomState,0.0005875313654541969,01010010001000000010001010010000000100000010000000000010000000100100100100000000010001000001000100001000100100010000100100000000010000110000000000000100000011001100000010101000000101000000000010001000010000001101000000000010000000010000010000000000010001000000000010000010000100100000100010000010000001001000001010001000101000001011100000001010000100000101001000100100010000011000010010000010000000000000000010000000000101001000000010000000000001010100100001010010100100010000000000000000100100010000,e07bee63bef486a3f730ad3099a5cc97c09d6fab89a33304fca8f8cc64484ef5,row_sparsity,row_sparsity|conj|2c5e43f84a|rng=MT19937-RandomState,,3,3,1,uniform,1;2;3,0.3333333333333333;0.3333333333333333;0.3333333333333333,0.00056478101760149,6.078742444515228e-05,0.000914272852241993,0.0009971847757697105,0.005585647188127041,0.008126463741064072,0.002537026070058346,19,940,1,6,SAT_unsat_identifiable,1,boolean_factorization,exclude_x,exclude_x,0,831,3327,0,1,1,0,0,0,0,1,1,1,0,0,0.006663961336016655
4,50,10,100,2850818391,57,conj,glucose42,MT19937-RandomState,0.0005901101976633072,00000011000000010110011100000001010100000000000010000010000001100001000001000000000100000010000000000000010000000000100000001000101000000011000100100000000100100000010110000000000100001000010000000001001000001000000100000000000110000010000101000000000100000010010000010011010000000000100010010000000001000000000010001000000000011110100000101000000100010000000001000000000001000000000001010000011010000000100000000010000010100000000000010100011000000000010010010010010100000001101000100100001000100010,763171c5f33b98d6820eea1ebb8973a8ca17ced643efda47e2fec64edc14244a,row_sparsity,row_sparsity|conj|2c5e43f84a|rng=MT19937-RandomState,,3,3,1,uniform,1;2;3,0.3333333333333333;0.3333333333333333;0.3333333333333333,0.00055720005184412,5.9757381677627563e-05,0.000870400108397007,0.0010092034935951233,0.005165227688848972,0.007665696553885937,0.002496561035513878,18,1000,1,6,SAT_unsat_identifiable,1,boolean_factorization,exclude_x,exclude_x,0,722,3073,0,1,1,0,0,0,0,1,1,1,0,0,0.0066621508449316025
4,50,10,100,2850818391,58,conj,glucose42,MT19937-RandomState,0.0005817729979753494,00100110000010000001000001000000000001100010000100000010000000000000010000000100000000010100110001000001000000000100001000001010001000010010000001100000000111000000000100000000010000000110000100100010101000100000000001000100100000000100100001001001000010000100000010000011000000000010010000011010000001001010000001000000000100001100100000000000001000000000000100101000010000010100000001011000000100100011000000000000111001000000011000010000110001000001101000000000100000010000011000000100000000011000,888267c78886667bbbed864cb5b8ec76d2873e05d5dad996667ac0b558980a30,row_sparsity,row_sparsity|conj|2c5e43f84a|rng=MT19937-RandomState,,3,3,1,uniform,1;2;3,0.3333333333333333;0.3333333333333333;0.3333333333333333,0.0005566850304603577,5.824677646160126e-05,0.0008254740387201309,0.0009893262758851051,0.004610101692378521,0.007043715566396713,0.002429732121527195,17,848,1,6,SAT_unsat_identifiable,1,boolean_factorization,exclude_x,exclude_x,0,723,2940,0,1,1,0,0,0,0,1,1,1,0,0,0.006288101896643639
4,50,10,100,2850818391,59,conj,glucose42,MT19937-RandomState,0.0005978578701615334,00001000000000010000000000100010000100100100000101001000000010100000000100000010001000100100001100100000001000000000001000000010000100100000010010000000000001000010000000000000001100000001100100000101101100000000001000011000001000000001000011100000000010000000000000111010001000000000001000001001000100100010001000010000000110000010001001000010000000000110000000000101000000000010010100000010000100000101000000100001010000001000000000101001000100000101000000001000010100000000000101000010000000000100,04df88bb4d4fb0882f3a15d94bb8b9ac2a3409f27ff42baf281d01fe4feba180,row_sparsity,row_sparsity|conj|2c5e43f84a|rng=MT19937-RandomState,,3,3,1,uniform,1;2;3,0.3333333333333333;0.3333333333333333;0.3333333333333333,0.0004920363426208496,5.7600438594818115e-05,0.0007895836606621742,0.0009942436590790749,0.0036830268800258636,0.006020303815603256,0.002333464100956917,16,948,1,6,SAT_unsat_identifiable,1,boolean_factorization,exclude_x,exclude_x,0,654,2730,0,1,1,0,0,0,0,1,1,1,0,0,0.006407837383449078
4,50,10,100,2850818391,60,conj,glucose42,MT19937-RandomState,0.0005450239405035973,11000010000010000000000000010000001001010011000010001100000000000001000010000001000100100000000000110100000000000001000001000000000010000000010000000000000001100001000000000000100101100000000000100000001001001000011000000010001000101001000001000010001000000100000000010000100000000000001000101001000010000000001100000010010001000011000010001000001000010010010000000010100011010000101000000000010100000000000100000000000100000000011010010000000001010100000010000000101100100000000001000001001000000000,df3ccd345bd3cd51f50f4fa15f10f2bc7b0f4ff2c831b0ba23d7d8b117e1bc17,row_sparsity,row_sparsity|conj|2c5e43f84a|rng=MT19937-RandomState,,3,3,1,uniform,1;2;3,0.3333333333333333;0.3333333333333333;0.3333333333333333,0.0005446840077638626,6.136391311883926e-05,0.000753491185605526,0.0010027028620243073,0.006543707102537155,0.008910039439797401,0.002362241968512535,15,994,1,6,SAT_unsat_identifiable,1,boolean_factorization,exclude_x,exclude_x,0,625,2564,0,1,1,0,0,0,0,1,1,1,0,0,0.006327688694000244
4,50,10,100,2850818391,61,conj,glucose42,MT19937-RandomState,0.0005884319543838501,00000000010000011010010000010000100110000000010000000000011000000001011010000000100100000100000100000100000001000000110100000000100000000010000000100000011001000000000100100001000000000100000010001100100010001000010010000000000001001000100000000100101000100100000000101000000010000000010000110010000000000001000000110000010010010000000010000000001110000000001000100000000000100000001000000000101010000000001000001000010000000010010001000001000000010100000000100000101100000010000001000000000110001000,6c6328a22250afcecbf36dd95c067e931567e172d21031708a2a611897770f1e,row_sparsity,row_sparsity|conj|2c5e43f84a|rng=MT19937-RandomState,,3,3,1,uniform,1;2;3,0.3333333333333333;0.3333333333333333;0.3333333333333333,0.000491822138428688,5.781743675470352e-05,0.0008307266980409622,0.0010124947875738144,0.0040231142193078995,0.006419937126338482,0.002392861060798168,17,883,1,6,SAT_unsat_identifiable,1,boolean_factorization,exclude_x,exclude_x,0,733,2951,0,1,1,0,0,0,0,1,1,1,0,0,0.00641391146928072
4,50,10,100,2850818391,62,conj,glucose42,MT19937-RandomState,0.0005865534767508507,00000100010010000010000001010000100100010100100000001010000011000010000000000110000000000100001000000000000001000100000001001001000100010000100000101000000010000000010000100000000000011100000101000000000000000100001010000000101010100000100000100000000000000111000010100000010000000000000010000100100111100000001000010000100000001010100000000000100000000000100010001010000001100001001001000000010000000000101000010010000100110000100000100000000001000000010000000101000000001010000000000011001000000100,6d946a9acbd56d7db93e8708dd43eac137ee256ee4dc676b4e198c72969d4d46,row_sparsity,row_sparsity|conj|2c5e43f84a|rng=MT19937-RandomState,,3,3,1,uniform,1;2;3,0.3333333333333333;0.3333333333333333;0.3333333333333333,0.0005597984418272972,5.8601610362529755e-05,0.0008712783455848694,0.0009979326277971268,0.007989349775016308,0.010481017641723156,0.002487611025571823,18,964,1,6,SAT_unsat_identifiable,1,boolean_factorization,exclude_x,exclude_x,0,752,3106,0,1,1,0,0,0,0,1,1,1,0,0,0.006622708402574062
4,50,10,100,2850818391,63,conj,glucose42,MT19937-RandomState,0.0005799885839223862,10100010000000010010000000110010000000000000000001000000100010000010000011001000000000101010000000010000000011000001100000010000100000100100010010100000000100000000000100000000010001000000100000100000001000011010000100010001000011000100000000100100000100100000000100101000000010010000100010001001100010000001100000100010010000010100100010100010010000000000010000100000000101000010100010100000010000001100000000100001100000000001100100000000000000100000010000000000101000000001000000010000000001100001,26566e8e515f3562657c96295a6a841c001337e43301daa6e07431e5fb562253,row_sparsity,row_sparsity|conj|2c5e43f84a|rng=MT19937-RandomState,,3,3,1,uniform,1;2;3,0.3333333333333333;0.3333333333333333;0.3333333333333333,0.0006575854495167732,5.6607648730278015e-05,0.0007933005690574646,0.001004115678369999,0.00803210400044918,0.010547522455453873,0.0025116093456745148,16,1020,1,6,SAT_unsat_identifiable,1,boolean_factorization,exclude_x,exclude_x,0,634,2708,0,1,1,0,0,0,0,1,1,1,0,0,0.006282255053520203
4,50,10,100,2850818391,64,conj,glucose42,MT19937-RandomState,0.0006050653755664825,00000001010101000000000001000001000000001000000000000010000000010001100000010000001000001010010000010010000010000000001000000001100000010000000110010000000010010000000001100000010010000000000011010000000010000001000000000001000101000010100000100011000100000101000001100000000000010101000100000010010000001100000001000100100000011000001000101100010000010100000001100000000100000010000000000110010000010000101010100000101010000000000001011000001000010000100100010000000001000000001010000000000010000011,9cd8a44cb33f318a12fcdf0a427a50208eef3e5cb284aa212c105de7067f9897,row_sparsity,row_sparsity|conj|2c5e43f84a|rng=MT19937-RandomState,,3,3,1,uniform,1;2;3,0.3333333333333333;0.3333333333333333;0.3333333333333333,0.000630413182079792,6.821285933256149e-05,0.0011099986732006073,0.001024884171783924,0.00689267460256815,0.009731420315802097,0.002833508886396885,24,902,1,6,SAT_unsat_identifiable,1,boolean_factorization,exclude_x,exclude_x,0,1036,4223,0,1,1,0,0,0,0,1,1,1,0,0,0.007158935070037842
4,50,10,100,2850818391,65,conj,glucose42,MT19937-RandomState,0.000598641112446785,00010010011101000000001110000000000101100000100000000100010010000000000100000100000100000000110000101000001000000010000000001100010000100110011000000000000110001000010000000100100000000001011000000100000000010000010000101100000000001000010000000000010001000100000100000010010000000001000011000100000000011000010110000000100010010000000000110100000110010010000010000000000000001110010010000000010000010000001000010000001000000101001000110000001000000000010011000000111000000000001010000001000010000000,3077c7d18865df21ae00d35fc7e816b51687a3d5cd506d664fc21db0745de8c5,row_sparsity,row_sparsity|conj|2c5e43f84a|rng=MT19937-RandomState,,3,3,1,uniform,1;2;3,0.3333333333333333;0.3333333333333333;0.3333333333333333,0.0005850456655025482,5.781371146440506e-05,0.0008311420679092407,0.0009945407509803772,0.004390288144350052,0.006862971931695938,0.002468542195856571,17,964,1,6,SAT_unsat_identifiable,1,boolean_factorization,exclude_x,exclude_x,0,693,2907,0,1,1,0,0,0,0,1,1,1,0,0,0.006499322131276131
4,50,10,100,2850818391,66,conj,glucose42,MT19937-RandomState,0.0006017405539751053,10000000000110000001000000000100001000000001000000100000000000001100000001000000000001001000010000000001000100000000000100000100000000001001010010000000101010000100000100110000000101100000100100000101010100010000011100000100000001000000100000001000100010000000100010000100000010100001000100100000000000010100000000100001100000010010000000111000000000001100001000000010000011000000100010000001000000010000000100100000000000100010000000100000010000000000000101100001000000000101010000000000010011000000,ab66a2e73faa319974ab9369184a0de8ef6b4ef90f76d2ef56eb1eb19289628c,row_sparsity,row_sparsity|conj|2c5e43f84a|rng=MT19937-RandomState,,3,3,1,uniform,1;2;3,0.3333333333333333;0.3333333333333333;0.3333333333333333,0.0005366913974285126,5.47235831618309e-05,0.0007545510306954384,0.00099976547062397,0.004351352341473103,0.006701089441776276,0.002345731481909752,15,994,1,6,SAT_unsat_identifiable,1,boolean_factorization,exclude_x,exclude_x,0,625,2564,0,1,1,0,0,0,0,1,1,1,0,0,0.006309671327471733
4,50,10,100,2850818391,67,conj,glucose42,MT19937-RandomState,0.0005892831832170486,01000101001000100000001000100000000100000100100000100011000000011000101100000000010000000010000000100000100010100000000001000001010110000010010100001000000000100000010010100000011000000001000000000010000000100000010000000001001000001000011010000000000000000010010000000000001011001000000100000000100000010000000000100000000000010100000011000000010001000000010000100000000000100000000001010000000000010000001000000010000001000000001000010000010011000000000010000001001001000010000000000100000001000001,409e4a91229db9d6294f9e90be00502ee72d6e8e1880b7d51ddc3607f95bde44,row_sparsity,row_sparsity|conj|2c5e43f84a|rng=MT19937-RandomState,,3,3,1,uniform,1;2;3,0.3333333333333333;0.3333333333333333;0.3333333333333333,0.00047127529978752136,4.996825009584427e-05,0.0,0.0,0.0,0.0005241679027676582,0.0005212435498833656,10,1024,1,4,identity_submatrix_identifiable,0,,,exclude_x,0,0,0,1,0,1,0,0,0,0,1,1,1,1,0,0.005511678755283356
4,50,10,100,2850818391,68,conj,glucose42,MT19937-RandomState,0.0005853241309523582,00000101000001000000000000011010101000000100000000000001000000000010110000010000000000100010100000001000000000000100001000000010000000000001000110000000001000000010000000000000010001001000000000111000010000000011000100001000100010000001000100000100000010100010000010000001001100000000010100000001010000101001000000000010010011000001000010100001000001101001000000000010000000100001000000001000000010000010010000000100000001000000010010001000000010000000000100000100001000001000000000000000100011100000,b9e42b2feb4e8f7b7add5b98a367b9ecfab88622b72af297060b9e39e30a64b1,row_sparsity,row_sparsity|conj|2c5e43f84a|rng=MT19937-RandomState,,3,3,1,uniform,1;2;3,0.3333333333333333;0.3333333333333333;0.3333333333333333,0.00044886115938425064,4.9483031034469604e-05,0.0,0.0,0.0,0.0005011977627873421,0.0004983441904187202,10,1024,1,4,identity_submatrix_identifiable,0,,,exclude_x,0,0,0,1,0,1,0,0,0,0,1,1,1,1,0,0.005500365048646927
4,50,10,100,2850818391,69,conj,glucose42,MT19937-RandomState,0.0005729636177420616,01010100000100100000010000010001000000000000010000010000000000000010010001000000100000000001000011000001000000000000001001000000000100000100000010000000000010110000110001110000100000010100000101010000100100000000000010100010000000010000000111001000000010010100010010010000010011000100000001001000010000000010101000000000000000100010100000100010000000000000000101001001000000100000000100010100000000100011010000001101000000001010010010000000000000010011100000000000100010001000000001000010100101010000,c3be766e46001c1aa425eb2106a06ea136630fc1cf00a66d00b2bc9312a70ec2,row_sparsity,row_sparsity|conj|2c5e43f84a|rng=MT19937-RandomState,,3,3,1,uniform,1;2;3,0.3333333333333333;0.3333333333333333;0.3333333333333333,0.0004585804417729378,5.0310976803302765e-05,0.0,0.0,0.0,0.0005116080865263939,0.0005088914185762405,10,1024,1,4,identity_submatrix_identifiable,0,,,exclude_x,0,0,0,1,0,1,0,0,0,0,1,1,1,1,0,0.0054998258128762245
4,50,10,100,2850818391,70,conj,glucose42,MT19937-RandomState,0.0005484195426106453,00000001000000001010010000101000000100000001000001000100000000100001100001000110000001010100010010011101000000001000000000000100000000001101000000101000010000000000001110000000010000000101001000000001100000101000000000100001000011001100000100101010000001011000101000001001000000100000110000000100010000001001010000000100010000001000110000100000001000000000001100001100000000001000001000000000111000000010000110001010001001010010000000000010010110000000000010000000100000001100000001000010100000011000,4db49754530a03be689eec7b7491adfe9664791d89ededfbbc466469d08fe69e,row_sparsity,row_sparsity|conj|2c5e43f84a|rng=MT19937-RandomState,,3,3,1,uniform,1;2;3,0.3333333333333333;0.3333333333333333;0.3333333333333333,0.0005791205912828445,6.093177944421768e-05,0.0009145177900791168,0.0009927889332175255,0.005880119279026985,0.008431660942733288,0.0025473590940237045,19,774,1,6,SAT_unsat_identifiable,1,boolean_factorization,exclude_x,exclude_x,0,851,3349,0,1,1,0,0,0,0,1,1,1,0,0,0.006280399858951569
4,50,10,100,2850818391,71,conj,glucose42,MT19937-RandomState,0.0005850596353411674,01001000010001100100001010100000100000100101000001000001000010000000000100000000000000000100010000000000000001010000000001000000000010000010000000000100000001000100000100000001000010000000000000100000100100100000101100000000011000000010110010000000110000100010000000001000000101000010110000000100000100000100000000001101000010100001000100000000000010010010100000000000100000001010010001000010000000000000000100000001000001000000001010000100000100000000011001000000001000000010100000000000010000010010,12e6489c760efa4390e341278eaedeab7687538cca497e24f9f2bd37b103c1ef,row_sparsity,row_sparsity|conj|2c5e43f84a|rng=MT19937-RandomState,,3,3,1,uniform,1;2;3,0.3333333333333333;0.3333333333333333;0.3333333333333333,0.00042544957250356674,5.264021456241608e-05,0.0006771627813577652,0.0009964974597096443,0.003262937068939209,0.005418842658400536,0.0021517500281333923,13,904,1,6,SAT_unsat_identifiable,1,boolean_factorization,exclude_x,exclude_x,0,547,2210,0,1,1,0,0,0,0,1,1,1,0,0,0.005839904770255089
4,50,10,100,2850818391,72,conj,glucose42,MT19937-RandomState,0.0005940375849604607,00000010000000010010000001000000111000000000001000000001101000000101000010010001000000000100001010000100000000000000011010000000000100011000000000000100000010001000000010100100100000010001100000000110100000000000010100100000000001100001000000010000001100000000000100011000001000000000000110100000000000000000110000000001000100001100000000010110000010000100001001100001000010000001000000001010100000100001100000010000000000000100000010001001000001110000001001000000011010110100000001000000011100000000,ea64bf84c972f8b9e0527e849c1c9cdcaa7b8c7fcf2894a4cc64d1320f6f3fea,row_sparsity,row_sparsity|conj|2c5e43f84a|rng=MT19937-RandomState,,3,3,1,uniform,1;2;3,0.3333333333333333;0.3333333333333333;0.3333333333333333,0.0005168532952666283,5.7104043662548065e-05,0.0007927501574158669,0.0009987130761146545,0.010071981698274612,0.012441585771739483,0.0023654205724596977,16,888,1,6,SAT_unsat_identifiable,1,boolean_factorization,exclude_x,exclude_x,0,684,2763,0,1,1,0,0,0,0,1,1,1,0,0,0.006204112432897091
4,50,10,100,2850818391,73,conj,glucose42,MT19937-RandomState,0.0006062500178813934,01001100000000000001100000010110000000100000001000000100001101010000000001000100100001000100010011000000010100000010100100000001000000001000000001000000100000000011000000100000000000000110000000100010100110000010001001000001000000000010000001000000000000100110000100000000100000001001001000001000011001100000000001011000000000011000010000000001011000000101001010000010000000001100000000001000100100000010100100001000000100100000000010000011000001000000010000000000010000010000011010011000000000001000,2f68100edc921e929fd307300a1ecb5528ef72b3226328e88db55213b089c064,row_sparsity,row_sparsity|conj|2c5e43f84a|rng=MT19937-RandomState,,3,3,1,uniform,1;2;3,0.3333333333333333;0.3333333333333333;0.3333333333333333,0.0005117123946547508,5.083996802568436e-05,0.0,0.0,0.0,0.0005656266584992409,0.0005625523626804352,10,1024,1,4,identity_submatrix_identifiable,0,,,exclude_x,0,0,0,1,0,1,0,0,0,0,1,1,1,1,0,0.005469937808811665
4,50,10,100,2850818391,74,conj,glucose42,MT19937-RandomState,0.0005888668820261955,11000000010001001010000000100001010000000100000000100000000000000110001000000000110000000000101000000010000000000010101001000000100001101000100000000100000000100001100000001000011000010000000001001000010000000000000000100000000100100000000010000101001000100000100001000000100000010000010000000000100000001001001101000000000010000011000001000010100000000010000000001110000010000100000100000000100000000010000000100000100000001000000000000100000000101010010000010011000000100100100001010000000000001011,c0c4df98aa6c3ca528c16b495a186a9f8590489e3874498562690fcd5b09aff2,row_sparsity,row_sparsity|conj|2c5e43f84a|rng=MT19937-RandomState,,3,3,1,uniform,1;2;3,0.3333333333333333;0.3333333333333333;0.3333333333333333,0.0005159759894013405,5.7056546211242676e-05,0.0006402423605322838,0.001005256548523903,0.003457021899521351,0.005679488182067871,0.00221853144466877,12,928,1,6,SAT_unsat_identifiable,1,boolean_factorization,exclude_x,exclude_x,0,488,2011,0,1,1,0,0,0,0,1,1,1,0,0,0.0057718995958566666
4,50,10,100,2850818391,75,conj,glucose42,MT19937-RandomState,0.0005870508030056953,01100001000000101001000000100000000010000000000100110000010000000010000001000000000000001001000000000000110010000000100100000000100010101000000001110000000011101000010100000010011000100001010100001100000100000000000100001000000000000000001001000001000100010000010000010100000100000000100010100000000000000100000011000100100010000001000001101000010010001001000000001101000000010001001000100010000000000001010001010011000010000000100000100010000000010000000101010010000000001000000000000000110000010100,8c7d506cbd1b9421468dd56cbcd94dff344d01416bd0819f4a94c86f76c30963,row_sparsity,row_sparsity|conj|2c5e43f84a|rng=MT19937-RandomState,,3,3,1,uniform,1;2;3,0.3333333333333333;0.3333333333333333;0.3333333333333333,0.0006194058805704117,6.0813501477241516e-05,0.000912792980670929,0.0009947651997208595,0.00581669807434082,0.008408396504819393,0.0025877775624394417,19,944,1,6,SAT_unsat_identifiable,1,boolean_factorization,exclude_x,exclude_x,0,821,3316,0,1,1,0,0,0,0,1,1,1,0,0,0.006700311787426472
4,50,10,100,2850818391,76,conj,glucose42,MT19937-RandomState,0.00058765709400177,00110000001001000000001000000000100100000000000110001010000000000100010000010001010100000000011000000000010000000000000100010001000010000000000000000100011000000000001100100001100010000010000001010010000000000100110000001010000000010010100000010000000101000010000000000101000010101000100000000000100000110010000100000000010000001000000001010100000010100000000000101100000001000010100010010010000000000000010000000000100000000010011000000100000001000001100000000101000001001100000000010000100000100110,95f154aa18593f0938e37e65c84b6c97501ab60320d48a576b2ca09ae09d86f0,row_sparsity,row_sparsity|conj|2c5e43f84a|rng=MT19937-RandomState,,3,3,1,uniform,1;2;3,0.3333333333333333;0.3333333333333333;0.3333333333333333,0.0005940878763794899,6.0109421610832214e-05,0.0009118551388382912,0.0009914953261613846,0.005751797929406166,0.008313295431435108,0.002557547762989998,19,920,1,6,SAT_unsat_identifiable,1,boolean_factorization,exclude_x,exclude_x,0,791,3283,0,1,1,0,0,0,0,1,1,1,0,0,0.006614885292947292
4,50,10,100,2850818391,77,conj,glucose42,MT19937-RandomState,0.0005925716832280159,00110000010001000110000000001000000101101010000001001000100001000001001010100000010001010000000001000000010001100000000001000000001100000100000100010010000010010100000110000110100010100000000010001001001101000000001000010110001000000000010000011000100000010000110000100000100000011000000100001001000100000011000000000001010010100001000000000110001000001000010101001000000000000100000100110000000011100001000010000001000001000011000000000001000100000100000101010001100001010000000000000000010000010010,05a0dafa436dcfe56b8b7347e0cbd5557a5d6280e25e8f8f151a0b6394be94bd,row_sparsity,row_sparsity|conj|2c5e43f84a|rng=MT19937-RandomState,,3,3,1,uniform,1;2;3,0.3333333333333333;0.3333333333333333;0.3333333333333333,0.0006595868617296219,6.429478526115417e-05,0.0010391781106591225,0.0009844107553362846,0.005835492163896561,0.008587001822888851,0.002747470512986183,22,860,1,6,SAT_unsat_identifiable,1,boolean_factorization,exclude_x,exclude_x,0,968,3880,0,1,1,0,0,0,0,1,1,1,0,0,0.006962071172893047
4,50,10,100,2850818391,78,conj,glucose42,MT19937-RandomState,0.0005935309454798698,01000100100010000100000100101000000000111010001000000000010000100000000010000000000000010001000100100000000011010000000100100010101000000110001100000100000000010100000000100100000000010001100100000000000000010001000000000100000000000010000001000001000100010100011000000000001000011001001000000010010100100000000010000001000001010000000000100000010000000000010000001000000000100101100001000010001000100100010010000010001100010000000010000001000010000101000000010000000001000000000100010000000100000010,3a3825dc9da3d9e7106ddc0a635b74c6b1498e2fbfdeddd94d34fda2a9d5576f,row_sparsity,row_sparsity|conj|2c5e43f84a|rng=MT19937-RandomState,,3,3,1,uniform,1;2;3,0.3333333333333333;0.3333333333333333;0.3333333333333333,0.00043812766671180725,6.086565554141998e-05,0.0007951660081744194,0.0009960224851965904,0.004425269551575184,0.006719176657497883,0.002290181815624237,16,760,1,6,SAT_unsat_identifiable,1,boolean_factorization,exclude_x,exclude_x,0,704,2785,0,1,1,0,0,0,0,1,1,1,0,0,0.0060539692640304565
4,50,10,100,2850818391,79,conj,glucose42,MT19937-RandomState,0.0005952296778559685,01000000000000010000000000001100010000000000100000000001010000101000000010000010001010000010000001000000001000000000110000001000000000010101000000001100000100000010001000100001010000000000110010000000000000010010000001000100001000000010000000000000100110000000000100001000000000110001000000000101000001100100001000101000000000100000010100000010000001010010010000000000100000100001000100011000010001000000100010001000000000100100000000000100000011001001000000010000001000000000001001000000000001000100,d12a212731cba255d3a372cf39b50be2b286684f9530705a3e0dd82f48d19524,row_sparsity,row_sparsity|conj|2c5e43f84a|rng=MT19937-RandomState,,3,3,1,uniform,1;2;3,0.3333333333333333;0.3333333333333333;0.3333333333333333,0.0004790034145116806,5.4351985454559326e-05,0.0007597608491778374,0.0010003987699747086,0.004204495809972286,0.00650168489664793,0.002293515019118786,15,816,1,6,SAT_unsat_identifiable,1,boolean_factorization,exclude_x,exclude_x,0,625,2564,0,1,1,0,0,0,0,1,1,1,0,0,0.006007570773363113
4,50,10,100,2850818391,80,conj,glucose42,MT19937-RandomState,0.0006123604252934456,10000000000000101000001000000010000000000010101000010000001001000000110100000000001000000000000110101000001000000000011001000010100100010000100011000001000100000010000110000010110010000000000010001000000001001000000000010001000100110010000010001000001000000000001000001000000010000101000100000010000000000000011001010000010100000110000100100010010100000100010000000010100000010101001001001000000001000011000100001000000010000000001001001000000000000100100000000010010000111000000010100100000000100001,7de08f1b60c78819300dfbb3594bbde4e6693211c6fcf85e64d4f5adcf4855f7,row_sparsity,row_sparsity|conj|2c5e43f84a|rng=MT19937-RandomState,,3,3,1,uniform,1;2;3,0.3333333333333333;0.3333333333333333;0.3333333333333333,0.0006454931572079659,6.290245801210403e-05,0.0009497087448835373,0.0009954869747161865,0.0056468406692147255,0.008304474875330925,0.0026535913348197937,20,874,1,6,SAT_unsat_identifiable,1,boolean_factorization,exclude_x,exclude_x,0,860,3493,0,1,1,0,0,0,0,1,1,1,0,0,0.006704284809529781
4,50,10,100,2850818391,81,conj,glucose42,MT19937-RandomState,0.0005901362746953964,10000000001100010000010000100010000001001000000000100000000000000100001000000000000000010001001000000000010000110000001000001000100110000010001000000010011000000010000001000010000000010000110101000100001000100001000001010000001000000011001001001000000000000100001000000001001000000000000100000010100000100000000101000000000000100000000000010010000000000001011000100001010100010100000010000100011000000001000000000010000000100101000100000010000000110100100100011010000001000000010010000000100010010000,ad2e40c43705c34aaee1db11240be937fbd738d279d709c0c736a404aa177b10,row_sparsity,row_sparsity|conj|2c5e43f84a|rng=MT19937-RandomState,,3,3,1,uniform,1;2;3,0.3333333333333333;0.3333333333333333;0.3333333333333333,0.0005672238767147064,6.093364208936691e-05,0.0009079473093152046,0.0010032514110207558,0.004720414988696575,0.00726370420306921,0.0025393562391400337,19,972,1,6,SAT_unsat_identifiable,1,boolean_factorization,exclude_x,exclude_x,0,811,3305,0,1,1,0,0,0,0,1,1,1,0,0,0.006806955672800541
4,50,10,100,2850818391,82,conj,glucose42,MT19937-RandomState,0.0005870722234249115,01010000000000001001001000010100000000100000001101001001001001000000100100000001010000000111000100000000001000000101001000000010000100000001001001100010000000000001000100010000000001000010000000011010101100000010100000010001001100000000100000101100000100010100001000001101010000000100100000001000000000000000010010000100010000100010000000011100000000011100000010000001000010001000000100010001010100000000000001100100010000000000100000001000000110010010000000000011000100000001100100010001000001101000,a5eed4817e1bf24ed5ec199b3ec187e3543b270f1e1317793279a537d141f0b8,row_sparsity,row_sparsity|conj|2c5e43f84a|rng=MT19937-RandomState,,3,3,1,uniform,1;2;3,0.3333333333333333;0.3333333333333333;0.3333333333333333,0.0006556082516908646,6.748642772436142e-05,0.001106184907257557,0.0009928112849593163,0.006234657019376755,0.009060969576239586,0.002822090871632099,24,787,1,6,SAT_unsat_identifiable,1,boolean_factorization,exclude_x,exclude_x,0,1106,4300,0,1,1,0,0,0,0,1,1,1,0,0,0.006861104629933834
4,50,10,100,2850818391,83,conj,glucose42,MT19937-RandomState,0.0005927877500653267,10010000011000000110010100000000110010000000000001000000001000000100001001001000000000001000000010000010000000000010000000000000100000111000010000010100000100010001100001100000011000001000000010001100000100000000100100001000000000100000000100000010101101000000000000000100000100100010000000000101000100000010010001100000000000000110000001010010001000010000010000101000010001011000000100100000010001001000101000000001100100001101000100000000000100101000010100010110000000000000000100010000000001000000,6a5d3fd5c5b07908caa38d7a64fc64b8eef661565afac1e7d9c709a3ba42fd0d,row_sparsity,row_sparsity|conj|2c5e43f84a|rng=MT19937-RandomState,,3,3,1,uniform,1;2;3,0.3333333333333333;0.3333333333333333;0.3333333333333333,0.0005445554852485657,5.771499127149582e-05,0.0007548918947577477,0.0010031359270215034,0.003767182119190693,0.006131441332399845,0.0023602982982993126,15,979,1,6,SAT_unsat_identifiable,1,boolean_factorization,exclude_x,exclude_x,0,635,2575,0,1,1,0,0,0,0,1,1,1,0,0,0.00626397505402565
4,50,10,100,2850818391,84,conj,glucose42,MT19937-RandomState,0.000584249384701252,00010000000000010001010000000000001110001100001000010000000000101001000000001110010000000000001000001000000011001000000100001000000000001100001000001100000001000001000000001000000110000001100001000000000000010000010010000000110010000100000000000010000010000000000001101010000001000000000001100000001001010000001100100000100000000000100100010110000001110000100010000000000110010000000000111010000000000010010000000010001010001000010100000010000000010001100010001000000001001001000001000011000100000000,f84554dcd94439205389636d7a4df271a41754417345498e81bd2e83e1e5023c,row_sparsity,row_sparsity|conj|2c5e43f84a|rng=MT19937-RandomState,,3,3,1,uniform,1;2;3,0.3333333333333333;0.3333333333333333;0.3333333333333333,0.0005978355184197426,5.953386425971985e-05,0.0008691428229212761,0.0010035419836640358,0.004547277465462685,0.007081454619765282,0.0025300541892647743,18,934,1,6,SAT_unsat_identifiable,1,boolean_factorization,exclude_x,exclude_x,0,772,3128,0,1,1,0,0,0,0,1,1,1,0,0,0.006488337181508541
4,50,10,100,2850818391,85,conj,glucose42,MT19937-RandomState,0.0005957065150141716,10000000000100001010001010010000000000110100000001000000001010100010000000000100100001010000000000010000110001000001000010000000000000010001000111000000100100000100000001100001010000000100100100001001000101001000101000000000010110000010010100000000010010000000000010000000001000010001001100001000000000001000000000000010100010000000001010010000100000010000000010001000000100000000100010010000000000100001000001000100011000000000011000000000000001000000010000001000000000100101000000010000000000010110,86d37bed4883ac44030cf573f3f8311254e26a9bdae800067de95404e1926a82,row_sparsity,row_sparsity|conj|2c5e43f84a|rng=MT19937-RandomState,,3,3,1,uniform,1;2;3,0.3333333333333333;0.3333333333333333;0.3333333333333333,0.00045783258974552155,5.3797848522663116e-05,0.0007167588919401169,0.0010078009217977524,0.003585006110370159,0.0058249253779649734,0.002236190252006054,14,880,1,6,SAT_unsat_identifiable,1,boolean_factorization,exclude_x,exclude_x,0,606,2409,0,1,1,0,0,0,0,1,1,1,0,0,0.006000337190926075
4,50,10,100,2850818391,86,conj,glucose42,MT19937-RandomState,0.0005852123722434044,10101000001000010001000001000000001010011000100010001000000001100000010000011100000001000000010000000100010100001001000000010000000000000010100000100001000000111000100000000000000101000001000100000001000010001100001100000010000001011100000000000010010010010000100000000100010100001000000101000010001000001001000000000001000011010000000000010000000001000010000000000000010000000100000110100000101010001001000010100100010000100000000000000100000010100101000001010000001000001000000000100000000011000000,2b09ce219914d68657c6ed16f96584e35d38ec8adfe8fa9ee7047dbe1d1692bb,row_sparsity,row_sparsity|conj|2c5e43f84a|rng=MT19937-RandomState,,3,3,1,uniform,1;2;3,0.3333333333333333;0.3333333333333333;0.3333333333333333,0.0005376767367124557,5.762279033660889e-05,0.0007970742881298065,0.0009956955909729004,0.003623422235250473,0.006015432067215443,0.0023880694061517715,16,898,1,6,SAT_unsat_identifiable,1,boolean_factorization,exclude_x,exclude_x,0,674,2752,0,1,1,0,0,0,0,1,1,1,0,0,0.006424156948924065
4,50,10,100,2850818391,87,conj,glucose42,MT19937-RandomState,0.0005827080458402634,00001000000000000011000000001001000001000000001000001001000000001000100010100100001000011011100000000010000000000000000100100011000010000000010010010001010000100000001000000000100010000010010100000101000000100000001000110000110000000100000001010000100001000000000001000000100010000001000000101000000100000000010000100001010000000000000000100001000000000001000101000000000000000010001000000010010001000010000001001001001000000001010000100000100000000000000100000001100100000010000000010000000101000001,650ee3ee5b64bf15e17e63a3f08e0958143f05ff04f18ac5e82d5e84ee8f132e,row_sparsity,row_sparsity|conj|2c5e43f84a|rng=MT19937-RandomState,,3,3,1,uniform,1;2;3,0.3333333333333333;0.3333333333333333;0.3333333333333333,0.0005053747445344925,5.7268887758255005e-05,0.0008005453273653984,0.0009943041950464249,0.004180746152997017,0.006542026065289974,0.0023574931547045708,16,978,1,6,SAT_unsat_identifiable,1,boolean_factorization,exclude_x,exclude_x,0,684,2763,0,1,1,0,0,0,0,1,1,1,0,0,0.006386189721524715
4,50,10,100,2850818391,88,conj,glucose42,MT19937-RandomState,0.0005926713347434998,00010000010010000101000000010100000000100000100001100000000001101000000001010000000100000010100010000011000001010000100001001000100000010110100000100000000000110000001110010000001000000001100011000000000010000010100000001100010000100010100000000110000001000110100000000000100010000101001000000000000100100000110010000000000001110010000000010101000001000010000101010010000010000101001000010000000101000000100101000010001000100000010000011001000001011001000010000000010011100000010000000010000000000101,93d7d4adcf2f4828b6cf43af13f59ebc735269ea7a2cbf8682b1859a6c7e6b8f,row_sparsity,row_sparsity|conj|2c5e43f84a|rng=MT19937-RandomState,,3,3,1,uniform,1;2;3,0.3333333333333333;0.3333333333333333;0.3333333333333333,0.0006762854754924774,6.30570575594902e-05,0.000948944129049778,0.0009985584765672684,0.005643071606755257,0.008333963342010975,0.002686845138669014,20,928,1,6,SAT_unsat_identifiable,1,boolean_factorization,exclude_x,exclude_x,0,850,3482,0,1,1,0,0,0,0,1,1,1,0,0,0.006835412234067917
4,50,10,100,2850818391,89,conj,glucose42,MT19937-RandomState,0.000582193024456501,00000010000000010000000100000001100100000100000000101001000000000000010100100001000000010001001100001001000100001110000000100001000000000100000001000001000000000000010011000001010001000001000100110000000100000001000000000011010000001101000001000000100100000100101000000000100010000011000000000001000000000000011010000100001001000000000000010001100000000100010110000000000010000100000010011011010000000000001000000000001000000001000000000010000000100000011010000000010010010100000000000000010000000100,d50e2c0cb759efedc641606353f80f3469339afb8f382110b7d3465fdec9a128,row_sparsity,row_sparsity|conj|2c5e43f84a|rng=MT19937-RandomState,,3,3,1,uniform,1;2;3,0.3333333333333333;0.3333333333333333;0.3333333333333333,0.0005115028470754623,5.901604890823364e-05,0.0008327197283506393,0.0009960094466805458,0.0043511586263775826,0.006754285655915737,0.002399248071014881,17,894,1,6,SAT_unsat_identifiable,1,boolean_factorization,exclude_x,exclude_x,0,713,2929,0,1,1,0,0,0,0,1,1,1,0,0,0.0063568828627467155
4,50,10,100,2850818391,90,conj,glucose42,MT19937-RandomState,0.0005385875701904297,00001000000001100000000000001000100000000100000000000000100000000010010001000000010100001000100000000011000000000000001010000100100000000100101000010000001000100000001000001000001001000000011001000000000011010000100100100000000001100000100101100001000010001001011000001000000101010000001001100010001010010000000100001000000000000110010000000001000000010010000000100100000001101000101010000000000010111000100000000000010000000110010000000010000100000010000000010010001001000000100001000000000001100100,47ebad08b44753a00142bf496cc44d01f22a813ed4868e01b6db1fa39d620dd3,row_sparsity,row_sparsity|conj|2c5e43f84a|rng=MT19937-RandomState,,3,3,1,uniform,1;2;3,0.3333333333333333;0.3333333333333333;0.3333333333333333,0.0005567409098148346,5.885399878025055e-05,0.0008365614339709282,0.0009990362450480461,0.0043220557272434235,0.006777218542993069,0.0024511925876140594,17,900,1,6,SAT_unsat_identifiable,1,boolean_factorization,exclude_x,exclude_x,0,733,2951,0,1,1,0,0,0,0,1,1,1,0,0,0.006403968669474125
4,50,10,100,2850818391,91,conj,glucose42,MT19937-RandomState,0.000577305443584919,01000001000000010000000000101001010000000000010101100001010000001000001000010000000000000101000000110100010000000000010010100000010000000100100000000000001000000000001100100000010100000101001100100000001001000011000100000000100100000000010010001000000000100010011000010001000100001010000001010000000010010000001000010000000100100101100001000010000000010000000000000000101001000000100000000000100010100100000000010000001000000110001010000001011001000000001000000001001010000000101010010000101000000001,2374a02ad2b3ce38b9ceb850315297745581bea2111105c0dc6c9126f6e2f2f4,row_sparsity,row_sparsity|conj|2c5e43f84a|rng=MT19937-RandomState,,3,3,1,uniform,1;2;3,0.3333333333333333;0.3333333333333333;0.3333333333333333,0.0005676988512277603,5.5390410125255585e-05,0.0007576178759336472,0.0009921574965119362,0.00532287172973156,0.007699916139245033,0.0023728646337985992,15,900,1,6,SAT_unsat_identifiable,1,boolean_factorization,exclude_x,exclude_x,0,625,2564,0,1,1,0,0,0,0,1,1,1,0,0,0.00606253556907177
4,50,10,100,2850818391,92,conj,glucose42,MT19937-RandomState,0.000600895844399929,00000000100000000010000001010001100010001000010001000010000010100000100000010001000001000001010001001000000100100001000011000000001100001000010000100101000110000000010110000001000000000110000000010000000000011010000010100000000001000000100110000000000000010110000010100000000000100000010000000010100100001000000001100100101000000100001100000000100110000110000100000001000010000011000000011000100110000001101000000100100000010110000010001000000010000000000001000001100100001000000010100000000000010010,9bd9145dee14b6377e6069c9867f5cdd34556bbf42a9b0f9ebb2f7f74609a4be,row_sparsity,row_sparsity|conj|2c5e43f84a|rng=MT19937-RandomState,,3,3,1,uniform,1;2;3,0.3333333333333333;0.3333333333333333;0.3333333333333333,0.000612892210483551,6.806664168834686e-05,0.0009993528947234154,0.0010067326948046684,0.006097770296037197,0.008789333514869213,0.0026870444416999817,21,806,1,6,SAT_unsat_identifiable,1,boolean_factorization,exclude_x,exclude_x,0,929,3703,0,1,1,0,0,0,0,1,1,1,0,0,0.006635196506977081
4,50,10,100,2850818391,93,conj,glucose42,MT19937-RandomState,0.0005914187058806419,00010100001000000101100001100001001000011100000000000100000010010000000100000010000100110000000000010000000001000100000000100101000100000101000000001100000001010001000010000000100000100000000001000000100000000000110001001001000100000000000100000100000000000100001000010001000000000100000000000100110011000000000000010000000001000000000100000001000011000010000001000000010100000000000010000100010001100000000100010000000001010001000000000100000101000000010001001000000110000001100000000100000010001001,c99872f097528225f45ea4ddc316b3850aa03933232e6f209266bea0524a4645,row_sparsity,row_sparsity|conj|2c5e43f84a|rng=MT19937-RandomState,,3,3,1,uniform,1;2;3,0.3333333333333333;0.3333333333333333;0.3333333333333333,0.0004978897050023079,5.262251943349838e-05,0.0006738696247339249,0.0009922776371240616,0.003869018517434597,0.006089855916798115,0.0022166594862937927,13,976,1,6,SAT_unsat_identifiable,1,boolean_factorization,exclude_x,exclude_x,0,527,2188,0,1,1,0,0,0,0,1,1,1,0,0,0.005987733602523804
4,50,10,100,2850818391,94,conj,glucose42,MT19937-RandomState,0.0005952119827270508,11000000000010000001000010000001000100000000100000001000110000000010001000010001000000001001010000001000010000101000010001001000010000100100100010000001010000010000001010100010000100100000001100000000000010000100100000010010010001000100001000001000000000001010010001000000110001000010101000000000010000000010000110000100000010001101000010000000000010001100000010100000001000000001100001010001000000010010000000000000001000010000000001000011100000000000100000000001000100000010100000100000100000000001,f1b0cac1d0a42ed2aab1a21184e33a3d02e7b4ed881b8a3606fee584fefc9d66,row_sparsity,row_sparsity|conj|2c5e43f84a|rng=MT19937-RandomState,,3,3,1,uniform,1;2;3,0.3333333333333333;0.3333333333333333;0.3333333333333333,0.0005442555993795395,6.221234798431396e-05,0.0007947953417897224,0.0009902631863951683,0.0040462929755449295,0.006441767327487469,0.002391526475548744,16,916,1,6,SAT_unsat_identifiable,1,boolean_factorization,exclude_x,exclude_x,0,664,2741,0,1,1,0,0,0,0,1,1,1,0,0,0.006263677030801773
4,50,10,100,2850818391,95,conj,glucose42,MT19937-RandomState,0.0005881562829017639,11000000010000001000100000000010000010000010100100000001001100011000001000000100000001000000001000101000011000000010011000001000000000001000000010000000001100010000010000011000000001000000001000000001010000000010000000010100000011000010010000000000100010000000000001000001000001100111000000000001000101000000010010101000000010000000101010001000100010100000100000010001100000001001000100000001000110000001100010010001010000010100001000000000011000000001001000000001001100010000100000000010000001000101,7d0fe26cdba7f23e59ced8d803a4030fea562e1258796787eaa557ebc341f939,row_sparsity,row_sparsity|conj|2c5e43f84a|rng=MT19937-RandomState,,3,3,1,uniform,1;2;3,0.3333333333333333;0.3333333333333333;0.3333333333333333,0.0006073564291000366,6.015133112668991e-05,0.0009100222960114479,0.0010026516392827034,0.005080359987914562,0.007664577104151249,0.002580181695520878,19,958,1,6,SAT_unsat_identifiable,1,boolean_factorization,exclude_x,exclude_x,0,811,3305,0,1,1,0,0,0,0,1,1,1,0,0,0.006659712642431259
4,50,10,100,2850818391,96,conj,glucose42,MT19937-RandomState,0.0005828915163874626,01100000011001000000101000000010010000010001100001001000010010000001011001000010011000000100001001001000000110000110000010000110000001100010010000011000101000000010000000110000000101100000000011000000100000000000010110000000000010000000101001000000001000010000000100000100001010000011000001000110100000011010000000000001001001100010000000000000100010000000001000000000100010000000000100000000100101000100010100000100001000000011000000101010000000010010000000000010000000000101100001001000000100000000,5253c65b400a1313e8da87a318c1d0c5fabfbe9e233e23a2028fa194c059b042,row_sparsity,row_sparsity|conj|2c5e43f84a|rng=MT19937-RandomState,,3,3,1,uniform,1;2;3,0.3333333333333333;0.3333333333333333;0.3333333333333333,0.0006694495677947998,6.313808262348175e-05,0.0009853225201368332,0.0010115737095475197,0.006362180225551128,0.009095724672079086,0.0027294838801026344,21,882,1,6,SAT_unsat_identifiable,1,boolean_factorization,exclude_x,exclude_x,0,899,3670,0,1,1,0,0,0,0,1,1,1,0,0,0.006722898222506046
4,50,10,100,2850818391,97,conj,glucose42,MT19937-RandomState,0.0005813967436552048,01010000000001010000010000000001000000010100001000011000000000001000010010000110001000010110011000000000000100010000001110010001000101000000000000100001000001010000001100000000010000100000000100010100100000000000010001000110000000001011000000110001000000011010000000010010000000000001000100000000100000010000000000100000000000100000000001010010000000000000101000101001000100010000000000100010001100000001000100000110000000000100001100010000101000001000110000011000100100110100000000000001010001101000,762913d00a3bb21225e616335519d27eb5c926947a64894857145738f8f40c12,row_sparsity,row_sparsity|conj|2c5e43f84a|rng=MT19937-RandomState,,3,3,1,uniform,1;2;3,0.3333333333333333;0.3333333333333333;0.3333333333333333,0.0005824919790029526,5.591008812189102e-05,0.0007944824174046516,0.0009954730048775673,0.004135429859161377,0.006567910313606262,0.0024283574894070625,16,866,1,6,SAT_unsat_identifiable,1,boolean_factorization,exclude_x,exclude_x,0,684,2763,0,1,1,0,0,0,0,1,1,1,0,0,0.006193817593157291
4,50,10,100,2850818391,98,conj,glucose42,MT19937-RandomState,0.0005892915651202202,00010100000001000000101100000010010000010001000000000001010100010100000001000011100000000000110000101000000101000000011001010100000001000000000001000010000010101000000000000010000100000100000000100000000000100001100000000000010001000000100001000000000001000010010000100010000010000000100001000001000010000000000010000010000000101000101000100000011000000000001001110000001010100000000000001010001000001000010000000000010000000100000000100000000010101000010100100001001010000010001001000000001000010000,75f4ba89d055dcb21437a1955124bb7e7b9624e5ba34662a6dbfcd5048860180,row_sparsity,row_sparsity|conj|2c5e43f84a|rng=MT19937-RandomState,,3,3,1,uniform,1;2;3,0.3333333333333333;0.3333333333333333;0.3333333333333333,0.0005155354738235474,5.566142499446869e-05,0.0008321134373545647,0.0009955838322639465,0.010397895239293575,0.01280117779970169,0.0023988941684365273,17,890,1,6,SAT_unsat_identifiable,1,boolean_factorization,exclude_x,exclude_x,0,733,2951,0,1,1,0,0,0,0,1,1,1,0,0,0.006411855109035969
4,50,10,100,2850818391,99,conj,glucose42,MT19937-RandomState,0.0005975682288408279,00100000001010100000010001100000000100000010010000100001001000000000010110000010000011010010001000001001000000000100010000010100000010000110100000000000010011001000000000000100000000000001000000010001101010000000010001000100001001100000100000011100000000010101100000011010000100100001100000010000101000001010000000010001101000010000001000011000100000000000010010010000000000000100001000110000000100000001000100010000000000100000000000000010010000010100000100000100001000000001000100000100000000010000,23bf147b5682df8e8dbefa42b6c0f11837d5db322ccdafac235659af4262b9a0,row_sparsity,row_sparsity|conj|2c5e43f84a|rng=MT19937-RandomState,,3,3,1,uniform,1;2;3,0.3333333333333333;0.3333333333333333;0.3333333333333333,0.0005317423492670059,5.740392953157425e-05,0.0008296938613057137,0.001001688651740551,0.004277271218597889,0.006702360697090626,0.002420528791844845,17,960,1,6,SAT_unsat_identifiable,1,boolean_factorization,exclude_x,exclude_x,0,713,2929,0,1,1,0,0,0,0,1,1,1,0,0,0.006385318003594875
