schema_version,J,K,N,seed,sim,operator,solver_name,rng_engine,generation_time,q_bitstring,q_sha256,design,design_id,p,m_requested,m_effective,min_row_size_requested,row_size_distribution,row_size_support,row_size_probs,basis_time,identity_check_time,two_col_check_time,three_col_check_time,sat_time,algorithm_time,preprocess_time,J_basis,M_basis,identifiable,branch,branch_label,sat_called,sat_formulation,sat_cardinality_encoding,cardinality_encoding_requested,maximal_candidate_requested,sat_variables,sat_clauses,identity_original,not_complete_original,has_pure_node_original,no_pure_nodes_original,has_zero_row_original,two_col_violation_original,three_col_violation_original,two_column_pass_original,both_necessary_checks_pass_original,I_3c,identity_basis,two_col_violation_basis,diagnostics_time
4,50,10,100,501994184,0,conj,glucose42,MT19937-RandomState,0.0006755897775292397,01010000000000001110000000100000100001010001001001010000100001010000011001000000000100001110001000001000000011000100101000000000110100000000000100000000000100011000000100100000000000000011011000000000000010000000110000010000001001100000010100100011001000000000001000010111010000000000100000000011001010100100000000010000000000101010000000001000010000000000000100001000000000001100000001010011001000000001100000000000110010000100001001000000010001000000000100000010001000000001011000101100000001000001,b7de71729aaef93c0e960592e1df4e660b6379dcfe08be57d3494eca1051190f,row_sparsity,row_sparsity|conj|2c5e43f84a|rng=MT19937-RandomState,,3,3,1,uniform,1;2;3,0.3333333333333333;0.3333333333333333;0.3333333333333333,0.0007332842797040939,9.3141570687294e-05,0.0009026788175106049,0.0009912755340337753,0.01647043414413929,0.01919891219586134,0.002720380201935768,19,856,1,6,SAT_unsat_identifiable,1,boolean_factorization,exclude_x,exclude_x,0,831,3327,0,1,1,0,0,0,0,1,1,1,0,0,0.006529873237013817
4,50,10,100,501994184,1,conj,glucose42,MT19937-RandomState,0.0005809161812067032,01000000011001000000000001000001100000000001000000000000000101000000000011000001001010100000100011000010000100101000000001011000000000110000000010000001000101000010000000010000001001000000010001000000001010001000010000000100001000011000000001000000100100000010001001000000001000000000000001001000000010000000000000010100000100000001000000100100000100010000101001001001000011000001000000011000000100000000001010000000001000001100000000000010101000010000000011100011000010000101000000001000000001000000,a496fce3a9bc3ad367f3e2f49249dd927fe39e7896807a389f7bf335550f3f55,row_sparsity,row_sparsity|conj|2c5e43f84a|rng=MT19937-RandomState,,3,3,1,uniform,1;2;3,0.3333333333333333;0.3333333333333333;0.3333333333333333,0.0005347691476345062,6.025843322277069e-05,0.0007845023646950722,0.001000668853521347,0.0050130803138017654,0.0073996782302856445,0.002380198799073696,16,928,1,6,SAT_unsat_identifiable,1,boolean_factorization,exclude_x,exclude_x,0,664,2741,0,1,1,0,0,0,0,1,1,1,0,0,0.006169547326862812
4,50,10,100,501994184,2,conj,glucose42,MT19937-RandomState,0.0005787722766399384,00010000000000000100000000001010010000000001000010100010000100001011000010100010001000001100101000100000110000001000000001000000000100100100000001000001000001100001010000100000000011001000001000010000010010010010000000001010100000100000000000001010000000100000010000000000000000010000100000011000000000101000000001000100000010000000100000001000000000011000000000100001101000000001000101000010000000100000000010000000010000100110000010000010100100100000000100000010000010000000100011100000000001000000,dc94497eff5a3b1a5a3b9922a06718b00cdda620b54245c0aa3c627aa506daf3,row_sparsity,row_sparsity|conj|2c5e43f84a|rng=MT19937-RandomState,,3,3,1,uniform,1;2;3,0.3333333333333333;0.3333333333333333;0.3333333333333333,0.0004701279103755951,5.28041273355484e-05,0.0,0.0,0.0,0.0005270792171359062,0.0005229320377111435,10,1024,1,4,identity_submatrix_identifiable,0,,,exclude_x,0,0,0,1,0,1,0,0,0,0,1,1,1,1,0,0.005504968576133251
4,50,10,100,501994184,3,conj,glucose42,MT19937-RandomState,0.0005733408033847809,00100000000000001001001101000000000001000010100000000001100010000010001000000000100000010000000001001001000100000000010010000000001010000000010010001000001010000000011100000000110100010000000000010011000000110000000010010000101010010000000000000000010000010000000001000000000100100000010000100000110011000000010100010010110100000010000010100000010100001000000001000000000000000010001100010010010010000110000000100000000010001010000001100001001000000010000000001010010000000010011000000011000000000001,cd8a400256b92bdf783f144780e86dbba585c661f1e17f9266f4cc7c07dad9e6,row_sparsity,row_sparsity|conj|2c5e43f84a|rng=MT19937-RandomState,,3,3,1,uniform,1;2;3,0.3333333333333333;0.3333333333333333;0.3333333333333333,0.0006080856546759605,5.798414349555969e-05,0.0008166013285517693,0.0009709913283586502,0.00559814739972353,0.008057652041316032,0.0024536624550819397,17,948,1,6,SAT_unsat_identifiable,1,boolean_factorization,exclude_x,exclude_x,0,713,2929,0,1,1,0,0,0,0,1,1,1,0,0,0.006379618309438229
4,50,10,100,501994184,4,conj,glucose42,MT19937-RandomState,0.0005697356536984444,00001010010010000000110001000001100000100010000010000000001100000000100101010000100000000001000001011100000000001101000000000001010010000000100110000000111000001000000000000110001000000001110000100000110000001010000000000000001100000000000101000000000001000000100000001100001000100010001000010001010000000000100001010001001000000000001110001100000001001000000001000000101000000000000100000010001000000000000010010010010000000100000010100010000001010000000011001000000000000010001100100100000010000011,bd19f0133d8e924350043b81920fe96b57aba74066c56e0af6bd9622d4b7247d,row_sparsity,row_sparsity|conj|2c5e43f84a|rng=MT19937-RandomState,,3,3,1,uniform,1;2;3,0.3333333333333333;0.3333333333333333;0.3333333333333333,0.0006004795432090759,5.588307976722717e-05,0.0007354244589805603,0.000985981896519661,0.005152727477252483,0.007536139339208603,0.0023777689784765244,15,896,1,6,SAT_unsat_identifiable,1,boolean_factorization,exclude_x,exclude_x,0,635,2575,0,1,1,0,0,0,0,1,1,1,0,0,0.0059433914721012115
4,50,10,100,501994184,5,conj,glucose42,MT19937-RandomState,0.0005593542009592056,00000110000000000010001000110000000100001000000000000000010100010000100011001000000100000000110010001000000101000000100000100100100000000100100001000000000010000001000000010100010000000001000000000001011010000000000001100001001000100000000000000000011001000001010000010000010100010000110001000100000000001001000001100001010000000000000010001010100000011100000000000000011000000100101000000000011001000001100100001011000001100000000000000001000000000111000001000010010001001001010000000100001100000010,077dc9d4828303458b6f8d863e70de3f188d60c9b07de81ae0402e40e482002b,row_sparsity,row_sparsity|conj|2c5e43f84a|rng=MT19937-RandomState,,3,3,1,uniform,1;2;3,0.3333333333333333;0.3333333333333333;0.3333333333333333,0.0006151106208562851,6.448943167924881e-05,0.0009708134457468987,0.000975143164396286,0.005039473995566368,0.007670966908335686,0.0026255566626787186,21,899,1,6,SAT_unsat_identifiable,1,boolean_factorization,exclude_x,exclude_x,0,939,3714,0,1,1,0,0,0,0,1,1,1,0,0,0.006751894950866699
4,50,10,100,501994184,6,conj,glucose42,MT19937-RandomState,0.0005583642050623894,01000000000100000000000100000000001101000000100000000000100001001010000000100000001000000010110000000000101001010001000000000010000001000000010000010000000000100010010000000001100010000000001101000000100100001000001001011100000010000000110100000100001001000000000000111011000000000000010001100101000000000000011001000010011000000001000101001000110000010000000001000101000000001000000001000000101000100010010000000000100010000000001010001000000100000111100000000010000100100001000000000100000000001000,334cbef7c321ada2e205cc3297fe0ebda4c7d91e8483886347618b16204acea6,row_sparsity,row_sparsity|conj|2c5e43f84a|rng=MT19937-RandomState,,3,3,1,uniform,1;2;3,0.3333333333333333;0.3333333333333333;0.3333333333333333,0.0005944659933447838,5.8426521718502045e-05,0.0007374314591288567,0.000981844961643219,0.004380770027637482,0.006758589297533035,0.0023721689358353615,15,972,1,6,SAT_unsat_identifiable,1,boolean_factorization,exclude_x,exclude_x,0,635,2575,0,1,1,0,0,0,0,1,1,1,0,0,0.006109575740993023
4,50,10,100,501994184,7,conj,glucose42,MT19937-RandomState,0.0005721068009734154,10001000001000000001000000000100000100010001100001000000010000101000010001100010100000000000000010000100100001010000000110100000000101100000110000000000010000011000000010000100000100100000000000000010000110000000100001001000000010100000000000001000000100000001000010000000000000100100010100000001101000001010000100000000001000000010001100000010001010000000001100001001000000001000000000001010101000000000000110000001000000100000001000000000110000001001001000001001000000000000100000101010000001001001,8b2f92dbbf01bde7e34e2a47dc5b802d166182628aec083b43a7bab3a39e1e96,row_sparsity,row_sparsity|conj|2c5e43f84a|rng=MT19937-RandomState,,3,3,1,uniform,1;2;3,0.3333333333333333;0.3333333333333333;0.3333333333333333,0.0005354750901460648,6.134063005447388e-05,0.0006238687783479691,0.0009840521961450577,0.003814741037786007,0.00602720957249403,0.0022047366946935654,12,960,1,6,SAT_unsat_identifiable,1,boolean_factorization,exclude_x,exclude_x,0,478,2000,0,1,1,0,0,0,0,1,1,1,0,0,0.00580673199146986
4,50,10,100,501994184,8,conj,glucose42,MT19937-RandomState,0.0005780225619673729,00100000000000000100000000010000001001000000000100000100000001000000000000000100000001000000111000000000000010000010100001000001000101010000001000100001000010000000000100000010000000000101100011000100001000000010000001100000011000000000001000100000000100010010000000001000010100001000100100100101000000011000100000110000010000000001010000010010000100000000010100000001001000000000000110000001000000000010000000010000101001010001001000000000000001110001000010000001000000000001000010000100000100100100,f1750f8e289f8414f3894ea289513dd584daac878ec4454ee4fd180c06492c08,row_sparsity,row_sparsity|conj|2c5e43f84a|rng=MT19937-RandomState,,3,3,1,uniform,1;2;3,0.3333333333333333;0.3333333333333333;0.3333333333333333,0.0005072597414255142,5.28944656252861e-05,0.000703081488609314,0.0009803734719753265,0.004373691976070404,0.0066228387877345085,0.002243609167635441,14,808,1,6,SAT_unsat_identifiable,1,boolean_factorization,exclude_x,exclude_x,0,576,2376,0,1,1,0,0,0,0,1,1,1,0,0,0.005773581564426422
4,50,10,100,501994184,9,conj,glucose42,MT19937-RandomState,0.0005647595971822739,00100100010010000101100000100000011001000000100011100100000101100001000000000100010000000010000000000000000100001000000110000000011000000000101000000010100000000000100000000001000000000000100000100000010000001000010000011000000000000110000000000000100000000111001000000001000110000100000000001000110000000011010010101000100010000101100000010000100000001001000001000100010001010100000000100001000000000010000000101000100000000000010100100001001000100001100000000011000010001000010000010000000000100100,96be360d20c6f96cbaee6a42096e5671f1c617c8648094dc3f96bd0a26698123,row_sparsity,row_sparsity|conj|2c5e43f84a|rng=MT19937-RandomState,,3,3,1,uniform,1;2;3,0.3333333333333333;0.3333333333333333;0.3333333333333333,0.0005248319357633591,5.101040005683899e-05,0.0,0.0,0.0,0.0005796113982796669,0.0005758423358201981,10,1024,1,4,identity_submatrix_identifiable,0,,,exclude_x,0,0,0,1,0,1,0,0,0,0,1,1,1,1,0,0.005520118400454521
4,50,10,100,501994184,10,conj,glucose42,MT19937-RandomState,0.0005322881042957306,01001000010010100001000110000011000000100001000100010000100000000000010001010001000011000110000110000110000000000100000000100000010010001000100110000000010001000000001001110000100000001010100100000010000001001000100000110000101010110000000001000010000010000100010001010010100000001100000010000100110011000010000000010000000001000000001100000000000010101000000000010000010000100000000010001000110000000001000100000100000000000100000100010000100000000001000001000001000100100010001000110100001110000000,55dfdfab2c6b5cc5124f448ec6284590ed700a945dd93b1bcc8d063df4e28b4a,row_sparsity,row_sparsity|conj|2c5e43f84a|rng=MT19937-RandomState,,3,3,1,uniform,1;2;3,0.3333333333333333;0.3333333333333333;0.3333333333333333,0.0006537847220897675,6.707850843667984e-05,0.001047641970217228,0.0009993789717555046,0.006922844797372818,0.009696606546640396,0.00276788417249918,23,928,1,6,SAT_unsat_identifiable,1,boolean_factorization,exclude_x,exclude_x,0,977,4024,0,1,1,0,0,0,0,1,1,1,0,0,0.007211601361632347
4,50,10,100,501994184,11,conj,glucose42,MT19937-RandomState,0.0005956273525953293,01010100000000000100101001000010000000000000010000000100000001000001001010000100001000010000011100000000001010010001100000010000000010010000000010000000000001100001001100000001101000000100000100000000000000011100000001100000001001100000010100010000010000001010100100000001000000011000000000010000001000001101001000000011000000001000001000110000011001011000000000010100000001000000010101000001000000010010100010001010100000010000010010000100000000110000100000010000001001010110000000101000101000000000,70e54b083ccff4927ea6faad2a3413e95496c490e4304d0699202328666eb24e,row_sparsity,row_sparsity|conj|2c5e43f84a|rng=MT19937-RandomState,,3,3,1,uniform,1;2;3,0.3333333333333333;0.3333333333333333;0.3333333333333333,0.0006518019363284111,7.751956582069397e-05,0.0011162813752889633,0.0010469397529959679,0.0138468062505126,0.016745859757065773,0.0028925426304340363,23,958,1,6,SAT_unsat_identifiable,1,boolean_factorization,exclude_x,exclude_x,0,997,4046,0,1,1,0,0,0,0,1,1,1,0,0,0.007148656994104385
4,50,10,100,501994184,12,conj,glucose42,MT19937-RandomState,0.0005830535665154457,00001000110001000000000000000101000000000001000000000001010000001000011001000000001100000101000000110000010000000100100100000001001000000000000100000000000010100010100001001000000000001010100000001010000100010000100110000010000110000100000100001000110000000100100000100101000110000001010010100000001000110000000011001000000000011000001000000000101000001000000010010000000001100100000000010000010000000000100000011010000010000000000000000010000110000000001000000000010000000010000111000000010010000100,1241e76850c9c2ee5940ed742f9f6c1779da066aa0ce171c92a4940228dbf55b,row_sparsity,row_sparsity|conj|2c5e43f84a|rng=MT19937-RandomState,,3,3,1,uniform,1;2;3,0.3333333333333333;0.3333333333333333;0.3333333333333333,0.000535125844180584,5.700811743736267e-05,0.0007804874330759048,0.000996878370642662,0.0053277090191841125,0.0077020879834890366,0.0023694997653365135,16,982,1,6,SAT_unsat_identifiable,1,boolean_factorization,exclude_x,exclude_x,0,684,2763,0,1,1,0,0,0,0,1,1,1,0,0,0.006244865246117115
4,50,10,100,501994184,13,conj,glucose42,MT19937-RandomState,0.0005702050402760506,00100000000010010100011000000101100010000010001000000000100000001010010001100000101000000000000011000000010000000001000000100110001010010000000011000000000101001000000010100000100000110000100001010100100000000001000000000000000011000000000101000100000000100001000000010100000110000001010000100101000000000010001000010000000001000000110100000001010001000001000010000010010010100010100100100000000101000000001000000011000000000000100100010001000100011000001101001000000101001000010001000110000000100100,d151bb8d69fa8d9b26c5179c8c389f634909a12c0f79edad1261dedafc7ad718,row_sparsity,row_sparsity|conj|2c5e43f84a|rng=MT19937-RandomState,,3,3,1,uniform,1;2;3,0.3333333333333333;0.3333333333333333;0.3333333333333333,0.0007393322885036469,6.31352886557579e-05,0.0009445194154977798,0.0009850971400737762,0.0073501355946063995,0.010087386704981327,0.002732084132730961,20,932,1,6,SAT_unsat_identifiable,1,boolean_factorization,exclude_x,exclude_x,0,850,3482,0,1,1,0,0,0,0,1,1,1,0,0,0.00664401613175869
4,50,10,100,501994184,14,conj,glucose42,MT19937-RandomState,0.0005864277482032776,00010000000000000001000000000100001000001100000000000000001000001000000000000100001000000000000000101000000000010010000001000110000010010000001011000000010000000000100100000000001010000011000010001001000010010101000010000110010000101000100001010100000000011000000100000000000010000000100000000000001000100100100100100000000100110000000100000000101010010010001000010000001000000000000010000000001000100001000101000001000001000011000010010001101001000001000000000000100101001010000001000100011000001010,c922d44a7170f1da6a9fc6ca640bdbe802281e63ef3c59a022a84c17f834fec1,row_sparsity,row_sparsity|conj|2c5e43f84a|rng=MT19937-RandomState,,3,3,1,uniform,1;2;3,0.3333333333333333;0.3333333333333333;0.3333333333333333,0.0005006873980164528,5.132332444190979e-05,0.0,0.0,0.0,0.0005559446290135384,0.0005520107224583626,10,1024,1,4,identity_submatrix_identifiable,0,,,exclude_x,0,0,0,1,0,1,0,0,0,0,1,1,1,1,0,0.005486907437443733
4,50,10,100,501994184,15,conj,glucose42,MT19937-RandomState,0.0005611637607216835,00010000000001000000000100000100010000000000000001000000011000100000000000000001000110100000010001101100100000000100101000000100000000100000000001000010000000000110100000110000000001000000000100100100000001011000110100000000000010110000000010000000000000010110000000101110100000101000100000000100100010101000000100100010000000110000000001010111000000000100010000100000000000000100001001000100001110000000000010001010100000010001001000000001000000000100001000000101100000001000001000100001010000100000,85b6a28c53df30be47532ad482044285338b818b170e00ff53cf17da0b9de97e,row_sparsity,row_sparsity|conj|2c5e43f84a|rng=MT19937-RandomState,,3,3,1,uniform,1;2;3,0.3333333333333333;0.3333333333333333;0.3333333333333333,0.0005659814924001694,5.366560071706772e-05,0.000692407600581646,0.0009960522875189781,0.004409571178257465,0.006722797639667988,0.002308106981217861,14,964,1,6,SAT_unsat_identifiable,1,boolean_factorization,exclude_x,exclude_x,0,586,2387,0,1,1,0,0,0,0,1,1,1,0,0,0.005957054905593395
4,50,10,100,501994184,16,conj,glucose42,MT19937-RandomState,0.0005623558536171913,00000110000100000000000100000001000000000100010010001100000000000100000011001000000100010000000001100000101100011000000001000000000000010100000110000000001000000100110000001000001000110000001010000000010001001000001001010000000001001000000001000000100101000001001000000000000001000010000000100100000001001001000010100010000000000100000000100110000000001101000010010010000011010000000110010001000110000001001010100000010100010000000001001001000100000111000000000110100000000000100010000010100001100001,8811ddf5c8b3dc2f54c002ee7d77cbbc4e29f92dfc5e0c2eba8485c560140035,row_sparsity,row_sparsity|conj|2c5e43f84a|rng=MT19937-RandomState,,3,3,1,uniform,1;2;3,0.3333333333333333;0.3333333333333333;0.3333333333333333,0.0005410583689808846,5.3903087973594666e-05,0.0006964681670069695,0.0009769964963197708,0.0037778308615088463,0.006051288917660713,0.0022684261202812195,14,988,1,6,SAT_unsat_identifiable,1,boolean_factorization,exclude_x,exclude_x,0,576,2376,0,1,1,0,0,0,0,1,1,1,0,0,0.006158667616546154
4,50,10,100,501994184,17,conj,glucose42,MT19937-RandomState,0.0005551846697926521,10010100000000101000000000100001100000010010000000110000000100101010000010100000101001000000010000000100110000000100100100100000001000010100010000010100000001000011000000000000010100000010000000101001100000100000000110000100001000001000000000010100001000010001000100000000010000011000000001000000110000100001011001000010000001010000100001100001000010000001001000000001010011000010000101001000010000001000000000000010001000000010000000000100100010010000000010011010001000000100000100100100000100000000,271fc740ab6e5a7e3480786770afd674d20776c84b4371323374f4586a76114b,row_sparsity,row_sparsity|conj|2c5e43f84a|rng=MT19937-RandomState,,3,3,1,uniform,1;2;3,0.3333333333333333;0.3333333333333333;0.3333333333333333,0.0007456745952367783,6.644334644079208e-05,0.0010822592303156853,0.0009967833757400513,0.010715337470173836,0.013611923903226852,0.002891160547733307,24,918,1,6,SAT_unsat_identifiable,1,boolean_factorization,exclude_x,exclude_x,0,1026,4212,0,1,1,0,0,0,0,1,1,1,0,0,0.007188095711171627
4,50,10,100,501994184,18,conj,glucose42,MT19937-RandomState,0.0005778390914201736,10100000101000001000010000000000000010000000001000000011000000100000010000010001100000100100011000001001000000001100000100000011010010001000000011000000010001001000100001000000010100010000000001000000000001000001000000000010000000000000100000000001000001000011100010000001010001001000001000010000000000100000000100000000100001000000010000000001011000000001000000100001000011001000010001010000100001000000000001000001000010000100000010001100000100000010001010000000100000100000000001010000010000100000,4e3d115d52112e523463746b84ddd45040888d9663e413f538dab566d85dd949,row_sparsity,row_sparsity|conj|2c5e43f84a|rng=MT19937-RandomState,,3,3,1,uniform,1;2;3,0.3333333333333333;0.3333333333333333;0.3333333333333333,0.00046023447066545486,5.973968654870987e-05,0.0005906783044338226,0.0009786589071154594,0.003065909259021282,0.005160098895430565,0.002089311368763447,11,736,1,6,SAT_unsat_identifiable,1,boolean_factorization,exclude_x,exclude_x,0,459,1845,0,1,1,0,0,0,0,1,1,1,0,0,0.005267559550702572
4,50,10,100,501994184,19,conj,glucose42,MT19937-RandomState,0.0005585309118032455,01000001000100000000010000001000010110000100010000100000000000000001100000000110010000000000001000000000100000100001000100100000010000011100000010000001000101000001000011000000000100010100010010100001000001010000000001000011000100000000001000001000001100000010001001100000001010010000100101001000000000000100000010000000100001001001000000000010010000001010000100001001000000110000000000100000000001000010010000000100100110000100100010000000100100001000001100100100000010000010100100000101000000000100,3401b34f1fca300eb752bb4a4b286b4ab596f33ddb2edcad1c788bca3a9e172d,row_sparsity,row_sparsity|conj|2c5e43f84a|rng=MT19937-RandomState,,3,3,1,uniform,1;2;3,0.3333333333333333;0.3333333333333333;0.3333333333333333,0.0004991479218006134,5.7267025113105774e-05,0.0007304055616259575,0.000979570671916008,0.003979705274105072,0.006250953301787376,0.0022663911804556847,15,892,1,6,SAT_unsat_identifiable,1,boolean_factorization,exclude_x,exclude_x,0,655,2597,0,1,1,0,0,0,0,1,1,1,0,0,0.006000995635986328
4,50,10,100,501994184,20,conj,glucose42,MT19937-RandomState,0.0005245925858616829,00101100001000000000001000100101000000000000101000000000010000001000000001000000101001000000010010000010100000000100001000001000000000011001000001010000000000110000000100100000010000000010110010100000000010000000100000000100000011000000001000000000010000001000000011001000101000000001010000000000100000000001000000011000001000000001001010000000001110010000000000000010000000001011000010110000000001000000100101010000011000000000100100000000010001010010010001001001000000000110000100000000010001101000,43f77aca534a548ee6c208810f5146ec450a69f16acf885284d9d2af6efab01a,row_sparsity,row_sparsity|conj|2c5e43f84a|rng=MT19937-RandomState,,3,3,1,uniform,1;2;3,0.3333333333333333;0.3333333333333333;0.3333333333333333,0.000522315502166748,5.760602653026581e-05,0.0007424019277095795,0.0009869886562228203,0.004454611800611019,0.0067695127800107,0.0023093121126294136,15,992,1,6,SAT_unsat_identifiable,1,boolean_factorization,exclude_x,exclude_x,0,625,2564,0,1,1,0,0,0,0,1,1,1,0,0,0.006213654763996601
4,50,10,100,501994184,21,conj,glucose42,MT19937-RandomState,0.0005630096420645714,00010000001000110000110001000000000000011000000001001000000000000001000010000000000000000100110001000100010000100000000101000001000010010000000001000000100011000100001000100000000001000000110000100000000010000000011000000100001000100110000010001000100010001100000000011001000000000001000110000100001001000000000000101001001000000001001000000001010000100000100001100000000000000001010000010000100010100100000000000001011001010010001000000000000000010001000100000000100100000000100010000000000010000000,919b1f5b681ae1406507fbca73525da8a89146f9f30d568f40b5a884613f823f,row_sparsity,row_sparsity|conj|2c5e43f84a|rng=MT19937-RandomState,,3,3,1,uniform,1;2;3,0.3333333333333333;0.3333333333333333;0.3333333333333333,0.0005149431526660919,5.3831376135349274e-05,0.0006920117884874344,0.0009663375094532967,0.0035689128562808037,0.005800734274089336,0.0022271238267421722,14,970,1,6,SAT_unsat_identifiable,1,boolean_factorization,exclude_x,exclude_x,0,586,2387,0,1,1,0,0,0,0,1,1,1,0,0,0.006085499189794064
4,50,10,100,501994184,22,conj,glucose42,MT19937-RandomState,0.0005667423829436302,00000010000001000010000000010000000010001010000001000000011000100100100110000000000000010100000100010000100011000010000000010000010010101000001010100000000000011010000100000100100001000000001000100000000000100000000101101000000101010000010000001000000000010000100000000001001000010001010001000001000001011000001000000010001001000100101000001000100000000010001010110000000001010000100000000000000001000010000101000010000000000001100000000100100010001010000001010011100000000101000000011000011001001000,ae649f64868820471d3cdd1693f9df4521af3113f21559e684b608a10cb04e39,row_sparsity,row_sparsity|conj|2c5e43f84a|rng=MT19937-RandomState,,3,3,1,uniform,1;2;3,0.3333333333333333;0.3333333333333333;0.3333333333333333,0.0006266282871365547,7.06324353814125e-05,0.0010783430188894272,0.0009983265772461891,0.00944193173199892,0.012220975942909718,0.0027739303186535835,24,952,1,6,SAT_unsat_identifiable,1,boolean_factorization,exclude_x,exclude_x,0,1046,4234,0,1,1,0,0,0,0,1,1,1,0,0,0.007291296496987343
4,50,10,100,501994184,23,conj,glucose42,MT19937-RandomState,0.0005693845450878143,01100000001110000000010000011010000000100000001000101001000000010100010000001000000010010000100000000000000011100001001000010000110001000010000010000000010101000001010000010000000000000001100101001000100000000001000000000000000001000011000000000011100000001000000000000111000000000010001000000000111000010000010000001000100100010000001101000000000100100000100001000000000100000011010101000000000011010000001100100100000000000010000001010100010000000010000001000000000100001000000001000000000001000000,6676a8c3d31e3c6ed2b899ed828903e0b3ab4c7a04912a605ff221e422c9ff8e,row_sparsity,row_sparsity|conj|2c5e43f84a|rng=MT19937-RandomState,,3,3,1,uniform,1;2;3,0.3333333333333333;0.3333333333333333;0.3333333333333333,0.0005827527493238449,5.7326629757881165e-05,0.0007750960066914558,0.0009873956441879272,0.005059774033725262,0.007467091083526611,0.002402571029961109,16,920,1,6,SAT_unsat_identifiable,1,boolean_factorization,exclude_x,exclude_x,0,664,2741,0,1,1,0,0,0,0,1,1,1,0,0,0.006271921098232269
4,50,10,100,501994184,24,conj,glucose42,MT19937-RandomState,0.0005669817328453064,01000010001000000000000000100001010010001000001000000110100000000010100010100000000001001001010001000100001010001000100000100011000001000001001000100000100000000010011000010100000000010000000010010000011000000001000001010000000100011100000010000001000000000010000000100010011000000000000001010000000000010000000000000100010001000000100000010001000100001010000100010000001000000100000010100010000000101000000000000010101000001011000000001001010000010000000001000100000100100001000000011100000000001000,ec606fddfeeebb7554a45f481209e785237799058d66be4a5f1d8563a66a79e5,row_sparsity,row_sparsity|conj|2c5e43f84a|rng=MT19937-RandomState,,3,3,1,uniform,1;2;3,0.3333333333333333;0.3333333333333333;0.3333333333333333,0.0005727401003241539,5.661509931087494e-05,0.0007756631821393967,0.0009809518232941628,0.0038127293810248375,0.0062033869326114655,0.0023859702050685883,16,924,1,6,SAT_unsat_identifiable,1,boolean_factorization,exclude_x,exclude_x,0,664,2741,0,1,1,0,0,0,0,1,1,1,0,0,0.006227022968232632
4,50,10,100,501994184,25,conj,glucose42,MT19937-RandomState,0.0005649328231811523,00000101100000011100110100000000000001000000000001000001100111000000100000010110001000100000010100010010000000001110000010010000000000010000000000100000010000000011001000001000010000110000010010000000000100001001000000000100100010001100100010000000101000100000000000001000000001000000000010000000101010100000101010000010000001000010000100010100001010000010010000100010010110100000100000101000010100000100100001100000101010000010100100000100000000010010000000010010000010010001000100000001100100001001,27fa6dbcdec0ed644b3159076accc1b0fd9ff262f2b60c852234039c99def274,row_sparsity,row_sparsity|conj|2c5e43f84a|rng=MT19937-RandomState,,3,3,1,uniform,1;2;3,0.3333333333333333;0.3333333333333333;0.3333333333333333,0.0005763489753007889,5.7845376431941986e-05,0.000819607637822628,0.0009962283074855804,0.003921567462384701,0.006376194767653942,0.0024500302970409393,17,936,1,6,SAT_unsat_identifiable,1,boolean_factorization,exclude_x,exclude_x,0,723,2940,0,1,1,0,0,0,0,1,1,1,0,0,0.0064649078994989395
4,50,10,100,501994184,26,conj,glucose42,MT19937-RandomState,0.0005668019875884056,00100000100000000001001000000010001000000110010000000000100001000000100001100000100000100001000000000000001000000010001000100000100001000000100000011010000000000000000010001000001000000001010010000000000000101000000010100010000100000110000010010000100011000010000000101100000010010000010000101000001010100000000011010000000001000000000001110100000001000000000100001100000010000000011000001010010000010010010010011000000010000000000100001100110000000000001100000000100010010000000000011000000001000011,1ed82b6e7b9af3617f98783ac7a0f5f1cb00a5cf8ba578a6bf3b3a96beb017b9,row_sparsity,row_sparsity|conj|2c5e43f84a|rng=MT19937-RandomState,,3,3,1,uniform,1;2;3,0.3333333333333333;0.3333333333333333;0.3333333333333333,0.0005555814132094383,5.753710865974426e-05,0.0007772836834192276,0.0009755175560712814,0.004164073616266251,0.006534740328788757,0.0023659197613596916,16,923,1,6,SAT_unsat_identifiable,1,boolean_factorization,exclude_x,exclude_x,0,664,2741,0,1,1,0,0,0,0,1,1,1,0,0,0.006156744435429573
4,50,10,100,501994184,27,conj,glucose42,MT19937-RandomState,0.0005632331594824791,00000001000001000100101000000000001000000100000000000010101001011000000000000111001001100000000010010000000101000101001000000100000001000010000001101000100001000001000010000100110000100000000000000100000100011000000100010000000010000001000000010000000000000100010010000001001100000000000100000110010000000111000000100110000000001011000000000101000100000000010010000011000000000001000000001111000000001100000000101000100010000000000000000001000001010000100001010000011000010010000000001001000011000000,05d86a91203c8d51983a4340c900b3bd1365fb4c47095b3ef71dc723c9ec5c27,row_sparsity,row_sparsity|conj|2c5e43f84a|rng=MT19937-RandomState,,3,3,1,uniform,1;2;3,0.3333333333333333;0.3333333333333333;0.3333333333333333,0.0005486942827701569,6.0385093092918396e-05,0.00074020866304636,0.0009921081364154816,0.004606707952916622,0.00695252139121294,0.002341396175324917,15,976,1,6,SAT_unsat_identifiable,1,boolean_factorization,exclude_x,exclude_x,0,635,2575,0,1,1,0,0,0,0,1,1,1,0,0,0.006129802204668522
4,50,10,100,501994184,28,conj,glucose42,MT19937-RandomState,0.0005678050220012665,00010000001000010010000000101100000010110010000011000001101000010001100000010000010100000010010000010000100100010000110011000100000100000010000010000110000000100100010100000000010001100000001010000000000011010001100000001001010000010000000000000000010000001000000100010000000001010001100000000000011011000010000000000110000000010110000101000010100010001100010000010000000110001000000000100000000100000001000000001000010000000001000000110000001100000000000100000000010011000001000000000000100001001001,5ad33a3e6808934332af179820656f122a2abad417893b24b616f36a9b4e985b,row_sparsity,row_sparsity|conj|2c5e43f84a|rng=MT19937-RandomState,,3,3,1,uniform,1;2;3,0.3333333333333333;0.3333333333333333;0.3333333333333333,0.000612129457294941,6.520375609397888e-05,0.0010440228506922722,0.0009747296571731567,0.0056100208312273026,0.00831088051199913,0.0026960857212543488,23,941,1,6,SAT_unsat_identifiable,1,boolean_factorization,exclude_x,exclude_x,0,997,4046,0,1,1,0,0,0,0,1,1,1,0,0,0.007163618691265583
4,50,10,100,501994184,29,conj,glucose42,MT19937-RandomState,0.0005673207342624664,00110000010001000000001011000001100000010010100100000010000010000100000010101000001000010100001000000000000100000100000000000011000100000011001000000100001001000001101000000010000000000100000001000000000100000001000000001000001000000001000000100001001100010000001010000000010010100000100010000010000000011000001000010000000000010000100011001000011000100010001000000010000000000001000000100100001001101000000000000100000001010100000000010000100001100001000100010000000110110010000001100100001000100000,6562b3b8b0c8d75a26514bad9bc90d21be56b8b32f2d57bb92bbb48bd5ef9b39,row_sparsity,row_sparsity|conj|2c5e43f84a|rng=MT19937-RandomState,,3,3,1,uniform,1;2;3,0.3333333333333333;0.3333333333333333;0.3333333333333333,0.0005968343466520309,5.6016258895397186e-05,0.0007700202986598015,0.0009771483018994331,0.0039868662133812904,0.006391745992004871,0.0024000192061066628,16,922,1,6,SAT_unsat_identifiable,1,boolean_factorization,exclude_x,exclude_x,0,674,2752,0,1,1,0,0,0,0,1,1,1,0,0,0.006114724092185497
4,50,10,100,501994184,30,conj,glucose42,MT19937-RandomState,0.0005326000973582268,00001000000001000000000100000010000000001000000001000100000000001010010000100100000000101010000000011000010010110000001000000000100000010000000010001000000000110010001000000010000000110000011001010000000010000000010000000000000100001100000000000001000001010100100100100000000010001010010000010000000000000001000001001010001000000010000000001101000000100000000000010110000000110000010000100100000010100000000010000000001000001011000110100000000000110000000100000000000010000000100000001100000000000001,03ad048a1e46adcb6aa675c7f02804009cfc806139781e688fa79484a45db7c8,row_sparsity,row_sparsity|conj|2c5e43f84a|rng=MT19937-RandomState,,3,3,1,uniform,1;2;3,0.3333333333333333;0.3333333333333333;0.3333333333333333,0.0004542972892522812,5.345698446035385e-05,0.0,0.0,0.0,0.00051148422062397,0.000507754273712635,10,1024,1,4,identity_submatrix_identifiable,0,,,exclude_x,0,0,0,1,0,1,0,0,0,0,1,1,1,1,0,0.005518401972949505
4,50,10,100,501994184,31,conj,glucose42,MT19937-RandomState,0.0005641421303153038,01000000111000000010000000000100001010010000010000010100000110100000101001000001000100001010000000100100000001001000100000100000000000000001000000100010001000010010000010000001100001000011000000011010000001000000000001010001010001001100000000001000001000100001010011000000001000001011000000000000010000000100000001000000011010000010000000010100000101010000000101000001000010000001010000100000001000100000010011010000110000000110000000000101101010000000000110000010001010100000010011000000000011000000,c32bed11fc717e58e75e87fa6b1b747cfbd721f56203dfa171eed6d8c570aa1e,row_sparsity,row_sparsity|conj|2c5e43f84a|rng=MT19937-RandomState,,3,3,1,uniform,1;2;3,0.3333333333333333;0.3333333333333333;0.3333333333333333,0.0006358176469802856,6.561912596225739e-05,0.0011210665106773376,0.0010201232507824898,0.006503017619252205,0.009350909851491451,0.0028426265344023705,24,970,1,6,SAT_unsat_identifiable,1,boolean_factorization,exclude_x,exclude_x,0,1036,4223,0,1,1,0,0,0,0,1,1,1,0,0,0.007471231743693352
4,50,10,100,501994184,32,conj,glucose42,MT19937-RandomState,0.0005696304142475128,00100011000010100000000010010101000000011000001000010100000000000110000100001000011001000000001010100100100000001000000010000001010000000100000000100001000000000000000010000010100010000100000010000100001100000000000100000000100000000001101000001101000101000000000001000000010100010101000000000100001000110000000001100001001000000000001010000011100000000010000001000001000001010001100010000000000000100001000000000100000000100100011000000000011000000001000000000010000000010000100010010001000001000000,533b5e73f4d8862274434c66370b1e7e4cc83344a0b688d692630daf23d486e9,row_sparsity,row_sparsity|conj|2c5e43f84a|rng=MT19937-RandomState,,3,3,1,uniform,1;2;3,0.3333333333333333;0.3333333333333333;0.3333333333333333,0.0005325851961970329,5.511753261089325e-05,0.0007351348176598549,0.0009922478348016739,0.003871581517159939,0.006191910244524479,0.002315085381269455,15,940,1,6,SAT_unsat_identifiable,1,boolean_factorization,exclude_x,exclude_x,0,645,2586,0,1,1,0,0,0,0,1,1,1,0,0,0.006065608933568001
4,50,10,100,501994184,33,conj,glucose42,MT19937-RandomState,0.0005622003227472305,01000100000000001000011000100000100000000000001000010000000010000001001000000000001000000000000010000000011000001000000000000010110010010000010000000000010000000010110000000100000001010000011010001000000010100101100000000100000100000001000001000001000010010010001000000001001000000100000100000101000010000000000011001000001001000000000000100000001000000000101000000010101000011000000000010000000001000000000001000001000001010000101001000001000000101010000110000000000001100100000101010100000011000000,c62f1382c3bfbd6a0191b836d9fa455ffd9c23e3ab4a3aadc16a32a4d0c95100,row_sparsity,row_sparsity|conj|2c5e43f84a|rng=MT19937-RandomState,,3,3,1,uniform,1;2;3,0.3333333333333333;0.3333333333333333;0.3333333333333333,0.00045943260192871094,5.2850693464279175e-05,0.0006179409101605415,0.0009791646152734756,0.003413846716284752,0.005528640002012253,0.0021093888208270073,12,880,1,6,SAT_unsat_identifiable,1,boolean_factorization,exclude_x,exclude_x,0,498,2022,0,1,1,0,0,0,0,1,1,1,0,0,0.005598818883299828
4,50,10,100,501994184,34,conj,glucose42,MT19937-RandomState,0.0005613304674625397,00000011000001000001000100001101000000100010101000100000000000000100111000010000010000011000010001101000000000010000110000001000000011000010001000000000000010010010010001110000000001100001001010000000010000100000100000010010011000000001000001000001010000000001011100000000010100000000010001000100000010000001000000010000010000001000100010100001001000000001000101000000100001000011000000001001000000010000010000100000001010000000000100010001000011000100000011010000100001001001001001000010100000101010,d90904af5a7b8b32b30cd4b9ead1b35e9c705060f4413a72dc27e034c9bcae5a,row_sparsity,row_sparsity|conj|2c5e43f84a|rng=MT19937-RandomState,,3,3,1,uniform,1;2;3,0.3333333333333333;0.3333333333333333;0.3333333333333333,0.0006843339651823044,6.635300815105438e-05,0.0010767234489321709,0.0009905146434903145,0.006878270767629147,0.009701178409159184,0.002817925065755844,24,942,1,6,SAT_unsat_identifiable,1,boolean_factorization,exclude_x,exclude_x,0,1056,4245,0,1,1,0,0,0,0,1,1,1,0,0,0.007218357175588608
4,50,10,100,501994184,35,conj,glucose42,MT19937-RandomState,0.0005639577284455299,10001000100000100000000100000001000001010100000000000100010000001000000101100000001001000000000101010000000100010001010000001011001010000100001100100000010010100000001000000101000110000010000000000101000100000000010000000011000000000000010000010100010010001000000001010100000001001000000000000100000100001010010000110001000100011000001000100010100001001000100110000000000000100000000001100100100011000010101000100000000001001000100101000001000000010000000000100000000100000001000010010000000000000110,003546b01a4ec8ef05647f550c99e7f33b660b206f9e6f97e5d7bd94426cdde8,row_sparsity,row_sparsity|conj|2c5e43f84a|rng=MT19937-RandomState,,3,3,1,uniform,1;2;3,0.3333333333333333;0.3333333333333333;0.3333333333333333,0.0006223302334547043,5.911476910114288e-05,0.0008861646056175232,0.0009960532188415527,0.0089173698797822,0.011486213654279709,0.002563662827014923,19,948,1,6,SAT_unsat_identifiable,1,boolean_factorization,exclude_x,exclude_x,0,821,3316,0,1,1,0,0,0,0,1,1,1,0,0,0.00657516997307539
4,50,10,100,501994184,36,conj,glucose42,MT19937-RandomState,0.0005755610764026642,00001010000010000000001000000101100100000100000000110100000000000011011000010100100001000100001001001000000100000100000001000010010000110001000000001000000011010000000001110010000000000100000100100100010000000100011000100010001000000000100100000010000001001001001000000000001100000000001110010000001000000000100010101000001010000000010001000001000000000001001001000000010000001101101100000010011000000100000010100000000000001000000000000101000000100000010000000000000001010000000000010000000000011000,ba19bfe399bb42d628a45dc27b353970a2a57dd74d1c4587f01823d8c1feb9f5,row_sparsity,row_sparsity|conj|2c5e43f84a|rng=MT19937-RandomState,,3,3,1,uniform,1;2;3,0.3333333333333333;0.3333333333333333;0.3333333333333333,0.0005647214129567146,5.540437996387482e-05,0.000702371820807457,0.0009879032149910927,0.006991253234446049,0.009307208471000195,0.002310400828719139,14,1000,1,6,SAT_unsat_identifiable,1,boolean_factorization,exclude_x,exclude_x,0,566,2365,0,1,1,0,0,0,0,1,1,1,0,0,0.00606793537735939
4,50,10,100,501994184,37,conj,glucose42,MT19937-RandomState,0.0005990052595734596,00010100000100010000000000010100010001000000000001000000001101001100000000000001000100100101011000000011000000000100000000000010000000010000000001000000000010000010000101000011000110000001001001000100011000000000101000001000010100100010000010100000101000100010000100000000001100010010000000001000010010000100100110000000011000100000010100000000001011011000000100000010000000000010100000100100001000000001100010000010000010100000010000110000000001100010000010100001100100001010000011001000000100100000,ac5164b80ab819ab879e5cb2e26f5198598059f1c779fdbfd9f45e2430ef303a,row_sparsity,row_sparsity|conj|2c5e43f84a|rng=MT19937-RandomState,,3,3,1,uniform,1;2;3,0.3333333333333333;0.3333333333333333;0.3333333333333333,0.0006181737408041954,6.47418200969696e-05,0.000936322845518589,0.0010186554864048958,0.0049436260014772415,0.0075868116691708565,0.00263789389282465,20,894,1,6,SAT_unsat_identifiable,1,boolean_factorization,exclude_x,exclude_x,0,860,3493,0,1,1,0,0,0,0,1,1,1,0,0,0.006820502690970898
4,50,10,100,501994184,38,conj,glucose42,MT19937-RandomState,0.0005742041394114494,01001001001000000001010000001010000001000000000001000110000000010001100000000100000000000100100000101000000000010000110000100100100100000010010000100000101000010000010010000000110000001010000010000000000100000000000010100000000100000100000000000001000011000001011001000010000000001100000000000011010010001100000001010100100010001000001110000001000001000100011001000010100000010100000001000100001110000001000000100010001000000000010000001000001100000001001000001000000000010000000000101000001001000000,69ddfab4329fbea67ba6085d3aacad01e6f0453ee011ad4685de5d656bae6975,row_sparsity,row_sparsity|conj|2c5e43f84a|rng=MT19937-RandomState,,3,3,1,uniform,1;2;3,0.3333333333333333;0.3333333333333333;0.3333333333333333,0.0006801094859838486,6.657280027866364e-05,0.0010465998202562332,0.000991813838481903,0.012528233230113983,0.015318943187594414,0.0027850959450006485,23,965,1,6,SAT_unsat_identifiable,1,boolean_factorization,exclude_x,exclude_x,0,987,4035,0,1,1,0,0,0,0,1,1,1,0,0,0.007130766287446022
4,50,10,100,501994184,39,conj,glucose42,MT19937-RandomState,0.0005746930837631226,10000000100000100010000001010000001001010000000110100001000100001000000010100001010000010000000010000000100000100000100001000000000000100000000110001000101000100010000001100100100000000001101000000000000000100010001000010010000000000001010001000100000100000000100001000000000000010001000000001000010000001100010000010101000100000000000010010000100000000000100000100000101000000000000000100000101100000100010001010100010000100000001000100010000100000101001000001000000000000000110100010100000000000100,fca092c1d7f60ca58487ca0e783175dab0527a0e8bcd9fc61ac74d64c9a667ba,row_sparsity,row_sparsity|conj|2c5e43f84a|rng=MT19937-RandomState,,3,3,1,uniform,1;2;3,0.3333333333333333;0.3333333333333333;0.3333333333333333,0.0006047971546649933,6.0646794736385345e-05,0.0008550705388188362,0.0009907158091664314,0.004286910407245159,0.006803205236792564,0.0025112302973866463,18,976,1,6,SAT_unsat_identifiable,1,boolean_factorization,exclude_x,exclude_x,0,742,3095,0,1,1,0,0,0,0,1,1,1,0,0,0.006504884921014309
4,50,10,100,501994184,40,conj,glucose42,MT19937-RandomState,0.0005335705354809761,01000001000000000110000000000100000000100100000000000001000000000001010101100000000101000000000100000000101000000000010001000000100001101000000000000100000100100000000001001000000100000101000000000001100000000000000000110100000100011000100000100011000001100000100001000000001010011010000000110000000010000000001000010100001000101000000101000000001001000000010000001000000010000011000010000000010010001010000100010010000000001001000000101100000010000000000000010001000100000000111000010011000100001000,f41198d206be53c4a75411437a96358b2ccad1627d57571fda4d0874b77d0371,row_sparsity,row_sparsity|conj|2c5e43f84a|rng=MT19937-RandomState,,3,3,1,uniform,1;2;3,0.3333333333333333;0.3333333333333333;0.3333333333333333,0.0006108731031417847,6.269663572311401e-05,0.0009308876469731331,0.0009842151775956154,0.006021647714078426,0.008615476079285145,0.002588672563433647,20,910,1,6,SAT_unsat_identifiable,1,boolean_factorization,exclude_x,exclude_x,0,850,3482,0,1,1,0,0,0,0,1,1,1,0,0,0.006657600402832031
4,50,10,100,501994184,41,conj,glucose42,MT19937-RandomState,0.0005734860897064209,00101000000000100110100000100001001000010000010000010000001000000100001000000000100010000100000001001000010000101001000010100010000001000010001000110001100001000001110000001000000000000011000100010100001000000000000001000110100000001100000010000010011100000010000000000100010100100000110000000000010000000101000001001010010000000000000110000001000100000100100101100000000101100000010000100111010000000000000001000000110100100100010100100001100001000000010000000001010010001000000001000110000000000111,23cee3e5e9ba7a456b66705bcdc9ce3a84372c2f6618145bea493f55bbb0402f,row_sparsity,row_sparsity|conj|2c5e43f84a|rng=MT19937-RandomState,,3,3,1,uniform,1;2;3,0.3333333333333333;0.3333333333333333;0.3333333333333333,0.0007202206179499626,7.739290595054626e-05,0.0010055871680378914,0.0009965598583221436,0.00579892098903656,0.008603771217167377,0.002799760550260544,22,883,1,6,SAT_unsat_identifiable,1,boolean_factorization,exclude_x,exclude_x,0,968,3880,0,1,1,0,0,0,0,1,1,1,0,0,0.006894132122397423
4,50,10,100,501994184,42,conj,glucose42,MT19937-RandomState,0.0005653323605656624,00000100000100001000000000000100100001100100100000000000001110010100000000001000000101000100100000101010000100100010000000001000110000000001010010001001001000001000000100001000000000010000001000000000000001100010010000000010000000100000010000000010000000010001000000001101101000000001000000100000100000101000000010000010010100000011000000000000010010010000000010001000000000000110001010000010000001000000010000000011000000000001001000000000000001100001010000101000100010000000011000001000010010100001,9229afb1061a55462088f342ee751e2ef97598e6f236be5936813508695d1af0,row_sparsity,row_sparsity|conj|2c5e43f84a|rng=MT19937-RandomState,,3,3,1,uniform,1;2;3,0.3333333333333333;0.3333333333333333;0.3333333333333333,0.0006023282185196877,6.17029145359993e-05,0.0009467527270317078,0.0009875986725091934,0.005748395808041096,0.008351830765604973,0.002598382532596588,20,996,1,6,SAT_unsat_identifiable,1,boolean_factorization,exclude_x,exclude_x,0,830,3460,0,1,1,0,0,0,0,1,1,1,0,0,0.006924904882907867
4,50,10,100,501994184,43,conj,glucose42,MT19937-RandomState,0.0005805483087897301,00000010100100000110001101000000011010000001100000010000000000101000011000000000000001100101010000010000010000010000000000000010010000000100000110010000000100000001001010010001000000000000100010000000100000001000000000101010010000010000000000100010100001000000001000011000000001000000100101010000101001000000000000000101000100000001000000000010010000000000100101000000100100000000001000000100100100000000110100000100000000001001000011001000000011000000010000100001001100000000010100001000000001010000,8bd9e3cf2e909b41e561859f8d82b110403f28d7e7eeda04b0eff1a0ca30d044,row_sparsity,row_sparsity|conj|2c5e43f84a|rng=MT19937-RandomState,,3,3,1,uniform,1;2;3,0.3333333333333333;0.3333333333333333;0.3333333333333333,0.00056440569460392,5.673617124557495e-05,0.0007728468626737595,0.0009923111647367477,0.004622391425073147,0.007013957016170025,0.002386299893260002,16,904,1,6,SAT_unsat_identifiable,1,boolean_factorization,exclude_x,exclude_x,0,684,2763,0,1,1,0,0,0,0,1,1,1,0,0,0.006119284778833389
4,50,10,100,501994184,44,conj,glucose42,MT19937-RandomState,0.0005724066868424416,00000000100011000000001000000011000010000100000000101000000100001110000000000001000001000001000110000100011000000100001011000000000000010010000001000000000110100101000100100100001001010000000110010000100000010101000010011001000000010000000001000000000100001000000000001100110000001000100000000110000000000100000100100001100000001100000000100000110100100000010010001000000000100011000010000010100010001100000000100100001001010100000100000000010000010000100000000000100100000000010000010000000000000001,ef7c1f37ea95783b5cd339259377212d675c8cf43725a15e043143dec57be864,row_sparsity,row_sparsity|conj|2c5e43f84a|rng=MT19937-RandomState,,3,3,1,uniform,1;2;3,0.3333333333333333;0.3333333333333333;0.3333333333333333,0.000553816556930542,5.8982521295547485e-05,0.0008492851629853249,0.000987296923995018,0.004634973593056202,0.0070891231298446655,0.0024493811652064323,18,893,1,6,SAT_unsat_identifiable,1,boolean_factorization,exclude_x,exclude_x,0,772,3128,0,1,1,0,0,0,0,1,1,1,0,0,0.006513850763440132
4,50,10,100,501994184,45,conj,glucose42,MT19937-RandomState,0.000557764433324337,00100000000001000101101010000000100000000000001000000000011100100000100001001100001000000100110100001000010010000100000000100011000000100000000010100000000001100100000000001000000010000000000000000101110000000001100000000000001100010000010100001000100000010000001010000100000011100000001010000000001001000101000000001000100000000000010011000001000100000100000000000010000001010100000011000001000000010010001001000000000100000100010000000010001010000010000000000101001000001000001000000000010010000010,b25e55fa4684c68299bc46c940c9aa8504259482fd10989205210237705799b1,row_sparsity,row_sparsity|conj|2c5e43f84a|rng=MT19937-RandomState,,3,3,1,uniform,1;2;3,0.3333333333333333;0.3333333333333333;0.3333333333333333,0.0005748644471168518,5.565863102674484e-05,0.0007005957886576653,0.0009884601458907127,0.009798888117074966,0.012123499996960163,0.0023195790126919746,14,1000,1,6,SAT_unsat_identifiable,1,boolean_factorization,exclude_x,exclude_x,0,566,2365,0,1,1,0,0,0,0,1,1,1,0,0,0.006009900942444801
4,50,10,100,501994184,46,conj,glucose42,MT19937-RandomState,0.0005719726905226707,01000011000110000000000100100000000001000000010000000010000001100000010000011010010000000000010100000000000100000000000100010000010000010000000000000101101000000100000000000000100000100001001000110000000010000000001100001000010001100000100000001001000000000010000000100100000010010100000000000001110000000010000001000010000000011100000100010010000000000010010001000011000100001000000101001000100000000100001100000010100110000000000010000000000000001000100000010010000000000010000000100110001010000001,9c4aeb38349eb83fe251ccb0dc44cc21b053f3065298bc90608f3ce3d38fe6da,row_sparsity,row_sparsity|conj|2c5e43f84a|rng=MT19937-RandomState,,3,3,1,uniform,1;2;3,0.3333333333333333;0.3333333333333333;0.3333333333333333,0.0005008568987250328,5.5750831961631775e-05,0.0006585931405425072,0.0009935041889548302,0.0033227205276489258,0.005536457523703575,0.002208705060184002,13,992,1,6,SAT_unsat_identifiable,1,boolean_factorization,exclude_x,exclude_x,0,517,2177,0,1,1,0,0,0,0,1,1,1,0,0,0.005933484993875027
4,50,10,100,501994184,47,conj,glucose42,MT19937-RandomState,0.000559438019990921,00100000010000110100000100100000000000010010000000000001000101001001000000000001100000000000100001000000000011101010000000010000000010000100000010000000001100000000011010000010001100000000010000000001000010110010010000100000000010000000000100010011000000100101000011001010000000000000111000000100010100010000000010000101100001100010000010101000110000010000000000001100010000000001000000011110100000100001000000000110000000000010010000000001100000000000100100100010100000000110000000100001101100001000,192ec547b2746addb03a3e92ccb289f027f13cd823a3a183ffc6bd55bc0bedd6,row_sparsity,row_sparsity|conj|2c5e43f84a|rng=MT19937-RandomState,,3,3,1,uniform,1;2;3,0.3333333333333333;0.3333333333333333;0.3333333333333333,0.0007136482745409012,6.867013871669769e-05,0.0011253608390688896,0.001003403216600418,0.0062295496463775635,0.009145868010818958,0.0029110824689269066,25,881,1,6,SAT_unsat_identifiable,1,boolean_factorization,exclude_x,exclude_x,0,1135,4466,0,1,1,0,0,0,0,1,1,1,0,0,0.0071378182619810104
4,50,10,100,501994184,48,conj,glucose42,MT19937-RandomState,0.0005721570923924446,01000000010000000001000110000000010000000011010000010000110000000100000000001011001000000000000001010000000110001000000000000011000010000000000000000100001100000001110000100000000100010000000001001001000110000000001000010100001100000100000001100100000001110000000000000101000010001100000000000001000000101000001000000000000000100000001100100000100000000010110000001000110000010010001000000000000010000010010000001000010000101000000001100000100000000000000000011000000000100000100000000100010000010001,2535c73858472de4c1c73f355014fa847fa5db72be1b1163c50b5a24b6833656,row_sparsity,row_sparsity|conj|2c5e43f84a|rng=MT19937-RandomState,,3,3,1,uniform,1;2;3,0.3333333333333333;0.3333333333333333;0.3333333333333333,0.0005332902073860168,5.816761404275894e-05,0.0008590491488575935,0.0009829020127654076,0.008052798919379711,0.01049120258539915,0.002433408983051777,18,880,1,6,SAT_unsat_identifiable,1,boolean_factorization,exclude_x,exclude_x,0,762,3117,0,1,1,0,0,0,0,1,1,1,0,0,0.006356867961585522
4,50,10,100,501994184,49,conj,glucose42,MT19937-RandomState,0.0005646757781505585,00000100000000000100010000001000000100000001000010100000000000000000010100000000000010000001000000010011000001000000000100100000000100001000000101001000000101000001010000100001000101000000010010000001110000000100010100000000001010011001000000001000010100010000010000010010100001000000111000000010100011001000000010000000010001000000100100000000000001011000001000000001010000000010000001000000000101101100010000000000000110100010001010001000011000100010001000000001001000000110000010000000011010000010,0ed9e4e606ec01b63979064b99554c1ae84043e017b13fb67a071cafe925ff65,row_sparsity,row_sparsity|conj|2c5e43f84a|rng=MT19937-RandomState,,3,3,1,uniform,1;2;3,0.3333333333333333;0.3333333333333333;0.3333333333333333,0.0006343740969896317,5.915481597185135e-05,0.0008177068084478378,0.0010049492120742798,0.004723690450191498,0.007244632579386234,0.0025161849334836006,17,976,1,6,SAT_unsat_identifiable,1,boolean_factorization,exclude_x,exclude_x,0,703,2918,0,1,1,0,0,0,0,1,1,1,0,0,0.006401877850294113
4,50,10,100,501994184,50,conj,glucose42,MT19937-RandomState,0.0005446188151836395,00011000001000110000000001000010110000000000000011000000000110100000000001000001010001000000000000101100010000000100001010010000100001000000000010000000010100100001001000110010000000010000000000100010000001011000100000100100000010001000100000011000100000001001000101000000000100111000010010010101000000100000000000011000100000000001100010000101000000000000001000110000100100000000100100000010000000010000010000000000110010010000010000011000010001010000000010100001100100100000000000100000001000010100,0fdf9b16cea591f38450e033fd5680c3c9f55855d4c5d8ba9b400e0ca3dccaf4,row_sparsity,row_sparsity|conj|2c5e43f84a|rng=MT19937-RandomState,,3,3,1,uniform,1;2;3,0.3333333333333333;0.3333333333333333;0.3333333333333333,0.0007210569456219673,6.038695573806763e-05,0.0008499361574649811,0.0010032104328274727,0.004664778709411621,0.007304873317480087,0.0026345904916524887,18,908,1,6,SAT_unsat_identifiable,1,boolean_factorization,exclude_x,exclude_x,0,762,3117,0,1,1,0,0,0,0,1,1,1,0,0,0.006357079371809959
4,50,10,100,501994184,51,conj,glucose42,MT19937-RandomState,0.0005764607340097427,10000000110010000110001000000000101000000000011000010001000100000100110100000011000010110010000000100000010100100000010000000000100000000010000110000000000000100100000000100000000000001010100010000110001000000010000000000011001000001000100000010000000011000000000001000111100000001000000000100010100000000000100100100010010000000000110000000000101001010001000000100010000100010000110001000000100010000000000001001000000000011100000000100101000000000100000101000000001000000001010010000000000000010000,f4a59529f2f6179de92573aad0a977e04b2dbb7524e579b9ff032324a608b0a2,row_sparsity,row_sparsity|conj|2c5e43f84a|rng=MT19937-RandomState,,3,3,1,uniform,1;2;3,0.3333333333333333;0.3333333333333333;0.3333333333333333,0.0005514780059456825,6.353110074996948e-05,0.000899861566722393,0.0009871004149317741,0.004835409112274647,0.0073430463671684265,0.002501971088349819,19,927,1,6,SAT_unsat_identifiable,1,boolean_factorization,exclude_x,exclude_x,0,831,3327,0,1,1,0,0,0,0,1,1,1,0,0,0.00659693218767643
4,50,10,100,501994184,52,conj,glucose42,MT19937-RandomState,0.0005705626681447029,10100000010000001000100000000000010000000110000010000010000000010000000000110100100100000100000000100000110001000100000000000001010001010100001000000110000000000000000001010010000000100000000100110000011001000001100000001000001001000000010110010000000100011000000000101000010100100001100000100000100000000000010000010010010000000001001000000000001000010000000000000010010000100110000000011000000001000100001000001000000010000000001000000100000010000000000001010001000000010000000000000000100001000000,9fcb810ee07bc355aa25c8fdab7157632d6fcb514808e9e8208c2f0fbce608fb,row_sparsity,row_sparsity|conj|2c5e43f84a|rng=MT19937-RandomState,,3,3,1,uniform,1;2;3,0.3333333333333333;0.3333333333333333;0.3333333333333333,0.0005278326570987701,5.758553743362427e-05,0.0007760357111692429,0.0009987428784370422,0.004178373143076897,0.006543990224599838,0.0023601967841386795,16,948,1,6,SAT_unsat_identifiable,1,boolean_factorization,exclude_x,exclude_x,0,694,2774,0,1,1,0,0,0,0,1,1,1,0,0,0.006200321950018406
4,50,10,100,501994184,53,conj,glucose42,MT19937-RandomState,0.0005684085190296173,10100001000000001100000110000100000101010010001001000101000100000000100100010000010011000000010010001000000001000010010010001100000010010000001001100011000010000010000001000001000100000000101001001000000000010101001000010000110010100000000010000100000000010000000100100000000000011001010000000100110001000011000000000100000000000101000100010011000000100010000000000010110000100101000011000011000001000000001000000000101000001001100000000110000001000000000100110100001000100001010011000000000001000010,56feef433f09090eaac12b35f5a53f0ca4a0c1aa4d6e07478886aa28e53ca7df,row_sparsity,row_sparsity|conj|2c5e43f84a|rng=MT19937-RandomState,,3,3,1,uniform,1;2;3,0.3333333333333333;0.3333333333333333;0.3333333333333333,0.0007053958252072334,6.606895476579666e-05,0.0010068779811263084,0.0009928923100233078,0.005428292788565159,0.008205057121813297,0.0027712350711226463,22,885,1,6,SAT_unsat_identifiable,1,boolean_factorization,exclude_x,exclude_x,0,948,3858,0,1,1,0,0,0,0,1,1,1,0,0,0.006927644833922386
4,50,10,100,501994184,54,conj,glucose42,MT19937-RandomState,0.0005740169435739517,00000100110000010100011100000000100000001000000000001101000010001100000001000000000001001000000110000011010000100000000000000100011000110000001000000000010000001000001000000101010001000000100000100100011000010000100000001000100000000100010100100001000000000100000101100000000100000010000010100010000010100000000000010000101100000000000000100000010100100000000001000000000000000010010101000001100100000000010001000001001000100000000100000001100000000010000100101100001000001000001010100000000000000100,72bf4c7b4bfe938f8b91952ae8200aaad1a5fb4b9f8edbd4f4557fb115730d40,row_sparsity,row_sparsity|conj|2c5e43f84a|rng=MT19937-RandomState,,3,3,1,uniform,1;2;3,0.3333333333333333;0.3333333333333333;0.3333333333333333,0.0004907473921775818,5.3865835070610046e-05,0.0007029259577393532,0.0009812209755182266,0.00385232362896204,0.0060862330719828606,0.0022287601605057716,14,736,1,6,SAT_unsat_identifiable,1,boolean_factorization,exclude_x,exclude_x,0,586,2387,0,1,1,0,0,0,0,1,1,1,0,0,0.00556598324328661
4,50,10,100,501994184,55,conj,glucose42,MT19937-RandomState,0.000561228021979332,00001000100000000011000001010000001100001010001000000000100100000010000000110000100010000000000110010100100000000100000001000000000001000011100011000001000100000000000001000000000100000010000010000000000011000101001100000000000100010110000000010000011000000010000010101000010100000100000000001000100000000101000000001000001010000000010010000101000010000000110100000001001000000000000000000101010100000010000000001110000000100100000000010000000000000100000001000000000101110000000000000011000000000100,0dcea917289e05ab496f7c67c286c9199325090cd73ffbb2e1830f8d2d15a5e1,row_sparsity,row_sparsity|conj|2c5e43f84a|rng=MT19937-RandomState,,3,3,1,uniform,1;2;3,0.3333333333333333;0.3333333333333333;0.3333333333333333,0.0005415678024291992,5.6774355471134186e-05,0.0007787682116031647,0.0009700683876872063,0.004105046391487122,0.006456712260842323,0.0023471787571907043,16,960,1,6,SAT_unsat_identifiable,1,boolean_factorization,exclude_x,exclude_x,0,654,2730,0,1,1,0,0,0,0,1,1,1,0,0,0.0062808264046907425
4,50,10,100,501994184,56,conj,glucose42,MT19937-RandomState,0.0005640164017677307,00010010100000011000100001000000000100001000011000000010100000010000101000001010101001000010000000000010000010010000000101100000011000010000001000100010000001100011000001010100000000000000011010000001101100000000110100000010000000000001001000000010000000000010100010000000001010100110010000000100000000001000000000010000100001000000000000010010000010000011000000001000000010010001001000000000100000100101000010000011000010000000010000100000010000000010101000001000010100001000000100001010010001000000,f6babd55116d925e28d8c064bab4065aaa1b47cad5e5980b5b8a94790271d9c1,row_sparsity,row_sparsity|conj|2c5e43f84a|rng=MT19937-RandomState,,3,3,1,uniform,1;2;3,0.3333333333333333;0.3333333333333333;0.3333333333333333,0.0005178526043891907,5.069468170404434e-05,0.00010761339217424393,0.0,0.0,0.0006843339651823044,0.0006761606782674789,11,704,0,2,two_column_check_failed,0,,,exclude_x,0,0,0,0,1,1,0,0,1,0,0,0,0,0,1,0.0028829537332057953
4,50,10,100,501994184,57,conj,glucose42,MT19937-RandomState,0.0005519473925232887,00110001000000001000010000000100001000010000001110001000000000100101001000000011101000000000100100000001000110010000100000001000000101000001100001100000110000000110100000000100010000001010000110000000100000000010000000000100000101010100000100011000001010010000000100010000001000111010000000101000000000000000010010100100001000000100010100000001000000000000100010100000000000011010100110000000101000000000010001000000100000001000110011100000000100000001000101000001000010100001000001100000000001000100,76a36872c1c861c6b7898f6f95f1e6b3ef6eab678778159adfd16d9c11560fd9,row_sparsity,row_sparsity|conj|2c5e43f84a|rng=MT19937-RandomState,,3,3,1,uniform,1;2;3,0.3333333333333333;0.3333333333333333;0.3333333333333333,0.0006532054394483566,6.521306931972504e-05,0.0010458538308739662,0.0009787939488887787,0.007415149360895157,0.010163295082747936,0.0027430662885308266,23,827,1,6,SAT_unsat_identifiable,1,boolean_factorization,exclude_x,exclude_x,0,1017,4068,0,1,1,0,0,0,0,1,1,1,0,0,0.006793464533984661
4,50,10,100,501994184,58,conj,glucose42,MT19937-RandomState,0.0005709817633032799,01000000100010000101110010000010000010000010000100000000100000001010010001010010010000000000010000101001100000000000011010000001011000000000000100000010000000001000000010010100100010000000100000001110010100001000100000000100000000000000001010000000100000100100000100101000000001001000000000001100010001100001001000000000000000010000001000000001001000000100000001000100000000010000001000000011000010000000000001110000000000110001000000000010000001000001100000001000000000001000000000000000010000100000,9f4cb72169c676f7e494e9001e55af224a3e62cc4776406ff57b34963b7fb89b,row_sparsity,row_sparsity|conj|2c5e43f84a|rng=MT19937-RandomState,,3,3,1,uniform,1;2;3,0.3333333333333333;0.3333333333333333;0.3333333333333333,0.0004754243418574333,5.090329796075821e-05,0.0,0.0,0.0,0.0005300780758261681,0.0005263276398181915,10,1024,1,4,identity_submatrix_identifiable,0,,,exclude_x,0,0,0,1,0,1,0,0,0,0,1,1,1,1,0,0.0054610855877399445
4,50,10,100,501994184,59,conj,glucose42,MT19937-RandomState,0.0005467869341373444,00000000010000100101000000001110000000000000000010100000101000110001000000010100000101000000000000011000100000000100000000000001000000000110001000000000000100000010001010110000000100101000010100010000001001100001100100000000001000001000000000000100100000001100001001000000000010110000110010010010010010000001000011100000000000010100000001000110100000001011000000000001100010000000000011100000000100110000010001000100001000001001000101000100000010010000000001000000000010000010000010000010100001000000,ecfadc54d6a32c4e9c5e02b6ee845811860b2b006b4cd369eeddf392851217cc,row_sparsity,row_sparsity|conj|2c5e43f84a|rng=MT19937-RandomState,,3,3,1,uniform,1;2;3,0.3333333333333333;0.3333333333333333;0.3333333333333333,0.0005182428285479546,5.518272519111633e-05,0.0006973333656787872,0.00097615085542202,0.00344218872487545,0.005693966522812843,0.002246909774839878,14,928,1,6,SAT_unsat_identifiable,1,boolean_factorization,exclude_x,exclude_x,0,596,2398,0,1,1,0,0,0,0,1,1,1,0,0,0.005962216295301914
4,50,10,100,501994184,60,conj,glucose42,MT19937-RandomState,0.0005357125774025917,10100100000000001000011100000001000010001000000000000001100000000001100000000010000100000000100010101010010000100000000010001000000010000001000001100000000010010000100010010100001000000000100100000000000011010001000100100000110000001000000000100000000000000010111000000011001000001100000001000100010101000000001000010000000000001000000010000010000100010000000001100000000000100011100010000000000100100001001010000000011000010000000001001100000100000000001000010101001000001100000000000011000000001100,f9c045b165c218651173aab845420eb50aa9888217827e73a98c829cfebb4787,row_sparsity,row_sparsity|conj|2c5e43f84a|rng=MT19937-RandomState,,3,3,1,uniform,1;2;3,0.3333333333333333;0.3333333333333333;0.3333333333333333,0.0006322860717773438,6.480421870946884e-05,0.0009642885997891426,0.000988110899925232,0.006931922398507595,0.009587774984538555,0.002649489790201187,21,908,1,6,SAT_unsat_identifiable,1,boolean_factorization,exclude_x,exclude_x,0,889,3659,0,1,1,0,0,0,0,1,1,1,0,0,0.006767868064343929
4,50,10,100,501994184,61,conj,glucose42,MT19937-RandomState,0.000584128312766552,00010001000100000000001100100000001100000000101000001000100010100000000001001000100100000000000000100000010100000100010000010000001010000010000001000010100100001001010000010000101000001110001100001000000100100000010010010000011010100000000001100001001110000000011000000101000000001001000001100000001000000001000000001100100010000000000000100001001001000000010010000000010011000100001001001000001000010000101000100000000000000001000010000010100000000000011000000000101010100000100110100000000100000000,f5631cd1eafaf7d409ae65d1866f3913ad4b0be475f53925dd86e20949d3e424,row_sparsity,row_sparsity|conj|2c5e43f84a|rng=MT19937-RandomState,,3,3,1,uniform,1;2;3,0.3333333333333333;0.3333333333333333;0.3333333333333333,0.0006962083280086517,7.026921957731247e-05,0.0011200420558452606,0.0009930618107318878,0.00720948725938797,0.01009439118206501,0.0028795814141631126,25,905,1,6,SAT_unsat_identifiable,1,boolean_factorization,exclude_x,exclude_x,0,1095,4422,0,1,1,0,0,0,0,1,1,1,0,0,0.007371402345597744
4,50,10,100,501994184,62,conj,glucose42,MT19937-RandomState,0.0005703382194042206,10000000100100000000001000011000000100100100100010010000000000000001000000001001001010010001000100011000001100000010000000000110000000110001110001000000110010000100001000000001000000001000000100000000001010100000010000000110000010001001000000100110000100000000000100000011000000000001000101000110001000100010001000000101001000000000000011000000100000000000110000001001000000011010100101000000100000010000001011100000001000110000010000111000000100010000001000000110000100000010000000011000100000000001,63d5384c243ca1b1d426dc5125a0ff0d852c01807c55159a75be810b1ee63a81,row_sparsity,row_sparsity|conj|2c5e43f84a|rng=MT19937-RandomState,,3,3,1,uniform,1;2;3,0.3333333333333333;0.3333333333333333;0.3333333333333333,0.0006549563258886337,6.53732568025589e-05,0.0010462626814842224,0.000996422953903675,0.008233710192143917,0.01100206933915615,0.00276301521807909,23,916,1,6,SAT_unsat_identifiable,1,boolean_factorization,exclude_x,exclude_x,0,1007,4057,0,1,1,0,0,0,0,1,1,1,0,0,0.007098156027495861
4,50,10,100,501994184,63,conj,glucose42,MT19937-RandomState,0.0005611814558506012,00001011000100000000000001000010000010010000000011000000000100001000000000000010000001001011010000000011000100100000000000010000010010000000001000101000000000100000010000000000001000000001010101010000000100100001010000000000000001000000010100100100000001000000100000101000010000001000000000000101010001000100000010000001010001010010000000010100100000000000111000010000001000000000001000000110001001000110000100000100100010000010000000101000010100000000110000010101001000001100000000011000000110000000,383e3828b553b7b2e66293372c39c9d379a0717defd66576fdd631c785aa93d0,row_sparsity,row_sparsity|conj|2c5e43f84a|rng=MT19937-RandomState,,3,3,1,uniform,1;2;3,0.3333333333333333;0.3333333333333333;0.3333333333333333,0.0006267344579100609,6.197672337293625e-05,0.0009247316047549248,0.0009850244969129562,0.01189556997269392,0.01449891459196806,0.002598467282950878,20,933,1,6,SAT_unsat_identifiable,1,boolean_factorization,exclude_x,exclude_x,0,880,3515,0,1,1,0,0,0,0,1,1,1,0,0,0.006671164184808731
4,50,10,100,501994184,64,conj,glucose42,MT19937-RandomState,0.0005613425746560097,01001000000000000001000010000100100000100000010001110000100010100000100000100011000010010100100001011100000000001000010000000000010010000000000101000000010000001000001100000100000000001000000000101000000000100010000001000000100101100000100000100100001100001000100010100000001010011000010100000000000100100010011100000001001000010000100000001100000000000010000100001000000100010001000010001000000000110010000000000011000100010000000001000001010100010000011000100000001001011010000000001000010001101000,3516aed1dbe1e04ee7fe7d0ec15ad087f64d1396fd117a7b7065353f0736fffe,row_sparsity,row_sparsity|conj|2c5e43f84a|rng=MT19937-RandomState,,3,3,1,uniform,1;2;3,0.3333333333333333;0.3333333333333333;0.3333333333333333,0.0005919346585869789,6.400886923074722e-05,0.0009735822677612305,0.0009811213240027428,0.0058056386187672615,0.008421757258474827,0.0026106471195816994,21,785,1,6,SAT_unsat_identifiable,1,boolean_factorization,exclude_x,exclude_x,0,919,3692,0,1,1,0,0,0,0,1,1,1,0,0,0.006484761834144592
4,50,10,100,501994184,65,conj,glucose42,MT19937-RandomState,0.0005737962201237679,00001000000100000001100001001000010010001000010100001000000010000000001000000010010110000000000100000000011001100000000000001001100000010000100000011000001000110110100000101000000110100001000001100001000100000000000010000100000000100001000000000000010100010100000000100001000000000010000000001000001000000010100000000111000001000010101000000010010000010000100100100010000100100100100100001010100100000110100000000100000000000100100010000000000000001001001001000100001001100001000000001000000000100000,aa8b95d9f310940f7009efcbc6d1f369543735af9bc33f0159a2d4501e9579af,row_sparsity,row_sparsity|conj|2c5e43f84a|rng=MT19937-RandomState,,3,3,1,uniform,1;2;3,0.3333333333333333;0.3333333333333333;0.3333333333333333,0.0005483431741595268,5.874689668416977e-05,0.0007704170420765877,0.0009897295385599136,0.004144460894167423,0.00651664100587368,0.002367236651480198,16,896,1,6,SAT_unsat_identifiable,1,boolean_factorization,exclude_x,exclude_x,0,704,2785,0,1,1,0,0,0,0,1,1,1,0,0,0.006227592937648296
4,50,10,100,501994184,66,conj,glucose42,MT19937-RandomState,0.0005695382133126259,10000000100000011000001000000000010110000100000000100000100000000000100001100000000010000000011000000010100010000000001010000000100001000101000100010001010010001001001000000010101000100000000001010000100001000000010000101000000010100010010000100000110000000100001010000100010101000000001011100001100000010011000100101000000010001001000000001000100000001001001010000001100000010100000011000000001011000001100000000000100001001000100010010010100000000100100010000010000010010011000000000100000000011010,8efcbb0593debe9f5591685edc43b7ccf2186c4bf6a6c545fa13616b99606f1c,row_sparsity,row_sparsity|conj|2c5e43f84a|rng=MT19937-RandomState,,3,3,1,uniform,1;2;3,0.3333333333333333;0.3333333333333333;0.3333333333333333,0.0006548231467604637,6.371084600687027e-05,0.0010036565363407135,0.0009675733745098114,0.005578632466495037,0.008273900486528873,0.002689763903617859,22,902,1,6,SAT_unsat_identifiable,1,boolean_factorization,exclude_x,exclude_x,0,948,3858,0,1,1,0,0,0,0,1,1,1,0,0,0.006982042454183102
4,50,10,100,501994184,67,conj,glucose42,MT19937-RandomState,0.0005736714228987694,00101000010100000011100000000001001100000000000100000100000001001010000000010000000000010000100000000000001010000000011100010000000000100000010011000000110000100000010000000001000000010100010000001110000000001000000001010001000000000000010010000000000100100100010000100010000100011000000110000100001010100000000110000000000000001000001100100000100000000011000100000001000010000000100000010101000000011001000010100000101011000000001000100100000000001010000000000001000000011000010000100010000000000001,3a23cb121f86d661e4508afa7811d567aaa29d4c8595b1f5f2e90c5653061aac,row_sparsity,row_sparsity|conj|2c5e43f84a|rng=MT19937-RandomState,,3,3,1,uniform,1;2;3,0.3333333333333333;0.3333333333333333;0.3333333333333333,0.0005270801484584808,5.601532757282257e-05,0.0007833298295736313,0.0009912699460983276,0.00414535216987133,0.006507820449769497,0.0023576952517032623,16,940,1,6,SAT_unsat_identifiable,1,boolean_factorization,exclude_x,exclude_x,0,664,2741,0,1,1,0,0,0,0,1,1,1,0,0,0.006257148459553719
4,50,10,100,501994184,68,conj,glucose42,MT19937-RandomState,0.0005700774490833282,00000000101000010010000001011000010100000001001000001100000100001000000001000000000000100000001000100100000100000010100100100010000001100010000000100101100000000000100000110000010000100000000110000010000000000100001000000000100100000001001000011010001000000010000001000000111000000101001000010000011001000100001010100000100100000000001000000001110000000001000000110000001000000000000100000001010010000010010000100000000000000100100000100000100001000010000001000010100001000100100010100100001100000001,faa0f0375a7fd1cfc7ec7462497d6e15c2d4f07349494ba00828d1a37ebfdf47,row_sparsity,row_sparsity|conj|2c5e43f84a|rng=MT19937-RandomState,,3,3,1,uniform,1;2;3,0.3333333333333333;0.3333333333333333;0.3333333333333333,0.0005964422598481178,5.722511559724808e-05,0.0007761623710393906,0.0009761583060026169,0.004030844196677208,0.006441287696361542,0.0024059880524873734,16,940,1,6,SAT_unsat_identifiable,1,boolean_factorization,exclude_x,exclude_x,0,674,2752,0,1,1,0,0,0,0,1,1,1,0,0,0.006275789812207222
4,50,10,100,501994184,69,conj,glucose42,MT19937-RandomState,0.0005713645368814468,01000000111001000000001001100000000100000000010000000000000110000100100000100000010100001010001010000100100100010010010000001000100000000100010000001000101000100000000010000000001001001100000000000100100000010000010000001000010001000000000101000000100010100010101000010011001000001100000100001010000001010000000111000000000001101000001000010001000000000010001000000010001000100010001010100001001100000100000010100000101000010100100100000000010000000000001000010000000010000000100000000001000000000010,1b6a23c30017ff6ad426a3ddeaaae4670c634988dae153fd60123d138705bc76,row_sparsity,row_sparsity|conj|2c5e43f84a|rng=MT19937-RandomState,,3,3,1,uniform,1;2;3,0.3333333333333333;0.3333333333333333;0.3333333333333333,0.0005271956324577332,6.208661943674088e-05,0.0009326804429292679,0.0009871264919638634,0.005349895916879177,0.007863722741603851,0.0025090891867876053,20,892,1,6,SAT_unsat_identifiable,1,boolean_factorization,exclude_x,exclude_x,0,890,3526,0,1,1,0,0,0,0,1,1,1,0,0,0.006891162134706974
4,50,10,100,501994184,70,conj,glucose42,MT19937-RandomState,0.0005318187177181244,01110000000000010100000010000001100100000001000101000100011010100010000100000000100000001101000010000001000100000010010010101000001000000010000001000001000110000000000001010001000000011000001000000000001001000000100010001110000000110000000001000001000001010000000001000000001000001010010000000001000000000001110000001000000000000100100100000001010001000000110100010100010010000000000001010001000000001010000100010000000000100100010001000000100000000101110000000000100010000000100000001010000010000000,21b97db4a0afb669189ae8aa36e296a8d79f82c87959a9758323ab82691a96cf,row_sparsity,row_sparsity|conj|2c5e43f84a|rng=MT19937-RandomState,,3,3,1,uniform,1;2;3,0.3333333333333333;0.3333333333333333;0.3333333333333333,0.0006375126540660858,5.968380719423294e-05,0.0008580842986702919,0.0009729918092489243,0.006945340894162655,0.009478962048888206,0.002528272569179535,18,933,1,6,SAT_unsat_identifiable,1,boolean_factorization,exclude_x,exclude_x,0,762,3117,0,1,1,0,0,0,0,1,1,1,0,0,0.006439162418246269
4,50,10,100,501994184,71,conj,glucose42,MT19937-RandomState,0.0005709053948521614,11000100000000110000010000000000101000010010000000000001000100100000001100000100000010000100000000110000001101010000010101001000001001000100001100000100000101010000000011100010000010000100010000000001100000110010100001000000000100000001101000010100001000010001001001001000000010000000001000110000000000100110000000011000010000000000000011010010000000000101000000110000001100000000010000000000010100000001010001000101010000010010000000000001000000001000000001010000000101000000100001010000010000100000,fa5adbccc85e35f19771d2f75a4dc1b7dbf0823708c1d53d866838e3901d733c,row_sparsity,row_sparsity|conj|2c5e43f84a|rng=MT19937-RandomState,,3,3,1,uniform,1;2;3,0.3333333333333333;0.3333333333333333;0.3333333333333333,0.0005714269354939461,6.53974711894989e-05,0.001003502868115902,0.0010081864893436432,0.005549510940909386,0.00820306409150362,0.00264851376414299,22,925,1,6,SAT_unsat_identifiable,1,boolean_factorization,exclude_x,exclude_x,0,958,3869,0,1,1,0,0,0,0,1,1,1,0,0,0.0070914821699261665
4,50,10,100,501994184,72,conj,glucose42,MT19937-RandomState,0.0005749547854065895,00110000001000000000000010000011100000000100000001001000000001010000000001000100000101000000001001010001000000000000010000100000100000000100010000000000100000000001000010000000010000000000101010001000000001000000000100000001001010000000000100000000101000100000100010000000000010000010000000100000101001100000000010001000001000000101001100000110100000000100001110001001000010000000001000000001000000100100000100010000000001001000101010010000000000101011000100001000000010010010000010001001000010000010,51df216d4b0823626268892d3aef88ad97ec88ec565687b026b9f6728cef7baa,row_sparsity,row_sparsity|conj|2c5e43f84a|rng=MT19937-RandomState,,3,3,1,uniform,1;2;3,0.3333333333333333;0.3333333333333333;0.3333333333333333,0.0005132313817739487,5.010794848203659e-05,0.0,0.0,0.0,0.0005671856924891472,0.0005633393302559853,10,1024,1,4,identity_submatrix_identifiable,0,,,exclude_x,0,0,0,1,0,1,0,0,0,0,1,1,1,1,0,0.005482785403728485
4,50,10,100,501994184,73,conj,glucose42,MT19937-RandomState,0.0005546994507312775,01000100000001010000000011001000000000011001000010010000000110000100001110000000010100001001010000001010000001011010000000000100010000010000010000001000110000010000100000000000010010000010010100010100011000000000001000000100000100001100000000010000001001000100001000100010001001000000100100000000100000000001000010000000100010000111000100001100000000000000110001010000000000001001000001000000010000110000010011010000000000000000010010000001100001000001101000000001000000100000100000100000001000000001,129570c40b91ecc5959c2ed404df47b501f8e6fc3432ce49b2ef8c0eb8e3909e,row_sparsity,row_sparsity|conj|2c5e43f84a|rng=MT19937-RandomState,,3,3,1,uniform,1;2;3,0.3333333333333333;0.3333333333333333;0.3333333333333333,0.0006292341277003288,6.069522351026535e-05,0.0008860873058438301,0.0009784586727619171,0.004792927764356136,0.0073521751910448074,0.0025544753298163414,19,910,1,6,SAT_unsat_identifiable,1,boolean_factorization,exclude_x,exclude_x,0,821,3316,0,1,1,0,0,0,0,1,1,1,0,0,0.006691955029964447
4,50,10,100,501994184,74,conj,glucose42,MT19937-RandomState,0.0005628950893878937,00010000110000101000010100000100000100000000010000000000111000001100100000000001001000000010000100010100000001000010000110000000000000001000001010000000010011000000101000100000000101000000010010100100010010010000100000000000010000101001000000110000010000001000100100100001000001011000010010000000010010000000001100010000010001100000001100000010010010000010000000001000000100000001000001000000100000000000011000100010000001000000000000000001101000000100101000010000011000000000001000000100101000000100,8476ca7f27a254fababfc9e93ce61f633a637ac67e8c0773cc0419d754f5ec46,row_sparsity,row_sparsity|conj|2c5e43f84a|rng=MT19937-RandomState,,3,3,1,uniform,1;2;3,0.3333333333333333;0.3333333333333333;0.3333333333333333,0.0005431510508060455,5.6152231991291046e-05,0.0006956532597541809,0.0009918278083205223,0.0036575403064489365,0.005948860198259354,0.00228678435087204,14,844,1,6,SAT_unsat_identifiable,1,boolean_factorization,exclude_x,exclude_x,0,606,2409,0,1,1,0,0,0,0,1,1,1,0,0,0.005862969905138016
4,50,10,100,501994184,75,conj,glucose42,MT19937-RandomState,0.0005740132182836533,11000001000010000100000001010100000100000010001010000000100000000100000000010100000000001001100000100110100000001000110000001001100000000100010001001001101000000100000001010010000000000001010000101000000000100100011001001000001010100001000100000000010001000011000010000001000000001000001001110000000100000000100001001001000000001000000000100000100000010000000000001000000001000110000000101001000000010100100000101000010010000000000000110100000011000001100000011000000000000100000010000001001100001000,14893f66769a19ab5ca3332d1cedefcca04e5742e08e078dc6a0e18d76527a9a,row_sparsity,row_sparsity|conj|2c5e43f84a|rng=MT19937-RandomState,,3,3,1,uniform,1;2;3,0.3333333333333333;0.3333333333333333;0.3333333333333333,0.0005435897037386894,5.5147334933280945e-05,0.0006996188312768936,0.0009883670136332512,0.003971237689256668,0.006262778304517269,0.002286722883582115,14,912,1,6,SAT_unsat_identifiable,1,boolean_factorization,exclude_x,exclude_x,0,596,2398,0,1,1,0,0,0,0,1,1,1,0,0,0.005984822288155556
4,50,10,100,501994184,76,conj,glucose42,MT19937-RandomState,0.0005642818287014961,01100010000100010000010000000000000100110010000011001100010000001100100000110100100000011000010000100000001011100000000000001000010001001001010000110001010000000000111000001000010000011000000000100001100001100000000101010000010000000000011010000000001100000000001001000010000011001001010000100000001100000001000100000100001010010001000000000000000001000000001000011000010010000100100100100000010000110000111000001010000001000000001001010000100000110000100000000000100010000000010001100000000000100101,7bc90200a5a49ab70db67e719a2adb12f260ee3f616293289e4a310f48360218,row_sparsity,row_sparsity|conj|2c5e43f84a|rng=MT19937-RandomState,,3,3,1,uniform,1;2;3,0.3333333333333333;0.3333333333333333;0.3333333333333333,0.0006705941632390022,6.636139005422592e-05,0.001089814119040966,0.0009901123121380806,0.005872451700270176,0.008694501593708992,0.0028168819844722748,24,898,1,6,SAT_unsat_identifiable,1,boolean_factorization,exclude_x,exclude_x,0,1076,4267,0,1,1,0,0,0,0,1,1,1,0,0,0.007154335267841816
4,50,10,100,501994184,77,conj,glucose42,MT19937-RandomState,0.0005532987415790558,01010001000010100000100100000000100100101100000001001000000000000001000001000100100100001000000010010010000010000000010110000000100000000010110000000000101000011000100100010000000000100010000100001000000001100000000001000010001001000010000000000100001001000000001000000000010000000000001000001000100001000000000101000000000010100000010001000010000100000010100000001001010100000000000101001000000010110100000000101000010000001000000100001010000000001000000100001010001000010010000000100000001000010000,94594c6752eaee7a28a0753919ccd95c91565f998ed49633fdc5ffb778075396,row_sparsity,row_sparsity|conj|2c5e43f84a|rng=MT19937-RandomState,,3,3,1,uniform,1;2;3,0.3333333333333333;0.3333333333333333;0.3333333333333333,0.0005618883296847343,5.9993937611579895e-05,0.0008894624188542366,0.0009942278265953064,0.008454316295683384,0.010964523069560528,0.0025055725127458572,19,939,1,6,SAT_unsat_identifiable,1,boolean_factorization,exclude_x,exclude_x,0,811,3305,0,1,1,0,0,0,0,1,1,1,0,0,0.006855363957583904
4,50,10,100,501994184,78,conj,glucose42,MT19937-RandomState,0.0005729496479034424,10000000010000100001010000100100000000011000010010100000010000000000100010000100000000000100100000000010100010000001000000110000001010000000010001000100001100000000010010100001000000000100000000001100000000011000000001000000000001010010100000000000100001001010010011000000000010000000010000001001000000010010000000000001000000010000000101000000000100000000000110101000000100100000000010000001100000000001100100000000001001001000010001000000010010000010100100000001101000100001000000100000000101000000,4a4d4311d65c4e0e116419d7096429c4bad95ac0c73a2b697d3e66cc765159ef,row_sparsity,row_sparsity|conj|2c5e43f84a|rng=MT19937-RandomState,,3,3,1,uniform,1;2;3,0.3333333333333333;0.3333333333333333;0.3333333333333333,0.0005248617380857468,6.376858800649643e-05,0.0008134413510560989,0.0009848084300756454,0.003851821646094322,0.006243148818612099,0.0023868801072239876,17,956,1,6,SAT_unsat_identifiable,1,boolean_factorization,exclude_x,exclude_x,0,703,2918,0,1,1,0,0,0,0,1,1,1,0,0,0.006513863801956177
4,50,10,100,501994184,79,conj,glucose42,MT19937-RandomState,0.0005631567910313606,00001000000000100000000001001100000001001000100010000011000001000000001000000010001010100000010000001001000000100100000000101000000101000010111000000000000000010001000010000001010001000000000100000000110010000000110000100110000000100100010010100000000010001000000001000000000010010000000001000001001010010001000000000101011001000001000010000000100010000000001010000010001000000010010000010100000000010000011000000000101001000000000000000010010100010001000010000001100001110000010001010000000100000000,90e74342de5e2c58231214d7f6d9f8694738f8507de97c0b4870ea35570abf9b,row_sparsity,row_sparsity|conj|2c5e43f84a|rng=MT19937-RandomState,,3,3,1,uniform,1;2;3,0.3333333333333333;0.3333333333333333;0.3333333333333333,0.000605439767241478,6.352271884679794e-05,0.000966670922935009,0.0009814100340008736,0.007675182074308395,0.01029733382165432,0.0026170434430241585,21,972,1,6,SAT_unsat_identifiable,1,boolean_factorization,exclude_x,exclude_x,0,879,3648,0,1,1,0,0,0,0,1,1,1,0,0,0.0069867996498942375
4,50,10,100,501994184,80,conj,glucose42,MT19937-RandomState,0.0005423519760370255,00010100000000010101000000110000000100000000001000000010001001000110000000000100100000010011010000000010000000000100000100010000010000010000000000001000000000010000010001000010000000011000011000010000000000001000011000011001100000101000001000000010000000101000000000000101000001101000000000000000100000000000010001010001111000000000010000110001000010010000101001000000000000101000000000101001010100000000001000010000001010000000100000100000001100000000010011000000011001000000011000000010000000100011,f451a9ea266b8d6fa5f1870bf1d0267059a59e1aa17990783ce6f3cf56162e83,row_sparsity,row_sparsity|conj|2c5e43f84a|rng=MT19937-RandomState,,3,3,1,uniform,1;2;3,0.3333333333333333;0.3333333333333333;0.3333333333333333,0.0005586110055446625,6.0284510254859924e-05,0.0007715476676821709,0.0009942464530467987,0.004318390041589737,0.0067092981189489365,0.002384689636528492,16,1009,1,6,SAT_unsat_identifiable,1,boolean_factorization,exclude_x,exclude_x,0,664,2741,0,1,1,0,0,0,0,1,1,1,0,0,0.006373973563313484
4,50,10,100,501994184,81,conj,glucose42,MT19937-RandomState,0.0005815383046865463,00100001100010000000000000001000010000100100000001100000000000001001000011000010000010010010010000011010000100000001100100001000000000100001001000010000000100000000000101001000000101100000000100000110000011000001100010000100100000000000011000000000100001000000000000010000100101000001000100000000001000001011000000000101000011000010000001001000000000000010001100000010000010000000000111000010000100101000000000000010000010100001000000010000000100000000100000100000010000001000011000000100000100000001,bfc59c6545793ba26016978309b1fa00cc627026445c5769f225a9c5b5a3506f,row_sparsity,row_sparsity|conj|2c5e43f84a|rng=MT19937-RandomState,,3,3,1,uniform,1;2;3,0.3333333333333333;0.3333333333333333;0.3333333333333333,0.0005252612754702568,5.693640559911728e-05,0.0008252477273344994,0.0009714234620332718,0.004725820384919643,0.007110477425158024,0.0023788688704371452,17,958,1,6,SAT_unsat_identifiable,1,boolean_factorization,exclude_x,exclude_x,0,713,2929,0,1,1,0,0,0,0,1,1,1,0,0,0.006392674520611763
4,50,10,100,501994184,82,conj,glucose42,MT19937-RandomState,0.0005740467458963394,00000000010000010010011001000000001011000000001001100000000010000000011000000100000000010000000000100000100100000100000010010100000000010110000010110000010010100101000100010000001000001000000001010000000100000001000000000000100000001001000110000100010100000110010010010010100000011000010000000100000010101000000100010000100100000000010010001000000000100000100000010001000000000010100000000010001100000000000001000000010100000100101000000001000000010000000110000010001000000010000001000000000001000000,942ca2873cc2bf582b61726123eca11f0a11601c661572cd9bd3b28af6049880,row_sparsity,row_sparsity|conj|2c5e43f84a|rng=MT19937-RandomState,,3,3,1,uniform,1;2;3,0.3333333333333333;0.3333333333333333;0.3333333333333333,0.0006022760644555092,6.31771981716156e-05,0.0009650634601712227,0.0009916694834828377,0.005929599516093731,0.008556699380278587,0.002622186206281185,21,900,1,6,SAT_unsat_identifiable,1,boolean_factorization,exclude_x,exclude_x,0,899,3670,0,1,1,0,0,0,0,1,1,1,0,0,0.0067611150443553925
4,50,10,100,501994184,83,conj,glucose42,MT19937-RandomState,0.0005619954317808151,00010000000100000000000010000001010001000000101000000000110001000001000101010000010000010000000000100100000000001000000000010010101000000010110001000000000001000110000000000000001000110000010000100000001010000000100000000100000010110001000000000010000010000000000110000001001000000100101000010000000001000001100111000000000010101000101000010100001100000001100100000001110001001001000100000000000101000010000100000100110000000000100000010101000010000000001000010000000100001000000000000000010000010001,b798045d69647e899e1a22538eca0edd2a9297c7929b7ff4a682a451aa34da75,row_sparsity,row_sparsity|conj|2c5e43f84a|rng=MT19937-RandomState,,3,3,1,uniform,1;2;3,0.3333333333333333;0.3333333333333333;0.3333333333333333,0.0005173059180378914,5.3279101848602295e-05,0.0006575426086783409,0.0009807366877794266,0.004440919496119022,0.006654729135334492,0.002208864316344261,13,768,1,6,SAT_unsat_identifiable,1,boolean_factorization,exclude_x,exclude_x,0,547,2210,0,1,1,0,0,0,0,1,1,1,0,0,0.005538266152143478
4,50,10,100,501994184,84,conj,glucose42,MT19937-RandomState,0.0005536936223506927,10001000100100001000000100000010000100010000010110001001000100010101000000010000001000011001000000001001000000111000000000100000000100100010100000001000000110001100000010001000000010000010101000001001000000101100000100000000001001000001001000110000001100000000100010100001000000000011000001100000000010000000110000101001001100001000000110000011000000000011001010000011000000000001010001100001010001000000000010101010000000100001100000010100100000100000000000011000000101010100000000001000000000100010,14a042ce92a62cbf7da79a4ee282292b259ca00d69d7167918e8961c4ed87ea7,row_sparsity,row_sparsity|conj|2c5e43f84a|rng=MT19937-RandomState,,3,3,1,uniform,1;2;3,0.3333333333333333;0.3333333333333333;0.3333333333333333,0.0006703268736600876,5.707051604986191e-05,0.0008132345974445343,0.0009804079309105873,0.004228232428431511,0.006753475405275822,0.002521039918065071,17,914,1,6,SAT_unsat_identifiable,1,boolean_factorization,exclude_x,exclude_x,0,723,2940,0,1,1,0,0,0,0,1,1,1,0,0,0.006311451084911823
4,50,10,100,501994184,85,conj,glucose42,MT19937-RandomState,0.000572962686419487,10000010010010000110110010000000000101100100010001010001000000000101010000110010110000010010010010000000101000000001000000010000100000010000110001000010010001000001000000000000101000100000000110100000001000011000000110000000000110000000100000010011000001001000000010100010010100000000000010001100000100000100001001010000000001100000001011001001000001010100100001000000000000000010001000000110000101000000001101001000100111000000100000000001000001110001000000000000010000000010000010000001001000101000,54336b481e6489a44b42b04b71d8e9ef6f7691dc699810a9e5fb323566e7fcf2,row_sparsity,row_sparsity|conj|2c5e43f84a|rng=MT19937-RandomState,,3,3,1,uniform,1;2;3,0.3333333333333333;0.3333333333333333;0.3333333333333333,0.0006918339058756828,6.55660405755043e-05,0.001042347401380539,0.0009907549247145653,0.00830637477338314,0.011101635172963142,0.0027905022725462914,23,916,1,6,SAT_unsat_identifiable,1,boolean_factorization,exclude_x,exclude_x,0,1047,4101,0,1,1,0,0,0,0,1,1,1,0,0,0.007196009159088135
4,50,10,100,501994184,86,conj,glucose42,MT19937-RandomState,0.0005695102736353874,11000000001100000100010000000010000000000000010000100000000100100000001000010000000100100100110000011000000000010001100000100000000000001000000010000000010001000001000000000001000000001000000100010000000000000110000000010000000001100000100000100000000000000111000010010110100000001000010000000001000000100000000001000110000010001010100010000000000100001000000010000110000001100000000000001001000001000011010000000011000000000000010000000001000001000001000000000100000000000000011101000000010001000000,b4cea03f48f4bd2c7b3498d75deae5f7cd96c1936975c4fdf3d6a40929f07067,row_sparsity,row_sparsity|conj|2c5e43f84a|rng=MT19937-RandomState,,3,3,1,uniform,1;2;3,0.3333333333333333;0.3333333333333333;0.3333333333333333,0.0004517342895269394,5.138292908668518e-05,0.0,0.0,0.0,0.0005065808072686195,0.0005031172186136246,10,1024,1,4,identity_submatrix_identifiable,0,,,exclude_x,0,0,0,1,0,1,0,0,0,0,1,1,1,1,0,0.005440063774585724
4,50,10,100,501994184,87,conj,glucose42,MT19937-RandomState,0.0005538091063499451,01001100000000100000000000001000001100000000011100001000100101000110001100000000001010100001001100000100000000010001100010000000001100010000010010000001000000000000001000001010000001001100000011000010000100001001000000100100001100000000110010010000101001001000010110000000010100000010000011000000110100110001001000100010010000010001000001000001101000000000000111001000000100000000010001000000001000010000001100000000010000000100000000001001000001000000100001000101001000000011000000100001000000010101,be5e80f11ef4cc241d595b14757bc8ead04a22d6d6c8ca7c591a7a2727bdb697,row_sparsity,row_sparsity|conj|2c5e43f84a|rng=MT19937-RandomState,,3,3,1,uniform,1;2;3,0.3333333333333333;0.3333333333333333;0.3333333333333333,0.0006326474249362946,6.184820085763931e-05,0.0009291265159845352,0.0009894752874970436,0.011946079321205616,0.014564014971256256,0.0026130974292755127,20,927,1,6,SAT_unsat_identifiable,1,boolean_factorization,exclude_x,exclude_x,0,880,3515,0,1,1,0,0,0,0,1,1,1,0,0,0.0066546425223350525
4,50,10,100,501994184,88,conj,glucose42,MT19937-RandomState,0.0005838749930262566,01000100010000011010100110000010001000000001011000001000000000010010000100000000000000001000000001100100000010001000001101010100000001001010000010001100000001000101000000100000000000000101100000000001000011001000000101010000110000000110010010000000001000000000110000000100000000100000100000000000010000101010000001001000000001100000010000001000000000010000010000000011000011000000100000000100000000010001101000000010100000010000000000010001001010010000001001100000100010010000011000001100001100010000,55379b115461d3ab2edc6385f9b76c833907292942e3868d6a8078d5426bacc0,row_sparsity,row_sparsity|conj|2c5e43f84a|rng=MT19937-RandomState,,3,3,1,uniform,1;2;3,0.3333333333333333;0.3333333333333333;0.3333333333333333,0.000638449564576149,6.776954978704453e-05,0.0008178986608982086,0.0010267682373523712,0.005148578435182571,0.007704568095505238,0.0025508860126137733,17,962,1,6,SAT_unsat_identifiable,1,boolean_factorization,exclude_x,exclude_x,0,713,2929,0,1,1,0,0,0,0,1,1,1,0,0,0.0062714917585253716
4,50,10,100,501994184,89,conj,glucose42,MT19937-RandomState,0.0005723470821976662,00100100000000010000000010010011000000000000010000010000000000001000000100000101000001001000100000100100000000000000100001000100100111000000110000000101100000000110001000100100000100000100001000010000010000000000010001000011010000010000010000101100000000101000010000000000000100001000000000000000001100000100000000000100010000010000110000100001000001000000001000000000100000010001011001000000001001000000010110000001000100000010000100000000000101001000110000100100001010010010000010011000000000000001,c3156ea53bbf9494189e1efe2e373273323275769d5a7f2d07a33c71ab8a1f25,row_sparsity,row_sparsity|conj|2c5e43f84a|rng=MT19937-RandomState,,3,3,1,uniform,1;2;3,0.3333333333333333;0.3333333333333333;0.3333333333333333,0.0005667340010404587,6.14440068602562e-05,0.000852636992931366,0.0009944392368197441,0.0046850694343447685,0.007164943963289261,0.002475254237651825,18,924,1,6,SAT_unsat_identifiable,1,boolean_factorization,exclude_x,exclude_x,0,772,3128,0,1,1,0,0,0,0,1,1,1,0,0,0.006478746421635151
4,50,10,100,501994184,90,conj,glucose42,MT19937-RandomState,0.0005962299183011055,00001100001001000010010000001000001000000000100000000100000000100000001000000010100000000000000001011000100001001000000010010000100001000000010000000110000011000011010000000010000000000000100000010000010000000010000000000001000100101000010000000000100100000000000000000111000000101010000000001000000100110100001000000010000100000101000000000001000001110000001000011000000000010000100100000111100000001000000000001100000000001000000000000010000110001000000001000001000010000000001110000000010000000010,04b408612978673189e9b11e5827be1053873ac93d9014dc403148854547803a,row_sparsity,row_sparsity|conj|2c5e43f84a|rng=MT19937-RandomState,,3,3,1,uniform,1;2;3,0.3333333333333333;0.3333333333333333;0.3333333333333333,0.0004402603954076767,5.030818283557892e-05,9.198766201734543e-05,0.0,0.0,0.0005890810862183571,0.000582556240260601,10,640,0,2,two_column_check_failed,0,,,exclude_x,0,0,0,0,1,1,0,0,1,0,0,0,0,0,1,0.0027395300567150116
4,50,10,100,501994184,91,conj,glucose42,MT19937-RandomState,0.0005713729187846184,00010000000000000101000100000110000000000010000000000100000001000000000010010000000111000000000100001000000100000000010001010010000100000011000001000000010011000101000000010001010000001000010001000000000011000100000100000001000001000000001010000011000010101000000000000100001000010011001000000000001000110000000100000000011000010000010010000000000010100100000000000010000000010010100000000000001000011000000011011000100000010000011000000010100010000010000100010011001000000100000000000000110000000111,40383f15cd5afde0d9e1a9cc539b654184479842c73a8c96c48a2949e153c7d1,row_sparsity,row_sparsity|conj|2c5e43f84a|rng=MT19937-RandomState,,3,3,1,uniform,1;2;3,0.3333333333333333;0.3333333333333333;0.3333333333333333,0.0005095507949590683,5.427561700344086e-05,0.0006733806803822517,0.001002434641122818,0.003701411187648773,0.005944869481027126,0.002239641733467579,13,952,1,6,SAT_unsat_identifiable,1,boolean_factorization,exclude_x,exclude_x,0,537,2199,0,1,1,0,0,0,0,1,1,1,0,0,0.005879196338355541
4,50,10,100,501994184,92,conj,glucose42,MT19937-RandomState,0.0005609830841422081,00000010001000010100000000001000000000100000000100100100000000000000100000000101110000001000010000000101010000000001110001000010100010000100000000001100101000000000000100011000000000010100010000100000000001001010000010000000001001001000010000001100100000000001000000100100000000100100000010000000001000000100000000000001000100000100000010000100010010000000010000000000011001100000011100000000000100001100100000001011000001000010000110000010010000000000111000000000000100001110000001010010001001000000,17d88fa83f4e32c31633cb4669a0ce43e00b03f46d91866eb199b3be2bb2e454,row_sparsity,row_sparsity|conj|2c5e43f84a|rng=MT19937-RandomState,,3,3,1,uniform,1;2;3,0.3333333333333333;0.3333333333333333;0.3333333333333333,0.0005056392401456833,5.672872066497803e-05,0.0007756445556879044,0.0009842626750469208,0.004013409838080406,0.006340235471725464,0.0023222751915454865,16,908,1,6,SAT_unsat_identifiable,1,boolean_factorization,exclude_x,exclude_x,0,674,2752,0,1,1,0,0,0,0,1,1,1,0,0,0.006302379071712494
4,50,10,100,501994184,93,conj,glucose42,MT19937-RandomState,0.0005744248628616333,00010100000010100000100000000000100000000100000000100000001010000000000011000000101000010010000010010100010100001011000010010100001100000100000100100100000000100001000100100001000101000100101100000010000011000000010100100000000100000011000010011000000100010100010000100000000110000100100000101000010001100001001000000100101000000101000000000000000001000000011010000001010000010000010000000100010000000010000100000000011000000000010000100001000000100010000001010000000001100001000000000010000000000010,85c9b96f7ceee21e489d1c48e1df2f966298c8067d419cb6fb40ab0ac9d5993a,row_sparsity,row_sparsity|conj|2c5e43f84a|rng=MT19937-RandomState,,3,3,1,uniform,1;2;3,0.3333333333333333;0.3333333333333333;0.3333333333333333,0.0005767596885561943,5.5431388318538666e-05,0.0007019545882940292,0.0009664641693234444,0.0034153899177908897,0.0057199085131287575,0.0023006098344922066,14,1000,1,6,SAT_unsat_identifiable,1,boolean_factorization,exclude_x,exclude_x,0,566,2365,0,1,1,0,0,0,0,1,1,1,0,0,0.006055094301700592
4,50,10,100,501994184,94,conj,glucose42,MT19937-RandomState,0.0005576731637120247,01000000010000011001000000100000100010100010000000100100000010000000000100100000100100001000001010010101000100100001000000100101001001010000100000000000010100000001000100000110010000001000000000001000000000110000000001000100000000000000110010000000000010000001100010001000010001100010010001101000010000100100000000010000000000000110001010001010000100000000011000101001000100100000000000001000000100001001000000000001000100011010000110010000001000001000000001010000000010010000000010000000010000000010,b9a5652f7942d1ce2c164008468b24ce929b910cd2ccf2df1aa711ed978d36e4,row_sparsity,row_sparsity|conj|2c5e43f84a|rng=MT19937-RandomState,,3,3,1,uniform,1;2;3,0.3333333333333333;0.3333333333333333;0.3333333333333333,0.0005532838404178619,5.5490992963314056e-05,0.0006614308804273605,0.0009837346151471138,0.0036520687863230705,0.0059102196246385574,0.0022539403289556503,13,976,1,6,SAT_unsat_identifiable,1,boolean_factorization,exclude_x,exclude_x,0,527,2188,0,1,1,0,0,0,0,1,1,1,0,0,0.00586757343262434
4,50,10,100,501994184,95,conj,glucose42,MT19937-RandomState,0.0005708727985620499,11000100000000000010000000011010000000000000000010011000001010001100000100010000000100001000001110000000000101000000001001000001000000001000000001000000100100010100010010000000000100001000000000001000000000001001000010000000010000000010000000110000011001100000001001000110000000101000000000100100000000010000010000000111000100000100100000010100000101000001000000001101000000000001000010000000000000100100000001010000000000001110000001010100000000100100100110001000000000000010010100000010000000100000,ae99c4e299846dcc20d6c6fdf0cf72f9ce74dd7f3ce903989812a69a30391148,row_sparsity,row_sparsity|conj|2c5e43f84a|rng=MT19937-RandomState,,3,3,1,uniform,1;2;3,0.3333333333333333;0.3333333333333333;0.3333333333333333,0.0005509834736585617,6.552692502737045e-05,0.0008564302697777748,0.0009842682629823685,0.007653355598449707,0.010115118697285652,0.0024572089314460754,18,834,1,6,SAT_unsat_identifiable,1,boolean_factorization,exclude_x,exclude_x,0,772,3128,0,1,1,0,0,0,0,1,1,1,0,0,0.006240260787308216
4,50,10,100,501994184,96,conj,glucose42,MT19937-RandomState,0.0005670171231031418,00010100100000011100010000100000010001000000011001101100000000010110001000000000000000110000001000010000000001011000010001000000000000000111000100001100100100010010010000001100100001000100001000000000001011000010001000000000001001000100101000101000001000000000000000001110000000010011000000000000010000100000010100100000001000000110001010000000100000000010000000000101100001010000010000000101001000100000001000100000000001000001101100000001010000100010000001000000001100001001100001000000010100000010,cc7c5a6cbdd1083eb2b4d7b74b0d884dbb4fb56094072ea94cf96103bc0ce2cc,row_sparsity,row_sparsity|conj|2c5e43f84a|rng=MT19937-RandomState,,3,3,1,uniform,1;2;3,0.3333333333333333;0.3333333333333333;0.3333333333333333,0.0007242560386657715,6.435159593820572e-05,0.0010023526847362518,0.0009927256032824516,0.007789754308760166,0.01057836227118969,0.0027836859226226807,22,884,1,6,SAT_unsat_identifiable,1,boolean_factorization,exclude_x,exclude_x,0,968,3880,0,1,1,0,0,0,0,1,1,1,0,0,0.006833568215370178
4,50,10,100,501994184,97,conj,glucose42,MT19937-RandomState,0.0005641411989927292,00100000000110000001000011000001010000010010001000100001000010011000000011010000001000000010000000000000001000001100100000100101000011100000010001000000000001000000100000000100000000000000100100000010010000001100100000000000010000000010011000000011100100000000000011000101000010000000000010000001000000101000000000010010000001000000100000011000000001001101000010000010100000000010100000000000110100000000001001000010000001000000000000000100000010000010001010000000001000010000010111000000100000000001,c323d2e2092560c2e828d3c4043f38f1f94f125b5a5889ceeb3b223b8622f376,row_sparsity,row_sparsity|conj|2c5e43f84a|rng=MT19937-RandomState,,3,3,1,uniform,1;2;3,0.3333333333333333;0.3333333333333333;0.3333333333333333,0.0004955707117915154,5.201995372772217e-05,0.0,0.0,0.0,0.0005510402843356133,0.0005475906655192375,10,1024,1,4,identity_submatrix_identifiable,0,,,exclude_x,0,0,0,1,0,1,0,0,0,0,1,1,1,1,0,0.005519014783203602
4,50,10,100,501994184,98,conj,glucose42,MT19937-RandomState,0.000567297451198101,00001000001010000000000000010000010000000001001100000000010010000000100000010000000001001100000100000000101000011000010000001001001010100000000000000101000010000000100011001000100110000010000001000100001000000000010010100100000000000010110000000100001010100000010000000000000011001000000000011000100001000100100001000000010010100010000000010011000001011000010010000010011000000000000000001000010000100010000000000001000000000100000100000100100000000000000000111000000000000111000000000011101001010000,d2e99a0514ca87aad4356769dee5ddc43287aac446658708b08d0277e0415ff7,row_sparsity,row_sparsity|conj|2c5e43f84a|rng=MT19937-RandomState,,3,3,1,uniform,1;2;3,0.3333333333333333;0.3333333333333333;0.3333333333333333,0.0005526943132281303,5.672033876180649e-05,0.0007368177175521851,0.0009910985827445984,0.004097762517631054,0.006439359858632088,0.0023373309522867203,15,1006,1,6,SAT_unsat_identifiable,1,boolean_factorization,exclude_x,exclude_x,0,615,2553,0,1,1,0,0,0,0,1,1,1,0,0,0.006173565052449703
4,50,10,100,501994184,99,conj,glucose42,MT19937-RandomState,0.0005615297704935074,10010010000100001010100000000000100000000110000000010001000100000100000000010000010000011010000010001000011000000010010001000000000001000000001000000000000010101000100010001000000001100000000000001001000100100101001000000001000011000010000001010000000000000100100010000100000000101001000000100000000000001000000000010000001001100001000100000000001000100010000000010000000110000000000000001000000000100000010000100010010010100000011000001010001010001011100000000000110000000000100010000001010000010000,0eca312354e9b9c07c00fa4d3955e36f183495b07f16ca5cd539018afcebeba4,row_sparsity,row_sparsity|conj|2c5e43f84a|rng=MT19937-RandomState,,3,3,1,uniform,1;2;3,0.3333333333333333;0.3333333333333333;0.3333333333333333,0.0005506798624992371,5.530938506126404e-05,0.0007407786324620247,0.0009754505008459091,0.004646202549338341,0.006972617469727993,0.002322218380868435,15,943,1,6,SAT_unsat_identifiable,1,boolean_factorization,exclude_x,exclude_x,0,645,2586,0,1,1,0,0,0,0,1,1,1,0,0,0.006303402595221996
