schema_version,J,K,N,seed,sim,operator,solver_name,rng_engine,generation_time,q_bitstring,q_sha256,design,design_id,p,m_requested,m_effective,min_row_size_requested,row_size_distribution,row_size_support,row_size_probs,basis_time,identity_check_time,two_col_check_time,three_col_check_time,sat_time,algorithm_time,preprocess_time,J_basis,M_basis,identifiable,branch,branch_label,sat_called,sat_formulation,sat_cardinality_encoding,cardinality_encoding_requested,maximal_candidate_requested,sat_variables,sat_clauses,identity_original,not_complete_original,has_pure_node_original,no_pure_nodes_original,has_zero_row_original,two_col_violation_original,three_col_violation_original,two_column_pass_original,both_necessary_checks_pass_original,I_3c,identity_basis,two_col_violation_basis,diagnostics_time
4,50,10,100,2086640887,0,conj,glucose42,MT19937-RandomState,0.0006336253136396408,00100010011011000000000010000101100000000000010001000000100000000100000001101000110000000010010000000000000011000010100001000100011001100000100000010000000010000000010000000010000000010100010011000010000010101000000001000010000000101000000000000001000001001000000000010000001100001001010000000000001000010000001000000101001001001000010000000000000001010010010000000010000010001000000000010000000001000000101000000000011000000001001001000000000000011001000000101101000000010000000001110000000100100000,800238980c88e1a01e8e365f927db894dc1bf916b360fd98d312ffcb1cab8485,row_sparsity,row_sparsity|conj|2c5e43f84a|rng=MT19937-RandomState,,3,3,1,uniform,1;2;3,0.3333333333333333;0.3333333333333333;0.3333333333333333,0.0005388995632529259,7.425528019666672e-05,0.0006883386522531509,0.0010071052238345146,0.01332378201186657,0.015639489516615868,0.002308598719537258,13,992,1,6,SAT_unsat_identifiable,1,boolean_factorization,exclude_x,exclude_x,0,517,2177,0,1,1,0,0,0,0,1,1,1,0,0,0.006103631108999252
4,50,10,100,2086640887,1,conj,glucose42,MT19937-RandomState,0.000575781799852848,10001000000000001000000001000100011010001000100000101000000000011000000100000000001010000000000000100000100000010001000000000100010000001000100000000000000000010000011000000000000101001000010100000000010000010111000000001100000000000000100000000010100101000000100000011010001000000000001000000100100100010000000010100010000001000100100100101000000010001000001000001001010000010000000001010010101000000000000010000010010001000100000000010010100000101000010000000111000000000001110000000000100000000001,d6d50ca06ce53ed9ae3be443b97886766883024b48aff4fde717af35fe5a5b48,row_sparsity,row_sparsity|conj|2c5e43f84a|rng=MT19937-RandomState,,3,3,1,uniform,1;2;3,0.3333333333333333;0.3333333333333333;0.3333333333333333,0.000524500384926796,6.58063217997551e-05,0.0007956568151712418,0.0009927581995725632,0.004500286653637886,0.0068849073722958565,0.002378721721470356,16,914,1,6,SAT_unsat_identifiable,1,boolean_factorization,exclude_x,exclude_x,0,674,2752,0,1,1,0,0,0,0,1,1,1,0,0,0.006270228885114193
4,50,10,100,2086640887,2,conj,glucose42,MT19937-RandomState,0.0005641784518957138,00000001000001000000000010000000100000000001000000100001100000110000000000100000011000001000010000000001001000110100000000000000010010000000000001000001000001000001100000010000000001000001010001001100000100000000000001000000101001000100010100000010000000000100000101100001001000000000001010000001100000000010000000100000110010000000110001001001000000100001010000010100000001000000000011000000100000000010000000000001110000010000110100010010000101000001000100100000000110010000000100000001101000001000,f5e7ef6c38f9ca047e731fe3e1e2394652c6f5d8f54aa2510842c549063ae3ef,row_sparsity,row_sparsity|conj|2c5e43f84a|rng=MT19937-RandomState,,3,3,1,uniform,1;2;3,0.3333333333333333;0.3333333333333333;0.3333333333333333,0.0005287230014801025,5.903933197259903e-05,0.0008315946906805038,0.0009786365553736687,0.006408092565834522,0.00881119817495346,0.002397993579506874,17,910,1,6,SAT_unsat_identifiable,1,boolean_factorization,exclude_x,exclude_x,0,733,2951,0,1,1,0,0,0,0,1,1,1,0,0,0.0063999975100159645
4,50,10,100,2086640887,3,conj,glucose42,MT19937-RandomState,0.0005588242784142494,01001010000000000100100000000100000101000100001000001000110010000000101000000000000000001000000001000010100000000110100000001000001000000110000111000010000001100010000000000100000000100000001000000000000010000000000011000000010101000000101000100101000010010010000010001100000001100100001100101100000000110001000010000000100001000000100000000100000000010000010001000000110000010000010000000000101000100000000101001000000000000010000000000001010000000000010001000010010001010000000010011000000010100010,6d7c4f0c13cc23646d841d47be5aae1df42bd3d45c74d94e155dfba2f88e181a,row_sparsity,row_sparsity|conj|2c5e43f84a|rng=MT19937-RandomState,,3,3,1,uniform,1;2;3,0.3333333333333333;0.3333333333333333;0.3333333333333333,0.0005001593381166458,5.1748938858509064e-05,0.0,0.0,0.0,0.000555715523660183,0.0005519082769751549,10,1024,1,4,identity_submatrix_identifiable,0,,,exclude_x,0,0,0,1,0,1,0,0,0,0,1,1,1,1,0,0.005506599321961403
4,50,10,100,2086640887,4,conj,glucose42,MT19937-RandomState,0.0005621770396828651,10001000000000100000000000010100000100011001010000110010000000010010010001100000010100000100000001100100010100010101000000000100000000000001110000000000011000000000001001010000100001000000000100000110010001000000000100001000000110000000101000100000000010100010000000100101000010010100000000000100110000100100001000001001010000001011000001001000000001110010000001001100000001010001001000000000101001000001001010000000110000001000000110000000000000001000001101000000100000010000000000010000001000001000,823d3122080afa64db2df4c0d537fdae931447cf99e438335d9a45ac2c85cdf7,row_sparsity,row_sparsity|conj|2c5e43f84a|rng=MT19937-RandomState,,3,3,1,uniform,1;2;3,0.3333333333333333;0.3333333333333333;0.3333333333333333,0.0006957016885280609,6.599258631467819e-05,0.0010606730356812477,0.0009889937937259674,0.013349556364119053,0.01616611983627081,0.0028113611042499542,23,970,1,6,SAT_unsat_identifiable,1,boolean_factorization,exclude_x,exclude_x,0,987,4035,0,1,1,0,0,0,0,1,1,1,0,0,0.007367738522589207
4,50,10,100,2086640887,5,conj,glucose42,MT19937-RandomState,0.0005704239010810852,01000100000010000101000000101000101000100000110100100000110000000110000001000011101000000100100000000010000001000011001000001000000000001010000101100010000000001000000010000110010010100010000000000100000100110001000101000000000110010000000000010101000010001100000001000010000000000100101000000100011000010000010010000000100000000000000000101000000000000000100010000000000100001010000000100000000010000000001100000001010011000001000000000010100000000000001000000110100000000001000000011000000010101000,8f1ed17aae0eb30e3a1d40a0ac95c463a637811a55873043bde64cc1604d6486,row_sparsity,row_sparsity|conj|2c5e43f84a|rng=MT19937-RandomState,,3,3,1,uniform,1;2;3,0.3333333333333333;0.3333333333333333;0.3333333333333333,0.0005504479631781578,5.536805838346481e-05,0.0007537053897976875,0.0009718332439661026,0.004004721529781818,0.0063406359404325485,0.0023313546553254128,15,840,1,6,SAT_unsat_identifiable,1,boolean_factorization,exclude_x,exclude_x,0,645,2586,0,1,1,0,0,0,0,1,1,1,0,0,0.0059117600321769714
4,50,10,100,2086640887,6,conj,glucose42,MT19937-RandomState,0.0005694003775715828,00000010000001001010100000100000000000100010000000001000010000011010000000110000000000001110000000010001000000010010010010000000001000010000000000000100000010100000101001010001000000000010000000100000000000011101100100000000010000010000000000110000000011001000000100100010000000000100000000010001000010000001010000100010000010100010100010000000100000001000000001001000001000001000010000000000001001100100001000010010000101001000000000101000000001101001100010000001000000000001100000100001010100000101,9756361fbc75581d2fdad7ce2ada972e784cf7715af2e3fb2807d24e4c17c4fa,row_sparsity,row_sparsity|conj|2c5e43f84a|rng=MT19937-RandomState,,3,3,1,uniform,1;2;3,0.3333333333333333;0.3333333333333333;0.3333333333333333,0.0005553904920816422,5.6605786085128784e-05,0.000758584588766098,0.0009785881265997887,0.004301299341022968,0.006655245088040829,0.0023491689935326576,15,928,1,6,SAT_unsat_identifiable,1,boolean_factorization,exclude_x,exclude_x,0,645,2586,0,1,1,0,0,0,0,1,1,1,0,0,0.006148258224129677
4,50,10,100,2086640887,7,conj,glucose42,MT19937-RandomState,0.0005652327090501785,10000000110010000000110000100000001010000000100110000000011000100010000100010000000001100000000000100010001010001000000000000000010100000010000001000101000000000001010100000000010000000010000100000010100110000000010000000010010001101000010000010010010001001100000000110010000010000000010001000000110000000101000001000001000000100000001000010000000101100100010000000000010001000110010000100000010000000100100000000100000001000100010000001000011000001010000000000001000100000000001100000100001010000010,9edd264497dca4b5fc36885727c15103f7daf824ca26e05b91deb5248ffb71b0,row_sparsity,row_sparsity|conj|2c5e43f84a|rng=MT19937-RandomState,,3,3,1,uniform,1;2;3,0.3333333333333333;0.3333333333333333;0.3333333333333333,0.0005623707547783852,5.935505032539368e-05,0.000713123008608818,0.0009699966758489609,0.003549555316567421,0.005860321223735809,0.0023048454895615578,14,988,1,6,SAT_unsat_identifiable,1,boolean_factorization,exclude_x,exclude_x,0,576,2376,0,1,1,0,0,0,0,1,1,1,0,0,0.006117241457104683
4,50,10,100,2086640887,8,conj,glucose42,MT19937-RandomState,0.0005814274773001671,00000100100010000000000001000000010001010000100000100000000001000100000001010000001000110000000000110010010010000110010000000100000101000010000000100000010000101000000000000000010001000000000100010000110000000100100101000000010000000000101000001000110000010010000000001010000000001000000000100001100011001000001001000000000100001000000001000100010000001000000000000100000000000001000000010111000001000010100001010010000000000100010010000000011000000100000100011100010000000101010010101000000000110000,18cf5f6ce315a6d29ad3b9f90674769a1011a25d667ca08f7f9aef770fa215df,row_sparsity,row_sparsity|conj|2c5e43f84a|rng=MT19937-RandomState,,3,3,1,uniform,1;2;3,0.3333333333333333;0.3333333333333333;0.3333333333333333,0.0005163634195923805,5.535222589969635e-05,0.0007158555090427399,0.0009661242365837097,0.0038460828363895416,0.006103891879320145,0.0022536953911185265,14,984,1,6,SAT_unsat_identifiable,1,boolean_factorization,exclude_x,exclude_x,0,576,2376,0,1,1,0,0,0,0,1,1,1,0,0,0.006078572943806648
4,50,10,100,2086640887,9,conj,glucose42,MT19937-RandomState,0.0005706772208213806,01000000001001000000010100000010001010000100001001111000000000000000101001000010000100001000001001100001000101110000000001000110000100000100000100000100000100101000001100000110000100010000000000000010001100001000000000010010000000001010100000000100000100010000000100010001000000000000000011001000000001001000000100001100000010001100000001000110000001000101001000001000100001001001001000000010000000001010000000000000100000000100001000000100000110000000101000100010001001000001000100001000000000000001,32394afbe06484079b4bcac69137e7f5ba056fe77fe910aa5a776078c52d56e4,row_sparsity,row_sparsity|conj|2c5e43f84a|rng=MT19937-RandomState,,3,3,1,uniform,1;2;3,0.3333333333333333;0.3333333333333333;0.3333333333333333,0.0005566366016864777,5.059037357568741e-05,0.0,0.0,0.0,0.0006104186177253723,0.0006072269752621651,10,1024,1,4,identity_submatrix_identifiable,0,,,exclude_x,0,0,0,1,0,1,0,0,0,0,1,1,1,1,0,0.005559084005653858
4,50,10,100,2086640887,10,conj,glucose42,MT19937-RandomState,0.0005829110741615295,01000000001010000000001100000001000000000000010010010000000101000000010010000101001001010000100001001000000000000000001000010110001000000000000101000110010000000100010010100100000100100000100000000001000001000100000001001100000000101000010000000001000000011010000000010000000000100010010000101000000000000001000000001110100001000100000010100100100100001000100001000100011000000001010000000001000001000001000000001000000000100000110100000010010001000100000100000000000100000010110000001011000010110000,53047c2534dd32d045932167a4422910d67cbbe2f7485a0966057f9ec5056d6a,row_sparsity,row_sparsity|conj|2c5e43f84a|rng=MT19937-RandomState,,3,3,1,uniform,1;2;3,0.3333333333333333;0.3333333333333333;0.3333333333333333,0.0005532065406441689,5.494058132171631e-05,0.0007221568375825882,0.0009708190336823463,0.0037532420828938484,0.006058471277356148,0.0023011229932308197,14,736,1,6,SAT_unsat_identifiable,1,boolean_factorization,exclude_x,exclude_x,0,606,2409,0,1,1,0,0,0,0,1,1,1,0,0,0.005574686452746391
4,50,10,100,2086640887,11,conj,glucose42,MT19937-RandomState,0.0005736248567700386,00010000000000010001000000110100000000010100000000000100000100000001110001000001110000100000000001100000100000010001000000001000100000000010001000110000000100001000000000011001000000000100101000000101000000010100010000010010010100010100001000001000110000000001000000000101010000000000000001110000000000000000100000000100110000000110100100000000001000001100000000001000000001000101100000101001000000100000011001001000000000011000010010000000000010000000010000000010110000011000010000100100000000000111,7d10fe18095adf3dde863ef2bce9620faba3e60408c66a689700239e30cb568f,row_sparsity,row_sparsity|conj|2c5e43f84a|rng=MT19937-RandomState,,3,3,1,uniform,1;2;3,0.3333333333333333;0.3333333333333333;0.3333333333333333,0.0004934500902891159,5.0523318350315094e-05,0.0,0.0,0.0,0.0005469880998134613,0.000543973408639431,10,1024,1,4,identity_submatrix_identifiable,0,,,exclude_x,0,0,0,1,0,1,0,0,0,0,1,1,1,1,0,0.005561924539506435
4,50,10,100,2086640887,12,conj,glucose42,MT19937-RandomState,0.0005615241825580597,00000001010000010000001010100010010000000010000000010000000010101000000001100000000010000001000010001000001000000000100001100000001001100000001100000100001000000010000100000000011010000010000000010000010010000100100100010000100000010000110000100010000000101000000100001100000010100001000000100000000001000000000000010011100000000010001000100000000100000100010000000000111000001001001010000010000010011000010010100000000000100000000000101100100000000010100000000100000000100001100000010100100000000010,67495458ad86d229f2e9e261d0b6111005b8415488520abc43e88be87d117641,row_sparsity,row_sparsity|conj|2c5e43f84a|rng=MT19937-RandomState,,3,3,1,uniform,1;2;3,0.3333333333333333;0.3333333333333333;0.3333333333333333,0.0005833404138684273,5.928985774517059e-05,0.0007583089172840118,0.000972457230091095,0.0047685252502560616,0.007145623676478863,0.0023733964189887047,15,979,1,6,SAT_unsat_identifiable,1,boolean_factorization,exclude_x,exclude_x,0,635,2575,0,1,1,0,0,0,0,1,1,1,0,0,0.006258347071707249
4,50,10,100,2086640887,13,conj,glucose42,MT19937-RandomState,0.0005611991509795189,00000100010100000011100000000000000010100101000100000001100001001010000010000100100000100001101000000000110010000100000000000110101010001000000100000000000001001100000000010000000000001000000000100000111000000000001010100001100000000001101000100000000101000010100000010001100000011010000000001000010001001100000010000000000001100000000100100001000000000001100000001011001000000001000111000000010000000101010000000001001100100000000011000000100000000011000000000100110000000000100000100000000001000001,e73d1c0dc3c35cf32384b709f8fb531c3b6dc1f7166c50e150cbf294c96d5f91,row_sparsity,row_sparsity|conj|2c5e43f84a|rng=MT19937-RandomState,,3,3,1,uniform,1;2;3,0.3333333333333333;0.3333333333333333;0.3333333333333333,0.0005752574652433395,6.015598773956299e-05,0.000914519652724266,0.0009600110352039337,0.006672228686511517,0.009186353534460068,0.0025099441409111023,19,880,1,6,SAT_unsat_identifiable,1,boolean_factorization,exclude_x,exclude_x,0,831,3327,0,1,1,0,0,0,0,1,1,1,0,0,0.006558111868798733
4,50,10,100,2086640887,14,conj,glucose42,MT19937-RandomState,0.0005522668361663818,10010000000000010101000110010001001001000001000001000010001000000010000000100001110000000010001100000011000010000100000001100000000000100010100010000100010000000100010001100100010000100000000000100001000110000000010000000010000010100001000000000100001000000110000001000000010001010100000100001100100010000010000000010100000100100100000100001000000000101000000000000001100100000000100100000000100000000000100100000000010000000010000000000101000000001100010001000000010000000110001000100000001000010000,f19f2c81d64a4fedfe16a3eca84dd720d6e58fa5063d247f0497525e8eb97402,row_sparsity,row_sparsity|conj|2c5e43f84a|rng=MT19937-RandomState,,3,3,1,uniform,1;2;3,0.3333333333333333;0.3333333333333333;0.3333333333333333,0.0006191423162817955,5.757622420787811e-05,0.0008643930777907372,0.0009598676115274429,0.014037280343472958,0.0165425268933177,0.0025009792298078537,18,944,1,6,SAT_unsat_identifiable,1,boolean_factorization,exclude_x,exclude_x,0,752,3106,0,1,1,0,0,0,0,1,1,1,0,0,0.006459098309278488
4,50,10,100,2086640887,15,conj,glucose42,MT19937-RandomState,0.0005815858021378517,01000000000000000001010101000000001000011000000110101100000000000000010001110000000000100010001000100000000010010000101000100010000000010000100000100100000000110000100010000010000000000000100000100000000000100100001000010010010000011010000000100010000100000100000000000100010000000001001000000100000001000100001000011000000110100010100001000010000000001000011000000100000101000100101100000000000001000000000010110001000000000000010100000100000100010000010000000010010001000010000001110000000000100100,a8054e63c295ecdcc68f1d25dfa45742d707915ee99611625200bf565d9fa260,row_sparsity,row_sparsity|conj|2c5e43f84a|rng=MT19937-RandomState,,3,3,1,uniform,1;2;3,0.3333333333333333;0.3333333333333333;0.3333333333333333,0.0004889518022537231,5.605258047580719e-05,0.0007925340905785561,0.0009875427931547165,0.00383057352155447,0.006159916520118713,0.002325081266462803,16,920,1,6,SAT_unsat_identifiable,1,boolean_factorization,exclude_x,exclude_x,0,704,2785,0,1,1,0,0,0,0,1,1,1,0,0,0.006304517388343811
4,50,10,100,2086640887,16,conj,glucose42,MT19937-RandomState,0.0005527026951313019,10000011001001000100000010000010000001000001001000001000000001000101000000000100000011001001000001001000000000000110000110000000101010010000000000010100110100000001000000000000010000000100000010000000000000010000100001100001000000000000101000001000100100101000000000101000000000100001000000001000001010011000000000001000000001010000010001000001000001100000000001000100000100011000000000001000010100001010000001000010000100010000001000100010000000101100000001000110100000100000000010000000000110000001,725b8ea70a0076e9365722c38f11768151159d47c80aed9f6e6d3482a93f4286,row_sparsity,row_sparsity|conj|2c5e43f84a|rng=MT19937-RandomState,,3,3,1,uniform,1;2;3,0.3333333333333333;0.3333333333333333;0.3333333333333333,0.0005938922986388206,5.801301449537277e-05,0.0008651623502373695,0.0009764470160007477,0.008038337342441082,0.010536007583141327,0.0024935146793723106,18,936,1,6,SAT_unsat_identifiable,1,boolean_factorization,exclude_x,exclude_x,0,772,3128,0,1,1,0,0,0,0,1,1,1,0,0,0.006530300714075565
4,50,10,100,2086640887,17,conj,glucose42,MT19937-RandomState,0.0005697533488273621,01010000000000011100010010100001000000000000000010001000100000100000000010100010100000100000001000000100001100010000000001100000000001001100010000100001000000100011001000000010010000000010000010000000001010001000000010001000000000001010010000000000010111000000000101010011000000000001010000100000000000101000010001100000010011000010000010010000001110010000000001001000000000010010011000000000000100001000000000000100000000000000100000001010000000100000000010000100000000000001001000001001010000000010,b1337799a645b91f2ddff976924f7ab346055934fbdffeb537d07729d0338aff,row_sparsity,row_sparsity|conj|2c5e43f84a|rng=MT19937-RandomState,,3,3,1,uniform,1;2;3,0.3333333333333333;0.3333333333333333;0.3333333333333333,0.0005511520430445671,5.98616898059845e-05,0.0007548695430159569,0.0009667724370956421,0.004234771244227886,0.006571510806679726,0.0023326557129621506,15,920,1,6,SAT_unsat_identifiable,1,boolean_factorization,exclude_x,exclude_x,0,645,2586,0,1,1,0,0,0,0,1,1,1,0,0,0.006038266234099865
4,50,10,100,2086640887,18,conj,glucose42,MT19937-RandomState,0.000563494861125946,00000001000100000000000000000100000101000000100000000000001000100001010011000010000000001010001010001000000001101001000000001100000010000011000010010001000000000010000010100000100101000010100100100010000000000100000111000000000001001000011000000010100001100010000000100000010100000011000001100010100000001001000101001000010000001100011010001001001000000110001000100000000000100001010010001010100001000000010000001000000100001000000010000000000000100000000100000011000000000110000100100100000001100000,3d04ef6da48815e02467efe5dcbf1bf7ce70fb9fdd52ba5d075ed3fa50d93e76,row_sparsity,row_sparsity|conj|2c5e43f84a|rng=MT19937-RandomState,,3,3,1,uniform,1;2;3,0.3333333333333333;0.3333333333333333;0.3333333333333333,0.0005309386178851128,5.840416997671127e-05,0.0008325939998030663,0.0009901858866214752,0.00404066126793623,0.006457130424678326,0.0024121226742863655,17,892,1,6,SAT_unsat_identifiable,1,boolean_factorization,exclude_x,exclude_x,0,733,2951,0,1,1,0,0,0,0,1,1,1,0,0,0.00645791832357645
4,50,10,100,2086640887,19,conj,glucose42,MT19937-RandomState,0.0005611088126897812,00011100000000000110011000000000000100000100001000000000100000000000110000000010010000000000000010110001010010010000000010000000000010010000000001000010100001000100000000011000001000110000000000000001101000000001001000101000010100010000010010000000000001000000001101000010000101000110000010100010000000010000000001101000100000100000001010010000010010000000010000101010000110000010010100001000000100010110000000000000010010000100010000100000001010100010000000001000000110000000010000000010000000000010,3491ffc875afa069bc32165e0c2945b15860e263cc9d616cb4fa0e91ccf278d4,row_sparsity,row_sparsity|conj|2c5e43f84a|rng=MT19937-RandomState,,3,3,1,uniform,1;2;3,0.3333333333333333;0.3333333333333333;0.3333333333333333,0.0004888232797384262,5.889870226383209e-05,0.0007109092548489571,0.0009761359542608261,0.0038719642907381058,0.0061107659712433815,0.0022347671911120415,14,1000,1,6,SAT_unsat_identifiable,1,boolean_factorization,exclude_x,exclude_x,0,566,2365,0,1,1,0,0,0,0,1,1,1,0,0,0.006145731545984745
4,50,10,100,2086640887,20,conj,glucose42,MT19937-RandomState,0.000580374151468277,00000001010000001101000001000010000010000000100000000000010000001000000000010001000000100001000010000001001000000000000100100000000000000100100000000100001000001001100000001000010000100000000000110000010010100000000000010101100000010101000010100100000000100000010000100110001100000000010001000100001010000000010010000000000001000000100000010001100000100000100001001000000010100001000001000000000011000101000000000100001101000000000000011010000101000100010001010100000000000100100000010000000000000100,a316cf080dfc9b20798b6cbfbbe08713a636d49f06231df57ebaddee9bd2dd23,row_sparsity,row_sparsity|conj|2c5e43f84a|rng=MT19937-RandomState,,3,3,1,uniform,1;2;3,0.3333333333333333;0.3333333333333333;0.3333333333333333,0.0004785507917404175,5.560368299484253e-05,0.0007585892453789711,0.000979432836174965,0.003876105882227421,0.006152532063424587,0.002272176556289196,15,788,1,6,SAT_unsat_identifiable,1,boolean_factorization,exclude_x,exclude_x,0,645,2586,0,1,1,0,0,0,0,1,1,1,0,0,0.0059731993824243546
4,50,10,100,2086640887,21,conj,glucose42,MT19937-RandomState,0.0005628988146781921,01000000000000000010000100000010100001000000000100000000010010000010000000000011001000110000010001000101000000000011000001101000000010010000010000000110100000100111000000010100000001100000100110000000000100001100010000000110000000000000011100000000011000000000000000000100000010000101000000000100001000001100010010010010000000100000010101000010010100010001010001000001001000110000000100100100001000000010000000001000000000100001101000000000000101000001000000110001000001100100000100011000000000000101,3939d7567e64aad8bcc8d66fbe4d23ba505150ff59ca3e4b41795d871ec9e240,row_sparsity,row_sparsity|conj|2c5e43f84a|rng=MT19937-RandomState,,3,3,1,uniform,1;2;3,0.3333333333333333;0.3333333333333333;0.3333333333333333,0.0005619842559099197,5.3114257752895355e-05,0.0006775697693228722,0.0009794048964977264,0.0033326195552945137,0.005608447827398777,0.0022720731794834137,13,976,1,6,SAT_unsat_identifiable,1,boolean_factorization,exclude_x,exclude_x,0,527,2188,0,1,1,0,0,0,0,1,1,1,0,0,0.00591018982231617
4,50,10,100,2086640887,22,conj,glucose42,MT19937-RandomState,0.0005612233653664589,00000000100100000100000100000000001000000001000000110000001000100000001000010000000000001001000110000010000000100000000000001000001000000000000000101001000000000000001001010001000000010100010000100100110000000110001000000100000000000000110001000110000100000000000010110001000000000000001000001100010000000010011001001000010000100000001000001100100000000011000011000100000110100000100001000111010000000110000000000100000000000100100110010000000010100101100000010010001000000110010000000000010000100100,75d6ff018c2d5f89d7fad76f03672d0e5f39468a9bb8bd3907dbce3a2786cd50,row_sparsity,row_sparsity|conj|2c5e43f84a|rng=MT19937-RandomState,,3,3,1,uniform,1;2;3,0.3333333333333333;0.3333333333333333;0.3333333333333333,0.000590064562857151,5.699228495359421e-05,0.0008394597098231316,0.0009784707799553871,0.004240255802869797,0.006709111854434013,0.002464987337589264,17,957,1,6,SAT_unsat_identifiable,1,boolean_factorization,exclude_x,exclude_x,0,703,2918,0,1,1,0,0,0,0,1,1,1,0,0,0.006389888934791088
4,50,10,100,2086640887,23,conj,glucose42,MT19937-RandomState,0.0005677444860339165,00000001000000001001000100000010000000100111000000100110000000100001100000001011000000101001001001000000001000001000000001000010100000000001010100000000000001100001100100000000000100001001100000000010100000000001100000000001000000000110000000001000000000001000001000000000010001000010011000000000100010000100001000010010100000000100000010010001000000000100000001000010011000000001100000100001000000000001000010001100000001000000100001000001011000000001110000001000001010100000000010100000000011000001,c210da8762e37e54becbb0adf8db620c8d74ad41bc5a25d50182540e7888336e,row_sparsity,row_sparsity|conj|2c5e43f84a|rng=MT19937-RandomState,,3,3,1,uniform,1;2;3,0.3333333333333333;0.3333333333333333;0.3333333333333333,0.0004897760227322578,5.465373396873474e-05,0.0005984650924801826,0.0009747985750436783,0.0033565834164619446,0.005478071980178356,0.0021176934242248535,11,832,1,6,SAT_unsat_identifiable,1,boolean_factorization,exclude_x,exclude_x,0,449,1834,0,1,1,0,0,0,0,1,1,1,0,0,0.005469869822263718
4,50,10,100,2086640887,24,conj,glucose42,MT19937-RandomState,0.0005606859922409058,00010110000000000110000000000101010000000000001100100000101000010000000010010000000001000000100000100100010100100000000000000000100100010001000110000100000000100000000001000110001000000100000100010010010000000010100001000010000100000000001011000100000100010001000010001001000000100001000110000000010001000000000010001100110100000000000100101010000010000010000100000100000001000100000001000010000001000110100000001001100001000001000000011010001000001000000100010000000001000000010010000000000000000100,58744415ffb2eb861072dafc2b58b3f7aafa6cf0c148a35793440b0db8ace90f,row_sparsity,row_sparsity|conj|2c5e43f84a|rng=MT19937-RandomState,,3,3,1,uniform,1;2;3,0.3333333333333333;0.3333333333333333;0.3333333333333333,0.00058705173432827,5.8338046073913574e-05,0.0008720690384507179,0.0009702658280730247,0.005730687640607357,0.008222438395023346,0.002487724646925926,18,812,1,6,SAT_unsat_identifiable,1,boolean_factorization,exclude_x,exclude_x,0,782,3139,0,1,1,0,0,0,0,1,1,1,0,0,0.006217733025550842
4,50,10,100,2086640887,25,conj,glucose42,MT19937-RandomState,0.0005670534446835518,00010010100110000000010001000000101010000110100000000001001100000001000000000101000000110001000001100010010000000001000110000010000011000000000001001000001001001010000001001000000000000100110010110000000010000110000000000100000000101000000000000100001010000000010000000001000001000000011010001000000000000100100000001001000100000000100100001000000000100000000000110010000000011001010000010100001000000100001100001001000110000000000000100000000000010000000011000000010001000100001000100000000010100100,61fd8a5e8505e4b0a749c6398efe89365a9fe23a8b52f54e2601bc245bdb35fa,row_sparsity,row_sparsity|conj|2c5e43f84a|rng=MT19937-RandomState,,3,3,1,uniform,1;2;3,0.3333333333333333;0.3333333333333333;0.3333333333333333,0.0006096269935369492,6.2515027821064e-05,0.0009814118966460228,0.0009825769811868668,0.011085359379649162,0.013725628145039082,0.0026361308991909027,21,890,1,6,SAT_unsat_identifiable,1,boolean_factorization,exclude_x,exclude_x,0,909,3681,0,1,1,0,0,0,0,1,1,1,0,0,0.0067444127053022385
4,50,10,100,2086640887,26,conj,glucose42,MT19937-RandomState,0.0005697812885046005,00011000000010000101100100000001000100001000000000100000100000000001001000000000000000000110000000000010100001100110000010100000100010000010000010110001100000000001000000111000000000000001000000101010001000000000000000100010000000000000001000000000100010000000000010000001000000100010000000000100000100100000001000001000100010010010000100000100001000010100010000100000010000100000010000000000100011000000000011000000100010000100000000000010000000000100001101000000010000010010000100010000100001001010,adeed3823396d3e924a367c055ab5e2cccdb97ff99b3968f3b6a1eeb3e7efb71,row_sparsity,row_sparsity|conj|2c5e43f84a|rng=MT19937-RandomState,,3,3,1,uniform,1;2;3,0.3333333333333333;0.3333333333333333;0.3333333333333333,0.00047669466584920883,5.0663016736507416e-05,0.0,0.0,0.0,0.0005302662029862404,0.0005273576825857162,10,1024,1,4,identity_submatrix_identifiable,0,,,exclude_x,0,0,0,1,0,1,0,0,0,0,1,1,1,1,0,0.005527488887310028
4,50,10,100,2086640887,27,conj,glucose42,MT19937-RandomState,0.0005605826154351234,00101000000000000010010100100000010100000000010000110000000100000001001100000000000010000000000100010000011001000000010100010100100000100000000100001000100000000010010001010000100100100000000100010000000000001000000010000001010010100110000000000010000000010110000010001000100001100100000001000000100001100000000100010000000001000010010000100101000001001000000000000010110000010000010001001010000010010100110000110001000001010000011101000000010000100000010000011000000000000000001100000100010100010000,7dbbeda36074cd66bdc9da7937cd3ab7003dfb18517019c9b1c441744f3ee0c5,row_sparsity,row_sparsity|conj|2c5e43f84a|rng=MT19937-RandomState,,3,3,1,uniform,1;2;3,0.3333333333333333;0.3333333333333333;0.3333333333333333,0.0006119860336184502,6.250850856304169e-05,0.0010282285511493683,0.00098373182117939,0.00874153058975935,0.011432080529630184,0.00268645491451025,22,968,1,6,SAT_unsat_identifiable,1,boolean_factorization,exclude_x,exclude_x,0,928,3836,0,1,1,0,0,0,0,1,1,1,0,0,0.007130676880478859
4,50,10,100,2086640887,28,conj,glucose42,MT19937-RandomState,0.000577092170715332,11000000001110000000100000100000001110000000100000000001000100000001001010010000010000010010010001000010000000000000010010001000001110000000000000110110000000000010000101000010001100010000110000010000000100101000100000000001001010001000000010000000100010001000011000000001000100100000010010000100001000000100100100100001100100000100000000100001001001001001000001000011000100100001011000000000001001100100000001000010000100000101000000011010000010100000010000010000000101000000010000000001001000000000,02f81c4d024dabb18db16b9bb84afec558850f597b3ac6bf720a1bf390d6fe4d,row_sparsity,row_sparsity|conj|2c5e43f84a|rng=MT19937-RandomState,,3,3,1,uniform,1;2;3,0.3333333333333333;0.3333333333333333;0.3333333333333333,0.0006790868937969208,6.673112511634827e-05,0.0011421376839280128,0.0009837765246629715,0.0061698369681835175,0.009045912884175777,0.0028717322275042534,25,886,1,6,SAT_unsat_identifiable,1,boolean_factorization,exclude_x,exclude_x,0,1085,4411,0,1,1,0,0,0,0,1,1,1,0,0,0.007203948684036732
4,50,10,100,2086640887,29,conj,glucose42,MT19937-RandomState,0.0005660606548190117,00101000000000001100010000000000010000001000101000000010010000011100000000100000011000010001000100000000000100000001001100010000000000011001000110001010010000000010000110000001010101010000101000000000001000001101001000011000000100000100000000010011000000101010001000000000010000001000000000000010010001100000000010100000000000100100010000101000011000010000000110000010000000000010000000101010000001010001000001001000001000000010001000001100000001000111010000000100010000000001001000010000000010000000,d19193d00b79bf485438fcdcd3a1dc97dc3645cf48a1c16b3741d1a66ce68dab,row_sparsity,row_sparsity|conj|2c5e43f84a|rng=MT19937-RandomState,,3,3,1,uniform,1;2;3,0.3333333333333333;0.3333333333333333;0.3333333333333333,0.0006087170913815498,6.181839853525162e-05,0.0008683959022164345,0.0009698113426566124,0.004669549874961376,0.007182317785918713,0.0025087427347898483,18,970,1,6,SAT_unsat_identifiable,1,boolean_factorization,exclude_x,exclude_x,0,762,3117,0,1,1,0,0,0,0,1,1,1,0,0,0.006534432992339134
4,50,10,100,2086640887,30,conj,glucose42,MT19937-RandomState,0.0005283784121274948,10000110000000000010000001100011000010001000000000100000000010000001001000000101010101000000100100001000000000010000000000000101010001000010000000001000100011000011010000100100001001100000100001001000000000001000000001001000010000100010001000100000011010000000100100000100010010010100001000000001011000100001000000011000000011100010010000000000001001110000000100010010000000110001000000101000000010001001000010000010000010100010000001000000000000110000101100000000010011010000001100000000100000001010,23e8ed52604c4ffe79a4c7aa6d7ef20f1d4efca880e7a3bd57606d49a11fbab4,row_sparsity,row_sparsity|conj|2c5e43f84a|rng=MT19937-RandomState,,3,3,1,uniform,1;2;3,0.3333333333333333;0.3333333333333333;0.3333333333333333,0.0006959950551390648,6.57280907034874e-05,0.00109950453042984,0.00098392553627491,0.006296823732554913,0.009146428667008877,0.0028451532125473022,24,949,1,6,SAT_unsat_identifiable,1,boolean_factorization,exclude_x,exclude_x,0,1066,4256,0,1,1,0,0,0,0,1,1,1,0,0,0.007313733920454979
4,50,10,100,2086640887,31,conj,glucose42,MT19937-RandomState,0.0005650408565998077,00001000000000000010010000000001011000000000011000001100010011010000001000100010000010101000000100000000000110001010001001001000000100001001000110000001000000000010000000000000100000001101000100101000010100000100011000000000100000100100010000000001110100000010000001010000100001000101000000000000001001000001000100000011000100001010010000000100001000000010010000100010101100000000000000000101010000000100000101100010100001010010000000000100000100100000000000100100000001000100110000000010010000000111,2a2cec91c4009025ede6791de7ab106d5a8b529b402916ca40cfb5a7641256fb,row_sparsity,row_sparsity|conj|2c5e43f84a|rng=MT19937-RandomState,,3,3,1,uniform,1;2;3,0.3333333333333333;0.3333333333333333;0.3333333333333333,0.0006048427894711494,5.882047116756439e-05,0.0008308319374918938,0.0010059792548418045,0.004679827019572258,0.007188955321907997,0.002500474452972412,17,932,1,6,SAT_unsat_identifiable,1,boolean_factorization,exclude_x,exclude_x,0,713,2929,0,1,1,0,0,0,0,1,1,1,0,0,0.006398594938218594
4,50,10,100,2086640887,32,conj,glucose42,MT19937-RandomState,0.0005649421364068985,00101010000001000001000100000000110000000000100000000100000000000000010100100100010001000100100000000000000101000000001110000101000000000010100101000000011000000000010100000100000100010010100110000100000010001100000100010010100000000000100000100000000010000000100011000000000000110000100010001000001100101000010010001100000010000000010010101000010010100100000000000001000000110000000010100000100000001000010000100000110000000001000110010000000000000110100000011000010010000010110000000000101000000001,4be423d49919bd81128922d4806fe011bec677574a99984c4d201c6ec81e310f,row_sparsity,row_sparsity|conj|2c5e43f84a|rng=MT19937-RandomState,,3,3,1,uniform,1;2;3,0.3333333333333333;0.3333333333333333;0.3333333333333333,0.000573926605284214,5.934759974479675e-05,0.0008704904466867447,0.0009615281596779823,0.00455606821924448,0.007025490514934063,0.002465292811393738,18,770,1,6,SAT_unsat_identifiable,1,boolean_factorization,exclude_x,exclude_x,0,782,3139,0,1,1,0,0,0,0,1,1,1,0,0,0.00620060320943594
4,50,10,100,2086640887,33,conj,glucose42,MT19937-RandomState,0.0005762027576565742,00101000000001100010010000000000010000010010010100000000001100100000000100010000000000010000000000100001000000000111000010000000010000100000000010000000000110000000010100000100001110000101001000000011001000000010010000001010001000100000000001000100000001000100010001000001001010000000110100000001000110001000000001010001000000000100000001100001001000000000100000100100100100010010100001000100110000000000100000100100001000000001100001001100000000100000000000010000010000001000001000101010000001000000,4bf00804d3a725d96ffc628d7de2633df36aa45020043a828bcf295e140dfad9,row_sparsity,row_sparsity|conj|2c5e43f84a|rng=MT19937-RandomState,,3,3,1,uniform,1;2;3,0.3333333333333333;0.3333333333333333;0.3333333333333333,0.0005296375602483749,5.1538459956645966e-05,0.0,0.0,0.0,0.0005841776728630066,0.0005811760202050209,10,1024,1,4,identity_submatrix_identifiable,0,,,exclude_x,0,0,0,1,0,1,0,0,0,0,1,1,1,1,0,0.005474581383168697
4,50,10,100,2086640887,34,conj,glucose42,MT19937-RandomState,0.0005691144615411758,00000000101000101000000000001100001100000000100000100000001000000001000010000000010000100010000000001000000000001000000000001001000001000010010000000000000100000010001010000000101000001110000100100001010000000100000000100101100000100101000000000001000001000000000000001110000001000010000100001011000010000000001000010001100000000000110100000000000001001100010000010000100000000001000011000001010010000001001001000000000100101000010010010000000100100000000010000000100000100000000000100000000001000100,3d2c6b3839fb09d4a24cec6b7aea143537706a1ba1a9e44de21937df904920e2,row_sparsity,row_sparsity|conj|2c5e43f84a|rng=MT19937-RandomState,,3,3,1,uniform,1;2;3,0.3333333333333333;0.3333333333333333;0.3333333333333333,0.00046911556273698807,5.454756319522858e-05,0.0,0.0,0.0,0.0005265073850750923,0.0005236631259322166,10,1024,1,4,identity_submatrix_identifiable,0,,,exclude_x,0,0,0,1,0,1,0,0,0,0,1,1,1,1,0,0.005461567081511021
4,50,10,100,2086640887,35,conj,glucose42,MT19937-RandomState,0.0005729561671614647,01011000000000010100001000010000100010000010110000000000000100001001000100001001000000011000010100000100001010010000001100100100010001100000100000000001001010000010000101000110100000010100000000001100000000100000001100000101001000010001000000000010011000000000010000000000000000100110000000010100000000000001010010100000000100000100101001000000100000000000100000001001000000000100110100000000000100000000100000000000100000000000100000100101000101001000100100010000100100000100000011000010000000110010,c119dee5e7ad7a94c579faa3f4bda841db21229cefebc0339b81e0b4a1451792,row_sparsity,row_sparsity|conj|2c5e43f84a|rng=MT19937-RandomState,,3,3,1,uniform,1;2;3,0.3333333333333333;0.3333333333333333;0.3333333333333333,0.0005433326587080956,5.3806230425834656e-05,0.0007132710888981819,0.0009629325941205025,0.0038327686488628387,0.0061100684106349945,0.0022733425721526146,14,1000,1,6,SAT_unsat_identifiable,1,boolean_factorization,exclude_x,exclude_x,0,566,2365,0,1,1,0,0,0,0,1,1,1,0,0,0.006036608479917049
4,50,10,100,2086640887,36,conj,glucose42,MT19937-RandomState,0.0005657738074660301,00000001100010000000000001000101000000100001001100010000010000000010000000011000000010100000001000000000000001000010010000000000010000000010001010000000100000101000000010000001000000100100101001000001110000000100010000000010000000001001000000101000010000001000001000001001001100000011000001011000000000000001100001000000000100000000000100001000000000000000110100001001100000001000000000000100000001000101000001100000010010000000000010000000000100000010000001010000000001100000011000000110010000100011,8f323937601090306f30564e06aa03a787c9550474fc24c553c05fa277321d0d,row_sparsity,row_sparsity|conj|2c5e43f84a|rng=MT19937-RandomState,,3,3,1,uniform,1;2;3,0.3333333333333333;0.3333333333333333;0.3333333333333333,0.0004902184009552002,5.621742457151413e-05,0.0007550669834017754,0.0009698430076241493,0.0036132121458649635,0.005888543091714382,0.002271345816552639,15,994,1,6,SAT_unsat_identifiable,1,boolean_factorization,exclude_x,exclude_x,0,625,2564,0,1,1,0,0,0,0,1,1,1,0,0,0.006211725063621998
4,50,10,100,2086640887,37,conj,glucose42,MT19937-RandomState,0.0005606012418866158,00100000010000000001000000010010011000001000000010010000000000100000000000001000010000001001000010000000110001000010100000010001000100010000001010100001000000000101000000010101000000000001100010000001100011000010001000000010000000001010010000000110101100000100000000100010000010001000000100000011100000000001001000000000000010000100000000010000000010010001100000000100000000001000000001001000000001000001000000101000000010000011000011000001000001000010001000100000010010010001000001001100000100000000,9a530512cb286a0a8763bf141e997b747955f15d46790b8d97850ae45d16fd42,row_sparsity,row_sparsity|conj|2c5e43f84a|rng=MT19937-RandomState,,3,3,1,uniform,1;2;3,0.3333333333333333;0.3333333333333333;0.3333333333333333,0.000559195876121521,5.4790638387203217e-05,0.0007176483049988747,0.0009665712714195251,0.004166249185800552,0.006468276493251324,0.002298206090927124,14,988,1,6,SAT_unsat_identifiable,1,boolean_factorization,exclude_x,exclude_x,0,576,2376,0,1,1,0,0,0,0,1,1,1,0,0,0.0061084069311618805
4,50,10,100,2086640887,38,conj,glucose42,MT19937-RandomState,0.0005670357495546341,01000000000000000100100010000000101100000010000010100100000000100000010000100000000010000110001000010100000000000000010000000001110101000000000001110010001001000000000001000100001010000000000000000001100101000010000000001100000000010101000000100100001000000100010101000000000001000000000100000100000000000010000000110010000000000100010100010101000000001000000000000001000100001010010000000100000001110100110000000100001010001000000000100000001001001000000011010001010000000000010010000000110010000100,d78cf4b3252043a2417c61c5af514ac358adb0431819dd97f512c50755dcfdd8,row_sparsity,row_sparsity|conj|2c5e43f84a|rng=MT19937-RandomState,,3,3,1,uniform,1;2;3,0.3333333333333333;0.3333333333333333;0.3333333333333333,0.0005634436383843422,5.77438622713089e-05,0.0008720876649022102,0.0009713992476463318,0.005921551957726479,0.008390387520194054,0.002464674413204193,18,932,1,6,SAT_unsat_identifiable,1,boolean_factorization,exclude_x,exclude_x,0,782,3139,0,1,1,0,0,0,0,1,1,1,0,0,0.006396855227649212
4,50,10,100,2086640887,39,conj,glucose42,MT19937-RandomState,0.0005696499720215797,00001000100000010000000000000100000100101000010000000010000000000101000000000011000001001000000000100000001010000001110000100010000011100000001100000100001010100010000010001001000110001000000000010100100000010010010100000010000110000000000110000000001000010000100000000000010000010001001100000001011000010000001100010000110000100000010000000010100000000100000001101000000011000001010000000000100000100000001000010001000001000110000010000010000000010000000100000001000000010100000000010001001000101000,2fa72b35c7ac8c1e461cee6f515160e946d43933b4cbf86c5a23cf015ded2197,row_sparsity,row_sparsity|conj|2c5e43f84a|rng=MT19937-RandomState,,3,3,1,uniform,1;2;3,0.3333333333333333;0.3333333333333333;0.3333333333333333,0.0005324287340044975,5.478598177433014e-05,0.0007154596969485283,0.0009788936004042625,0.0036729639396071434,0.005958570167422295,0.0022815680131316185,14,984,1,6,SAT_unsat_identifiable,1,boolean_factorization,exclude_x,exclude_x,0,576,2376,0,1,1,0,0,0,0,1,1,1,0,0,0.00599199254065752
4,50,10,100,2086640887,40,conj,glucose42,MT19937-RandomState,0.0005922410637140274,00010000000000000010000001000000001000001010010000000000101100100001010000000001110000000000000000101000000000000110000100100100100000001000000010000000001010100010000000000111000010100001001100000100100100000000000000100110000000000000010100010010000000000001001000010000000001010000001000111000000000001000001000000000000001100110100000000010100000010010000101010001000000010101000000010110000100000000100100100001010001100000100100000101010001000110000100000010000000100100001001000000010010000000,0110debe6fa8ac3ff889507a6cda9d2939557dcc306d963e3b93d54f8ddcc916,row_sparsity,row_sparsity|conj|2c5e43f84a|rng=MT19937-RandomState,,3,3,1,uniform,1;2;3,0.3333333333333333;0.3333333333333333;0.3333333333333333,0.0005674948915839195,5.861744284629822e-05,0.0008369134739041328,0.0009887320920825005,0.004525396041572094,0.006981559097766876,0.002451757900416851,17,952,1,6,SAT_unsat_identifiable,1,boolean_factorization,exclude_x,exclude_x,0,713,2929,0,1,1,0,0,0,0,1,1,1,0,0,0.006429086439311504
4,50,10,100,2086640887,41,conj,glucose42,MT19937-RandomState,0.0005682883784174919,01010000000100100000000000001010010000100100110000000001000100000111000100000000100000000000100110000100000010001000000000010000000000000001000000011000000001010100010000010000100000001010000000000100010100001001100100001010000000000110100010100000100010001001100000000000111000000100000000000010000001010100000011000100000100000100100010000001010010000000001000000001000010010000000000010000010100010000010100001000100000000001010010000000000110000101000100100101001000010000001000001100010100000000,fe8579cc7e77eb610d6d9534c95756454f680d48a7c00b1924c4015d8ac80bbe,row_sparsity,row_sparsity|conj|2c5e43f84a|rng=MT19937-RandomState,,3,3,1,uniform,1;2;3,0.3333333333333333;0.3333333333333333;0.3333333333333333,0.0006258301436901093,5.6548044085502625e-05,0.0008361423388123512,0.0009665302932262421,0.009628660045564175,0.012117758393287659,0.002485050819814205,17,958,1,6,SAT_unsat_identifiable,1,boolean_factorization,exclude_x,exclude_x,0,703,2918,0,1,1,0,0,0,0,1,1,1,0,0,0.006302223540842533
4,50,10,100,2086640887,42,conj,glucose42,MT19937-RandomState,0.0005661435425281525,00011000000000000100101000010010100000000011000001100010000000001000010000000001010100100000000000100010001010010100000000000010101000000010000010110000000010110000011001010000001001011000000001000000000010100000000011100000100100000010000000001101000010001010010000100000000100010101000000010000001010001000100000000001010000000000000011010001000001100000001000001000001000000010000100001000010010000000110100000000101100000000100000011100000010000000010000001000000000000001100100000110100000010000,b18c89ac716e3778b93f1fa59f216653a4f489bce80090f539e22c22a21e3bbd,row_sparsity,row_sparsity|conj|2c5e43f84a|rng=MT19937-RandomState,,3,3,1,uniform,1;2;3,0.3333333333333333;0.3333333333333333;0.3333333333333333,0.0005801795050501823,6.34603202342987e-05,0.0008709859102964401,0.0009746532887220383,0.00977831520140171,0.01227208599448204,0.0024892790243029594,18,868,1,6,SAT_unsat_identifiable,1,boolean_factorization,exclude_x,exclude_x,0,772,3128,0,1,1,0,0,0,0,1,1,1,0,0,0.006226367317140102
4,50,10,100,2086640887,43,conj,glucose42,MT19937-RandomState,0.0005649384111166,00101100000000110000000001100000000100000010000000000001100100010101000010000100010001000010001010000010000000010000000000000011010010000000000000100010011000000011000001010100100000100000000000110000010000010110000000101000100100000000010100100010000110001000000000000101010000000100000101110000000110000001001001000010000010110000000011001010001000100000101010000000000001010000001000000001010100001000000000000000001000010101000000000111010000000010000000000001000100010010001000001000000000000110,1a211837d61f6dd19ea449a3828b07b4fdc85534190d4e5144691faa4788b350,row_sparsity,row_sparsity|conj|2c5e43f84a|rng=MT19937-RandomState,,3,3,1,uniform,1;2;3,0.3333333333333333;0.3333333333333333;0.3333333333333333,0.0006438903510570526,6.212014704942703e-05,0.0009122835472226143,0.0009622042998671532,0.004766733385622501,0.007351431995630264,0.002580498345196247,19,986,1,6,SAT_unsat_identifiable,1,boolean_factorization,exclude_x,exclude_x,0,791,3283,0,1,1,0,0,0,0,1,1,1,0,0,0.0067836446687579155
4,50,10,100,2086640887,44,conj,glucose42,MT19937-RandomState,0.0005644224584102631,00000011100001010010001000001000100010000001000011000000100000000110000110000001000000001000001000000100100010000000001000000001110110000001000000100001000110000000001000000001000000001100000101000000000011010000010000000000010100000000001100110000001000000011000000010000100100000010001000001000000000100100000000000010000101000000100000001000001000011000000000000101010101000100001000001000100010011000000100100000000000001000100001000000010010100000010010100100000011000101000010000000000100000000,1db181e3a3bdeef167197022cb99bc43d38ff59d09ebef0b2bb97367b9084b0b,row_sparsity,row_sparsity|conj|2c5e43f84a|rng=MT19937-RandomState,,3,3,1,uniform,1;2;3,0.3333333333333333;0.3333333333333333;0.3333333333333333,0.0005310550332069397,5.1812268793582916e-05,0.0006723105907440186,0.0009730886667966843,0.005165678448975086,0.007397687993943691,0.0022282665595412254,13,904,1,6,SAT_unsat_identifiable,1,boolean_factorization,exclude_x,exclude_x,0,547,2210,0,1,1,0,0,0,0,1,1,1,0,0,0.005849506705999374
4,50,10,100,2086640887,45,conj,glucose42,MT19937-RandomState,0.0005627637729048729,00100000001000000000010010000001001000100001001000100000000000000010000000000001100000100001001100000001101000010000000000010000000000000011000000110000100010001000000110000000101001000000011011000000001010000100100100000000000100000000011100000100010100001000010001000000110000010000000101100000000100100001000010000001001010000100001000000000100000000010000000000101010000100001000010100000000100000001100001000000000101000000101000000000000000100000000000100001001001000000011100000110010011000001,562c79d0c9b08431b4ea3488b128956a208e7106cd915b6941869e66250ee13b,row_sparsity,row_sparsity|conj|2c5e43f84a|rng=MT19937-RandomState,,3,3,1,uniform,1;2;3,0.3333333333333333;0.3333333333333333;0.3333333333333333,0.0005087219178676605,5.049910396337509e-05,0.0,0.0,0.0,0.000562027096748352,0.0005592210218310356,10,1024,1,4,identity_submatrix_identifiable,0,,,exclude_x,0,0,0,1,0,1,0,0,0,0,1,1,1,1,0,0.005502921529114246
4,50,10,100,2086640887,46,conj,glucose42,MT19937-RandomState,0.0005674855783581734,10000000000000100100000100000000010000000010000001000000000101100000000000000001000000100011000010000010000000000101000111000000001100000001000100010100000001000001000000000000100000000001000000001010010000000000010110000100001010000010001000011000000010000010000001010001000000010000011100010000000000100100000000000101000000000100011100001000000001111000000010000100001000000100100011000010000000000000000010101001000001000000000000001000000101001000001000001001000001000101010000000101000000000100,d19e932a369a6e46ae9ecc819247ed20a2101834e9e7dbf97132dbf7762500ee,row_sparsity,row_sparsity|conj|2c5e43f84a|rng=MT19937-RandomState,,3,3,1,uniform,1;2;3,0.3333333333333333;0.3333333333333333;0.3333333333333333,0.0005714129656553268,6.107985973358154e-05,0.000787888653576374,0.000977126881480217,0.0036980491131544113,0.006099620833992958,0.0023975083604454994,16,990,1,6,SAT_unsat_identifiable,1,boolean_factorization,exclude_x,exclude_x,0,674,2752,0,1,1,0,0,0,0,1,1,1,0,0,0.006295417435467243
4,50,10,100,2086640887,47,conj,glucose42,MT19937-RandomState,0.0005622245371341705,00000001000000000100000000011000001000000000001000100000000000000011100000100110000000001000011010001000100100100000001100000000011000000000000101000000100000000000100100000101100000000000100000000001010000000100001100100000000001101000000000000010101000100100100001000000000010000000001010000001101010000100001100000010001100001001000000000000100000000000101101001000010000000100001000010101000001000100100001100000100100000010101000000100000001010001000110000001000000000000100010000100000001000000,2183d62b2b1d25713aede039810e4cf70eac52816cf799778ae2f33ce9857738,row_sparsity,row_sparsity|conj|2c5e43f84a|rng=MT19937-RandomState,,3,3,1,uniform,1;2;3,0.3333333333333333;0.3333333333333333;0.3333333333333333,0.0005056839436292648,5.557015538215637e-05,0.0007501179352402687,0.0009787511080503464,0.0040933722630143166,0.006387438625097275,0.0022901231423020363,15,992,1,6,SAT_unsat_identifiable,1,boolean_factorization,exclude_x,exclude_x,0,625,2564,0,1,1,0,0,0,0,1,1,1,0,0,0.006196150556206703
4,50,10,100,2086640887,48,conj,glucose42,MT19937-RandomState,0.0005787685513496399,00000001010000010000000010011000100101000000001100000100100001000010100010000000100001001000001001000101000000100001000110010000000010000010000000100010010001000010000000001000001000000010100110000000000010000000000100001000000010000010010001000010000000101000100000000101100000000010001001100000000001010000000000010000010000000010000100000001100010001001010000000000100000100000000001001000100010000100000000110000000100000011000100010001001000001000010000000010000000001001100010010001000000010110,fea04d9ec4c5bb34a3f5665b09817ec5b9ba46c0fea4030b04b0ad4ec76dfd30,row_sparsity,row_sparsity|conj|2c5e43f84a|rng=MT19937-RandomState,,3,3,1,uniform,1;2;3,0.3333333333333333;0.3333333333333333;0.3333333333333333,0.0005544843152165413,5.7087279856204987e-05,0.0008369777351617813,0.00097657460719347,0.004731201566755772,0.007160313427448273,0.0024251239374279976,17,922,1,6,SAT_unsat_identifiable,1,boolean_factorization,exclude_x,exclude_x,0,733,2951,0,1,1,0,0,0,0,1,1,1,0,0,0.0063779642805457115
4,50,10,100,2086640887,49,conj,glucose42,MT19937-RandomState,0.0005684476345777512,00000000100000100000001010000000010100000011000010000000110000100010000000001100000010001001100000000011100000000001000100000001100001001001000100011010000100100000010010001000110000000100000001010000100001010001000000000000100000001000100010000100010010001000000100000100000010000001000101001001100001000001000001000000000100010000000000110010100100100000000000001010001010000001000100000100000100000000010000100110000011010000000000000010001000010000000010000011000000000011000000000101000011000100,66bc2580b38de50c2502f41be370d2744e38990f8e54cf7eaa798b98331f936c,row_sparsity,row_sparsity|conj|2c5e43f84a|rng=MT19937-RandomState,,3,3,1,uniform,1;2;3,0.3333333333333333;0.3333333333333333;0.3333333333333333,0.0006700744852423668,6.185099482536316e-05,0.000984848476946354,0.0009684497490525246,0.008261446841061115,0.01095083262771368,0.0026852237060666084,21,961,1,6,SAT_unsat_identifiable,1,boolean_factorization,exclude_x,exclude_x,0,859,3626,0,1,1,0,0,0,0,1,1,1,0,0,0.0068903593346476555
4,50,10,100,2086640887,50,conj,glucose42,MT19937-RandomState,0.0005195289850234985,00100101000100010010011000000101100000000000010010010110000000101000000010100010100000000010000001000010000000000001001010010000100000010100010000000100001010000100000011010000000000000000100010010001000010000000011010000100000000000000001000000010110000001110001000000000010000001100000100010101000010000000001001001000000000010001100100000001000000100100000001101000000100000000001010010000011000000101000000000000000100000010000001000101001101000000000000010000000100100101000000000010001000100000,8b6151b620d9b9e0eb104423c66aab71561d1564d87c830cd7fd4794d2fe0218,row_sparsity,row_sparsity|conj|2c5e43f84a|rng=MT19937-RandomState,,3,3,1,uniform,1;2;3,0.3333333333333333;0.3333333333333333;0.3333333333333333,0.0005973754450678825,5.674082785844803e-05,0.0007949909195303917,0.0009795865043997765,0.004357648082077503,0.006790631450712681,0.0024286936968564987,16,976,1,6,SAT_unsat_identifiable,1,boolean_factorization,exclude_x,exclude_x,0,684,2763,0,1,1,0,0,0,0,1,1,1,0,0,0.006312921643257141
4,50,10,100,2086640887,51,conj,glucose42,MT19937-RandomState,0.0005633104592561722,10000000110001000000100011000000000001000000010001100000000000000001100100000100000100110001100000000000100010000000000110100000000010010100001000100000000100010000010000000000011100100001100001110000010000100000000111000000100000110100000000011000000000100000010000100010000001000101000000010110000000010000010010001000010000100010000000010101000000000011000110000100000001000000000001000100001000000000000011001100000000100000100000100001001000000000100000010010000001000010000000000000010000100000,37982146857a2ae825b4b5834c1dbd4216d86ed3d00e2962bc0243924a5c47c4,row_sparsity,row_sparsity|conj|2c5e43f84a|rng=MT19937-RandomState,,3,3,1,uniform,1;2;3,0.3333333333333333;0.3333333333333333;0.3333333333333333,0.0005884086713194847,5.813036113977432e-05,0.0008709393441677094,0.000975937582552433,0.005833129398524761,0.008330647833645344,0.0024934159591794014,18,892,1,6,SAT_unsat_identifiable,1,boolean_factorization,exclude_x,exclude_x,0,752,3106,0,1,1,0,0,0,0,1,1,1,0,0,0.006381030194461346
4,50,10,100,2086640887,52,conj,glucose42,MT19937-RandomState,0.0005723787471652031,00000000101000000000001000000000110000000000000001000100100000001000000000001000100010100010011000000100000000001000000001000010000000000001010000000000110000010101000000000011000001000110000101001000100001001000001000000100101000000001010000100000000000000010001100000110000000101000100000000010100000001010100000011001000100010100100101000000000001000000100000000101000000100000101000010001010010000110001000000101100000010110001010000100000001000000010000100110000010100100010000001000100001000000,fc6aec9b9256400661fdce2f38cb28d77e1a4305511c691d7717f7e35ddc8ca8,row_sparsity,row_sparsity|conj|2c5e43f84a|rng=MT19937-RandomState,,3,3,1,uniform,1;2;3,0.3333333333333333;0.3333333333333333;0.3333333333333333,0.0004982324317097664,5.300622433423996e-05,0.0006804168224334717,0.000977485440671444,0.0033788997679948807,0.005592143163084984,0.002209140919148922,13,896,1,6,SAT_unsat_identifiable,1,boolean_factorization,exclude_x,exclude_x,0,547,2210,0,1,1,0,0,0,0,1,1,1,0,0,0.0058260345831513405
4,50,10,100,2086640887,53,conj,glucose42,MT19937-RandomState,0.0005648443475365639,00001000000000010000101100000010000000000000000010100000000110100000010100001000101010000001000001100000001010001100100001100100000001000100010010000100000001100010010000000010110000010010000001000000000000000100000100010000001000010100000100000110100010000100100000000001000000100010010000100000101000000010000000000100000001100100000000010010000001010001000000010000000000000001000000101010000000101000000000000010010100000000010010000000001000001000010100001000000000010000000001100000100000011100,a640f49fd98f7225770c37ecbe966ab1615fd2986154a949440d4df2f5f33498,row_sparsity,row_sparsity|conj|2c5e43f84a|rng=MT19937-RandomState,,3,3,1,uniform,1;2;3,0.3333333333333333;0.3333333333333333;0.3333333333333333,0.0005164789035916328,5.043391138315201e-05,0.0,0.0,0.0,0.0005698259919881821,0.0005669128149747849,10,1024,1,4,identity_submatrix_identifiable,0,,,exclude_x,0,0,0,1,0,1,0,0,0,0,1,1,1,1,0,0.005505691282451153
4,50,10,100,2086640887,54,conj,glucose42,MT19937-RandomState,0.0005667908117175102,00000000110000000010010000000110000010010100000000010001000001101000000101001000000001110000010100001000000000001000001010000000011000010010001000000100000010000000101000000110000010000000101000000010000000101001001000101100001000010010100010000000001000000000001001000000100001101001000010000001000000100000000001000000010001000001000001101000000000000001100000100000000000010000000010000001001000010000010000000000000100000000011000000000001000101000000010100000001100000001100110000000000000010011,ead4c31ac8cd3250a221d68454a61f61d5a1e9956038c3dfc192757f72736d1f,row_sparsity,row_sparsity|conj|2c5e43f84a|rng=MT19937-RandomState,,3,3,1,uniform,1;2;3,0.3333333333333333;0.3333333333333333;0.3333333333333333,0.0005146292969584465,6.152316927909851e-05,0.0006395876407623291,0.0009719319641590118,0.0034884046763181686,0.005680062808096409,0.002187672071158886,12,864,1,6,SAT_unsat_identifiable,1,boolean_factorization,exclude_x,exclude_x,0,498,2022,0,1,1,0,0,0,0,1,1,1,0,0,0.005607577972114086
4,50,10,100,2086640887,55,conj,glucose42,MT19937-RandomState,0.0005629947409033775,00100000000000110100000101100000010000100010100000000000010100001101000010100000100000001000110000000100101000000001110010010001000010000000000000110000001000000010000000000010000000000100000000101000110000000001001000000000010000100100010000000010100000001000100000000010100000100101000000010000000000000100101000000000101010000001100000000100000000001101000001001000001000000000001011000000100011000000010100010000000001000000000110100000100001000010001001000100000000001000000010000100010000100100,3718d9f34fb0fad7f23262ab1661b7ef4ba7a918479a9a3aa12b3db875587b1c,row_sparsity,row_sparsity|conj|2c5e43f84a|rng=MT19937-RandomState,,3,3,1,uniform,1;2;3,0.3333333333333333;0.3333333333333333;0.3333333333333333,0.0005803247913718224,6.00004568696022e-05,0.0009122472256422043,0.0009838351979851723,0.00867211539298296,0.01121249608695507,0.002536407671868801,19,763,1,6,SAT_unsat_identifiable,1,boolean_factorization,exclude_x,exclude_x,0,811,3305,0,1,1,0,0,0,0,1,1,1,0,0,0.006214252673089504
4,50,10,100,2086640887,56,conj,glucose42,MT19937-RandomState,0.0005628019571304321,01000010100100000000000001000000100000001001000010000001010001001000010010000101000001011001000100001100010000000000010000000011000010000100000000010000010000110010000000010001000101100000000000010000000010110010000100000001000001000000011000000000011001000001000000011110000000010001000000000000010100000000010010000000000000001001000100000000001010100000110001100000011000001100000010010000000000100001000110000100101001000000000010000010001000000100010000101110000000010000001100100011000000000101,2a3690cfbfc26f31bf32f0eea4f5a2e7d72da1e47f1bc8e01ec8e9877b33217f,row_sparsity,row_sparsity|conj|2c5e43f84a|rng=MT19937-RandomState,,3,3,1,uniform,1;2;3,0.3333333333333333;0.3333333333333333;0.3333333333333333,0.0005544116720557213,5.677994340658188e-05,0.0008191140368580818,0.0009718229994177818,0.00462873000651598,0.007034841924905777,0.002402128651738167,16,722,1,6,SAT_unsat_identifiable,1,boolean_factorization,exclude_x,exclude_x,0,694,2774,0,1,1,0,0,0,0,1,1,1,0,0,0.005789721384644508
4,50,10,100,2086640887,57,conj,glucose42,MT19937-RandomState,0.0005643405020236969,00110000000000001011101001000010010000001000000000010010000100000000101010000100010000000100010001100000100010010000101010100000000001010000000010000000000000100000100001010000110010000000000100010000000010000000100000001000010010000100010100001000010100000011001000000000000001000000000110000010000000011010001100000000101001000000001001010000100000000000100011000000000010000000000010100000000010010000001100000101000000010001000000000010000100001000100000000000100001000010000000100110000000000100,214edb1c4b83ee17d1eaa83221ef76294f316713aa62c5df47e3cf032bcbd09a,row_sparsity,row_sparsity|conj|2c5e43f84a|rng=MT19937-RandomState,,3,3,1,uniform,1;2;3,0.3333333333333333;0.3333333333333333;0.3333333333333333,0.0005430923774838448,6.373412907123566e-05,0.0010966071859002113,0.0009830184280872345,0.007286236621439457,0.0099770063534379,0.0026864521205425262,23,874,1,6,SAT_unsat_identifiable,1,boolean_factorization,exclude_x,exclude_x,0,1007,4057,0,1,1,0,0,0,0,1,1,1,0,0,0.006966582499444485
4,50,10,100,2086640887,58,conj,glucose42,MT19937-RandomState,0.0005579004064202309,00010000100000010001010000011010010001000110100000000100110000110000000100000010000100010000000110000100001000000000000100000110101000010010101000000000000001000100000000000100001001010010000001001100000100000011000010000100001000100000000000000000101010001000100010000100000010010000001000001001100010100000100000000001000000100101000011000101000000010000110000000000100000011001101000001010000000000000110000000000100100010011000001010000000000010001100000001000000000000000001001000100000000010000,4a2a353a6aaea2c6b9f6a734288790423334967358561c6c0ec64bae3fbcd0b7,row_sparsity,row_sparsity|conj|2c5e43f84a|rng=MT19937-RandomState,,3,3,1,uniform,1;2;3,0.3333333333333333;0.3333333333333333;0.3333333333333333,0.0005139950662851334,5.55356964468956e-05,0.0007579177618026733,0.0009695114567875862,0.004540250636637211,0.006841251626610756,0.0022969599813222885,15,848,1,6,SAT_unsat_identifiable,1,boolean_factorization,exclude_x,exclude_x,0,635,2575,0,1,1,0,0,0,0,1,1,1,0,0,0.005947817116975784
4,50,10,100,2086640887,59,conj,glucose42,MT19937-RandomState,0.0005696024745702744,00100000110000000001000100010100001100010100000000000000100000000101000000001001000000001100001101000000000100000000010010110000000100000001001100000010010010000000001000000001100001000110001000000000100000010000000100000000110000000000010000010000000000100001000000000110000000000010000000110000000010000000010001110000010000000000110001000100010001000000000100010000100000001000010000010000001000000000101010100000000100000001000000000001100000010010000000000011000000010010100001001000100000001000,297a583633640d4c491d74885add16908b0bbb1a62ddadfd89fe818c47da12bb,row_sparsity,row_sparsity|conj|2c5e43f84a|rng=MT19937-RandomState,,3,3,1,uniform,1;2;3,0.3333333333333333;0.3333333333333333;0.3333333333333333,0.0005000876262784004,5.670171231031418e-05,0.0006750496104359627,0.0009758844971656799,0.004230618476867676,0.006442278623580933,0.002207723446190357,13,944,1,6,SAT_unsat_identifiable,1,boolean_factorization,exclude_x,exclude_x,0,537,2199,0,1,1,0,0,0,0,1,1,1,0,0,0.0058063482865691185
4,50,10,100,2086640887,60,conj,glucose42,MT19937-RandomState,0.000510016456246376,00101010000001001000000000110001001000100000010011001000000000000001100000010000001000000101000000001000000001001000011000000010000100000011001010000100101100000000101100000000001000010000001110000000100101000000001001100000001101101000000100100000110101000001101000100010001000100000000100000001001000100010000011000010000100000101010000000100000000010010000011000000001000100010000000000100001010010010011000000000000100010100010001000101001000000000011010000110100000001010001001000100000000000001,3c4029d77afe83ea5059663d5029afd8516b301b1c414dc72e9be08ec4833787,row_sparsity,row_sparsity|conj|2c5e43f84a|rng=MT19937-RandomState,,3,3,1,uniform,1;2;3,0.3333333333333333;0.3333333333333333;0.3333333333333333,0.0007043974474072456,6.55539333820343e-05,0.0010288702324032784,0.0009695561602711678,0.005238669924438,0.00801131036132574,0.002768377773463726,22,928,1,6,SAT_unsat_identifiable,1,boolean_factorization,exclude_x,exclude_x,0,988,3902,0,1,1,0,0,0,0,1,1,1,0,0,0.006995205767452717
4,50,10,100,2086640887,61,conj,glucose42,MT19937-RandomState,0.0005578026175498962,00101010000000010011001000001100000001000000100000001010000000001000000010000000010010100010000000000001000010100100000000000010100010001000010010010000100000100100001000000000000100001000001000001000000110010000010000000001010010100000000000000100100000000100000001100000000000100001000010010000000010000001000011000001000100000000010010000000000011001000100000010000111000000011010000010101000010000000001010010000011000110000100010000000000100100001100000010000000100100100000000000000010010100100,683e93358613ff773be196cc19fee6872ac38349bfece6401c34baaa8ed666a4,row_sparsity,row_sparsity|conj|2c5e43f84a|rng=MT19937-RandomState,,3,3,1,uniform,1;2;3,0.3333333333333333;0.3333333333333333;0.3333333333333333,0.0005341023206710815,5.459599196910858e-05,0.0007543070241808891,0.0009670844301581383,0.00398343987762928,0.0062973713502287865,0.0023100897669792175,15,888,1,6,SAT_unsat_identifiable,1,boolean_factorization,exclude_x,exclude_x,0,605,2542,0,1,1,0,0,0,0,1,1,1,0,0,0.005998101085424423
4,50,10,100,2086640887,62,conj,glucose42,MT19937-RandomState,0.0005683386698365211,00101000001000010000001000000000000010000000101000001110000000100000000001010000000000001100101000000010100000010000010000000011001010000010000000101100000110100000000011010000000010000011000100000000000110000010000001000100000000000001000000011000000100000000000001000100001100001000000000010000001000000001000000100000000000100000000001010001000100000000100000001001000001000101010000010000000100000001010000010000100000000101000000010000000000000100001000010110001000100000100010000000000001101000,1cf659b485cb79d9acea0420e5fd8aeaca6409243b7b62e510a6b3970f1df45a,row_sparsity,row_sparsity|conj|2c5e43f84a|rng=MT19937-RandomState,,3,3,1,uniform,1;2;3,0.3333333333333333;0.3333333333333333;0.3333333333333333,0.0005032233893871307,5.680788308382034e-05,0.000758608803153038,0.0009734248742461205,0.004421931691467762,0.006717706099152565,0.0022920649498701096,15,894,1,6,SAT_unsat_identifiable,1,boolean_factorization,exclude_x,exclude_x,0,625,2564,0,1,1,0,0,0,0,1,1,1,0,0,0.006020023487508297
4,50,10,100,2086640887,63,conj,glucose42,MT19937-RandomState,0.000569663941860199,00001001000100100010110000000100010100010001010000000010000000100000001001000000000101000000111000001000001001000011000110001001001101000000000001011010000011000100100000010100000001010000000001000101100000000010010000000101000000100000000101100001000000000001100000010100000001111000000000010001001000000000010000100100000010000100000000110000000001000100000000100000001000010000000001000110000100001001000000001100001000001000000100000001100010000000110000100011000100000000011010000000000001001100,a83e4cfe4ba5e78e387dca8533d9a6d781ad53022124393c9986f8ecd68c36af,row_sparsity,row_sparsity|conj|2c5e43f84a|rng=MT19937-RandomState,,3,3,1,uniform,1;2;3,0.3333333333333333;0.3333333333333333;0.3333333333333333,0.0006359843537211418,6.601866334676743e-05,0.0011419449001550674,0.0009763902053236961,0.008894087746739388,0.011718746274709702,0.002820338122546673,25,688,1,6,SAT_unsat_identifiable,1,boolean_factorization,exclude_x,exclude_x,0,1135,4466,0,1,1,0,0,0,0,1,1,1,0,0,0.006637956947088242
4,50,10,100,2086640887,64,conj,glucose42,MT19937-RandomState,0.0005660010501742363,01100001000000001001000001000000100000100010000011010101000000001011000000100110000010000000000100010000000001010100000001001000001000000000000000011000000001001000101000010000001010000000001000010000011000000110000000000000010010100000100111010000001010000010000110000110000000110000100001000001000000110001000000000100010100000001000101000000010000000000100001000000001000101000000000011010010000000010000000000100010000010000100000001000010000000000101000100100001000000000100000000000100010000000,c449d159e6f34f61e862481b2fe4ec167f04aebc21f82e3c794655cef141600e,row_sparsity,row_sparsity|conj|2c5e43f84a|rng=MT19937-RandomState,,3,3,1,uniform,1;2;3,0.3333333333333333;0.3333333333333333;0.3333333333333333,0.0005345707759261131,5.507003515958786e-05,0.0007182387635111809,0.00097628403455019,0.0036636488512158394,0.005952066741883755,0.002284163609147072,14,1000,1,6,SAT_unsat_identifiable,1,boolean_factorization,exclude_x,exclude_x,0,566,2365,0,1,1,0,0,0,0,1,1,1,0,0,0.00609840452671051
4,50,10,100,2086640887,65,conj,glucose42,MT19937-RandomState,0.0005737999454140663,01001000101000001000100000001000001110000100100000000101010000110000010000100100000010000000100100100101000000000010000000000011000000000011110000001000110000000010000011000000010001000000000001000100110000000110100000001000100000000010011000001000100100000001100001010001000001000000110001000000001100110000000000110000010101000010001000010010010010000010100010001000000010000000001010000101000010100000100000000101000010100000000010100000001100000000000010000000010010000100101000001010000010001001,6986784853aa1aa07992f98a9ed88c954d9c4d100d0fcc36ee671d1d5d2ef32a,row_sparsity,row_sparsity|conj|2c5e43f84a|rng=MT19937-RandomState,,3,3,1,uniform,1;2;3,0.3333333333333333;0.3333333333333333;0.3333333333333333,0.0006807614117860794,7.022824138402939e-05,0.0012273164466023445,0.0009611649438738823,0.009334181435406208,0.012277848087251186,0.0029394710436463356,27,891,1,6,SAT_unsat_identifiable,1,boolean_factorization,exclude_x,exclude_x,0,1193,4798,0,1,1,0,0,0,0,1,1,1,0,0,0.007636087015271187
4,50,10,100,2086640887,66,conj,glucose42,MT19937-RandomState,0.000554022379219532,00110000000100010010001000000010101000000011010000110000001000000001000100000000001000000011010000000100100000000000100110000000000001010001010000001010000000110000001101000001000111000000000000000100000000100000000100001000000000100000000010001000010100100001100100000000001000000010000000000000100000110000000101000000010000000010000000000000010100000000001001000100010000000011000100000010000000011010000100010100001000000001001000000001000110000000000000101010000000000010010100010010010101000100,0d78598bf7dacd5e1fef0267bb16508664ccd840644db081e0000715bbae9b08,row_sparsity,row_sparsity|conj|2c5e43f84a|rng=MT19937-RandomState,,3,3,1,uniform,1;2;3,0.3333333333333333;0.3333333333333333;0.3333333333333333,0.0005924580618739128,5.440507084131241e-05,0.0007539959624409676,0.0009822500869631767,0.004871836863458157,0.007258881814777851,0.0023831091821193695,15,1004,1,6,SAT_unsat_identifiable,1,boolean_factorization,exclude_x,exclude_x,0,615,2553,0,1,1,0,0,0,0,1,1,1,0,0,0.006211155094206333
4,50,10,100,2086640887,67,conj,glucose42,MT19937-RandomState,0.0005585616454482079,00000001001010100000001000000101000000000000000111000000000100001000000000100100010010000000000010000011100000001000000000001000000100000001010000000001000010001000010100000010000000010100000000000111001010100000000010000000010000100000000001010000100001000010011000100000010010010000001010000001000000000000010000100101100000000000001000000010010010010000000001000001100000000001000000111000001010010100100100100100000000100101000001000000000010000000000001000100100000001000000001010000100000001000,a74d4454aee67f2158ca5f5e74acb3af529ced01423b6d2930ee8f060d73c10f,row_sparsity,row_sparsity|conj|2c5e43f84a|rng=MT19937-RandomState,,3,3,1,uniform,1;2;3,0.3333333333333333;0.3333333333333333;0.3333333333333333,0.0004989169538021088,5.2792951464653015e-05,0.0007157539948821068,0.0009665330871939659,0.004611566662788391,0.006849437952041626,0.0022339969873428345,14,964,1,6,SAT_unsat_identifiable,1,boolean_factorization,exclude_x,exclude_x,0,586,2387,0,1,1,0,0,0,0,1,1,1,0,0,0.005975041538476944
4,50,10,100,2086640887,68,conj,glucose42,MT19937-RandomState,0.0005593579262495041,00010000000100001001101001000000001000010000000001000000001010000001101000010100000001000000000011010000010000100000010000000100000000010100000000010000000010000100100000001100010001000001000000000100000001000101000100000000000110110010000000010100001010000000010000000000100010000000100101100000000001000000101100001000010010000110010000000010000000010001000000001001000000110100010001000000001001010000000011000101000100010100010100000100000001010001010010001000001000001000110000101100000000100000,82f9c918a137ba7fb99838bbea75284f94aab64fcc85143b871bbe002f40f2d4,row_sparsity,row_sparsity|conj|2c5e43f84a|rng=MT19937-RandomState,,3,3,1,uniform,1;2;3,0.3333333333333333;0.3333333333333333;0.3333333333333333,0.0005230354145169258,5.053635686635971e-05,0.0,0.0,0.0,0.000576474703848362,0.0005735717713832855,10,1024,1,4,identity_submatrix_identifiable,0,,,exclude_x,0,0,0,1,0,1,0,0,0,0,1,1,1,1,0,0.0054945265874266624
4,50,10,100,2086640887,69,conj,glucose42,MT19937-RandomState,0.000563441775739193,00011000000010010000011000000000000000110001000000100100100000100010010100000000010000100000000000100001101000101100000000101000100010100001000100011000001001001000101000000010000000101010000000001100000110000000000011100001010000000010000000100000100010010001000000001010010100000000100010000100001000111000000000000010001010100001000000000000010000100000001010000100000000010000100010000000100010010000001010000000000100011100000100001000001010000000000010100100101000010010000001000100000001000110,d71d827b80ed226ea681be3ec700dd46f9e95eacbbb5ff92942db3ce68e07c13,row_sparsity,row_sparsity|conj|2c5e43f84a|rng=MT19937-RandomState,,3,3,1,uniform,1;2;3,0.3333333333333333;0.3333333333333333;0.3333333333333333,0.0006338506937026978,6.70403242111206e-05,0.001106436364352703,0.0009638248011469841,0.01166303176432848,0.014438311569392681,0.0027711521834135056,24,875,1,6,SAT_unsat_identifiable,1,boolean_factorization,exclude_x,exclude_x,0,1046,4234,0,1,1,0,0,0,0,1,1,1,0,0,0.007138638757169247
4,50,10,100,2086640887,70,conj,glucose42,MT19937-RandomState,0.0005230950191617012,10000000001001010000000000010001001010001001000000010000001101010100000110000000000100100000001000001011000000000011001000001001000000000100000000100000000001100001000000000001000000010000100000000100010100000000001100011000010010000000100000000010100001000011001100001000000000100100100000001000110000000100000000110000001000001000001000000010000011001001001000000000010000000010001000001100000100011000001000000000010000110000001100000100000010000000000100001100000000000000010111000001001000000000,b1f7d62d7b9893cdc5d54b726e40ec33ec6d625e51dfc3e2f449ddce63bd9234,row_sparsity,row_sparsity|conj|2c5e43f84a|rng=MT19937-RandomState,,3,3,1,uniform,1;2;3,0.3333333333333333;0.3333333333333333;0.3333333333333333,0.00053397286683321,5.765724927186966e-05,0.0007997546344995499,0.0009841378778219223,0.004053022712469101,0.00643258448690176,0.002375522628426552,16,952,1,6,SAT_unsat_identifiable,1,boolean_factorization,exclude_x,exclude_x,0,664,2741,0,1,1,0,0,0,0,1,1,1,0,0,0.0062095848843455315
4,50,10,100,2086640887,71,conj,glucose42,MT19937-RandomState,0.0005675414577126503,00100000000000001000101010000000100001100001001010010000000000000100000100000000000000100010001010000010000000101000010010000000000001000001010001001001000010001010000010000100000001101000000000000001000010000100010000000001010000000101000000001000000000101000001000000010000100010000000010000010000000000010100011000001001000000000010000001000010000001100001000010001000000010000000000011110001000100000010000000011000001000011000001000001000000100001100010000100000000011000000010000000000010000000,bf20fae1a2cc88918a42d5c1d8be3611727489974460b006639f69476dd99351,row_sparsity,row_sparsity|conj|2c5e43f84a|rng=MT19937-RandomState,,3,3,1,uniform,1;2;3,0.3333333333333333;0.3333333333333333;0.3333333333333333,0.0005076006054878235,5.481112748384476e-05,0.0007170764729380608,0.0009663905948400497,0.003487660549581051,0.0057376679033041,0.0022458788007497787,14,928,1,6,SAT_unsat_identifiable,1,boolean_factorization,exclude_x,exclude_x,0,596,2398,0,1,1,0,0,0,0,1,1,1,0,0,0.006015595048666
4,50,10,100,2086640887,72,conj,glucose42,MT19937-RandomState,0.0005737375468015671,10001010000000100110100000100000011000000001001000000010101010000001000000000010000111000000010100010010010000101000010000000110000010010010101000000010000000000010000000000000010000000000010100000000000011000010100000001010000010010110000000000100000000001001010001100000000100110010001000000000011100010100000000000010000100100000000000010000010101000000000110001000100000001101000100010001000100010000000001001010000000010010000000001000001000000000000010110010000000001100000100110100000000100000,96e1a27580a934f7a44ffac80f34f735fdbe6757cc313aff49914c997d73f370,row_sparsity,row_sparsity|conj|2c5e43f84a|rng=MT19937-RandomState,,3,3,1,uniform,1;2;3,0.3333333333333333;0.3333333333333333;0.3333333333333333,0.0005739079788327217,5.536526441574097e-05,0.0007256297394633293,0.0009614033624529839,0.00400256272405386,0.006322967819869518,0.002316306345164776,14,1000,1,6,SAT_unsat_identifiable,1,boolean_factorization,exclude_x,exclude_x,0,566,2365,0,1,1,0,0,0,0,1,1,1,0,0,0.00602077879011631
4,50,10,100,2086640887,73,conj,glucose42,MT19937-RandomState,0.0005663670599460602,00000101000000100000000000001000000010000010010000010000010101100000001000000100000010001010000000000010001100001000101000000011001000000100000001000000000100000100001000010000001001000100001000001100010100001000000000100110001000010100000000010000001001000000000100100000110000100101000000100000110000001000010010010001010000000000000001001001010000000010001000000110011011000000010000001001000000000001000000000000011100000000010100000000000000000100000000100001001001010001000011000100000100001000,99c99c35ad19d66853cbc5da523a666f0dd1bacc0185a8472c1b59638339bf1c,row_sparsity,row_sparsity|conj|2c5e43f84a|rng=MT19937-RandomState,,3,3,1,uniform,1;2;3,0.3333333333333333;0.3333333333333333;0.3333333333333333,0.0005229804664850235,5.5293552577495575e-05,0.0007597403600811958,0.0009720064699649811,0.004165445454418659,0.006479385308921337,0.002310020849108696,15,972,1,6,SAT_unsat_identifiable,1,boolean_factorization,exclude_x,exclude_x,0,635,2575,0,1,1,0,0,0,0,1,1,1,0,0,0.006201239302754402
4,50,10,100,2086640887,74,conj,glucose42,MT19937-RandomState,0.0005636410787701607,00000110100010100000010100000000010001000000110001100100000101000000000000000010100010000000010000000010000000001100001001000000001000100000000000100000000110100010001001100000000100000001110010000000001001001000000000101000100001010001010010000010100001010100110010000000100010000010001100101000100001100000000010001010000101100001011000000000100000100000000000001010001010001000001000000010000000000100000001100000010100000000100100000000000000001000100000001000010010000001010001000000000010000001,013c2d920f137eacfe0c2fc08c81eeb5fdab756da8eb5755747874d43ee42421,row_sparsity,row_sparsity|conj|2c5e43f84a|rng=MT19937-RandomState,,3,3,1,uniform,1;2;3,0.3333333333333333;0.3333333333333333;0.3333333333333333,0.0006266087293624878,6.148684769868851e-05,0.0009447373449802399,0.0009698672220110893,0.0053032757714390755,0.007909867912530899,0.0026027001440525055,20,853,1,6,SAT_unsat_identifiable,1,boolean_factorization,exclude_x,exclude_x,0,890,3526,0,1,1,0,0,0,0,1,1,1,0,0,0.0066097695380449295
4,50,10,100,2086640887,75,conj,glucose42,MT19937-RandomState,0.0005679437890648842,00000100000011000000000000011000001010010000001100000010000000101000000100010000100100010000001010100000010001010100001001000001000010000100000100000000000000100001000010000000100000000001000000000001010000000010000010001000000000000000100000001100010000110000100100000000001100100101001000000000010010110000000001010001010100000000000110000000000011100001000101001001000000010010100001000000010000100100000001001010000000000100000011000000110000000000000001000001001010100000110000010100100000100000,6ac98091945950b8afe10c9f2a8f3a40c54cb79816dc06cd6dca6f62a3129e8b,row_sparsity,row_sparsity|conj|2c5e43f84a|rng=MT19937-RandomState,,3,3,1,uniform,1;2;3,0.3333333333333333;0.3333333333333333;0.3333333333333333,0.0005460521206259727,5.115382373332977e-05,0.0006345538422465324,0.0009739752858877182,0.003223610110580921,0.005433003418147564,0.002205735072493553,12,960,1,6,SAT_unsat_identifiable,1,boolean_factorization,exclude_x,exclude_x,0,478,2000,0,1,1,0,0,0,0,1,1,1,0,0,0.005783739499747753
4,50,10,100,2086640887,76,conj,glucose42,MT19937-RandomState,0.0005618426948785782,01001100000010000000000010000010010100000010011000011000100011000000000010100000010000000000000100100100000011000000010000000010010110000000100000100000100010000000110001000010001100010010101010100000011000000001000000010000000100001010100000000010001000000001000000100000000000010000000010000001010100101000100000010000000011000000000000101011000000001010100001000000000000100010000000001000001000000000001000000001001001000000000100000000000101000100000110011000010000000010000001011000000100000001,27131e9a004bb175b642d02fe59a68898136f32d027db72f71d5f5990b5ecbc4,row_sparsity,row_sparsity|conj|2c5e43f84a|rng=MT19937-RandomState,,3,3,1,uniform,1;2;3,0.3333333333333333;0.3333333333333333;0.3333333333333333,0.0005073882639408112,5.8527104556560516e-05,0.0008727665990591049,0.0009710583835840225,0.004414146766066551,0.006827995181083679,0.002409740351140499,18,868,1,6,SAT_unsat_identifiable,1,boolean_factorization,exclude_x,exclude_x,0,782,3139,0,1,1,0,0,0,0,1,1,1,0,0,0.006547130644321442
4,50,10,100,2086640887,77,conj,glucose42,MT19937-RandomState,0.000571507029235363,01000000001000100001010000100000000100000000010000001000100100000101100101000000000001100111000000010010000100000000001000000000110010000100100000001010000000100000000001000010000000000110000000101000010001000100000010000000100001000001001010001010000010010000001000000100000000101010000000000001000000000000110000101000000001000000010100010000011000000101000000001100000000100000100000000110100001000100000000110000000110000000000100000000010001100000010010000000100000001001100001000000001000000000,b2d42865f1d6b3e009cdcbb82542ec3a27af3f60b4125a163343d1c2765dcd45,row_sparsity,row_sparsity|conj|2c5e43f84a|rng=MT19937-RandomState,,3,3,1,uniform,1;2;3,0.3333333333333333;0.3333333333333333;0.3333333333333333,0.0004853280261158943,5.4885633289813995e-05,0.0007530413568019867,0.0009830314666032791,0.0038145771250128746,0.006094729527831078,0.002276286482810974,15,756,1,6,SAT_unsat_identifiable,1,boolean_factorization,exclude_x,exclude_x,0,625,2564,0,1,1,0,0,0,0,1,1,1,0,0,0.005780854262411594
4,50,10,100,2086640887,78,conj,glucose42,MT19937-RandomState,0.0005610678344964981,01000000000101010000010110000000000000111100010000000100100001000000000000000100010000001000000100001000000001000100001100000100001000100001000001100000110100000110001000100000001100000100111000001000100000000100010001001010010000101000001000000100000001000000010000011010000110001000010100100000100000110000010000001001100001000010000010010000001000001010001000000010001000100000000001000000000001001000010001000010000000000100100100010100100000010100000101000000000101010000000011000010000101000000,70126a13a6bee2093ae48e5a6952a33b1dce9d63732284627bda2ea97e16a71a,row_sparsity,row_sparsity|conj|2c5e43f84a|rng=MT19937-RandomState,,3,3,1,uniform,1;2;3,0.3333333333333333;0.3333333333333333;0.3333333333333333,0.0006754500791430473,6.276369094848633e-05,0.000988207757472992,0.0009705498814582825,0.010343999601900578,0.013045080937445164,0.002696971409022808,21,838,1,6,SAT_unsat_identifiable,1,boolean_factorization,exclude_x,exclude_x,0,919,3692,0,1,1,0,0,0,0,1,1,1,0,0,0.006865485571324825
4,50,10,100,2086640887,79,conj,glucose42,MT19937-RandomState,0.0005721151828765869,10000000000001010000100000110000000001000000001100000010001001100000010110000000000000010000000100101100000010000100100000001010000000001000100010010000000010000010000100000010010000100110000000000010000001001000100010001010000000100000110000000100110100010000001000000000010010010100101000000101000100010101001001000000000010100000100010000000000001001010001000001010000100101000000000100000100000101100000001100000001011100000000000110010000001001100000000010010001010100000000100010000000110000000,4d536ff3ee7041040c4f193178e1b66a6ee8e28e3fc564ffa66d3687747f5b17,row_sparsity,row_sparsity|conj|2c5e43f84a|rng=MT19937-RandomState,,3,3,1,uniform,1;2;3,0.3333333333333333;0.3333333333333333;0.3333333333333333,0.0005942340940237045,5.933176726102829e-05,0.0008702510967850685,0.0009752465412020683,0.004364121705293655,0.006867242977023125,0.0024990634992718697,18,866,1,6,SAT_unsat_identifiable,1,boolean_factorization,exclude_x,exclude_x,0,772,3128,0,1,1,0,0,0,0,1,1,1,0,0,0.006427589803934097
4,50,10,100,2086640887,80,conj,glucose42,MT19937-RandomState,0.000583285465836525,01000100100010000000110000001000000000100000000100011000010001000010000001001000000010000011000000010010001000010010001010000000000100010001110010000001000001010010000011010100010000000000101000000001100000001001000000000000101010100001001001001100000011000001010000100000000000010000000100100010000001001000000000010000000100001000000100000000000010010100100000101000100010000000010000000000010001000000000100100100010000001101000000000100000011001000001000000000101000011000100000001000001000001001,9e5bdf2fb76993b22c9cbe6c987a421315f1eb7f4f9294a6d77fe6f2197f096b,row_sparsity,row_sparsity|conj|2c5e43f84a|rng=MT19937-RandomState,,3,3,1,uniform,1;2;3,0.3333333333333333;0.3333333333333333;0.3333333333333333,0.0006175059825181961,5.670171231031418e-05,0.0008003637194633484,0.000977856107056141,0.0037629269063472748,0.006219376809895039,0.0024524275213479996,16,952,1,6,SAT_unsat_identifiable,1,boolean_factorization,exclude_x,exclude_x,0,664,2741,0,1,1,0,0,0,0,1,1,1,0,0,0.006319891661405563
4,50,10,100,2086640887,81,conj,glucose42,MT19937-RandomState,0.0005750786513090134,00110100000100000101001000000000010000001100001000101010000000100000010000000111010000000001000000001000100010000000100000000000010000010000101100000010000100000000000100010000010000000000100001000000000000100011001000001001100000000010100001001100001000010100000100000100100001000100001010100001010000000010000001010000000101000101000000001101000000000001001101000100000100000001100000001000000101010100000110010000000010000001000001000001000000000100001000000000101010000100001000001100000010000000,5d1b187631a7507b65d1b1b5065cd0bb6bf09f36c4aa4c1b405a6f80e2a0a3b3,row_sparsity,row_sparsity|conj|2c5e43f84a|rng=MT19937-RandomState,,3,3,1,uniform,1;2;3,0.3333333333333333;0.3333333333333333;0.3333333333333333,0.0005497829988598824,5.8599747717380524e-05,0.0008671553805470467,0.0009700264781713486,0.004250245168805122,0.006699824705719948,0.002445564605295658,18,1004,1,6,SAT_unsat_identifiable,1,boolean_factorization,exclude_x,exclude_x,0,772,3128,0,1,1,0,0,0,0,1,1,1,0,0,0.0068986741825938225
4,50,10,100,2086640887,82,conj,glucose42,MT19937-RandomState,0.0005682967603206635,00100000000101000000000101100011000000000001000001000010000000101000001000000101010000011000001010000000100000010000000000001000001000000000000100000000001001010000011000000000001010000000001000000100001001010001000010000010100000000000010000000000010100010000100010000001000000000000010000010000000101000001000010000101001000110000000100000001010100000001010001000001010100000000001000000000001000000000000010000001010000100000010001000011101001000001000100000001001001000000100101000000000000100101,877f1fff467eab6ddf74068b7a372f2fee66b1107cdde44f59ef56caa2843ac4,row_sparsity,row_sparsity|conj|2c5e43f84a|rng=MT19937-RandomState,,3,3,1,uniform,1;2;3,0.3333333333333333;0.3333333333333333;0.3333333333333333,0.0005355831235647202,5.422905087471008e-05,0.0007085083052515984,0.0009654760360717773,0.0036514783278107643,0.005918988958001137,0.002263796515762806,14,1000,1,6,SAT_unsat_identifiable,1,boolean_factorization,exclude_x,exclude_x,0,566,2365,0,1,1,0,0,0,0,1,1,1,0,0,0.006100711412727833
4,50,10,100,2086640887,83,conj,glucose42,MT19937-RandomState,0.000576329417526722,00001100010000010100100000010001100000000000101000000000100000000010101000100000000100100001000000000011000000010010001000001000010000010000001000110000001000100111000000000000000100000001000000010000100001000000000101101010000000100000011000000011000000111000100011000001010001000000000010001100010000001000000011010000001000000100101000000000010000010000000000010000000000001100010000000100000011000000001001000000100010000000110001000000000000010100110100000100001100000000001010001010000100000001,443010b648f48724967d41b4aabee71bde6d20c0295e94b3e569454e19a4f9b3,row_sparsity,row_sparsity|conj|2c5e43f84a|rng=MT19937-RandomState,,3,3,1,uniform,1;2;3,0.3333333333333333;0.3333333333333333;0.3333333333333333,0.0005567185580730438,6.268545985221863e-05,0.0008556656539440155,0.0009594867005944252,0.004114478826522827,0.0065529439598321915,0.002434556372463703,18,988,1,6,SAT_unsat_identifiable,1,boolean_factorization,exclude_x,exclude_x,0,742,3095,0,1,1,0,0,0,0,1,1,1,0,0,0.006704012863337994
4,50,10,100,2086640887,84,conj,glucose42,MT19937-RandomState,0.0005663176998496056,00000010011000001001110000000000000000010100100001001000100000001001001001010000000001000001000000010000010110000001011010000110000010000110110010000000001001100110000100001000011000111000000001100010010010000010000000001000010001000000001100110000100001001010101000000100110100000010101000001110000000000100000001101000000000100001000010100000001000000100000001110000000001001100001100100000100000100011001000100010000000000011000010000000000010100000101000000000100010100000000000000100000000100000,ac5eced25040676521276b7bebf8a046ae68919b5e1af43899b0df01cc78965a,row_sparsity,row_sparsity|conj|2c5e43f84a|rng=MT19937-RandomState,,3,3,1,uniform,1;2;3,0.3333333333333333;0.3333333333333333;0.3333333333333333,0.0007074000313878059,6.214901804924011e-05,0.0009830426424741745,0.0009714849293231964,0.005550148896872997,0.008278434164822102,0.002724076621234417,21,918,1,6,SAT_unsat_identifiable,1,boolean_factorization,exclude_x,exclude_x,0,909,3681,0,1,1,0,0,0,0,1,1,1,0,0,0.006714924238622189
4,50,10,100,2086640887,85,conj,glucose42,MT19937-RandomState,0.0005720071494579315,00001010100100001010010000000000010000001100000100000001001010001100000000000010000001000001000011000000001000000100000000100100010001000000001000001001000000000000001000001000000000000000010000000010000000000101000010100000000100010000000000000100000000000010001000010010000010010010100100010000000010100000100010000000000100000011000000000010100000000100011000000010000000110100000000001010000100100000001000000001000000000010000100101000010100000000001100000111000000100000000010000000000000100100,1b63556a8eb6c06d7749d172e15ad492ebc0d1e688041cd44010b3827cd71984,row_sparsity,row_sparsity|conj|2c5e43f84a|rng=MT19937-RandomState,,3,3,1,uniform,1;2;3,0.3333333333333333;0.3333333333333333;0.3333333333333333,0.00048276036977767944,5.410797894001007e-05,0.0007140040397644043,0.0009581223130226135,0.0037619639188051224,0.005974956788122654,0.0022089947015047073,14,984,1,6,SAT_unsat_identifiable,1,boolean_factorization,exclude_x,exclude_x,0,576,2376,0,1,1,0,0,0,0,1,1,1,0,0,0.0059731388464570045
4,50,10,100,2086640887,86,conj,glucose42,MT19937-RandomState,0.000561736524105072,01000000000000110001000000010100000110000001001100001000000000110000101110000000000000000101001000010000000001000010000000001000000100010010000100000110000000010000000001000000000100000000011000000101001110000000000010000010000110000010000010010000101001000010000001100010000010000000110010101010000010000010000000000100101000000100000000100000101000100000001000010000000100100001100000000000001000100000000100001000010000010100100000001110100000100101000000000001110000010010001001000000000011000000,93d40c77d5478b37dcc3098d9c86a110db3e13d71a54e4a6ed4249fb9b02e756,row_sparsity,row_sparsity|conj|2c5e43f84a|rng=MT19937-RandomState,,3,3,1,uniform,1;2;3,0.3333333333333333;0.3333333333333333;0.3333333333333333,0.0005675079300999641,5.540717393159866e-05,0.0007565002888441086,0.0009719552472233772,0.003963306546211243,0.006318507716059685,0.0023513706400990486,15,928,1,6,SAT_unsat_identifiable,1,boolean_factorization,exclude_x,exclude_x,0,645,2586,0,1,1,0,0,0,0,1,1,1,0,0,0.006082507781684399
4,50,10,100,2086640887,87,conj,glucose42,MT19937-RandomState,0.0005744760856032372,00100000100110001000000001000000000000100001000000000001001010000001100100000011100010001011000000000000000001000000011000000000010100000001011000000010000001001010001000000011010000100010000000010000100100100001010001000000101001000110010000000010000010000001000101010000010101000000100000010100000000001000001000000100010000101010000000000001010001000000000100000100001000000110000010000000000100000000000001000010000011000001000100000000000010000000110000011000000000000010000000001000000100100000,dc5253fa12ee7dc3f213be230890698a14e053439938880f869e9005f022ee9b,row_sparsity,row_sparsity|conj|2c5e43f84a|rng=MT19937-RandomState,,3,3,1,uniform,1;2;3,0.3333333333333333;0.3333333333333333;0.3333333333333333,0.0005585178732872009,6.0609541833400726e-05,0.000871533527970314,0.0009861458092927933,0.0046441638842225075,0.00712503120303154,0.002476806752383709,18,940,1,6,SAT_unsat_identifiable,1,boolean_factorization,exclude_x,exclude_x,0,762,3117,0,1,1,0,0,0,0,1,1,1,0,0,0.006460149772465229
4,50,10,100,2086640887,88,conj,glucose42,MT19937-RandomState,0.0005702665075659752,10000000001000100000001100010000010000000100000001010000000001010001000100000001000000001000000100100000100010101000001000001001011000001000000000000100000011100000000100000100000001100000000000001000000011000101011000001001001000001000000010010000100000010001000000100000001000000100010001001000010000000010000000100000110000000100010000001010010000001010100010010000000000010010000100010000000000010000000001000100000001110000000010100000000000100001001001000000010010100000000010000001010010000000,309237c6a5297ec7338d2c561becc05e43ad1412173820611b0be82a9f4bd72b,row_sparsity,row_sparsity|conj|2c5e43f84a|rng=MT19937-RandomState,,3,3,1,uniform,1;2;3,0.3333333333333333;0.3333333333333333;0.3333333333333333,0.000510919839143753,5.0581060349941254e-05,0.0006369147449731827,0.000993470661342144,0.0033355681225657463,0.005531287752091885,0.002191886305809021,12,928,1,6,SAT_unsat_identifiable,1,boolean_factorization,exclude_x,exclude_x,0,488,2011,0,1,1,0,0,0,0,1,1,1,0,0,0.005685864947736263
4,50,10,100,2086640887,89,conj,glucose42,MT19937-RandomState,0.0005645817145705223,01000010010000000001000010000001001100001000000000000110000111100000000000010000000000100000000000100000001000010000100010010010000000010010010000000001000000000000010000101000001001001100000001011000000100001000010001100110100000000100010101000000010000010000110100000000000010010001001000100000001010000000001010010000101000100010000110000000000011000000001000011000100000111000100000001000001001000001000000001100000001000000000000100011000010110000010000000000000001000001101000000001100011001000,59300d4c2eec5ee0ac5cb8cfc7f81779832787b5833494ef3b17fab460d8a016,row_sparsity,row_sparsity|conj|2c5e43f84a|rng=MT19937-RandomState,,3,3,1,uniform,1;2;3,0.3333333333333333;0.3333333333333333;0.3333333333333333,0.0005525518208742142,6.344914436340332e-05,0.0008268784731626511,0.0009732479229569435,0.004107878543436527,0.006528086960315704,0.002416127361357212,17,842,1,6,SAT_unsat_identifiable,1,boolean_factorization,exclude_x,exclude_x,0,743,2962,0,1,1,0,0,0,0,1,1,1,0,0,0.006212805397808552
4,50,10,100,2086640887,90,conj,glucose42,MT19937-RandomState,0.0005137110128998756,00000000101000001100000001000010000100000100000000010010001001000000000001000000000010000101000110000100100000000011000000000001001000010000001000000010001100001001000100100010100000100000000000001010000000100000010001000000010000000000000101000101000000001011010010010000010010101000010000110010000000001110000100001000000000011110001010000101000000010100000100000010100010000001000100000000000010100010000001000001000100001000001000000011000001000100000000010000000010010000011000000000010001000000,65ad8e61474098ea1529868ff0d339f6351f4449c38bc662b3bb9e137d7cf452,row_sparsity,row_sparsity|conj|2c5e43f84a|rng=MT19937-RandomState,,3,3,1,uniform,1;2;3,0.3333333333333333;0.3333333333333333;0.3333333333333333,0.0004867780953645706,5.718134343624115e-05,0.0007525254040956497,0.0009803110733628273,0.0035268226638436317,0.00580771267414093,0.002276795916259289,15,946,1,6,SAT_unsat_identifiable,1,boolean_factorization,exclude_x,exclude_x,0,645,2586,0,1,1,0,0,0,0,1,1,1,0,0,0.006262762472033501
4,50,10,100,2086640887,91,conj,glucose42,MT19937-RandomState,0.0005613043904304504,01000001101000000110000000001000000000010000110010000000001100000001001000000001000000100001010100000000100000010000000000000000010000001000000010000000000011000001110000000100000001001000001000001000101000000010010000001010001000000101010000000010100001000100000011100001100000100100000100011000000010001000100000000101001000000000001000011100100000000000011000000010000001000000000001100001010000100000000100000100000001000001100000000100000010001100101000010001000000000010100010010000000001000001,7869f44a2d184c51e3aadc5a568767eab33f1399e6f17cd8bf03ca32a4755e11,row_sparsity,row_sparsity|conj|2c5e43f84a|rng=MT19937-RandomState,,3,3,1,uniform,1;2;3,0.3333333333333333;0.3333333333333333;0.3333333333333333,0.000563531182706356,6.206706166267395e-05,0.0009477380663156509,0.0009734975174069405,0.005332844331860542,0.007883774116635323,0.0025468338280916214,20,904,1,6,SAT_unsat_identifiable,1,boolean_factorization,exclude_x,exclude_x,0,870,3504,0,1,1,0,0,0,0,1,1,1,0,0,0.006810101680457592
4,50,10,100,2086640887,92,conj,glucose42,MT19937-RandomState,0.0005648015066981316,00100000000010000000000000100110010001001001100000110001000010000000101000000000001100000100000010000000010000001000000100010011000000010000000010000000100100010101001000001000101000000010011000010010000010000000000011000100000001000101100010000100000011100000001000010000100000000001001000101100000000101000000000101000000100000000001000000000001000001000110000001000110000100100100000000000100000100100000110100011000010000000000101100000110000000001010000000010000000000000001010000001001000001100,b22748b40543285a9f247fb7f6ba438096f8fabe75d77357bfa44d9546d56bf1,row_sparsity,row_sparsity|conj|2c5e43f84a|rng=MT19937-RandomState,,3,3,1,uniform,1;2;3,0.3333333333333333;0.3333333333333333;0.3333333333333333,0.000639590434730053,5.753990262746811e-05,0.0008667325600981712,0.0009655589237809181,0.004584518261253834,0.007117933593690395,0.0025294218212366104,18,914,1,6,SAT_unsat_identifiable,1,boolean_factorization,exclude_x,exclude_x,0,752,3106,0,1,1,0,0,0,0,1,1,1,0,0,0.006435868330299854
4,50,10,100,2086640887,93,conj,glucose42,MT19937-RandomState,0.0005680825561285019,10000000000011000001000000000100001000111001000000000000010000000000110000000010010000010000001000000000001000010000001101000000000100001000000010001000001110000000111000010100000100100000100000100000100000010000000001010000000001000000001000101000011000000000000010100000000010000000000010000000100100100001000000000011100000100010001000010000000011000000100000001000110110000000000000100110000010100000000001100001000100000100111100000100100000000000000000010100000100001000000110010010000000000001,db66a2b1010ac9b6f488f74271abff4f24892d063ccd27e2c669612037c7d390,row_sparsity,row_sparsity|conj|2c5e43f84a|rng=MT19937-RandomState,,3,3,1,uniform,1;2;3,0.3333333333333333;0.3333333333333333;0.3333333333333333,0.0004947669804096222,5.6867487728595734e-05,0.0008309325203299522,0.0009593935683369637,0.00395167525857687,0.006297687999904156,0.002341960556805134,17,663,1,6,SAT_unsat_identifiable,1,boolean_factorization,exclude_x,exclude_x,0,743,2962,0,1,1,0,0,0,0,1,1,1,0,0,0.005721130408346653
4,50,10,100,2086640887,94,conj,glucose42,MT19937-RandomState,0.0005584759637713432,01000001000000110000011000000001000010011110000000000000010000011100000001001010000010000000001000000000101000000000101100001100000101000000001000100100000000100000101100100001000000010100000000011100001000100001000010000000100011101100000000100000100000101001110001000000011000010000000001000011001000100000000001000000000100100000000000010000010000000100000100001000010000001100000000000100000100000000001000100000001000010000001000000110000000010001010000100000011001000000010101000010000010001100,e567fe36bd0d09f0850f6f27f8ea9f8c75175c3460bdac9e245b87dc70423ffc,row_sparsity,row_sparsity|conj|2c5e43f84a|rng=MT19937-RandomState,,3,3,1,uniform,1;2;3,0.3333333333333333;0.3333333333333333;0.3333333333333333,0.0005454113706946373,5.708914250135422e-05,0.0008273636922240257,0.0009599383920431137,0.003873090259730816,0.006267091259360313,0.002389802597463131,17,924,1,6,SAT_unsat_identifiable,1,boolean_factorization,exclude_x,exclude_x,0,713,2929,0,1,1,0,0,0,0,1,1,1,0,0,0.006448918022215366
4,50,10,100,2086640887,95,conj,glucose42,MT19937-RandomState,0.0005710087716579437,00001000010000100000101001000000000110101010000000000010000100010000110000100000010010000000000100001001000000000000100000000000100001100010000010000011000000000110010000011000010000000100001010100000110000000000110000000000010010000000001000001000011010000000100010001001010000100000001010000110000000001000110001000110000000101000000010001100000000000000001001000000010000100001100000001000010001000000001000101001000010000000000000000010000100000011000100001000000000100000110000001001000010100000,e32ee1d8f01cd83789e165396e47569a090cd8dd3181258f832f60b4f0f126a2,row_sparsity,row_sparsity|conj|2c5e43f84a|rng=MT19937-RandomState,,3,3,1,uniform,1;2;3,0.3333333333333333;0.3333333333333333;0.3333333333333333,0.0005119349807500839,6.464775651693344e-05,0.0009384024888277054,0.000965336337685585,0.00997092854231596,0.01245582103729248,0.0024803215637803078,20,846,1,6,SAT_unsat_identifiable,1,boolean_factorization,exclude_x,exclude_x,0,870,3504,0,1,1,0,0,0,0,1,1,1,0,0,0.006593428552150726
4,50,10,100,2086640887,96,conj,glucose42,MT19937-RandomState,0.00057997927069664,00000001000000000001000000011010000001001000000000000100110001001100000010011000000000100000100001010100000001100000001000000110010001001010000000000100001000000001000000001100000100100000010000001000000000111001000001000101000000000001100100010100010000101100000001000000000000010110000000011000000010001100000000001010001000000000110010001110000000000001000010000001001100000001101000001000011000010100100100001000101000100010000010000000000001010000100001101110000000000010100100000000110000000001,ecdc191865b9bd190f9784f2e841ea60d887f76a3a9b456499a8544e987a93b1,row_sparsity,row_sparsity|conj|2c5e43f84a|rng=MT19937-RandomState,,3,3,1,uniform,1;2;3,0.3333333333333333;0.3333333333333333;0.3333333333333333,0.000600133091211319,5.712173879146576e-05,0.0008339211344718933,0.0009588180109858513,0.006090492010116577,0.00854484736919403,0.0024499939754605293,17,971,1,6,SAT_unsat_identifiable,1,boolean_factorization,exclude_x,exclude_x,0,693,2907,0,1,1,0,0,0,0,1,1,1,0,0,0.006377703510224819
4,50,10,100,2086640887,97,conj,glucose42,MT19937-RandomState,0.0005566570907831192,00011000000000001001100000000000000000101000000000000000010000000000110001010010010000100010000000100000001000000000010001010000010000000110001000101000001100100111000000000000000100000010010011001000000100011000000000010001100001010000000000000000011000000001000001110000000010000100001010000010000110000000000000010000000000001000000110001101000000000001110000001000000010000000000000010000000010001001100000000000001000000100000010001000100000001110000000001000001001101000000110101000000001000000,dbe90ea9ab861dad52e83503a970c09f8a9591e9b73b6f99a1e1663b6adf6a0c,row_sparsity,row_sparsity|conj|2c5e43f84a|rng=MT19937-RandomState,,3,3,1,uniform,1;2;3,0.3333333333333333;0.3333333333333333;0.3333333333333333,0.00047803856432437897,5.1672570407390594e-05,0.0,0.0,0.0,0.0005327444523572922,0.0005297111347317696,10,1024,1,4,identity_submatrix_identifiable,0,,,exclude_x,0,0,0,1,0,1,0,0,0,0,1,1,1,1,0,0.005509452894330025
4,50,10,100,2086640887,98,conj,glucose42,MT19937-RandomState,0.000573962926864624,00000110100001000010001100000010000000000100001001000000101110000000000000000010000100110010000001001000010100000001000000000010000010000000100000010100000000101000000000011000000000000011100000000001001010000000001010100000000001000001000000000001000000000001100000100000001100000000001000010000100000100001000000000001001010010001000000001001000100001000000000010000000000001000100000100100000000100000001110000000010001010000001000000000001110000010001000000110000000001000001100100100000010000000,219cc16e5f8838d9076d779b82a261a01560c147420a90ddf124e80802ddcb7d,row_sparsity,row_sparsity|conj|2c5e43f84a|rng=MT19937-RandomState,,3,3,1,uniform,1;2;3,0.3333333333333333;0.3333333333333333;0.3333333333333333,0.0004932992160320282,5.478598177433014e-05,0.0006738482043147087,0.0009653670713305473,0.0033693499863147736,0.005560276098549366,0.0021873004734516144,13,976,1,6,SAT_unsat_identifiable,1,boolean_factorization,exclude_x,exclude_x,0,527,2188,0,1,1,0,0,0,0,1,1,1,0,0,0.0059636374935507774
4,50,10,100,2086640887,99,conj,glucose42,MT19937-RandomState,0.0005643796175718307,00000000011100000001000001000011000000101110000000000010100000001000010001000000100010001000100000001001000001000101000000101001000000001100010000000100101001000101100000110000001000000010010010100010001010100001000001100000001000100000000100000110000000110001000100011000010000000001000100010000010010000110000001110000000001010000000001001010000100000001000110000000000010000001001000000010000000000100000000001010000000010001000001110000010000000000000101000000000011001000000100101000000000000010,c683d6756ccedb286b022b756a8c7065b4909e403da434a3b6d33f2277b317a0,row_sparsity,row_sparsity|conj|2c5e43f84a|rng=MT19937-RandomState,,3,3,1,uniform,1;2;3,0.3333333333333333;0.3333333333333333;0.3333333333333333,0.0005571423098444939,5.645677447319031e-05,0.0007566679269075394,0.000987865962088108,0.004003456793725491,0.006365736946463585,0.0023581329733133316,15,994,1,6,SAT_unsat_identifiable,1,boolean_factorization,exclude_x,exclude_x,0,625,2564,0,1,1,0,0,0,0,1,1,1,0,0,0.006222426891326904
