schema_version,J,K,N,seed,sim,operator,solver_name,rng_engine,generation_time,q_bitstring,q_sha256,design,design_id,p,m_requested,m_effective,min_row_size_requested,row_size_distribution,row_size_support,row_size_probs,basis_time,identity_check_time,two_col_check_time,three_col_check_time,sat_time,algorithm_time,preprocess_time,J_basis,M_basis,identifiable,branch,branch_label,sat_called,sat_formulation,sat_cardinality_encoding,cardinality_encoding_requested,maximal_candidate_requested,sat_variables,sat_clauses,identity_original,not_complete_original,has_pure_node_original,no_pure_nodes_original,has_zero_row_original,two_col_violation_original,three_col_violation_original,two_column_pass_original,both_necessary_checks_pass_original,I_3c,identity_basis,two_col_violation_basis,diagnostics_time
4,50,10,100,869815370,0,conj,glucose42,MT19937-RandomState,0.0006691617891192436,00000000011000000001010000001010001100001000100000000100100100001100000010000100101000001000000010000100011000000010011010000100100000000001000000101100000100001000000000000000001000100101000101000000010000100100010000110000100000000100000000001010100110000001000000001000000010001000100000000011100000100000000000010000010000000000010000100010000001001001000100000100000010000010000000100000001100000000000001000010011000000110001001000010110000010000011010000010011000010001000000001001000000101000,280bb3d152d4d6608a704cb049c1eb59879c50a4c7a2a24fae1f06954d8932df,row_sparsity,row_sparsity|conj|2c5e43f84a|rng=MT19937-RandomState,,3,3,1,uniform,1;2;3,0.3333333333333333;0.3333333333333333;0.3333333333333333,0.0005633039399981499,7.698312401771545e-05,0.0006417408585548401,0.001008625142276287,0.014705482870340347,0.017003528773784637,0.0022906530648469925,12,928,1,6,SAT_unsat_identifiable,1,boolean_factorization,exclude_x,exclude_x,0,488,2011,0,1,1,0,0,0,0,1,1,1,0,0,0.005844400264322758
4,50,10,100,869815370,1,conj,glucose42,MT19937-RandomState,0.0005873572081327438,01000100100100000100000100000100000110001000000000000000000101000000010000000001110000010001010010000000000011010010010000000100000000100110000110000000000000101001001000000010010001100010000010001100100000001110010000001010000000001001000101010000100000000001011000000110001010000000000001001001010010001001001100000001000001011011000000001000001100000000100000110000100100000100100010000110001000000000000100110000100000100100010001000000000010000000000000100010010001100000100000011000000010000001,b979d4257d4ce01d005645eafc395f55b292caae85e73d67cdcd00f3d14a57f3,row_sparsity,row_sparsity|conj|2c5e43f84a|rng=MT19937-RandomState,,3,3,1,uniform,1;2;3,0.3333333333333333;0.3333333333333333;0.3333333333333333,0.0006781481206417084,6.366893649101257e-05,0.0009539369493722916,0.0010068044066429138,0.005883334204554558,0.008591840043663979,0.0027025584131479263,20,960,1,6,SAT_unsat_identifiable,1,boolean_factorization,exclude_x,exclude_x,0,870,3504,0,1,1,0,0,0,0,1,1,1,0,0,0.006922147236764431
4,50,10,100,869815370,2,conj,glucose42,MT19937-RandomState,0.0005677090957760811,01000000000000000100100010000100100101000001010010010000000001000000000010000011100100100010000000000000000101010001001010000000001000010010000001000000000000100010000011010100100000010000001101000000000000000100110001001000010010010001000010000001001001000000000100010101000010100100000000100100100010001010000001001001000011000000100010000000100000000000010000000000010011001000000001000100000011100000010110000000010010100010000010001000100100000000001100000000000010000000000110000000000001000010,595bb3e882495c2e4838ed412d59083fbe45089b181f4f0759022740670e013a,row_sparsity,row_sparsity|conj|2c5e43f84a|rng=MT19937-RandomState,,3,3,1,uniform,1;2;3,0.3333333333333333;0.3333333333333333;0.3333333333333333,0.0005410872399806976,6.012711673974991e-05,0.0008613690733909607,0.0009922580793499947,0.0045633940026164055,0.0070231640711426735,0.002454841509461403,18,832,1,6,SAT_unsat_identifiable,1,boolean_factorization,exclude_x,exclude_x,0,812,3172,0,1,1,0,0,0,0,1,1,1,0,0,0.006375153549015522
4,50,10,100,869815370,3,conj,glucose42,MT19937-RandomState,0.0005557853728532791,00011000000110000001001000010000000001000000000110101000000001001000010101000001000011001000100010010100000000010000100110000000000011000000000010000101000001000000000100100000000000101000000110000001001010001000010000000000000011000001001100001000110010000100000100101010010000000010000110010010000101011000000010100000010000100000001000100100000000000000010000000110000000100100000010000000000001101010000000101000001000001000010000010010010001000111010000000001001000000000100000010000011000100000,300b193892ba67848d299ec69ee51b60a79430353981645692492bf5e4b4b408,row_sparsity,row_sparsity|conj|2c5e43f84a|rng=MT19937-RandomState,,3,3,1,uniform,1;2;3,0.3333333333333333;0.3333333333333333;0.3333333333333333,0.0006673876196146011,7.260683923959732e-05,0.0010681822896003723,0.0009981906041502953,0.009538560174405575,0.01235013548284769,0.002806367352604866,23,878,1,6,SAT_unsat_identifiable,1,boolean_factorization,exclude_x,exclude_x,0,997,4046,0,1,1,0,0,0,0,1,1,1,0,0,0.007017116062343121
4,50,10,100,869815370,4,conj,glucose42,MT19937-RandomState,0.0005603348836302757,00001000010010110000000100011000000101010010000110000101000010000000001000000000000000100000100000100000010010000000011000010010000100000010001000011000100000100000100000010000100010000010000001000011001000010000100000000000000001000100000000100110000010001100001000000000000001000000001110000001011000100010000001000010000010011000000000100001001001000010001000010000110000010000010000000000101000010001010000110000100000001010101100000000010010000000000000110010000100000000010000000000100000001110,a84a28542679b4e9f62f3dec8cb9d5c552e4bd70e032e91f6cea6216faa1a498,row_sparsity,row_sparsity|conj|2c5e43f84a|rng=MT19937-RandomState,,3,3,1,uniform,1;2;3,0.3333333333333333;0.3333333333333333;0.3333333333333333,0.0005060452967882156,5.044322460889816e-05,0.0,0.0,0.0,0.000559832900762558,0.0005564885213971138,10,1024,1,4,identity_submatrix_identifiable,0,,,exclude_x,0,0,0,1,0,1,0,0,0,0,1,1,1,1,0,0.005440627224743366
4,50,10,100,869815370,5,conj,glucose42,MT19937-RandomState,0.0005547348409891129,01000000000000000010000000000100000001000010001100011010000000000011010000100100001000000000010000000010000000000100100100000001000000001000101000000000000000011010001000100010000000001001000100001001000110001000000110000001000000100010000000100001010000001100001000001000001101000001100100000001000000100000100001000100001000000000010000000001000000000001010100010000000000100001001000000000100101000010010000000101000100010000100000000010011000000001000000000000001000000100000000001001100000000110,ae027082da632b8cd2682e6fbd4f8bbcbed33d7829ced05678933ed13661fe71,row_sparsity,row_sparsity|conj|2c5e43f84a|rng=MT19937-RandomState,,3,3,1,uniform,1;2;3,0.3333333333333333;0.3333333333333333;0.3333333333333333,0.00047210417687892914,5.937647074460983e-05,0.0007072901353240013,0.0009881248697638512,0.003515031188726425,0.005746811628341675,0.0022268956527113914,14,860,1,6,SAT_unsat_identifiable,1,boolean_factorization,exclude_x,exclude_x,0,586,2387,0,1,1,0,0,0,0,1,1,1,0,0,0.00593505147844553
4,50,10,100,869815370,6,conj,glucose42,MT19937-RandomState,0.0005521085113286972,10110000000010000100000011001001000000000000010110010000100001000100000000010001000001000000000101000000000100000001100001001000010011000001001000000100001010000110000100001100000100000000010000000010000000001100001000000010000000000000010010100001000010000100001000110000100100101000010100000000000110010010001101000000000000010100110000010011000001100000000001000000000000110000000000110100011100000000001100000010000100000100000000000110010000001010000001010100000110000100110001000001100110000010,b44602507c95537bb77b4fd9f09a0de9423a01229222f861f6774ec8caa2dfc6,row_sparsity,row_sparsity|conj|2c5e43f84a|rng=MT19937-RandomState,,3,3,1,uniform,1;2;3,0.3333333333333333;0.3333333333333333;0.3333333333333333,0.0005951374769210815,5.886238068342209e-05,0.0008679553866386414,0.0010001854971051216,0.004962822422385216,0.0074896542355418205,0.0025221407413482666,18,874,1,6,SAT_unsat_identifiable,1,boolean_factorization,exclude_x,exclude_x,0,782,3139,0,1,1,0,0,0,0,1,1,1,0,0,0.006367173045873642
4,50,10,100,869815370,7,conj,glucose42,MT19937-RandomState,0.0005560973659157753,00000010001001010000010010000000000001000000010000000101010000001010000000001100000000010000000100001001001000100101000001100010000110000100000000110000011001000100110000000110000101000001000000000100000000110000110100000100010000000011100000100110000001000000001000001001100000010010000000100001100000000010010000010000000000100000001000000000000001000100000010000101000001000000000010010000000100000010100100001000100000010101001000001010000000001010000000010000110100110010000000001010000001001000,b222dd8975710fd1ff39066461bcca8d55b132b0b66b2636740ac276d04326c5,row_sparsity,row_sparsity|conj|2c5e43f84a|rng=MT19937-RandomState,,3,3,1,uniform,1;2;3,0.3333333333333333;0.3333333333333333;0.3333333333333333,0.0005396092310547829,6.180629134178162e-05,0.0009517902508378029,0.000996083952486515,0.004411798901855946,0.006967297755181789,0.0025492897257208824,20,921,1,6,SAT_unsat_identifiable,1,boolean_factorization,exclude_x,exclude_x,0,880,3515,0,1,1,0,0,0,0,1,1,1,0,0,0.006934564560651779
4,50,10,100,869815370,8,conj,glucose42,MT19937-RandomState,0.0005558319389820099,01000010100000100000001000010010100000100000000100010000000000100000001000101000000011000010000000010010110000100000001000001100010100001000001100000000001010001000011000010000100000010000001000010000000001000000010000000000010101100001100010000000000000001000001101000010000000100000101100100000000100000000100010010100100100100010010000100100000000000100010111000010000010000000101000000100010010000000010100001001100010000000010101000000100000010010000100000000010010100010001010000010101000000000,3729b978daf12cc9f64fa2a9ea4aab5f7fa1c9a6068634312ba8b5a84566bfae,row_sparsity,row_sparsity|conj|2c5e43f84a|rng=MT19937-RandomState,,3,3,1,uniform,1;2;3,0.3333333333333333;0.3333333333333333;0.3333333333333333,0.0005783746019005775,5.129724740982056e-05,0.0006737373769283295,0.0009987913072109222,0.003797798417508602,0.006104093976318836,0.00230220053344965,13,896,1,6,SAT_unsat_identifiable,1,boolean_factorization,exclude_x,exclude_x,0,547,2210,0,1,1,0,0,0,0,1,1,1,0,0,0.005798759870231152
4,50,10,100,869815370,9,conj,glucose42,MT19937-RandomState,0.0005495212972164154,10000000000010000001000000001010000001100001100010000011000000000101010000001000100100000100000100011001010000000100001100000001000100100001100000100010001000000010000000000101000111010000000000100010000001010101000010000000001000000000010010000000000000000111001000001000000001000000000010001000101000000011010011000010001010000000100000001000010000000010000000010010000000000100100000001000000110100010000000011001000000001010001001010000000000010000000001100000010011000100001000000001010000000001,dbbc4ba9ba60392bde64f730375ddca276ab10269bbcbc6a28607a1e3ce95768,row_sparsity,row_sparsity|conj|2c5e43f84a|rng=MT19937-RandomState,,3,3,1,uniform,1;2;3,0.3333333333333333;0.3333333333333333;0.3333333333333333,0.0005809320136904716,6.187800318002701e-05,0.000947052612900734,0.0009923465549945831,0.005189801566302776,0.007776085287332535,0.0025822091847658157,20,852,1,6,SAT_unsat_identifiable,1,boolean_factorization,exclude_x,exclude_x,0,880,3515,0,1,1,0,0,0,0,1,1,1,0,0,0.006676355376839638
4,50,10,100,869815370,10,conj,glucose42,MT19937-RandomState,0.0005134278908371925,10001000000010001100010000011000000001000000000101010000000001000001100000100010000000001000000000100001001100000010000001100000100000100010000010000010000000011100000010000100000010000110001001000000000000100000000000100100101000100010010000110000000010010010001000001100000110000000000111011001000010000100000100001100001010001010000001000110000000000001000100011000000010100000000001000000010000001010000000000000001100010010010010000000100000010001110000000000101000110000000001000000100000001000,88e1171f87f36301e9f43a87c659114931e5ed73748e1ae6f5309e1c56a4ec5c,row_sparsity,row_sparsity|conj|2c5e43f84a|rng=MT19937-RandomState,,3,3,1,uniform,1;2;3,0.3333333333333333;0.3333333333333333;0.3333333333333333,0.0006483308970928192,6.114598363637924e-05,0.0009107440710067749,0.0009902259334921837,0.011374673806130886,0.01398949883878231,0.002610446885228157,19,996,1,6,SAT_unsat_identifiable,1,boolean_factorization,exclude_x,exclude_x,0,771,3261,0,1,1,0,0,0,0,1,1,1,0,0,0.006856650114059448
4,50,10,100,869815370,11,conj,glucose42,MT19937-RandomState,0.0005717454478144646,01010000100000010001000100110010000010000100001001111000000000100000100001001000000100000000001000000010000001000000001000101000100100000000000101001000100000000001000000010000100100001000000100000100010000010000001000000000000100000000001010000100011000001000000000010000001000010100010000010000100010001000000000001000100100010000000001000000010000000000001100001110000000110000000000100100000100100000000001010000000000000010000000000001100000100100010000011000000000010000000000000000100000001010,8b4d8f2e800fc255c2fdaf9dc8332114dc6399154d0aeb5777459e4faf593c83,row_sparsity,row_sparsity|conj|2c5e43f84a|rng=MT19937-RandomState,,3,3,1,uniform,1;2;3,0.3333333333333333;0.3333333333333333;0.3333333333333333,0.00046506430953741074,5.089305341243744e-05,0.0,0.0,0.0,0.0005201967433094978,0.0005159573629498482,10,1024,1,4,identity_submatrix_identifiable,0,,,exclude_x,0,0,0,1,0,1,0,0,0,0,1,1,1,1,0,0.00547751784324646
4,50,10,100,869815370,12,conj,glucose42,MT19937-RandomState,0.000572563149034977,10000010100100000000000000000100100000000000000100000101001000010000100000000110001000000000000101001000010000100000000000000010010000000001001001100000000110001010000100000000010000010000000010010100000000010000000000100001000000000010100000000110000100010000000011010000001010000010000000000010000110000100000000010100001010000000001001000100000000000001100101000001010001000000010010000100000101000100000000000000000100101000000010001000011000001000000110100010000000100001100000000010000001000010,03a056fc61496bf31422ffbe3640bd53e8315db94051559cda7255d38970de0f,row_sparsity,row_sparsity|conj|2c5e43f84a|rng=MT19937-RandomState,,3,3,1,uniform,1;2;3,0.3333333333333333;0.3333333333333333;0.3333333333333333,0.0005035735666751862,5.776993930339813e-05,0.0008397959172725677,0.0009928727522492409,0.004760349169373512,0.0071588000282645226,0.002394012175500393,17,971,1,6,SAT_unsat_identifiable,1,boolean_factorization,exclude_x,exclude_x,0,693,2907,0,1,1,0,0,0,0,1,1,1,0,0,0.006488053128123283
4,50,10,100,869815370,13,conj,glucose42,MT19937-RandomState,0.0005679605528712273,00000000100100000000000010001000010000000110000000010000000000001010100001010000101000000100010001001000000110100000100001001000000010101000000000100000001000000000001000000100010001000000001100000000010000000000100000000010010001110000100000000100100000000001000000000100000000010010000001100000001010000000100110000000011010000000000100100001000010000000100001000000100000100000100000010001010000000001001001000000001000000001000110000001010000000000000100000000010100000010000010010100000000011000,23325be94aa86ca4bce057140c15bc77d810392484ef49bcd7adfde747817e39,row_sparsity,row_sparsity|conj|2c5e43f84a|rng=MT19937-RandomState,,3,3,1,uniform,1;2;3,0.3333333333333333;0.3333333333333333;0.3333333333333333,0.0004924098029732704,5.507376044988632e-05,0.0007538460195064545,0.0009888475760817528,0.0035540685057640076,0.005848064087331295,0.002290177159011364,15,1006,1,6,SAT_unsat_identifiable,1,boolean_factorization,exclude_x,exclude_x,0,615,2553,0,1,1,0,0,0,0,1,1,1,0,0,0.006369916722178459
4,50,10,100,869815370,14,conj,glucose42,MT19937-RandomState,0.000562555156648159,00000100101000001000000010100000010000010000100000011000000010000000100010000001001100000000000100100010000010100000100000000010000100010000110010000011000000100000000010000010101010010010000100100001000010010000101000001000010000000001000100001010100010100010010001000001001000100100000100000000100001000000000010000000010000001010010000100000000010000010100001001000001000100000100100010000000001000000001001110000000000000011000000010000001000100010100000000000001000100000000100000000100110000100,db93fdc1c8385f83ee9c030f385ed92a6be21347aabdcd964ddf4f3f6aeb14c6,row_sparsity,row_sparsity|conj|2c5e43f84a|rng=MT19937-RandomState,,3,3,1,uniform,1;2;3,0.3333333333333333;0.3333333333333333;0.3333333333333333,0.0006521129980683327,6.431993097066879e-05,0.0010730009526014328,0.0009912597015500069,0.005419621244072914,0.008204403333365917,0.002780693583190441,23,938,1,6,SAT_unsat_identifiable,1,boolean_factorization,exclude_x,exclude_x,0,967,4013,0,1,1,0,0,0,0,1,1,1,0,0,0.007413649931550026
4,50,10,100,869815370,15,conj,glucose42,MT19937-RandomState,0.0005688350647687912,00011000010110001000000110000001001000000000000110100000000000000000010110000000001000000000000010000000000010000000010000010000001001000100110001000010000000110100000000011000000000010000100000011100100000100001000010000101010000000000001000000110000000001011000000110010000000001011000000010000010000000000010000110000000010000010000110000000100110000000001000100100100000100001000000100000000001000100000000010101000000101000000010011000010000010000101100000000000001010000100100000000010011000001,b0db3ea0fcc668ec86f924b73ed3539563d2bff204c56f0e99e0d6a4bdc274d4,row_sparsity,row_sparsity|conj|2c5e43f84a|rng=MT19937-RandomState,,3,3,1,uniform,1;2;3,0.3333333333333333;0.3333333333333333;0.3333333333333333,0.0005421405658125877,5.42663037776947e-05,0.0007144743576645851,0.0009925458580255508,0.003564096987247467,0.005871353670954704,0.0023034270852804184,14,964,1,6,SAT_unsat_identifiable,1,boolean_factorization,exclude_x,exclude_x,0,586,2387,0,1,1,0,0,0,0,1,1,1,0,0,0.006005158647894859
4,50,10,100,869815370,16,conj,glucose42,MT19937-RandomState,0.0005610538646578789,00010101000000101000100000010001000000000100010000010000000000001001000000001000000011000100010100100000100011000010000010010001000101000000000000100010000001000000001000000000011000000001000010000010100000000000000110100100001100100010000000000001000100000100010000000101100100000000000011001010001000011000000000010000000001001110000000000000000111010000010000100101000100001010000100000000010000000001110000011000000001000001100100000001010001010000000110100000110001000000000100100100100010000010,65a74668f65d90d820e27da43b970cedd998464c5fa35a949ec61c2460228025,row_sparsity,row_sparsity|conj|2c5e43f84a|rng=MT19937-RandomState,,3,3,1,uniform,1;2;3,0.3333333333333333;0.3333333333333333;0.3333333333333333,0.0005903393030166626,5.578063428401947e-05,0.0007765600457787514,0.000997280701994896,0.004625638946890831,0.007049426436424255,0.0024199606850743294,16,896,1,6,SAT_unsat_identifiable,1,boolean_factorization,exclude_x,exclude_x,0,684,2763,0,1,1,0,0,0,0,1,1,1,0,0,0.0061936890706419945
4,50,10,100,869815370,17,conj,glucose42,MT19937-RandomState,0.0005543967708945274,10000000000010101000000100000000100000000100001001100100000100001010010110010000010100000000011000000000100001010000000011000010001000010000011000010000000100000000100000000100010000000001010000111000000001000000001000000000011000000000001000000100000001000011000001011010000001000100000110000011000000000101000000001000100010001010000010000010000000000000100000100000000010010000111000000000000101000000001101000000111010000000001100100000001001000000110100000000010000111000000010001000100000001010,9607bdf6c3a4a83c6fe7daafab99561589760bfbf3ef1e82a38ce6563a5dd98a,row_sparsity,row_sparsity|conj|2c5e43f84a|rng=MT19937-RandomState,,3,3,1,uniform,1;2;3,0.3333333333333333;0.3333333333333333;0.3333333333333333,0.0005999607965350151,6.0092657804489136e-05,0.0009132865816354752,0.000998745672404766,0.006698450073599815,0.009274660609662533,0.0025720857083797455,19,948,1,6,SAT_unsat_identifiable,1,boolean_factorization,exclude_x,exclude_x,0,821,3316,0,1,1,0,0,0,0,1,1,1,0,0,0.0066287936642766
4,50,10,100,869815370,18,conj,glucose42,MT19937-RandomState,0.0005612354725599289,00000100000000010010000000000100010000000010000010000000110000100000000000001000100000000001000011000000000010010010000000000000101000010000000001000110000000011000000010000000001000000010000010001000000001000000000111000000100000100000000010000100100001010000001000001110010010000000100000000100000000100001000000001001110000000000000011010010100100000000100000010010000001100010000000100000000100000000000001000000111001000001010100001000100000000001000000100000000001000000000110011000000000100010,a8f5a754924860ce70327e504217c1b7457a40e156d7d9c8e9131008b0f17957,row_sparsity,row_sparsity|conj|2c5e43f84a|rng=MT19937-RandomState,,3,3,1,uniform,1;2;3,0.3333333333333333;0.3333333333333333;0.3333333333333333,0.0005015963688492775,5.515478551387787e-05,0.0007530152797698975,0.0009982120245695114,0.003993379883468151,0.006305440329015255,0.0023079784587025642,15,908,1,6,SAT_unsat_identifiable,1,boolean_factorization,exclude_x,exclude_x,0,615,2553,0,1,1,0,0,0,0,1,1,1,0,0,0.0061254724860191345
4,50,10,100,869815370,19,conj,glucose42,MT19937-RandomState,0.0005569504573941231,00000100101000000100001000011000010001000110000000000100000000110000011001000000100100000000000100000110010000010000000001000000100010010001000000011011000000011000010001000010010000010000000100000010001000001000000001000010101000100000100100000011000000100000000101010000000001100001010100100100000010011000000000000001100000001110100001001000000001101000000001100000100000010010000111000000010000100001110000000000100000000100100000000010010000001010010001000011000000000010010000001000010000100100,d43f7161ad84140e3cf0ccbae85dd5feb7ee1fc841fa7281c15b7322bd071465,row_sparsity,row_sparsity|conj|2c5e43f84a|rng=MT19937-RandomState,,3,3,1,uniform,1;2;3,0.3333333333333333;0.3333333333333333;0.3333333333333333,0.0005606980994343758,5.805399268865585e-05,0.000826958566904068,0.0010086288675665855,0.004122273065149784,0.006580786779522896,0.002454339526593685,17,974,1,6,SAT_unsat_identifiable,1,boolean_factorization,exclude_x,exclude_x,0,703,2918,0,1,1,0,0,0,0,1,1,1,0,0,0.0065727923065423965
4,50,10,100,869815370,20,conj,glucose42,MT19937-RandomState,0.0005673300474882126,00110000000000010100000010000010000000100100010100100001000011000000010100010000000000010000000000010000000100000001000000000000100100000000010000000100000100001000000000100001000000000000010011000000100000001010000110001001001000011000100001010000100000100000001000001000001010100000010000100000101000000000101000000000110001000001001000000000101001010000010101000100000000010000000000011000010010000001000000000010000000000100110001110000100100000000000010000100001000000010000000100100011000001000,fb41dfdfa2804cb406f1bf4c308115b50e8918d28fb12a1079c3221c31435b62,row_sparsity,row_sparsity|conj|2c5e43f84a|rng=MT19937-RandomState,,3,3,1,uniform,1;2;3,0.3333333333333333;0.3333333333333333;0.3333333333333333,0.0005234535783529282,5.925819277763367e-05,0.0006817178800702095,0.0009865760803222656,0.003208407200872898,0.005463351495563984,0.002251005731523037,13,952,1,6,SAT_unsat_identifiable,1,boolean_factorization,exclude_x,exclude_x,0,537,2199,0,1,1,0,0,0,0,1,1,1,0,0,0.0059721339493989944
4,50,10,100,869815370,21,conj,glucose42,MT19937-RandomState,0.0005574403330683708,10000000000000001000000000000100100000000100110000000010001010001010000001010010100100000000101100000000110000010010000100100100010000000100000000001000000100100001010001011100000000011000011000001010010110000011000010001000100001000010000001100000101010000001000000000100001010100000000100000010100001010100000110000001100000000100000100001100000000110000001001100001000000101000000001001000100000101000000000100000000000000000100000000001101000000001011000000101100000000100000000000010000000001100,8842c0f2e607315ba8401eaafdf62114a45a6fc17fb0de706ed27edb7fbe5b7e,row_sparsity,row_sparsity|conj|2c5e43f84a|rng=MT19937-RandomState,,3,3,1,uniform,1;2;3,0.3333333333333333;0.3333333333333333;0.3333333333333333,0.0005844039842486382,6.006285548210144e-05,0.0008722459897398949,0.0009874757379293442,0.004279441200196743,0.006787297315895557,0.0025041885673999786,18,962,1,6,SAT_unsat_identifiable,1,boolean_factorization,exclude_x,exclude_x,0,792,3150,0,1,1,0,0,0,0,1,1,1,0,0,0.006608546711504459
4,50,10,100,869815370,22,conj,glucose42,MT19937-RandomState,0.000558038242161274,00001000001000010000000001001001100100000000001000000001000000100001000000001100000001000100000100000000000001100000000000000001000000101000000000001010100010000101000100010100000100000000011011000000000101010000000001000000000010000001100100000001000001100100010000000110000000000100000100001100010000000010000100100000000110100000000010111000001000100101000000001000100100110000100000000000000100000100100000000100000000000001000000001000001000000000000000010100100000000010000100000010001000001010,bf168104cc0ea6186e7ff49e1fb0f18ec79eb30a14e7f9a24c1371eadb54d472,row_sparsity,row_sparsity|conj|2c5e43f84a|rng=MT19937-RandomState,,3,3,1,uniform,1;2;3,0.3333333333333333;0.3333333333333333;0.3333333333333333,0.0004959320649504662,5.351752042770386e-05,0.000674971379339695,0.0009729238227009773,0.0035442039370536804,0.005745206959545612,0.0021973447874188423,13,976,1,6,SAT_unsat_identifiable,1,boolean_factorization,exclude_x,exclude_x,0,527,2188,0,1,1,0,0,0,0,1,1,1,0,0,0.006005402654409409
4,50,10,100,869815370,23,conj,glucose42,MT19937-RandomState,0.0005546864122152328,01000010010000000010000000010100001001000000001000011000000001001000000010000000010000100001100000000010000010001000100000100100001000001000000010001000010000010001000010000000010000101100001001000100100100100000000100011000000001000000100000000000110000100100000001000110100000100100011000001100100000010000000010001100000110100001000000010000000011000010100110001000000000101000000100100000000000101000010000010000000000011000000000000001000000110100101010000100000001000100000000001010100000001100,762b01b84edff8cd2eedbb438f430d737c7a1f3181999d755f3f2bcceb6c2838,row_sparsity,row_sparsity|conj|2c5e43f84a|rng=MT19937-RandomState,,3,3,1,uniform,1;2;3,0.3333333333333333;0.3333333333333333;0.3333333333333333,0.0006386665627360344,6.473157554864883e-05,0.0010327603667974472,0.0009823469445109367,0.005111382342875004,0.007833939045667648,0.002718505449593067,22,953,1,6,SAT_unsat_identifiable,1,boolean_factorization,exclude_x,exclude_x,0,928,3836,0,1,1,0,0,0,0,1,1,1,0,0,0.007219906896352768
4,50,10,100,869815370,24,conj,glucose42,MT19937-RandomState,0.0005538817495107651,00000010001000000100010110000010100100000100001100000001001000000000100000010000000000101000000000100001010000100010000000010011000000100010001000011001000001000100010010000100000010011000001000100010001101000010010000000000000100000000010001001000000001000001000000001000000100000000100000000100000010000101000000010000000001000000010000000000000001001010100000101100000010000100001100100001000010000000010100000000011110000000001000100100100000000000000000100000100001010100010000100000001000001000,999abb462d88e4c2cd60a28f231da6e81b54478457fd95cf61bea52182101405,row_sparsity,row_sparsity|conj|2c5e43f84a|rng=MT19937-RandomState,,3,3,1,uniform,1;2;3,0.3333333333333333;0.3333333333333333;0.3333333333333333,0.0005503622815012932,5.3328461945056915e-05,0.0006711790338158607,0.0009901048615574837,0.003521699458360672,0.005790519528090954,0.0022649746388196945,13,976,1,6,SAT_unsat_identifiable,1,boolean_factorization,exclude_x,exclude_x,0,527,2188,0,1,1,0,0,0,0,1,1,1,0,0,0.005956163629889488
4,50,10,100,869815370,25,conj,glucose42,MT19937-RandomState,0.000558631494641304,01000000000000100010000011100000001000000001001000100000100001000010000000010000111000000011001000000010000000000010100001000000001000000110100000001010100000100000010001010000000000000000100010100010000010010001000000000001010100100001000000011000000110000001000100000000000010000000000001100000000000000000010001000100010001000000010101000000001110001000000010000100101000010000000001000100011001001001000001000000000100000000100000100100110000000101000010000001010010010011000001110000000001000100,35ad3f6f8becb53873cb6dd14653077961ca72dfcbb90e7d81951f14c199fe2b,row_sparsity,row_sparsity|conj|2c5e43f84a|rng=MT19937-RandomState,,3,3,1,uniform,1;2;3,0.3333333333333333;0.3333333333333333;0.3333333333333333,0.0005445294082164764,5.278643220663071e-05,0.0006773937493562698,0.0009757243096828461,0.00409364327788353,0.006347682327032089,0.002250433899462223,13,944,1,6,SAT_unsat_identifiable,1,boolean_factorization,exclude_x,exclude_x,0,537,2199,0,1,1,0,0,0,0,1,1,1,0,0,0.005835491232573986
4,50,10,100,869815370,26,conj,glucose42,MT19937-RandomState,0.0005463501438498497,00001000110010000100010000010000000100000100110000000000010001000011000011001000100000000000001001000010000000100000000101000010000001010000001000000010000000110000001010000001100000010010010011000010101000000000010000000100000001101010000001000010000001100010000000000100000000010000010000011010000000000000100000010000110000100000000100010000000001001001000001001010000010000110000001000010000000000001000100000010001000010100000101100000000000100000110000001000100000000010001110000000110000000001,f2d1079f45efc062ce1b89f88c286483aeb38d8acd5c0eda24723bd0621dd1a3,row_sparsity,row_sparsity|conj|2c5e43f84a|rng=MT19937-RandomState,,3,3,1,uniform,1;2;3,0.3333333333333333;0.3333333333333333;0.3333333333333333,0.0005691191181540489,5.9602782130241394e-05,0.0008720811456441879,0.0009821504354476929,0.004260980524122715,0.006748056039214134,0.002482953481376171,18,955,1,6,SAT_unsat_identifiable,1,boolean_factorization,exclude_x,exclude_x,0,762,3117,0,1,1,0,0,0,0,1,1,1,0,0,0.006479961797595024
4,50,10,100,869815370,27,conj,glucose42,MT19937-RandomState,0.00055743008852005,00000010100001000000011001000000110010000001100000000001000000101000101000000000001001000010000001000000010000000100100101010000001010000100011000000000000101000100000000010100010010000000000000100000000000100001000010001011000000001011000000010000000000001000000100000001000000010001001000000101000000000000010000000101000100000100100000000000000101001000001000000100000000100000110000100001000001000101100000000000001000100100000010010001001000000000000100100101000010001000100010000000101010100000,9f4d5fe0c3f850780d8bbc1a43502c613a40d7f6e8b23bae1d6bfa837865f7e1,row_sparsity,row_sparsity|conj|2c5e43f84a|rng=MT19937-RandomState,,3,3,1,uniform,1;2;3,0.3333333333333333;0.3333333333333333;0.3333333333333333,0.0005733491852879524,5.374010652303696e-05,0.0006742300465703011,0.0009769033640623093,0.0039350902661681175,0.006217029877007008,0.0022782227024435997,13,992,1,6,SAT_unsat_identifiable,1,boolean_factorization,exclude_x,exclude_x,0,517,2177,0,1,1,0,0,0,0,1,1,1,0,0,0.005992894060909748
4,50,10,100,869815370,28,conj,glucose42,MT19937-RandomState,0.0005493815988302231,00000100000110001000000000100010000010001000000000000110000001100000000000001101000000100100000000010000000010000010000001000000010000000010000001010010000000001010000000000110000100000101010000001000001010000000000100001000000011110000000000001000000010011000011000000011000000000001000110000001000100000100000001010001010000000001000000000000101100000000100010000010001001000000000001000000000100100000001011100000010010000000100000000001000010000010000000000100000000111000000010100000000001000101,af9e7f47292ad212814f4223a27e993c0e77a00a2e16d659cbd5e849d23503f8,row_sparsity,row_sparsity|conj|2c5e43f84a|rng=MT19937-RandomState,,3,3,1,uniform,1;2;3,0.3333333333333333;0.3333333333333333;0.3333333333333333,0.0005371114239096642,6.164330989122391e-05,0.0009468989446759224,0.0009846612811088562,0.004979589954018593,0.007514039054512978,0.0025303149595856667,20,887,1,6,SAT_unsat_identifiable,1,boolean_factorization,exclude_x,exclude_x,0,870,3504,0,1,1,0,0,0,0,1,1,1,0,0,0.006584621965885162
4,50,10,100,869815370,29,conj,glucose42,MT19937-RandomState,0.0005458928644657135,00000001000110000000010000100010001000000010000000000001101000010000000001011000000000101000011000010000010000100000101010000100010001110000001000000100000001100000000010000101100000001001000000011000000010000001010000000001000010000010000001011000000100000000000101100000000001000010110000000000101000100010010000000010000000001000001000011000110000010000000001010000000000100011010010001000101000000000001011010000000010000011000010001010010000010001000010000001001100010000100000000110100001000000,edf68e629ec2d9e6499223234ce42c49264bd9cb206cf76f5c6b08b60be3506d,row_sparsity,row_sparsity|conj|2c5e43f84a|rng=MT19937-RandomState,,3,3,1,uniform,1;2;3,0.3333333333333333;0.3333333333333333;0.3333333333333333,0.0005695046856999397,5.8797188103199005e-05,0.0009101899340748787,0.0009859474375844002,0.004685666412115097,0.007214265875518322,0.0025244392454624176,19,831,1,6,SAT_unsat_identifiable,1,boolean_factorization,exclude_x,exclude_x,0,831,3327,0,1,1,0,0,0,0,1,1,1,0,0,0.006415748968720436
4,50,10,100,869815370,30,conj,glucose42,MT19937-RandomState,0.0005160393193364143,00100010000000010100000100101000010000000000011000001000010000000100000010100010000001000000000000010000000010000000001000000001010001000000000000100000000001100100010000001101000000000010000001010000001110000000000010000000000010000010000000100000000010000000110000000000110000000100000000100000001000000111000000100000100000001010100100000100000000000100000001000100001000100010000001000001010000000010000000101010000000100100010101000001100001000000010000010000000001000000101000001001001001000000,ca830c64134760de3dd7e738fee0cd5625c8d63745342c742c73f805a8cd3eab,row_sparsity,row_sparsity|conj|2c5e43f84a|rng=MT19937-RandomState,,3,3,1,uniform,1;2;3,0.3333333333333333;0.3333333333333333;0.3333333333333333,0.000555720180273056,5.92479482293129e-05,0.0008658478036522865,0.000983571633696556,0.005912653170526028,0.008381369523704052,0.0024643875658512115,18,986,1,6,SAT_unsat_identifiable,1,boolean_factorization,exclude_x,exclude_x,0,732,3084,0,1,1,0,0,0,0,1,1,1,0,0,0.006682499311864376
4,50,10,100,869815370,31,conj,glucose42,MT19937-RandomState,0.0005617896094918251,00010100010000001010000100000100001100000000000001000100000000001001100000010000000000001000100000000000000001000000100110010001000010001000000101100000110000001001000001100000000000000011001000001100010100100001000011000000000010010000100010010100000000011001000000000110000001000100000000000010001100000001000000100000100010100000000001000000100101001001010000110010001000010001000000010000100000000000010000010000000000000000100010000010010100010000000000100101001000001001000000001000100000001000,c86a8b02fa3516ec064a6050d30cbde9a1c60f382895df55fafac9b4698c814c,row_sparsity,row_sparsity|conj|2c5e43f84a|rng=MT19937-RandomState,,3,3,1,uniform,1;2;3,0.3333333333333333;0.3333333333333333;0.3333333333333333,0.0005028164014220238,4.906114190816879e-05,0.0,0.0,0.0,0.0005547367036342621,0.0005518775433301926,10,1024,1,4,identity_submatrix_identifiable,0,,,exclude_x,0,0,0,1,0,1,0,0,0,0,1,1,1,1,0,0.0055235521867871284
4,50,10,100,869815370,32,conj,glucose42,MT19937-RandomState,0.0005476893857121468,01000100010010010000000000010101000000000001011000000000001000000010001000000100010000000000000011000100000011100100000000100010010100010010000000000100000011001000010000100000100000001001000000001010000000010000100011000000111000000000000100100000000010000000001000000001000000010000111000000001001000010100100000010010100000001000000010001000000101010000000000001100101000000011000000100000000000010000001010000110000000011000000010011000000010010010000001000100000000001000011000100001000000100101,2c3323a88208dbe24ac52a23c0e508cad68b3517adb4df0512a4ba95608048ff,row_sparsity,row_sparsity|conj|2c5e43f84a|rng=MT19937-RandomState,,3,3,1,uniform,1;2;3,0.3333333333333333;0.3333333333333333;0.3333333333333333,0.0005283188074827194,6.071850657463074e-05,0.0009494954720139503,0.0010091019794344902,0.005008227191865444,0.007559848017990589,0.0025476347655057907,20,835,1,6,SAT_unsat_identifiable,1,boolean_factorization,exclude_x,exclude_x,0,870,3504,0,1,1,0,0,0,0,1,1,1,0,0,0.006578389555215836
4,50,10,100,869815370,33,conj,glucose42,MT19937-RandomState,0.0005527092143893242,00000100011000010000000001010111000000100100000011100110000000100000000000010000100000010010000000000000010000001001000100000010110000101010111000000000010110000000000100001000110011000000000000000001000101010000000010101001000100000100000000001001001100000000001000000010000100100110000000110010000010010000100010110000001100001000000100000010100100010000110010000010010000100011000010100000100000010001010000000000001010000110001000000100000000110100010001101000000000000010100000010000110000111000,9aaf3523336502e8d04ffcb30455ab9bd2c0bd415387e92ca806878abd34bf75,row_sparsity,row_sparsity|conj|2c5e43f84a|rng=MT19937-RandomState,,3,3,1,uniform,1;2;3,0.3333333333333333;0.3333333333333333;0.3333333333333333,0.0007279040291905403,6.47231936454773e-05,0.001061292365193367,0.0009984085336327553,0.005770913325250149,0.008627711795270443,0.00285232812166214,23,888,1,6,SAT_unsat_identifiable,1,boolean_factorization,exclude_x,exclude_x,0,1037,4090,0,1,1,0,0,0,0,1,1,1,0,0,0.0069719841703772545
4,50,10,100,869815370,34,conj,glucose42,MT19937-RandomState,0.0005561597645282745,00000001000010000000000001010000000100000000000010100001000000000001000010001001000001000000101100000000011100100000000000001000010110000000100000110001000100100010001100010000000000000100010100000001000000100010000000000000001000110000000000001000110010101000000001000001000000000100100100001001000100001101000000010000000100000000000000010000010000000001000000001101000100000000000100100110000000000000000110011100000001010000010101010000100100010000100000000101000001001000000010000000000010010001,479ea4e9ed930019365b44e0b5b201d1e355be377ba6ad64154da5f79d1890de,row_sparsity,row_sparsity|conj|2c5e43f84a|rng=MT19937-RandomState,,3,3,1,uniform,1;2;3,0.3333333333333333;0.3333333333333333;0.3333333333333333,0.000492556020617485,5.4446980357170105e-05,0.0007116952911019325,0.001015806570649147,0.003484601154923439,0.005762899294495583,0.0022745048627257347,14,920,1,6,SAT_unsat_identifiable,1,boolean_factorization,exclude_x,exclude_x,0,596,2398,0,1,1,0,0,0,0,1,1,1,0,0,0.005914047360420227
4,50,10,100,869815370,35,conj,glucose42,MT19937-RandomState,0.0005508726462721825,00001000101001000100000001000000000010000101000000011000010000000001000000101001001000001000000000100000010001000101010001000000001001010000100000000000100010001000000000000001000001101000000000011000011000010001001000100000100000000100000000011000000000001010000000001100000001010000000010000001000000011000010100000000000010000110000001010001100000001010001000101100000001001010100000000000111000000000010000000111000000000001000100001001001100100001110000001001010000100000101000111000000000100000,8b9f407a3d2d354432bb5c972e40ec961e4244a7be1f941834121afde5a3466d,row_sparsity,row_sparsity|conj|2c5e43f84a|rng=MT19937-RandomState,,3,3,1,uniform,1;2;3,0.3333333333333333;0.3333333333333333;0.3333333333333333,0.0006130840629339218,6.02230429649353e-05,0.0009440872818231583,0.0009959973394870758,0.0061533208936452866,0.008770872838795185,0.002613391727209091,20,958,1,6,SAT_unsat_identifiable,1,boolean_factorization,exclude_x,exclude_x,0,860,3493,0,1,1,0,0,0,0,1,1,1,0,0,0.006690620444715023
4,50,10,100,869815370,36,conj,glucose42,MT19937-RandomState,0.0005483431741595268,00000100000000001000010000000101000000000010010000000010100000000000010010100001010000001000010010000000000100011100000010000001000001000000010000000000110001000011000000001010000100110000100000000010100000000001000010100000110010100000001000100000001000100000100010010000000010001001000001000100000010000100010010000000000000000110010000000001100100001100000110000100100100000101101000000110010000001101000000000010001000100010000000110000100100001000100001000000011100001000000001000101000001101000,a9ca3a460aa3e1f7a367fe5a7bc47fa42c7307522516529633c377cad2ba7b8d,row_sparsity,row_sparsity|conj|2c5e43f84a|rng=MT19937-RandomState,,3,3,1,uniform,1;2;3,0.3333333333333333;0.3333333333333333;0.3333333333333333,0.0006597870960831642,5.4683536291122437e-05,0.0007432596758008003,0.000991574488580227,0.003558303229510784,0.006011413410305977,0.002449304796755314,15,1006,1,6,SAT_unsat_identifiable,1,boolean_factorization,exclude_x,exclude_x,0,615,2553,0,1,1,0,0,0,0,1,1,1,0,0,0.0121163260191679
4,50,10,100,869815370,37,conj,glucose42,MT19937-RandomState,0.0005580447614192963,00100000001000101000100000100010000001000101001000000010000100101000001100000001000101000000000010000001000000100010000010000000101000000110000000100001000001001000000010100000000000000010000000001000000100000000001100000100100000100000100100000100001000110000100001001000001000001000100010001000100100001001001000011000001100000001000000110001000100000100000000000010000011010000000000001001000000000000000100100000100001000011001100000010000000001001000000100000100000100000011000000001000001100100,dd7cf5bee9b34132d15bb4d59c1ef228f421c1f8bde22bb777ed971e728852a9,row_sparsity,row_sparsity|conj|2c5e43f84a|rng=MT19937-RandomState,,3,3,1,uniform,1;2;3,0.3333333333333333;0.3333333333333333;0.3333333333333333,0.0005611833184957504,5.310121923685074e-05,0.000712408684194088,0.0009798584505915642,0.004683112725615501,0.006993974559009075,0.0023065516725182533,14,920,1,6,SAT_unsat_identifiable,1,boolean_factorization,exclude_x,exclude_x,0,596,2398,0,1,1,0,0,0,0,1,1,1,0,0,0.006076314486563206
4,50,10,100,869815370,38,conj,glucose42,MT19937-RandomState,0.0005547963082790375,01000000010011001000000101010000010000001100010000000100000000000100000000010000100100010010000110000010010100000010010101000000000001000000000000000100100000000000000100000010000000010000100010100001001000001001100000101000001010000000100000000100100101100000100000001110100000100001000010010001000000000000110000000001000111000000100101000100000000000000101000000000100000010000000000000100000001000010000101000010100001000000110000000001001000011000000000101110000000000000001010000000000100010001,371483248b6777125408f82b30931968fd35fd739405dac58c5ba93a4dec6bc8,row_sparsity,row_sparsity|conj|2c5e43f84a|rng=MT19937-RandomState,,3,3,1,uniform,1;2;3,0.3333333333333333;0.3333333333333333;0.3333333333333333,0.0005029374733567238,5.053076893091202e-05,0.0,0.0,0.0,0.0005565593019127846,0.0005534682422876358,10,1024,1,4,identity_submatrix_identifiable,0,,,exclude_x,0,0,0,1,0,1,0,0,0,0,1,1,1,1,0,0.005516489967703819
4,50,10,100,869815370,39,conj,glucose42,MT19937-RandomState,0.0005558375269174576,00000010011000001000001000000001010100001000010100000001000100000010000000110001001000001010010001000010000001001100001000100010001000000001100000001000000000101001100000100000010101000000001000001000010000000001100010000000000001001000000100001010010100000001100000010001000000111010010000010100000000000010000001000010000000011000001000010000000001000100100001000100000010001001100000000000100000000000001000010000000001001100000001001100001010000110100100001101000000000000011100001000011000110000,f1cdd9ef5d9d28083d7d30e97bb4c03bdc34bb44f292beb46972c26abacd334c,row_sparsity,row_sparsity|conj|2c5e43f84a|rng=MT19937-RandomState,,3,3,1,uniform,1;2;3,0.3333333333333333;0.3333333333333333;0.3333333333333333,0.0006251689046621323,6.376020610332489e-05,0.0009893709793686867,0.0009901272132992744,0.00607696920633316,0.008749489672482014,0.0026684273034334183,21,767,1,6,SAT_unsat_identifiable,1,boolean_factorization,exclude_x,exclude_x,0,929,3703,0,1,1,0,0,0,0,1,1,1,0,0,0.006564115174114704
4,50,10,100,869815370,40,conj,glucose42,MT19937-RandomState,0.0005843276157975197,00000100001110000000000000001001000000010000010100010010100001000011001100001000000000100000001000010000100000000110000101100000000000010010001000100101000000100010001001000000010110000000001000000000000100000000000100000001000000001010000010000000000001110000101000001010000000001001000010011000000000000101000000100110000000010001010001000100000010100000001100000100101000000010000000000100001000100000011000100010000010000000000010000101000000101000000001000011000000000101100011001000000001100000,3a56d6098b2e3f1b53d058d845dc70f213dcb88f5e3d1f2f9ee96a5fc29b3194,row_sparsity,row_sparsity|conj|2c5e43f84a|rng=MT19937-RandomState,,3,3,1,uniform,1;2;3,0.3333333333333333;0.3333333333333333;0.3333333333333333,0.0005762595683336258,6.458256393671036e-05,0.0009990241378545761,0.0009927349165081978,0.004940779879689217,0.007577959448099136,0.00263260118663311,21,972,1,6,SAT_unsat_identifiable,1,boolean_factorization,exclude_x,exclude_x,0,919,3692,0,1,1,0,0,0,0,1,1,1,0,0,0.007127364166080952
4,50,10,100,869815370,41,conj,glucose42,MT19937-RandomState,0.0005783103406429291,00000010000000001100110100000000001100011000100010000000001010000000001000010010100000000000000010001000000000000001010000000010000101010000001000010001100000010100100010000000111000000000010000011000000010000000001010000100011000100000000001100000100101000000110000000010100001000000000101010000000100001001010100001100000101000001100000011010000000000001001010000010100110001000000110010000100000010100000000000000101100000101000000001000101001000000010000101000000010011000000000000010000000100000,7d7050276f822ad80473297bcd611e3ee438591753f50a1158ac93f7c712a636,row_sparsity,row_sparsity|conj|2c5e43f84a|rng=MT19937-RandomState,,3,3,1,uniform,1;2;3,0.3333333333333333;0.3333333333333333;0.3333333333333333,0.0007030423730611801,6.480701267719269e-05,0.0009701335802674294,0.0009843837469816208,0.008150959387421608,0.010877618566155434,0.002722366712987423,21,910,1,6,SAT_unsat_identifiable,1,boolean_factorization,exclude_x,exclude_x,0,889,3659,0,1,1,0,0,0,0,1,1,1,0,0,0.006809379905462265
4,50,10,100,869815370,42,conj,glucose42,MT19937-RandomState,0.0005459021776914597,00000001000001000000010101000000000000010000001100011000010000000100100100000001000101001000100010001001000000000010010100101010000001000100010000100011000000000010000000001000001100000010001010000001000000001000000001000000010000010000001000000001100010010010000100001000010100100101000000001001000110100001000100000000000000000111100000001001001000000010000100001100000001010100101000100000010000000100100100000010000001000000000000000001010100000000000010010110000001000001100000010000100010000010,42b1517708a4131a030a631a095f971b9d9fe1aaa956b7447d8793cb25120d1f,row_sparsity,row_sparsity|conj|2c5e43f84a|rng=MT19937-RandomState,,3,3,1,uniform,1;2;3,0.3333333333333333;0.3333333333333333;0.3333333333333333,0.0005499441176652908,5.393475294113159e-05,0.0007091742008924484,0.0009915465489029884,0.0035268105566501617,0.00583527609705925,0.0023045996204018593,14,952,1,6,SAT_unsat_identifiable,1,boolean_factorization,exclude_x,exclude_x,0,586,2387,0,1,1,0,0,0,0,1,1,1,0,0,0.00615802314132452
4,50,10,100,869815370,43,conj,glucose42,MT19937-RandomState,0.0005682576447725296,00000010010000000100001000000000000000010001001001000100000000000010000000101010010000000000010000001000000000101001000000011010000001000000010010000000100100100001000000100011000010000011000000100000000100100000010011001100000010000000100000100001010000000011000100000001000010010000100100000100110000000001000000001010010100001000100001010110001000000000100011001000000000000100000000001001000000000100010001000111000010000100000000001000000100000000000010010000100000000000001100101010000000010011,4f6449224553e0241a2ee2a3716742086ab032814adfe220dab3f5af1e64acf3,row_sparsity,row_sparsity|conj|2c5e43f84a|rng=MT19937-RandomState,,3,3,1,uniform,1;2;3,0.3333333333333333;0.3333333333333333;0.3333333333333333,0.0004907958209514618,5.788542330265045e-05,0.0007046116515994072,0.0009874356910586357,0.0038556568324565887,0.00610042829066515,0.002240728586912155,14,928,1,6,SAT_unsat_identifiable,1,boolean_factorization,exclude_x,exclude_x,0,596,2398,0,1,1,0,0,0,0,1,1,1,0,0,0.006007207557559013
4,50,10,100,869815370,44,conj,glucose42,MT19937-RandomState,0.0005622291937470436,01000001000001000000100000000101000001000001010001000010001000000000110000000011110010000011100000000100000101010000000001010000000100000100000000010110100001000000000100000010000100100000000100000000000011000001001001000000001000001000100110000000100000000100001001001000100100101000000000000000001000100000000000100011000110000001000001000001011000000000010000001000011010000010110000000000000000100000101100010001000000000010000001100000100101000000001100000010000001000110000100000011001011000000,3912d850db730a1dabf5b76e42a21f7e7d56dd4383f7ff7dafdc78e4cb0b6743,row_sparsity,row_sparsity|conj|2c5e43f84a|rng=MT19937-RandomState,,3,3,1,uniform,1;2;3,0.3333333333333333;0.3333333333333333;0.3333333333333333,0.0006484072655439377,6.443634629249573e-05,0.0010687150061130524,0.0009915037080645561,0.01144674327224493,0.014224061742424965,0.002773062326014042,23,944,1,6,SAT_unsat_identifiable,1,boolean_factorization,exclude_x,exclude_x,0,997,4046,0,1,1,0,0,0,0,1,1,1,0,0,0.007110633887350559
4,50,10,100,869815370,45,conj,glucose42,MT19937-RandomState,0.0005552247166633606,00000000100010000010001100000010000000010010000110000010000000000000010000010101001000001010000000000001000000010000000100000001000001010010010000000110000001000000011010000000101000100001000100000000000110000001010000000010110000010000000000000001101000110000000110100000000010000001000000010001100000001001011100001000010000001100001100100011000010010000100001010000000000000010100000000100000100000010100000000000100111010000000001100000100000010000100001100000001010100010010010000010000100000000,4f23d8621ee18fa9e5c1e94edb434df9821d0bc1c0c9037a277baca3911a91b9,row_sparsity,row_sparsity|conj|2c5e43f84a|rng=MT19937-RandomState,,3,3,1,uniform,1;2;3,0.3333333333333333;0.3333333333333333;0.3333333333333333,0.0005344394594430923,5.73648139834404e-05,0.0006657661870121956,0.0009815366938710213,0.0036034611985087395,0.005846332758665085,0.0022391071543097496,13,992,1,6,SAT_unsat_identifiable,1,boolean_factorization,exclude_x,exclude_x,0,517,2177,0,1,1,0,0,0,0,1,1,1,0,0,0.005981240421533585
4,50,10,100,869815370,46,conj,glucose42,MT19937-RandomState,0.0005591455847024918,00100000000100000000000001010000000001000100100000000000110001010000000000010100000000001000100100000101001000010000001100100010011000100000100000010000000010011000000001000001001001000000000000001010101000000101001001000001100000000100100000110000001010000001000010010000100001001000001000010000000001000010100100000100101001000001000100001000000000000011000000000011000000001101001001001000100000000100100000001000100001001000000000101001000001000101000010010000000110000001100000100000010000000001,9d8f5d6f7681ec0b763b98c23d6123d815dc9441f6217a7ab78e2806d0e075c9,row_sparsity,row_sparsity|conj|2c5e43f84a|rng=MT19937-RandomState,,3,3,1,uniform,1;2;3,0.3333333333333333;0.3333333333333333;0.3333333333333333,0.0007996242493391037,6.79362565279007e-05,0.0011931806802749634,0.0009965011849999428,0.006605618633329868,0.00966730061918497,0.0030572423711419106,26,975,1,6,SAT_unsat_identifiable,1,boolean_factorization,exclude_x,exclude_x,0,1064,4522,0,1,1,0,0,0,0,1,1,1,0,0,0.0075538065284490585
4,50,10,100,869815370,47,conj,glucose42,MT19937-RandomState,0.0005545066669583321,00100011000011001000010000000001000000000011000001011000000001010100000000000100001000100100100000010001110000101000001010001000000100000000010000100000000000100010000000101000000100010000001001000000100100000000001100000000000001000100000000000010000000001100100010100000000100000010100100000000100100100010000100001010001000100000001000000010100100101000010001001100000000000001100010000000001000011001000001010000100000000000010011001000000000100100000100000000010000000000100000000101010000000101,ed87671a8f015c8ecb738845d47d23cd872d2292e12905c3a125b2d40cfe6a69,row_sparsity,row_sparsity|conj|2c5e43f84a|rng=MT19937-RandomState,,3,3,1,uniform,1;2;3,0.3333333333333333;0.3333333333333333;0.3333333333333333,0.0004730420187115669,5.325488746166229e-05,0.0007162038236856461,0.0009838975965976715,0.003308064304292202,0.005538506433367729,0.002226398326456547,14,952,1,6,SAT_unsat_identifiable,1,boolean_factorization,exclude_x,exclude_x,0,586,2387,0,1,1,0,0,0,0,1,1,1,0,0,0.006196646019816399
4,50,10,100,869815370,48,conj,glucose42,MT19937-RandomState,0.000555671751499176,00000100100000100000000001000000010000010000011010000010000000100000100001000100100000000101000110000110000000001000000100100000010001000011000101100000000000100011000000010100100001100001000000000100110001000010000000000010100000010000000100010000011001000010010010001010000100000000001101100001000110000000101000100000000000000100100001101000001000001010010000100001000000000001011001000000010010000001100000001000010100100001101000000010001000110000000010010001001000100001000000010000000000000101,671b0d5389f77ac467f5b6b8def1b9a3e37675842953c132db4f79b1dd551e32,row_sparsity,row_sparsity|conj|2c5e43f84a|rng=MT19937-RandomState,,3,3,1,uniform,1;2;3,0.3333333333333333;0.3333333333333333;0.3333333333333333,0.0006892774254083633,6.442610174417496e-05,0.0010664146393537521,0.000980747863650322,0.005882297642529011,0.008687383495271206,0.0028008660301566124,23,946,1,6,SAT_unsat_identifiable,1,boolean_factorization,exclude_x,exclude_x,0,987,4035,0,1,1,0,0,0,0,1,1,1,0,0,0.00718380231410265
4,50,10,100,869815370,49,conj,glucose42,MT19937-RandomState,0.0005555599927902222,01010000101000001000101100000000001000100000010010011000000000100001000010000000000110010000001100010010101000000000010000100010001000001000000000100000000011011000001010010000110010000011000000010000000011000001000000001000101000000100100000010000001000100000000110000010110000000000001000011000000000101000100100010001100000000010001000000000000011010010000000100100010100000001010010000001000110000011100000001010000000000100000110001000011000000001000000010100000000001000101010100100000000100011,d1205dff699eaa8db77b774fe8fd2e103905a6080f4c4e43beeb9fd84cc37a0c,row_sparsity,row_sparsity|conj|2c5e43f84a|rng=MT19937-RandomState,,3,3,1,uniform,1;2;3,0.3333333333333333;0.3333333333333333;0.3333333333333333,0.0006766924634575844,6.242562085390091e-05,0.0010266313329339027,0.0009926538914442062,0.0077002691105008125,0.010462797246873379,0.0027584033086895943,22,929,1,6,SAT_unsat_identifiable,1,boolean_factorization,exclude_x,exclude_x,0,948,3858,0,1,1,0,0,0,0,1,1,1,0,0,0.007041016593575478
4,50,10,100,869815370,50,conj,glucose42,MT19937-RandomState,0.0005122069269418716,00100100000000100000000100000101000000000010000100000000100100000000100001000011001000010000000010100110000001010010000100011000100001010000000000001000000000100000100000001100001010000000000001000011000010000101001000000000110100010001010001110000000000000101000010000000001000000010010000001001000001000100010011010000101010000010001001000010000011101000000001000000110000011001010000110000100000000000001000100110000001000000000000010000010000010000000000011000000000000000100000010000000000000110,768c2585c0a8fad8b4bb29a3afe3425b4a0621bdfb4ec9e5b080355681781d3c,row_sparsity,row_sparsity|conj|2c5e43f84a|rng=MT19937-RandomState,,3,3,1,uniform,1;2;3,0.3333333333333333;0.3333333333333333;0.3333333333333333,0.0005752164870500565,5.6510791182518005e-05,0.0007531670853495598,0.0009861234575510025,0.003957005217671394,0.006332060322165489,0.0023710178211331367,15,1004,1,6,SAT_unsat_identifiable,1,boolean_factorization,exclude_x,exclude_x,0,615,2553,0,1,1,0,0,0,0,1,1,1,0,0,0.006331833079457283
4,50,10,100,869815370,51,conj,glucose42,MT19937-RandomState,0.0005637593567371368,00101000000000001110000000100100001000000001000000001000101000000001000100100001000000010010010000000010000010010100000010001000100000011001010000100100000001000100000010000000100010000000000000000100000100001000100000000100001100000010100001000000100000000010001010100000000000011000100010010000000000000001000010000000000001000100101100000000000100100000000000001000000000001000011000001000001000000100000000001000000010000100011000100010000011100001001000000010110000100000000000000001000001100000,d227883cd7790c1aa8afb9721ce63795cd2e8fe79c2f9c8e80da63f8f3fb44c4,row_sparsity,row_sparsity|conj|2c5e43f84a|rng=MT19937-RandomState,,3,3,1,uniform,1;2;3,0.3333333333333333;0.3333333333333333;0.3333333333333333,0.00045745912939310074,5.064159631729126e-05,0.0006346181035041809,0.0009830500930547714,0.003318862058222294,0.00544844102114439,0.0021257689222693443,12,864,1,6,SAT_unsat_identifiable,1,boolean_factorization,exclude_x,exclude_x,0,498,2022,0,1,1,0,0,0,0,1,1,1,0,0,0.005633249878883362
4,50,10,100,869815370,52,conj,glucose42,MT19937-RandomState,0.0005596047267317772,01000001000001001000110010000000011000010110100000000100011000000010000010100000000000000100001100010100001010100110000000011100001000010010001100010010000000000001100010000001001100000000100011000000100000000000011000000000100001000000100100001001101000000011000101010000011100000001110000100000100000000000010000001000000110100001000000111000001000000001000011100000001100100000000110000100000010001100100000010100001000010100010000000010101000100000001000000001001000100000000010010000000100110000,99567013149a6061e2be406b8e83f23f6ad76d5b3292db2a8ee3a3c7536c3628,row_sparsity,row_sparsity|conj|2c5e43f84a|rng=MT19937-RandomState,,3,3,1,uniform,1;2;3,0.3333333333333333;0.3333333333333333;0.3333333333333333,0.0006147539243102074,6.684660911560059e-05,0.001161370426416397,0.000995914451777935,0.005841969512403011,0.008685129694640636,0.00283888541162014,25,795,1,6,SAT_unsat_identifiable,1,boolean_factorization,exclude_x,exclude_x,0,1145,4477,0,1,1,0,0,0,0,1,1,1,0,0,0.007065383717417717
4,50,10,100,869815370,53,conj,glucose42,MT19937-RandomState,0.0005653342232108116,00000100100100100000010000000010100001000000001110101000000100000111000010001000000001000000001001000011100000000001001100000011010100010000010001000100000000100000100100000001000010000000000000000010001001000110000001000000011000100001001010000000000000010100010000101000000100110000001000110000010010100000000001000100110001000001100000010000101100000000001010001001000011000000000000010000010010000000010000100000000100010010001000000000000001100001000000000000010000000010000000000100000000010000,4c50021d76c69027a818920d48bb21727555ad7c887da155517af9eff4db34c8,row_sparsity,row_sparsity|conj|2c5e43f84a|rng=MT19937-RandomState,,3,3,1,uniform,1;2;3,0.3333333333333333;0.3333333333333333;0.3333333333333333,0.0005633002147078514,5.723442882299423e-05,0.0008541708812117577,0.0009896988049149513,0.0046232398599386215,0.0070914411917328835,0.0024644043296575546,18,854,1,6,SAT_unsat_identifiable,1,boolean_factorization,exclude_x,exclude_x,0,782,3139,0,1,1,0,0,0,0,1,1,1,0,0,0.006321080029010773
4,50,10,100,869815370,54,conj,glucose42,MT19937-RandomState,0.0005503948777914047,10000001001100000010000100001100100100000100001000001000000010000010001000100001100010000001001010000000000010000000101001100000000000101100100001000000000010000001000011001010100000000000010000011000000001100100000001000000001100010100100000000100011001000010000000000100000010001000001100001001000001000100001000110000000001000011000001000000001010001010010010000010010010000000000100000010001000000010100010000000010010000000000100000000000100000111100000000010000000000000100000001001100011000010,a75266a1664c367486f562651f2131d9a37fb1b2b1f6421f2e4e580b450be32e,row_sparsity,row_sparsity|conj|2c5e43f84a|rng=MT19937-RandomState,,3,3,1,uniform,1;2;3,0.3333333333333333;0.3333333333333333;0.3333333333333333,0.0006018271669745445,5.706213414669037e-05,0.0007962901145219803,0.0009999051690101624,0.004440569318830967,0.006899475120007992,0.0024550845846533775,16,944,1,6,SAT_unsat_identifiable,1,boolean_factorization,exclude_x,exclude_x,0,694,2774,0,1,1,0,0,0,0,1,1,1,0,0,0.00616928655654192
4,50,10,100,869815370,55,conj,glucose42,MT19937-RandomState,0.0005562659353017807,01001000000001000100010100000100000000100100001001010100000000010100001000000000000100110000000101001000000010100100000000000101010000010000000001000001000000000010010100100000000000000000110000001000000010000010000000011100000010100000010010000000100100010000001000001010010000010100001010000001000010000000010000000101001001010001010001000000100001000000010000000001100001100100000001010000000000100000100010000010000110001000101000100000010100100010010100000010000010011000000000010101000000010000,81d9307326e9af4cc8c53a97e08759f0cdc34b72514632967e92b9865c0ccaa2,row_sparsity,row_sparsity|conj|2c5e43f84a|rng=MT19937-RandomState,,3,3,1,uniform,1;2;3,0.3333333333333333;0.3333333333333333;0.3333333333333333,0.0006449008360505104,6.15343451499939e-05,0.0009842868894338608,0.000997413881123066,0.007316982373595238,0.01000911369919777,0.002688135951757431,20,894,1,6,SAT_unsat_identifiable,1,boolean_factorization,exclude_x,exclude_x,0,840,3471,0,1,1,0,0,0,0,1,1,1,0,0,0.006739788688719273
4,50,10,100,869815370,56,conj,glucose42,MT19937-RandomState,0.0005521131679415703,00001000001000001000000010011000100000110001000000001000100010000000000111000000000001001001000000000000001000000000111001000100100001001000011000000000000100001010100000000000100001000000000000000100000000100010000000111000000001000001000101001100001000000100010000000011000001000000010000010000110000110001000001000001000000010100000000010010001000000110000010100001001000000100000000000100000100011000001001100000000101000000000000000010000100000001001000011000000000100000001110000000010000001010,39d374b5741b889f8743d0aea5b44d4b7aa4db08bd61c0436450c3d3371503d2,row_sparsity,row_sparsity|conj|2c5e43f84a|rng=MT19937-RandomState,,3,3,1,uniform,1;2;3,0.3333333333333333;0.3333333333333333;0.3333333333333333,0.0004922663792967796,5.480647087097168e-05,0.0007546199485659599,0.0009810347110033035,0.0037623196840286255,0.006049036048352718,0.0022827275097370148,15,976,1,6,SAT_unsat_identifiable,1,boolean_factorization,exclude_x,exclude_x,0,635,2575,0,1,1,0,0,0,0,1,1,1,0,0,0.006244278512895107
4,50,10,100,869815370,57,conj,glucose42,MT19937-RandomState,0.0005557416006922722,00100001001001000000000000000110000000001001000000100100000000100000000010000101000000001100100000010000001001000010000000001110000000110010100000001000000011000100000000000001011000010100000010000000000000111000000010000000000100000001000000101001000001010010001000010000000001000000000100000000010000000001000000000010000001000000001000000000010001000001100000000000100011000000001001000000100000000001100000000100001000000100100010000000000001100000000000100001000000100100010001000000000010100001,1af0a195e9afb05cda066e0ecd13a17b66758fe9d2e2c39ee13538e472e0ac71,row_sparsity,row_sparsity|conj|2c5e43f84a|rng=MT19937-RandomState,,3,3,1,uniform,1;2;3,0.3333333333333333;0.3333333333333333;0.3333333333333333,0.0004312722012400627,4.9501657485961914e-05,0.0,0.0,0.0,0.00048363395035266876,0.00048077385872602463,10,1024,1,4,identity_submatrix_identifiable,0,,,exclude_x,0,0,0,1,0,1,0,0,0,0,1,1,1,1,0,0.00550565030425787
4,50,10,100,869815370,58,conj,glucose42,MT19937-RandomState,0.000541352666914463,00001000001010000001000001001001000000010000010000100001001000101000010000010000000000010010011000000000110000001001000000010001000101100000001000000001000011000101000000010100000110001000000110000000000000001000000010010000100101011100000000000100000000100100000100110000000000100000001101000001001000000000010000010010000110000100000000010110000000000101010000001000110000001000000000001000001000000000001000000000001000001000000000010000001100000111100000000001010100100001100000000100000100100000,15a9022e28713b2d29cf395c3e2fee95f52b57e0e90202d62a84a6b41194c275,row_sparsity,row_sparsity|conj|2c5e43f84a|rng=MT19937-RandomState,,3,3,1,uniform,1;2;3,0.3333333333333333;0.3333333333333333;0.3333333333333333,0.0005297847092151642,6.247498095035553e-05,0.00099088903516531,0.0009707827121019363,0.0051637617871165276,0.007721739821135998,0.002553931437432766,21,859,1,6,SAT_unsat_identifiable,1,boolean_factorization,exclude_x,exclude_x,0,929,3703,0,1,1,0,0,0,0,1,1,1,0,0,0.006916976533830166
4,50,10,100,869815370,59,conj,glucose42,MT19937-RandomState,0.0005499823018908501,00101000101000001000000000010001100000000000011001010001000001010000000000001010000001001000010000000100010010000101100000011000000010100100000000100010000000000000001010010010000000000001000100000000001000010000001010000100000001000101010000100001100010001000010000100000100000000100000000100001010000000011101001000000010000000011000000000001000100100000010100000010001100000000001001000000110000000001100010000000010000010000001000000000010000000000001110000010000000100000010000001001010000010000,1956deb5680fb84b035833b0aab0792a8f1daed30ef5630a39451c16d831802e,row_sparsity,row_sparsity|conj|2c5e43f84a|rng=MT19937-RandomState,,3,3,1,uniform,1;2;3,0.3333333333333333;0.3333333333333333;0.3333333333333333,0.0006299745291471481,6.440747529268265e-05,0.0009520724415779114,0.000983159989118576,0.00531704630702734,0.007950709201395512,0.002629614435136318,20,836,1,6,SAT_unsat_identifiable,1,boolean_factorization,exclude_x,exclude_x,0,880,3515,0,1,1,0,0,0,0,1,1,1,0,0,0.00647176057100296
4,50,10,100,869815370,60,conj,glucose42,MT19937-RandomState,0.0005723442882299423,01000001010000001000001010000100010000000000010000000010001111000001000000001000000000100001000110000000000100010010001000000010000001000000000100000000000111000000010100011001000010000000010000001000000001100010100000001000000100100100000101000001101100000000010101000000001000000010010001100100100000000010000000000001000001000100100000001000010000000110000000000001001000000100001000001011000000100000100010000010010000010100001000000100010010000000010000001000001010101001000000010100000001000100,b2627075916904b2ae2798173bbd4eabe9f9bbb8ff78ddb5f1a71c73178aa039,row_sparsity,row_sparsity|conj|2c5e43f84a|rng=MT19937-RandomState,,3,3,1,uniform,1;2;3,0.3333333333333333;0.3333333333333333;0.3333333333333333,0.0006396928802132607,7.185153663158417e-05,0.0011663343757390976,0.0010007424280047417,0.011957695707678795,0.014841293916106224,0.002878621220588684,23,917,1,6,SAT_unsat_identifiable,1,boolean_factorization,exclude_x,exclude_x,0,1007,4057,0,1,1,0,0,0,0,1,1,1,0,0,0.007353861816227436
4,50,10,100,869815370,61,conj,glucose42,MT19937-RandomState,0.0005696620792150497,00000100000000100010010000000001000001000100010000000011000000000001100010000000000101010011000001000001000000000000001001000010000010001010000000100000000010000000000100000000010000100000001100000100100100000000000100010001000100000001000000000010101000000000100001000100111000000000001001001000000010000110000101000000000100000010001000000000010101010010000010000000000000010100101000100000000000100001000000100100001010100100000000000100000100000000000100000010000010000010000000010000011000000001,9c0519434698887c0a9d066be74f6052d845913258d0fb017f53070202d3ecd6,row_sparsity,row_sparsity|conj|2c5e43f84a|rng=MT19937-RandomState,,3,3,1,uniform,1;2;3,0.3333333333333333;0.3333333333333333;0.3333333333333333,0.0005410192534327507,5.160551518201828e-05,0.0006748568266630173,0.0009840680286288261,0.003627981059253216,0.005884393118321896,0.0022515496239066124,13,992,1,6,SAT_unsat_identifiable,1,boolean_factorization,exclude_x,exclude_x,0,517,2177,0,1,1,0,0,0,0,1,1,1,0,0,0.005994460545480251
4,50,10,100,869815370,62,conj,glucose42,MT19937-RandomState,0.0006024772301316261,00001001000000000100000100011010000010000001100100000100000010010000010011000010100100000101010000000000100000000000000100000010000100000101000101000010001010000000100110000000100101010000000010011000000010000000100000100000010000000001011000100001100000000010101100000000001000000000000100001000010000100100011000000000010000001100110010000001000000001001000010000100010101000010010000000000000101001010000100100001000000001000000100001000000000000100000000100001000000000001100000001010100000001000,acba03072f96aa9f9fd02a99edea5273432bffa3c78fac72ec111e2a742a5583,row_sparsity,row_sparsity|conj|2c5e43f84a|rng=MT19937-RandomState,,3,3,1,uniform,1;2;3,0.3333333333333333;0.3333333333333333;0.3333333333333333,0.0005628634244203568,5.630962550640106e-05,0.0007142312824726105,0.000979345291852951,0.0033963825553655624,0.0057139648124575615,0.0023127496242523193,14,984,1,6,SAT_unsat_identifiable,1,boolean_factorization,exclude_x,exclude_x,0,576,2376,0,1,1,0,0,0,0,1,1,1,0,0,0.006106294691562653
4,50,10,100,869815370,63,conj,glucose42,MT19937-RandomState,0.0005807122215628624,10100001000101000100000110000100000000010001010010000100010000100001100000100100000000001000000101010000001000001010000000000101001100001000001000100000000000100000010000000010010100000100110010101000110100000000000100000010100000100000011010000001000000100000100001000010000001001010000001001010100000000101000110000001001000000000000010000010010000000000011000000000100000110010001010100000001000111000011000000000010000011010000000000010100000000001000001001001000001001000001100100000000011000001,8c91959b6932aaf78e6cf5bf37f1e48248fd968ac4c23d159a4d11ba54ced791,row_sparsity,row_sparsity|conj|2c5e43f84a|rng=MT19937-RandomState,,3,3,1,uniform,1;2;3,0.3333333333333333;0.3333333333333333;0.3333333333333333,0.0005773305892944336,6.003677845001221e-05,0.0008758325129747391,0.0009950101375579834,0.004529045894742012,0.007042231969535351,0.0025082100182771683,18,862,1,6,SAT_unsat_identifiable,1,boolean_factorization,exclude_x,exclude_x,0,802,3161,0,1,1,0,0,0,0,1,1,1,0,0,0.0064826225861907005
4,50,10,100,869815370,64,conj,glucose42,MT19937-RandomState,0.0005753021687269211,00010000101000000000000010000000111000000001000000111000000000101000010100000001101000000000000001000000000010010000001100110000000000001000001000000000010101000000100000000010000010000000000011000010000000100100101001000010000000010000100000001001010000000010100000000000000000011010010000001000000000100000110100010000000100010100100000100011010000000000000110000000000000000111000000001000010000010010001000110000100000000000100001000000000000100010000000000000000010010010000111000000011100100000,81659a05e607978012fe4b5300e346d75d514d68feb350f5e711b16c68898851,row_sparsity,row_sparsity|conj|2c5e43f84a|rng=MT19937-RandomState,,3,3,1,uniform,1;2;3,0.3333333333333333;0.3333333333333333;0.3333333333333333,0.0005000652745366096,5.641765892505646e-05,0.0007953988388180733,0.000986308790743351,0.004288500174880028,0.006631700322031975,0.0023381905630230904,16,856,1,6,SAT_unsat_identifiable,1,boolean_factorization,exclude_x,exclude_x,0,694,2774,0,1,1,0,0,0,0,1,1,1,0,0,0.006214099936187267
4,50,10,100,869815370,65,conj,glucose42,MT19937-RandomState,0.0005611162632703781,10010100001000100100000001001000000001011000000000000100101000000001111000010100010001000010010000000000010000100000101010000010010000000010100010001001000101000010000100100000000100100001101100100000000000010000000000010011100000001010000010010001000000000001000110000000001000000001001000010010000000000100000100010100000000100000000100000000000100000011000100100000001010000010010001001000001001000000010000000010100000000010111100000000010000000100100101000001000101100000001100000000010000010000,564657f791ede31863696072a13a6440dc89a9d153e2eccf07c503d5cc8fc2eb,row_sparsity,row_sparsity|conj|2c5e43f84a|rng=MT19937-RandomState,,3,3,1,uniform,1;2;3,0.3333333333333333;0.3333333333333333;0.3333333333333333,0.0006043072789907455,5.700625479221344e-05,0.0007979739457368851,0.001002330332994461,0.0048466576263308525,0.0073126209899783134,0.002461617812514305,16,952,1,6,SAT_unsat_identifiable,1,boolean_factorization,exclude_x,exclude_x,0,654,2730,0,1,1,0,0,0,0,1,1,1,0,0,0.0063634952530264854
4,50,10,100,869815370,66,conj,glucose42,MT19937-RandomState,0.0005552861839532852,00100000001000001000000110000000001000001000000001000110000000100010100010000011000000010011000000000000000100010000001000000110000100000010000011100000001100100101100000000000001000000100110000100000101010000000100000000100001001000101000000100010001000100000000000100100000001000010000011000000001100000101000000101000001100000000000110100000100101000010000000111000001000110000000000010000100000000100010000001000001101010000000010000000000000000100100100000000110001110000001001000000101000110000,0c238c9489245e7fdb5167b73e68e088a6026c3a82b514952a92060130753916,row_sparsity,row_sparsity|conj|2c5e43f84a|rng=MT19937-RandomState,,3,3,1,uniform,1;2;3,0.3333333333333333;0.3333333333333333;0.3333333333333333,0.0006424179300665855,6.818585097789764e-05,0.001159563660621643,0.001005394384264946,0.00619153305888176,0.009071562439203262,0.0028755618259310722,26,925,1,6,SAT_unsat_identifiable,1,boolean_factorization,exclude_x,exclude_x,0,1114,4577,0,1,1,0,0,0,0,1,1,1,0,0,0.007449944503605366
4,50,10,100,869815370,67,conj,glucose42,MT19937-RandomState,0.0005556698888540268,00100000000011100000000001010000000010000010101000000100100000010000000000001010100001000011000000000000010101000110000000110100000100010001001000100000100001000010001010000000101000000100000000010001000000110001000100010000000001000001100010000011000000010000000011010000010000001011000000011001000000001100000000000001011000001011100000000100000000001010000001010000000001011000100000000101010000001000000000000010000000000100100000001000000101001001000010001000000110100010000000101000000101000000,9761b9f20715773b2a18dd422e75d7f78e38a9a52258b596997d51e3b9787666,row_sparsity,row_sparsity|conj|2c5e43f84a|rng=MT19937-RandomState,,3,3,1,uniform,1;2;3,0.3333333333333333;0.3333333333333333;0.3333333333333333,0.0006110602989792824,5.466025322675705e-05,0.000750543549656868,0.0010078204795718193,0.0041673444211483,0.006595251150429249,0.0024240845814347267,15,920,1,6,SAT_unsat_identifiable,1,boolean_factorization,exclude_x,exclude_x,0,625,2564,0,1,1,0,0,0,0,1,1,1,0,0,0.006235738284885883
4,50,10,100,869815370,68,conj,glucose42,MT19937-RandomState,0.0005646273493766785,00010010000100000100010010001000110100001001000010000000010001000011000000100101000010101000000000100000001100000001000011100000000000010000101000010000010000010001001000000100100000001100100001000000110000000001000001100000010110000000010010010000000111000000000010010000010000010010000101000001000000001000000010100010001000000000000010001100000100011100000001001000100101000000110000000100000001100000000010000100010000100011000000000110000100000010011000000011000100100010000100100000000000100010,817a8ce8895de167e9ca06552ca26449edfb223eeda3257000a7afc3f6e4fbf9,row_sparsity,row_sparsity|conj|2c5e43f84a|rng=MT19937-RandomState,,3,3,1,uniform,1;2;3,0.3333333333333333;0.3333333333333333;0.3333333333333333,0.0005531422793865204,5.740765482187271e-05,0.0008750185370445251,0.0010024597868323326,0.0046218521893024445,0.007114271633327007,0.002488028258085251,18,848,1,6,SAT_unsat_identifiable,1,boolean_factorization,exclude_x,exclude_x,0,792,3150,0,1,1,0,0,0,0,1,1,1,0,0,0.006474622525274754
4,50,10,100,869815370,69,conj,glucose42,MT19937-RandomState,0.0005576685070991516,00000010001000100000001000000000000000010001001100001000100010000000000000000101000000000100100000000000110000010100000100101000100000100110000000001110000001000100100001001001000010000000000000011010101000000000001000100010001000000000000100101100000100000101000100010000100010010100000010000000001111001000000100010000001110000010000000000010001000000001100000100000000000100100101000000000100101001000101000000011000010000100001000100100100000100010001010000000110000010000000001001000100000000101,8de36e163d9f03b10404af57aacd53297d7a689566645ab4750ea1ec93c090b4,row_sparsity,row_sparsity|conj|2c5e43f84a|rng=MT19937-RandomState,,3,3,1,uniform,1;2;3,0.3333333333333333;0.3333333333333333;0.3333333333333333,0.0006471388041973114,6.515439599752426e-05,0.0010696621611714363,0.0010010693222284317,0.006055454723536968,0.0088422866538167,0.0027830246835947037,23,805,1,6,SAT_unsat_identifiable,1,boolean_factorization,exclude_x,exclude_x,0,997,4046,0,1,1,0,0,0,0,1,1,1,0,0,0.00679544173181057
4,50,10,100,869815370,70,conj,glucose42,MT19937-RandomState,0.0005117682740092278,00000000100100010100000000100111000100000100001000010100000101000000100000110000000000000110001000001000000000001100001000000001000000000010100010000000010000000100000101100000010100010000100001010000000010000001010000000000100000000000011000001010001000000011100100000110000000000100000110100000000010010000100000010000110100000001000100000000000010010000110000000000010001000010001010010000011100000001000000000100000000000101100001000000000010010000001000000000000110000100101010010000100100010010,643cacd2b5441a8ffaf36df915d9de95bdc09f532fd9f67bf735b4fcb9deefc5,row_sparsity,row_sparsity|conj|2c5e43f84a|rng=MT19937-RandomState,,3,3,1,uniform,1;2;3,0.3333333333333333;0.3333333333333333;0.3333333333333333,0.0005794800817966461,5.8379024267196655e-05,0.0008314270526170731,0.0009901951998472214,0.004725547507405281,0.007189021445810795,0.002459481358528137,17,698,1,6,SAT_unsat_identifiable,1,boolean_factorization,exclude_x,exclude_x,0,733,2951,0,1,1,0,0,0,0,1,1,1,0,0,0.005924791097640991
4,50,10,100,869815370,71,conj,glucose42,MT19937-RandomState,0.0005523078143596649,00001000010011000000000001100110000000010000010000000100000010011000001000000000100000011001000001000100000010000011010000101100000000100000001000001101000000100011010000000000100010000000010010000101000101000000000101000000001000010000000000000000010000000100011100000000000000110000011010000000010010000101000101100000000001000001000000100000100000100000000010100100001000001001010000000001001000000100000001000110000000001100000010010010010000000101110000001010000100100000000000100000100001110000,711238bc7360773d31028685795408e59742ac8ba3ec7753ff3c475b8e390b77,row_sparsity,row_sparsity|conj|2c5e43f84a|rng=MT19937-RandomState,,3,3,1,uniform,1;2;3,0.3333333333333333;0.3333333333333333;0.3333333333333333,0.0005788477137684822,5.83576038479805e-05,0.0008736895397305489,0.0009846603497862816,0.0043810950592160225,0.006880582310259342,0.002495555207133293,18,936,1,6,SAT_unsat_identifiable,1,boolean_factorization,exclude_x,exclude_x,0,782,3139,0,1,1,0,0,0,0,1,1,1,0,0,0.006610434502363205
4,50,10,100,869815370,72,conj,glucose42,MT19937-RandomState,0.0005567250773310661,00000010000001000001000001000100100010001000001100001100000111000100000000000001010000001000001101000000100001000010000000010100100000010100000000101100100010000000010010000100000000000000011000010000100010010000100000010001000000000010100000000110000110100000010101000001000010000000011100101000001000000010001000000001010000000000100101000000001101000001001101000000000100000000001010000000101000000000010000000100000000100001010000100100100000000000000010000000000101000001000001001010001001000000,755932866b19220cf186345102e2d91f5b5e652d8c0a15a4178cdfa6790b5be7,row_sparsity,row_sparsity|conj|2c5e43f84a|rng=MT19937-RandomState,,3,3,1,uniform,1;2;3,0.3333333333333333;0.3333333333333333;0.3333333333333333,0.0006297780200839043,6.053037941455841e-05,0.0009122611954808235,0.0009889360517263412,0.004741685464978218,0.0073370616883039474,0.0025915056467056274,19,892,1,6,SAT_unsat_identifiable,1,boolean_factorization,exclude_x,exclude_x,0,811,3305,0,1,1,0,0,0,0,1,1,1,0,0,0.006648621521890163
4,50,10,100,869815370,73,conj,glucose42,MT19937-RandomState,0.0005595320835709572,10100000000101000000001000010000010000000010000000010001000010001000000001000110000000110000100000110000000010011000000000000001001001000100000100000010000000000110100000000100000000001001011000000000000001000000000001000000100001010001001010000000000010001000011000000010000000101000000000000001001000010000000101000100000001000000000110000000100100100000101000000010101100000001000101100000110010000101000000000010001000001000001000001010000000001000011000001010010000100000100010000011000000000100,b7f10d76ab651bcad8155e082f7cb9a6f4b984869eda98cf9f9f6f56d397ca69,row_sparsity,row_sparsity|conj|2c5e43f84a|rng=MT19937-RandomState,,3,3,1,uniform,1;2;3,0.3333333333333333;0.3333333333333333;0.3333333333333333,0.0005848677828907967,5.7930126786231995e-05,0.0008707549422979355,0.000988176092505455,0.005117538385093212,0.007623025216162205,0.002501728944480419,18,831,1,6,SAT_unsat_identifiable,1,boolean_factorization,exclude_x,exclude_x,0,752,3106,0,1,1,0,0,0,0,1,1,1,0,0,0.006390719674527645
4,50,10,100,869815370,74,conj,glucose42,MT19937-RandomState,0.0005644019693136215,00000100000110000000001000010011000000010010001100000001001001000001101000001000000010000000100010010010001000011001000001000000010000100000000000001010000000001010010000000010001100100000010000100011100000000000000100000000000100000010000000000001000100001100001000001110100000001010000000000001000010010001000000010110110000000010000001000010011000000000011100010000000010000000010001000000101100000001010100010000000001100000001000000110010000000000100110000001000000100000011000011000010000100001,54c927667a34dcc43ac744320ce1e16fc9caf4e4e115da4612fcadaf64b76dc2,row_sparsity,row_sparsity|conj|2c5e43f84a|rng=MT19937-RandomState,,3,3,1,uniform,1;2;3,0.3333333333333333;0.3333333333333333;0.3333333333333333,0.0005560563877224922,5.272962152957916e-05,0.000753745436668396,0.000987393781542778,0.003818696364760399,0.006172523833811283,0.0023499252274632454,15,892,1,6,SAT_unsat_identifiable,1,boolean_factorization,exclude_x,exclude_x,0,625,2564,0,1,1,0,0,0,0,1,1,1,0,0,0.006110773421823978
4,50,10,100,869815370,75,conj,glucose42,MT19937-RandomState,0.0005675414577126503,00000010000000010101000000100000000010001000000011001000100110000001001001010000000001000010010000000000100100010000001110000000000001110000000000000110001010000000100100000001000000000000100000001010000000110010000000000000001000010010000100000010100000010001000010001000000000101000000011000100000010110000000110000000000100001000001100010000000010000000000100010100000000100000010001100000000001000000100101100000000000000101000000010010101000000000000010000010000000100100000100101000000000011100,48e7fc60c69219e926a21b3ea57037f0ab240e640f70ecedaf4a038dc0387b87,row_sparsity,row_sparsity|conj|2c5e43f84a|rng=MT19937-RandomState,,3,3,1,uniform,1;2;3,0.3333333333333333;0.3333333333333333;0.3333333333333333,0.0004975441843271255,5.302950739860535e-05,0.0006684344261884689,0.0009769508615136147,0.003712361678481102,0.005912131629884243,0.0021959589794278145,13,904,1,6,SAT_unsat_identifiable,1,boolean_factorization,exclude_x,exclude_x,0,547,2210,0,1,1,0,0,0,0,1,1,1,0,0,0.005838917568325996
4,50,10,100,869815370,76,conj,glucose42,MT19937-RandomState,0.0005552889779210091,00000010000001000000000000010000010000010100000000000000110010010100000000100100001100010010000001001010000000000100000110000000000000110000111000000000011000010000001010011010000000111000000010100100110001000000010100000001001000001100100000000011001000000001000010100000001100001010001000000010000001100001000001000010000000100000100000001010000000000001000101010000001000001010000000100101000000000010000000001010100001000000000100000000100000011010010000010000000101101000001000000000010010101000,26524df9c0b482bbf2e0bd3627d9bb3a69c7c447d09aa78ce33f606a5ac79446,row_sparsity,row_sparsity|conj|2c5e43f84a|rng=MT19937-RandomState,,3,3,1,uniform,1;2;3,0.3333333333333333;0.3333333333333333;0.3333333333333333,0.0005899900570511818,5.5398792028427124e-05,0.0007905643433332443,0.0009851949289441109,0.004255385138094425,0.0066804783418774605,0.002421148121356964,16,905,1,6,SAT_unsat_identifiable,1,boolean_factorization,exclude_x,exclude_x,0,674,2752,0,1,1,0,0,0,0,1,1,1,0,0,0.006311887875199318
4,50,10,100,869815370,77,conj,glucose42,MT19937-RandomState,0.0005493015050888062,00000000010000000001000101001010000011000010000110101100000000011000001010000000010100001001000000000001010000000000100010000010001000001000000010001000000010000010000110000010000001000010000010001001000010000000000010000000100010001010001000000000011110000000101000001000000010000101000010100010010011000010001000010001000000100010000100000010100000000010000000100000011100000000000000100000100010000000110000010100000001000000100010001000010000000100100000100010100000100100000011000000100001001100,d352623a504df5855122402fe02dad8fd201009b543c13c30d9287d0681b4838,row_sparsity,row_sparsity|conj|2c5e43f84a|rng=MT19937-RandomState,,3,3,1,uniform,1;2;3,0.3333333333333333;0.3333333333333333;0.3333333333333333,0.0006247097626328468,6.603728979825974e-05,0.0011072531342506409,0.0009899353608489037,0.005809253081679344,0.008601086214184761,0.002787935547530651,24,739,1,6,SAT_unsat_identifiable,1,boolean_factorization,exclude_x,exclude_x,0,1046,4234,0,1,1,0,0,0,0,1,1,1,0,0,0.006791413761675358
4,50,10,100,869815370,78,conj,glucose42,MT19937-RandomState,0.0005525592714548111,11100000000010100001000000100000100000000100000000100100000100000001100001000010000100001110001000000100001000000000101001100100000001100000001101000000001000001000000001010000010000010010010100100010010001001011100000000000000100010000010001000100001000100000000000001010000100010000010000000000010000010001100000100101000010010001101000000100100010100001000000100100000000000111000001000000100000000001000000000000000100100001000001010000000000100001000001000000101010001100000010000000000010000101,95a1753245e11605482f830c3263f9efc423215a2e38ac233d2a37201f01211f,row_sparsity,row_sparsity|conj|2c5e43f84a|rng=MT19937-RandomState,,3,3,1,uniform,1;2;3,0.3333333333333333;0.3333333333333333;0.3333333333333333,0.0005301879718899727,4.976987838745117e-05,0.0,0.0,0.0,0.0005828244611620903,0.0005799578502774239,10,1024,1,4,identity_submatrix_identifiable,0,,,exclude_x,0,0,0,1,0,1,0,0,0,0,1,1,1,1,0,0.005497358739376068
4,50,10,100,869815370,79,conj,glucose42,MT19937-RandomState,0.0005469340831041336,01000100000100100100000000010100000000010100100000000000010000100000010101000000010000000001100000001001010000100001100000001000010000010000000001010100000110000000000100100010000100110001000000011100100001001000100010100100000100001010100000011000000001000100000000010000001000000000000010001000000001010001000000000100010001000000010100000000000010100000000000100000010001000001000000010000010000000000010000001001000000000001010011010000000100010011000001001000100000000000101000110000000100000100,915cf3918dab2f80c663b28216792e6d3ee3500e34c1a9fba36edcd57c8a81ac,row_sparsity,row_sparsity|conj|2c5e43f84a|rng=MT19937-RandomState,,3,3,1,uniform,1;2;3,0.3333333333333333;0.3333333333333333;0.3333333333333333,0.0005472069606184959,5.068257451057434e-05,0.000631227158010006,0.0009882235899567604,0.003663751296699047,0.005884857848286629,0.0022173402830958366,12,928,1,6,SAT_unsat_identifiable,1,boolean_factorization,exclude_x,exclude_x,0,488,2011,0,1,1,0,0,0,0,1,1,1,0,0,0.005673637613654137
4,50,10,100,869815370,80,conj,glucose42,MT19937-RandomState,0.0005074348300695419,00010010000010010001100000000000100000100110000000010000000000000010000010000000001000010000001000000000010110010000010000000000100100000001000110001010000110000000010110000001100000000010001101000000000100000000011000000000100000000001100000001000000000000010000001101001010100000000001000000000011001000001101010000000010000001010010000000000100100000100000000000101000000000110100001100000000001000000011000000100000010000000001000010000010000010101000000000000010101001000100100010100000000001100,94aaa755353cf057c759110cd1d888d73bd871ea0d9534e1fd06007b6ed2ef75,row_sparsity,row_sparsity|conj|2c5e43f84a|rng=MT19937-RandomState,,3,3,1,uniform,1;2;3,0.3333333333333333;0.3333333333333333;0.3333333333333333,0.0005395254120230675,5.596596747636795e-05,0.0007962686941027641,0.0009822305291891098,0.004408784210681915,0.006786815822124481,0.0023739906027913094,16,876,1,6,SAT_unsat_identifiable,1,boolean_factorization,exclude_x,exclude_x,0,674,2752,0,1,1,0,0,0,0,1,1,1,0,0,0.0061745187267661095
4,50,10,100,869815370,81,conj,glucose42,MT19937-RandomState,0.0005613397806882858,00001000001010000100010001010010000101000001000000000000000100100100001000010000011000100000100000000000010110010010010000001000000000000010000100000000010101000001000000000010000000001001000000110100000010000010001001000000100101000101000010010001000001000000101001000000010000000001000100000100000000101010000001100000000001010101000000000000001000001100010000000001110000001000001001000000001000100000001010000000010001000000000001100000001010010000000010001001000000000001100001100000001100000001,53a80915d89fb09b39524eb162e4ef677aa310e244f33b34fa2eddc48555936c,row_sparsity,row_sparsity|conj|2c5e43f84a|rng=MT19937-RandomState,,3,3,1,uniform,1;2;3,0.3333333333333333;0.3333333333333333;0.3333333333333333,0.0005934759974479675,6.236787885427475e-05,0.0009361105039715767,0.0009786039590835571,0.005202281288802624,0.007776699028909206,0.002570558339357376,20,947,1,6,SAT_unsat_identifiable,1,boolean_factorization,exclude_x,exclude_x,0,870,3504,0,1,1,0,0,0,0,1,1,1,0,0,0.00682971253991127
4,50,10,100,869815370,82,conj,glucose42,MT19937-RandomState,0.0005586771294474602,00100000001000101000010000000000101001000000001100001000101010000000001001000000001000000010010001001000001100010000000000100000000000010001000000100010000001000000100000000000001000000001001000000010000000000100001000000100000000001000000010000100000001000000011000000000000000100100011000001100000010001000000000101010000011100000000000111100000010000100000000000010000001000001010010000001000101000000001000000100000010100100000100001010011000000101000011001000000001010000000000000010000010000010,ddc9f7629ea0c655ea8309293bb55a8f5af2b1ffb011358d777d9dd8358cafb6,row_sparsity,row_sparsity|conj|2c5e43f84a|rng=MT19937-RandomState,,3,3,1,uniform,1;2;3,0.3333333333333333;0.3333333333333333;0.3333333333333333,0.000546812079846859,5.363486707210541e-05,0.0007128017023205757,0.0009857816621661186,0.0037025166675448418,0.006005540490150452,0.0022990303114056587,14,960,1,6,SAT_unsat_identifiable,1,boolean_factorization,exclude_x,exclude_x,0,586,2387,0,1,1,0,0,0,0,1,1,1,0,0,0.006014736369252205
4,50,10,100,869815370,83,conj,glucose42,MT19937-RandomState,0.0005531245842576027,00001110001000000001000001000001000011000000001000000100000010000000000011010000000000001000000100000001000000000000001000110010001000011000100110000000001000000000010011001000110000000100010010000100000000100000000110001010100000000000001000100000000000010101100000000010000010100001101000000010100100000100010000100001001000000000000010000100000100100000000010000000000010000100000010010100001000100100001000000101010000001001100001000000000000010000010000000000101000000011001010000010001110000000,138774dbc3eb17528daebeb87fd6e39bbeb6719f6f39ec3a225d5e1b60b7e7b4,row_sparsity,row_sparsity|conj|2c5e43f84a|rng=MT19937-RandomState,,3,3,1,uniform,1;2;3,0.3333333333333333;0.3333333333333333;0.3333333333333333,0.0005122879520058632,5.227327346801758e-05,0.0006986828520894051,0.0009820908308029175,0.0037488769739866257,0.005998222157359123,0.0022453349083662033,14,872,1,6,SAT_unsat_identifiable,1,boolean_factorization,exclude_x,exclude_x,0,576,2376,0,1,1,0,0,0,0,1,1,1,0,0,0.005903640761971474
4,50,10,100,869815370,84,conj,glucose42,MT19937-RandomState,0.0005565229803323746,00101000001001000001100001000000110000001010010000000000100110010000000100000101011010000000011000000000100000000000100010000000000010000000000010000010000001010000000100000101000011000000010000000110100000000000010000100001000011000000001000000100001000000000000001010000001001001000010000100100010010100010000001000001001110000010000000000000010000011000100010000000000000000100001000001000000000010000100000000000100010000100000010001010010000000100000001110001000000100000000001000000000100001010,92fb8ac4c31c4afd27754ed8ad24b9421f6f9d9a8ce761919d6462512b6642d3,row_sparsity,row_sparsity|conj|2c5e43f84a|rng=MT19937-RandomState,,3,3,1,uniform,1;2;3,0.3333333333333333;0.3333333333333333;0.3333333333333333,0.0004953118041157722,4.9301423132419586e-05,0.0,0.0,0.0,0.0005474044010043144,0.0005446132272481918,10,1024,1,4,identity_submatrix_identifiable,0,,,exclude_x,0,0,0,1,0,1,0,0,0,0,1,1,1,1,0,0.005521010607481003
4,50,10,100,869815370,85,conj,glucose42,MT19937-RandomState,0.0005538556724786758,01000010010000010100000001110000010000010000010001001100010000000000100100000000010000100000100000000100001000101000000000001000011000000100001000000000000000011000100000010000000000100000000000000101000000001101000000000001101000110001000000010010100100000100011000100000000000010010000011000000101000000100000010011000000001001100010000000010000100001000001000000000010010011000000001011010001010001000000011001000100010000100100101001000010000001100000000010000010001100010001000000000010001000000,e306e641ba75b9b52120f7a303a5768e26747639dd94ddad2a23214bfccace95,row_sparsity,row_sparsity|conj|2c5e43f84a|rng=MT19937-RandomState,,3,3,1,uniform,1;2;3,0.3333333333333333;0.3333333333333333;0.3333333333333333,0.0006055310368537903,6.367173045873642e-05,0.001064034178853035,0.000990373082458973,0.006294688209891319,0.00902220606803894,0.0027236100286245346,23,869,1,6,SAT_unsat_identifiable,1,boolean_factorization,exclude_x,exclude_x,0,997,4046,0,1,1,0,0,0,0,1,1,1,0,0,0.007027840241789818
4,50,10,100,869815370,86,conj,glucose42,MT19937-RandomState,0.0005472153425216675,00001000000111000000100100000010000000100000000001010001010010101000000000000001000101001010000000100000110100000100000000010001000010010100010100000000000010000000100000000011000000000001001000000001000000011011000100000000010000000001110000001000001100000000101000000001000000000000001000000000010010000101000000100001000110000010010000010000001000000000100000001000000100100001000000001000000011000110100000100000011000100100101001000001000000100101000000001000010000010001100000000010001000110000,085eb4f08b98a7d69033204278f5ec5a9b7084e2cb912d3bd52bd125537bd8ab,row_sparsity,row_sparsity|conj|2c5e43f84a|rng=MT19937-RandomState,,3,3,1,uniform,1;2;3,0.3333333333333333;0.3333333333333333;0.3333333333333333,0.000555885024368763,5.820766091346741e-05,0.0008678501471877098,0.0009976522997021675,0.010210012085735798,0.012694192118942738,0.0024795951321721077,18,916,1,6,SAT_unsat_identifiable,1,boolean_factorization,exclude_x,exclude_x,0,762,3117,0,1,1,0,0,0,0,1,1,1,0,0,0.006557968445122242
4,50,10,100,869815370,87,conj,glucose42,MT19937-RandomState,0.0005671316757798195,00010010000010000000000000110010001100001010100000000001000001000001101000100100000010000000000001000100000000000000110000000000010001110000000010000000010000000001000000001100001000000100100100000011001000000001000010000000000010010000000000001001010010000010000010000000000010000001000110000000010011000000010000100000001000001000010010000000000100001100010000000011000100000000000000001000010101001001001000000000101000000001110000000110000100011010000001000010000010100001000010000000000010010000,980093e806331f0c0db8dc39d2fe1b5ba9a489857a5333fadee8e2693822e8b9,row_sparsity,row_sparsity|conj|2c5e43f84a|rng=MT19937-RandomState,,3,3,1,uniform,1;2;3,0.3333333333333333;0.3333333333333333;0.3333333333333333,0.0004615467041730881,4.9452297389507294e-05,0.0,0.0,0.0,0.000513988547027111,0.0005109990015625954,10,1024,1,4,identity_submatrix_identifiable,0,,,exclude_x,0,0,0,1,0,1,0,0,0,0,1,1,1,1,0,0.0054826438426971436
4,50,10,100,869815370,88,conj,glucose42,MT19937-RandomState,0.0005588605999946594,00011000010000011000100010000100000100000000001000000011000101000000000000000100010100010001000000110001000011110000000000011000100001000000100000000000001000000001100100001000100100000010101000001000010001010010100000000100000000001000000100000100000000101010010001001000100100000010001100001010000010000000000100010000000000001000000010000000001100000001100011000000010010010010000100110000001001000001000100000101001000000001000001000000000000001000000100000000010000001000010011000001000001000000,fef66933fe6f4f5f2838287b531cd87b0ad223382954e54a2e94aafda81e34dd,row_sparsity,row_sparsity|conj|2c5e43f84a|rng=MT19937-RandomState,,3,3,1,uniform,1;2;3,0.3333333333333333;0.3333333333333333;0.3333333333333333,0.0005843052640557289,5.99222257733345e-05,0.0008958848193287849,0.0009758379310369492,0.00464814156293869,0.007168230600655079,0.0025159502401947975,19,932,1,6,SAT_unsat_identifiable,1,boolean_factorization,exclude_x,exclude_x,0,821,3316,0,1,1,0,0,0,0,1,1,1,0,0,0.006814873777329922
4,50,10,100,869815370,89,conj,glucose42,MT19937-RandomState,0.0005683843046426773,00001001000010100000010010000000001010010101100000000010100000000100000000001010010001001000100010000110001000010000100000010000000000000100000000100100010001000101000000000101000010001001000001001100000000000100000000011000000000110000000000000001000100001000100000000000000000100000100010101000000000100001010000100001000000110000100000010010100000001010100001000011000100000000000010000100000101000000010001001000001000000001100000000100001000000000000001000110000100000010010001000010010000000001,75f974d5b8e7c5aff3a7dba15479ddc1c78cfcca9066bc09782d1e65c2fce129,row_sparsity,row_sparsity|conj|2c5e43f84a|rng=MT19937-RandomState,,3,3,1,uniform,1;2;3,0.3333333333333333;0.3333333333333333;0.3333333333333333,0.0006781481206417084,6.0253776609897614e-05,0.000904405489563942,0.0009824996814131737,0.008205871097743511,0.010835565626621246,0.0026253070682287216,19,1008,1,6,SAT_unsat_identifiable,1,boolean_factorization,exclude_x,exclude_x,0,761,3250,0,1,1,0,0,0,0,1,1,1,0,0,0.0067032333463430405
4,50,10,100,869815370,90,conj,glucose42,MT19937-RandomState,0.0005784323439002037,00010000100000000100000010001000000001000000001000001000000000010000000100000001001100001000110001000011000001101000100010000010001100000010000000001000001000000000000001001000000000001010101000000000000000101000111000001000001001000000001000001100011000001001101000000100001001001000000110000100000100000010000100100100000001010000000000100000000001000001000010000100010000011010000010001000000010000011000000000000001000000000010100000010000100100100010000000000110010100010000010000000000000000001,0464681199bd9353f5bdecf96f49eae964e3682b982e250ceba91a3a356c6335,row_sparsity,row_sparsity|conj|2c5e43f84a|rng=MT19937-RandomState,,3,3,1,uniform,1;2;3,0.3333333333333333;0.3333333333333333;0.3333333333333333,0.0004935720935463905,5.249306559562683e-05,0.0006382372230291367,0.0009876340627670288,0.003444376401603222,0.005620474927127361,0.002171936444938183,12,928,1,6,SAT_unsat_identifiable,1,boolean_factorization,exclude_x,exclude_x,0,488,2011,0,1,1,0,0,0,0,1,1,1,0,0,0.005767998285591602
4,50,10,100,869815370,91,conj,glucose42,MT19937-RandomState,0.0005666026845574379,01001000000000000100100000000000000001000000100100000101000111000000000000000010000010000000100000000100011000000010001110000000000010011000000000001000010000010100010000000100000010010000001100000000100000001101000000010001000000000000100100100010100001000000010000010100110000001000000010110000010000000100110000001100000000000111000000000100000000010000011000010101000010000100000000110100010000000000011000001000000000101000000000100000100100001000100000000000011000100000000000000011001110000000,39ae56b99707e9b159be11cedcd57a07d440837bcfd8d238fc2eb285986bef66,row_sparsity,row_sparsity|conj|2c5e43f84a|rng=MT19937-RandomState,,3,3,1,uniform,1;2;3,0.3333333333333333;0.3333333333333333;0.3333333333333333,0.0005819033831357956,5.543231964111328e-05,0.0007877899333834648,0.0009749103337526321,0.004558335058391094,0.00696220900863409,0.002400035969913006,16,912,1,6,SAT_unsat_identifiable,1,boolean_factorization,exclude_x,exclude_x,0,684,2763,0,1,1,0,0,0,0,1,1,1,0,0,0.006193510256707668
4,50,10,100,869815370,92,conj,glucose42,MT19937-RandomState,0.0005570100620388985,00010000001000000000100000000000000010110000000010100000000000001101001000001000000100101000000110100000000100000010010000000010010000001000000001100000001000100010100000001000000100000010000010010010100000100010010010000001001000101000000001110000000010010000000010000000000100100100100000001100000100000000011100010000100001010001010100000000000001100100000010100000000000010001000100000000010100000000101000001000000100010000111000001000000011001011100000000000100000000000100100000101010100000100,5627175a6e8c22a5a665f9cccc147340ad17e31a213faa5bc9b50bb0fa2a8565,row_sparsity,row_sparsity|conj|2c5e43f84a|rng=MT19937-RandomState,,3,3,1,uniform,1;2;3,0.3333333333333333;0.3333333333333333;0.3333333333333333,0.0006154859438538551,6.467942148447037e-05,0.0010645035654306412,0.000984901562333107,0.006189470179378986,0.008923346176743507,0.0027295704931020737,23,941,1,6,SAT_unsat_identifiable,1,boolean_factorization,exclude_x,exclude_x,0,987,4035,0,1,1,0,0,0,0,1,1,1,0,0,0.007239294238388538
4,50,10,100,869815370,93,conj,glucose42,MT19937-RandomState,0.0005515459924936295,01010000010100000000001100000001001000100011000010000000110100010100010010010000010011000001100000000000100000010010001010000000110100000010110000000010010000001000011000010010100010001100000000011001000000010000000010001000000001000000001001100010000000000010000000100000000001110000010100100000100101001000001001000001100000000000000010001000000001000000101011001000000011000000110000100000000100110110000001000000010001000001100000010000000111000000010001010010000000001100000000110100000001011000,062dbb163ff47321f5f1a6d0770f81991a489e5d611f5326b076acd8d9417bdf,row_sparsity,row_sparsity|conj|2c5e43f84a|rng=MT19937-RandomState,,3,3,1,uniform,1;2;3,0.3333333333333333;0.3333333333333333;0.3333333333333333,0.0007302965968847275,6.104633212089539e-05,0.000994943082332611,0.0009940359741449356,0.006130923517048359,0.008915376849472523,0.0027803219854831696,21,926,1,6,SAT_unsat_identifiable,1,boolean_factorization,exclude_x,exclude_x,0,939,3714,0,1,1,0,0,0,0,1,1,1,0,0,0.0068555548787117004
4,50,10,100,869815370,94,conj,glucose42,MT19937-RandomState,0.0005477406084537506,01001010000001110000000011000010000011001100000100101000010010000110000000010010010001000001010010000000100000000101000100100001000000001011000000100000000010010010000010000001000000010000000000000100010000001110000100010010000000110000100011010000000010000010110000000001010000000100100010000101000000010000001000000000000100000001000000000000010110000000100100000100000011000000001010000100110000010010010001011000000110000100100000011001011001000010000101000010101000100000000001001100000110000100,1f174556038152d380f0a144b4b1760b054f30a074b8e5b2adb940beec11211d,row_sparsity,row_sparsity|conj|2c5e43f84a|rng=MT19937-RandomState,,3,3,1,uniform,1;2;3,0.3333333333333333;0.3333333333333333;0.3333333333333333,0.0007389700040221214,6.100255995988846e-05,0.0009490121155977249,0.0009952103719115257,0.005846036598086357,0.008594362065196037,0.0027441950514912605,20,908,1,6,SAT_unsat_identifiable,1,boolean_factorization,exclude_x,exclude_x,0,890,3526,0,1,1,0,0,0,0,1,1,1,0,0,0.006759333424270153
4,50,10,100,869815370,95,conj,glucose42,MT19937-RandomState,0.0005515245720744133,10101000000010000010010000110000000100000010000001000010100100001000000000111000000010000000100001000000100010000010000101000000011000100010100000000001000000000000100000100000001000000000100000110100100000000000000000101001001000100000000000110000100000110100000110000010000100000100000010000000010000000000100010000100000011010001000000001010010000010000001000001100000000100110100000001110000010010001010001000010000001000000000000000100011000000100100000000001101000010000000000000100001010000100,f49c5b95d95cb75294072c3a2542601218803fa3072af6649d8cadb5964f1d9b,row_sparsity,row_sparsity|conj|2c5e43f84a|rng=MT19937-RandomState,,3,3,1,uniform,1;2;3,0.3333333333333333;0.3333333333333333;0.3333333333333333,0.0005581816658377647,6.010197103023529e-05,0.0009474540129303932,0.000985979102551937,0.005402912385761738,0.007958722300827503,0.0025517167523503304,20,787,1,6,SAT_unsat_identifiable,1,boolean_factorization,exclude_x,exclude_x,0,900,3537,0,1,1,0,0,0,0,1,1,1,0,0,0.006421688012778759
4,50,10,100,869815370,96,conj,glucose42,MT19937-RandomState,0.0005953088402748108,00100010000010010000000010000000110010000000110100010010000000000110000101000000001100010000001000010001001000000000000100000001110110000000000010000000000011001001000001100001001000000011100010000000101000000000000010000000001000000000000101000100000010000000100100010010100000000010000000000000100101000000001000001100000101000000100100000001100001001000001010000100001010000000000101000010000001000000000101100000000001000001010001100000100000010100000000100010100000000000110000010101000000000010,00840a1c7061eb8ce745526bb143783ef9f64674e6da2ca940786a71614a6581,row_sparsity,row_sparsity|conj|2c5e43f84a|rng=MT19937-RandomState,,3,3,1,uniform,1;2;3,0.3333333333333333;0.3333333333333333;0.3333333333333333,0.0006465129554271698,6.606429815292358e-05,0.0010723359882831573,0.0009924061596393585,0.006790259853005409,0.009572470560669899,0.0027773194015026093,23,968,1,6,SAT_unsat_identifiable,1,boolean_factorization,exclude_x,exclude_x,0,977,4024,0,1,1,0,0,0,0,1,1,1,0,0,0.0072272662073373795
4,50,10,100,869815370,97,conj,glucose42,MT19937-RandomState,0.0005780849605798721,11000001001001100000001000000000000100101000010010000000000110000100000000100000000000001010100000100010100010000001110001000100010011000000000000010100000001000000000011000001000000011000100000001000000010001000010000000000010000100000000001000000000001000000000010010100001000000000001000000011000001010010001001000000011001000001001000011100010000001100000000001000000100000000100010000000000101101010000001000101010011000100000000001000000000000110001000000100000000000011010000000001101001000000,357b753a5eb055035359bb8f54986472a516622eb4d129ba82864c6e0e0cee1f,row_sparsity,row_sparsity|conj|2c5e43f84a|rng=MT19937-RandomState,,3,3,1,uniform,1;2;3,0.3333333333333333;0.3333333333333333;0.3333333333333333,0.0004915222525596619,5.716271698474884e-05,0.0,0.0,0.0,0.0005523944273591042,0.0005486849695444107,10,1024,1,4,identity_submatrix_identifiable,0,,,exclude_x,0,0,0,1,0,1,0,0,0,0,1,1,1,1,0,0.005554765462875366
4,50,10,100,869815370,98,conj,glucose42,MT19937-RandomState,0.0005918201059103012,01000001000000000001100000000010010000000000100000011000000000000010000000100010000011000101000010000000010000100001000001000000010101100000001100000001000001001000100010000010010010100001000000011010100000000000010000000000010101000110000000000000110001101000000000100000001000001101000000000001000000001100000010100000000000010000010000010010000000000100100100000100000000000100000010000000011000010000010000010000000101000001010000000100010001010010000000000100001000010001010001100000000100000000,516a3d01c0672cf2a54f164539f2cfc8d7bcee06e771cdaabba352a2b06b5123,row_sparsity,row_sparsity|conj|2c5e43f84a|rng=MT19937-RandomState,,3,3,1,uniform,1;2;3,0.3333333333333333;0.3333333333333333;0.3333333333333333,0.0005250079557299614,5.054008215665817e-05,0.0006397897377610207,0.0009958194568753242,0.004174315370619297,0.0063903797417879105,0.0022111572325229645,12,928,1,6,SAT_unsat_identifiable,1,boolean_factorization,exclude_x,exclude_x,0,488,2011,0,1,1,0,0,0,0,1,1,1,0,0,0.005725126713514328
4,50,10,100,869815370,99,conj,glucose42,MT19937-RandomState,0.0005706381052732468,10000000100000101000010000110000000010000001000101000000000110100001000001001010001000001101000001101000000100100000000001000000000000000100000010001000010000000100000000100000000000000001000000000101000000001100000010001000000000000000000100000001000000000100000000100011000100000000100100100000000000100001001000001000001000001100000100100100000000000001000001000000000010000010010001010000101000010000001000000001110001000001100000100000001000010110001000010000001011000000000110001000100010000000,6fc75f12868dbb3c2fd9e2dbd4bc6e7ee23e1dcbf944b40f5147571ce5a89fcf,row_sparsity,row_sparsity|conj|2c5e43f84a|rng=MT19937-RandomState,,3,3,1,uniform,1;2;3,0.3333333333333333;0.3333333333333333;0.3333333333333333,0.0005338173359632492,5.5135227739810944e-05,0.0007997294887900352,0.0010004136711359024,0.004147714003920555,0.0065407101064920425,0.002389095723628998,16,1015,1,6,SAT_unsat_identifiable,1,boolean_factorization,exclude_x,exclude_x,0,654,2730,0,1,1,0,0,0,0,1,1,1,0,0,0.006388736888766289
