schema_version,J,K,N,seed,sim,operator,solver_name,rng_engine,generation_time,q_bitstring,q_sha256,design,design_id,p,m_requested,m_effective,min_row_size_requested,row_size_distribution,row_size_support,row_size_probs,basis_time,identity_check_time,two_col_check_time,three_col_check_time,sat_time,algorithm_time,preprocess_time,J_basis,M_basis,identifiable,branch,branch_label,sat_called,sat_formulation,sat_cardinality_encoding,cardinality_encoding_requested,maximal_candidate_requested,sat_variables,sat_clauses,identity_original,not_complete_original,has_pure_node_original,no_pure_nodes_original,has_zero_row_original,two_col_violation_original,three_col_violation_original,two_column_pass_original,both_necessary_checks_pass_original,I_3c,identity_basis,two_col_violation_basis,diagnostics_time
4,50,10,100,1952131340,0,conj,glucose42,MT19937-RandomState,0.0007597301155328751,00000100101000001001001000000000000001010001100000000000001100101001100101101000010000000001100001000000000001010000000000101000010001000101000001110100001000000110010000000010000001000000100000100000010100000001000010000000000010000101000011100000000010000101000010000001001100001000100000000001000000000000010000000010001100000110000000000010001000110100010001000101010010001010000000001100010000110110001010000000001110001000000000000110001001000110000000000100101100001110000000000111000000000001,94112f88b7d87f4d47ec14fbfeafc6801842d6d37201d6540dd6dcaa6ebad33f,row_sparsity,row_sparsity|conj|3ccb84496a|rng=MT19937-RandomState,,4,4,1,uniform,1;2;3;4,0.25;0.25;0.25;0.25,0.0007403502240777016,0.0001383880153298378,0.0011614356189966202,0.0011442899703979492,0.02265812363475561,0.025854293256998062,0.0031844638288021088,22,876,1,6,SAT_unsat_identifiable,1,boolean_factorization,exclude_x,exclude_x,0,988,3902,0,1,1,0,0,0,0,1,1,1,0,0,0.00751536525785923
4,50,10,100,1952131340,1,conj,glucose42,MT19937-RandomState,0.0007000071927905083,00010001001100001001110000010100000001000001000010001010101010011100000001000000000000100000000100010011000000000000001000001000000000011001000010111000100100000010100001000001000000010100000001011000000000101000010100000000010000100001010101001100010011101000001000000010000000100000010000001010000001011000100000100000101000001000110010000001111000000000100001000001100000010100000101001010000001100000000100000110001001000000000011000010000010110011010100000100000111001110100010101010000000101101,e87fa780e46793fabd8453010373e7d8833845a4f3091479c42ec596514e627e,row_sparsity,row_sparsity|conj|3ccb84496a|rng=MT19937-RandomState,,4,4,1,uniform,1;2;3;4,0.25;0.25;0.25;0.25,0.0006561111658811569,7.095560431480408e-05,0.0009815329685807228,0.0010639699175953865,0.006116332486271858,0.008898581378161907,0.0027725696563720703,19,775,1,6,SAT_unsat_identifiable,1,boolean_factorization,exclude_x,exclude_x,0,931,3437,0,1,1,0,0,0,0,1,1,1,0,0,0.0069718873128294945
4,50,10,100,1952131340,2,conj,glucose42,MT19937-RandomState,0.0007149660959839821,11000000010011000011001100010000001000000001010000100011000000000100100000001101000000010011000100000000100000000100100010100100001000000001000101101000000000111010000000010000001000010100000000001001100001000000010011010100000001000000000100001000001001000000000001110100011100000000111000000000100000000001100000011000000100010000001001000001100000101000010010010000011000000011000011001000000000010110011000010000000010000100100110000000100000010000000000100010000001110010000100001111000110100100,5a0e3542e7acca06cc61d226bf425fe1952d1187432a7e3a7f6961ec8e638006,row_sparsity,row_sparsity|conj|3ccb84496a|rng=MT19937-RandomState,,4,4,1,uniform,1;2;3;4,0.25;0.25;0.25;0.25,0.0007821386680006981,8.816830813884735e-05,0.001031649298965931,0.0010688956826925278,0.005788925103843212,0.008769880048930645,0.002970851957798004,21,920,1,6,SAT_unsat_identifiable,1,boolean_factorization,exclude_x,exclude_x,0,889,3659,0,1,1,0,0,0,0,1,1,1,0,0,0.007245184853672981
4,50,10,100,1952131340,3,conj,glucose42,MT19937-RandomState,0.0007005129009485245,00001000000100010000000010000010000100001100000000000100011010100101000001101010000110010001000010100000000001010100110001010010100001010011011100000000100001100001000110001001011001001000100001000001010110100000110110000001001000110100000000110100101011010000011000010100010000001000110001101000000000000010000000100001000010010000000001100000000010000000010100011000000000010000001001000000010010000110100000000011000011010000000011010100000000000100100100110010010000010000001000110100010100000000,279592ae97fae702f277addf64049cc096508f3083c7d03da3bd741eacfb3b8f,row_sparsity,row_sparsity|conj|3ccb84496a|rng=MT19937-RandomState,,4,4,1,uniform,1;2;3;4,0.25;0.25;0.25;0.25,0.0007575694471597672,8.05361196398735e-05,0.0010468428954482079,0.0011424394324421883,0.011496120132505894,0.014534177258610725,0.0030273878946900368,21,866,1,6,SAT_unsat_identifiable,1,boolean_factorization,exclude_x,exclude_x,0,959,3736,0,1,1,0,0,0,0,1,1,1,0,0,0.007226872257888317
4,50,10,100,1952131340,4,conj,glucose42,MT19937-RandomState,0.0006884336471557617,10101010000001000000000010000000000011000001000100000000110000111001001000100000000001100000000100000000010000010000001000000010000100100001000011010100100000000101000000001100000000011000000000000010100011010000000000100010101001100000101100110011001001000110000010000110100000010100100100101000010101001000000000000100011000011010000010001000001000010000000110110000011100000000010000010000000000010000110011000011000001010000010000100110000100100000011000110000000001101010000101001000000000100000,60914a9dab2a802b5bbefcae4c891a529b0b417c3f096f6fa6d45fa90aab9ef3,row_sparsity,row_sparsity|conj|3ccb84496a|rng=MT19937-RandomState,,4,4,1,uniform,1;2;3;4,0.25;0.25;0.25;0.25,0.0006635962054133415,8.080527186393738e-05,0.0009285416454076767,0.0011286158114671707,0.00454365462064743,0.007353890687227249,0.0028015589341521263,18,974,1,6,SAT_unsat_identifiable,1,boolean_factorization,exclude_x,exclude_x,0,752,3106,0,1,1,0,0,0,0,1,1,1,0,0,0.007259364239871502
4,50,10,100,1952131340,5,conj,glucose42,MT19937-RandomState,0.0006753001362085342,00011000000000000100100010000000000100010000000001101000000100100000000101000010000101110000000101010010010010000000001011001010000000000100100001100100000001000001110010001000100010000000010000000010100010010001000000000101000000000010100110010000010100000011000000100000100000101000000000011001000001101000100010001011001000100001000000010110010010001000000000010100010000000001000000010000100011000000000100011010001010000010100100010100010100010110000000000010000001000001000110010000001001100100,15525e70e420c7080b88ad0a34354aab4def6bd09c4d106a96b89cdb40935b4d,row_sparsity,row_sparsity|conj|3ccb84496a|rng=MT19937-RandomState,,4,4,1,uniform,1;2;3;4,0.25;0.25;0.25;0.25,0.0007078545168042183,7.367786020040512e-05,0.0009989207610487938,0.0011128652840852737,0.005094017833471298,0.007997078821063042,0.002893318422138691,20,815,1,6,SAT_unsat_identifiable,1,boolean_factorization,exclude_x,exclude_x,0,920,3559,0,1,1,0,0,0,0,1,1,1,0,0,0.006796855479478836
4,50,10,100,1952131340,6,conj,glucose42,MT19937-RandomState,0.0006507076323032379,00001000110000000011000100000010010100100000100000000000110100000110011110000000011000001000000010000001000000000100001100000000110000100011001111000001000000000000000011100010010010001000001000000010010000001000110000100001010100010000000011101000000000100000000000011000100010111000001001010000110000001100000000001000001011000110000100010000010001000000101100001100010000110100010010000001000101000010001000101001000000011010010001000000001000000001000000010100000001000000011100010000000010100011,864ecbec8b2feaac6361b039fee80ae4bfb8038d5b083b6cbb44ee8fa4b4f668,row_sparsity,row_sparsity|conj|3ccb84496a|rng=MT19937-RandomState,,4,4,1,uniform,1;2;3;4,0.25;0.25;0.25;0.25,0.0006813537329435349,7.527973502874374e-05,0.0012088585644960403,0.001149756833910942,0.007837867364287376,0.010962052270770073,0.003115248866379261,26,836,1,6,SAT_unsat_identifiable,1,boolean_factorization,exclude_x,exclude_x,0,1214,4687,0,1,1,0,0,0,0,1,1,1,0,0,0.007911358959972858
4,50,10,100,1952131340,7,conj,glucose42,MT19937-RandomState,0.0006597405299544334,00110001101000110000011110000000000010010001000001100000000000010011000010100011100001001100001111000000010011100110100000000100000000010000000001110001100100000000001000000000001000000001110010000111010100010100000111100100000000010010010010000000011010001100000010100001000110000101000000000110010100100000010001010101100010000000001100000010010100000010000010101000010011001000000010000001000001001000010010000000101010000100010010000100100001110001100010100000101010000010000000000000100000101001,c219bad5e3a1dc82dc8c6ccbc435e0ebee8865ac48ae5ff9360be570f95ff219,row_sparsity,row_sparsity|conj|3ccb84496a|rng=MT19937-RandomState,,4,4,1,uniform,1;2;3;4,0.25;0.25;0.25;0.25,0.0008379416540265083,7.67270103096962e-05,0.0011700969189405441,0.0010996833443641663,0.016406772658228874,0.019602203741669655,0.003184448927640915,25,854,1,6,SAT_unsat_identifiable,1,boolean_factorization,exclude_x,exclude_x,0,1195,4532,0,1,1,0,0,0,0,1,1,1,0,0,0.007508371025323868
4,50,10,100,1952131340,8,conj,glucose42,MT19937-RandomState,0.0006929375231266022,01101000000000010011000010000000101010000000000010001000000000000110001100001010110001000000001011010011001010010001010100100000011000000000100010010100100011010110000010001000000100000010010011100010000000001011010000010000001100000011000000101000100001101000100000100010000001100100001001000101000000011001101100100001010001000110010000101011000001010100010100100010000000100011010100010000001100000110000000100101001000100000100001101001000000001110010000110100010000010000000010000001011000110100,7486e4f885522da7c14531291891519d8837217bcee1e184b1c98c10e6075752,row_sparsity,row_sparsity|conj|3ccb84496a|rng=MT19937-RandomState,,4,4,1,uniform,1;2;3;4,0.25;0.25;0.25;0.25,0.000967981293797493,9.700004011392593e-05,0.001491829752922058,0.00111469067633152,0.00874207355082035,0.01242312602698803,0.003671501763164997,31,823,1,6,SAT_unsat_identifiable,1,boolean_factorization,exclude_x,exclude_x,0,1509,5682,0,1,1,0,0,0,0,1,1,1,0,0,0.00833634752780199
4,50,10,100,1952131340,9,conj,glucose42,MT19937-RandomState,0.0006843274459242821,00010001111000000000010000001110000000000001101100100000000000000100010111001000100100000001001000000110000000001001100010000011000000011000000000001100010010000011000100000010000100001110010000011000000100100000000001000000000001000101101010010000000000001110011000101010000000000000010010001001001000010110010010010011011000000000000111000000000100001000100010000000011000100000011000000110100101000000011000000100000000000001000000101100100000001010010110000000100000000001000101101100000000100000,b37b4d9fe9ef804d007a599934c406f3e600cfbd8df6727b3672a22abbb8bf1a,row_sparsity,row_sparsity|conj|3ccb84496a|rng=MT19937-RandomState,,4,4,1,uniform,1;2;3;4,0.25;0.25;0.25;0.25,0.0006962046027183533,8.75573605298996e-05,0.0011201435700058937,0.001048215664923191,0.011572325602173805,0.014532114379107952,0.0029521211981773376,23,771,1,6,SAT_unsat_identifiable,1,boolean_factorization,exclude_x,exclude_x,0,1067,4123,0,1,1,0,0,0,0,1,1,1,0,0,0.007157685235142708
4,50,10,100,1952131340,10,conj,glucose42,MT19937-RandomState,0.0006406018510460854,10000100110110010010010100001110110000011100000110001000000011010100000010011000000010110111000000010011000000000101001110000000000100001001000001000010000000000000110001000000010000010010000110000000110010000100000000110001000000000000100000011000001000100100000000000110001000110010000000001010000110100100000101000000100100010000011011000010000010100000000001010011000110000100001001000110000000001100100000001110000000001000010000100000010100100000010100100000000001010110100000001101100001011010,89ae175058d61a22a0f4d82222c6aa698a92090cbb09b924b07d50bce6577b8a,row_sparsity,row_sparsity|conj|3ccb84496a|rng=MT19937-RandomState,,4,4,1,uniform,1;2;3;4,0.25;0.25;0.25;0.25,0.0007505146786570549,8.049607276916504e-05,0.0009631840512156487,0.0011331448331475258,0.004974959418177605,0.007910654880106449,0.0029273396357893944,18,904,1,6,SAT_unsat_identifiable,1,boolean_factorization,exclude_x,exclude_x,0,802,3161,0,1,1,0,0,0,0,1,1,1,0,0,0.007031390443444252
4,50,10,100,1952131340,11,conj,glucose42,MT19937-RandomState,0.0006664851680397987,00100001000010001000000100000001010000100001000000001010000100100000000100110000100001110000011001010000110110010010001100100111000000011000000100000110100011000001010010001000011100110010000100000000010011000100000001000001000110001101001011011000001000010000001100010100010001000101000000000010000001010000100001001000001110000011000001000000000001011010000111101000001110100000001110000010000100000100110100001010100100100001110000000111001101000100000000010000010111000000100110000101001001001100,c33cf1f9c2238265b0c32c7deffabd6c2237c1b5c2e202ac7675f1dcd2b115da,row_sparsity,row_sparsity|conj|3ccb84496a|rng=MT19937-RandomState,,4,4,1,uniform,1;2;3;4,0.25;0.25;0.25;0.25,0.0008091917261481285,8.262414485216141e-05,0.0011952798813581467,0.0010723210871219635,0.007769258692860603,0.010936233215034008,0.0031594168394804,25,684,1,6,SAT_unsat_identifiable,1,boolean_factorization,exclude_x,exclude_x,0,1235,4576,0,1,1,0,0,0,0,1,1,1,0,0,0.0071973539888858795
4,50,10,100,1952131340,12,conj,glucose42,MT19937-RandomState,0.0006521167233586311,10000011101100000101000001110001000000110000100000000001100000000100000000000010000000001000000001000100000000100001000000000010001010000010100000010000101000101100000000000001100000100011000011010010100000001101101000100001000000000110000100010001111010001100000001001100011010010001000100000001000000000100000000100000010000101110000010010000000010000000001000101001000010001001010000011010100100001100110000001110000000000011001000100000000001000100101000110000010101000100000000110001100010000001,36c3decb6bdf52616e8565dd17dde05070ef9d436741579208f1733e054a75e4,row_sparsity,row_sparsity|conj|3ccb84496a|rng=MT19937-RandomState,,4,4,1,uniform,1;2;3;4,0.25;0.25;0.25;0.25,0.0007522832602262497,7.822364568710327e-05,0.0012583956122398376,0.0011479789391160011,0.007014114409685135,0.010258347727358341,0.0032368814572691917,27,907,1,6,SAT_unsat_identifiable,1,boolean_factorization,exclude_x,exclude_x,0,1263,4875,0,1,1,0,0,0,0,1,1,1,0,0,0.00823505874723196
4,50,10,100,1952131340,13,conj,glucose42,MT19937-RandomState,0.0006412090733647346,10010010010010000010000100000100100101000001111000001011001000100000010100110001001000100001110010000100000001100000001001101000000000000101000011100011001010000110000000000100110000000100000001100001000001000010001100010010000000010100000000100100001010011000001000000010100000011100000100000101000000010000110001000000000000001000000100000010001010000100000001000001110000101100100100000000010100100000010110000010000001010100011000011100100010110001000001000000000100100001010000000100001000001000,fbc81cd449a1d42d2f36600a5fc8ba2199439ff529bf0142710052273c4c803c,row_sparsity,row_sparsity|conj|3ccb84496a|rng=MT19937-RandomState,,4,4,1,uniform,1;2;3;4,0.25;0.25;0.25;0.25,0.000804675742983818,8.18418338894844e-05,0.0011987928301095963,0.0011396799236536026,0.007009170018136501,0.010240980423986912,0.0032249903306365013,25,895,1,6,SAT_unsat_identifiable,1,boolean_factorization,exclude_x,exclude_x,0,1115,4444,0,1,1,0,0,0,0,1,1,1,0,0,0.007844829000532627
4,50,10,100,1952131340,14,conj,glucose42,MT19937-RandomState,0.0007003918290138245,00001001100000010000000100000001010100010010000101000010001000000010000001001000000000001100000000100010010101111001000000100111000101000000010100010000010100010100010000101001000010010000010000000100000000001100000100101001001010011010100011001100000100000000000010000010000000010001000100001000010100000000100000100001001100000000000010000010000001000000010000010000000011110000111000000000000101000110000000000000010010110000000000010000100010001110010000010000001000000000010100000000100010010010,e88f91951cf6be04307ea2446a695c9c308667a3d793c2ec21eb4c940b6b2038,row_sparsity,row_sparsity|conj|3ccb84496a|rng=MT19937-RandomState,,4,4,1,uniform,1;2;3;4,0.25;0.25;0.25;0.25,0.0006933743134140968,8.236896246671677e-05,0.0011146729812026024,0.0011073118075728416,0.010535129345953465,0.013541122898459435,0.0029977280646562576,22,876,1,6,SAT_unsat_identifiable,1,boolean_factorization,exclude_x,exclude_x,0,998,3913,0,1,1,0,0,0,0,1,1,1,0,0,0.0073050763458013535
4,50,10,100,1952131340,15,conj,glucose42,MT19937-RandomState,0.0006697513163089752,01001100000100000010001001000100000110000100000000001000000000000100000100010001000000100000001000100000000001010011001010001101000011000101100000110110100001000001100100000010010100000000010100011000000001000010010101000010000010101000100100010011001010000100101000001010000001000001001000111000001010000001000001100000100000000000000010101010000101011001001001000000100110101000100001000010000000000001101000100010100000000001100100000011010000100100100111001100000101000000001001010001101100100000,91b878607e33577b2b146ba002b430b9836f8df6875d76a6c28d7feeef6d954f,row_sparsity,row_sparsity|conj|3ccb84496a|rng=MT19937-RandomState,,4,4,1,uniform,1;2;3;4,0.25;0.25;0.25;0.25,0.0008322736248373985,9.44770872592926e-05,0.001158216968178749,0.0011243093758821487,0.006882919929921627,0.01010051742196083,0.003209277056157589,24,858,1,6,SAT_unsat_identifiable,1,boolean_factorization,exclude_x,exclude_x,0,1146,4344,0,1,1,0,0,0,0,1,1,1,0,0,0.007487650960683823
4,50,10,100,1952131340,16,conj,glucose42,MT19937-RandomState,0.0006907079368829727,11010010001100100100000001000000111001000000101010100000100010000000001000000001000000100010010000011000010010000000100000100101000010001100000010000010100000001100100000000001110000100001100000100100001010000010010001010010010100100100001011000001001000000100000000011000101000000000000010010110100000000010110101000000110101000000010000000100010011010001000000100001000010000000001100000110010010010101000110000110100000100000000000000100001000110000001100001000100010000010000010010100010101000000,f4d96bf725ffc1c6bde681514114f6fd8773d22ff3114ef7cb8f5e38d4f28f1b,row_sparsity,row_sparsity|conj|3ccb84496a|rng=MT19937-RandomState,,4,4,1,uniform,1;2;3;4,0.25;0.25;0.25;0.25,0.0006899451836943626,7.044803351163864e-05,0.0008630445227026939,0.0011790506541728973,0.005091901868581772,0.007902498356997967,0.0028024883940815926,16,836,1,6,SAT_unsat_identifiable,1,boolean_factorization,exclude_x,exclude_x,0,704,2785,0,1,1,0,0,0,0,1,1,1,0,0,0.006476529873907566
4,50,10,100,1952131340,17,conj,glucose42,MT19937-RandomState,0.000640559010207653,10000100000010001000000101000001000001101000000010110000010000100000000100000001001000100000000001000011000010000011000100000001000000011010001100000000110001100010000000000000010000000001000000010100100010100000000001000000101001101000110011001000100100000101001110000010000100000010110010100000000011000000100001010101010001100000010100000110000100100001010000000001000000010100010000100010001100010101000001001100100000000010110010001010100001000000110010001000100101000000001010100000000000000100,031b01aaacb592c1cef66644cd5f079b1263e6efb6b7dc65b3e59a5bac12565d,row_sparsity,row_sparsity|conj|3ccb84496a|rng=MT19937-RandomState,,4,4,1,uniform,1;2;3;4,0.25;0.25;0.25;0.25,0.0007051639258861542,7.454119622707367e-05,0.0012537408620119095,0.0010701417922973633,0.011734375730156898,0.014846039935946465,0.0031035877764225006,27,665,1,6,SAT_unsat_identifiable,1,boolean_factorization,exclude_x,exclude_x,0,1313,4930,0,1,1,0,0,0,0,1,1,1,0,0,0.007345191203057766
4,50,10,100,1952131340,18,conj,glucose42,MT19937-RandomState,0.0006905728951096535,00101011000101001000010100100000100001001000101000001000001000000110001001001010000110001001000000000011001000000010000000001000110000010010100011000100010010010001010000000010000100010000001101100000100100000110010000111100010010000001100000111000000000011000001011000000000100000001010000100001010000000000100000100000001001010011000000000000000010101011000001000000001100000101000011001110000000000100000000100110100010000000000000000011000100001000010010110010110001000000100010010001011000010001,cfaf2d5a65a52f44c44e58493cd47f41e5d01da33f0fc07d3e785e72e3054687,row_sparsity,row_sparsity|conj|3ccb84496a|rng=MT19937-RandomState,,4,4,1,uniform,1;2;3;4,0.25;0.25;0.25;0.25,0.000716877169907093,7.775053381919861e-05,0.0010359184816479683,0.0010841134935617447,0.00582839734852314,0.008750662207603455,0.0029146596789360046,20,762,1,6,SAT_unsat_identifiable,1,boolean_factorization,exclude_x,exclude_x,0,920,3559,0,1,1,0,0,0,0,1,1,1,0,0,0.006742303259670734
4,50,10,100,1952131340,19,conj,glucose42,MT19937-RandomState,0.0006934525445103645,00010001000001000011010010010111000110000001010000000000010000000010000010100000000100000001100100011000100110000101001100000001001100010001100010100000001010010001000000001101000000000100010000010100101000101000100001000100101001010101100000000101111000010000010001001100100100011000010000000101000000000010000000000001011001000100100101101010001000000000001000001001110000011000101000000100000001011000100000000000000100001100001001000000000110000000110000000000010000100000001000000000110000001100,a2d451d1284a4905c16bd75b1206a78d39e060a5395b1824904866d32eb2356a,row_sparsity,row_sparsity|conj|3ccb84496a|rng=MT19937-RandomState,,4,4,1,uniform,1;2;3;4,0.25;0.25;0.25;0.25,0.0007281936705112457,8.161086589097977e-05,0.0013114865869283676,0.0011051548644900322,0.007116091437637806,0.010350833646953106,0.0032264459878206253,27,692,1,6,SAT_unsat_identifiable,1,boolean_factorization,exclude_x,exclude_x,0,1293,4908,0,1,1,0,0,0,0,1,1,1,0,0,0.007578646764159203
4,50,10,100,1952131340,20,conj,glucose42,MT19937-RandomState,0.0006316918879747391,10100010000000011000010000001001001000110000000001101001010001000010001100000000010000000110110000001001001100000001000000000000101100000000000000010000000000110101010100001100010001000000100010000000000000100001000011000000001000110010100000000000010100001101000000101000110100100100000010101000000100100100100000011000000011001010000010100000010100010101000000100000000000011001010110010000010100110000001010100000010000001000000101000010000000001000100001100110000100000010000100001010000000000100,f0fe55c2b54c78ab073b8e89addcc3e4ab0598261168667ca78911e9eca9da64,row_sparsity,row_sparsity|conj|3ccb84496a|rng=MT19937-RandomState,,4,4,1,uniform,1;2;3;4,0.25;0.25;0.25;0.25,0.000681975856423378,8.562952280044556e-05,0.0011896193027496338,0.0011813286691904068,0.005958410911262035,0.009105839766561985,0.003138553351163864,24,826,1,6,SAT_unsat_identifiable,1,boolean_factorization,exclude_x,exclude_x,0,1126,4322,0,1,1,0,0,0,0,1,1,1,0,0,0.007567275315523148
4,50,10,100,1952131340,21,conj,glucose42,MT19937-RandomState,0.0006967540830373764,10010010010110011000100011001000100011000000000001110001000000100000010100110100000100000000101000010000110001000011001000100001000110010000010001001000001000010010010000100000000010011000000100101010001110010000100100000100000100101001100000000000100001001010001000000010100010001000000101010100000000001000000010100000000010101010110000101000000000000011100000000000110010001100000000010001001100100011100000010111000000001001000101001001100000000100110001100101000001010000010000111010001111000000,b732f29562ecfdf1c25a115fdc4aeee8cbe41fe2f8248891d872b1b3021c7342,row_sparsity,row_sparsity|conj|3ccb84496a|rng=MT19937-RandomState,,4,4,1,uniform,1;2;3;4,0.25;0.25;0.25;0.25,0.0008800970390439034,8.928216993808746e-05,0.0013343896716833115,0.0011361995711922646,0.0074936216697096825,0.010941374115645885,0.003439968451857567,27,791,1,6,SAT_unsat_identifiable,1,boolean_factorization,exclude_x,exclude_x,0,1323,4941,0,1,1,0,0,0,0,1,1,1,0,0,0.007716692052781582
4,50,10,100,1952131340,22,conj,glucose42,MT19937-RandomState,0.0006575183942914009,00000001101001000110001100000000000100000010011010010010001000110010000000010000001011001011010000100110001000101000100100000001101100100000000010110000011000000000000001001000001000010000000100100011000010001000000010000010010001000110001010000001000001110000011001000001010010000000001000010010000010001100100000100011001100000100000011100001000010101010000000001001001000000000000100001001010000000010110000010111000000000100001000000000001101001000010000000000010000001000000000000100100001011010,f73eb2d0c5e2817937a5471ea53e972c72fe8a954d766e4b938812c9c6bc9829,row_sparsity,row_sparsity|conj|3ccb84496a|rng=MT19937-RandomState,,4,4,1,uniform,1;2;3;4,0.25;0.25;0.25;0.25,0.0007265312597155571,7.423292845487595e-05,0.0010153930634260178,0.0010867184028029442,0.007745068520307541,0.01065684761852026,0.002902875654399395,20,862,1,6,SAT_unsat_identifiable,1,boolean_factorization,exclude_x,exclude_x,0,860,3493,0,1,1,0,0,0,0,1,1,1,0,0,0.006865406408905983
4,50,10,100,1952131340,23,conj,glucose42,MT19937-RandomState,0.0007109055295586586,00000100000100110001100010010000011110000000100000100110001000000001100000101010000010010000000000101000001011000100000000011010000110000101000100110000001101000000000010000000001000001010000011100001000001000000000000010000010010101000010110001001100100000000010100000000000000110000000111000010100000011000000001000000010000000100010000101000100000000010001011010100000100000000100001001011000001001010000101000010000100011000100010110000100000111001010010001011001000000001100001000010100000110010,bd58beea2f207d6bf5bd5f4f576a7deeea4498ec4dca19a7fddab28bc55095bf,row_sparsity,row_sparsity|conj|3ccb84496a|rng=MT19937-RandomState,,4,4,1,uniform,1;2;3;4,0.25;0.25;0.25;0.25,0.0007213866338133812,7.659569382667542e-05,0.00113596860319376,0.0010940665379166603,0.014876737259328365,0.01791344303637743,0.003028017468750477,24,663,1,6,SAT_unsat_identifiable,1,boolean_factorization,exclude_x,exclude_x,0,1176,4377,0,1,1,0,0,0,0,1,1,1,0,0,0.006998592056334019
4,50,10,100,1952131340,24,conj,glucose42,MT19937-RandomState,0.0007375488057732582,10001001000111000100000000101000101101000110000000000000100000000101100000001000000100000000000000100101000001000101100001000100100010000000001001011000000100000000000100101010001001010000111011000010000100000000000010010101100010100010100000000110000010001010011000000010000000000100100001000100001000000011010001011100110100000100000111100100000000010000111000001010010000111001000010000000001100000010000001001100010000100100000101010010000001000101010100011001000011001000000001000100010000010010,2590535793ae57793e65c89ac465384c928ee094b9a407df6da56b7af0a4a4b1,row_sparsity,row_sparsity|conj|3ccb84496a|rng=MT19937-RandomState,,4,4,1,uniform,1;2;3;4,0.25;0.25;0.25;0.25,0.000729602761566639,7.772352546453476e-05,0.000801432877779007,0.001126762479543686,0.004490243270993233,0.007234944961965084,0.0027355216443538666,15,988,1,6,SAT_unsat_identifiable,1,boolean_factorization,exclude_x,exclude_x,0,635,2575,0,1,1,0,0,0,0,1,1,1,0,0,0.006764053367078304
4,50,10,100,1952131340,25,conj,glucose42,MT19937-RandomState,0.0007283566519618034,11000000100000100000010001100101000000000011001010001000110000000001110000101010001000000000000001000000001110010100011000000000010010000100000000010000000110000100100101000000000100110000000100001010110100010000000000100110000000000001010010100110000001001010100001001100011001001000101010000000100000000100100111001000000010111011000101000010001001000010000000101010000000001000100000101000100001110000010111000000101100111000000101000000100001100010101000100010000001010010010100001010100011100000,691b16337156604e599f06338ae78a2e0c040cd4c668dc56a1fb7be5b59dbaa7,row_sparsity,row_sparsity|conj|3ccb84496a|rng=MT19937-RandomState,,4,4,1,uniform,1;2;3;4,0.25;0.25;0.25;0.25,0.0007278155535459518,8.760672062635422e-05,0.0010721012949943542,0.0011018291115760803,0.0066329240798950195,0.0096305375918746,0.0029893526807427406,21,755,1,6,SAT_unsat_identifiable,1,boolean_factorization,exclude_x,exclude_x,0,979,3758,0,1,1,0,0,0,0,1,1,1,0,0,0.00696853082627058
4,50,10,100,1952131340,26,conj,glucose42,MT19937-RandomState,0.0006961692124605179,00101000000101001000000000000110000000000001000011001000000000010000101010000001001010000110101000010000010101000001000101000101100001100000100100010000010000000000000100000001010100000000110000010000001001000000010100100100000010000001011100100010001011010000001000001000101000011000010000100000100100100000100101010001010000000000110010101001000011100000110000011001000000011100010000001000100000000000010000000001010000011010010011001001001000101000010001010010010101000000010010001000010000010100,6e99e44fd2d75526916c71b0cf7e3752dccc46ee5b976fcca3cc6ed1f7168dbf,row_sparsity,row_sparsity|conj|3ccb84496a|rng=MT19937-RandomState,,4,4,1,uniform,1;2;3;4,0.25;0.25;0.25;0.25,0.000726643018424511,8.108653128147125e-05,0.0010164408013224602,0.0011320468038320541,0.005203425884246826,0.00816910620778799,0.0029562171548604965,20,859,1,6,SAT_unsat_identifiable,1,boolean_factorization,exclude_x,exclude_x,0,880,3515,0,1,1,0,0,0,0,1,1,1,0,0,0.006997411139309406
4,50,10,100,1952131340,27,conj,glucose42,MT19937-RandomState,0.0006564445793628693,00000101100000010010000010000010101100001010000110000100111000000000010001000000000001011100010110000001010001100000000000001000000000000100100011000100100000000001000000100000101001100000001010001001100000100001000000000100000000010100100000001000000000101100011110000011000100010101100000000100010000001100001000100001000000001100100000101000000000100001001010000011001000100001111000001000100001000000011010011000000000000010001000000000000101000101110000010001000000011001001000100100000000001000,c2657c1b215acf0467e491cfe3742f157ee39a78559010576e55df2d10801598,row_sparsity,row_sparsity|conj|3ccb84496a|rng=MT19937-RandomState,,4,4,1,uniform,1;2;3;4,0.25;0.25;0.25;0.25,0.0006944769993424416,7.705576717853546e-05,0.0009362548589706421,0.0010822182521224022,0.005662612617015839,0.008460357785224915,0.0027900058776140213,18,944,1,6,SAT_unsat_identifiable,1,boolean_factorization,exclude_x,exclude_x,0,792,3150,0,1,1,0,0,0,0,1,1,1,0,0,0.00692355539649725
4,50,10,100,1952131340,28,conj,glucose42,MT19937-RandomState,0.0006727343425154686,01010000000111000100000011000011000000001000000000000011000000000011000100000000000011000110001000100000010000000010110001000001010000011010000100001000000000101000010011000000001010000001100000001000001000000001001000000000011010010010101000000000100000100001001010110000111010000000100111110000000110000000011011000010010011100010100100100000001010000110000000100100000000000001101000000000000011000000000100101001010000000010001000101000010001100000101000000100011000001000001010000010010100001010,f289aa8e868530a872bbcdbd77e18f1076c8a7f48557974bf6118ed66e267b98,row_sparsity,row_sparsity|conj|3ccb84496a|rng=MT19937-RandomState,,4,4,1,uniform,1;2;3;4,0.25;0.25;0.25;0.25,0.0007265089079737663,7.440522313117981e-05,0.0009217141196131706,0.0011117197573184967,0.004794273525476456,0.007636896334588528,0.0028343480080366135,18,952,1,6,SAT_unsat_identifiable,1,boolean_factorization,exclude_x,exclude_x,0,752,3106,0,1,1,0,0,0,0,1,1,1,0,0,0.007118940353393555
4,50,10,100,1952131340,29,conj,glucose42,MT19937-RandomState,0.00069458968937397,00000001000101100001000010100010000000001000000110010001001010000001110011001000000000010001000000100100000001001010001000000001000000100010010000000001000001101000000000001010100010100010000000000001000010100011000000001000011001000100000001000101000000010000001000000000100011000000100000000101000000000001010001010011000100001010011100000100100000010110000001101000011000010100101010000000011000010000010101101100010000000001000110000010000100000001000000000101101000000000010100000000010010100110,802c484fd831004bc019db44a46a4bab1f759635a30499c250eeeedbb024adf8,row_sparsity,row_sparsity|conj|3ccb84496a|rng=MT19937-RandomState,,4,4,1,uniform,1;2;3;4,0.25;0.25;0.25;0.25,0.0006985319778323174,7.860176265239716e-05,0.0009062802419066429,0.0010722232982516289,0.0051804520189762115,0.007944507524371147,0.0027556372806429863,17,863,1,6,SAT_unsat_identifiable,1,boolean_factorization,exclude_x,exclude_x,0,743,2962,0,1,1,0,0,0,0,1,1,1,0,0,0.006580081768333912
4,50,10,100,1952131340,30,conj,glucose42,MT19937-RandomState,0.0006946753710508347,00010000000101000001000000010010000010011000010000001000110101000000000000001000000000001011101000001000100001010100001001010000100100010000100000000001000001011000000010101100100010000101010001110001100000000000100010100010000000000100000100000011000001110001011010000100000001000000100100010001001000100010001000000000000000000100000001010010010000000100100000101001010001000000000100101000000001000100000000000011000000000110010000010110000010010001010000000110010100100000100000011000000011001000,e9c70e493d8930ebac1e02040c380cdb5472ebcfcbf76e3606ea84cc1a5af8a1,row_sparsity,row_sparsity|conj|3ccb84496a|rng=MT19937-RandomState,,4,4,1,uniform,1;2;3;4,0.25;0.25;0.25;0.25,0.0006952583789825439,8.452124893665314e-05,0.0009427815675735474,0.0011384300887584686,0.005697880871593952,0.008567816577851772,0.002860991284251213,19,966,1,6,SAT_unsat_identifiable,1,boolean_factorization,exclude_x,exclude_x,0,831,3327,0,1,1,0,0,0,0,1,1,1,0,0,0.007208851166069508
4,50,10,100,1952131340,31,conj,glucose42,MT19937-RandomState,0.0006753439083695412,10001010101100100001011001000100000010001000000100000010000000000000111001010100010011001000001000000100000010001001000100001000010000110000000010101000111000000000000110000010000000001000101101001000010001000000000001001000000000010100000000000010001001001000000001110010100000010100011001100100100010001100010001011100001010101000101100000010111000100010000000000011000101000100000001000000101110001010010100001000110000000100000000000110000001000000000000100010000100010001110000101000100000000001,86d8979f05534ab9b5e07121b467b5044ea337f3a9c752f51548e15629b94e2e,row_sparsity,row_sparsity|conj|3ccb84496a|rng=MT19937-RandomState,,4,4,1,uniform,1;2;3;4,0.25;0.25;0.25;0.25,0.0007116310298442841,8.847564458847046e-05,0.0010456666350364685,0.001131589524447918,0.005877714604139328,0.00886397622525692,0.002977362833917141,20,784,1,6,SAT_unsat_identifiable,1,boolean_factorization,exclude_x,exclude_x,0,930,3570,0,1,1,0,0,0,0,1,1,1,0,0,0.006892962381243706
4,50,10,100,1952131340,32,conj,glucose42,MT19937-RandomState,0.000709126703441143,00001001000000001000000100101010000011100010000000010100010010000011001010100000000000010001100000000100000100000000101110001000000010000000100101000000000000100000000100100000000110000000010101011000001001101000111000101000100100001001110001000100001010000100000100000000100000001101000001000001000010000000000011010010100000000000001000000010000101010000100000001000001000001100101001100000001101000001000010100010001001110100000001101100001010000000100000010001000000000001100000011000010100000000,029f38fb570550ab89d2b7111fdb2fe09f553d3ddcee1bb1073b17baa6c1fe6c,row_sparsity,row_sparsity|conj|3ccb84496a|rng=MT19937-RandomState,,4,4,1,uniform,1;2;3;4,0.25;0.25;0.25;0.25,0.0006741918623447418,6.884709000587463e-05,0.0007388535887002945,0.0011212611570954323,0.004290684126317501,0.006903087720274925,0.0026031536981463432,13,952,1,6,SAT_unsat_identifiable,1,boolean_factorization,exclude_x,exclude_x,0,537,2199,0,1,1,0,0,0,0,1,1,1,0,0,0.006272044964134693
4,50,10,100,1952131340,33,conj,glucose42,MT19937-RandomState,0.0006786519661545753,00011001010100110000100100110000010101000101001001010000100001000001100100000010100000000000000000101100000010101000011010001100100110100010010000000001000110010100100100000000010000110010000000011000000000000110000000001010000001000000001010010001011001001000100110000101001000000100000001001000000001000000010000000011010100001101000000000000100001000100000010010100011100101000010001010000000101110000100000000000100000000100000001100000000000010001110000100000100000000000010000100001000001100101,3e3d5cf735127bae382d9650ee0bb11f723eedb1f282fda5cebc025d40d160c7,row_sparsity,row_sparsity|conj|3ccb84496a|rng=MT19937-RandomState,,4,4,1,uniform,1;2;3;4,0.25;0.25;0.25;0.25,0.0006189709529280663,7.112044841051102e-05,0.0,0.0,0.0,0.0006945943459868431,0.0006900914013385773,10,1024,1,4,identity_submatrix_identifiable,0,,,exclude_x,0,0,0,1,0,1,0,0,0,0,1,1,1,1,0,0.0060652634128928185
4,50,10,100,1952131340,34,conj,glucose42,MT19937-RandomState,0.000699053518474102,00000100001000000000010001010010010100100000000100000010101100000000010010010100000110010000010000000000001000000110101000000000010001000010000000001001110000010000010010010001001011101000000001000100100000001000000010000000001000000000100011000000100010000001000100100000100101000010010010000000100000100000001001001100010100001100101010001000000000000000010000100100000000100001001000000100000010001000001000011001000010010100010100000000010000001101000110011001110000000010111000000010010010100010,64012fe4d11d40f22317e01965a04aa185b016234d6a7d8a9da23b061653a8e1,row_sparsity,row_sparsity|conj|3ccb84496a|rng=MT19937-RandomState,,4,4,1,uniform,1;2;3;4,0.25;0.25;0.25;0.25,0.0006731981411576271,7.628370076417923e-05,0.0008821040391921997,0.0010409709066152573,0.004781192168593407,0.007463018409907818,0.0026725567877292633,17,933,1,6,SAT_unsat_identifiable,1,boolean_factorization,exclude_x,exclude_x,0,783,3006,0,1,1,0,0,0,0,1,1,1,0,0,0.006956744939088821
4,50,10,100,1952131340,35,conj,glucose42,MT19937-RandomState,0.000699375756084919,00001010111000000111000000001010010100100010001000011001001011000000100010101001000010011000101010011000000000011000000100100000101000110100000001000110010010000010000001000000110000010011000001001100000000011011000010001000000000001001001000001000000110001100001001000000011000010101000100100110100000000010110100001100000101001101010000000100000000000010000000101010100000000100000001000000000000011101000100001110001000010000000000001000100001000000000010100000110001001001000010111000000000010001,e525261e1987da5185901e7fef6032c49209d7c632fad4c99575c93c543cfb41,row_sparsity,row_sparsity|conj|3ccb84496a|rng=MT19937-RandomState,,4,4,1,uniform,1;2;3;4,0.25;0.25;0.25;0.25,0.0007010418921709061,7.355585694313049e-05,0.0008017262443900108,0.0010981196537613869,0.004141380079090595,0.006824682466685772,0.0026744436472654343,14,996,1,6,SAT_unsat_identifiable,1,boolean_factorization,exclude_x,exclude_x,0,576,2376,0,1,1,0,0,0,0,1,1,1,0,0,0.006698785349726677
4,50,10,100,1952131340,36,conj,glucose42,MT19937-RandomState,0.0006719920784235001,00011010100100010000000100011000100011000001000110100101000000000011000010001000100010101010000100100000000010101001010010010000100100000000000110000000000010000010001100000100100010001100001010000001100001000011000001000010000000000000110100010000001000000000000010100001000010000101001000100001000010000101000001000010000000001000000011000010000110000000100100001000100001000000010001001000011000010000001000110100001000100011010100000111100001000110110010000000000110001000010000000000100011100010,bcbc7b78e6a345a7e10a706c242e8d6351a45a795ecf626f5b004e0f9237bd51,row_sparsity,row_sparsity|conj|3ccb84496a|rng=MT19937-RandomState,,4,4,1,uniform,1;2;3;4,0.25;0.25;0.25;0.25,0.0007801894098520279,8.502975106239319e-05,0.0011030500754714012,0.0011092908680438995,0.008993316441774368,0.012080037966370583,0.003077560104429722,22,775,1,6,SAT_unsat_identifiable,1,boolean_factorization,exclude_x,exclude_x,0,978,3891,0,1,1,0,0,0,0,1,1,1,0,0,0.00722510926425457
4,50,10,100,1952131340,37,conj,glucose42,MT19937-RandomState,0.0006642099469900131,10100110000100000001010010110001000011000000001000000010010000001010011100000000100000100000000000010000010000000001000000001000000000001100100010000000011001010100001011000000100001010000011000100001000000000101100000110000001000010001000000001110010010001100000001001010000000000000100000100001000100000010101000101010100101000010001010001000100110010110100011001001000010000110111000000101100001000000000001000000110000010000101000000101000000101100110100011001000010001000000000000100101001100100,61d48a2cbface486d97b68599724b6bab6aee663c19fe35ac0b66a8c26be6c14,row_sparsity,row_sparsity|conj|3ccb84496a|rng=MT19937-RandomState,,4,4,1,uniform,1;2;3;4,0.25;0.25;0.25;0.25,0.000826607458293438,8.705258369445801e-05,0.001234143041074276,0.0010637016966938972,0.006932561285793781,0.010152081027626991,0.003211504779756069,26,814,1,6,SAT_unsat_identifiable,1,boolean_factorization,exclude_x,exclude_x,0,1234,4709,0,1,1,0,0,0,0,1,1,1,0,0,0.00771261565387249
4,50,10,100,1952131340,38,conj,glucose42,MT19937-RandomState,0.000681842677295208,10010001000000000011000100000010000000000000100110010101100000000000100001110010010100100010001110000001000010000000100100000010000110001000000110100000000000010100001010000000001000110100100000000100011100001010010100010000100001000001111010000000110100010001010000010000010000010000000101001001101001000000000010001000000000100010100010000010000001010000000001001000000011100100110000010010001100010001000111101010000001100101000001010000000000101010000111001000001110100100000000010000001000000000,a17e7377b47a518479898f55078775fc25123b8f24ce4c22c28b0518035674af,row_sparsity,row_sparsity|conj|3ccb84496a|rng=MT19937-RandomState,,4,4,1,uniform,1;2;3;4,0.25;0.25;0.25;0.25,0.0008311904966831207,8.045043796300888e-05,0.0012866910547018051,0.0011429749429225922,0.007301990874111652,0.010651247575879097,0.003341306932270527,26,834,1,6,SAT_unsat_identifiable,1,boolean_factorization,exclude_x,exclude_x,0,1284,4764,0,1,1,0,0,0,0,1,1,1,0,0,0.007629232481122017
4,50,10,100,1952131340,39,conj,glucose42,MT19937-RandomState,0.0006534568965435028,00000001001000101100000001101010000100011000100001100001000100000101000100010101010001001100100110001000000011000110000101000000000100000100000100001010001100010000001100000011010111000000010001000000000001011010000011000101110000000110100001001110001011100000010000000001100000001010000011001100000010100010000011000100000000000100010000010000001000010000100101010000010001100110000000101100000001000100000000100101000000000010000001000001010000000000010110101000000000000000000100010010110000001000,18bad786b4a13ec7d0d7853d804358578c7a12966281c859b7569fbfada7893b,row_sparsity,row_sparsity|conj|3ccb84496a|rng=MT19937-RandomState,,4,4,1,uniform,1;2;3;4,0.25;0.25;0.25;0.25,0.0007917424663901329,8.419342339038849e-05,0.001390976831316948,0.0011325236409902573,0.008238280192017555,0.011645217426121235,0.0033994363620877266,29,729,1,6,SAT_unsat_identifiable,1,boolean_factorization,exclude_x,exclude_x,0,1441,5339,0,1,1,0,0,0,0,1,1,1,0,0,0.007745230570435524
4,50,10,100,1952131340,40,conj,glucose42,MT19937-RandomState,0.000644010491669178,00000100000010000000001100101010000000001000010101100000001110001101000000001000000100001100001000100100000010100001011000100010000010000101010000101010100010001001010001100011000000000000010000000010000101000001011100000000010111100000000010000100110010000000000001001000000001000110000011001000001110000000000001001101100000001000000100000001010010000100100001000101000010000101011001000000000000100011100010010111000000000010000100011000000010000011000010100000001100000100011101000010000110110000,7101e21484ef9a8bf5a8757606a10950f03163de1b19c04d40107a0ec63ab82d,row_sparsity,row_sparsity|conj|3ccb84496a|rng=MT19937-RandomState,,4,4,1,uniform,1;2;3;4,0.25;0.25;0.25;0.25,0.0007101129740476608,7.797777652740479e-05,0.0009188046678900719,0.0011141952127218246,0.004530956968665123,0.007360519841313362,0.002821090631186962,17,892,1,6,SAT_unsat_identifiable,1,boolean_factorization,exclude_x,exclude_x,0,753,2973,0,1,1,0,0,0,0,1,1,1,0,0,0.006734437309205532
4,50,10,100,1952131340,41,conj,glucose42,MT19937-RandomState,0.0006682686507701874,01000000001001010100001001010110011000000000100000100001010001010000000100000000101010010000001000000100000001100100001000100000000101100000000000110000000000011100110000000000011010000001110110100010001010000000010100100010001101000000010000110000000100000000001010001011000000000110100000001000000100100000101010001000000001000001000000110000100001001100000011010010000010100100000100101000010100001000010010010000000000110000001011100000110001010001101000000101100100000100101011000001100010110010,52c88a9e54f66a743af0721142b7207de1aaea37d29d89d2240ca49a6a3a9995,row_sparsity,row_sparsity|conj|3ccb84496a|rng=MT19937-RandomState,,4,4,1,uniform,1;2;3;4,0.25;0.25;0.25;0.25,0.0007984628900885582,8.298270404338837e-05,0.0012066792696714401,0.0011168476194143295,0.006863445043563843,0.010077547281980515,0.0032049724832177162,24,799,1,6,SAT_unsat_identifiable,1,boolean_factorization,exclude_x,exclude_x,0,1116,4311,0,1,1,0,0,0,0,1,1,1,0,0,0.007437888532876968
4,50,10,100,1952131340,42,conj,glucose42,MT19937-RandomState,0.0006544068455696106,00100100100000010000000000010000010100011001011000011110000000011000100001100101010000000000001000000100100100100110000001000110101010100100000000100000110011000000001000010000000011000010000100001011000000010000000010011000100000010101001001000001001010100010000111100000000001000100011000000100000000000001000001001010001001010001001000001000011000001000101101000100000001010010110000101010101000011000000101010000000001100100000000011100000001000010010000011000001011000010001000010100010000000110,81f24c9e88eab59e592103d525878809431aa10e1a5eb8ff4327bfb97f4362f6,row_sparsity,row_sparsity|conj|3ccb84496a|rng=MT19937-RandomState,,4,4,1,uniform,1;2;3;4,0.25;0.25;0.25;0.25,0.0008411658927798271,0.00010273698717355728,0.0013764360919594765,0.0010321950539946556,0.008420758880674839,0.011780730448663235,0.0033525340259075165,31,701,1,6,SAT_unsat_identifiable,1,boolean_factorization,exclude_x,exclude_x,0,1569,5748,0,1,1,0,0,0,0,1,1,1,0,0,0.007969152182340622
4,50,10,100,1952131340,43,conj,glucose42,MT19937-RandomState,0.0007057851180434227,01010100010001001110000101000100010010000010000000010000100101000000000000000010001101010010100000010000010010011100001000000100000101010001100100000011100000000010111000000001000001001001100010000000000000000100001000000000110010101011000000000010000000101000101000001000000000100000010011010000010000010101001100000011000100000101000000000000100000101000010000000111000001000000110010010000100101000000010111000000100000010010000000000100001110001000000100000100000011000001100000100000010101010000,0d074957f1241a61959807d362c210d8bfd284a9bb6297da89f224b4149fff63,row_sparsity,row_sparsity|conj|3ccb84496a|rng=MT19937-RandomState,,4,4,1,uniform,1;2;3;4,0.25;0.25;0.25;0.25,0.0006067436188459396,7.307436317205429e-05,0.0008818628266453743,0.0010710479691624641,0.013965069316327572,0.016606523655354977,0.0026327287778258324,17,918,1,6,SAT_unsat_identifiable,1,boolean_factorization,exclude_x,exclude_x,0,773,2995,0,1,1,0,0,0,0,1,1,1,0,0,0.006899057887494564
4,50,10,100,1952131340,44,conj,glucose42,MT19937-RandomState,0.0006543593481183052,00000010100000011010000010010000011000100000010000110010000000100010000001011000110000100100100000010100010000011000100000000010001100100001101010010011000001001000010000000010110001000101100001100010001010010010000000000010000000101001000110110000000101010100100000000100110000010001000000101010100001010000100110110000001000100101000000001000001001000000100110101000100000001100000001000100000010000000000101000001000100100001000001010100100001100010010011001000100011000101110000101000000101010000,dff2e090fd2bc9af0e254a0e6c2f579f87f3691795c8a1305ba80ac6a1b04fc5,row_sparsity,row_sparsity|conj|3ccb84496a|rng=MT19937-RandomState,,4,4,1,uniform,1;2;3;4,0.25;0.25;0.25;0.25,0.000917559489607811,9.324029088020325e-05,0.0012011593207716942,0.001140376552939415,0.011538220569491386,0.014899315312504768,0.0033523356541991234,24,826,1,6,SAT_unsat_identifiable,1,boolean_factorization,exclude_x,exclude_x,0,1086,4278,0,1,1,0,0,0,0,1,1,1,0,0,0.007537372410297394
4,50,10,100,1952131340,45,conj,glucose42,MT19937-RandomState,0.0006984313949942589,11000000010100000000000000001001000000100000111100100000111000011000000000000101110100100000001000000110100001001100010100000000010001000001000000000101000010000001000000000010010111000100101001100000010001010000001000101001011000100110001010100001010000000010100000001001000000000101001100001001100000001010001010011000100000100100001100010101000100000101000000000000010011000001001000000010000000000000001101100000110100011010010000000010100101000000100001110010000010000000000100001000010100101001,bc86cd46a43453816e89a739b8bd3b3101525de3f99413151a0771715cdea6fe,row_sparsity,row_sparsity|conj|3ccb84496a|rng=MT19937-RandomState,,4,4,1,uniform,1;2;3;4,0.25;0.25;0.25;0.25,0.0007944731041789055,9.211525321006775e-05,0.001086156815290451,0.0011183004826307297,0.007195149548351765,0.010295301675796509,0.003091045655310154,21,792,1,6,SAT_unsat_identifiable,1,boolean_factorization,exclude_x,exclude_x,0,989,3769,0,1,1,0,0,0,0,1,1,1,0,0,0.007052207365632057
4,50,10,100,1952131340,46,conj,glucose42,MT19937-RandomState,0.0006935810670256615,00010100001100100001000101100001000000000000001100000001100010100001101000000000000000100110010110001001000100101000000000000010000000000100010010100100100000010001000101010100000000001000000000101010000010010000010000011011000100110100000000001000010000000011000000001010110001001000001101010000001100110000100010011010010100000110010010000000101000011001010001000000000011100001101101000000000001001010000010001100011000000011000101000000000000011010000110010010000010000011010000001000000110000001,0c2bf43bfb324f25c5e9b3a44e39596ebf6b4965e5c5a3d994bd14dbf9b489e7,row_sparsity,row_sparsity|conj|3ccb84496a|rng=MT19937-RandomState,,4,4,1,uniform,1;2;3;4,0.25;0.25;0.25;0.25,0.0008018594235181808,8.008349686861038e-05,0.0011029783636331558,0.0011033816263079643,0.007488730363547802,0.010585425421595573,0.0030883029103279114,21,855,1,6,SAT_unsat_identifiable,1,boolean_factorization,exclude_x,exclude_x,0,919,3692,0,1,1,0,0,0,0,1,1,1,0,0,0.007289883680641651
4,50,10,100,1952131340,47,conj,glucose42,MT19937-RandomState,0.0006691478192806244,00000000101000000000000000000110011010000100000101101000010000101100010010000000000000001001000000000100101001001010000101000000000101000010000010000010100000110001100010000011101000000000010100011001000110100110100001000001000101001000000001011010001110010000001000001000101000100010100000010110010010010011000110010010100100010101011000010100000010010010100010000111000101000101000000010001001000100000101001001100000101000001000001000000001010000000100000001000000110000010010010010001010000100000,97f84c82b4f431dab94be5074b60a7108e0683cbaaabc88f873c77ed3d962727,row_sparsity,row_sparsity|conj|3ccb84496a|rng=MT19937-RandomState,,4,4,1,uniform,1;2;3;4,0.25;0.25;0.25;0.25,0.0006671054288744926,7.120892405509949e-05,0.0009503504261374474,0.0011628111824393272,0.005252392031252384,0.008111580274999142,0.0028514759615063667,18,600,1,6,SAT_unsat_identifiable,1,boolean_factorization,exclude_x,exclude_x,0,902,3271,0,1,1,0,0,0,0,1,1,1,0,0,0.006081709638237953
4,50,10,100,1952131340,48,conj,glucose42,MT19937-RandomState,0.0006874650716781616,10000000000100100001000000110000100000001000000010101000010000010010100001111000011000001000010101001000000010000001010000000010000000000001000000001000000101010000001000000100000000111100001000001010011000101000001111000000100000000100101010000100011110001000000110000000000010000001000001010001000010010000010000100000001000100010000000000010100000001111000010100000100000011000001010011000001001001011000000011010000110000001000000010000001000011100000100001101000010011000010001000000000001000010,3cf9d938013c509b7feaa465f9a98e4c30aa4ee870b0a51c5262d49d080cdb7e,row_sparsity,row_sparsity|conj|3ccb84496a|rng=MT19937-RandomState,,4,4,1,uniform,1;2;3;4,0.25;0.25;0.25;0.25,0.0006839325651526451,7.428228855133057e-05,0.0008018994703888893,0.0011173654347658157,0.00482394453138113,0.007508409209549427,0.0026774797588586807,15,1002,1,6,SAT_unsat_identifiable,1,boolean_factorization,exclude_x,exclude_x,0,625,2564,0,1,1,0,0,0,0,1,1,1,0,0,0.006760936230421066
4,50,10,100,1952131340,49,conj,glucose42,MT19937-RandomState,0.0006514862179756165,00000000100000000100001101001000011100000000100010000000001000100000000001110001000010000000010101000000000010000011100001100000010100001011100100100101110010000000001010000000001000001010011001001000000110101010000011000100000100001001010010000000101000000000100010101000000100100110000001100000001100001010000010101000100000000110000010000001000010001000000111001000000001100000100000000001000011000000010111001100000101110010000000001000010010010110101000101000100100010101000001010000101000000000,bef724fc74d669689ce320c5eab0c51856db13ebb76ec0664fedcb09325d6d84,row_sparsity,row_sparsity|conj|3ccb84496a|rng=MT19937-RandomState,,4,4,1,uniform,1;2;3;4,0.25;0.25;0.25;0.25,0.0008443286642432213,7.893703877925873e-05,0.0012919483706355095,0.0011110007762908936,0.007985497824847698,0.011320941150188446,0.003326214849948883,28,806,1,6,SAT_unsat_identifiable,1,boolean_factorization,exclude_x,exclude_x,0,1342,5096,0,1,1,0,0,0,0,1,1,1,0,0,0.007700738497078419
4,50,10,100,1952131340,50,conj,glucose42,MT19937-RandomState,0.0006580967456102371,01100000110000110011011100000001000000100110100010000100010101001000010000000100000111000101001010011001000011010001000100010100000010000000010010010010000001001000000000101000100000001100100000001000000010100010100001000010010000100010000000100010000000000110001010011000010010000000000110100110000000100000000101010000000000100000010000001100000100010000000000100000001001010000010100011000100010010001000110000010010100010000111001000010100001100100100100000001000000001011000000010001010011000100,fc97adb143c6b8dcf6bcc778b9f845dcba6f46de6e2a1a96f9cc945a50f51a89,row_sparsity,row_sparsity|conj|3ccb84496a|rng=MT19937-RandomState,,4,4,1,uniform,1;2;3;4,0.25;0.25;0.25;0.25,0.0009073289111256599,0.00010312814265489578,0.001348748803138733,0.0011563552543520927,0.00799361988902092,0.011518321931362152,0.0035155611112713814,28,809,1,6,SAT_unsat_identifiable,1,boolean_factorization,exclude_x,exclude_x,0,1352,5107,0,1,1,0,0,0,0,1,1,1,0,0,0.007749798707664013
4,50,10,100,1952131340,51,conj,glucose42,MT19937-RandomState,0.0007183831185102463,00100010000000000001010101000100000010000000100000001100000000000101110000000010001000110110100010000110010000110110000010010010001000100001000000101010100000011100000011000010000001000011011001000010000100000000110001000100000111100010010100100010101010000001001000000000010000010000000101001001100011010000000001010000000000011000000001000010100100000100001001000100110100000000000100010000110000000100000000001000000000010001000100001000000110001000100100110100001010100001100001001000000110000000,4c38070d7099e5dacecd08777c0e0a09d506c890876427fc1d2cadaaec2761c4,row_sparsity,row_sparsity|conj|3ccb84496a|rng=MT19937-RandomState,,4,4,1,uniform,1;2;3;4,0.25;0.25;0.25;0.25,0.0007348721846938133,8.922163397073746e-05,0.0011197961866855621,0.0011457698419690132,0.006361142732203007,0.009459332562983036,0.003089659847319126,22,833,1,6,SAT_unsat_identifiable,1,boolean_factorization,exclude_x,exclude_x,0,1048,3968,0,1,1,0,0,0,0,1,1,1,0,0,0.007499048486351967
4,50,10,100,1952131340,52,conj,glucose42,MT19937-RandomState,0.0007150247693061829,11000000100000001000101000001100110110000001101010001100100000101001100101010000000001010000000111000100110100000010011011000100011001100100010010101001000011010000000110000110010100010001000100110000011001100010010101000100000001100000011100001010001000001000000110000100110010100001100000000000110000000000110100011000000000001000000011000001000100001000100000000001011101000001010001000000000000101000000010110000000001000000000000010100000001000001010100000010000000000100000000010000010101000000,e9f021ede49074eabaa2d3df7ceecda6a540fd6efdcdddb6dba6d567d54978d8,row_sparsity,row_sparsity|conj|3ccb84496a|rng=MT19937-RandomState,,4,4,1,uniform,1;2;3;4,0.25;0.25;0.25;0.25,0.0008980156853795052,8.744187653064728e-05,0.0011170236393809319,0.0010645166039466858,0.010228555649518967,0.013403759337961674,0.00316699780523777,23,890,1,6,SAT_unsat_identifiable,1,boolean_factorization,exclude_x,exclude_x,0,997,4046,0,1,1,0,0,0,0,1,1,1,0,0,0.007741136476397514
4,50,10,100,1952131340,53,conj,glucose42,MT19937-RandomState,0.000673290342092514,00001011001001000000110010001000001100111000000000010110010001000110010001011001001101000000111000100001000001000001101100100000011001000100000001000000000001000011001000001001000000000001000101000011000110000010000000100000010110010011100000100010101110001000000000010100100000001000111000000000000100000001101001100010000110000000100000001000001101010010010100000100000000011000000100001101000110001000001000001000001000001000000000010000001000011000000111000000000101100000010000100000000010000000,ddd41d63edd2b9a254d321c5cabc942f5e83e0bfc6f9c446bef3409cdae47224,row_sparsity,row_sparsity|conj|3ccb84496a|rng=MT19937-RandomState,,4,4,1,uniform,1;2;3;4,0.25;0.25;0.25;0.25,0.0008127270266413689,8.546002209186554e-05,0.0012755561619997025,0.0010245097801089287,0.0074494099244475365,0.010655919089913368,0.0031982529908418655,27,723,1,6,SAT_unsat_identifiable,1,boolean_factorization,exclude_x,exclude_x,0,1293,4908,0,1,1,0,0,0,0,1,1,1,0,0,0.0075728632509708405
4,50,10,100,1952131340,54,conj,glucose42,MT19937-RandomState,0.0006805332377552986,00010001010000100000001001001000100001011000000010010000101101001100101100011000000010101010000100000011000001100000000010100100000100010100101000010001000000000000100010000010000000000001011000000000100100000101000000000000110000000101000000101000000100010011010100001001000000101000000010000100001110011000000100001100000000100000110001000010000000010011000100101100000000001000001001010100001111000010000110000100001010110000001000100000000000001010110001001100000000001000010111010000000001101100,d44b8747b86779c67c1219c7265a164eeeedcbab71e620f5681b920f8877fe91,row_sparsity,row_sparsity|conj|3ccb84496a|rng=MT19937-RandomState,,4,4,1,uniform,1;2;3;4,0.25;0.25;0.25;0.25,0.0009022634476423264,0.00010839197784662247,0.001447293907403946,0.0010723220184445381,0.008783647790551186,0.01232258602976799,0.003530271351337433,30,802,1,6,SAT_unsat_identifiable,1,boolean_factorization,exclude_x,exclude_x,0,1460,5494,0,1,1,0,0,0,0,1,1,1,0,0,0.00825378205627203
4,50,10,100,1952131340,55,conj,glucose42,MT19937-RandomState,0.0006782198324799538,00001100110000000010000000010011000110000000000010000001000001101000000010000000010000000001000000000000110100001010000000000010000000000010100000001010010000000010111000000000100000010010010000000001010011010010010000000000000111101100000101100001100101001000100101000010000110010100010010011000000001000000000000100000010000010000000000010010000000000100000010010010000100010101000000100000000011100000001010100000000000001001010010000100000010010100011000000001000010110100000100010000001001000000,03c5d657f5b2f7d8c545b0e60771fbdfc33b0bdecddfadc3b8daf3fee789ac46,row_sparsity,row_sparsity|conj|3ccb84496a|rng=MT19937-RandomState,,4,4,1,uniform,1;2;3;4,0.25;0.25;0.25;0.25,0.0005425224080681801,6.747618317604065e-05,0.0,0.0,0.0,0.0006147101521492004,0.0006099985912442207,10,1024,1,4,identity_submatrix_identifiable,0,,,exclude_x,0,0,0,1,0,1,0,0,0,0,1,1,1,1,0,0.00603222381323576
4,50,10,100,1952131340,56,conj,glucose42,MT19937-RandomState,0.0007075117900967598,00001001000001000001011000001001100100010101000110010000000001000010010000000010101000101010100000110001110000010101010000001000000000000100001001100011100010000110000100100001001010110000000000001000000000001100000000010010000000000010011101000001110000010000110001001000000000101001010000100000000001000000100001000000011001000000100110001000000000000100000001010000000001101010010100000100010001000100000000100100101010000001000000001010001010000110000001011001011000000100000000001000001000001010,a20697526c62a032451d56281e101513c0073f34c266bd366f319d5415671a1a,row_sparsity,row_sparsity|conj|3ccb84496a|rng=MT19937-RandomState,,4,4,1,uniform,1;2;3;4,0.25;0.25;0.25;0.25,0.0006406949833035469,7.123034447431564e-05,0.0,0.0,0.0,0.00071723572909832,0.0007119253277778625,10,1024,1,4,identity_submatrix_identifiable,0,,,exclude_x,0,0,0,1,0,1,0,0,0,0,1,1,1,1,0,0.006040481850504875
4,50,10,100,1952131340,57,conj,glucose42,MT19937-RandomState,0.0006630532443523407,10100100100100000000010000000111000000000001000000000001010001001100001000000110000001100101000010000001000000010000110000000000010000000101000000011000010010010000100000000000010001001010000100110001000000100001000000000011010100000000011000001000011100000010001100101000001000001001000000001000000000000000101000100110100100110000100010001100110000000010011000010100110110100001000100000100000001000011001000000000010001110100000000000010000111100010001000000000001010010110100000010000001000000100,2f597f17839350ba30a33fe4b5aa9d264db84bf58bfdf74174ad5da179120498,row_sparsity,row_sparsity|conj|3ccb84496a|rng=MT19937-RandomState,,4,4,1,uniform,1;2;3;4,0.25;0.25;0.25;0.25,0.0006967103108763695,7.740873843431473e-05,0.000957985408604145,0.0010373825207352638,0.0054362257942557335,0.008214001543819904,0.002769486978650093,19,903,1,6,SAT_unsat_identifiable,1,boolean_factorization,exclude_x,exclude_x,0,861,3360,0,1,1,0,0,0,0,1,1,1,0,0,0.007233016192913055
4,50,10,100,1952131340,58,conj,glucose42,MT19937-RandomState,0.0006898129358887672,10001100000000000011000100000000110110000010001011000010001101001000110110010001111000010000110001000001001000010100000000010010000101000110001000001100100000101000000000000000001000000011110110000000001000000000100000001100100010001011000100010000000011110000100100100111000000000000000100000001101000111000011010011000100010010000001000001010110000001100001010010010010000001000001000000000010110101001100000000001010001000000000000000001010101000000001101100100000111001000001001100010100000100000,db7e88a243cb6f5a4438600634bfc4c72f44eb4e0d17a88b60b47fc4c1cd5a03,row_sparsity,row_sparsity|conj|3ccb84496a|rng=MT19937-RandomState,,4,4,1,uniform,1;2;3;4,0.25;0.25;0.25;0.25,0.0007122568786144257,7.663387805223465e-05,0.0009048245847225189,0.0010673096403479576,0.005830457434058189,0.008599629625678062,0.002761024981737137,18,941,1,6,SAT_unsat_identifiable,1,boolean_factorization,exclude_x,exclude_x,0,842,3205,0,1,1,0,0,0,0,1,1,1,0,0,0.007103331387042999
4,50,10,100,1952131340,59,conj,glucose42,MT19937-RandomState,0.0007129097357392311,00100000001000010010000010000100110101001000000000111000100000011001000001000001000000001000010100000001011001000010000100010000101011000000000000011100000100101001011000000010110101000110000001011010000010000000000010001001100001000100000100000001001001000010000010110000100100000000101010001001000000000111000001010000000011000101001100000100000000000011001100001010110010010000000110001000000110010110100100000100000001000000000000000001000000000100010001110001100010001100001000001100000000001000,5b025c3df127941cde708a78efd91e1545ccffe36c0753a6b4d689242a80a84e,row_sparsity,row_sparsity|conj|3ccb84496a|rng=MT19937-RandomState,,4,4,1,uniform,1;2;3;4,0.25;0.25;0.25;0.25,0.0006923303008079529,7.124897092580795e-05,0.0008486686274409294,0.001093890517950058,0.005120998248457909,0.007834847085177898,0.0027061384171247482,16,1006,1,6,SAT_unsat_identifiable,1,boolean_factorization,exclude_x,exclude_x,0,664,2741,0,1,1,0,0,0,0,1,1,1,0,0,0.006850558333098888
4,50,10,100,1952131340,60,conj,glucose42,MT19937-RandomState,0.0006513232365250587,00101000001001001000000101000000010000000000000010000101010000000100001000010000100001001100011001101000001101010001010100111001001000010010000000110001110000011001101000000100000010011001000001101100000110010100000000010000010011000000101001000001010000001000000001110110000000100001000000000000010101000101010000000100100001000010101000100001000000101100000000000010001000010000000000001111000100000100000000000000001101000000000001000000000100000100000000101010001000000001000001000100000001000001,fde727751b992b692c8c7ba46f739679cd1960b6455ba6998708589e84fa4560,row_sparsity,row_sparsity|conj|3ccb84496a|rng=MT19937-RandomState,,4,4,1,uniform,1;2;3;4,0.25;0.25;0.25;0.25,0.0006261914968490601,8.476525545120239e-05,0.0009995456784963608,0.0010871924459934235,0.005989805795252323,0.008797066286206245,0.0027976948767900467,20,670,1,6,SAT_unsat_identifiable,1,boolean_factorization,exclude_x,exclude_x,0,980,3625,0,1,1,0,0,0,0,1,1,1,0,0,0.006642484106123447
4,50,10,100,1952131340,61,conj,glucose42,MT19937-RandomState,0.0006934897974133492,00000001000010010000010101100000110011001101000100100000000100000000010000001000000000100101000000011000000000100000001011110000000001000010000100000010100000001100010100101001000001000000101000000000100011000000101001000010000100011010001001101100000000001000001001010000001100100011010001000100010001100010000101000000000000110000000000110100000000000100110111000001100101000000110001100001000000101100010100001110000011000100100110000001101001001000010000010001011000000011000000010010100000000100,2b565afa0d0e579de42a618a2ba8d2dad5205091613ebedfb62ccb28edcac51e,row_sparsity,row_sparsity|conj|3ccb84496a|rng=MT19937-RandomState,,4,4,1,uniform,1;2;3;4,0.25;0.25;0.25;0.25,0.0008252672851085663,8.68597999215126e-05,0.0012109540402889252,0.0011683013290166855,0.008994029834866524,0.012295114807784557,0.0032913824543356895,24,764,1,6,SAT_unsat_identifiable,1,boolean_factorization,exclude_x,exclude_x,0,1116,4311,0,1,1,0,0,0,0,1,1,1,0,0,0.007395482622087002
4,50,10,100,1952131340,62,conj,glucose42,MT19937-RandomState,0.0007018391042947769,00110100101110000010000010011011100000000000000001000100101000001001000000101000100000000010001010000000100000000000011000000011110010010100011010001000000001100000010010000010001100001000000000000011001010000000000001100010000000101000000000001010000101000001101000100000101010101100001000010001001000110000011010110000000110011000000100000000000010000000110110000100000100000000001010010100000100000001100000000010000101100001001110001000000000010000000000100001000010110010100001000010100000010011,ed241418721f9e192e34cb1941d2c353f23cc3634684fde77fdb96c2c9644faa,row_sparsity,row_sparsity|conj|3ccb84496a|rng=MT19937-RandomState,,4,4,1,uniform,1;2;3;4,0.25;0.25;0.25;0.25,0.0007401499897241592,9.001139551401138e-05,0.0009261937811970711,0.0011088894680142403,0.01425863802433014,0.017133625224232674,0.002865244634449482,18,890,1,6,SAT_unsat_identifiable,1,boolean_factorization,exclude_x,exclude_x,0,792,3150,0,1,1,0,0,0,0,1,1,1,0,0,0.007172832265496254
4,50,10,100,1952131340,63,conj,glucose42,MT19937-RandomState,0.0007129097357392311,00000101010101010001001001000100000001000000101011000000000100001000000011000011000101100000101100000000000100010001100000000010000010010010100010101000011001000000100011000000100000000100001010010001010000010100010110000100010101000000100010000001000111000100100001100000100010000000000010000010000000100100010000010000100000001100010000000010001000110000000101010100010100101001000001001100010000001000110000000011101000100100000000000010101000010100100110000011000000000011100000000100000010001110,9aeefc1f1819c8fce6fd922d10d7105564af9b3c748a501c60d8c42a9031f3d6,row_sparsity,row_sparsity|conj|3ccb84496a|rng=MT19937-RandomState,,4,4,1,uniform,1;2;3;4,0.25;0.25;0.25;0.25,0.0006509292870759964,9.281747043132782e-05,0.001167302019894123,0.0011538229882717133,0.0071577634662389755,0.010232992470264435,0.0030648717656731606,23,740,1,6,SAT_unsat_identifiable,1,boolean_factorization,exclude_x,exclude_x,0,1107,4167,0,1,1,0,0,0,0,1,1,1,0,0,0.0073317959904670715
4,50,10,100,1952131340,64,conj,glucose42,MT19937-RandomState,0.0006981100887060165,00000100100001001011000101011000000100000000010011000000010000101001100000010000101000100000010000000100001000000001011000011001000100010010010000000000111000000010010100000000100010000010000000000010110000011001101001000000001001100001100110000000000101010100001000001000010001001001010001100110010010000001100000010100011001000100100010011000000000001010011000001000000110011000000101000101000000010010100011000000001011100001000011000110100100100100000000010100011000000100011001110100001011100000,a74b29c1a40d4657811267b89953c023b01286f4da92ea7aedcb1eadd657c928,row_sparsity,row_sparsity|conj|3ccb84496a|rng=MT19937-RandomState,,4,4,1,uniform,1;2;3;4,0.25;0.25;0.25;0.25,0.0007539829239249229,8.293893188238144e-05,0.0009804731234908104,0.0011552413925528526,0.005344274453818798,0.008326314389705658,0.0029726363718509674,19,954,1,6,SAT_unsat_identifiable,1,boolean_factorization,exclude_x,exclude_x,0,891,3393,0,1,1,0,0,0,0,1,1,1,0,0,0.007175257429480553
4,50,10,100,1952131340,65,conj,glucose42,MT19937-RandomState,0.0006814887747168541,00001010110000011000000000001000000011000010000000010000001100000001000000001000000100100000000011100000000001000010000001000100100100001010000111010001011000000000001110100000011100000100000100100101010001000000001010001000011000000100000010001100010000000100011100001000001000110000000010000011001000000010100001011010011100000110100000110111000000010100000100000010001000101000001000000000101100000010000000000100100000001001011100010010000001001110001100001010100001000110000000000100110000001000,2834c33d74f85bdc7023b434e77c8cc4434063d7babd5b20e3ad0fc1f44c14de,row_sparsity,row_sparsity|conj|3ccb84496a|rng=MT19937-RandomState,,4,4,1,uniform,1;2;3;4,0.25;0.25;0.25;0.25,0.0006657391786575317,8.0890953540802e-05,0.0010871011763811111,0.0011485060676932335,0.005936911329627037,0.008928196504712105,0.0029822373762726784,22,785,1,6,SAT_unsat_identifiable,1,boolean_factorization,exclude_x,exclude_x,0,1058,3979,0,1,1,0,0,0,0,1,1,1,0,0,0.007300482131540775
4,50,10,100,1952131340,66,conj,glucose42,MT19937-RandomState,0.000718381255865097,00010000000100000000000010000110001110000100000000000000001001000101100110000101000000100110001000101000000000000001001000101110000000011100011001010000101010101000000001000010000010000000011110100000001100000000110100000000000001001100010000001000000011001100010000000000101001000000100000100100010110000100000111010000000100101000100000001001001001000010100110100000110001110000001000010000110100100000010001100010010101100000011000000010000000001001100100001100000000001000011000110000001000001000,b98aac42c072e503148c90c84a7d29f5a85d314e74a9b7399fa89bed280ddd10,row_sparsity,row_sparsity|conj|3ccb84496a|rng=MT19937-RandomState,,4,4,1,uniform,1;2;3;4,0.25;0.25;0.25;0.25,0.0008549699559807777,9.872578084468842e-05,0.0011714929714798927,0.0011403970420360565,0.008399968035519123,0.01167428120970726,0.0032655857503414154,24,825,1,6,SAT_unsat_identifiable,1,boolean_factorization,exclude_x,exclude_x,0,1136,4333,0,1,1,0,0,0,0,1,1,1,0,0,0.007639825344085693
4,50,10,100,1952131340,67,conj,glucose42,MT19937-RandomState,0.0007336195558309555,11001010000010000100000000010001000000111000000100010001001100101110000101100000100000010100000001001110000100000000010010000000000000010111100000110011000000101000001010000010000001101001000001010010001001100100101010000010000100000000101011000000000000110101000000011001010000110100010000110100100010100001010000000101011000010000000011000100000001001000110000100000000000001000101100010000000000011100000000001000001001000000000101001000000100000010000010001100100010000000010100110010000000000010,b438d74f20c8bf7e8e5447ff522825d677beb3e3598fbee5af3f4d6b3659c261,row_sparsity,row_sparsity|conj|3ccb84496a|rng=MT19937-RandomState,,4,4,1,uniform,1;2;3;4,0.25;0.25;0.25;0.25,0.0007659280672669411,8.089002221822739e-05,0.0008355602622032166,0.0011165402829647064,0.004122666083276272,0.006929902359843254,0.0027989186346530914,15,892,1,6,SAT_unsat_identifiable,1,boolean_factorization,exclude_x,exclude_x,0,685,2630,0,1,1,0,0,0,0,1,1,1,0,0,0.006469118408858776
4,50,10,100,1952131340,68,conj,glucose42,MT19937-RandomState,0.0007101194933056831,01110000100001000010000100010101100001100001000000000001000100000000101010000110010001001001001100010010011010000001000010000000000101100001001000010010010100100100000010000100000000100100110001001011010000000100000010000001010100001001000110011000010001000010010001100010010010010101001001001100011011000001100000001000000010100000110010000010000000100000000100001100000000010000100000100011100000101000011000000001000000010001000000001000000000100001011100000010000101001000101000100110101010000100,ead23fd191701400c9330f5453efab7a1c828ede51b2531cf3e4850a0120fc2a,row_sparsity,row_sparsity|conj|3ccb84496a|rng=MT19937-RandomState,,4,4,1,uniform,1;2;3;4,0.25;0.25;0.25;0.25,0.0008047511801123619,8.289609104394913e-05,0.0010844720527529716,0.0011707842350006104,0.006586086004972458,0.009738634340465069,0.003142903558909893,22,740,1,6,SAT_unsat_identifiable,1,boolean_factorization,exclude_x,exclude_x,0,1028,3946,0,1,1,0,0,0,0,1,1,1,0,0,0.0070948731154203415
4,50,10,100,1952131340,69,conj,glucose42,MT19937-RandomState,0.0007167020812630653,01000000000000000001100111000000000001100001000000010010101001000011000000100000100000000010110000011000010001000001000001001010100000000100000000100001000010001000011000100000000000000000010000010000000000100100000000010100010110100011000101000001001000111000000001010010000001000000101101000010000000000001100011000110010000001001110000000100101000000110010101000000000001000000000000000100001000110011000010000101100001000100100001010000000000010001010100011000000000100000010000001101010001001010,49da4143c8e538aa496b606ae9b717e41ce5cee76e0d708dfdd27e4ba6ee27c7,row_sparsity,row_sparsity|conj|3ccb84496a|rng=MT19937-RandomState,,4,4,1,uniform,1;2;3;4,0.25;0.25;0.25;0.25,0.0006299503147602081,8.141901344060898e-05,0.0003358572721481323,0.0,0.0,0.0010587209835648537,0.0010472266003489494,15,684,0,2,two_column_check_failed,0,,,exclude_x,0,0,0,0,1,1,0,0,1,0,0,0,0,0,1,0.004290069453418255
4,50,10,100,1952131340,70,conj,glucose42,MT19937-RandomState,0.0006391070783138275,00000100001001000100001100001001000000000100000110010000100101101010000000110010110010000100110010000001000100000001011000001100010000110000001000010001000000110001001010000010111000000010000100000000000000001001100110000000001000001010001101000010100010001100000001000000101011000100001000011000100000000010000000001000110000010111100000011000010000000110011000100000011100000100010001001010010101000010000100100000100100000000010000001000010110000010010000001100001010001110000001001110000110010000,aaef5469e0c25818036b2c12c1fdc9411932f241cafe6bdff588f921e3be84d0,row_sparsity,row_sparsity|conj|3ccb84496a|rng=MT19937-RandomState,,4,4,1,uniform,1;2;3;4,0.25;0.25;0.25;0.25,0.0008729686960577965,0.00010087341070175171,0.0013618813827633858,0.0011047879233956337,0.008513210341334343,0.011965147219598293,0.0034405114129185677,30,784,1,6,SAT_unsat_identifiable,1,boolean_factorization,exclude_x,exclude_x,0,1490,5527,0,1,1,0,0,0,0,1,1,1,0,0,0.008187814615666866
4,50,10,100,1952131340,71,conj,glucose42,MT19937-RandomState,0.0006766850128769875,00001110000000100110100011000010000100100011000010100100000001000000000011000000110010000001011000100101001100100110001000011001011000001000000100000100000110000100000000100010000000000001000000000010110000011001110100000000000001000100001000010010000001001000000011001000011000010001100100100010100000000011000000110101110000011000101000000000101001000001100010011000011000000000000000110000001011100000011000000101000001000011000010000110000100000000010110010110000000011000001011010000100000000011,17ff4e28e8ca658ca3ca1ba5d44a698fd034d86154986af2f21db8ca3c1b1aa6,row_sparsity,row_sparsity|conj|3ccb84496a|rng=MT19937-RandomState,,4,4,1,uniform,1;2;3;4,0.25;0.25;0.25;0.25,0.000890078954398632,9.042955935001373e-05,0.0012247301638126373,0.0010503176599740982,0.007095024921000004,0.010357623919844627,0.0032555563375353813,26,884,1,6,SAT_unsat_identifiable,1,boolean_factorization,exclude_x,exclude_x,0,1184,4654,0,1,1,0,0,0,0,1,1,1,0,0,0.007873141206800938
4,50,10,100,1952131340,72,conj,glucose42,MT19937-RandomState,0.0006576487794518471,10000010000000000110000100000010000011001000110010000001000000100010000100000001010100001110000101100000100000000100001000001000000011110000001010100000000100001000000000011000001101000000000100000001000100001001100000010101010000001000100010001001101010000000100000110010000100000000101000011000010000000000010100000100010000000100000010001000000001100000011000100100001100000100101000100111000000010100000000000100000001110001000011000110011010010000100000000000000100011000000000000000110000100000,cf968d9a735d40f93546812c60000bd794ab4e6b1f6a2dbf19ac2e620c19936d,row_sparsity,row_sparsity|conj|3ccb84496a|rng=MT19937-RandomState,,4,4,1,uniform,1;2;3;4,0.25;0.25;0.25;0.25,0.0006340593099594116,6.16852194070816e-05,0.0007060710340738297,0.001070631667971611,0.005998079665005207,0.00847732461988926,0.002472447231411934,13,968,1,6,SAT_unsat_identifiable,1,boolean_factorization,exclude_x,exclude_x,0,537,2199,0,1,1,0,0,0,0,1,1,1,0,0,0.006563503295183182
4,50,10,100,1952131340,73,conj,glucose42,MT19937-RandomState,0.000696573406457901,01000000000100000000011001100010001000001000000000000101000010101100001111000000100100000000000010000000100100010001000010000011100000100001010000000001100000011000000010100101001000100000001000011001001001100001000001100001000100001100000000000000101010001000000010100000000100001001100001000010000000000010010100101010110011000000010100010000100000010010001010000000010101000000000010100001100010000000001000001000000000001000100101010000000100000000000010101001011000111000010000000001100000000010,ab53d4e252df01b1f9a8b209e5586ca089e2d3de27ee4e6d081a3a9b824aa499,row_sparsity,row_sparsity|conj|3ccb84496a|rng=MT19937-RandomState,,4,4,1,uniform,1;2;3;4,0.25;0.25;0.25;0.25,0.0007696133106946945,8.46991315484047e-05,0.0008889017626643181,0.0011038873344659805,0.0049233101308345795,0.007778613828122616,0.002847101539373398,17,938,1,6,SAT_unsat_identifiable,1,boolean_factorization,exclude_x,exclude_x,0,723,2940,0,1,1,0,0,0,0,1,1,1,0,0,0.007020406424999237
4,50,10,100,1952131340,74,conj,glucose42,MT19937-RandomState,0.0007129423320293427,00000000100001100001100000000010100010000000010000011000100000010000000001010001000001000010010010010000010001000100000001000001000010100000110001000010001000000001001000000101001001001000110000000100000100000000100100001011000000110000000010101001000000001100100001000010010000000001100100100000000010000100001100000011000000010100000010011111000000110100000100100010000000000100000000001000100000110000001001000110000010011000101000000000010000011010001001000000000010100000110100000000101010001010,eb7871416614dc1544438af4e03d85aafa55a91016c465c68cf1f8cf2ddbfe06,row_sparsity,row_sparsity|conj|3ccb84496a|rng=MT19937-RandomState,,4,4,1,uniform,1;2;3;4,0.25;0.25;0.25;0.25,0.0007732333615422249,8.071959018707275e-05,0.0012330496683716774,0.0011307056993246078,0.01056209672242403,0.013788759708404541,0.003217708319425583,24,830,1,6,SAT_unsat_identifiable,1,boolean_factorization,exclude_x,exclude_x,0,1086,4278,0,1,1,0,0,0,0,1,1,1,0,0,0.007681125774979591
4,50,10,100,1952131340,75,conj,glucose42,MT19937-RandomState,0.000675685703754425,00001000000100000000000010100000000001011001000100101010000001001001100001011001000010001000000100000100010001000001011100001010010000000010011010010000000001000010100011000000001001000010000101010000100100010000000000010001000010000000011000000011000001010001111000000100011100010001010001000000100010001000000000000010110100000101010010000100000001000000000100000000101000011001110011000000010111001000000000000001010000000000110100110010010100000000010000000101000010100110001000001100000000001001,c0831e0186b52c34b24eb5a2fcc34e406d2872d299f69bd0d7d62c829489415c,row_sparsity,row_sparsity|conj|3ccb84496a|rng=MT19937-RandomState,,4,4,1,uniform,1;2;3;4,0.25;0.25;0.25;0.25,0.0006126239895820618,6.941426545381546e-05,0.0007064146921038628,0.0010532550513744354,0.004037286154925823,0.00648624449968338,0.0024417079985141754,13,728,1,6,SAT_unsat_identifiable,1,boolean_factorization,exclude_x,exclude_x,0,587,2254,0,1,1,0,0,0,0,1,1,1,0,0,0.00600492674857378
4,50,10,100,1952131340,76,conj,glucose42,MT19937-RandomState,0.0006813248619437218,10010000000001100001010001001010001100001100010000000000100001010100000100001101100000000000000010000011100001000010100000100101010101010000000110000000001000010100001001110000000000010000010010000001010000100100011100100001001011011100000001000010000010101000001000101001010000010010010000000101010000000000100000000100001000001000000011000001000000000001000110000011010100000101000100100000000000011001000010100100000000000000011101000100100000000001001001101100000010010000000010000000000100010000,2c60c746d725720330549942aab56f1e1dd5fd080730c9da7c5b753f45fa5bac,row_sparsity,row_sparsity|conj|3ccb84496a|rng=MT19937-RandomState,,4,4,1,uniform,1;2;3;4,0.25;0.25;0.25;0.25,0.0007927641272544861,8.055567741394043e-05,0.0010634949430823326,0.0011008428409695625,0.005547897890210152,0.008593392558395863,0.0030376575887203217,21,924,1,6,SAT_unsat_identifiable,1,boolean_factorization,exclude_x,exclude_x,0,929,3703,0,1,1,0,0,0,0,1,1,1,0,0,0.007420946843922138
4,50,10,100,1952131340,77,conj,glucose42,MT19937-RandomState,0.0006503397598862648,00001100001100000110001000000010000100101001010000000000111010000010000011000110000011000000000100000000111100000010011000100010001000000000010010001101000000000010001100000010011010000000010001010000100000100100000110011010011000000100000000011000000000000010000100100011000110001000000000100000000000001100000010011100101010000010010001100000000001001100011000000001001101000100001000000010101000101001110000101100010001000000000100110001000111100000001100010100100100010011000001000001100001000000,e71d03a77eebb9b25e21f1eb5ebde0e5e4a4eb0a84a65e54e79f63415f9d5aab,row_sparsity,row_sparsity|conj|3ccb84496a|rng=MT19937-RandomState,,4,4,1,uniform,1;2;3;4,0.25;0.25;0.25;0.25,0.0007899273186922073,8.227396756410599e-05,0.0010075829923152924,0.0010640406981110573,0.006391813047230244,0.00934435985982418,0.002943824976682663,20,945,1,6,SAT_unsat_identifiable,1,boolean_factorization,exclude_x,exclude_x,0,890,3526,0,1,1,0,0,0,0,1,1,1,0,0,0.007430067285895348
4,50,10,100,1952131340,78,conj,glucose42,MT19937-RandomState,0.0006949957460165024,10000101000000010000010000000000001000000000101001000001000010000001010010000000000001010010000000000110010100001000010000001100000001010000000111000000001010011000001001100000000010000011101001001000000000111100100000111000010001000000100001000111000001001000000000001010010001010000110100010010010000000101100000010000001100100001000000011000100000110011000011100000010000000001100000001010000001101000011000010000110001000000101000000100100001011000010000110000010000000000110000011000011000000010,664603ae0f53693231643b08ac6b07a59db7a51e3c0c7d4a97ab37cd238042fa,row_sparsity,row_sparsity|conj|3ccb84496a|rng=MT19937-RandomState,,4,4,1,uniform,1;2;3;4,0.25;0.25;0.25;0.25,0.000779423862695694,7.781200110912323e-05,0.0009272601455450058,0.001059885136783123,0.005442587658762932,0.008295111358165741,0.002844381146132946,18,932,1,6,SAT_unsat_identifiable,1,boolean_factorization,exclude_x,exclude_x,0,772,3128,0,1,1,0,0,0,0,1,1,1,0,0,0.007103037089109421
4,50,10,100,1952131340,79,conj,glucose42,MT19937-RandomState,0.0007327338680624962,00000001010000100000110000000111100000000100100101110000000000010011001100010000000000010100000001000000000110000101000000000011000000111000001010110000000100100001010010110000011001111000001000010010100000100000100000000010100010001000000000000100000100000010100010000100100000000101001010001000011000000001001100100000100101100001000100000000110010000000100000001101010000000011001010010000110000000001010101000000010000001000001001000000010001010100100100000010000010000011000001000100110101000110,8b3b2598daa06f2a84543de80056b6410f9c4072b4ca814ebf7520125c351087,row_sparsity,row_sparsity|conj|3ccb84496a|rng=MT19937-RandomState,,4,4,1,uniform,1;2;3;4,0.25;0.25;0.25;0.25,0.0008329050615429878,0.0001103738322854042,0.0012154895812273026,0.0011390531435608864,0.012640360742807388,0.01594812609255314,0.003297821618616581,25,841,1,6,SAT_unsat_identifiable,1,boolean_factorization,exclude_x,exclude_x,0,1145,4477,0,1,1,0,0,0,0,1,1,1,0,0,0.007669809274375439
4,50,10,100,1952131340,80,conj,glucose42,MT19937-RandomState,0.0006306609138846397,10000010010000001000000011000001100100100000001100000011011000001000000100010101000001000000000000011000100000010010100001100000010100100011011100000010100000001100000101000000010001010001011000110010100001000011000100000000001001100100011000000100110000001001000101000100100010010100010011110001000010010101000010010010000011000100010000011010000001010110000001000000000000100000100000100001110000100000000111010000010101000000000100000000100111000000001000000001001000000000001000000001000001001000,218f05631155b4e1639c90c9815db7185946d1f450ca0725da0ea3172eacaf6a,row_sparsity,row_sparsity|conj|3ccb84496a|rng=MT19937-RandomState,,4,4,1,uniform,1;2;3;4,0.25;0.25;0.25;0.25,0.0007157586514949799,8.48257914185524e-05,0.0011108806356787682,0.001172696240246296,0.006130248308181763,0.009223533794283867,0.0030841613188385963,22,860,1,6,SAT_unsat_identifiable,1,boolean_factorization,exclude_x,exclude_x,0,1018,3935,0,1,1,0,0,0,0,1,1,1,0,0,0.007443961687386036
4,50,10,100,1952131340,81,conj,glucose42,MT19937-RandomState,0.0007168445736169815,00000010000001001000100000000000101010000001101010000000001011101000000000001001001010010010000010000000000010000011100000101100010000010100000010000010011000000000010001001100010100010000000100001001000000100110000000001001000000000110001010011000100010000010010100110000000100000001100000000100010100100010000000010010001000000000110100000010110010000001101001100001000010000010000011010100000000010100010100001000010101010010000000001000000110000011010100001000100010000000000110000100000001001100,7b15bfa4b5a2af59e69e314ff1553f67a1b56f1d57db4d6fc03515d6ae1cda11,row_sparsity,row_sparsity|conj|3ccb84496a|rng=MT19937-RandomState,,4,4,1,uniform,1;2;3;4,0.25;0.25;0.25;0.25,0.0007201507687568665,8.105393499135971e-05,0.0009758602827787399,0.0010956181213259697,0.005619380623102188,0.00849976483732462,0.002872683107852936,19,796,1,6,SAT_unsat_identifiable,1,boolean_factorization,exclude_x,exclude_x,0,881,3382,0,1,1,0,0,0,0,1,1,1,0,0,0.006734585389494896
4,50,10,100,1952131340,82,conj,glucose42,MT19937-RandomState,0.0006450768560171127,10001001001100001000000100000100110100000000000101000010000100000010000000000001010100100001010011000000010100001000111001000000000000001000110000000101000010000100000000000000100011000010100000001000100010000011000100000100000011000011000000100000010010100010010010001000100001000010100000000000010010000000000010010001000001000001100010101001000001001100001100100110100001110000000001000000010000110010000000000000010001001011000000010100111000000000001000000000010100000010000110000100010000010000,95812f1f090a0cf8cdfb360fd15b97a6e8696c3747ed99268c120eb79e122a78,row_sparsity,row_sparsity|conj|3ccb84496a|rng=MT19937-RandomState,,4,4,1,uniform,1;2;3;4,0.25;0.25;0.25;0.25,0.0006863093003630638,6.984639912843704e-05,0.0009790575131773949,0.0011213142424821854,0.014758658595383167,0.01762258540838957,0.002856527455151081,20,780,1,6,SAT_unsat_identifiable,1,boolean_factorization,exclude_x,exclude_x,0,950,3592,0,1,1,0,0,0,0,1,1,1,0,0,0.006766104139387608
4,50,10,100,1952131340,83,conj,glucose42,MT19937-RandomState,0.0006494252011179924,00001010011000011001011001001000000010001001010001100011000111010000100110010000100001100001110000100000001000110001100000000000100011000101100100000001010000100011010000100100001000000000101010000001000000000110000111000001000100010000100010100000001100000001010000000101010001000101000001111010000011000000010001101001010000001110101010000001001010000100000010001000010000001100100001000110000000000100000000010000000000000111010001000001001100110000110100101000000000001000100100000001011001010000,3ae02912dd3c2d76bcf962ec34153fb5857ebafdb507ad191d22fb04addbf4df,row_sparsity,row_sparsity|conj|3ccb84496a|rng=MT19937-RandomState,,4,4,1,uniform,1;2;3;4,0.25;0.25;0.25;0.25,0.0008449284359812737,9.37124714255333e-05,0.0011973632499575615,0.0011076778173446655,0.007132118567824364,0.010384050197899342,0.003243681974709034,24,604,1,6,SAT_unsat_identifiable,1,boolean_factorization,exclude_x,exclude_x,0,1176,4377,0,1,1,0,0,0,0,1,1,1,0,0,0.00680751446634531
4,50,10,100,1952131340,84,conj,glucose42,MT19937-RandomState,0.0006566271185874939,10000000100100000000100000110000000100010000010010100001011000101000100000001000011100000100100000100001000000110000001000100100101000100100000000110000100000000000011101000001000000100100001000000010000100000000101000100001100000100000000001000000001001011000000000000110000000111000010000010010100100110100010101000000101001000000000100000000000001100001001000000011001100000000000011000000000111001000010010000110000010001010100111000010100010001100100000111000010101001000000100010001000000100001,c5f85f71a9785e572844b4867acfd40aeea4e3dacabddcca1e369a67d482e236,row_sparsity,row_sparsity|conj|3ccb84496a|rng=MT19937-RandomState,,4,4,1,uniform,1;2;3;4,0.25;0.25;0.25;0.25,0.0007105870172381401,7.160753011703491e-05,0.0009542098268866539,0.0010416237637400627,0.006331046111881733,0.009115926921367645,0.0027780281379818916,20,862,1,6,SAT_unsat_identifiable,1,boolean_factorization,exclude_x,exclude_x,0,890,3526,0,1,1,0,0,0,0,1,1,1,0,0,0.007180642336606979
4,50,10,100,1952131340,85,conj,glucose42,MT19937-RandomState,0.000651143491268158,01000000000100101100100000010000100001000110011000010001001100000100001010010000000001100001101000010100000011000101000010010000000000001000111000000101101000000001000100001011000001000000000001100001010000010000000001001000001000000010001001011000000010001011010100001000000000110010101000000000010100000001000000100000100001000010100000110100001000000000100000000100000000001000000010000100110001000001010001001000000000000000101010001001100000010000000001000110100010000000001011010001000000000001,e69329071c88e07a6063dd5732eebb56c969cdecf4e8fe1f344e2711947b5637,row_sparsity,row_sparsity|conj|3ccb84496a|rng=MT19937-RandomState,,4,4,1,uniform,1;2;3;4,0.25;0.25;0.25;0.25,0.0006585726514458656,7.334724068641663e-05,0.0009372634813189507,0.001063409261405468,0.004936006851494312,0.007675762288272381,0.002732592634856701,19,966,1,6,SAT_unsat_identifiable,1,boolean_factorization,exclude_x,exclude_x,0,831,3327,0,1,1,0,0,0,0,1,1,1,0,0,0.0072900960221886635
4,50,10,100,1952131340,86,conj,glucose42,MT19937-RandomState,0.0006937067955732346,01000101010011001000000100110000011010000000001000000110000001110100001000010000000000001101010010000001011000011010010000000001010011010001100000001001001010011000000010000001000001010100000000000100000010100000011011000110000100000111000010010010011010100000010000010000000000100000001000101010001001000000000001000000000010000000100101100000000001000000011101010010100000001011001010000001000110010000001010100001110010001001000001000000001010001000110100000000000100000000110001010011000000010000,41fd69d0e5b575d7cc7557a151b8ad896bebc5de2b7efc3f9234604f818fa268,row_sparsity,row_sparsity|conj|3ccb84496a|rng=MT19937-RandomState,,4,4,1,uniform,1;2;3;4,0.25;0.25;0.25;0.25,0.0007029520347714424,7.629022002220154e-05,0.0009302729740738869,0.0011052405461668968,0.005028466694056988,0.007851559668779373,0.0028147557750344276,18,860,1,6,SAT_unsat_identifiable,1,boolean_factorization,exclude_x,exclude_x,0,812,3172,0,1,1,0,0,0,0,1,1,1,0,0,0.006896152161061764
4,50,10,100,1952131340,87,conj,glucose42,MT19937-RandomState,0.0006987219676375389,10001000010000000111001001000100101000110100000001000101101000000000011111000000010100010111100010000000001001010001100000101000000101001010100000000000000110000001100000000000001100000010001010001000110000000100001100000000000100010000101111001100000000100110000000010001100000010000000100000111010011000100010000000010000000001000001000000010000000000101000100010000010100000000011000000000000000010000001100110100001001000000000001000001100011010000000010010000110000010101000010000000000000001000,54156893ca9705ade9a24f3e959590028699a585dd07d705ed21f90c39d31ecb,row_sparsity,row_sparsity|conj|3ccb84496a|rng=MT19937-RandomState,,4,4,1,uniform,1;2;3;4,0.25;0.25;0.25;0.25,0.0007140599191188812,8.770544081926346e-05,0.0010254811495542526,0.0011488767340779305,0.006099389865994453,0.009084059856832027,0.0029761232435703278,20,908,1,6,SAT_unsat_identifiable,1,boolean_factorization,exclude_x,exclude_x,0,930,3570,0,1,1,0,0,0,0,1,1,1,0,0,0.007383783347904682
4,50,10,100,1952131340,88,conj,glucose42,MT19937-RandomState,0.0007260795682668686,10010001000000100000010101000001000101000000100100100100000110000001100000100000000001001000011110000000000010000010000011000000110100101000001000010010000000001101000001011000101000001100001001000000100001000011100000001010000000010010011000000000010011100100011001000100001000000001100001110001100000010010000110011000000000101101010000100000011000001001000101011100000010000100100001101000101001100000000001000100001100011100100100100011001000110111000010010101010001100000000001000001000001011000,0959520d1291196e622695c13fd81839aa778616d780cf1d126c405a3f6471c7,row_sparsity,row_sparsity|conj|3ccb84496a|rng=MT19937-RandomState,,4,4,1,uniform,1;2;3;4,0.25;0.25;0.25;0.25,0.000968102365732193,0.00011030398309230804,0.0016955053433775902,0.0011883052065968513,0.010805190540850163,0.01477687805891037,0.0039622168987989426,36,791,1,6,SAT_unsat_identifiable,1,boolean_factorization,exclude_x,exclude_x,0,1794,6666,0,1,1,0,0,0,0,1,1,1,0,0,0.008915433660149574
4,50,10,100,1952131340,89,conj,glucose42,MT19937-RandomState,0.0006645899266004562,10000000000000000110001000000000000001000000010001110000000000000000101000000010100000000010100100000010101010001000000101000000000010001100000000100000100101101100000011001010101001000001010110100100000001010000011010011000011000011001100010100001001000000111000010111011000001101100000100000100100010010101000000000100010100010000000100010010010100110110000001000010001001001100100010000010000000000000000010000100000000100101101110000000000110001100000000100100000010101010000000010100001011010000,ba2ba44750bd2ec154a59ab8638d7f79c3082244e2ab79dcac2257bd4beb8092,row_sparsity,row_sparsity|conj|3ccb84496a|rng=MT19937-RandomState,,4,4,1,uniform,1;2;3;4,0.25;0.25;0.25;0.25,0.0007952526211738586,8.476618677377701e-05,0.0011391052976250648,0.0010832790285348892,0.006234491243958473,0.00934468861669302,0.0031024031341075897,23,797,1,6,SAT_unsat_identifiable,1,boolean_factorization,exclude_x,exclude_x,0,1117,4178,0,1,1,0,0,0,0,1,1,1,0,0,0.0072035035118460655
4,50,10,100,1952131340,90,conj,glucose42,MT19937-RandomState,0.0006487453356385231,00100010001000000000000000100000000001000011110000011000010100100000000000001000000000001011100000000101000000000000010011000010100000100000001000000000011000000001011100000000111000000100000000001010000010000000100000010010000000000100010100100000000010000000000000010001000010010000000010101000011010000001010010010000000010010100001000000000100110000011000000100000000100000000101000100000100000000010000000001001110010110010000000010010000100000011000100000000100101001000100010000000100000000011,8c618f0de7e514d003e8de27d1dbb1d097abff9c2962be9a18eb742a158d4fa4,row_sparsity,row_sparsity|conj|3ccb84496a|rng=MT19937-RandomState,,4,4,1,uniform,1;2;3;4,0.25;0.25;0.25;0.25,0.0005820654332637787,6.69499859213829e-05,0.0007728086784482002,0.0010697105899453163,0.005528483539819717,0.008027365431189537,0.002491534687578678,15,970,1,6,SAT_unsat_identifiable,1,boolean_factorization,exclude_x,exclude_x,0,635,2575,0,1,1,0,0,0,0,1,1,1,0,0,0.006739647127687931
4,50,10,100,1952131340,91,conj,glucose42,MT19937-RandomState,0.0006666835397481918,00100010000000010000000000001001010101000001000000101100010000100000000100000011111000001001000010101000101100000001000000000001001100101000001100100000100000101100010010010000101000000111000010000111010010000100000001000010001010011001000100010100100100010010000100011000001000001100001100010010010101000000000000001110010000001000001000000110000110110100000110000000000000010000010011000110111000000001101010010010000011100001000100100100000001001000010000000000100001010010010110000000100000010110,de120c4fad256a5b4428dcbf8a0c3a659188b53524cbd9c3d82641941201d8a0,row_sparsity,row_sparsity|conj|3ccb84496a|rng=MT19937-RandomState,,4,4,1,uniform,1;2;3;4,0.25;0.25;0.25;0.25,0.0007607666775584221,8.067581802606583e-05,0.0010594036430120468,0.0011025136336684227,0.008358011022210121,0.01137008797377348,0.0030033597722649574,21,804,1,6,SAT_unsat_identifiable,1,boolean_factorization,exclude_x,exclude_x,0,1019,3802,0,1,1,0,0,0,0,1,1,1,0,0,0.007196539081633091
4,50,10,100,1952131340,92,conj,glucose42,MT19937-RandomState,0.0007135970517992973,00001000001100000000000010000000100101001010000001000001001010100101000001001011000000100001000000000110000100000100010010000001100000000010110010000001000010000100000000000010000000001110010100000000000010000001011100001100100000000001010000010110100001000000010000000001100001100000101101101100001000000100110111000000001000010000110001010001100000100000000000100000000000011000101000000100001000010001000000000000011000100000111101010000110100000011000100011000000000100000100000010110010011011000,19713edeea912909bd75a1c8d60f0fce214c4f57dab3ddcabcf191a608a70abe,row_sparsity,row_sparsity|conj|3ccb84496a|rng=MT19937-RandomState,,4,4,1,uniform,1;2;3;4,0.25;0.25;0.25;0.25,0.00081630889326334,7.945392280817032e-05,0.0011767586693167686,0.001116245985031128,0.006453422829508781,0.009650031104683876,0.003188767470419407,24,870,1,6,SAT_unsat_identifiable,1,boolean_factorization,exclude_x,exclude_x,0,1136,4333,0,1,1,0,0,0,0,1,1,1,0,0,0.007534666918218136
4,50,10,100,1952131340,93,conj,glucose42,MT19937-RandomState,0.0006727026775479317,01100000011000000100100001110000000100010011010100010101001000000000100000000001100000110110100000100100000000011110000000101100001100000000000101000110000100110001010000001110000001000000000000110000000010011110001010101000000000000010000100000000010000010000001000001001000001001001010001000000100011100000000000000100001011010001100000010101000101000010001100011000100010100000001011001000011000000000011000010010100010011001000000000010001010000100000110000001001011101100001000100001010010000110,bfd4bafd32e640d64b08642e9190db68d407f9755b132c82d7fb85d105f1e569,row_sparsity,row_sparsity|conj|3ccb84496a|rng=MT19937-RandomState,,4,4,1,uniform,1;2;3;4,0.25;0.25;0.25;0.25,0.0008161328732967377,8.357781916856766e-05,0.0010831281542778015,0.0011143926531076431,0.005737685598433018,0.008843725547194481,0.00309723149985075,22,871,1,6,SAT_unsat_identifiable,1,boolean_factorization,exclude_x,exclude_x,0,1028,3946,0,1,1,0,0,0,0,1,1,1,0,0,0.007376101799309254
4,50,10,100,1952131340,94,conj,glucose42,MT19937-RandomState,0.0006739934906363487,11000000000010001000100000000001001000000010001000010001010001000000100010100100001000000001010000010010001010000110000010101010000100010000010001010101000000011011000010000111000101000100111010000000100000100010001100101001100010000000100000100100100011000011100000000000100011100101001000100010110000110010001001000000000100011001100000110100000000010000000100100100000100000000000000010010001000000000111010000000100001000001100000001010110100001001000000101010100100000000001000000010110101100100,624299c937a57e9700e584a959c2255da2d187df66985f647c08753d00523fb9,row_sparsity,row_sparsity|conj|3ccb84496a|rng=MT19937-RandomState,,4,4,1,uniform,1;2;3;4,0.25;0.25;0.25;0.25,0.0008292039856314659,8.004717528820038e-05,0.0011675376445055008,0.0011332966387271881,0.006416783668100834,0.009634897112846375,0.003210085444152355,23,765,1,6,SAT_unsat_identifiable,1,boolean_factorization,exclude_x,exclude_x,0,1077,4134,0,1,1,0,0,0,0,1,1,1,0,0,0.007217124104499817
4,50,10,100,1952131340,95,conj,glucose42,MT19937-RandomState,0.0006810342893004417,01001100010000100000000001000000110000000000010010010100110010010000000100100001100000010000000110110001000010011100000000000100000000001000010100010100001001000001000000101000101000100101000000001001100000100000000000010000000010010101100000001000000001010101000000010000001000001000010010101000100100000100000000100001000001110101000001100000011000001101000000000001000101000000000011000000000100101100000001100100001001000001110010000000000010101000100100000110010010010001010011000100101100100000,615bf8a0e6cd4732f76959c1ebe3cb10da63968853603438b2914f1ebfe04e7f,row_sparsity,row_sparsity|conj|3ccb84496a|rng=MT19937-RandomState,,4,4,1,uniform,1;2;3;4,0.25;0.25;0.25;0.25,0.000696270726621151,8.075404912233353e-05,0.0010413238778710365,0.001133425161242485,0.005384930409491062,0.008345548994839191,0.002951773814857006,20,930,1,6,SAT_unsat_identifiable,1,boolean_factorization,exclude_x,exclude_x,0,900,3537,0,1,1,0,0,0,0,1,1,1,0,0,0.007398474961519241
4,50,10,100,1952131340,96,conj,glucose42,MT19937-RandomState,0.0006787823513150215,01000010000100001000100000100000010001000000000001101010000110100001010000001000000000010010000000010001010010100100001000100011011110000100000000000101000010000000000001010011010000001000101010010001000000010000100000010000100100001100000010100011001000011000010000111000000000100101000001000110000000100100110000100000100001001100001000010000000010001100010000100000010100100011000101100010100000100101000100100000000000111000100100010001000000011010101000100010010000000001010100000111010011000000,67aae995d09fe59fd19c43c9b300487bf73d75eb2cc0e0684cb2bc2b3a712ffd,row_sparsity,row_sparsity|conj|3ccb84496a|rng=MT19937-RandomState,,4,4,1,uniform,1;2;3;4,0.25;0.25;0.25;0.25,0.0007919240742921829,9.210873395204544e-05,0.0012847250327467918,0.0011341776698827744,0.007322264835238457,0.010633056983351707,0.0033029355108737946,26,820,1,6,SAT_unsat_identifiable,1,boolean_factorization,exclude_x,exclude_x,0,1244,4720,0,1,1,0,0,0,0,1,1,1,0,0,0.007837694138288498
4,50,10,100,1952131340,97,conj,glucose42,MT19937-RandomState,0.000714639201760292,00010000000100100001110100001000001101000011010000100000000000000010111100000100010000000001000100011000101010110000000000000100000100010001000000001000000100000111000000000010011000000110010010010110000001000001010100000100000000000100000100101000000100100000010000010000100100000010000110110000000000001000100001000000000110110000000010010100100001000000001100001010001000000110100000010010001001001000000000100000000001000000010110000110000001000001000010111000100010001011001000000000010000000010,2efdef896714bd5b629060d486d9e05a715ad477896b2c184f76b8b09aaad48f,row_sparsity,row_sparsity|conj|3ccb84496a|rng=MT19937-RandomState,,4,4,1,uniform,1;2;3;4,0.25;0.25;0.25;0.25,0.0007035611197352409,8.247699588537216e-05,0.0010034134611487389,0.001104523427784443,0.005819271318614483,0.00872162077575922,0.002893975004553795,20,784,1,6,SAT_unsat_identifiable,1,boolean_factorization,exclude_x,exclude_x,0,890,3526,0,1,1,0,0,0,0,1,1,1,0,0,0.006971979513764381
4,50,10,100,1952131340,98,conj,glucose42,MT19937-RandomState,0.0007017273455858231,00110000000000000001000000101100110100010001000000110010100001000100001010011000101000001000001010010111000000010001001110100000000000100001100010000110100000000100000011000101000010101000000000111000001000010010010000100010000100100001000000011001010000000100000000000100100000000000010100000010000010000001100000001000110000000100000001000010100010110010001010100000100010010000000000010101100001010101001100000001000010010011000100000000000000000100010000001000110000000000100000010000101011000010,673fe0d5aaea692ff33ba113918d3a856bd1f763916831d6b7a0cf6ccd0bd0a5,row_sparsity,row_sparsity|conj|3ccb84496a|rng=MT19937-RandomState,,4,4,1,uniform,1;2;3;4,0.25;0.25;0.25;0.25,0.0007107751443982124,7.757637649774551e-05,0.0011088429018855095,0.0010783607140183449,0.00617161113768816,0.009155391715466976,0.0029755551367998123,22,915,1,6,SAT_unsat_identifiable,1,boolean_factorization,exclude_x,exclude_x,0,1018,3935,0,1,1,0,0,0,0,1,1,1,0,0,0.007680155336856842
4,50,10,100,1952131340,99,conj,glucose42,MT19937-RandomState,0.0006866268813610077,11010000000011000000001000000010000000000001000110000100001000010001001010010000010000100001100000100011110000011101000011001100000111100000010001010000101110000011010010011010010000010001110100010000000101100001101001000001000000000100100100110100010000110001101001000100000001100101001001000000010000001000100000001101000000011000100000100100110001010010100010000100000000010000000001110100000001000100000100000000001100001110000100100001001000011011000001000110110000000111000000000010010001000100,bf9b57362d6031d957a8f653e23866418360aae0e2760ae61ebb8c9f5dac97f9,row_sparsity,row_sparsity|conj|3ccb84496a|rng=MT19937-RandomState,,4,4,1,uniform,1;2;3;4,0.25;0.25;0.25;0.25,0.0008857399225234985,9.207986295223236e-05,0.0013729166239500046,0.001119190827012062,0.01869917381554842,0.022176571190357208,0.0034699272364377975,28,799,1,6,SAT_unsat_identifiable,1,boolean_factorization,exclude_x,exclude_x,0,1342,5096,0,1,1,0,0,0,0,1,1,1,0,0,0.007902530021965504
