schema_version,J,K,N,seed,sim,operator,solver_name,rng_engine,generation_time,q_bitstring,q_sha256,design,design_id,p,m_requested,m_effective,min_row_size_requested,row_size_distribution,row_size_support,row_size_probs,basis_time,identity_check_time,two_col_check_time,three_col_check_time,sat_time,algorithm_time,preprocess_time,J_basis,M_basis,identifiable,branch,branch_label,sat_called,sat_formulation,sat_cardinality_encoding,cardinality_encoding_requested,maximal_candidate_requested,sat_variables,sat_clauses,identity_original,not_complete_original,has_pure_node_original,no_pure_nodes_original,has_zero_row_original,two_col_violation_original,three_col_violation_original,two_column_pass_original,both_necessary_checks_pass_original,I_3c,identity_basis,two_col_violation_basis,diagnostics_time
4,50,10,100,2530703906,0,conj,glucose42,MT19937-RandomState,0.0007151849567890167,11000110001000100010000101000000010101001101000010100100011001000000000000001010001000000010101100000001001001000100011010001100010000010100000100001000000000100000100000000100001011110000000001000000100000000101000000000000100100101100000000011001100010001100101100000000000000010000101001101000101000000100001000000000000101000000110000100000001000000001000000001101001101000000000001000000000111001011100000000000100001000000000001000000000001000010100101001000000000000000010010010000010000100010,eddbf4c41526dc221b7eed5a3eb7eb09afae7c481730450830a2ac837bed199b,row_sparsity,row_sparsity|conj|3ccb84496a|rng=MT19937-RandomState,,4,4,1,uniform,1;2;3;4,0.25;0.25;0.25;0.25,0.0005734609439969063,8.220039308071136e-05,0.0,0.0,0.0,0.0006609316915273666,0.0006556613370776176,10,1024,1,4,identity_submatrix_identifiable,0,,,exclude_x,0,0,0,1,0,1,0,0,0,0,1,1,1,1,0,0.005904762074351311
4,50,10,100,2530703906,1,conj,glucose42,MT19937-RandomState,0.0005775270983576775,01110001001100100000010000000010001000000001000000000100001001100010101011000100001001110000010010000000001111000001101001001010000100100101000110100101100000000000010000010100101010001000001101000001000010000010000001000000001000001100000011000000000000100100101100000000001000110010101100000001011010110000010001100100000010000001000010010010000100011110000000100000110010100001010000000000001011010000000010010000000100000010000011000000000110011000100000000100100000110010000010000000110001000000,854c9607ad6727b6b6110f9ed6dac3ac323997a089bd8edb85be3728eea4c2ec,row_sparsity,row_sparsity|conj|3ccb84496a|rng=MT19937-RandomState,,4,4,1,uniform,1;2;3;4,0.25;0.25;0.25;0.25,0.0007697213441133499,7.4729323387146e-05,0.0010947966948151588,0.0009852731600403786,0.021827712655067444,0.024759570136666298,0.0029245205223560333,23,878,1,6,SAT_unsat_identifiable,1,boolean_factorization,exclude_x,exclude_x,0,1067,4123,0,1,1,0,0,0,0,1,1,1,0,0,0.007409047335386276
4,50,10,100,2530703906,2,conj,glucose42,MT19937-RandomState,0.0005981838330626488,01011010001100000000101100001000100001000000100000011001100010001110000100000000110010100000001100000000000100010000000000000001100111100000001100000100010000000000011100100100100100010000100001001100100000000011101000000011100000000010100110000000001000000000000000100000000000100000010001110100000000000001000000010010000000011100100101001011000100001000000100101010011010010001000000100000110100100101000000000100011000010000110100110010101100000001001000000000001010100000100101010010010001000011,b8339b0bd5e2fba2471acc42a0df6f23af9fe5019c5f6565722d76aaad1f1645,row_sparsity,row_sparsity|conj|3ccb84496a|rng=MT19937-RandomState,,4,4,1,uniform,1;2;3;4,0.25;0.25;0.25;0.25,0.000811288133263588,7.683690637350082e-05,0.0011499244719743729,0.0010100817307829857,0.006783589720726013,0.009839290753006935,0.0030481312423944473,24,888,1,6,SAT_unsat_identifiable,1,boolean_factorization,exclude_x,exclude_x,0,1126,4322,0,1,1,0,0,0,0,1,1,1,0,0,0.007380323484539986
4,50,10,100,2530703906,3,conj,glucose42,MT19937-RandomState,0.0006042188033461571,00000001110101001100000001000010000000000000100000001000000000000111000000010110000100010000011000000000000100000000000100000000100000101010001000000000000000011100000011101000001000000100010000110011010101000000000100000000100100000000110000000010001100010000110100100011010000001010011000000100101000010110000000000001100100000100000010110000000100000001000100001110000000100001100000001011101000000101000000001000011000100000000100001010000000000100001010100000000001001011000000001110100101000001,4a5ae719d17bb0d510b6f2e891ba30eab7347851d79b61db1e592fd06e01c343,row_sparsity,row_sparsity|conj|3ccb84496a|rng=MT19937-RandomState,,4,4,1,uniform,1;2;3;4,0.25;0.25;0.25;0.25,0.0005920045077800751,6.220582872629166e-05,0.0008966587483882904,0.0009983815252780914,0.004891515709459782,0.00744802039116621,0.0025492506101727486,18,868,1,6,SAT_unsat_identifiable,1,boolean_factorization,exclude_x,exclude_x,0,812,3172,0,1,1,0,0,0,0,1,1,1,0,0,0.006595420651137829
4,50,10,100,2530703906,4,conj,glucose42,MT19937-RandomState,0.0005995268002152443,01000000001010001000000011101001001001100000100000000000110000010001110001100000000000010000010000000100000000000000101000001010011100001000000010101000010000000101000001001000000001010000010100000000000000010010101000101010000101000000010010000010010010101100110000100100010000000100111000001000010101000001010010010000010010100110000000000001110001000001000010000000001001100100000000010000000000010001000010010010000110000100001000000000110010010000100010000000000001000001010110010001100000000011,95e83f3e4ca5bcd190fe5cf1d2ff78e7b2e18c04051884453ddb423e4d168fb5,row_sparsity,row_sparsity|conj|3ccb84496a|rng=MT19937-RandomState,,4,4,1,uniform,1;2;3;4,0.25;0.25;0.25;0.25,0.0006613917648792267,6.343051791191101e-05,0.0009355088695883751,0.0009906431660056114,0.006399288773536682,0.00905752182006836,0.002650974318385124,19,944,1,6,SAT_unsat_identifiable,1,boolean_factorization,exclude_x,exclude_x,0,851,3349,0,1,1,0,0,0,0,1,1,1,0,0,0.006970669142901897
4,50,10,100,2530703906,5,conj,glucose42,MT19937-RandomState,0.0005939528346061707,11010000100010000000000001100001010000000000000110000000000110011100000100100101000000000100001111000010010001011101000000001000000001101100010010100000001001100000010110010000100000000011000010000000000000001000000000110000111000010000010011110000000000000001000000010000000000010010000000001101000010010110001100000011000011000010000000000000000100000000100000000001000001110001000000001000001000001000000000000011011000001000001000100001001101001000000101111100000000100000101001100001000100000001,c2ff604f5a871a3fbcb4b39e1b2a86faed2cb3f2543cf6da9ea87f1317f31a81,row_sparsity,row_sparsity|conj|3ccb84496a|rng=MT19937-RandomState,,4,4,1,uniform,1;2;3;4,0.25;0.25;0.25;0.25,0.0006518056616187096,6.593111902475357e-05,0.0010031284764409065,0.0009870454668998718,0.005474886856973171,0.008189993910491467,0.0027079107239842415,21,822,1,6,SAT_unsat_identifiable,1,boolean_factorization,exclude_x,exclude_x,0,959,3736,0,1,1,0,0,0,0,1,1,1,0,0,0.006828491576015949
4,50,10,100,2530703906,6,conj,glucose42,MT19937-RandomState,0.0006205514073371887,00100000000000100001010001000100101010000000000100110000010000101000001000000100000010000011001001001111000000110000010100001101100000100000011000010100001100100010000000000000010101000000001100001000000000100001010000010001100001000001000010010010100000001000000001100001010010000000000011000000000100011100010001110100100111000011001000100100011010000000001000001100100010011001010101010000010100110100001010000000001100001000000000010000100000000000000000101000100101000110100100001000000010000011,5faee53415632fd69bc7458759f644ec1ae91af52e510f99c557f125b1b80ce8,row_sparsity,row_sparsity|conj|3ccb84496a|rng=MT19937-RandomState,,4,4,1,uniform,1;2;3;4,0.25;0.25;0.25;0.25,0.0006364881992340088,6.409455090761185e-05,0.0008881138637661934,0.0010103937238454819,0.004416132345795631,0.007021971978247166,0.002599090337753296,18,854,1,6,SAT_unsat_identifiable,1,boolean_factorization,exclude_x,exclude_x,0,862,3227,0,1,1,0,0,0,0,1,1,1,0,0,0.006572892889380455
4,50,10,100,2530703906,7,conj,glucose42,MT19937-RandomState,0.0006045540794730186,00000110000000000011001011000000000000100010000001000000000100100001101000000000000010000000000001000000000010000000100101000010000000000001000010000000010100011100001010010001000000000001000001110000100010001001011001000000100100000000000101100000000000000100110000010000001001000000000010010101010000000001101000010000100000000010000011010100001000000100000001010001000010000000000000010000100100001000001001001000100100100000100100000001010100001100001100100000101000100100000110100000010100000100,5b51bcefb735cfd5ee147129c6b595f645e07b3143d51f587a67361b1ad6318c,row_sparsity,row_sparsity|conj|3ccb84496a|rng=MT19937-RandomState,,4,4,1,uniform,1;2;3;4,0.25;0.25;0.25;0.25,0.0006484519690275192,6.35022297501564e-05,0.0009756935760378838,0.0010037636384367943,0.004978892393410206,0.007679943926632404,0.0026914114132523537,20,960,1,6,SAT_unsat_identifiable,1,boolean_factorization,exclude_x,exclude_x,0,840,3471,0,1,1,0,0,0,0,1,1,1,0,0,0.007053290493786335
4,50,10,100,2530703906,8,conj,glucose42,MT19937-RandomState,0.0006038816645741463,01010000000000000001001010100000000001100100000001000010000100000000010000000100010100000110001101000001000000000111001000110000000110000000000000100000100100010010100000010110000000001001100100001010000101001110010010101000000101100010010000000000110001010110000100000010000000001000000000000001000001001001001110001000010000000000111100000010000000100000000000010011100011001000001001000100000111010100000010001000010100101000000001001001110100000110110000101001000001110100001001101000000001100001,558065109963725a2cc1242724054168454f516866a851e9b431c2badd86f1e7,row_sparsity,row_sparsity|conj|3ccb84496a|rng=MT19937-RandomState,,4,4,1,uniform,1;2;3;4,0.25;0.25;0.25;0.25,0.0007428862154483795,6.328988820314407e-05,0.0009714197367429733,0.0009979140013456345,0.00578507874161005,0.008567196317017078,0.0027755098417401314,20,936,1,6,SAT_unsat_identifiable,1,boolean_factorization,exclude_x,exclude_x,0,900,3537,0,1,1,0,0,0,0,1,1,1,0,0,0.007038707844913006
4,50,10,100,2530703906,9,conj,glucose42,MT19937-RandomState,0.0006166212260723114,01110000010010000000101010000000000001000001000000000000001010100001001001001010001000000000000010100101110000011010010001000101000011000110000001000001000000010000010000001110010011100000000001010101010001000010010010000001000100100010010100001010000001110000101010000100000000011010110000001101000110010001010011001001010000010000000011001000000111100000000100000001001010000010011000010010010110001100101000000011000001000010110000101010010010100100010100000000001001000100001001010001000000111010,27e60612e57fb4a296c5d21a6225f40f938b59546ccc63908f33ca760723153c,row_sparsity,row_sparsity|conj|3ccb84496a|rng=MT19937-RandomState,,4,4,1,uniform,1;2;3;4,0.25;0.25;0.25;0.25,0.0008168639615178108,0.00010233186185359955,0.0011454224586486816,0.0009982343763113022,0.013950195163488388,0.017020891420543194,0.003062852658331394,24,830,1,6,SAT_unsat_identifiable,1,boolean_factorization,exclude_x,exclude_x,0,1106,4300,0,1,1,0,0,0,0,1,1,1,0,0,0.007270977832376957
4,50,10,100,2530703906,10,conj,glucose42,MT19937-RandomState,0.00058753602206707,10000001010100100100000000010000000000100000001000000000000100001000010000000100000101000001000000000000000010110000010100000000010000010000011100100001010000110001000000000001010010000100010000000101001000010011000000000011001000100100010110000110100000000001110000000001000100101000010100000000001000000011000100100110000100010011100000000001000001111000100010100100101001000001011000000000000000100010001001000000000110000100100100001000100100010010011000001000000000101001100001000101010001110000,58a8894df8d6802648034f8a0d771198871c228ce39b64ac439fae84470b4e32,row_sparsity,row_sparsity|conj|3ccb84496a|rng=MT19937-RandomState,,4,4,1,uniform,1;2;3;4,0.25;0.25;0.25;0.25,0.0006673736497759819,6.995256990194321e-05,0.000887594185769558,0.0010040095075964928,0.00474025122821331,0.007376275025308132,0.002628929913043976,18,851,1,6,SAT_unsat_identifiable,1,boolean_factorization,exclude_x,exclude_x,0,812,3172,0,1,1,0,0,0,0,1,1,1,0,0,0.006516261026263237
4,50,10,100,2530703906,11,conj,glucose42,MT19937-RandomState,0.0006013344973325729,00010010000000100000000100111000101000101000001101000000110101100000000110000000000000001000010010001000001011000000100111000000000100001110101000001000100010011000011100000010000100000010010000000001011001010010000100000011010000000000110100010100010001010010000111000010000100110010100010000000100001010100000111100000001000100000001011000010000001000010000111011000000100000100101000001000001000000010000011001010100100100000100010000000000001000000100101001001000010010010000100001000001010100000,aa1d85403d9e6f5fbd0ffc37593c6e745b1ce0448e772a732204d8bcd7eecf2e,row_sparsity,row_sparsity|conj|3ccb84496a|rng=MT19937-RandomState,,4,4,1,uniform,1;2;3;4,0.25;0.25;0.25;0.25,0.0007475670427083969,7.655005902051926e-05,0.0013411613181233406,0.0010142745450139046,0.007163054309785366,0.010349434800446033,0.0031795529648661613,29,798,1,6,SAT_unsat_identifiable,1,boolean_factorization,exclude_x,exclude_x,0,1411,5306,0,1,1,0,0,0,0,1,1,1,0,0,0.007650500163435936
4,50,10,100,2530703906,12,conj,glucose42,MT19937-RandomState,0.0005987407639622688,00001111000000000100001010000000010000100000110100000000000101011000100010110010010000000000000000010000001000000100000001000010011101000100100000000001000011000000110110000000010010001000110010001010000001000111001001001110000100010000101001001010010000010000001000000000001001110010000000101010000011000000110000001111000001100010100100011000010011010100000000101000100111000001011000101000010000100001000010001010110000010111001001000001010010010110001001000000111001001000000000001101101010100100,63e5169a3f8e6980c088647fc6c33aed037e420e253e8b40fcdd64eca8e81bdd,row_sparsity,row_sparsity|conj|3ccb84496a|rng=MT19937-RandomState,,4,4,1,uniform,1;2;3;4,0.25;0.25;0.25;0.25,0.0008200220763683319,6.977375596761703e-05,0.0011935457587242126,0.0010076472535729408,0.007147608324885368,0.010245894081890583,0.0030909888446331024,25,855,1,6,SAT_unsat_identifiable,1,boolean_factorization,exclude_x,exclude_x,0,1245,4587,0,1,1,0,0,0,0,1,1,1,0,0,0.007353110238909721
4,50,10,100,2530703906,13,conj,glucose42,MT19937-RandomState,0.0006105443462729454,00010000000110010001001000100010010000000000111010000011000100000010000010000000000000010000000001110000100000010000010000010000000101010010010010000110000010000010001101010000000000010000001000100000000000011100100110100000000100010110001000000100000100010000000000010000101010010000100000000011100000000000010110000101000000011000001100000010010000000010001010000010010000001100000000010010000010000010000011000000000100100000000010000010010001000010000100011000100000101001000010100001000000100000,ab9bc007ee87995a8cbb08abe4121e358857d399e9277a23ee07c212130a952e,row_sparsity,row_sparsity|conj|3ccb84496a|rng=MT19937-RandomState,,4,4,1,uniform,1;2;3;4,0.25;0.25;0.25;0.25,0.0005572289228439331,5.941372364759445e-05,0.0008905036374926567,0.001001647673547268,0.004355362616479397,0.006869946606457233,0.002508793957531452,18,942,1,6,SAT_unsat_identifiable,1,boolean_factorization,exclude_x,exclude_x,0,772,3128,0,1,1,0,0,0,0,1,1,1,0,0,0.006770209409296513
4,50,10,100,2530703906,14,conj,glucose42,MT19937-RandomState,0.0005958061665296555,00010000001000001000111010000000100000110000000010010000101000000001100001001001000010000000000001000000100000010010001101010001001001000000101000000000000000010010011010000011001010100101001000000000000110000000101000000100000000010010000010000001010001000000001110100000011100000111000000100000000111000001000101000000100101100000100100000000000011010011000010000000001001100100110010100000111000000001100110001100001001001010001010010100000011101001010001010010001000000010000010110000010100000000,aaca22c71b45baa6bb8260e0f8beb8c07a4018ea454e589bb76779f6f6088734,row_sparsity,row_sparsity|conj|3ccb84496a|rng=MT19937-RandomState,,4,4,1,uniform,1;2;3;4,0.25;0.25;0.25;0.25,0.0007850825786590576,6.657280027866364e-05,0.0010848920792341232,0.0009873481467366219,0.005749688483774662,0.008679626509547234,0.0029238956049084663,23,848,1,6,SAT_unsat_identifiable,1,boolean_factorization,exclude_x,exclude_x,0,1057,4112,0,1,1,0,0,0,0,1,1,1,0,0,0.007154153659939766
4,50,10,100,2530703906,15,conj,glucose42,MT19937-RandomState,0.0006066011264920235,00000010000000100000000000010011001000100000010000011101000000000001100000001000010011100000011010011001011000001000000000000001111010001000000010010000100100110010010000100000111000000011001000101100000000100000001000110000000001010000010100100000100010010001100010000001000111000000000101000000100001000110000110000100010000000000001000110000100000000000010010000000000000001000100001000001101010001010000100111000000001000010100000001000010000000101000010001000001010110000000100011100010000000010,45df3f1d29c4a2b4dd81a399aa4da474a4c07b89a17917c7ae7b860ddaa1caf7,row_sparsity,row_sparsity|conj|3ccb84496a|rng=MT19937-RandomState,,4,4,1,uniform,1;2;3;4,0.25;0.25;0.25;0.25,0.00060255266726017,6.2551349401474e-05,0.0006905645132064819,0.0009756889194250107,0.0036826590076088905,0.006019867956638336,0.0023313574492931366,13,692,1,6,SAT_unsat_identifiable,1,boolean_factorization,exclude_x,exclude_x,0,597,2265,0,1,1,0,0,0,0,1,1,1,0,0,0.005544187501072884
4,50,10,100,2530703906,16,conj,glucose42,MT19937-RandomState,0.0005931025370955467,10000010001000000100011000000011000100000000010000110000100010011000001110001000000100000101001000000000001001000000101110111000000000000010100011000000010000000000101100010100110000100000010000010110000001000000010000001000000000000100010000110101000001100000000000000100000001000011000001001000001000000001000010000010000100001110010000000000000001000010100000000000011000011000100001000010101010001000000101000100000000111010000000000010001010000000101010010100010001000000010000000110001000000110,b62cc8b2d4d56f13b0211ac3248ab789271b15b5c8adbe6bcf55d4f29b045c87,row_sparsity,row_sparsity|conj|3ccb84496a|rng=MT19937-RandomState,,4,4,1,uniform,1;2;3;4,0.25;0.25;0.25;0.25,0.0006992155686020851,6.65523111820221e-05,0.0010457374155521393,0.001000470481812954,0.005386917851865292,0.008204931393265724,0.0028119757771492004,22,896,1,6,SAT_unsat_identifiable,1,boolean_factorization,exclude_x,exclude_x,0,978,3891,0,1,1,0,0,0,0,1,1,1,0,0,0.007217272184789181
4,50,10,100,2530703906,17,conj,glucose42,MT19937-RandomState,0.00058700330555439,00010010100000100101001000000000110010001101000001101000100100000000010000000100000000001010010000000001000000100001101000001101000010000010000000100100000010000011100010000001010111100000010010000000010011000010100000000000000110001000011100100110010100001001000000001000100100110001000000000001000000010000010101110000000000010000110000001010010100001101010000001100101000010000010000000111000001100100000100000100000000100001000100010001010000000000000100000011000101000000100000010000000100000010,57b79c7086d7358fc1648455dccb47c2523b98b565ccf8b731178eed6607b1a5,row_sparsity,row_sparsity|conj|3ccb84496a|rng=MT19937-RandomState,,4,4,1,uniform,1;2;3;4,0.25;0.25;0.25;0.25,0.0006421152502298355,5.920790135860443e-05,0.0008533280342817307,0.0009906645864248276,0.004645714536309242,0.00719747319817543,0.002545315772294998,17,790,1,6,SAT_unsat_identifiable,1,boolean_factorization,exclude_x,exclude_x,0,763,2984,0,1,1,0,0,0,0,1,1,1,0,0,0.006312111392617226
4,50,10,100,2530703906,18,conj,glucose42,MT19937-RandomState,0.0006091278046369553,00000000110000000010010000010000100110001100000000100000010001001000110110010000000010000000010110010000000100100101000000100100100011100000010011000000000111100000010000001010011011000100100011000000000000001000000000010000100000010000010000010110000010100001001100000000010000000100100001010001010100000000010110000001000000100010100000000101011000000101001000010000001011100000100001000010000000111110001000000010101000000000010000011000000100000010101000000001100100000101011001010001000000100010,981f3d29d236e2cfee6164f4583616eccc0385229e8b96d9b351deee9cd42ab1,row_sparsity,row_sparsity|conj|3ccb84496a|rng=MT19937-RandomState,,4,4,1,uniform,1;2;3;4,0.25;0.25;0.25;0.25,0.000688028521835804,6.723497062921524e-05,0.0010896874591708183,0.000990409404039383,0.005761372856795788,0.008603003807365894,0.0028353603556752205,23,914,1,6,SAT_unsat_identifiable,1,boolean_factorization,exclude_x,exclude_x,0,1047,4101,0,1,1,0,0,0,0,1,1,1,0,0,0.007338653318583965
4,50,10,100,2530703906,19,conj,glucose42,MT19937-RandomState,0.000608290545642376,00010000000000000001001000100100001000001000001001101010000110000000100100100110000010001000000000101010000011000010000001000001000001110001101000010000000000010101001000010000110111000001000110000010011000000100000000100000100000001010100010001000000000100001010111000000001010100100000101101010010000000100010010000000010100100010000000010100010101101000101001100000100100110010100000000100000001010001000011011000101000010001010010000000000011001100010101100001000000000000100010100101000101000100,104c76778379b6ae27efb641e7a3612faf8406e479459dbcdf8239885cc1a671,row_sparsity,row_sparsity|conj|3ccb84496a|rng=MT19937-RandomState,,4,4,1,uniform,1;2;3;4,0.25;0.25;0.25;0.25,0.0006509926170110703,6.392784416675568e-05,0.0010047005489468575,0.000974518246948719,0.006979137659072876,0.009679523296654224,0.0026941392570734024,21,726,1,6,SAT_unsat_identifiable,1,boolean_factorization,exclude_x,exclude_x,0,989,3769,0,1,1,0,0,0,0,1,1,1,0,0,0.006592156365513802
4,50,10,100,2530703906,20,conj,glucose42,MT19937-RandomState,0.0005469489842653275,00100000010000001000010000000010000001101000001000000100110101101000100101000001000000100000010100000100100110110001010010100110000000000100000001010100001000110101000001100000001010000100000000000010010000001000010101100100001000000001000000100011010100111000000001000010010000110100000010001111000000000100000001010100001000010100010011000000000100000000000100100001101000000000001010010000000000111100100001110000100011001000010100000110101110000000011000100101100100110001000001101000000100010010,8870007c81863c1cdd950b229a91107fa2fb56ea08f99ad479f0c9505033d769,row_sparsity,row_sparsity|conj|3ccb84496a|rng=MT19937-RandomState,,4,4,1,uniform,1;2;3;4,0.25;0.25;0.25;0.25,0.0007441947236657143,6.977561861276627e-05,0.0011209575459361076,0.0009923223406076431,0.005679263733327389,0.008612868376076221,0.0029272502288222313,24,747,1,6,SAT_unsat_identifiable,1,boolean_factorization,exclude_x,exclude_x,0,1196,4399,0,1,1,0,0,0,0,1,1,1,0,0,0.00693829171359539
4,50,10,100,2530703906,21,conj,glucose42,MT19937-RandomState,0.0005788169801235199,01000001100010000101000010110010000000110000011110000000110000000000100110010100000000100010011000010001001001000000010000001000100010000101010100000100001111000100010000000101010000001011001000110010001100101000000001000010100010101100010010000000110010000000100000000000110000001000000010101100000000000100000100000000011100001000000010000000010000101000100000001110000100100000001011000000000001100000010000000011000010000000000000010000000100000001001100001000000000010000110101100000100100100000,6d6ef1eb4f334266f75b2eb7791db5448cda3e067a148c8848186d4acf726b44,row_sparsity,row_sparsity|conj|3ccb84496a|rng=MT19937-RandomState,,4,4,1,uniform,1;2;3;4,0.25;0.25;0.25;0.25,0.0006236201152205467,5.84237277507782e-05,0.0008938228711485863,0.000988115556538105,0.005047307349741459,0.007616952992975712,0.002563982270658016,18,833,1,6,SAT_unsat_identifiable,1,boolean_factorization,exclude_x,exclude_x,0,812,3172,0,1,1,0,0,0,0,1,1,1,0,0,0.006485024467110634
4,50,10,100,2530703906,22,conj,glucose42,MT19937-RandomState,0.0005729543045163155,00100011101000000100000101110001111000001000010011000010100111100010000100001101001000010000101000100010100011000011100100101000011100000101000001001000000011010001100100001000110100000000010001000010000010010110000101000000000001100000000010000100100000111010100110010000001000110011000000000000001010100100100100010100101000000000101000000110000000010000000000001000100000000010001000000000000010001000000000000010000001100000000000010000000000101000000010010000000010000000101001000000100000001000,ebb5e7384b72e401d5db1f3a6c276fbfcbd28c9a9ff23fd57c29b964bb9ae4bf,row_sparsity,row_sparsity|conj|3ccb84496a|rng=MT19937-RandomState,,4,4,1,uniform,1;2;3;4,0.25;0.25;0.25;0.25,0.0006704749539494514,5.990266799926758e-05,0.0008479123935103416,0.000984429381787777,0.004634467884898186,0.007202133536338806,0.0025627193972468376,17,898,1,6,SAT_unsat_identifiable,1,boolean_factorization,exclude_x,exclude_x,0,743,2962,0,1,1,0,0,0,0,1,1,1,0,0,0.006374581716954708
4,50,10,100,2530703906,23,conj,glucose42,MT19937-RandomState,0.0005884729325771332,11000000110000011000000000001010001001101001010010000100110100101000100000001011001000001000100000010000001110000000001000000001100000001010001000000010000010000000010000000001000011000101000000010100110100010010100100100011000011001110000000000011011000100010000100100000100000000000001000000000100000100011101000000000001000000101100000101101000010000000000100000110001001000000000101000000110000000100000000011000001000011000010101011000101001000000011001100000000100100000100000001001000010100100,8d9bd7a8d7817932ca244e6a12837e49d5bd9c51b6e73c7afda83f58ad559d2b,row_sparsity,row_sparsity|conj|3ccb84496a|rng=MT19937-RandomState,,4,4,1,uniform,1;2;3;4,0.25;0.25;0.25;0.25,0.000652821734547615,6.0412101447582245e-05,0.0008925441652536392,0.0009776661172509193,0.0044209910556674,0.00700939167290926,0.002583444118499756,18,902,1,6,SAT_unsat_identifiable,1,boolean_factorization,exclude_x,exclude_x,0,782,3139,0,1,1,0,0,0,0,1,1,1,0,0,0.006648564711213112
4,50,10,100,2530703906,24,conj,glucose42,MT19937-RandomState,0.0005737217143177986,00010000000110110000100000000000000000010001001000011000100101100010000001111000000001100000001000001101001000001001000100000000100000110010010100001010110010000001100000000011100010001100101010000010101010000100100000000000101011000011000110001100010010110000000100001001001010010010000010010000000011010100001000001101000000000101010110001000001010000011000010010000000000010000001101000001000000000000010000000010000010000001000000000011100000110001000001001000000000001010001100000101100000001100,b4304069213f04990e3f4cbaaebd3b15610335bd0f34771a94b64f8013e8c8c8,row_sparsity,row_sparsity|conj|3ccb84496a|rng=MT19937-RandomState,,4,4,1,uniform,1;2;3;4,0.25;0.25;0.25;0.25,0.0007379744201898575,6.11618161201477e-05,0.0008877851068973541,0.000977412797510624,0.006520653143525124,0.009190439246594906,0.0026643341407179832,18,945,1,6,SAT_unsat_identifiable,1,boolean_factorization,exclude_x,exclude_x,0,792,3150,0,1,1,0,0,0,0,1,1,1,0,0,0.006766166538000107
4,50,10,100,2530703906,25,conj,glucose42,MT19937-RandomState,0.0005833934992551804,01000000000001010000010000000000000001011000100001000010001000000001101100000011000010000101010000000000010000101010010010010001100000000001111000000001100100000000000110000100000011000000000100000100110000000100001010111000000000010000000000000000010000110110000110100100000001000100100100000100010000110001010010000000100010000000000101011000010110000000001000000001000001001000100001010000000010001000000010001000101010000010100000100001001011000010010000101100010001100000100010000000000010001101,89a63943c85c04193f0c03d740ddb796e5993fec37cc3a477b9a1f3a75b7a427,row_sparsity,row_sparsity|conj|3ccb84496a|rng=MT19937-RandomState,,4,4,1,uniform,1;2;3;4,0.25;0.25;0.25;0.25,0.0006377194076776505,5.6762248277664185e-05,0.0007177814841270447,0.00098382867872715,0.00420696847140789,0.006608558818697929,0.0023960918188095093,14,988,1,6,SAT_unsat_identifiable,1,boolean_factorization,exclude_x,exclude_x,0,576,2376,0,1,1,0,0,0,0,1,1,1,0,0,0.006269359961152077
4,50,10,100,2530703906,26,conj,glucose42,MT19937-RandomState,0.0005753152072429657,00100000000000001000010000011000011100100100000000000001000000011110000000010000001011000010100100010000000010110110000001010001001110000010000000011000110010101010110000000001000000001000000000001001100100100100000010000110110000010001110001001100000100100000100010001100010001000110100000000011110000000000011010000000000010101110000000100010000001101100001001010110000101000001000001010100100000110100000001100010010100000000010110100000100000001111000000010000000011000010001100000001000000001000,2d77819b8c2633e380189393fe9f2f5da2f5da74cee71d823d5114978b589d65,row_sparsity,row_sparsity|conj|3ccb84496a|rng=MT19937-RandomState,,4,4,1,uniform,1;2;3;4,0.25;0.25;0.25;0.25,0.0006817430257797241,6.40498474240303e-05,0.0010106908157467842,0.000980018638074398,0.005547612905502319,0.008289294317364693,0.0027365023270249367,21,858,1,6,SAT_unsat_identifiable,1,boolean_factorization,exclude_x,exclude_x,0,1019,3802,0,1,1,0,0,0,0,1,1,1,0,0,0.006967947818338871
4,50,10,100,2530703906,27,conj,glucose42,MT19937-RandomState,0.0005796942859888077,00001001000000000101000001010000000001010100001100000000110001000000000000110000000000000110010011000101001001000001000011011000001001000000000010100011001000010100010110001010001101110000010100000000100000101000100000000010010000001000011000000100000001000001001101000100001110001100000110100110000001000000100010000000010100001000010101011000010100000000010010011010000001110010010000010000100011000000000001001000000011000010010010000100001011000001010000100000000010000100100000000011000001000000,fe8e4020d9f4e1b89c37e08667d75630f29b887bd382f224761f35677927771c,row_sparsity,row_sparsity|conj|3ccb84496a|rng=MT19937-RandomState,,4,4,1,uniform,1;2;3;4,0.25;0.25;0.25;0.25,0.0006662560626864433,6.353016942739487e-05,0.0009694555774331093,0.0009897099807858467,0.005380031652748585,0.008074397221207619,0.002688951790332794,20,850,1,6,SAT_unsat_identifiable,1,boolean_factorization,exclude_x,exclude_x,0,920,3559,0,1,1,0,0,0,0,1,1,1,0,0,0.00684409961104393
4,50,10,100,2530703906,28,conj,glucose42,MT19937-RandomState,0.0005791159346699715,00000001000101000000001011000110000000000100010000110000000000010011001000100001011100001000000010110100101001100001000000000001111100100000011001000100010010110000000001100101000100111100000011011000100010001000000011000011010000000000100100100000111000001100010010010100011000000101010000000000000100100001000000010000000000000100010001001101000001010000001000000100100110001001000001000010010100101000100000011010010000001000000010001000011001001000110001010001000000111000000000010000000010011001,89e4baa344c5264f8254cfeb1e43a9a2250be6b2e171d1a1b9be020c9df77306,row_sparsity,row_sparsity|conj|3ccb84496a|rng=MT19937-RandomState,,4,4,1,uniform,1;2;3;4,0.25;0.25;0.25;0.25,0.0009050359949469566,7.965508848428726e-05,0.0013215132057666779,0.0009856810793280602,0.01403831411153078,0.01733727939426899,0.003291885368525982,29,856,1,6,SAT_unsat_identifiable,1,boolean_factorization,exclude_x,exclude_x,0,1391,5284,0,1,1,0,0,0,0,1,1,1,0,0,0.007852092385292053
4,50,10,100,2530703906,29,conj,glucose42,MT19937-RandomState,0.0005904743447899818,00101011000100000000100000000010000000000100000000011100010011000010001100010100001001001100000001000001000000000001011100100001110000111100000000100000101010010100000000100000000000000010000100000100000000000111001100000110000000100000101100100100101011010000010111000000010100001000010001001000100001100000001001101000001010000000000001000000010000110000010010100011000000100000000101010010000100101000000110010100001110001100000000001010000000110100101100001000000000001000001100110100001101000010,9587f74e2784925c25ca374bb6e263c284780e5ac3dea2439cdc965be4c583f1,row_sparsity,row_sparsity|conj|3ccb84496a|rng=MT19937-RandomState,,4,4,1,uniform,1;2;3;4,0.25;0.25;0.25;0.25,0.0007314626127481461,6.252061575651169e-05,0.0009715594351291656,0.000998745672404766,0.005112911574542522,0.007883570156991482,0.0027642883360385895,20,914,1,6,SAT_unsat_identifiable,1,boolean_factorization,exclude_x,exclude_x,0,910,3548,0,1,1,0,0,0,0,1,1,1,0,0,0.006862213835120201
4,50,10,100,2530703906,30,conj,glucose42,MT19937-RandomState,0.0005686888471245766,01000010000001010000001100000000010010001100100100000000100000100101001000010001100000000000001000011001001100100000000000100000000010000000001001100111010000011100101000000001000001000000010010000100111001000000001001101010000011001010100001100000001000011001000100001001000010000100000111000010010001100001010010000011011000010000100110010000001100000000011000000100000110010001010010001000000100000001000000001000010001010001001010001001001000000000010110000100000100000001000000001100001100100100,fc935e68c2d1f199cc777244abe2318121c58b3dec65373418364aa8e16ed846,row_sparsity,row_sparsity|conj|3ccb84496a|rng=MT19937-RandomState,,4,4,1,uniform,1;2;3;4,0.25;0.25;0.25;0.25,0.0007151858881115913,6.873998790979385e-05,0.001078917644917965,0.0009910305961966515,0.011171556077897549,0.014032144099473953,0.0028538741171360016,23,840,1,6,SAT_unsat_identifiable,1,boolean_factorization,exclude_x,exclude_x,0,1047,4101,0,1,1,0,0,0,0,1,1,1,0,0,0.007159152068197727
4,50,10,100,2530703906,31,conj,glucose42,MT19937-RandomState,0.000591854564845562,01010000000011000110000010000000001001110101000101011010000000000000100000000001001001100000010000000001000010010000000100110100100010100000100010000001100000000001101001001001001001000011000100000111000000010001000010010001100011000001000000100000110010010000000100011000001010000110000110010011000100010000000110010001000001000000110000000000010010110100010001010100000100101010001100010000001001000000010000010100110000010011100110101000010000110100000100100001010101010000010100010110000101010000,d054ecdc469adf1abb5b9d4b6dc59e781d1074332b6f313cc9f6c7503befe51e,row_sparsity,row_sparsity|conj|3ccb84496a|rng=MT19937-RandomState,,4,4,1,uniform,1;2;3;4,0.25;0.25;0.25;0.25,0.0007662689313292503,6.61015510559082e-05,0.001046392135322094,0.0009923717007040977,0.005101866088807583,0.007978776469826698,0.0028711343184113503,22,720,1,6,SAT_unsat_identifiable,1,boolean_factorization,exclude_x,exclude_x,0,1008,3924,0,1,1,0,0,0,0,1,1,1,0,0,0.0066160643473267555
4,50,10,100,2530703906,32,conj,glucose42,MT19937-RandomState,0.0005927532911300659,00000110000010001101010110000110010010011001000001010000000010000100000011001000000100000001000100010101001000100000000000001010000000000101010000001000000000010100000000000111001011000000001100100000000000100000001000000100001110000000000110010001001000100100000001000001000100011010010001000001110000100000000100000010010000010010100010001100100100100000000000110000011101000000000001001100000100010010001110000111000001000000001010101000000100000001101000010100000001100110010000011100001000010000,f715600e811ac05b2055b1523950efbc323bada48803fd02540241a813c801bd,row_sparsity,row_sparsity|conj|3ccb84496a|rng=MT19937-RandomState,,4,4,1,uniform,1;2;3;4,0.25;0.25;0.25;0.25,0.0006683990359306335,5.849357694387436e-05,0.000852479599416256,0.0009760363027453423,0.005079188384115696,0.00764034129679203,0.002555408515036106,17,838,1,6,SAT_unsat_identifiable,1,boolean_factorization,exclude_x,exclude_x,0,763,2984,0,1,1,0,0,0,0,1,1,1,0,0,0.0063889166340231895
4,50,10,100,2530703906,33,conj,glucose42,MT19937-RandomState,0.0005815532058477402,11010000011100000100100000000110000000001000000010000000111000011100001010010100011010100000001000100010110001100000010110001010100101100100000000001000111000000001100001000010000000000011000110000000001000000001000000000010010000001000000001000000110000110100000000101000010001000110000000100001010000000000100100100000000000010000001100000101000001100000000000000100100001000001010001000000110100001000000000000101001011100000000000000100100000011100000000010000101010100000101010001110000100010001,7e7caac3f90019b51f6346b1136d0c872f966f233caf16e1c8d1d4d6739cf51b,row_sparsity,row_sparsity|conj|3ccb84496a|rng=MT19937-RandomState,,4,4,1,uniform,1;2;3;4,0.25;0.25;0.25;0.25,0.0007812026888132095,6.454344838857651e-05,0.001048441044986248,0.0009975293651223183,0.005590600892901421,0.0084881242364645,0.0028917165473103523,22,870,1,6,SAT_unsat_identifiable,1,boolean_factorization,exclude_x,exclude_x,0,978,3891,0,1,1,0,0,0,0,1,1,1,0,0,0.006951675750315189
4,50,10,100,2530703906,34,conj,glucose42,MT19937-RandomState,0.0005951095372438431,10010100100101010100010000000100011001010000001010001011010001000001110110010000001000000010010010011000000100101100100000100000000000001011010110100001001000100000011000100000011100000100000110000100010010010100000000110000010000010000101000010001100100001110100000001110101100001001000000110100100000010000001000000011000010000000010110000010000000110011000000000000100100000000111000000100000101000001000001000000101001000001000000011000100000010000010010000000100010100000000000100001100000100000,2d9054d610aa502b28a00d41850e2f1127cd034ee1a1e8261bbbfd2e815e58eb,row_sparsity,row_sparsity|conj|3ccb84496a|rng=MT19937-RandomState,,4,4,1,uniform,1;2;3;4,0.25;0.25;0.25;0.25,0.0007459018379449844,6.759725511074066e-05,0.0009318115189671516,0.0009749811142683029,0.005845612846314907,0.008571607060730457,0.0027202917262911797,19,888,1,6,SAT_unsat_identifiable,1,boolean_factorization,exclude_x,exclude_x,0,811,3305,0,1,1,0,0,0,0,1,1,1,0,0,0.006704590283334255
4,50,10,100,2530703906,35,conj,glucose42,MT19937-RandomState,0.0005953637883067131,00100000010000001000001010101000000010110000000010000001001001110010000000000001010101000001000010101000000000001000001110000000000101000011011001001000000101101001010000001000111000001010100101010000100001110000000000100001000011001010100011000000000010001010000001000000000000111000000000001000010100000010000000100000000010000100100101010000000001101010010000110000000111000000000111010011001000100001000010000100000000010000010001000101100000100001100010000000000100100000000010000000000110100001,0ebe4262e2bf274018625cfe0825ede9a5bc02f335c274ae0cf9895c0f6293a8,row_sparsity,row_sparsity|conj|3ccb84496a|rng=MT19937-RandomState,,4,4,1,uniform,1;2;3;4,0.25;0.25;0.25;0.25,0.0006447760388255119,7.141474634408951e-05,0.0010078418999910355,0.0009982576593756676,0.005414025858044624,0.008142889477312565,0.0027222903445363045,21,893,1,6,SAT_unsat_identifiable,1,boolean_factorization,exclude_x,exclude_x,0,979,3758,0,1,1,0,0,0,0,1,1,1,0,0,0.006968985311686993
4,50,10,100,2530703906,36,conj,glucose42,MT19937-RandomState,0.0006009452044963837,00000110000000010000000010000000100001000100001010000000100000001010110100010011000111000100000010000001001000010010000000000011010100001100100001000000100010000000000010010000010000011001011000000000000100010100000010000100100010010001100000011000000100001000001010000000000001000000100100001000010000001100100100100000010011001000000010000010001000001001001010000000000010000000100110000001011010000000000101000000001000011100000100100110001000000000100000000101010100000001110000000000100010100011,a9819b552f7eaf4dff01380039cd09fc9daef1f09c60e8c2ad28b976a3e64ddf,row_sparsity,row_sparsity|conj|3ccb84496a|rng=MT19937-RandomState,,4,4,1,uniform,1;2;3;4,0.25;0.25;0.25;0.25,0.0006332546472549438,6.0745514929294586e-05,0.0009325938299298286,0.0009881863370537758,0.004993014968931675,0.007614157162606716,0.002614780329167843,19,778,1,6,SAT_unsat_identifiable,1,boolean_factorization,exclude_x,exclude_x,0,881,3382,0,1,1,0,0,0,0,1,1,1,0,0,0.006323808804154396
4,50,10,100,2530703906,37,conj,glucose42,MT19937-RandomState,0.0005873404443264008,00100000010000010000100000010001000110011000100011010001000000001010000000001101010010011001000100000000010000000100000000000000010101000000010010001000010101011101010000000001000000000100001000000000000001000010011000010100000100000110011001001001100110000001000000001010100001100010101000000101010000000100000010000000100000010000100000001000000010001000001110110001000001010100001010000100101000010010101001000000100000000100000101100010000001100100010010110010000110101000101000000001000000000001,9f7f3d0d84c59e4b86397f94d0f6df639270e410f6262831c9680de17e81fb62,row_sparsity,row_sparsity|conj|3ccb84496a|rng=MT19937-RandomState,,4,4,1,uniform,1;2;3;4,0.25;0.25;0.25;0.25,0.0005976436659693718,6.098579615354538e-05,0.0008844165131449699,0.0009796880185604095,0.004540282301604748,0.007068214938044548,0.0025227339938282967,18,876,1,6,SAT_unsat_identifiable,1,boolean_factorization,exclude_x,exclude_x,0,812,3172,0,1,1,0,0,0,0,1,1,1,0,0,0.006616603583097458
4,50,10,100,2530703906,38,conj,glucose42,MT19937-RandomState,0.0005840985104441643,01100100000101000000010000111001000101000000100000000100000101000000000010101100000010000100100000000110000000010000111000010000010101000000000010000001000011000010011010000010000000100000000000000100101010000001000000011010100010000100000000101000000001000100100010101000100010010100000100010100000000110100000110000000000000110000000010011100100010011101000000010101001000100100010001011001000000010000000100000001101001000000010100010100010000000000100000011000100001001000000010110000011010001000,2016db9f398465232b760480871c7e3b3f84f0b6b14e6f1de55c162342520dfe,row_sparsity,row_sparsity|conj|3ccb84496a|rng=MT19937-RandomState,,4,4,1,uniform,1;2;3;4,0.25;0.25;0.25;0.25,0.0006374018266797066,6.88210129737854e-05,0.001213747076690197,0.0009895460680127144,0.00847970973700285,0.011395706795156002,0.0029095159843564034,26,525,1,6,SAT_unsat_identifiable,1,boolean_factorization,exclude_x,exclude_x,0,1274,4753,0,1,1,0,0,0,0,1,1,1,0,0,0.0065924301743507385
4,50,10,100,2530703906,39,conj,glucose42,MT19937-RandomState,0.0005940860137343407,01001100000001010110000000010111100000000100010000100000000001101100000100000100000000001000001010000100010100000010001001010000010000101000000000010010000000111001000011001101100000110101000001000001000100000000101000001000000100010000000101000100000001110010001000110010001001000000000001100110000100100010100010000000001000000101001001100000100000010000000000011110000010010000010000000001101100000010100000000110000000111100000110101000000100101000000000100000111000100000001000001001000000000100,d18179bbdf9feefcca028d1f75c29359c8f36ca9f445a4493693fb12e32688e6,row_sparsity,row_sparsity|conj|3ccb84496a|rng=MT19937-RandomState,,4,4,1,uniform,1;2;3;4,0.25;0.25;0.25;0.25,0.0006991960108280182,6.620679050683975e-05,0.0008938126266002655,0.0009911376982927322,0.0048252008855342865,0.007481326349079609,0.0026503531262278557,18,848,1,6,SAT_unsat_identifiable,1,boolean_factorization,exclude_x,exclude_x,0,822,3183,0,1,1,0,0,0,0,1,1,1,0,0,0.006332008168101311
4,50,10,100,2530703906,40,conj,glucose42,MT19937-RandomState,0.0006235325708985329,00000010000000010000000000000110010100000001000111010000000000110010100000111010000000010100000010000101001001000000101100110000010000000100000001000000010001000100100000000000011010000101000010010000101100010000111000001100010001010101010010000010100000010000010100001000000000100000100100000001110000000101100001100010000001000010000010010010000001001000100000000010101001000110000001010000010000100011000000001010010110001000011010100000000100000000000000011100000110000100000000010000000000100000,1fd83dacd9737b89ec2197fe56f6351e2dc805f95352cab1ec11a39d25396bae,row_sparsity,row_sparsity|conj|3ccb84496a|rng=MT19937-RandomState,,4,4,1,uniform,1;2;3;4,0.25;0.25;0.25;0.25,0.0006327871233224869,7.450487464666367e-05,0.0010465234518051147,0.0010105380788445473,0.005826637148857117,0.00859743356704712,0.0027643535286188126,22,902,1,6,SAT_unsat_identifiable,1,boolean_factorization,exclude_x,exclude_x,0,1018,3935,0,1,1,0,0,0,0,1,1,1,0,0,0.007337736897170544
4,50,10,100,2530703906,41,conj,glucose42,MT19937-RandomState,0.0005826950073242188,10010001100001000000001000000001000000001011000000010000000000001000000001110010000110001101010001010100101010100010010000010000001110000010100000011000100000010000000001000001011110010000001000100001000000010100100000001000000000010000101000011100100111000000000011100110000000000000010011110011000000111000000101000000000000100000110001000101100100100000000010000000000000010000010000110010000000000101010100001000011000100000000000000101100000001010010000101000010001001010010000000011000000001000,cc42682f0da630f3c7d64cab2baf99e64126c712a96145b795bfae54e6c0984e,row_sparsity,row_sparsity|conj|3ccb84496a|rng=MT19937-RandomState,,4,4,1,uniform,1;2;3;4,0.25;0.25;0.25;0.25,0.0007024407386779785,6.413832306861877e-05,0.0010490743443369865,0.0010229907929897308,0.006436178460717201,0.009281828999519348,0.0028386441990733147,22,905,1,6,SAT_unsat_identifiable,1,boolean_factorization,exclude_x,exclude_x,0,1028,3946,0,1,1,0,0,0,0,1,1,1,0,0,0.007111972197890282
4,50,10,100,2530703906,42,conj,glucose42,MT19937-RandomState,0.0005879784002900124,00001100001010100100000000010010010110000100000010001000000001010100000001000000001001001000000010000010000000010000000110001000000010101100010000101000100000000000101010001000000000001000000000010000000001000000010000000100100000100100000000001000100010010100100000000111101000000110000100000000001010010000011000000000001001000000011110000010011010000100001111000000110000011001000110100010100000110100010000010000000000011000000000000100000100000010100000001000001100110000000101001101000110000011,8cbde7c0caeb502df44c4427f9be0d02ac9a202e24b89a57d16728a3da504715,row_sparsity,row_sparsity|conj|3ccb84496a|rng=MT19937-RandomState,,4,4,1,uniform,1;2;3;4,0.25;0.25;0.25;0.25,0.0006319005042314529,5.310680717229843e-05,0.0006945021450519562,0.0009714523330330849,0.003646647557616234,0.0060033854097127914,0.0023509617894887924,13,952,1,6,SAT_unsat_identifiable,1,boolean_factorization,exclude_x,exclude_x,0,537,2199,0,1,1,0,0,0,0,1,1,1,0,0,0.006026258692145348
4,50,10,100,2530703906,43,conj,glucose42,MT19937-RandomState,0.0006077280268073082,00100000000100100001000000000101000100001010000010000001100000100000001010000000101100001000000000010001100011001000000000110000000010000010000000100001010000000000000110110011000000000100001000100000000001101010010100100101011000010100000010000000110000001001010100001100100110000000100000000000010000010000000010000001000000101101100001000000001000000001100000000101011100001000110001010000110001101000010010000101010000100000000010000010101010000101100010000100110010010010100000001010011000000000,bbf146a63a75796550cecbe38d25ef23c2daf05570502ccc841f9f6243c0082a,row_sparsity,row_sparsity|conj|3ccb84496a|rng=MT19937-RandomState,,4,4,1,uniform,1;2;3;4,0.25;0.25;0.25;0.25,0.00074024498462677,6.784871220588684e-05,0.0011396370828151703,0.0009937342256307602,0.008279774338006973,0.011227447539567947,0.0029414650052785873,24,939,1,6,SAT_unsat_identifiable,1,boolean_factorization,exclude_x,exclude_x,0,1106,4300,0,1,1,0,0,0,0,1,1,1,0,0,0.007432701997458935
4,50,10,100,2530703906,44,conj,glucose42,MT19937-RandomState,0.0005925716832280159,01101010000001100000010100011010000011000001000000101000100000110010000101100000010100100001101001001100101000001000110000000100001000000000110000001100011101000001100100000011010000010010001000011000010000000000010110000000100010100000000100100100010100000010100000001010100010000101001010001000100000000110110100010110000111100001000001101101010000000100001000100000000000100001000010000000100010000100100000010000010001010100010010010000110000100000100001000001100000000000101101000010110010100100,4796f6448c2d979450e714da84faff47e6fc89ba611a1d833b1f174499845368,row_sparsity,row_sparsity|conj|3ccb84496a|rng=MT19937-RandomState,,4,4,1,uniform,1;2;3;4,0.25;0.25;0.25;0.25,0.0008199252188205719,6.681960076093674e-05,0.00112112145870924,0.0009870883077383041,0.007752884179353714,0.01075455266982317,0.0029949545860290527,24,859,1,6,SAT_unsat_identifiable,1,boolean_factorization,exclude_x,exclude_x,0,1066,4256,0,1,1,0,0,0,0,1,1,1,0,0,0.007343195378780365
4,50,10,100,2530703906,45,conj,glucose42,MT19937-RandomState,0.0005877204239368439,10000000001011000000000101110010000000000000001000001010110000001001000000100101000100000000100000000101001010001010000111010100000001000101001010000100111001000000110101001000010000010001000001000110100010000000000011111000100110011010100000111000000001010000001001000001100000011001010001111001000000001100011001000001001000010110010010010001000100100000001000000100001100001100000100000001010000010000110000000100000000000010000001000010100101100011000100010000100011110010100000010001010000010101,2f5391d855aa623c6e2833604d9a36d52e35688fe8d527585698454d816f6880,row_sparsity,row_sparsity|conj|3ccb84496a|rng=MT19937-RandomState,,4,4,1,uniform,1;2;3;4,0.25;0.25;0.25;0.25,0.0008515939116477966,7.674377411603928e-05,0.001406349241733551,0.001009753905236721,0.011780289933085442,0.015130577608942986,0.003344440832734108,31,704,1,6,SAT_unsat_identifiable,1,boolean_factorization,exclude_x,exclude_x,0,1529,5704,0,1,1,0,0,0,0,1,1,1,0,0,0.007603260688483715
4,50,10,100,2530703906,46,conj,glucose42,MT19937-RandomState,0.0005843862891197205,00000001010000100000001001101000010101001000011100000100010000000010101000011010000000010000001110001010000000001000000010000000001000010001100000100001100000000100000101000000001110000100000100010000000100000000001001000000100010010110000111001000000000000010001010000100000000100000001010000100011000000001011000000001100001000000000100000000100100000010001000000000011000000000000001001000101000100000000100000010100000100000101000000000001000000000100100101000000000001000001000010010000100000001,4f747615843e43c57e10f1b673ae36f19c13129e9293acbadeac34b8dd756487,row_sparsity,row_sparsity|conj|3ccb84496a|rng=MT19937-RandomState,,4,4,1,uniform,1;2;3;4,0.25;0.25;0.25;0.25,0.000554179772734642,5.662534385919571e-05,0.0008145160973072052,0.000984368845820427,0.010324398055672646,0.012739834375679493,0.00240969005972147,16,946,1,6,SAT_unsat_identifiable,1,boolean_factorization,exclude_x,exclude_x,0,654,2730,0,1,1,0,0,0,0,1,1,1,0,0,0.006449350155889988
4,50,10,100,2530703906,47,conj,glucose42,MT19937-RandomState,0.0005880910903215408,00110000100010000001100000010100000010000000010000101001000000101001100000100000110000000100010010111100000110001000101110000110100000001000000100000000100100100100010001000000001000101000010101101000000010100001000101010100010000001001000010010110000000010010010000110000001001000010000011100000010000001001000000011100000010000100001000010100010001011001000101000010010000010011111001000000000000010000010000001000000000010000010000001000000000001001000000010110010000000001010110000000001100010100,f33c8d618eb6424837c467f3a73ec23f469c350d3a8c9bc01681dd856027c520,row_sparsity,row_sparsity|conj|3ccb84496a|rng=MT19937-RandomState,,4,4,1,uniform,1;2;3;4,0.25;0.25;0.25;0.25,0.0006704153493046761,5.937740206718445e-05,0.0008431682363152504,0.0009758016094565392,0.006652728654444218,0.009207361377775669,0.00254876259714365,17,888,1,6,SAT_unsat_identifiable,1,boolean_factorization,exclude_x,exclude_x,0,753,2973,0,1,1,0,0,0,0,1,1,1,0,0,0.006399946287274361
4,50,10,100,2530703906,48,conj,glucose42,MT19937-RandomState,0.0005894796922802925,01100100010001000000000001101000000100011100010001001110010001000100000100011010110000000000000100110000000100000001000000100000000100000100000010000001011000010000010000100100010000100010001101100000010011001000100000000001000000001001011000000100000010010011010100010001010001000010000000111000010000001000000001100010010010100010010010000001000000000101000010000000000000000100000001100110000001010001000110000000001001100001000111000100000000010000010011001000000000100010000100000110010100001110,ab5a4a9d291d0357eb13705cd19a1c75278781879dd9cf0f2021d86095ef3f29,row_sparsity,row_sparsity|conj|3ccb84496a|rng=MT19937-RandomState,,4,4,1,uniform,1;2;3;4,0.25;0.25;0.25;0.25,0.0006604688242077827,6.431061774492264e-05,0.0010083550587296486,0.0009784381836652756,0.006252272054553032,0.008972152136266232,0.0027115726843476295,21,810,1,6,SAT_unsat_identifiable,1,boolean_factorization,exclude_x,exclude_x,0,959,3736,0,1,1,0,0,0,0,1,1,1,0,0,0.007021315395832062
4,50,10,100,2530703906,49,conj,glucose42,MT19937-RandomState,0.0006078258156776428,00000001000000100000000000100010000010100001100001101010010010010001101101001000011000110000100000000000011101101010001000000000100100000000000100000111000000000100011001110000001001000000000001011001000000100110011100000100100011000000010010000110000001100000101000000000001000000100000000100010010000010000000000010000000011010101000011100110000110010001011000000000011001001000001010000010100010000001100000000100000001000001010100110001000100010000110000000110100010110000001000100000110010000100,fddae8d1610d2fee5ea68bb7176486a1097fc64b274d6d31f8f297fdc7a72e34,row_sparsity,row_sparsity|conj|3ccb84496a|rng=MT19937-RandomState,,4,4,1,uniform,1;2;3;4,0.25;0.25;0.25;0.25,0.0006435420364141464,6.005261093378067e-05,0.0008498011156916618,0.0010082116350531578,0.004446867853403091,0.0070148371160030365,0.0025616073980927467,17,978,1,6,SAT_unsat_identifiable,1,boolean_factorization,exclude_x,exclude_x,0,753,2973,0,1,1,0,0,0,0,1,1,1,0,0,0.006793507374823093
4,50,10,100,2530703906,50,conj,glucose42,MT19937-RandomState,0.0005805054679512978,01100000000000101100100000000000000100011010001100000010000100001000001100010001000010101000010010000000110110010000010000000000110010000000000100001000100110100000000010000100001000001000010110010010011000010000010110100000000001010101010000001011000000111001000000100010000000000000010010001000000110010100000001000010000001100000001010100111000000000000001000001100111110000100000000100101000000100001000000000001010000100000000000000100001001001000000100001000001100000100000000000010000001000000,b2f12b455b3acb0c11f8e578e9f01c953add6d154c1854d7440d54137b6287fb,row_sparsity,row_sparsity|conj|3ccb84496a|rng=MT19937-RandomState,,4,4,1,uniform,1;2;3;4,0.25;0.25;0.25;0.25,0.0005422802641987801,5.7211145758628845e-05,0.0006989398971199989,0.001005878672003746,0.0037994608283042908,0.00611087866127491,0.002304309979081154,13,968,1,6,SAT_unsat_identifiable,1,boolean_factorization,exclude_x,exclude_x,0,537,2199,0,1,1,0,0,0,0,1,1,1,0,0,0.006156252697110176
4,50,10,100,2530703906,51,conj,glucose42,MT19937-RandomState,0.00060223788022995,10001011000000100100011110000001010001010010000000100011001000100010000000001000000101000000101000001000000000001001000010000001001001100000001001001100000000010000000001000010000101000000010010100000001010000000010001000001000001101010000001010100001010100000001000000000011010100000101001011001010000100000011000000000100011000010001000001000100000010000000000001110101000100000000000010110000000000011101000001000000000101000100011001000100011100000000100000010101010000100000001011001000010000010,3408240f2437544821847dfd69f8ac00f1d14afa98f08738a363eda736522545,row_sparsity,row_sparsity|conj|3ccb84496a|rng=MT19937-RandomState,,4,4,1,uniform,1;2;3;4,0.25;0.25;0.25;0.25,0.0006668195128440857,6.60046935081482e-05,0.0009241271764039993,0.0009994059801101685,0.0065518589690327644,0.00921583455055952,0.0026563573628664017,19,796,1,6,SAT_unsat_identifiable,1,boolean_factorization,exclude_x,exclude_x,0,851,3349,0,1,1,0,0,0,0,1,1,1,0,0,0.006602567620575428
4,50,10,100,2530703906,52,conj,glucose42,MT19937-RandomState,0.0006050150841474533,11100000101001000000100110001010001100010001000110000011010101101001001001100010010100000010100000000000100110011000010000101100101000101001010000100000100000000100010000000100001000001000000101000001000111000001000110101000000000010001001000101001010000000010000100001100001000000001110000000000100001010000001011001000100011001000000000010010000000101100000010011001000010000001000100111000010001001001000000000100001000011000000000000101101100000100000111100010001001000110001100000100101000000100,50fa084671ed68fdb741a7aafc8b1e504fa5686cbbd87e833fcd304433b6a2a8,row_sparsity,row_sparsity|conj|3ccb84496a|rng=MT19937-RandomState,,4,4,1,uniform,1;2;3;4,0.25;0.25;0.25;0.25,0.0008054124191403389,6.81830570101738e-05,0.0010872036218643188,0.0010078446939587593,0.006979013793170452,0.009955931454896927,0.002968643791973591,23,866,1,6,SAT_unsat_identifiable,1,boolean_factorization,exclude_x,exclude_x,0,1047,4101,0,1,1,0,0,0,0,1,1,1,0,0,0.007287617772817612
4,50,10,100,2530703906,53,conj,glucose42,MT19937-RandomState,0.0006197718903422356,00000000100000011011000010100000001000000000011000110000000001011000010001000000000000001100100001000000000100001010000010100000001000000110000000010001001011001000000000100000001101000000000100000000000010110100010100111100000010100100010000010000100110100000001100001001001100000100010011001010110000000010100110000000000101010000000001000000100000101010000101010000110010100001000000111000000110101001100000100000001000100000001000010010101010000011000100000000001100001000000000001001000000100000,4e7f4a01d37169b73c4f7b55b25f291053262b7295c818a019b40900933ba379,row_sparsity,row_sparsity|conj|3ccb84496a|rng=MT19937-RandomState,,4,4,1,uniform,1;2;3;4,0.25;0.25;0.25;0.25,0.0007743099704384804,6.622541695833206e-05,0.0010154703631997108,0.0009936662390828133,0.00687931664288044,0.009737054817378521,0.0028496719896793365,21,782,1,6,SAT_unsat_identifiable,1,boolean_factorization,exclude_x,exclude_x,0,979,3758,0,1,1,0,0,0,0,1,1,1,0,0,0.006746021099388599
4,50,10,100,2530703906,54,conj,glucose42,MT19937-RandomState,0.0006114421412348747,00000010000010101100000001010100001101010001010000011000000011100000100000000001010000000000000001001000000001100000010010000000001000000000000110000101000000100001100101110110000000000000010111001000010000011110000000100010000101010010100111000110000000010110100000101110000000101101001000000000100000100001100000000001000010000010110010000101000100000010100100000010010000100000100101000010011010000000010001010010100000000100000000100101100000000000011000010010110100100000010000000001100100000011,ddeca0bce63a4d39a746a118952bb47422ce3b2750e7b62d903ef35a0ffb3b7b,row_sparsity,row_sparsity|conj|3ccb84496a|rng=MT19937-RandomState,,4,4,1,uniform,1;2;3;4,0.25;0.25;0.25;0.25,0.0006989184767007828,6.737839430570602e-05,0.0010870983824133873,0.001018831506371498,0.006913667544722557,0.009793765842914581,0.002872226759791374,23,785,1,6,SAT_unsat_identifiable,1,boolean_factorization,exclude_x,exclude_x,0,1107,4167,0,1,1,0,0,0,0,1,1,1,0,0,0.007004580460488796
4,50,10,100,2530703906,55,conj,glucose42,MT19937-RandomState,0.0006182659417390823,00000011001000000000101000010000001000000001001000000000010010000100110010100000000000100000000100110000011000010000000000000001101001010001011010000000010111001010000100100000000100011001000010100010000000000101000000001000001000010001000010010010100010000001000000010000010000000010100010010001000000000100110011000000001010100100001011011110010000100111000000010000110000100000000001000010010110001001000000000110100100100000000000011010000010100100000110110000000011000100000000000011011101000000,94a79d9a84249b4d5663fba0d9e46da36c1e7b9d51fc93f6972c18c79d2a12ef,row_sparsity,row_sparsity|conj|3ccb84496a|rng=MT19937-RandomState,,4,4,1,uniform,1;2;3;4,0.25;0.25;0.25;0.25,0.0006409790366888046,5.5303797125816345e-05,0.0007358510047197342,0.0009974921122193336,0.005949243903160095,0.008385679684579372,0.002429625950753689,14,958,1,6,SAT_unsat_identifiable,1,boolean_factorization,exclude_x,exclude_x,0,596,2398,0,1,1,0,0,0,0,1,1,1,0,0,0.006264183670282364
4,50,10,100,2530703906,56,conj,glucose42,MT19937-RandomState,0.0006036339327692986,01010000000000001000101000100010000010111001000011000001000100000100000000001000110100000101001000011100001001001000011100101110001001100100101000100010000000000000000010000001011010001000011010000110000000100000000100101100101000000110011000101000001010010010001101100000010110000100100110100010000100010101100010001100010010000101000010100000000010111010000000100000100101000110100000000000000001001001000001000101110000010000001110100000010001000000000011100001001001000010001000001000000000100000,425d7ad03b9e931f1addfa1adcf65352363af1415b386df801831824c0475cf4,row_sparsity,row_sparsity|conj|3ccb84496a|rng=MT19937-RandomState,,4,4,1,uniform,1;2;3;4,0.25;0.25;0.25;0.25,0.0007310286164283752,7.037818431854248e-05,0.0012189950793981552,0.0010036509484052658,0.006337392143905163,0.009369252249598503,0.0030240528285503387,26,847,1,6,SAT_unsat_identifiable,1,boolean_factorization,exclude_x,exclude_x,0,1254,4731,0,1,1,0,0,0,0,1,1,1,0,0,0.007717843167483807
4,50,10,100,2530703906,57,conj,glucose42,MT19937-RandomState,0.0006064372137188911,11000000110001101100000010000011100100000000000001000001101001100110000110100001000110001000101100000001000010000000001110101000010011010100010010001100000110000000000101000101100000001011010000000001000010000100000100110001000100010100000000001010000000010000000010100001000100000111010000000000100000000000100100000100100110001000101100000000010001000110000100100000001100000110000101001000000010010000011000010000001101010000001001011000000001000011000010010001000000010101001000100011001000000010,4af0b2390dfb071a9d8362b32b15eb0f14375c52e94b0f628dc4e1ae4f04b166,row_sparsity,row_sparsity|conj|3ccb84496a|rng=MT19937-RandomState,,4,4,1,uniform,1;2;3;4,0.25;0.25;0.25;0.25,0.0006734365597367287,6.463751196861267e-05,0.0009653829038143158,0.001002374105155468,0.005275366827845573,0.007988405413925648,0.002705831080675125,20,796,1,6,SAT_unsat_identifiable,1,boolean_factorization,exclude_x,exclude_x,0,930,3570,0,1,1,0,0,0,0,1,1,1,0,0,0.006739913485944271
4,50,10,100,2530703906,58,conj,glucose42,MT19937-RandomState,0.0006103208288550377,00001011000000010000000010000000000001001000110100010010000000000100010000001100000000011000010010100000000100100110100001000000011000000001001011010000010001001000101100000001000001100001000100001011110100000001110100000100101100000001101010101000001000010100010101100000010001100000011000010010000001000010110010000000000010000000000010100000001000010001000000011001000000110010000110101001000000001100001000000000101000010010000101000011000000111100000010000100100001000000111000011000001000110000,3187b6a3d4e4b85709c808353dd18d87e2b997ba6dfd2d3c2231a1974cdeb8e1,row_sparsity,row_sparsity|conj|3ccb84496a|rng=MT19937-RandomState,,4,4,1,uniform,1;2;3;4,0.25;0.25;0.25;0.25,0.0007442040368914604,6.954185664653778e-05,0.0011672889813780785,0.0009990697726607323,0.010401072911918163,0.013388535007834435,0.002980104647576809,25,817,1,6,SAT_unsat_identifiable,1,boolean_factorization,exclude_x,exclude_x,0,1175,4510,0,1,1,0,0,0,0,1,1,1,0,0,0.007401148788630962
4,50,10,100,2530703906,59,conj,glucose42,MT19937-RandomState,0.0006133308634161949,01110000000000100000011000001010010010000000011000010011000000000110110100100000000001000100110000100000000111001100100000100000000001101010000010010000010110101000110100000000101010001000000010000100011100000000100001110000000100000010100100011100100110000011000100110001001000000001000000010000000001000000000011010000010010010010000000010000101010001000001001000011000000100100001000010010010011000000001000000010000000000100101000100101100000100010010100010101001000001000000000010010110010110001,2a3325854030a9c588401e854ffd440137d2ace74b2ba867c0ca3183d7601c74,row_sparsity,row_sparsity|conj|3ccb84496a|rng=MT19937-RandomState,,4,4,1,uniform,1;2;3;4,0.25;0.25;0.25;0.25,0.0007430920377373695,6.554089486598969e-05,0.0010089417919516563,0.000996612012386322,0.0101847555488348,0.013007547706365585,0.0028141867369413376,21,844,1,6,SAT_unsat_identifiable,1,boolean_factorization,exclude_x,exclude_x,0,959,3736,0,1,1,0,0,0,0,1,1,1,0,0,0.007106549106538296
4,50,10,100,2530703906,60,conj,glucose42,MT19937-RandomState,0.000627174973487854,00000001001001010001000000001000110010100000100101100010100010000100010100000010101000000101011010000000001010000001011000011000010000010110010000010010010001001100100000010000000010000000000111000001001000011101010001000000000100101000000000100000100000000111010000000000101010100000000001000010110000101010010110000010000001000010001110001010010100001100100000001000000011000000010101000101010001000001100000000001100011000000011001100000000001000000010001000000100010101000101011001000010001000000,4cd41f2f47a0a9df67332c3855cb1ab3c0d66d7a7ec4a52801417db03f35633b,row_sparsity,row_sparsity|conj|3ccb84496a|rng=MT19937-RandomState,,4,4,1,uniform,1;2;3;4,0.25;0.25;0.25;0.25,0.0007651969790458679,7.040426135063171e-05,0.0008918521925806999,0.001021101139485836,0.005738120526075363,0.008494843728840351,0.0027485545724630356,18,922,1,6,SAT_unsat_identifiable,1,boolean_factorization,exclude_x,exclude_x,0,792,3150,0,1,1,0,0,0,0,1,1,1,0,0,0.00668716337531805
4,50,10,100,2530703906,61,conj,glucose42,MT19937-RandomState,0.0006140917539596558,01001000000001100000000111000000001100000011000100000000001100000001000010000000010000000100110100000011001000001000001100001101000000100101000000010000100010000000000010010000000000100010000001110000000100110001000000000011000101000100001010010100010000100110010000000001000000010110011000100001001111101000000000001000000100000010000000011001001010101010010001001000100010010000010110000000011011000001000011000000100000001000000101001000011100010010000000000100000000100101001000010000001000000010,27ef9d6cfdaa10dfbebaa296d29a07077d9dff66d33c01401d2df31635482dc8,row_sparsity,row_sparsity|conj|3ccb84496a|rng=MT19937-RandomState,,4,4,1,uniform,1;2;3;4,0.25;0.25;0.25;0.25,0.0006498880684375763,5.9573911130428314e-05,0.0008917320519685745,0.0010004360228776932,0.005785270594060421,0.008394518867135048,0.0026016300544142723,18,892,1,6,SAT_unsat_identifiable,1,boolean_factorization,exclude_x,exclude_x,0,812,3172,0,1,1,0,0,0,0,1,1,1,0,0,0.006694924086332321
4,50,10,100,2530703906,62,conj,glucose42,MT19937-RandomState,0.0006060432642698288,00001100000001110001100011100000001010000000010111101000100000011010000001010000100010100000000100010010101000010101000101110001001000000010100010110010100101000000000001010011000010010010100001100000000001010010001000000011100000000000001010100000100100110000000000001100100010000000111001000000010010000000010000010010001011010000001001011001001000001010000010100011000010000011100001001000011100100110011000000000010011000110001000010000011000000000000010001110000010110000001010000100100010110100,68029c06f4d427ed0df8dd40a53296084cdbccaf263ad956ef84616f6e95c978,row_sparsity,row_sparsity|conj|3ccb84496a|rng=MT19937-RandomState,,4,4,1,uniform,1;2;3;4,0.25;0.25;0.25;0.25,0.0009051971137523651,8.333008736371994e-05,0.0013744030147790909,0.0010007787495851517,0.007335398346185684,0.01070593111217022,0.0033637089654803276,30,791,1,6,SAT_unsat_identifiable,1,boolean_factorization,exclude_x,exclude_x,0,1400,5428,0,1,1,0,0,0,0,1,1,1,0,0,0.00783148966729641
4,50,10,100,2530703906,63,conj,glucose42,MT19937-RandomState,0.0006107352674007416,10100000110000100000010100000000100000101100000011000101100000001001101000000000010000100000100000100110110000010000000010100011000000110000000101011000100000101010001010110000000101100000000001000110010011000010100001000100000100000000100000011100010010100100001001000000100100000000000100000011000000000100110101000010001010010001000100101001010000100000010011100000001001011000101000100000011010101000110010100000010101010000001000000111000001000000000011010000000001000100000111000010000010100010,e6a0524aafde916672d514e32f2edae351211165f79b3ce70058270579a24230,row_sparsity,row_sparsity|conj|3ccb84496a|rng=MT19937-RandomState,,4,4,1,uniform,1;2;3;4,0.25;0.25;0.25;0.25,0.0008209105581045151,7.11735337972641e-05,0.001206008717417717,0.001006515696644783,0.006358535028994083,0.009471145458519459,0.003104608505964279,26,885,1,6,SAT_unsat_identifiable,1,boolean_factorization,exclude_x,exclude_x,0,1224,4698,0,1,1,0,0,0,0,1,1,1,0,0,0.007671607658267021
4,50,10,100,2530703906,64,conj,glucose42,MT19937-RandomState,0.0006113415583968163,01010001010011101000000010100000010100011000000000000000000110000010010010000000010110100001000010100011101000100100110000010000000001000000000101000100001001000100000101000000000100001000101001000010101000011001000010000101000100000011001101000000000011000110000000001010000001000001010100000000000100001001000100100000000010101101001100000001000010100000010000001000000010000000010011001000101100010100110100000100000011000011000010010001000100010100001101010010000010110110000000010100001010100000,6aa5f17c60058b8233a413fdf7447a4ab6e6480176c1bf1938da80801aab17b3,row_sparsity,row_sparsity|conj|3ccb84496a|rng=MT19937-RandomState,,4,4,1,uniform,1;2;3;4,0.25;0.25;0.25;0.25,0.0007406417280435562,6.715767085552216e-05,0.001086326315999031,0.0010132035240530968,0.006960087455809116,0.00987553596496582,0.002907329238951206,23,803,1,6,SAT_unsat_identifiable,1,boolean_factorization,exclude_x,exclude_x,0,1077,4134,0,1,1,0,0,0,0,1,1,1,0,0,0.006853831931948662
4,50,10,100,2530703906,65,conj,glucose42,MT19937-RandomState,0.0006004758179187775,11001000010001100100011000000000001110000010001000010000100010000100000101000001000000000100110000000001011000000010010000110010100000100000000000010011000000000001000000100001000001010000010110000000100000000000000110000110001000011001100001010001000000001110000000010000000010000010000000000100000000000000101010001000000000001100100001000001101100100000000000001100000000000100001000110001001000000000001010110010000100101000000111000000000000010010000100000010000000000000010000001001010001010100,1bb427c5742403c37e4a4975fefcda887647f112dba4aa1297ccdd8d38bae191,row_sparsity,row_sparsity|conj|3ccb84496a|rng=MT19937-RandomState,,4,4,1,uniform,1;2;3;4,0.25;0.25;0.25;0.25,0.0005901502445340157,5.976203829050064e-05,0.0008970331400632858,0.0009932415559887886,0.010976102203130722,0.013522574678063393,0.0025401869788765907,18,966,1,6,SAT_unsat_identifiable,1,boolean_factorization,exclude_x,exclude_x,0,752,3106,0,1,1,0,0,0,0,1,1,1,0,0,0.006817173212766647
4,50,10,100,2530703906,66,conj,glucose42,MT19937-RandomState,0.0005994671955704689,10000011011010011000110000100000000111100000001000000001001001000000011000010110001000000010010100100000010000000001000000011010010001000000000000101000010000000010000001000000010000100000000000100000000010000000000100100001000000001000000010001100101100010010101010100010000001110011000010010011000010101001000010011001001000000010001000000000101010010000000001001010001000100001010000000000000000011011001000100000010000011100010000100000100000010000100010000010101010000001110000001000100110000001,e26728e4964e053db688935a8c0ee0784bff280872672c0a65b114f24f795cee,row_sparsity,row_sparsity|conj|3ccb84496a|rng=MT19937-RandomState,,4,4,1,uniform,1;2;3;4,0.25;0.25;0.25;0.25,0.0006573759019374847,6.433110684156418e-05,0.0009691156446933746,0.0009939763695001602,0.005817219614982605,0.008509713225066662,0.0026847990229725838,20,924,1,6,SAT_unsat_identifiable,1,boolean_factorization,exclude_x,exclude_x,0,920,3559,0,1,1,0,0,0,0,1,1,1,0,0,0.007126748561859131
4,50,10,100,2530703906,67,conj,glucose42,MT19937-RandomState,0.0006159301847219467,10000110010010100000001000000000000010000000100000001000100000100001001000101100010010101000101010001000010100000110000010010000110011000011100000000000110000000000100000000011000000000001110100000000000110000101000101101000010100000100001010000110100000001001000010010001001100000000000010010001101000100010000000000001000000001000000010000000101000001010100001100001100000100000001001100111000000000001000000001011010010000000000000000100010100101000010000011000001010010001000000000000100000001001,517e1fecff7f0f5121445e3ba2e25ea5b5ddb82221e6868c2b2604d16eeb923e,row_sparsity,row_sparsity|conj|3ccb84496a|rng=MT19937-RandomState,,4,4,1,uniform,1;2;3;4,0.25;0.25;0.25;0.25,0.0005877893418073654,5.854479968547821e-05,0.0007725153118371964,0.0010130507871508598,0.00432108249515295,0.006759732961654663,0.0024319002404809,15,948,1,6,SAT_unsat_identifiable,1,boolean_factorization,exclude_x,exclude_x,0,665,2608,0,1,1,0,0,0,0,1,1,1,0,0,0.006399821490049362
4,50,10,100,2530703906,68,conj,glucose42,MT19937-RandomState,0.0006033061072230339,01000011000100000001110001000100100000000001000001001101010001000010011010000100100001010100000010000000000110000000011000010100000001000010000000101111010001000000000100011000001000000001001001001010010010010110000110000000100001000010010110010001100110000001100111000010000100000100001000001010000000000000100001110001000100000000000100010001001110000000000101010000000000000110000001000000110000110010000000001110010010000010000000000011000001000100000001000100100100100000000010011000001001100000,3a8376dee1d2f710237914de2e5fc17674aaaac78bba34de82e227333c7f73aa,row_sparsity,row_sparsity|conj|3ccb84496a|rng=MT19937-RandomState,,4,4,1,uniform,1;2;3;4,0.25;0.25;0.25;0.25,0.0006471183151006699,5.9495680034160614e-05,0.000805361196398735,0.0010045384988188744,0.004131285473704338,0.006654676049947739,0.00251651369035244,16,924,1,6,SAT_unsat_identifiable,1,boolean_factorization,exclude_x,exclude_x,0,674,2752,0,1,1,0,0,0,0,1,1,1,0,0,0.006427465938031673
4,50,10,100,2530703906,69,conj,glucose42,MT19937-RandomState,0.0005980255082249641,10101100000000000001100000100001000000000000000010000011100011100000000000010000100000011000000000111000010100001000000100000001001000100011000100000000000000100010000010010010001100000000011000100000000000011000110001011000000000000100000000001101100000100010000010000000101101000001010101010100100010000101000001000110000000100010000010100001100000000011010001000001100010000100000100001100100100000000110000101100000000000010101000000000010000010000010101100000100000011000101000010101000000100000,f5c2f953fec10686c318d1ad76a6f7b4a00bf3ceee9326ffeb7050e8221dcafd,row_sparsity,row_sparsity|conj|3ccb84496a|rng=MT19937-RandomState,,4,4,1,uniform,1;2;3;4,0.25;0.25;0.25;0.25,0.000620577484369278,5.783792585134506e-05,0.0007637599483132362,0.0009870966896414757,0.003964835777878761,0.006399596109986305,0.002429272048175335,15,1004,1,6,SAT_unsat_identifiable,1,boolean_factorization,exclude_x,exclude_x,0,615,2553,0,1,1,0,0,0,0,1,1,1,0,0,0.006491684354841709
4,50,10,100,2530703906,70,conj,glucose42,MT19937-RandomState,0.0005852486938238144,01001001011010000101010010100110100010001000000000010010101011000110001010100010001110000000010000001000000010001001000000110100000100001001110000010010001010001001101000100000000000011000001000000000100000101101010100100000010010101000000000001010010000100000100001000000011001010000001000010001110001001100100010000000010000010100010010011000101010100000000000001010010100010000000101100101000011100111010000000000001001010000001100101000000001101010000000000001011001100011000001000000000100000001,4bb01d768c5f1b38279056235ffc235f539346daa9fa190082e010fec30bdf40,row_sparsity,row_sparsity|conj|3ccb84496a|rng=MT19937-RandomState,,4,4,1,uniform,1;2;3;4,0.25;0.25;0.25;0.25,0.0008094320073723793,6.902497261762619e-05,0.0010618865489959717,0.0010208124294877052,0.006283613853156567,0.009252152405679226,0.0029611559584736824,22,698,1,6,SAT_unsat_identifiable,1,boolean_factorization,exclude_x,exclude_x,0,1048,3968,0,1,1,0,0,0,0,1,1,1,0,0,0.006678405217826366
4,50,10,100,2530703906,71,conj,glucose42,MT19937-RandomState,0.0006144922226667404,00010000000000110010100011000001010000000100000101100011000000100100001000000000001001101000010100010011010100101000010000101001010000100000000110010010100000001000001000000010000000000001000000000010001000011100001000001101000000000101000010000100110100000001000100001100101100001000100000000000000100000100000000100010001010100000100000001000011100000010100011001001000100010001001010101011001001000000101010001000011100010100111001101000110100001011000010010000001000001000110001000000010001000000,0d64e7d741772508b06727ee2280f8a76b9f01a1075be429721474d48ec151c8,row_sparsity,row_sparsity|conj|3ccb84496a|rng=MT19937-RandomState,,4,4,1,uniform,1;2;3;4,0.25;0.25;0.25;0.25,0.0006054267287254333,6.28400593996048e-05,0.0006534038111567497,0.001012805849313736,0.0033587608486413956,0.0056989360600709915,0.002334476448595524,12,912,1,6,SAT_unsat_identifiable,1,boolean_factorization,exclude_x,exclude_x,0,498,2022,0,1,1,0,0,0,0,1,1,1,0,0,0.005893944762647152
4,50,10,100,2530703906,72,conj,glucose42,MT19937-RandomState,0.0006046993657946587,00101011001100001010000010000001100000010100000110000000100001010001000100001000000011001001110001000101000000100110000001000000000000000010000001000110000001100001100100100001010100100000100010000000001001000010000010010000001000001110100000011110000100001000000000010000001001001000010110100110100000000000010100001001001000000001100000101001000000001010000001000100010110000001000010011110000000000000011001001000100000001101000000001010010101001000100000000011100010000010000011001000010000001011,13eb125fdb01d1296f76e14a3e12a060d7a34d49d3ddbd90709b55afa7fbc636,row_sparsity,row_sparsity|conj|3ccb84496a|rng=MT19937-RandomState,,4,4,1,uniform,1;2;3;4,0.25;0.25;0.25;0.25,0.0007483065128326416,6.478652358055115e-05,0.0009683230891823769,0.0010096514597535133,0.005807698704302311,0.008605929091572762,0.002791067585349083,20,891,1,6,SAT_unsat_identifiable,1,boolean_factorization,exclude_x,exclude_x,0,930,3570,0,1,1,0,0,0,0,1,1,1,0,0,0.006804799661040306
4,50,10,100,2530703906,73,conj,glucose42,MT19937-RandomState,0.0005953386425971985,00010011101100000000010010000110001000100000010001000110000010000000000010000000000000000100000100001011010000001000010001000001100000000111100000101001000110001000000000000001000100000000110101100000000010100000010000010001011100000001110001010000000001110000001000000000101000000000010111000110001110000010000001101100110000000000011000000101000101100101010010000000000110000000100000000010000000001000010000110100000100000100000011000010000110010100010000000100110000000010001100010000000010011010,271c7dbfa17362f28b7b1b3c618d12eba32c7647be5fc982fd8b159144b0602f,row_sparsity,row_sparsity|conj|3ccb84496a|rng=MT19937-RandomState,,4,4,1,uniform,1;2;3;4,0.25;0.25;0.25;0.25,0.0007613245397806168,7.56019726395607e-05,0.0013728262856602669,0.0010040802881121635,0.007358986884355545,0.01058067288249731,0.003213833086192608,30,801,1,6,SAT_unsat_identifiable,1,boolean_factorization,exclude_x,exclude_x,0,1440,5472,0,1,1,0,0,0,0,1,1,1,0,0,0.0077903661876916885
4,50,10,100,2530703906,74,conj,glucose42,MT19937-RandomState,0.0006132591515779495,00110010000010000111000000000100100010000000010000000000001001001001100010001101100100010000000010011000001000001100000000011001101001101000111000000101010000001001010000000000100011110000000101000100000000100000101001001101000010000000010010011001000011001010011001000010000000000110100001001010010110000000100100000001010001000001000000100100000000000000001010101000000110000100000101010001001000110101001000100001000111001100000100000001010000000000001000000001100010001000000000000000010101000000,d803df28c230741ae6dbd8790c83c20a215683e56a123bd3f22446a6bd07c820,row_sparsity,row_sparsity|conj|3ccb84496a|rng=MT19937-RandomState,,4,4,1,uniform,1;2;3;4,0.25;0.25;0.25;0.25,0.0006863540038466454,6.009172648191452e-05,0.0008113933727145195,0.0010057799518108368,0.004289302043616772,0.00685944315046072,0.002563619054853916,16,978,1,6,SAT_unsat_identifiable,1,boolean_factorization,exclude_x,exclude_x,0,694,2774,0,1,1,0,0,0,0,1,1,1,0,0,0.006603210233151913
4,50,10,100,2530703906,75,conj,glucose42,MT19937-RandomState,0.0005964664742350578,00011010000000100001000100000111001000100001101100000001000001000000000000000101001010100000100000001010001010000100010000000001100010000000011000000000101101001010010010000101001100001000010000000011011001100000001000000001000000100010000001100100000001000001000101100110000001000011000000010000001100010000000001010000011000001100000100100101000010100000000000001000100011000000011001100001010000000000010000001100010100100000000100100001000001100010100100000100001110010000010011100000011000000000,5617fe1bf0c2dc21ce19bb3ab11fa472dc438122b921101588e390d8c2d21034,row_sparsity,row_sparsity|conj|3ccb84496a|rng=MT19937-RandomState,,4,4,1,uniform,1;2;3;4,0.25;0.25;0.25;0.25,0.0007665064185857773,6.655696779489517e-05,0.0011452175676822662,0.0010035978630185127,0.007924663834273815,0.010913379490375519,0.0029818788170814514,24,852,1,6,SAT_unsat_identifiable,1,boolean_factorization,exclude_x,exclude_x,0,1086,4278,0,1,1,0,0,0,0,1,1,1,0,0,0.007245038636028767
4,50,10,100,2530703906,76,conj,glucose42,MT19937-RandomState,0.0006131064146757126,00011011000100010010001000010000000001011100000010000000000100000100000010001110000010000000010000100010001000010001000000000010001010100000000100000000000010010000000001010100000000101000001001000000100101001010001000000000001000110110000010010000100100000010010110010001001000000000100000011000110000011000000000000011110001010000000000110100010000010011010010110010000100011010000101001001000000000001000001100001001100011001000100011001001001000000000000100000100010011010010000011000110000000100,14f8ce5d81bb400fff3f279ed510b2ae0e973f40d7f06bfc64379d9e07d0d837,row_sparsity,row_sparsity|conj|3ccb84496a|rng=MT19937-RandomState,,4,4,1,uniform,1;2;3;4,0.25;0.25;0.25;0.25,0.0006731376051902771,6.0391612350940704e-05,0.000852532684803009,0.0009945398196578026,0.00465240515768528,0.007243786007165909,0.0025806017220020294,17,918,1,6,SAT_unsat_identifiable,1,boolean_factorization,exclude_x,exclude_x,0,733,2951,0,1,1,0,0,0,0,1,1,1,0,0,0.0065902043133974075
4,50,10,100,2530703906,77,conj,glucose42,MT19937-RandomState,0.0006132489070296288,10000011000000101110001000100001010000000100000000000001010110000000000001001000001010001100100100110000100000100001000000001001000101000000010010100100000000010000001100000000000101010000100010000101000010000000010011100001000101000110010100000010001000000000000001010000001010010010001110011010000100000010000000000001000100011100010010000100000000001111000010010000001011100000010100001000001010011001000100010000000000010000100010000000100000010001001010000000000100101001010010000000101011010000,828dd6b03e7674ec4b3075cc9110986c0acd4989156c96c56f9bbab9039272dc,row_sparsity,row_sparsity|conj|3ccb84496a|rng=MT19937-RandomState,,4,4,1,uniform,1;2;3;4,0.25;0.25;0.25;0.25,0.0006463462486863136,6.259512156248093e-05,0.0009686499834060669,0.0010025696828961372,0.005507496185600758,0.008194919675588608,0.0026801610365509987,20,847,1,6,SAT_unsat_identifiable,1,boolean_factorization,exclude_x,exclude_x,0,920,3559,0,1,1,0,0,0,0,1,1,1,0,0,0.006719845347106457
4,50,10,100,2530703906,78,conj,glucose42,MT19937-RandomState,0.0006006667390465736,00000001100101000011000101001100000000010001000000010000000000000100010001000010010110000110001000001010000001000000000111100000001000000010000000001000011000010010000000000000010000000000011110100000010000000000110011001000001000000000011001000000001000001011000011100111000000010100000000001010010100010000010011011000000100000001000000000000000101000100010000100000000110001001000100010001110000000001011000010000001101001100000010111000000001000010000100000011001100000001000001100000100000000010,36798a2334c9af89173106f9109f3f8e7573509224cf7e8af3f9a875a244e5a3,row_sparsity,row_sparsity|conj|3ccb84496a|rng=MT19937-RandomState,,4,4,1,uniform,1;2;3;4,0.25;0.25;0.25;0.25,0.0006067315116524696,6.514973938465118e-05,0.00101504847407341,0.0010062651708722115,0.005637056194245815,0.008337714709341526,0.0026931948959827423,22,796,1,6,SAT_unsat_identifiable,1,boolean_factorization,exclude_x,exclude_x,0,1048,3968,0,1,1,0,0,0,0,1,1,1,0,0,0.006896117702126503
4,50,10,100,2530703906,79,conj,glucose42,MT19937-RandomState,0.0005956366658210754,10001001010011000010000000000100010000111000010001000000100110001000000001000110000000100000000101000001010100100110000100100000000000000001000001100011000010100010000000000000100010001001010000100101100000000000000010000001100000000010000010000000011111000000100010000110011001000010001101000100000000011100010000001001010000010001001000010010010010000100010000001000000000001110000010000000111000010000001000001000010000000100000010100000000100001010000100010000010010001010010011010000000100010101,1f9eb4ecafef495b717d1a77daa14b67575859304d56133386371be20288d8c8,row_sparsity,row_sparsity|conj|3ccb84496a|rng=MT19937-RandomState,,4,4,1,uniform,1;2;3;4,0.25;0.25;0.25;0.25,0.0006570462137460709,5.973782390356064e-05,0.0008804472163319588,0.0009757513180375099,0.007972223684191704,0.010552380234003067,0.0025729825720191,18,810,1,6,SAT_unsat_identifiable,1,boolean_factorization,exclude_x,exclude_x,0,792,3150,0,1,1,0,0,0,0,1,1,1,0,0,0.006505745463073254
4,50,10,100,2530703906,80,conj,glucose42,MT19937-RandomState,0.0006137294694781303,00100000100001000101010010100110000100000110100100000010001000001001010000100000000001110110100100000110001000101001010000000001100000100000000000001100000000010000101011010110000100100011010100101010000000000100001100000010100110000001001001000010000001000100000000001001100000110100101000100000000000000010001000100000010000000101001010000010000000000001101001011000001001110000000010000000011010100100100010000010000100101100100010010010101000101010000000010000100000000010111011000000101110010000,e35846197a985b6519170d143daa1c44333d014d3f396ce5f394d74431d3c05d,row_sparsity,row_sparsity|conj|3ccb84496a|rng=MT19937-RandomState,,4,4,1,uniform,1;2;3;4,0.25;0.25;0.25;0.25,0.0008049327880144119,7.816776633262634e-05,0.001130436547100544,0.0010014669969677925,0.007713832892477512,0.010736746713519096,0.0030150040984153748,24,735,1,6,SAT_unsat_identifiable,1,boolean_factorization,exclude_x,exclude_x,0,1156,4355,0,1,1,0,0,0,0,1,1,1,0,0,0.00699120108038187
4,50,10,100,2530703906,81,conj,glucose42,MT19937-RandomState,0.0006171371787786484,00100010001000100010000110010000000011010000101000000100100001010001100000111100110001000100000111010000000100100101000000111001000000000001000010000000001110000000001010000000010110001110001000110001000001000001000000000110000000111001000000010100001100000000100000001001001001000100000111000011110000101000100000001010001001000100100000000010000010010000010000101100000001010110000000000100010010010011110000000000100110000000010100000100100000000011000010010000100000000010000000000011000101110000,4ba945762e734f6d8ef40eeeba50e166d4de1d0679e36fb5acb2df5081048b45,row_sparsity,row_sparsity|conj|3ccb84496a|rng=MT19937-RandomState,,4,4,1,uniform,1;2;3;4,0.25;0.25;0.25;0.25,0.0007672915235161781,6.368570029735565e-05,0.0009682765230536461,0.0009978944435715675,0.0061154719442129135,0.008920200169086456,0.0027971481904387474,20,890,1,6,SAT_unsat_identifiable,1,boolean_factorization,exclude_x,exclude_x,0,880,3515,0,1,1,0,0,0,0,1,1,1,0,0,0.006678164005279541
4,50,10,100,2530703906,82,conj,glucose42,MT19937-RandomState,0.0005979388952255249,10000000100001001011110000011010000001000000000010000001111000011000010100000011000011001110010000001001100010000001011110000000110010000000010100110010000010000000001110000000010000000000100001101001000001000000001000000000000001010000011000010100100001110000000101100100000010000000001000000000000100000001000010000000100000000110000000001000000010100000000001000000100110000000000101010110000001111010100010000011010100010000100000010101000000001000100101101000000011000001000010110000001100000000,6998101f10dc8a83062271ffe5f568044065fdc60d4f0dbf135b7fa8e1e14dbe,row_sparsity,row_sparsity|conj|3ccb84496a|rng=MT19937-RandomState,,4,4,1,uniform,1;2;3;4,0.25;0.25;0.25;0.25,0.0006426414474844933,6.205588579177856e-05,0.0008815592154860497,0.0009929211810231209,0.004897286184132099,0.007483253255486488,0.0025791777297854424,18,921,1,6,SAT_unsat_identifiable,1,boolean_factorization,exclude_x,exclude_x,0,802,3161,0,1,1,0,0,0,0,1,1,1,0,0,0.006605722941458225
4,50,10,100,2530703906,83,conj,glucose42,MT19937-RandomState,0.0006044311448931694,10001000000000000001010000000000000010000000010000000100001100000000100001000000001111000000000010001001000100000100111001000100000000010000110001100000000001001000010110000000000100100000001000000000001000100100000100010000100001010100101001000110010001000000010000010000010011000010000000011000010010100110000000001010000011000001011000000000011000000000000101000011101010010100000000100000000010000101000010000000010100100101010100000111000000101100101000000010010101110100100000100010000010000000,26ba31e1bb926f3406b5381e6a607b90b5aeda6c15ab65332266a643c90efe41,row_sparsity,row_sparsity|conj|3ccb84496a|rng=MT19937-RandomState,,4,4,1,uniform,1;2;3;4,0.25;0.25;0.25;0.25,0.0005985451862215996,5.578529089689255e-05,0.0007203919813036919,0.0009932555258274078,0.0036865202710032463,0.006060853600502014,0.002367977984249592,14,1000,1,6,SAT_unsat_identifiable,1,boolean_factorization,exclude_x,exclude_x,0,566,2365,0,1,1,0,0,0,0,1,1,1,0,0,0.006221193820238113
4,50,10,100,2530703906,84,conj,glucose42,MT19937-RandomState,0.0005964292213320732,00001000101001110000001011000010000000000110010100010000000100000000100000001100100101100000000100000001001000000010000000101100000100000100010100001000011110000011001010001000100100001000000000000100101001100000000101001010000010001000001000010110000000000111100010000000010100000001100101000000010000000011111001000100000001011001010000001000001100000000111111000100001011100000001000000010001010000010000000110000000000101010010100010000000010011000001010000010000000000100000000001000001100000001,880da219514dee3be977e6f62a46f43be604ef18e92d11e10ca8ed4b3718f3c0,row_sparsity,row_sparsity|conj|3ccb84496a|rng=MT19937-RandomState,,4,4,1,uniform,1;2;3;4,0.25;0.25;0.25;0.25,0.000705469399690628,6.069988012313843e-05,0.0009223734959959984,0.0010084202513098717,0.005193684250116348,0.007897565141320229,0.0026969630271196365,19,844,1,6,SAT_unsat_identifiable,1,boolean_factorization,exclude_x,exclude_x,0,831,3327,0,1,1,0,0,0,0,1,1,1,0,0,0.006602078676223755
4,50,10,100,2530703906,85,conj,glucose42,MT19937-RandomState,0.0006012590602040291,10000001000000101010000101001011001010000100000101001010010000000100011000000010100100100001010010000000100000010010010110001001011010100000000001100000000000010111000000001110010001100010100110100000000101010100100001000000000011100000000001000000010000010011000000010001110001000000001010000001000000100010100000000100001100001100100001000000000010110000000000010100110110000010100001000010001000000000001001100000001011000100100001000100000000001101001000001110100000110100000010100100011000100001,df98cda439b0a22469e36642cae9ca45d061d6cf6a0760068cc7d1b1504f1519,row_sparsity,row_sparsity|conj|3ccb84496a|rng=MT19937-RandomState,,4,4,1,uniform,1;2;3;4,0.25;0.25;0.25;0.25,0.0008259555324912071,6.964802742004395e-05,0.0012121954932808876,0.0010123057290911674,0.015328200533986092,0.018456315621733665,0.003120104782283306,26,844,1,6,SAT_unsat_identifiable,1,boolean_factorization,exclude_x,exclude_x,0,1204,4676,0,1,1,0,0,0,0,1,1,1,0,0,0.007602158933877945
4,50,10,100,2530703906,86,conj,glucose42,MT19937-RandomState,0.0006022099405527115,10000001010001100110100010110000000000010000100010110000001100001001011010000100000000100001001001010011000000000100000000100010000000000010000001100000000001000000011100000010000000000000010110000110001100100100100010000000000100100011001001000011000100000000001110100011011000001000000001100000000011000000011100000000010000000011010000011000000100010000000000001000001000100001001000100000001010000000000101100000001000110000000100000000011000110000001010100001100000010001000001000010000100000010,73f9ebb3b401d70a295ec2aeede2cb626a178d1983c6e85e765edbff3b14ea7e,row_sparsity,row_sparsity|conj|3ccb84496a|rng=MT19937-RandomState,,4,4,1,uniform,1;2;3;4,0.25;0.25;0.25;0.25,0.0006106039509177208,5.773548036813736e-05,0.0007715383544564247,0.0010032625868916512,0.003971724770963192,0.006421657279133797,0.002443140372633934,15,846,1,6,SAT_unsat_identifiable,1,boolean_factorization,exclude_x,exclude_x,0,655,2597,0,1,1,0,0,0,0,1,1,1,0,0,0.006110736168920994
4,50,10,100,2530703906,87,conj,glucose42,MT19937-RandomState,0.0006001405417919159,00011001010001010000010100010001001100011100001000000000110000110000000000000100100010000100001000001001100100010110010010000101010000000001000010000100100001011101010000100000000000000001111000000100100100000000010000000011011000000001000001000100000000001000001010010000100000000001000100010001000001001100100100000000000001000101100100100010100101110000000010010001001010000001000000101000000000011000000100100000000000100000001100001000000100001010000001001001010010000100000000010000000001110001,7eac432f8c0a68badfa2ad1897160f60a69fcbd80666f0b0534ffdabacb1891a,row_sparsity,row_sparsity|conj|3ccb84496a|rng=MT19937-RandomState,,4,4,1,uniform,1;2;3;4,0.25;0.25;0.25;0.25,0.0006387624889612198,5.509704351425171e-05,0.0007232939824461937,0.0009980536997318268,0.005234012380242348,0.00765660684555769,0.002415207214653492,14,946,1,6,SAT_unsat_identifiable,1,boolean_factorization,exclude_x,exclude_x,0,606,2409,0,1,1,0,0,0,0,1,1,1,0,0,0.006192691624164581
4,50,10,100,2530703906,88,conj,glucose42,MT19937-RandomState,0.0006151990965008736,10000000001010000010000001010101100000000000001000101000110001101001001000001000001010110011000001100000010000000010000011001100000100010000011000000000001100110101000100000001000000100000000100010100011100100010100011001010010000110010000100010101010100101001000110000010000001000000100000001000001100100000100010001010100001011000000100011000010000001010001110000001110001010000010101100011000100001000100011000100001000010010000001000000000111000110000101000000000001000000110010100010011000000100,02a268fdad44007bb5b6dd6a0c4502d431919da87b362e8fb4dc1342284aead1,row_sparsity,row_sparsity|conj|3ccb84496a|rng=MT19937-RandomState,,4,4,1,uniform,1;2;3;4,0.25;0.25;0.25;0.25,0.0007966337725520134,6.846711039543152e-05,0.001132424920797348,0.0009953686967492104,0.009754986502230167,0.012755345553159714,0.0029928945004940033,24,842,1,6,SAT_unsat_identifiable,1,boolean_factorization,exclude_x,exclude_x,0,1156,4355,0,1,1,0,0,0,0,1,1,1,0,0,0.007363614626228809
4,50,10,100,2530703906,89,conj,glucose42,MT19937-RandomState,0.0006134295836091042,10100001010010100010100000110000010110100010000010001000000000110000000010100000100000000100010110100100010001100001001111000000100000010100000100010000000101000000001011000001000000010100001011010000000001101001000000110011000001100011000010100000011000010000100000100110010110000000000101110000010100001000000010010000100011010000000000010100010101000010101100100000010111001000101000101000101000000010010100001110000101010100100100010101000100000011010000100001011001000101000100011001000100001010,4c88287094c0ea05a08640000d285605d86e4664c07294ef1901b5f23204e909,row_sparsity,row_sparsity|conj|3ccb84496a|rng=MT19937-RandomState,,4,4,1,uniform,1;2;3;4,0.25;0.25;0.25;0.25,0.0008229613304138184,7.334072142839432e-05,0.0012189019471406937,0.0009961631149053574,0.010609790682792664,0.01372996810823679,0.0031113671138882637,26,650,1,6,SAT_unsat_identifiable,1,boolean_factorization,exclude_x,exclude_x,0,1284,4764,0,1,1,0,0,0,0,1,1,1,0,0,0.007073959335684776
4,50,10,100,2530703906,90,conj,glucose42,MT19937-RandomState,0.0006063720211386681,10010000100000010010001100010010000000100000001000000001100010100001000000000001010100101000110010000000000010010100000000000000010001010000010010010010000100001010000010010000100000100011010101001000000010000010000000111000000010010100010100000001000010000010000010000110000000000000001110110000000011001001001000000000001010000010000010000001000100100100001100000001000010010101010000101100010000000000000001000011001000100000000000000100000010100000000000010001110001000000100010000000001011000100,1a3c21729ce3d263c8ea3501a0320982166416ed8ff92aebf387904692a802a2,row_sparsity,row_sparsity|conj|3ccb84496a|rng=MT19937-RandomState,,4,4,1,uniform,1;2;3;4,0.25;0.25;0.25;0.25,0.0006674909964203835,6.676651537418365e-05,0.0008503412827849388,0.0010055648162961006,0.004860236309468746,0.007458108477294445,0.0025901636108756065,17,959,1,6,SAT_unsat_identifiable,1,boolean_factorization,exclude_x,exclude_x,0,713,2929,0,1,1,0,0,0,0,1,1,1,0,0,0.006641941145062447
4,50,10,100,2530703906,91,conj,glucose42,MT19937-RandomState,0.0006056949496269226,00000001010000010001000000011000000100001000100000100010000010000000001001100000101001010000000101110010010100000000001000010010000001000111110000001100000010000000010100001000100010011000010000000010000001010000001010011001000101110000010100000000010101101000111010000001000100001011000010001000101110110001000011000010001001001001001000110000000100010000000000000100000010100000100000010000000001001010000000100100000000100000011100000001011000000000101100000010000000100000000010000000000100001110,6d87350237803a959dc6943bdb64bdcc91d9d3295cbc3bef091e5bba16421f72,row_sparsity,row_sparsity|conj|3ccb84496a|rng=MT19937-RandomState,,4,4,1,uniform,1;2;3;4,0.25;0.25;0.25;0.25,0.0006880853325128555,6.0908496379852295e-05,0.0008484544232487679,0.0009974492713809013,0.004402251914143562,0.007005160674452782,0.002594897523522377,17,882,1,6,SAT_unsat_identifiable,1,boolean_factorization,exclude_x,exclude_x,0,763,2984,0,1,1,0,0,0,0,1,1,1,0,0,0.006523783318698406
4,50,10,100,2530703906,92,conj,glucose42,MT19937-RandomState,0.0005972329527139664,00010100000000000100100010001110100000110010000000000000000100000110110001100000010000010000110000000100011001000000010011000010001001010100100000100010100000010001000000100010100000100000010001000000000010011010000010000010001000110100000110000000000110010100000110000000000000010001100100011000001001001000000011000000011100100010100100000100000010001100110010100011000000010011100000010001000100001000001100000100000010010100100100010000100000011101111000001000000000010101100000001100100100101010,1ac0a562863ca21f82a92515f826925f6044bc09d15c0a6739a1858e10716fc0,row_sparsity,row_sparsity|conj|3ccb84496a|rng=MT19937-RandomState,,4,4,1,uniform,1;2;3;4,0.25;0.25;0.25;0.25,0.0007893750444054604,7.649511098861694e-05,0.0013394197449088097,0.0010030949488282204,0.00863183569163084,0.01184737216681242,0.0032083848491311073,29,774,1,6,SAT_unsat_identifiable,1,boolean_factorization,exclude_x,exclude_x,0,1441,5339,0,1,1,0,0,0,0,1,1,1,0,0,0.007819663733243942
4,50,10,100,2530703906,93,conj,glucose42,MT19937-RandomState,0.0006150221452116966,10000010001100010100000010100110000001101110000100010000110000001011000100010011010010010101000000000000100000001100100000011000100101010100100000000001001000110000000011000100111001010010000000000100000000100000100110000000001000001110100011000010100100000100001000011100000100000110000000101011000001100000000000010111000100000010001000000101010000000000101000011000001000110000011000011001000010000100000000001000000000000111010100000110001000111000001011000111000000101001000000000000100000100110,71f893caa827ecee52d2366e61c17c002c7d247bf0331d5b10a13ca2c9ab4bb9,row_sparsity,row_sparsity|conj|3ccb84496a|rng=MT19937-RandomState,,4,4,1,uniform,1;2;3;4,0.25;0.25;0.25;0.25,0.0007024183869361877,6.108637899160385e-05,0.0006854087114334106,0.0010123392567038536,0.004416655749082565,0.006885210983455181,0.002461252734065056,13,864,1,6,SAT_unsat_identifiable,1,boolean_factorization,exclude_x,exclude_x,0,567,2232,0,1,1,0,0,0,0,1,1,1,0,0,0.005917367525398731
4,50,10,100,2530703906,94,conj,glucose42,MT19937-RandomState,0.0006019417196512222,00011000110010000000010000011001000000000011000000001100011010000101101000010010000000100000000001000010110000000010110001001000011001000110000000100000001010000100110000000000010010100000011000000000000010001010010000110101001000000001110011011000000000010000000110100010001001100100100100010100000101001000000000001000110001100000010000100000010000011000000001001010101000000010000100001101000001110111001000001010000000110011001000100000011010010001001000010101100001100110100000100110101010001001,3b4e5ee31f6a440024e38e8b1e65dd938c164b1acaf74638f59e5c5f97aa62eb,row_sparsity,row_sparsity|conj|3ccb84496a|rng=MT19937-RandomState,,4,4,1,uniform,1;2;3;4,0.25;0.25;0.25;0.25,0.0008203769102692604,6.780028343200684e-05,0.001126997172832489,0.0010021505877375603,0.012267106212675571,0.015292089432477951,0.0030173249542713165,24,783,1,6,SAT_unsat_identifiable,1,boolean_factorization,exclude_x,exclude_x,0,1106,4300,0,1,1,0,0,0,0,1,1,1,0,0,0.007081623189151287
4,50,10,100,2530703906,95,conj,glucose42,MT19937-RandomState,0.00061008520424366,01010000100110100010001000000010000000000100000011101001000000011010100000100101010100000000000111100000001001101100010001000000100100011000000000010000000000100100000000000000001010100010000110100001011100000001000000000000011000000011000010001001100001000000101001001001000001010000100000000101001010010000000100010100000000000100101010010100000000001000100101000001001010001100001001011000001010000010010011000000100010001000000001100000011000100010101100000101000001000000110010001101000000011100,05327c3dc285ebfea0e90f7df9a09c9def820258bfe62746ab3778a737c65f97,row_sparsity,row_sparsity|conj|3ccb84496a|rng=MT19937-RandomState,,4,4,1,uniform,1;2;3;4,0.25;0.25;0.25;0.25,0.0007308749482035637,5.8902427554130554e-05,0.0008120788261294365,0.0009894315153360367,0.00439855083823204,0.006996804848313332,0.0025912877172231674,16,974,1,6,SAT_unsat_identifiable,1,boolean_factorization,exclude_x,exclude_x,0,704,2785,0,1,1,0,0,0,0,1,1,1,0,0,0.00652659498155117
4,50,10,100,2530703906,96,conj,glucose42,MT19937-RandomState,0.0006066653877496719,01010100000000010001001101010000000100010000001100101001000000010000001000111000001000010000010001001010100010010100000000010010001000000000000100001000000100000000000100000000100000011101000110100000100001100101010001000000000001011000000100000000100000000100010001010001000010100001001100001000000010100011000100010010000010000111000010100010100101000100000000100000110000000010011001001001000001100001110000000010001010110000000010000000001001011010000000100101010010001101000001100001000001100010,3d94c7290a9a54e5a4b73ac1f9ba8a64fb5121def613a1601385287c4b31c7ed,row_sparsity,row_sparsity|conj|3ccb84496a|rng=MT19937-RandomState,,4,4,1,uniform,1;2;3;4,0.25;0.25;0.25;0.25,0.0007371651008725166,6.487313657999039e-05,0.0009673051536083221,0.0009869225323200226,0.0057762982323765755,0.008539940230548382,0.0027562659233808517,20,903,1,6,SAT_unsat_identifiable,1,boolean_factorization,exclude_x,exclude_x,0,900,3537,0,1,1,0,0,0,0,1,1,1,0,0,0.006938912905752659
4,50,10,100,2530703906,97,conj,glucose42,MT19937-RandomState,0.0006017712876200676,00000000100011001010000000001000100001101001000000100010000100000010000010010110000011000010000110100000000010000010000011000001000100010101000110000000000110111000010000000001001000000100000000100000000100000010011001000000100000000101110000010100010110001010000100000000000001000100000001010000100110001001000100001001010010011010001100001001000000000100000010110000000000001000000000000100001000000010000000000000010101010000101001010100000000000110001000001000000000001000100000001000001010000101,a4dbe19e652d2691e5a819fe5a1fb8cfb0744c1bd4551cde8f41d768abd6ab76,row_sparsity,row_sparsity|conj|3ccb84496a|rng=MT19937-RandomState,,4,4,1,uniform,1;2;3;4,0.25;0.25;0.25;0.25,0.0005753794685006142,5.839020013809204e-05,0.0007302267476916313,0.0009887740015983582,0.0036934027448296547,0.006052091717720032,0.0023527704179286957,14,898,1,6,SAT_unsat_identifiable,1,boolean_factorization,exclude_x,exclude_x,0,616,2420,0,1,1,0,0,0,0,1,1,1,0,0,0.006226827390491962
4,50,10,100,2530703906,98,conj,glucose42,MT19937-RandomState,0.0006042933091521263,10010100010000000010000100000001010000000010000000100000100010110001000011110000000000010001010010000010000111001000010100100000001000000000110010100000000100001010000000010000000000000000101100100001010100011000000010110000001000000001000101010101000001000000000100011001010001000000100000000010000000000100000011000000100001000110100001010010110001000000000110000100100000010000100000000000010100000010101000000000010100011000000000110000010010100000001000100001000000000000000101010100000000001000,e2bc14cd65e40f4b8e388912668319f45480a1260031a2eaef5b5bdaf6c308d8,row_sparsity,row_sparsity|conj|3ccb84496a|rng=MT19937-RandomState,,4,4,1,uniform,1;2;3;4,0.25;0.25;0.25;0.25,0.000566571019589901,5.269516259431839e-05,0.0,0.0,0.0,0.000624130479991436,0.0006192661821842194,10,1024,1,4,identity_submatrix_identifiable,0,,,exclude_x,0,0,0,1,0,1,0,0,0,0,1,1,1,1,0,0.005674415268003941
4,50,10,100,2530703906,99,conj,glucose42,MT19937-RandomState,0.000587116926908493,10000111000000000110001101000010001000000100110100100100011000000000110100000000010000000000010001000100000001000010000000000001101001000000001000001010000000000100001010010010110000000010000111000000001000010000000010000001000001101000011000000100000101000010000010100010001000000010000100000100111000001010110000001111110001000001001010010101000000000110000100000010000001100000000001010001010000000010000100011100000100001000001100000110000101000010000100111010001100000010000100010000000001001000,e63a454c3c27d5220419e00897c2675a1cd8b8369dbf68504912e22b68de043b,row_sparsity,row_sparsity|conj|3ccb84496a|rng=MT19937-RandomState,,4,4,1,uniform,1;2;3;4,0.25;0.25;0.25;0.25,0.0007000034675002098,6.147287786006927e-05,0.001004510559141636,0.0009946571663022041,0.007029294036328793,0.009796385653316975,0.002760644070804119,20,856,1,6,SAT_unsat_identifiable,1,boolean_factorization,exclude_x,exclude_x,0,880,3515,0,1,1,0,0,0,0,1,1,1,0,0,0.006751161068677902
