schema_version,J,K,N,seed,sim,operator,solver_name,rng_engine,generation_time,q_bitstring,q_sha256,design,design_id,p,m_requested,m_effective,min_row_size_requested,row_size_distribution,row_size_support,row_size_probs,basis_time,identity_check_time,two_col_check_time,three_col_check_time,sat_time,algorithm_time,preprocess_time,J_basis,M_basis,identifiable,branch,branch_label,sat_called,sat_formulation,sat_cardinality_encoding,cardinality_encoding_requested,maximal_candidate_requested,sat_variables,sat_clauses,identity_original,not_complete_original,has_pure_node_original,no_pure_nodes_original,has_zero_row_original,two_col_violation_original,three_col_violation_original,two_column_pass_original,both_necessary_checks_pass_original,I_3c,identity_basis,two_col_violation_basis,diagnostics_time
4,50,10,100,132992862,0,conj,glucose42,MT19937-RandomState,0.0007437728345394135,00000000101001000001100100100001101100000000000100011100010000000110001100001000000001001000010000000110010001000110001100011100000011110000001110000100010000010100001100000000011000100110100000010000010000000100100100110000100000110010100000000101100010010001011000100100000101010010000010001000000001000000010101000110010001000000100001000000001000000010110000100000110011000100000010010000100000010000000100100001000010100010001010010100001100000000000000010000100000101000010000100100000101000000,0a9d1ea2a4277b4bc010b8f57c5535ff9301160ebdc9a010313403ff252c12b0,row_sparsity,row_sparsity|conj|3ccb84496a|rng=MT19937-RandomState,,4,4,1,uniform,1;2;3;4,0.25;0.25;0.25;0.25,0.0007265033200383186,0.00010545086115598679,0.0009628636762499809,0.0011788560077548027,0.01954599190503359,0.02253073174506426,0.002973673865199089,18,908,1,6,SAT_unsat_identifiable,1,boolean_factorization,exclude_x,exclude_x,0,782,3139,0,1,1,0,0,0,0,1,1,1,0,0,0.006963877938687801
4,50,10,100,132992862,1,conj,glucose42,MT19937-RandomState,0.0006522322073578835,10111000000001100010001000010111010000001010001000001100010100001100000110110000000011100010100010010110001010001000010000000011010000111000000000000110111000001100000000001100011000011000100000100001000100001100000001000010010000000010100000010000100000001000100000010000110010001000000000100000000000000001000000000110001000000001110010001000010001000001000110000000000000101011100010000110100100001000100100101010000101000110001011001000110000001110000000001100001000000000001000010110000010000000,3f0335192180673313681c832adfdc9b2768a927519b4ad21dc98739542baf78,row_sparsity,row_sparsity|conj|3ccb84496a|rng=MT19937-RandomState,,4,4,1,uniform,1;2;3;4,0.25;0.25;0.25;0.25,0.0008010752499103546,0.00011060666292905807,0.0011767083778977394,0.0010627461597323418,0.006773845292627811,0.009934861212968826,0.003151136450469494,24,758,1,6,SAT_unsat_identifiable,1,boolean_factorization,exclude_x,exclude_x,0,1136,4333,0,1,1,0,0,0,0,1,1,1,0,0,0.00719977542757988
4,50,10,100,132992862,2,conj,glucose42,MT19937-RandomState,0.0006817979738116264,00100000001000011000000000000100010000000001101100010100010000000010000010001001100000001100001000001100101000001100000000101000000000001000001010000100100000000101010000011000000001000011000000000010110010000010100011000000011010011000010001000100000000010001100100110010001001000001010000000001000011001000000100011000001000000001001000000000010101101000000011000000010000100000000111000100000101000000001001011000000010110100000000000101000001000001101100000000000001100100101000110000000001000000,49dce1a602ee95a133105c6b63d11840f1b705418861319bc6feead78dae7cb2,row_sparsity,row_sparsity|conj|3ccb84496a|rng=MT19937-RandomState,,4,4,1,uniform,1;2;3;4,0.25;0.25;0.25;0.25,0.000717884860932827,9.24794003367424e-05,0.0011968333274126053,0.001085028052330017,0.006762494333088398,0.009863999672234058,0.0030922256410121918,25,899,1,6,SAT_unsat_identifiable,1,boolean_factorization,exclude_x,exclude_x,0,1165,4499,0,1,1,0,0,0,0,1,1,1,0,0,0.00785883329808712
4,50,10,100,132992862,3,conj,glucose42,MT19937-RandomState,0.0006578480824828148,00100000000000001001001101100000000011001001000010100001101001010100000110001010000001110000000111010000000100100000000000100010010101100010010000110001001100000100000110000010000010100000000000100000001000000110110000010000010001000001001010000110010000000010001100001000000100010100010011000010000010011001000010000010001110001010100000010000001010000000011000011010000010000000000100000001000100001001000011001001010011000000000000001101000010010010110000000000000001000000001010000100000010000000,8641b1f59a95f6c4985519e51110aaacd01af6cce717a43ccf67874bed1f3679,row_sparsity,row_sparsity|conj|3ccb84496a|rng=MT19937-RandomState,,4,4,1,uniform,1;2;3;4,0.25;0.25;0.25;0.25,0.0008540935814380646,8.997507393360138e-05,0.00115912314504385,0.0010525276884436607,0.009644788689911366,0.01281061116605997,0.0031557194888591766,23,907,1,6,SAT_unsat_identifiable,1,boolean_factorization,exclude_x,exclude_x,0,1037,4090,0,1,1,0,0,0,0,1,1,1,0,0,0.007284411229193211
4,50,10,100,132992862,4,conj,glucose42,MT19937-RandomState,0.000658736564218998,00000000010000100110110100000010000101000001000100100000101100000110100000001010010100100010000010100011000011101000000010010000000000001010001001000000110100001110000001100001010100100000000010010011010001010110001001000000110011001101100000000011000011000001100010000001010000010011100010100101000000000000100100000001000011000001000000000000111000001010000001000010000010000110000000101010000001000100011100000010100100000010000000110001000011000000000101101000011001011001001000010000100001100000,60723eb15cf1d64803ab055a3aab6980addc34c3a1b8fa6af533d44b95ccb0cb,row_sparsity,row_sparsity|conj|3ccb84496a|rng=MT19937-RandomState,,4,4,1,uniform,1;2;3;4,0.25;0.25;0.25;0.25,0.000955851748585701,0.00010955240577459335,0.0014606323093175888,0.0010754279792308807,0.008423690684139729,0.012035450898110867,0.003601464442908764,31,917,1,6,SAT_unsat_identifiable,1,boolean_factorization,exclude_x,exclude_x,0,1439,5605,0,1,1,0,0,0,0,1,1,1,0,0,0.008656619116663933
4,50,10,100,132992862,5,conj,glucose42,MT19937-RandomState,0.0006472589448094368,01000100000000001011001001000000101100100000000110000000010101000100001000100000110100001011000000100100001011000010000001010011000001000100010000011010101000101001000000011000011001000000001000000101001000000000100000001001100001000000011001100100010101100100000000000101100000001001100010101000000000000100001000000110001000000010110010001010000100010010000100001110000000000100000011101001001010000000001101010101000100100101000010000001100001010100000110000000000010000011100101010100101100000001,a623c8bb4ce6fc28f7a88a150bedaf1e7508aafbde0733c16a9e91fe03fb3fb6,row_sparsity,row_sparsity|conj|3ccb84496a|rng=MT19937-RandomState,,4,4,1,uniform,1;2;3;4,0.25;0.25;0.25;0.25,0.0008177654817700386,8.967332541942596e-05,0.0011339085176587105,0.0010136133059859276,0.011336256749927998,0.014401900582015514,0.0030549606308341026,23,817,1,6,SAT_unsat_identifiable,1,boolean_factorization,exclude_x,exclude_x,0,1077,4134,0,1,1,0,0,0,0,1,1,1,0,0,0.007468770258128643
4,50,10,100,132992862,6,conj,glucose42,MT19937-RandomState,0.0006316518411040306,00001100010000001001000011001100000000010100101010000010000000101100001000001000000101100000010010101100000000000000100100000110101001001000100110000000011000110000001000001010000000100001001000001010000100100011100100000001010000010110000100000100100010001010000010000000100000010010000000000001000001100010001010001010010001100110100100010110100010001000011001011000000000000010001011000101000000111000110001000010001011000000001100000001000011000010100000100001000110101010000101010010010000100000,a8d2c04658894192746dc69a5ae5e62963c95cd4c81a4bd170f20aef285479b4,row_sparsity,row_sparsity|conj|3ccb84496a|rng=MT19937-RandomState,,4,4,1,uniform,1;2;3;4,0.25;0.25;0.25;0.25,0.000775468535721302,8.299946784973145e-05,0.0011786781251430511,0.0010578036308288574,0.015003894455730915,0.018109386786818504,0.003094949759542942,25,692,1,6,SAT_unsat_identifiable,1,boolean_factorization,exclude_x,exclude_x,0,1235,4576,0,1,1,0,0,0,0,1,1,1,0,0,0.00705530121922493
4,50,10,100,132992862,7,conj,glucose42,MT19937-RandomState,0.0006407927721738815,00000011000000001000001000000000000000010000000100000000010001000110100010010000001101000000000010100001000000100000000001001000010010000111101001100000000011100010000001100000111000010000001000101001001000000001111000001001000000100100000011000101001001100010000001000000000110100001000000010001000001000000001100000011011000100000100010010000010001001000100010001100000100100011000010000000000011010010001010010000000000010000000100000011000000010000010000000000000001000000101000001001000100001100,896efedaf49a46e496c099e82193bb9362c7f2b5c5e77de360c35bf4d3b1a86c,row_sparsity,row_sparsity|conj|3ccb84496a|rng=MT19937-RandomState,,4,4,1,uniform,1;2;3;4,0.25;0.25;0.25;0.25,0.0005890270695090294,5.762837827205658e-05,0.0006930697709321976,0.0009791785851120949,0.0036726240068674088,0.006001165136694908,0.0023189038038253784,13,870,1,6,SAT_unsat_identifiable,1,boolean_factorization,exclude_x,exclude_x,0,567,2232,0,1,1,0,0,0,0,1,1,1,0,0,0.006133723072707653
4,50,10,100,132992862,8,conj,glucose42,MT19937-RandomState,0.0006802091374993324,00010010000011010001000101000010000000110011101000001010010000100000100010010010011000000001010110000001100000000001000100011011000000011000001001100000000101110101010100000110010000001011010001001000100001001010000011100001011010000000010010010001010010000010000000100011000010100001000000000000000100000001010000001000001000000100000100000110000101101000100110100000011001000000000010000000000100001100000001001100010100010100000000000001001001100101010011001000000000000100100000000001101010000010,3fc2c4849fb60595d3d3caea1c71c5f49d3f7c8997ae54eab96f4b8cc846ac0a,row_sparsity,row_sparsity|conj|3ccb84496a|rng=MT19937-RandomState,,4,4,1,uniform,1;2;3;4,0.25;0.25;0.25;0.25,0.0007430519908666611,8.0903060734272e-05,0.001147611066699028,0.0010468149557709694,0.006062508560717106,0.009089253842830658,0.0030183810740709305,22,820,1,6,SAT_unsat_identifiable,1,boolean_factorization,exclude_x,exclude_x,0,1058,3979,0,1,1,0,0,0,0,1,1,1,0,0,0.007127498276531696
4,50,10,100,132992862,9,conj,glucose42,MT19937-RandomState,0.0006506629288196564,00001100000100110000110000000000011000000000101100000000001000000010000010001100000000010001000000000010101010001110010000010000000100100000100000000000101001000001000000001101001000011100000000110000000010000000010001011100010000100000111000010000001000010000100000101100101010100000010000000000010010000000001010010000010000100000111000011011000000001001000101010000001000000000001000000000001000101100001000101110000000100000100010101000000000001100010100100001000000010001010010011001001101000010,10a6f8b2babd31ab6fc731b990164c8b1fcd2a553d03ca52f3e3b8404eb9dbf9,row_sparsity,row_sparsity|conj|3ccb84496a|rng=MT19937-RandomState,,4,4,1,uniform,1;2;3;4,0.25;0.25;0.25;0.25,0.0006691562011837959,6.623286753892899e-05,0.0007073571905493736,0.0010318513959646225,0.004689501598477364,0.007170891389250755,0.002474597655236721,13,888,1,6,SAT_unsat_identifiable,1,boolean_factorization,exclude_x,exclude_x,0,557,2221,0,1,1,0,0,0,0,1,1,1,0,0,0.006042378023266792
4,50,10,100,132992862,10,conj,glucose42,MT19937-RandomState,0.0006083967164158821,10000000000100000110000101001100100100110000000010010000000010000000001000000000100000000000101001010000100000011000010000001000000001000000000011000101100101000010010011000010010001001000000000000100000011010100101000000010010000000110110010000001110001001110000010000100001110000000000111001011010010000001001001000001101000100100000100000010001000000000110000100000000000001011000100010000110001001000001001110100100010100000010000010000100011000010010000110011000001110010100000010010010001010000,ebe63a806539f5307fcf37f4718e0dedde1179cd408041ad3e8a0294ced772ab,row_sparsity,row_sparsity|conj|3ccb84496a|rng=MT19937-RandomState,,4,4,1,uniform,1;2;3;4,0.25;0.25;0.25;0.25,0.0008239205926656723,9.11075621843338e-05,0.0011559193953871727,0.001122896559536457,0.008867235854268074,0.012069537304341793,0.003193844109773636,23,922,1,6,SAT_unsat_identifiable,1,boolean_factorization,exclude_x,exclude_x,0,1077,4134,0,1,1,0,0,0,0,1,1,1,0,0,0.007643504999577999
4,50,10,100,132992862,11,conj,glucose42,MT19937-RandomState,0.0006547374650835991,00000001000000001101001000000000100001000011000011111000001001000000110000001000100001001001010000110000000110010000000010100010001000010110100001001000001001100100000010101001100000000000010010100000101001100000001011100000010000010010100010101100000000010011101100000100000000010100000100001010000000001001010010001000001001100010000001010001000000001110000000000101000000100000001100010011000010010000010010101000110000110100010000010101000001001111010001000000000001000000010000100000000001100100,9943923b45f487773a5c0972616f306bc4aa7d5784a97aed72863a8d1f7548eb,row_sparsity,row_sparsity|conj|3ccb84496a|rng=MT19937-RandomState,,4,4,1,uniform,1;2;3;4,0.25;0.25;0.25;0.25,0.0006866585463285446,8.518993854522705e-05,0.0010261721909046173,0.0010657431557774544,0.0055052852258086205,0.0083764074370265,0.0028637638315558434,20,833,1,6,SAT_unsat_identifiable,1,boolean_factorization,exclude_x,exclude_x,0,950,3592,0,1,1,0,0,0,0,1,1,1,0,0,0.007130727171897888
4,50,10,100,132992862,12,conj,glucose42,MT19937-RandomState,0.000614754855632782,00000000110011000010001000010000010110001000001000000111010001000000001100010000100100100000001000100110100010010011010000100100000000010000000100000000000000011000001100000010000001001000110000110011000000010010001001000000010010000000011000000110111000000000101000000000010000000000000101101010100001010010000100001010110000010000000010000101000101011001000100110000000000000111101100010000000001001010000100000101000000000111001000000011000011000000100000110000000001000110001100100001000000001010,bf0624b903a4226ae9bb9eccbef34037e5d3924017d6af5f5e2f600f90f8cdc9,row_sparsity,row_sparsity|conj|3ccb84496a|rng=MT19937-RandomState,,4,4,1,uniform,1;2;3;4,0.25;0.25;0.25;0.25,0.0008236318826675415,7.386505603790283e-05,0.0009630564600229263,0.001044739969074726,0.008141692727804184,0.01105437334626913,0.0029052933678030968,20,992,1,6,SAT_unsat_identifiable,1,boolean_factorization,exclude_x,exclude_x,0,840,3471,0,1,1,0,0,0,0,1,1,1,0,0,0.007288709282875061
4,50,10,100,132992862,13,conj,glucose42,MT19937-RandomState,0.0006407089531421661,11001000011000011010000001000000001000000000000001011100010000000001011000000000010100000010000000010000010000000001000100100000110000100100100110000100000101000000100000010000000000000010010011000010010010000000010011100000001000000000100011000001100000100100000010000010100000010000001000000111000010000100010000011000000000010000110000000010000000100100011000000110101000001001001100000000000110100000000001110001010000000011100001001010010000100110000001000001100100101000000000000010000001000001,dd9c72c5016c028c6c9008bd26c33a13bffaa45304046b42dcc8ac659ab013f9,row_sparsity,row_sparsity|conj|3ccb84496a|rng=MT19937-RandomState,,4,4,1,uniform,1;2;3;4,0.25;0.25;0.25;0.25,0.0006823297590017319,7.080193608999252e-05,0.0010050227865576744,0.0010966360569000244,0.005687619559466839,0.008549907244741917,0.0028547905385494232,20,848,1,6,SAT_unsat_identifiable,1,boolean_factorization,exclude_x,exclude_x,0,910,3548,0,1,1,0,0,0,0,1,1,1,0,0,0.006903360597789288
4,50,10,100,132992862,14,conj,glucose42,MT19937-RandomState,0.0006419224664568901,00010000101011000001001000000001001011000000100100010001100000000100000100000000011001000110011001000000010010001100011000011010001100110000000001001001100000001010011000000101000101010010001001001100000100100100110000001001000000011000001000000100100001000000010000101101000010000100100001100000101000101100000110001000100000000110101000010010000011001000000010000000010100010000100110000100000000010100000000111001000000000110011001100001001000001010100110000000000001100000100000001100011100100000,4503b2f1da4757687e39ea46491b5694b92325ba15ec18fa2e718494299170b3,row_sparsity,row_sparsity|conj|3ccb84496a|rng=MT19937-RandomState,,4,4,1,uniform,1;2;3;4,0.25;0.25;0.25;0.25,0.0008280538022518158,8.594710379838943e-05,0.0012667123228311539,0.0010265801101922989,0.0069030337035655975,0.010119006037712097,0.003207293339073658,27,676,1,6,SAT_unsat_identifiable,1,boolean_factorization,exclude_x,exclude_x,0,1303,4919,0,1,1,0,0,0,0,1,1,1,0,0,0.007498251274228096
4,50,10,100,132992862,15,conj,glucose42,MT19937-RandomState,0.0006290143355727196,00011100001011010000100010100000000110110000000100110011000001000010110000001100110001100010001001000000110000000011100110001010000000010000010000100000100000000100100100000000001100100010000001101001100011001010000101100011100010010010101000010100001100000011000011010000010000110001100000000010110100100000000000000111000000110001000010100000001001000000001001110000100011000000000001011110110010000001000100000000001000011101000000100001001100000000000100000000010001100000010001000000011001000110,605a6f034d1ae388527b2374e1b4a940a524256a02facf4dc88ed1152e756c0d,row_sparsity,row_sparsity|conj|3ccb84496a|rng=MT19937-RandomState,,4,4,1,uniform,1;2;3;4,0.25;0.25;0.25;0.25,0.0008582323789596558,9.507685899734497e-05,0.0013697808608412743,0.001028718426823616,0.007898020558059216,0.011258062906563282,0.003351808525621891,30,800,1,6,SAT_unsat_identifiable,1,boolean_factorization,exclude_x,exclude_x,0,1430,5461,0,1,1,0,0,0,0,1,1,1,0,0,0.0080976327881217
4,50,10,100,132992862,16,conj,glucose42,MT19937-RandomState,0.0006732381880283356,11010000000000000001100010100100101000000000000100000100110000100000001011000010000001001000010110000011101000000001000001010000000010100100001000010001010100100000100000010000001001010000110101001000111000000110000001011110000010010000101110010100000000000001010000000000101000101000100101000010010001000000001010000010000000100001001000010000100010001000100010000000000001110000000001000000000100000000000100001000001000010010100100000000000100001100001000100010100001010100000000011100000110101000,2a81614648bd14c8d7cc231e451ec37ef8349b98b294c4f270686a51e28c41d5,row_sparsity,row_sparsity|conj|3ccb84496a|rng=MT19937-RandomState,,4,4,1,uniform,1;2;3;4,0.25;0.25;0.25;0.25,0.0007748696953058243,8.333660662174225e-05,0.0010226229205727577,0.001025935634970665,0.005423068068921566,0.008337816223502159,0.0029067648574709892,21,940,1,6,SAT_unsat_identifiable,1,boolean_factorization,exclude_x,exclude_x,0,939,3714,0,1,1,0,0,0,0,1,1,1,0,0,0.007259652949869633
4,50,10,100,132992862,17,conj,glucose42,MT19937-RandomState,0.0006752554327249527,10100100000000000100100000100000111000101100100010100100010000000011001000000100000001000000011000000011000000000001000000100111000001000100000000100101001010001000100000100000110000001000001000010001010010000000000100000011000011100010100000000110000000010100000010000110000011000010010011000100010000000001001001000010101001100000010000011101000000001010100100110000000000000001000010000000011010001100000101100001010010100110001000001100010000001100000100100110000101100100000110101010000000000011,140820a3bb7bd1130485a6da309b5d5c191ab1a7ce5b82fd30882d1cec70a887,row_sparsity,row_sparsity|conj|3ccb84496a|rng=MT19937-RandomState,,4,4,1,uniform,1;2;3;4,0.25;0.25;0.25;0.25,0.0009025419130921364,0.00010243430733680725,0.0015336573123931885,0.0010161865502595901,0.01151012722402811,0.015073713846504688,0.0035548200830817223,33,742,1,6,SAT_unsat_identifiable,1,boolean_factorization,exclude_x,exclude_x,0,1587,6036,0,1,1,0,0,0,0,1,1,1,0,0,0.00825838465243578
4,50,10,100,132992862,18,conj,glucose42,MT19937-RandomState,0.0006268778815865517,10100101000001001100000101100110000001001000000010010000011010010000000001000010011010000110001000100000001000110010000000101000000000000001010100010001001001000001000001000100000100100100000000010000001000000101000100001000010000000010000100000000010000100010000010000000001101000000110100001010100000010000001011000001100000000100010000110000100111000001100000100010000101010100010000000000100100101011010000010000001000011101000011000001000010010010010000000010000000000100011110001110000010000000,3c097cef42137803f459e08ab01ccebd9aa04a21893493803c44280ba59804c0,row_sparsity,row_sparsity|conj|3ccb84496a|rng=MT19937-RandomState,,4,4,1,uniform,1;2;3;4,0.25;0.25;0.25;0.25,0.0007495544850826263,7.283687591552734e-05,0.0010349135845899582,0.0009722700342535973,0.006223566830158234,0.009060298092663288,0.002829574979841709,22,940,1,6,SAT_unsat_identifiable,1,boolean_factorization,exclude_x,exclude_x,0,958,3869,0,1,1,0,0,0,0,1,1,1,0,0,0.007575062103569508
4,50,10,100,132992862,19,conj,glucose42,MT19937-RandomState,0.0007002856582403183,00010011100000001010100010100001000000000010001001000111000000000100010001010011001001000000000110101000010110000100000000000001000100001011010000100010000010000101100001000000010000101101000000100000000110000110000001001000100110001010100100000011010100001000001010000111010000000100010110000000110100100000000111001000001110100000010000001010010000000001000010101000000101000110010000100110100000100010000000110010000000010000000000011000010001000010010100000100100000100000001000000010000000000010,7f81acc4483972082885ba5998aa1ed65619e42582ed58b0b4e590ad718cb158,row_sparsity,row_sparsity|conj|3ccb84496a|rng=MT19937-RandomState,,4,4,1,uniform,1;2;3;4,0.25;0.25;0.25;0.25,0.0007542092353105545,7.959920912981033e-05,0.0010628076270222664,0.001007596030831337,0.0061642080545425415,0.009076515212655067,0.002904212102293968,22,917,1,6,SAT_unsat_identifiable,1,boolean_factorization,exclude_x,exclude_x,0,978,3891,0,1,1,0,0,0,0,1,1,1,0,0,0.007612432353198528
4,50,10,100,132992862,20,conj,glucose42,MT19937-RandomState,0.0006197858601808548,00001000010010010000010000000000100010100000110110010000000000000010100000101001000001110100101010010000001000000010000100100000000000001000010001000100100110100010010000100001001010000101010001101001000000000111010100001010110000000110110000000001011000000000000100110000010100001000001100001001101010100001000000010000001000000000010100110000111000000001100110000000000100010110011000001000000000100000000010000100100101010000000100100001100000000010001100010101100000101000000110001000100111100000,373f9497d41cb1debdbe028f1984ced48936c55ee3addef0a5177508652ea23d,row_sparsity,row_sparsity|conj|3ccb84496a|rng=MT19937-RandomState,,4,4,1,uniform,1;2;3;4,0.25;0.25;0.25;0.25,0.0007469216361641884,8.573662489652634e-05,0.0011069662868976593,0.0011042505502700806,0.006669912487268448,0.00972227193415165,0.0030438750982284546,22,807,1,6,SAT_unsat_identifiable,1,boolean_factorization,exclude_x,exclude_x,0,1038,3957,0,1,1,0,0,0,0,1,1,1,0,0,0.007099469192326069
4,50,10,100,132992862,21,conj,glucose42,MT19937-RandomState,0.000637296587228775,00000001100110000100000010010110100001100010001000010001010001000100010000001111010000000010100100000000000010100001001000110000101100000010000010000000010001010001100110000110000000000001000100000001100100010011000000110100010011100010000010000110100000010000011010000000001000000010000010101001000010100110000000011000010100010000101100010000000110001001100100100110000000011000101001001000010000000000100001100010100000000010000001000010011010000010001000100001000000000001010100011000100001010010,51da074ce911bf408754e93afee45f0e1ce5103e5099230bdc4cda54f2f2b877,row_sparsity,row_sparsity|conj|3ccb84496a|rng=MT19937-RandomState,,4,4,1,uniform,1;2;3;4,0.25;0.25;0.25;0.25,0.0007973592728376389,8.104462176561356e-05,0.0011255405843257904,0.0010125460103154182,0.00675127562135458,0.009776565246284008,0.003016490489244461,24,848,1,6,SAT_unsat_identifiable,1,boolean_factorization,exclude_x,exclude_x,0,1126,4322,0,1,1,0,0,0,0,1,1,1,0,0,0.00761084258556366
4,50,10,100,132992862,22,conj,glucose42,MT19937-RandomState,0.000623864121735096,01100100001100000001010110100000011000011000010000100010000010100011000000000001010110001001000011000000010000000001001010000001100001110100100000111000010100001001000110000010011001001100000001100011001001001000100110000010010100000001101000001000000010011001100001000100000010001110010000100100010101000000000010001000000010000000101000001100011000000010000001000010010001001000010001100000000111100001100000000001001000101000001000000000001011001000100000001000001000101000011010001001010011010100,95a457464aedf8ab5a2bc8c45a9b335c7e6ce63103a39470d4f0755737b5f37c,row_sparsity,row_sparsity|conj|3ccb84496a|rng=MT19937-RandomState,,4,4,1,uniform,1;2;3;4,0.25;0.25;0.25;0.25,0.0008390750735998154,7.702875882387161e-05,0.0011012284085154533,0.0010112123563885689,0.006537153385579586,0.009572479873895645,0.003028544597327709,23,761,1,6,SAT_unsat_identifiable,1,boolean_factorization,exclude_x,exclude_x,0,1127,4189,0,1,1,0,0,0,0,1,1,1,0,0,0.007111505605280399
4,50,10,100,132992862,23,conj,glucose42,MT19937-RandomState,0.0006359107792377472,00100000000001000001001001110000011001000001001001010000111010000000000010000000010001000100010010110100100000110000000000011010100001000100000001000000000010100110001000100111000010010110000000001000000000000110000000010010001000001000100001000010000001100011000001010010101100000010010000000010000110000000100001000000000000001000100010111001000110010000000000010110000000000100010011010010100000100100000000000001000000001010100010000000000000100000100000010000000100000000100101000000001001000000,22b57f4d9d611f62cbb46f9b04d30e66d30cc85662565be91b504dfaf447afe2,row_sparsity,row_sparsity|conj|3ccb84496a|rng=MT19937-RandomState,,4,4,1,uniform,1;2;3;4,0.25;0.25;0.25;0.25,0.0006346879526972771,6.796140223741531e-05,0.0007758811116218567,0.0010126251727342606,0.012524465098977089,0.015023671090602875,0.0024911556392908096,15,964,1,6,SAT_unsat_identifiable,1,boolean_factorization,exclude_x,exclude_x,0,655,2597,0,1,1,0,0,0,0,1,1,1,0,0,0.006584126502275467
4,50,10,100,132992862,24,conj,glucose42,MT19937-RandomState,0.0006103143095970154,00100000001010010100000000000100001011001000001000000100000000000100000000011000110000001101100101000100100110100000110100000000100000110000001000000100010001000000110100000000100000000101010101001100110000001110000000000000010000110000110000000010001000001000001101000100000000010010101100100000001000000010000101011000000110110000001000000011000001000001000000000100000000100000000001001000000001010001000000000001000110000000001010000011000010000000000001011010001001001100001001010001101000000000,948394b146678f846e2628f34fb215380768f461bf3d992ee047884ec919b2bc,row_sparsity,row_sparsity|conj|3ccb84496a|rng=MT19937-RandomState,,4,4,1,uniform,1;2;3;4,0.25;0.25;0.25;0.25,0.0006143199279904366,6.868597120046616e-05,0.0009542182087898254,0.0009798314422369003,0.005779895931482315,0.008406844921410084,0.0026170555502176285,20,717,1,6,SAT_unsat_identifiable,1,boolean_factorization,exclude_x,exclude_x,0,980,3625,0,1,1,0,0,0,0,1,1,1,0,0,0.006617508828639984
4,50,10,100,132992862,25,conj,glucose42,MT19937-RandomState,0.0006773872300982475,00001000010010011001100000000011001001000000000100111001000001100000011000010000000001000000100000111010001010010000000011000000100011001001011010001000000100001000100010001110000010000000101000000101000010011100010000001000000010100010000010101000100110000011000001000000000010000010000000000010000100000000110000000001010011001001110010000111000100000000010010000000100001011000100100001000000000100001001000000100000100111010001000000011001011000100000110100001000001000000010000000001000000001001,86e46e39ed3285ae833c402d4862e8b714353f660544b8a4b94d45361f559b67,row_sparsity,row_sparsity|conj|3ccb84496a|rng=MT19937-RandomState,,4,4,1,uniform,1;2;3;4,0.25;0.25;0.25;0.25,0.0006816675886511803,7.67391175031662e-05,0.0007781097665429115,0.001046573743224144,0.004201301373541355,0.006793046370148659,0.002583090215921402,14,944,1,6,SAT_unsat_identifiable,1,boolean_factorization,exclude_x,exclude_x,0,606,2409,0,1,1,0,0,0,0,1,1,1,0,0,0.006492952816188335
4,50,10,100,132992862,26,conj,glucose42,MT19937-RandomState,0.0006526680663228035,00000000110000011000010000011010001011000111000000001000001000010101101000011000000100100010100001000000100000100000000010000000000000100100011000100101000001100010001001000000010000101000000100000000000100110001000100010001110001010000000011001010001100000000100101000000000100000100100000010110000000000110100000010000000010000001001000010000001010000010000000100000100000000001011010000100000011000010000001010000001011000000000000000010100000000000000110110100100000001100100000000000100001000000,d0b9516da6ccff9027b53582b60c1bedeb9382198c26b5fcc927033555e9e3d6,row_sparsity,row_sparsity|conj|3ccb84496a|rng=MT19937-RandomState,,4,4,1,uniform,1;2;3;4,0.25;0.25;0.25;0.25,0.0007145470008254051,8.679460734128952e-05,0.001017298549413681,0.0010844096541404724,0.00636675301939249,0.009279295802116394,0.002903049811720848,20,977,1,6,SAT_unsat_identifiable,1,boolean_factorization,exclude_x,exclude_x,0,860,3493,0,1,1,0,0,0,0,1,1,1,0,0,0.007230645976960659
4,50,10,100,132992862,27,conj,glucose42,MT19937-RandomState,0.0006839437410235405,01000000000001000000000001100100100000011010000000000000001001100000000010011010100001000100010000001001000000010011001010000000000000001000000010000000010000000101010100000000111101000001000001010000011001000000000001100000000001000110000010000100000010000000000011100010100000010000000010011100000010011000000010100000000000100000000010110000100000100000010001000000001100000000110010100000000100001000100110000000000100000100001010001001011100000100010001000100010000001010000010000000000101000010,4ba454d69e0b8b560304b0d9871ab6021b5e3688c10db9777153d63f32bcb55b,row_sparsity,row_sparsity|conj|3ccb84496a|rng=MT19937-RandomState,,4,4,1,uniform,1;2;3;4,0.25;0.25;0.25;0.25,0.0006441464647650719,7.593724876642227e-05,0.0007742205634713173,0.0010786009952425957,0.004602259956300259,0.00718323141336441,0.002572905272245407,13,992,1,6,SAT_unsat_identifiable,1,boolean_factorization,exclude_x,exclude_x,0,517,2177,0,1,1,0,0,0,0,1,1,1,0,0,0.006268434226512909
4,50,10,100,132992862,28,conj,glucose42,MT19937-RandomState,0.0006529362872242928,00000000100010010101100100100000001110001001000110001000110000000100000000000001000101100101000010001100000101000111000110010101000101001100110010010000001000011101100000001000000101000000001010000011100110001000000000010100000000000101100010000000000110000001011001100010010001000000100000011010000100000000010011101000000011010000010101100001101001000100010101001000001000000000000100100000101001001000000110000000001000000000010001000000100000000000011101001100000000000001000001000000000000100000,6bc180f40b229af932b4e398fef495af2ca01ba11cf6b4cfda0f3a4aff3d89f0,row_sparsity,row_sparsity|conj|3ccb84496a|rng=MT19937-RandomState,,4,4,1,uniform,1;2;3;4,0.25;0.25;0.25;0.25,0.0007856655865907669,7.990747690200806e-05,0.0011414829641580582,0.0010347822681069374,0.0067021893337368965,0.009750944562256336,0.0030418382957577705,24,766,1,6,SAT_unsat_identifiable,1,boolean_factorization,exclude_x,exclude_x,0,1176,4377,0,1,1,0,0,0,0,1,1,1,0,0,0.007099236361682415
4,50,10,100,132992862,29,conj,glucose42,MT19937-RandomState,0.0006412733346223831,00110000100100010000010001000001000000010100010100100100100110011010001100000100000100000000010011011000001110000000011000100100000010000000000100100100010000000010101010000000100000000010000011000000000100000000100000000000001111100010010101001100001001000100000101001001010010100110110000000000010000100000000000100000100011100000000001000010010101001101010001000001000101000100000011001101110000000010100011001000000100000000101000100011100000001100101000010010010000001000000000101101000000000100,44d21a795455901cd96868e57e2e2786a06c18fa07ea614e010ac40400e21c41,row_sparsity,row_sparsity|conj|3ccb84496a|rng=MT19937-RandomState,,4,4,1,uniform,1;2;3;4,0.25;0.25;0.25;0.25,0.0007241526618599892,8.156057447195053e-05,0.0011932235211133957,0.0010517444461584091,0.0069382041692733765,0.009996648877859116,0.0030506812036037445,25,740,1,6,SAT_unsat_identifiable,1,boolean_factorization,exclude_x,exclude_x,0,1235,4576,0,1,1,0,0,0,0,1,1,1,0,0,0.007498664781451225
4,50,10,100,132992862,30,conj,glucose42,MT19937-RandomState,0.0005905646830797195,00010000000010001011000101010000100001100000001000001000010000000000010000110000000001000000001000000000100000100000000000001000000011010010010010010000000001010000000100011001000110010000111000001001010000000010100001000100100100000010010000010000110001010100001000101000010101000000000111000000010000010010010100000000010010001001000000000000000110010111000010000111000110001000000010100010000001000000000011000000011001000000100000101000000000111010100010000100010100000000011000100101001001010000,9ba6a24fc70f991d4a09d527356f9378915f4f03261e30002f2d4b3cbb6b343e,row_sparsity,row_sparsity|conj|3ccb84496a|rng=MT19937-RandomState,,4,4,1,uniform,1;2;3;4,0.25;0.25;0.25;0.25,0.0006462801247835159,7.310975342988968e-05,0.0008699651807546616,0.0010165059939026833,0.00762511882930994,0.010239004157483578,0.0026058610528707504,17,876,1,6,SAT_unsat_identifiable,1,boolean_factorization,exclude_x,exclude_x,0,753,2973,0,1,1,0,0,0,0,1,1,1,0,0,0.006662106141448021
4,50,10,100,132992862,31,conj,glucose42,MT19937-RandomState,0.0006488300859928131,00000011000010000100011100010000001000000010000000000000001000000010000001111000000010001000000010010000010000001100001101000000001010000010000010000000001000000001101000001100100000000011100000010100001101010000100000010010001100000100000000000000100010001000010110100000000100000100110000100011001010000111000010000000000000010001100001000000101001000000100111000000000000011101000000111000110000000000000001111000100011000000110100100001000000100000000000100000001000100100110000100000100010011010,688f6e02ce79524f7c2503d8f283dbc026f6b6336e27d6766b2c03f223701a2e,row_sparsity,row_sparsity|conj|3ccb84496a|rng=MT19937-RandomState,,4,4,1,uniform,1;2;3;4,0.25;0.25;0.25;0.25,0.0005875946953892708,7.118191570043564e-05,0.0007718047127127647,0.0010332725942134857,0.004266317933797836,0.006737993098795414,0.002463853918015957,14,880,1,6,SAT_unsat_identifiable,1,boolean_factorization,exclude_x,exclude_x,0,626,2431,0,1,1,0,0,0,0,1,1,1,0,0,0.006410293281078339
4,50,10,100,132992862,32,conj,glucose42,MT19937-RandomState,0.000675971619784832,10100010000010000001110000110000000100110000010000101000000000100001000000110001001010010000011000010000010111000101000001100010001000000000110001100000100000100000010110010000000000110001000000110100010000001010111000001000000000100110000001000000001000000000000001000000100000001100010001100000000000001100000000001010101000010100001110010000100000011000001100010000100000000001001000101101001000000010001001110000100000100000000001000010001010000000000001010001010010000100000000000001000000110000,da00206718d7e3e1aea74086b002a241b08c9d73bab97ab2de017d7e2343d58b,row_sparsity,row_sparsity|conj|3ccb84496a|rng=MT19937-RandomState,,4,4,1,uniform,1;2;3;4,0.25;0.25;0.25;0.25,0.0007529221475124359,8.226744830608368e-05,0.0009856624528765678,0.0010972991585731506,0.00599005538970232,0.008916951715946198,0.002918151207268238,19,904,1,6,SAT_unsat_identifiable,1,boolean_factorization,exclude_x,exclude_x,0,841,3338,0,1,1,0,0,0,0,1,1,1,0,0,0.007138306275010109
4,50,10,100,132992862,33,conj,glucose42,MT19937-RandomState,0.0006810203194618225,00100110000001000100000010000000111000000011000001011000000000100000000011100001000011001010001000000001101100010000000001001000111000110001001010010000100101100000000100000001001000000010000001000011110000000100001011100000000010010000000010100001010011101000100000110000100000000001100110010010000001000011000010000000010010001000000000101000001000110101000000010100001100000010101001000000101000010000010000010000010100011000101000000000110000000000001000011000101000100101010000100010110100000000,52da2aeb937129bdc7b09d61559c0f049b01a94ac07ce51f388c9b05ab127438,row_sparsity,row_sparsity|conj|3ccb84496a|rng=MT19937-RandomState,,4,4,1,uniform,1;2;3;4,0.25;0.25;0.25;0.25,0.0008111093193292618,7.821712642908096e-05,0.0009606508538126945,0.001112053170800209,0.00478547066450119,0.007756068371236324,0.0029620304703712463,19,890,1,6,SAT_unsat_identifiable,1,boolean_factorization,exclude_x,exclude_x,0,861,3360,0,1,1,0,0,0,0,1,1,1,0,0,0.006981228478252888
4,50,10,100,132992862,34,conj,glucose42,MT19937-RandomState,0.0006551751866936684,00010000010000101001010100100011000000101100100010100000000010000000010011000000001000000000101000010110000001001001010100000100000000110100101010000100010100110010000000010001000000101001000010001010100010000100000001000100110100000000100000100100110110011000000010110000110000000101010000110000001000000010110100010010011010100010001100100010100001000000010010100100010001001100000000100010001100001100101000000000001000001000010010110010000001001001001000110000000010001010000110000000000000000100,bb113e0c170b24c9ca4329f80b76ee736b5876dd44965a962f7e03641d174f33,row_sparsity,row_sparsity|conj|3ccb84496a|rng=MT19937-RandomState,,4,4,1,uniform,1;2;3;4,0.25;0.25;0.25;0.25,0.0007837610319256783,8.390937000513077e-05,0.0013425452634692192,0.0010867957025766373,0.007757784798741341,0.01106305792927742,0.0032970113679766655,28,806,1,6,SAT_unsat_identifiable,1,boolean_factorization,exclude_x,exclude_x,0,1372,5129,0,1,1,0,0,0,0,1,1,1,0,0,0.0077996570616960526
4,50,10,100,132992862,35,conj,glucose42,MT19937-RandomState,0.0006742263212800026,00001000010001001000000100001100001000000000010000001100011010000100010010100110000000010101110100000011010010100001011010001000100000000111100000000011000001000110000101100010010000010100000000010100010000010000011010100000010010000000000100111000010011100000101100000101000000000000000101110000000111010010000000000010000000001000010000000000000100000000001010010000001000100010100000000101001000110000000011000001110100000100001000011100000000001010000000110000000111000010000000100000000000000100,007aa3b5ef68c00552bf5341099c7065c712025d8b55c072e69f55b7f30414bf,row_sparsity,row_sparsity|conj|3ccb84496a|rng=MT19937-RandomState,,4,4,1,uniform,1;2;3;4,0.25;0.25;0.25;0.25,0.000627690926194191,7.553398609161377e-05,0.0006964895874261856,0.0010562026873230934,0.003974436782300472,0.006437818519771099,0.0024559171870350838,12,816,1,6,SAT_unsat_identifiable,1,boolean_factorization,exclude_x,exclude_x,0,518,2044,0,1,1,0,0,0,0,1,1,1,0,0,0.006006644107401371
4,50,10,100,132992862,36,conj,glucose42,MT19937-RandomState,0.0006290851160883904,00000000100000100000001000111000000000010110100000010000000000000000011000010110000100001100011000001100010100000000000100101000110010000000110100001010000100000011010100100001101000100101010001100000011001010001101010000000000100101000010100000000011000011000001000001010100000000010110010001000000010100010100000101000000100000000010001000000000100001100110001000000000000100001001100100001100101000001110100000000000100001000000101001010001011000101000000100101001000000010000000001100001000000100,7b93ab821b45fa12e63ae5b0445f9e18b2bbcad8afabf7e81bbe272d76d46c0f,row_sparsity,row_sparsity|conj|3ccb84496a|rng=MT19937-RandomState,,4,4,1,uniform,1;2;3;4,0.25;0.25;0.25;0.25,0.000674012117087841,7.217191159725189e-05,0.001036008819937706,0.0010946216061711311,0.006327559240162373,0.009211523458361626,0.00287681445479393,21,809,1,6,SAT_unsat_identifiable,1,boolean_factorization,exclude_x,exclude_x,0,999,3780,0,1,1,0,0,0,0,1,1,1,0,0,0.006935372948646545
4,50,10,100,132992862,37,conj,glucose42,MT19937-RandomState,0.0006760098040103912,00100000010011101000010000000101010000110001011001010000000001000001000010000100000000001001000000111001000011000010100000000000110000001000100001100111000000011110000000011000100100010000101010001001000000100010100000001000011100001101000100010100001000000000001001000000000100100001000001010010101010100001010101010001010011000000101000001000000111010000000000000001001000000001001011000000000100000000010001100001000000100000000000010001000011010000100000000001000001100001010000000000010010001100,4002a4a36c54f0614a8e7f35107c9e5762c512b89f874eace59cfe8f23d49d9a,row_sparsity,row_sparsity|conj|3ccb84496a|rng=MT19937-RandomState,,4,4,1,uniform,1;2;3;4,0.25;0.25;0.25;0.25,0.000773310661315918,7.2503462433815e-05,0.0008396264165639877,0.0010208776220679283,0.004712635651230812,0.007425807416439056,0.002706318162381649,16,896,1,6,SAT_unsat_identifiable,1,boolean_factorization,exclude_x,exclude_x,0,684,2763,0,1,1,0,0,0,0,1,1,1,0,0,0.006461265496909618
4,50,10,100,132992862,38,conj,glucose42,MT19937-RandomState,0.0006264178082346916,00010001000010110100000000011000010001011000000000000010101000100000011000000000000010001001011010000000001000000001000000110000100001001000000110000100000010001001100001000010000000000000100100001000010001000100110000010010001000100001011000001100110100100001000100010001000001001010100100000100010010010100000000100000000000100010100010000000100000010100000000011010100100101000000110001000011010010000001000110000010100011010000100000000000000001000000100000000010100010011001000110000111000000000,9dc37b8a0906bf3c52967a6cfd8f4c92b26e51084e10d442f00393c16d971f3b,row_sparsity,row_sparsity|conj|3ccb84496a|rng=MT19937-RandomState,,4,4,1,uniform,1;2;3;4,0.25;0.25;0.25;0.25,0.0007446110248565674,8.314289152622223e-05,0.0012712040916085243,0.0010753534734249115,0.006390728987753391,0.00957298930734396,0.0031743114814162254,26,828,1,6,SAT_unsat_identifiable,1,boolean_factorization,exclude_x,exclude_x,0,1214,4687,0,1,1,0,0,0,0,1,1,1,0,0,0.007690499536693096
4,50,10,100,132992862,39,conj,glucose42,MT19937-RandomState,0.0006326092407107353,00000110000001000000000011100000010100000000010010001000000000100011100000001100001100100100010000010010001110000110010010101100001001000011001010000000000000010000000011000010000010000000001010100000000001100000100001001101000100001000000000000101000010000100100000000000010011000001001101001000100100010100100101000001000000100000001010001000100110010000000101100100001000000111001000100100001101000010110100011000001001011010001001000000000110010001000010000110010001011010000000100010001000000000,ea563b024f1bebf2d456f987d1de354731cdafc05141bb3c6a3d5c623754f349,row_sparsity,row_sparsity|conj|3ccb84496a|rng=MT19937-RandomState,,4,4,1,uniform,1;2;3;4,0.25;0.25;0.25;0.25,0.0007444415241479874,7.099751383066177e-05,0.0011209985241293907,0.001040058210492134,0.007784942165017128,0.010769413784146309,0.002976495772600174,24,855,1,6,SAT_unsat_identifiable,1,boolean_factorization,exclude_x,exclude_x,0,1116,4311,0,1,1,0,0,0,0,1,1,1,0,0,0.007511859759688377
4,50,10,100,132992862,40,conj,glucose42,MT19937-RandomState,0.0006245877593755722,00010000000000000001000110100010010000001010100001010000000100100000110001100000000101010000001010011001000010000100000001010000010000000001000010001010110010000000100000000101110010000000000000011011010000000010000100100010001010111001000010001001010011010100000010100000100000101100000010001100110001000010101010000000001000000101000000000100000010000001000000000110000000011010011011000010010100000000010110010000000001010000000000000010000100011101000000000101100010100000100001000000100000000010,0f8e022c9dbcf74c86f2958bf7b4d3e27512f2ee33730d505efd7d5e810f179c,row_sparsity,row_sparsity|conj|3ccb84496a|rng=MT19937-RandomState,,4,4,1,uniform,1;2;3;4,0.25;0.25;0.25;0.25,0.0007904944941401482,8.84421169757843e-05,0.0010850029066205025,0.001063985750079155,0.00665296521037817,0.009688649326562881,0.00302792526781559,22,745,1,6,SAT_unsat_identifiable,1,boolean_factorization,exclude_x,exclude_x,0,1028,3946,0,1,1,0,0,0,0,1,1,1,0,0,0.006907685659825802
4,50,10,100,132992862,41,conj,glucose42,MT19937-RandomState,0.0006434908136725426,00100000101000101000001100000000100000001101000010000110110000001001000000001100000100000100010000100000100100000001000000100001000010010001001000000000000001000010000001000110110000011101000010000110000010010000010000010000100000000000001100110000000001110000010100110000000010000001110100001001000010000000000011001000000001100001000011011010001001001000010000101001000100001000000100001000000000110000001110100001100100000000100100000000010011000100001001100000000100000000000100000100000111000000,e9e79315018a26cd77fceae81fa2379d3dfe2157e93f97b4f004d7900b9c657a,row_sparsity,row_sparsity|conj|3ccb84496a|rng=MT19937-RandomState,,4,4,1,uniform,1;2;3;4,0.25;0.25;0.25;0.25,0.0006078258156776428,6.464030593633652e-05,0.0007917964830994606,0.0010736342519521713,0.005165993236005306,0.007710919715464115,0.0025378968566656113,15,984,1,6,SAT_unsat_identifiable,1,boolean_factorization,exclude_x,exclude_x,0,645,2586,0,1,1,0,0,0,0,1,1,1,0,0,0.00666346400976181
4,50,10,100,132992862,42,conj,glucose42,MT19937-RandomState,0.0006236154586076736,00011000100011001000100100011010001100001000111000110010000110010010100001000100011010000000100101001000000010010011001000001001000001010110000000001000101000110010000100000001000110001001100011010100100100000000000101010000011000100101000010000000011101000010001000011100000110011000000000110100000011011000000000100110110001100000010101000001010100110110000011000100100000100000000010000000011000000101100100000110100001100100100011100100100100010100000010000001100000011010000000100000000000110100,caf5e19e1c9db05f62363d99ef0054600ea91b044a2147735c9c03b6d486451b,row_sparsity,row_sparsity|conj|3ccb84496a|rng=MT19937-RandomState,,4,4,1,uniform,1;2;3;4,0.25;0.25;0.25;0.25,0.0009244130924344063,9.064190089702606e-05,0.001372283324599266,0.0010404037311673164,0.018572760745882988,0.02200912032276392,0.003427742049098015,30,701,1,6,SAT_unsat_identifiable,1,boolean_factorization,exclude_x,exclude_x,0,1470,5505,0,1,1,0,0,0,0,1,1,1,0,0,0.007735616527497768
4,50,10,100,132992862,43,conj,glucose42,MT19937-RandomState,0.0006623957306146622,10101100000010000110010010000001011010000000010001010011000000101101000000000011100000001010010000001000001110000010000001001001010000000100010001000011100100001000000000101000100000000010100000011000100110100010100011000100000001000000000101000000010010100000000000010000100110101000000110010100010100000001001110000000000000110010010000000000010011000100000001000010000101010001101011000000000000010110010010000000100000000100000110000001000000100010000000000000000101000000001000010010010010110000,2e23eac2545ed41b5dfc361d287be34e37342e2c853c0601cd1c1c74e8e0b9d1,row_sparsity,row_sparsity|conj|3ccb84496a|rng=MT19937-RandomState,,4,4,1,uniform,1;2;3;4,0.25;0.25;0.25;0.25,0.0007149036973714828,7.7112577855587e-05,0.0009634848684072495,0.001028217375278473,0.005079983733594418,0.007872587069869041,0.002783718518912792,19,918,1,6,SAT_unsat_identifiable,1,boolean_factorization,exclude_x,exclude_x,0,841,3338,0,1,1,0,0,0,0,1,1,1,0,0,0.006904578767716885
4,50,10,100,132992862,44,conj,glucose42,MT19937-RandomState,0.0006490079686045647,10110000000100110000100000000001000000010000000100000110000010000111000010001000100010000010001000001010010100111000000101000011101000010000000000001011101000000100000000010011000001000000001100010010100001100010000000000101000100000010000001000000001101100000000000000100000010000110001010001101000000001110101100000000101000100100000001000000000001000000100100000000010100010000100000110000000011010100010001001000001000001100110100000001001001001010000000000111100000001010000010000111001000000000,7ec054da4c23fe1cb45f1af5ffb1357117f8c2fb4728ed771fad20e3fa723773,row_sparsity,row_sparsity|conj|3ccb84496a|rng=MT19937-RandomState,,4,4,1,uniform,1;2;3;4,0.25;0.25;0.25;0.25,0.0007014777511358261,8.286628872156143e-05,0.0010139895603060722,0.0010334672406315804,0.006113708950579166,0.008953098207712173,0.00283180084079504,21,829,1,6,SAT_unsat_identifiable,1,boolean_factorization,exclude_x,exclude_x,0,969,3747,0,1,1,0,0,0,0,1,1,1,0,0,0.007226176559925079
4,50,10,100,132992862,45,conj,glucose42,MT19937-RandomState,0.0006483327597379684,00100000100000000100001000000001111000001000000000000010000000000001000000010011000011010101000100000100110000000101101011100000000010010010100000000000001110000011010000000000110110000100000001000100010000001000010000001100101000010000000000001000001001010001001000001010000100000000000001100100110000001000000011001000000000010010000010100000100000001110000111000000000111000010101000011000000001001000001000000001100000110010010010110000101000000011001100001110000000100011100000000001001101000001,5cc5beb0f27b67063e770f352787b3354fd2af70a6045833fe2d6e9144156f11,row_sparsity,row_sparsity|conj|3ccb84496a|rng=MT19937-RandomState,,4,4,1,uniform,1;2;3;4,0.25;0.25;0.25;0.25,0.0007685469463467598,7.686950266361237e-05,0.001058909110724926,0.0010009566321969032,0.006674818694591522,0.009587930515408516,0.0029052821919322014,22,878,1,6,SAT_unsat_identifiable,1,boolean_factorization,exclude_x,exclude_x,0,998,3913,0,1,1,0,0,0,0,1,1,1,0,0,0.007424580864608288
4,50,10,100,132992862,46,conj,glucose42,MT19937-RandomState,0.0006834389641880989,10001100010101000001010000011000000001000000011101010001001100000010000001100000001011100010001000001000010000100001100010010000111000000110000100000010101000000001010010100000010100000000100000100000001000000001000000000000001000000010110000010001000100011010100000001110100001000001010001100000000000001010001010010010101110000001000010100001000001011000010010000011100010101001000010110010000001100100100001000000010100000000100100110001000011000100001000111000100011000110010111000001010011010001,a312121ad9f3754e378aa29709303f0fc58cb431094fc779e004e8423e987731,row_sparsity,row_sparsity|conj|3ccb84496a|rng=MT19937-RandomState,,4,4,1,uniform,1;2;3;4,0.25;0.25;0.25;0.25,0.0009156940504908562,8.263811469078064e-05,0.0011173123493790627,0.0010651089251041412,0.006305084563791752,0.009494750760495663,0.0031807534396648407,22,890,1,6,SAT_unsat_identifiable,1,boolean_factorization,exclude_x,exclude_x,0,1038,3957,0,1,1,0,0,0,0,1,1,1,0,0,0.007352188229560852
4,50,10,100,132992862,47,conj,glucose42,MT19937-RandomState,0.0006949100643396378,01001010000010001000110100010000110001010100110000000011010111000000000000000111100001100100011100010001000000001000000001011000001000000000001010010101010100000000100100010010000100000000100000110010010110010000010010010000000001000111000001001110001010010000000000011010000001000100000000110010000010000110100111000100000000000100011000000000001101101000000000001000000000010100101100000000000100010110100010010001000010010100000100001000110100000000001000001000000100000100010010000000000001110001,9eb4fa33da891a76da44a5bcc3ebe75d2d185e495e0ddbb184f9563e73687f4f,row_sparsity,row_sparsity|conj|3ccb84496a|rng=MT19937-RandomState,,4,4,1,uniform,1;2;3;4,0.25;0.25;0.25;0.25,0.0009131003171205521,9.437557309865952e-05,0.0011671893298625946,0.0010727476328611374,0.006821798160672188,0.01007707230746746,0.0032474128529429436,24,927,1,6,SAT_unsat_identifiable,1,boolean_factorization,exclude_x,exclude_x,0,1066,4256,0,1,1,0,0,0,0,1,1,1,0,0,0.007750380784273148
4,50,10,100,132992862,48,conj,glucose42,MT19937-RandomState,0.0006349179893732071,00010011000010101000110001000000000100000001000001101000000100010010001100000101100100000000011100100000000011100000000000000000100000011010100000001110010100001000000100010100101010000000000101100000100110000100010010100001100010010100110010010100000100100010011010001000011000000001101000101100010010011000100010100000000000001000000010100001001000100100101001100100000010001000100100010100101100010001011000100001000100000110010100000001000000100000000010000010000000001100000000100110000000011010,dd0b299396fcfce096f715f8c7d110646c6c20060489cef9184e60cf3bbfccc2,row_sparsity,row_sparsity|conj|3ccb84496a|rng=MT19937-RandomState,,4,4,1,uniform,1;2;3;4,0.25;0.25;0.25;0.25,0.0008384902030229568,9.03010368347168e-05,0.001214294694364071,0.0010779565200209618,0.009196729399263859,0.012426081113517284,0.0032210424542427063,25,691,1,6,SAT_unsat_identifiable,1,boolean_factorization,exclude_x,exclude_x,0,1165,4499,0,1,1,0,0,0,0,1,1,1,0,0,0.007272617891430855
4,50,10,100,132992862,49,conj,glucose42,MT19937-RandomState,0.0006384830921888351,00010001001001000101000010000000100000000101000001000100000011100000100000100000000010111000000000010000010000000000100000110001000110000000001000000000000011010100011010011010010001001000001000011000000100000001000000101001100000001100010000000000010011001001001010000011000100000001001010000110001110010001010010000100000000000111000000000001100000100000101000101100000000100010000101000010000000001000000100000101000001000000011010010001001000001001000001000000100001010110010001100001000000100100,2f4ae8e8a6447bd2f1d632b220ef095e5fc913e9143a6b2fb642da302125a91c,row_sparsity,row_sparsity|conj|3ccb84496a|rng=MT19937-RandomState,,4,4,1,uniform,1;2;3;4,0.25;0.25;0.25;0.25,0.0007813815027475357,7.441267371177673e-05,0.001094370149075985,0.0010729143396019936,0.007123884744942188,0.010154630057513714,0.003023078665137291,22,970,1,6,SAT_unsat_identifiable,1,boolean_factorization,exclude_x,exclude_x,0,918,3825,0,1,1,0,0,0,0,1,1,1,0,0,0.007589150220155716
4,50,10,100,132992862,50,conj,glucose42,MT19937-RandomState,0.0006085475906729698,00000001000000000100001000001000010000000011100001010010000000010010100000110000000110011000101000000000000100100000001000110000100010001001000101011010001000000001000000100000101010001000000000100100000001110001101000010000010111000010100000010010000010001000000000010000001001000010000000100001110000001011010000000001000010010101101100000000000010000000001001010110000000010000110000010100000001000000010000100000000010000110000001101000010001100110000001101001000000000011000000000010000100000000,3d8d9084f643fd4b301da0e5c66d2f295145109fb09c89cd79dd12699e282665,row_sparsity,row_sparsity|conj|3ccb84496a|rng=MT19937-RandomState,,4,4,1,uniform,1;2;3;4,0.25;0.25;0.25;0.25,0.0006665019318461418,7.418915629386902e-05,0.0007945699617266655,0.0010449839755892754,0.004362315870821476,0.006950899958610535,0.0025802450254559517,15,1016,1,6,SAT_unsat_identifiable,1,boolean_factorization,exclude_x,exclude_x,0,595,2531,0,1,1,0,0,0,0,1,1,1,0,0,0.0066668372601270676
4,50,10,100,132992862,51,conj,glucose42,MT19937-RandomState,0.0006740447133779526,10100100100011100000100110000000010000000010000100010100100100000000010001000010000001010000000000011000010000000011000001000000010110000101101100100001000000000000000001001000101000010000000000000100000000100101000000000010010100011101000000010100010101000010000000010000000100000100100010001000000100010000001000000000000010110010000110001001010001000100110100000000110010000000101010010011000101000000000100010000000110001101000000010100000000111000110010100100001001010001011001000100100000010000,e5d150044fab45544b635cf13b7beff6b2a42b66e68fac8be399be41f2fa14e7,row_sparsity,row_sparsity|conj|3ccb84496a|rng=MT19937-RandomState,,4,4,1,uniform,1;2;3;4,0.25;0.25;0.25;0.25,0.0007577277719974518,9.301677346229553e-05,0.0010875044390559196,0.0010749772191047668,0.011225607246160507,0.01424754410982132,0.003013226203620434,22,832,1,6,SAT_unsat_identifiable,1,boolean_factorization,exclude_x,exclude_x,0,1028,3946,0,1,1,0,0,0,0,1,1,1,0,0,0.0075259143486619
4,50,10,100,132992862,52,conj,glucose42,MT19937-RandomState,0.0006360653787851334,00010000000001100011000001001010100001100001010010010010000000110101000000000010100000001000000000101000000101001000001000000010100100000000000100100000000101100101100000000010000000010000001010000011101000110000000010000000001001000000011100000111100001000011000011001000010101010100000100000000100000000000010000001101001001011001001010000000001000100010001000000001000011001000000010000000010101010000001101000000010001001000101000000000001000000001000100000000010000010000010001000110101000000001,900eddea48106ee101d5233e9278ba94ab2272d3c31c9c6716e31d1c9fb38675,row_sparsity,row_sparsity|conj|3ccb84496a|rng=MT19937-RandomState,,4,4,1,uniform,1;2;3;4,0.25;0.25;0.25;0.25,0.0005660643801093102,6.3333660364151e-05,0.0,0.0,0.0,0.0006344662979245186,0.0006293980404734612,10,1024,1,4,identity_submatrix_identifiable,0,,,exclude_x,0,0,0,1,0,1,0,0,0,0,1,1,1,1,0,0.005812225863337517
4,50,10,100,132992862,53,conj,glucose42,MT19937-RandomState,0.0006464561447501183,00110100100111000000000110001100001011100000010000000010001010000001100011010001000111000000010001001011000100100101100010000000011011100000001000100000010000000000001010100010000000010011000000000011100010000000001001010100001010110000101001000000001100001001001000000010001000000000000100001011000100000000010001100100000001000011000011001000000100000100100100100010111001011000010010100000000011000000000100000100000011000000010010000100000100000000010000000000101010011010000000000000100110010010,9e0b1c17ebea51052d5d27d1e2c8a31f26f8eacb6186f19185fdad4efd427754,row_sparsity,row_sparsity|conj|3ccb84496a|rng=MT19937-RandomState,,4,4,1,uniform,1;2;3;4,0.25;0.25;0.25;0.25,0.0007968517020344734,9.093340486288071e-05,0.0011648060753941536,0.0010463986545801163,0.007975335232913494,0.011083053424954414,0.003098989836871624,24,916,1,6,SAT_unsat_identifiable,1,boolean_factorization,exclude_x,exclude_x,0,1106,4300,0,1,1,0,0,0,0,1,1,1,0,0,0.007548099383711815
4,50,10,100,132992862,54,conj,glucose42,MT19937-RandomState,0.0006784014403820038,00101000010000000111000101101000000110110000001100000011000100101001000000100010011000110000001001010001100010000110001000001000000001000000101000000101010000000010011000000010101000011100001000000010000000110100100000010000100000010001001000000001110100010000000011000001000000101110000100100000001000000001000000010110000000110011100010000101010010100100000001100011000010001011100000010001000000110010001000100001010100110010011000000000010001011000000101000000000001001000000001000001100100101010,82c0080912a7d422806cf1086b638a40bb07696fc0fc3264b2ae6098dae2e5d6,row_sparsity,row_sparsity|conj|3ccb84496a|rng=MT19937-RandomState,,4,4,1,uniform,1;2;3;4,0.25;0.25;0.25;0.25,0.0008517401292920113,8.628517389297485e-05,0.0012242747470736504,0.0011286716908216476,0.011142848990857601,0.014442076906561852,0.003290971741080284,25,849,1,6,SAT_unsat_identifiable,1,boolean_factorization,exclude_x,exclude_x,0,1175,4510,0,1,1,0,0,0,0,1,1,1,0,0,0.007465709932148457
4,50,10,100,132992862,55,conj,glucose42,MT19937-RandomState,0.0006645992398262024,10000001000001000000000111001000000011110000001100001000001100000100010000000001000000010011000010100100100000100110100000000001000100010001010100001010000000001010100100010110010001000001110000110100010000000000000110011100001001010000001000001000010000100010111000010000100000101000011000000000010011100000000000010000100100001110000000000000001001010011100000000000010001010000000100110000010011100000010001000011000000001001001001010000011010001000011001010001000111010100001010110000100000000010,0f12070bbf2198af86ce55547ca617634221c2e20ca3e2a0fdc1d351f59a7bab,row_sparsity,row_sparsity|conj|3ccb84496a|rng=MT19937-RandomState,,4,4,1,uniform,1;2;3;4,0.25;0.25;0.25;0.25,0.0007896041497588158,8.261390030384064e-05,0.0010558385401964188,0.0011055758222937584,0.006967100314795971,0.010009774006903172,0.0030336324125528336,21,787,1,6,SAT_unsat_identifiable,1,boolean_factorization,exclude_x,exclude_x,0,949,3725,0,1,1,0,0,0,0,1,1,1,0,0,0.006867687217891216
4,50,10,100,132992862,56,conj,glucose42,MT19937-RandomState,0.0006676949560642242,00011010100100000000010000001001110000010000000010000100000100001000000011001010010001000000000100000110010001001000000001011000100101000100000001000000110001000100000000000101001110000001110001101001100001000000100101101100000000001000010000001101010100000000000000010110001010001001000001000010001100100100001000110100001100000001100001100010000000100100001100000001000011011000000001100100001000001100000000001100100001010000100000000001010110001010000000000000100000010000000000001110100101010010,449a693c2315e7b680f379bf7d331c51a749e02a90a8051ddd375fd9f6b0a9ce,row_sparsity,row_sparsity|conj|3ccb84496a|rng=MT19937-RandomState,,4,4,1,uniform,1;2;3;4,0.25;0.25;0.25;0.25,0.0007185088470578194,7.125362753868103e-05,0.0009435852989554405,0.001092015765607357,0.00559056643396616,0.008423286490142345,0.002825363539159298,18,786,1,6,SAT_unsat_identifiable,1,boolean_factorization,exclude_x,exclude_x,0,832,3194,0,1,1,0,0,0,0,1,1,1,0,0,0.006793471984565258
4,50,10,100,132992862,57,conj,glucose42,MT19937-RandomState,0.0007011266425251961,00100000000000000100110000011000001000001000000110000000001000001100000011010000000101100101000100001100000000010000000000011110000001001000000101001010000011010010000010001010011000011001010110010100000000101000100000000000001000101000010110001000000010010000100000000010001001000100001110100000010001010001001110001000110010000100100000000000001101100010001010000000000001100010000000010110010000101000000000100001000010101000100000000100000000110011000010001000000010000011010000000001000010000000,6a44c4ff6a740f8de9def3b602c6b350aa43d2ec7f890c4e03a55d9ed1b56733,row_sparsity,row_sparsity|conj|3ccb84496a|rng=MT19937-RandomState,,4,4,1,uniform,1;2;3;4,0.25;0.25;0.25;0.25,0.0007985373958945274,8.336734026670456e-05,0.0010710647329688072,0.0010712360963225365,0.006377245299518108,0.009409921243786812,0.0030242055654525757,21,761,1,6,SAT_unsat_identifiable,1,boolean_factorization,exclude_x,exclude_x,0,959,3736,0,1,1,0,0,0,0,1,1,1,0,0,0.006833345629274845
4,50,10,100,132992862,58,conj,glucose42,MT19937-RandomState,0.0006557507440447807,01100000110001000101000000001000001000010001000000100011010000010000001000001000100010100011011000000000000010001100000010010000000010000101000000100000100010000010000000101000010100010101100001000001001000110001000100000000010001010000000000000101111000001000000101001100000100100110000000000000000101100000001100001001100000010000000010000100110000010010010101000000100010100101000101010100000100000011010000010001001001000011001000100100011000000000000000100000001000100000000100111001000001100010,794471572bf51cbfed22092adf39037ea454addea3c2c9cfce424eeeffe9bb90,row_sparsity,row_sparsity|conj|3ccb84496a|rng=MT19937-RandomState,,4,4,1,uniform,1;2;3;4,0.25;0.25;0.25;0.25,0.0007727043703198433,8.393079042434692e-05,0.0012201936915516853,0.0010596346110105515,0.0066622840240597725,0.009808325208723545,0.003136463463306427,25,864,1,6,SAT_unsat_identifiable,1,boolean_factorization,exclude_x,exclude_x,0,1185,4521,0,1,1,0,0,0,0,1,1,1,0,0,0.007786087691783905
4,50,10,100,132992862,59,conj,glucose42,MT19937-RandomState,0.0006701089441776276,11001000000100001010010000011000010000001000010000000001000011000100000100000000100000000001100110000100000001010000101000100100001000101100001010100000100001010000100000000000000101000000000000000100010000000001000000000000000010000000010000000010101000110000000000000100000111101000100000010101000000101000100100000000001010101000000000100000010000000110000000000000101011000001000000010100001000000001000000011000001100000000010100100100001000001100101011000001000101000111100001000000100110000110,c64ec4b8c11b4476ad88207d9f58ae006af0bf82ae4ef329808619235365f23f,row_sparsity,row_sparsity|conj|3ccb84496a|rng=MT19937-RandomState,,4,4,1,uniform,1;2;3;4,0.25;0.25;0.25;0.25,0.0006658351048827171,8.487515151500702e-05,0.0009563425555825233,0.0010767513886094093,0.0054676467552781105,0.008259610272943974,0.002783804200589657,19,808,1,6,SAT_unsat_identifiable,1,boolean_factorization,exclude_x,exclude_x,0,901,3404,0,1,1,0,0,0,0,1,1,1,0,0,0.006765889003872871
4,50,10,100,132992862,60,conj,glucose42,MT19937-RandomState,0.0006084628403186798,00010100101000001000000011001101000011010101000011010001100001000010000110011000001100100000100001000001010000010000011100000000010000010001000010000110000011100000000001010000000010000010111010100000100000010000000010111000101010000110000001001010100001010010010010101001101000010101011000000010000010101001000010110001101001100000011100100000010000000110110000010010010100000000000001010001000011000001000001000000001000000001011001100100000000001001001001000010000000100001010010110000010001001010,ac206b1dfcd5724bad7f92567ea6ab1238743216351e101b89e347dff47b4141,row_sparsity,row_sparsity|conj|3ccb84496a|rng=MT19937-RandomState,,4,4,1,uniform,1;2;3;4,0.25;0.25;0.25;0.25,0.0008718455210328102,8.069444447755814e-05,0.0011502858251333237,0.0010546380653977394,0.007132494822144508,0.01029999926686287,0.0031574638560414314,24,843,1,6,SAT_unsat_identifiable,1,boolean_factorization,exclude_x,exclude_x,0,1086,4278,0,1,1,0,0,0,0,1,1,1,0,0,0.007432292215526104
4,50,10,100,132992862,61,conj,glucose42,MT19937-RandomState,0.0006757769733667374,00001100100000100000001000000000101001000001000001010010100000100000001000000000000100110001000000011010100000000001110001000011100011000100100010000100011001000000110000010000110000001000000000010001100000101011001001000000001000000001000010000000000010001100000100000011001001000000101100000010000011000001000000011010000101000100011000100101101000000000001100100100000000110000110100100000010110100100000010000011100000100001000110000101111000010000100000011000000010000010000000001001000000001000,e8bbead3bfe26cb760ebab7c6bbd54460352d52cce6104e6b8468b307c7fc627,row_sparsity,row_sparsity|conj|3ccb84496a|rng=MT19937-RandomState,,4,4,1,uniform,1;2;3;4,0.25;0.25;0.25;0.25,0.0008181221783161163,0.00012071337550878525,0.0012302584946155548,0.0011136354878544807,0.009766158647835255,0.013058966025710106,0.003282729536294937,25,877,1,6,SAT_unsat_identifiable,1,boolean_factorization,exclude_x,exclude_x,0,1125,4455,0,1,1,0,0,0,0,1,1,1,0,0,0.007752487435936928
4,50,10,100,132992862,62,conj,glucose42,MT19937-RandomState,0.0006714677438139915,01001010100100010001000100000010100000001001010100010000000110010100000010000000000010010000000100010000011000010010001100000000100000000100010001000000110001101010001010011011000010001001000000100000011000000000000000011100110000010011001000101001000001010010001000000010000000001000010000100011010000000100010110000100000010000100000000011100000100001100010100100001110011001010000001011101000100010000001001001100100011000011000000000100010000000001101000000000000001011000000101111000000001010010,f072e524d8e62804e8ad11a4480fb46523f19ce1de91ca2b59ea75e196150d8a,row_sparsity,row_sparsity|conj|3ccb84496a|rng=MT19937-RandomState,,4,4,1,uniform,1;2;3;4,0.25;0.25;0.25;0.25,0.0007581785321235657,7.46091827750206e-05,0.0009339377284049988,0.001082192175090313,0.014118209481239319,0.01697480585426092,0.002848917618393898,18,930,1,6,SAT_unsat_identifiable,1,boolean_factorization,exclude_x,exclude_x,0,802,3161,0,1,1,0,0,0,0,1,1,1,0,0,0.007151088677346706
4,50,10,100,132992862,63,conj,glucose42,MT19937-RandomState,0.0006525982171297073,00010000010010100000010010011000100011000010001000000001100100011000000000000011011100000100000010010000000100100000000010000000011000010010100100001000100101010000100001000100110001001110000000001100100001001001100010100010000000000000111101010010001000000110000000000101001010000000001000100110000010010000000000000100101001000000000100000000001001001000000000011010001010000000011000101000010000100000011001100000001001001010101001101000010100100101000001001100000100010000001100101000100101001010,8a8f1fc7bfd60e4bbb2ff80338e1fda16ad46f9cb085c7b2604b3cc9fe26ff94,row_sparsity,row_sparsity|conj|3ccb84496a|rng=MT19937-RandomState,,4,4,1,uniform,1;2;3;4,0.25;0.25;0.25;0.25,0.0008291816338896751,0.00010324083268642426,0.0011887960135936737,0.0011082002893090248,0.00716750044375658,0.010405189357697964,0.003229418769478798,24,842,1,6,SAT_unsat_identifiable,1,boolean_factorization,exclude_x,exclude_x,0,1106,4300,0,1,1,0,0,0,0,1,1,1,0,0,0.007534501142799854
4,50,10,100,132992862,64,conj,glucose42,MT19937-RandomState,0.0006441017612814903,00001000001000001000000000001000100000000010011100100000000010000100000001000000100100010000010010010101001001001010000100000000101011000100001000111000010101100000000010010000000000100000000010110000001000101111000001000110001010001100011000010000101000100000001001101000010101000000000100001010100010010011000000100000000100000000101000000001000110000011101010000001101000000001100010100000000000101000010000000010101000001001100111000001100000000000010010000000100000001000000010000000100100110001,715caa86aa919c318dbba50dd3c344bbac698eb4403f9895cd6be393fa34eda8,row_sparsity,row_sparsity|conj|3ccb84496a|rng=MT19937-RandomState,,4,4,1,uniform,1;2;3;4,0.25;0.25;0.25;0.25,0.0007861638441681862,8.629262447357178e-05,0.001248406246304512,0.001084696501493454,0.007767585106194019,0.010983479209244251,0.003205559216439724,25,822,1,6,SAT_unsat_identifiable,1,boolean_factorization,exclude_x,exclude_x,0,1225,4565,0,1,1,0,0,0,0,1,1,1,0,0,0.007487934082746506
4,50,10,100,132992862,65,conj,glucose42,MT19937-RandomState,0.000663071870803833,00110011001001001000010000101110000000001000010001010000010100101000000010000000010100100100100101000000000100000000100000100011010000010100000000110110000000100000100010111100000001000110001001000000000000011010010010001010110000000000010000000100000000001000010000011000000000100000001110000001000000000100000101000101100000011101001010000000000100100000000010001000010000000010000001101000111000100010000110000000100010000000000010000010100000011110000010111001000000100011010000000001000100010001,e5e50fd76c8d52d0932a53aaf954ef8dd1eb1a5dc5a4a42f9c47b9a07c0825bb,row_sparsity,row_sparsity|conj|3ccb84496a|rng=MT19937-RandomState,,4,4,1,uniform,1;2;3;4,0.25;0.25;0.25;0.25,0.0006770975887775421,8.655432611703873e-05,0.0012567536905407906,0.0010189590975642204,0.006830528378486633,0.009880208410322666,0.003039364702999592,26,656,1,6,SAT_unsat_identifiable,1,boolean_factorization,exclude_x,exclude_x,0,1314,4797,0,1,1,0,0,0,0,1,1,1,0,0,0.0073694996535778046
4,50,10,100,132992862,66,conj,glucose42,MT19937-RandomState,0.0007010484114289284,10000000101000000110010011001000000000100000010100000000100110100110000100010010000100000001010000110000000100001100100011000000010000010100010101100000000001000100000000011000000000000001100101000000110010000000000010000000111100000000000100001000101000001110100100001101011001001000010000000011010100100001000100000000100001100000101001010001010011000010010110010000000000100000101100010000000010000000000001001000000111000101001001001010001000000000001110100000100100001000110000000100001000010000,7eda95f95a917ff32816908e0494a14d4c485124f80c595bbaa71465459371b1,row_sparsity,row_sparsity|conj|3ccb84496a|rng=MT19937-RandomState,,4,4,1,uniform,1;2;3;4,0.25;0.25;0.25;0.25,0.0006610704585909843,7.143430411815643e-05,0.0007711872458457947,0.0010485490784049034,0.003916767425835133,0.006476498208940029,0.002552241086959839,14,984,1,6,SAT_unsat_identifiable,1,boolean_factorization,exclude_x,exclude_x,0,576,2376,0,1,1,0,0,0,0,1,1,1,0,0,0.006670907139778137
4,50,10,100,132992862,67,conj,glucose42,MT19937-RandomState,0.0006591789424419403,00000100010000010000110010100000010000000100011000110000010000101011000101101000100010000000110101001010000000001000001001100110000000100110100010010110000001101000100001000100110001001000000001011010100000000000001000100100000000000000010010000101011001000000001101001001010000000001010000000000011100001000000010100001110011000000000010000101101000100000000001000000000100001001100000010000010000000100001010001010011000000110001000000000000101011000000100100100010010000010001001000101100010001110,58d9f770868413c5a65e0584d556718044268129b421e9fc49f7f6f90760ac73,row_sparsity,row_sparsity|conj|3ccb84496a|rng=MT19937-RandomState,,4,4,1,uniform,1;2;3;4,0.25;0.25;0.25;0.25,0.0008037621155381203,8.627679198980331e-05,0.0010926565155386925,0.0011044619604945183,0.008108981885015965,0.011203780770301819,0.0030871573835611343,21,858,1,6,SAT_unsat_identifiable,1,boolean_factorization,exclude_x,exclude_x,0,969,3747,0,1,1,0,0,0,0,1,1,1,0,0,0.007298796437680721
4,50,10,100,132992862,68,conj,glucose42,MT19937-RandomState,0.0006693014875054359,10010000010010000110000000010000110100000010000010000010000001110001000000000001010001100000100000000100101010000001100100011000000000000100100000001001001000001001000010000010000010100001000000001100010110001000101110000000110100000100101001010101000101010000000000001000000111100000000100100011000000011101000010100001010000000000001000001001000000010000000000100000000010101001000000001001000100100000000001100000000000000101110000010100000100001001000000011000101000000010000110000000000000000100,14a77ca076029a38b131f2b9a5e48d6377b3ffb571c1981a69f76ce7b77ca371,row_sparsity,row_sparsity|conj|3ccb84496a|rng=MT19937-RandomState,,4,4,1,uniform,1;2;3;4,0.25;0.25;0.25;0.25,0.000750487670302391,9.171292185783386e-05,0.001167583279311657,0.0010439194738864899,0.007040956057608128,0.010103881359100342,0.0030537033453583717,24,870,1,6,SAT_unsat_identifiable,1,boolean_factorization,exclude_x,exclude_x,0,1126,4322,0,1,1,0,0,0,0,1,1,1,0,0,0.007583550177514553
4,50,10,100,132992862,69,conj,glucose42,MT19937-RandomState,0.0006832471117377281,01100001010100000100100110000000011000000001000001001000000010110100001001001000000101000000000100001000000000000110001010100100010000100000100000010000001100101000000000000000001000010001011000000000010110010010000000001000000010001000100101010001100000010000000000110001000100000000000010000100000010100000100010100000001010100101110000011000101001010010011000001001110010000000110000100001000100000000110000000000010000100000000001000000000010011100000010010000000010101000110000110000010000100000,bc7594f15b68938743d62e00333719da2ab658e1475db821b081e0c3986e0bf7,row_sparsity,row_sparsity|conj|3ccb84496a|rng=MT19937-RandomState,,4,4,1,uniform,1;2;3;4,0.25;0.25;0.25;0.25,0.0006638485938310623,8.173007518053055e-05,0.0009334636852145195,0.0010859780013561249,0.0056451354175806046,0.008418220095336437,0.0027650203555822372,18,803,1,6,SAT_unsat_identifiable,1,boolean_factorization,exclude_x,exclude_x,0,832,3194,0,1,1,0,0,0,0,1,1,1,0,0,0.0066968584433197975
4,50,10,100,132992862,70,conj,glucose42,MT19937-RandomState,0.0007019573822617531,00001000000100100100000101000001000001010000000101000000001000100010000000010010001001000000000100000000000010001100000000000100000100001011001100000110101000100000100011000000001001000010010000101000011000101000010010110000010011100000000010000011000001010011001100001010001001100000000010100000100101001001010010000011000000100000000101110010000001001000000100110110001100100001000000001010110000100010000000101011000000000100100100100011011001000000111000000000000100000000011101000011101000100000,dc3923f27c0e2048c44e5c930d3c4b1aa822959ac3a092e3365e4008aa656205,row_sparsity,row_sparsity|conj|3ccb84496a|rng=MT19937-RandomState,,4,4,1,uniform,1;2;3;4,0.25;0.25;0.25;0.25,0.0007927482947707176,8.670054376125336e-05,0.0011661145836114883,0.0011119861155748367,0.007687869481742382,0.010853945277631283,0.003157549537718296,23,764,1,6,SAT_unsat_identifiable,1,boolean_factorization,exclude_x,exclude_x,0,1097,4156,0,1,1,0,0,0,0,1,1,1,0,0,0.007142714224755764
4,50,10,100,132992862,71,conj,glucose42,MT19937-RandomState,0.0006273584440350533,10000000000000000010010110000010100000000000000100000001000000000100010011010000101011000000010000000000001010100000000010000110001001100001011000011010000111000000100110000001001111000001000100111000011010010001011000100100110010010010010000100000001110010000100100001111100000010000001001001101000100000100000101000010011001010010100010010001100100011010100001000101010001110001001011000010100100010000100000001010000110100010100001100010000000010000000100110000001001000000010000000001000000100000,d9267c2c03abbfb85caafdbaca782d403a4e3f7cb35785e6a9938ee2d8eb6239,row_sparsity,row_sparsity|conj|3ccb84496a|rng=MT19937-RandomState,,4,4,1,uniform,1;2;3;4,0.25;0.25;0.25;0.25,0.0007910691201686859,8.932594209909439e-05,0.0013148272410035133,0.0010573724284768105,0.008613714016973972,0.011873587034642696,0.003252594731748104,26,776,1,6,SAT_unsat_identifiable,1,boolean_factorization,exclude_x,exclude_x,0,1304,4786,0,1,1,0,0,0,0,1,1,1,0,0,0.007624225690960884
4,50,10,100,132992862,72,conj,glucose42,MT19937-RandomState,0.0006843619048595428,11000010000000000011010000011101011000000001000000001100000011000000100100000010000000111000000010110100011000001010101000000110100001101010000000010110000110001000011000001000110100101100100000011000000001000010101001000100000000111000001000000001001100100100011000100000000000011100000101000101010101100000010000100010001000000000000110100001010010011100000000000110100010000000010010001000001100100010001010010100011000001010000111000000001001110000001010000000000111100001100100000011010000000100,529e3fce65eca6a3fccb09fa024239045f66b1586c5f9a635ab5d0930917d6c5,row_sparsity,row_sparsity|conj|3ccb84496a|rng=MT19937-RandomState,,4,4,1,uniform,1;2;3;4,0.25;0.25;0.25;0.25,0.0008376333862543106,9.847152978181839e-05,0.001211988739669323,0.0010797809809446335,0.008778473362326622,0.012014493346214294,0.0032278746366500854,25,734,1,6,SAT_unsat_identifiable,1,boolean_factorization,exclude_x,exclude_x,0,1185,4521,0,1,1,0,0,0,0,1,1,1,0,0,0.007492702454328537
4,50,10,100,132992862,73,conj,glucose42,MT19937-RandomState,0.0006697168573737144,00100000100000100101000010000000100000000010000000001000101000000010001101000000001100010100100000110010100000000100000000101100000000010000000100010000000010000010011001001000000010001000001000100011000010000000101110000100000000000111000000001000100100011010010000000110000000101000110100100010000000001001000000110000101100001000000010100000110000100000000000010000101000011100100000000000000100000010000100100000000100110000000001001010000000000100000100000000000001100000000011000100101101000001,1088d9387cabb66894e68b20a5daf058dd1e625ab39d79f8bf47747fdb106335,row_sparsity,row_sparsity|conj|3ccb84496a|rng=MT19937-RandomState,,4,4,1,uniform,1;2;3;4,0.25;0.25;0.25;0.25,0.0007068822160363197,8.150562644004822e-05,0.0009137969464063644,0.001070925034582615,0.0062943510711193085,0.009076009504497051,0.0027731098234653473,17,960,1,6,SAT_unsat_identifiable,1,boolean_factorization,exclude_x,exclude_x,0,703,2918,0,1,1,0,0,0,0,1,1,1,0,0,0.006821422837674618
4,50,10,100,132992862,74,conj,glucose42,MT19937-RandomState,0.0006721243262290955,01000000000001110010000001011010010100101011000001010100010101000000000010000000000001101000010010000000010001101001000000110101001010010000000010000000000010000000001000010010011010000001110000001000011010100011010000001010000100000001000000100000000010101100000011010101000011000000100001000000001000001000000000000100000000001000110100000101101000000010100110001110001001000001010101010001010100000000100000000000000100010010001000000100100010000001000100011010000000010100100100000000100110000010,b00a7b8a354d0ea8856712787a54ec46c6d4198c03f5d4572d5089e16f7a182f,row_sparsity,row_sparsity|conj|3ccb84496a|rng=MT19937-RandomState,,4,4,1,uniform,1;2;3;4,0.25;0.25;0.25;0.25,0.0006830664351582527,8.691288530826569e-05,0.0009651919826865196,0.001028798520565033,0.005091095343232155,0.007862929254770279,0.002763969823718071,19,901,1,6,SAT_unsat_identifiable,1,boolean_factorization,exclude_x,exclude_x,0,861,3360,0,1,1,0,0,0,0,1,1,1,0,0,0.0070892637595534325
4,50,10,100,132992862,75,conj,glucose42,MT19937-RandomState,0.0006900373846292496,00000000010000000101100000000001101010000010000000000111001001100011000010000000001001000000000100001001100000000100000101110001000000000010011000010001010001010001000000010000100100000000011010000000000110000100100000000100000000100000010100000000100000001011010000100010100000010001000100100100000011000000110011000000000001001000001000100001000000010101001011000100100100000001110000010000000001000100100001010000010100000001001000001011000010000000000001100100000000001100100000000111010010000000,8fb49450840eb2dc0655aa152f25af88da4a1d2f0a74a86e11840bd0e528cce4,row_sparsity,row_sparsity|conj|3ccb84496a|rng=MT19937-RandomState,,4,4,1,uniform,1;2;3;4,0.25;0.25;0.25;0.25,0.0006691990420222282,6.36586919426918e-05,0.0007201433181762695,0.0010777832940220833,0.0042013926431536674,0.006742024794220924,0.002530784346163273,13,892,1,6,SAT_unsat_identifiable,1,boolean_factorization,exclude_x,exclude_x,0,557,2221,0,1,1,0,0,0,0,1,1,1,0,0,0.006099372170865536
4,50,10,100,132992862,76,conj,glucose42,MT19937-RandomState,0.0006499271839857101,00100000000000010000000000100000000110001100000010000001100001010011001000000000000000010000100000000010010011100000001000100000001000110100000001000000000001011000000010101010000000110000000100000001000001010000100000110100010011001000000001000100101000000010010001001010000000101100000101000011100110000001100100011010000000001000001000000010100101001000000110000000010000011000001011010000110010001000000001000010011000010010010010011010100100110000100001111000110010111000000001000100001000000000,99237f4ea491cba57005445a0f09ab46cfe8bbeb606bca1eb9b7f96647abb7d8,row_sparsity,row_sparsity|conj|3ccb84496a|rng=MT19937-RandomState,,4,4,1,uniform,1;2;3;4,0.25;0.25;0.25;0.25,0.000658886507153511,8.22385773062706e-05,0.000972893089056015,0.0010784408077597618,0.006643675267696381,0.009444925002753735,0.0027924589812755585,19,790,1,6,SAT_unsat_identifiable,1,boolean_factorization,exclude_x,exclude_x,0,861,3360,0,1,1,0,0,0,0,1,1,1,0,0,0.006751076318323612
4,50,10,100,132992862,77,conj,glucose42,MT19937-RandomState,0.0006697503849864006,01000010010000000011100100001100001000000010000110011010000000100010100000111000001000000000000000011001000000011100010000100000000010100000000010000001011000100000001000001000000001000010011100000100000100001011000001000000001000000010000000100010000000100001000010100100101100100010000001010110000110000011100000011100101000110000000010000001010110111001000001000000000101000100100100100000100000001000000000000100100110100001000001110010101011000000000111100101001010100101000001011000100001000000,a9e31f5dd4b4533da3c400fa0ec983e8f120e924056dbfdbb9d67c7c4ef373b3,row_sparsity,row_sparsity|conj|3ccb84496a|rng=MT19937-RandomState,,4,4,1,uniform,1;2;3;4,0.25;0.25;0.25;0.25,0.0007696989923715591,8.851289749145508e-05,0.0012021148577332497,0.0010691024363040924,0.00990590825676918,0.013044028542935848,0.0031294291839003563,24,713,1,6,SAT_unsat_identifiable,1,boolean_factorization,exclude_x,exclude_x,0,1186,4388,0,1,1,0,0,0,0,1,1,1,0,0,0.007172821089625359
4,50,10,100,132992862,78,conj,glucose42,MT19937-RandomState,0.0006815074011683464,10000101000010000000000101000001100000010100000000000000010111100000010000100000000010000001000101100001000000100000000000100000000000001000100001011000100000000100100000000000001100010000010010100010011000100000011010000000001110000000011001000110011100000101001000000011000001010000100100000100000100000000010100101000101101000000001111000110110000000001000000100010000000001000000001011000000000100010001100001000000000000010001011000001010000000010100000111010001000000100000000010000000000001001,afdd2ef19d37b8a6b1814869f93f418bded877487c133370973184ebf847fd57,row_sparsity,row_sparsity|conj|3ccb84496a|rng=MT19937-RandomState,,4,4,1,uniform,1;2;3;4,0.25;0.25;0.25;0.25,0.000637994147837162,7.084105163812637e-05,0.0007743583992123604,0.0011224346235394478,0.006453716196119785,0.009066928178071976,0.0026056282222270966,14,988,1,6,SAT_unsat_identifiable,1,boolean_factorization,exclude_x,exclude_x,0,576,2376,0,1,1,0,0,0,0,1,1,1,0,0,0.006269104778766632
4,50,10,100,132992862,79,conj,glucose42,MT19937-RandomState,0.0006181625649333,11010000001000000000000001000000000001001100000001000101000000000110100001000000010001000000010000101010000000001010010000011000101011000001000000111010101100000000000100100000000100010100000000000100001000100000010101100010001100000100000001100010010000011101001000000101001011000100010000000100010000010000100100010000100000010000001010000100000100000000111100001010000000011011000011100000000010100101100100000000010000001000000110100001110100000100001001100001000000001000010001000010000000000001,a08490bcbccbe8bc59f18146781cdc88bf48010a3ba2faf99e725f9379a40b4c,row_sparsity,row_sparsity|conj|3ccb84496a|rng=MT19937-RandomState,,4,4,1,uniform,1;2;3;4,0.25;0.25;0.25;0.25,0.0006838617846369743,7.313676178455353e-05,0.0010173628106713295,0.0010725045576691628,0.006625529378652573,0.009480280801653862,0.00284686591476202,21,857,1,6,SAT_unsat_identifiable,1,boolean_factorization,exclude_x,exclude_x,0,929,3703,0,1,1,0,0,0,0,1,1,1,0,0,0.007171234115958214
4,50,10,100,132992862,80,conj,glucose42,MT19937-RandomState,0.000670979730784893,01101000001001100010110001000000000100000000011100000100001000010000001011000100100000000100010000001000100010010010000100100000100000101000010001010000101101000100100000000100000000101001000000001000000000011010010000000000100000101100000000010001100000100100000000010001100010100001000000000101100100110011000001000101100110000100010000001000010010010001000000000000011101010000011000110000000001000000001100010000000000001010000011000010100000001001001000011000010010010100110011000000001000000000,0111c150b715bd3497e0cfeb67c4fc61ddde8e4d344044b1f5fcca6f753cd494,row_sparsity,row_sparsity|conj|3ccb84496a|rng=MT19937-RandomState,,4,4,1,uniform,1;2;3;4,0.25;0.25;0.25;0.25,0.0007108896970748901,7.05476850271225e-05,0.000852649100124836,0.000998048111796379,0.00474920030683279,0.007391001097857952,0.0026321345940232277,17,888,1,6,SAT_unsat_identifiable,1,boolean_factorization,exclude_x,exclude_x,0,753,2973,0,1,1,0,0,0,0,1,1,1,0,0,0.006764638237655163
4,50,10,100,132992862,81,conj,glucose42,MT19937-RandomState,0.0006525712087750435,00000000111011001000110001000110001011001000000001101100001000000101001010000001100000101001010010000001001000000001111000010110000100000010001000000000010000100000000001100000000110010001011010100000000000100001010000000001101001111000001010100100100100000010000000100001111000001000000010001111000011000001000100000000010000000001001000000001100010000000000101010000000000010100000010001100100000000100011100100101001000000100000101011000000010010110000100000010100000000100110100000100000000100100,f1d977b3442ae219c34ffcfd37191dd97017170cc7f4d6998adeb9f2e225693d,row_sparsity,row_sparsity|conj|3ccb84496a|rng=MT19937-RandomState,,4,4,1,uniform,1;2;3;4,0.25;0.25;0.25;0.25,0.0008717896416783333,0.00010668393224477768,0.0013041775673627853,0.0010267263278365135,0.01613690610975027,0.019456490874290466,0.00330937746912241,28,836,1,6,SAT_unsat_identifiable,1,boolean_factorization,exclude_x,exclude_x,0,1322,5074,0,1,1,0,0,0,0,1,1,1,0,0,0.007822432555258274
4,50,10,100,132992862,82,conj,glucose42,MT19937-RandomState,0.0006406158208847046,00000000100000001000100001100101010010010100000000000001010001110000001100001000001001100000001000000010011000011000000010000000000010100001001000110100100000001000110000000000101000010001000110000010001010001011000000000000110100010000110100000000100000101010001000001101000010101000000000011010000111110000000110000100000001010101000100000001001101100000000011100000100101010000100001000100010011010000000010100001011000000100000011100000000001000010000100010010001010001000001011000000010001010101,36d9c1858e14628174aa01686e6ed90394e46ef065bdfadf931e770c647a179f,row_sparsity,row_sparsity|conj|3ccb84496a|rng=MT19937-RandomState,,4,4,1,uniform,1;2;3;4,0.25;0.25;0.25;0.25,0.0007559787482023239,7.599033415317535e-05,0.0010576928034424782,0.0010610409080982208,0.006351534277200699,0.009309581480920315,0.0029507027938961983,22,752,1,6,SAT_unsat_identifiable,1,boolean_factorization,exclude_x,exclude_x,0,1058,3979,0,1,1,0,0,0,0,1,1,1,0,0,0.006978724151849747
4,50,10,100,132992862,83,conj,glucose42,MT19937-RandomState,0.0006280150264501572,00000010000010000110011000001000001000010000001000000010000100000000010010100100010010101010010100100001000000000000100110101000000001000000010000110000001001000000010001001101100000010011100001100001000000100001100001010000100010000000010100000110000010000110011100000001100010100000000011000100011000000110001110000010100010000000000000100000010100010000101100010000000000001000010001010101011100000000010000001100010100000000011000101010010000110000100101011010000010010010100011000011000001000000,66b0f7bb30b3c712ec67f549ceb6b2d4d105ba74b77be0398308c5bc574087ff,row_sparsity,row_sparsity|conj|3ccb84496a|rng=MT19937-RandomState,,4,4,1,uniform,1;2;3;4,0.25;0.25;0.25;0.25,0.0007476229220628738,8.098408579826355e-05,0.0013117771595716476,0.001040121540427208,0.009179848246276379,0.012368539348244667,0.003180505707859993,29,670,1,6,SAT_unsat_identifiable,1,boolean_factorization,exclude_x,exclude_x,0,1451,5350,0,1,1,0,0,0,0,1,1,1,0,0,0.007491652853786945
4,50,10,100,132992862,84,conj,glucose42,MT19937-RandomState,0.0006634611636400223,00001100100000100000001000000010000010000000111000101001010000010101010001000100101100000101001000100100000000010110000111000000100011110000011101000001010000000011000000000001110010010010100010100100001100000001000100011100010001000000001000100010000000010000010000001100001000000001111000110100010010011001001001000000110001000000001010011001000000001001110000010000100010010000010101100000001001000000110110101000001100110101000100000001100001000010000010000000000010100000100010010010000011000001,b802b2194a72639f5ffd1deb9d1778fe21995f7d7d57a5ea54460543c215e44a,row_sparsity,row_sparsity|conj|3ccb84496a|rng=MT19937-RandomState,,4,4,1,uniform,1;2;3;4,0.25;0.25;0.25;0.25,0.0008709859102964401,8.792895823717117e-05,0.0012257099151611328,0.0010622413828969002,0.008924230933189392,0.01217852532863617,0.0032468661665916443,25,765,1,6,SAT_unsat_identifiable,1,boolean_factorization,exclude_x,exclude_x,0,1175,4510,0,1,1,0,0,0,0,1,1,1,0,0,0.007251830771565437
4,50,10,100,132992862,85,conj,glucose42,MT19937-RandomState,0.0006605479866266251,01010000000100100000100000010000011001000010110001100010110010000000100000101010000110011001000100000000001000001010010100010000000100000000011000100000001000100010101010100011100001010010100001000001000010000000101001000001100000000000101000111000001000000000110000011000000100101000011100000001000010011000100010000110100010000110011000010000110101000000101000100011000001000000101001000010000000010010000000010100001100000010000000000100111001000010000010111000011100100000000011011000001010001100,821c8f85477fcac115619834a9575d916cacc119f1e5aa5cc2032566c07aedbc,row_sparsity,row_sparsity|conj|3ccb84496a|rng=MT19937-RandomState,,4,4,1,uniform,1;2;3;4,0.25;0.25;0.25;0.25,0.0008492534980177879,8.336920291185379e-05,0.0009860871359705925,0.001111472025513649,0.005216581746935844,0.008254327811300755,0.003030181862413883,19,913,1,6,SAT_unsat_identifiable,1,boolean_factorization,exclude_x,exclude_x,0,851,3349,0,1,1,0,0,0,0,1,1,1,0,0,0.007036395370960236
4,50,10,100,132992862,86,conj,glucose42,MT19937-RandomState,0.0006544012576341629,10010001000101000000010010011000001101100011100000000000110000010000101011010000011000000000010010000100100101100010000001100101000010110000101000001010000000001100000000000100000000100000000000100100010000000110010001000000000010000101100000100000100000001101000000000100100100101000010000001000011001001001001100000101000010100010110000010111000000000000000101010010000001000110001000000100000000010010000110000011001100000000010011001001100010010100100000000010000000010000001001000000000000010001,7680047eafe55b34c37421992bec11e3790294a5cf2dc52ca2d53bdc5ffa27bb,row_sparsity,row_sparsity|conj|3ccb84496a|rng=MT19937-RandomState,,4,4,1,uniform,1;2;3;4,0.25;0.25;0.25;0.25,0.0008293567225337029,8.635967969894409e-05,0.0012046108022332191,0.001073627732694149,0.007187047973275185,0.010390117764472961,0.003193954937160015,24,842,1,6,SAT_unsat_identifiable,1,boolean_factorization,exclude_x,exclude_x,0,1126,4322,0,1,1,0,0,0,0,1,1,1,0,0,0.007595243863761425
4,50,10,100,132992862,87,conj,glucose42,MT19937-RandomState,0.0006647882983088493,00010000000100000000000001100000101001011010100010000010000001000010000101000000001000100100000001100000010100000010000000001010010000010010001010000001000000000010000000000000000100110010101101010000100000110010000010111000000000000110000101010000010001000000010000000001010100010101000110010000000000000010011010000001100010000000000100010010010001010000100000010000000000001000000110000011000100100001000110001000000000000100011000000000000100000000000001010000001010001000001010001001000000011000,e759a490669dc16e3b6be331985a31b7964545d1945e451316864017e139488d,row_sparsity,row_sparsity|conj|3ccb84496a|rng=MT19937-RandomState,,4,4,1,uniform,1;2;3;4,0.25;0.25;0.25;0.25,0.0006675766780972481,7.686857134103775e-05,0.0009436989203095436,0.0010857218876481056,0.008452419191598892,0.011235030367970467,0.002773866057395935,18,924,1,6,SAT_unsat_identifiable,1,boolean_factorization,exclude_x,exclude_x,0,772,3128,0,1,1,0,0,0,0,1,1,1,0,0,0.006806931458413601
4,50,10,100,132992862,88,conj,glucose42,MT19937-RandomState,0.0006810231134295464,00000010000000010000010001000100000011010010100000010100011000010101010011000010000010000000001000000001000000100001010000001000000100001011001100010100010000000000110101000000001010100000001011100000100010110000000101100000001000100000000000010000100010011100000100010010000010001000000000000010011110001100100001110001001010000000100000010000001010000110010001000000000110010010100000001000000011010100001100000100000000001000001000000101011000000011000000001010001100000010000001000000000000010010,892398f0a693530e1d19346f31731632cb1bcec43ef739148a052b9ce5b7d357,row_sparsity,row_sparsity|conj|3ccb84496a|rng=MT19937-RandomState,,4,4,1,uniform,1;2;3;4,0.25;0.25;0.25;0.25,0.0007760534062981606,9.489431977272034e-05,0.0012644054368138313,0.0010314323008060455,0.008757372386753559,0.01193272415548563,0.0031667854636907578,27,853,1,6,SAT_unsat_identifiable,1,boolean_factorization,exclude_x,exclude_x,0,1313,4930,0,1,1,0,0,0,0,1,1,1,0,0,0.007915935479104519
4,50,10,100,132992862,89,conj,glucose42,MT19937-RandomState,0.0006510550156235695,00100000001000000001001000000000000100000000110110010000000100110100000000100000000101000010010000101000010010000010101000001011101010000001000001000001100010000101001100000101010000100011000010000010001000001000000101001000000000000001101000001000000001010000000011011000000001000010000000000000010010000000000000001001110100100010000001011110000100101000010100110100100000011010010011000000001000111000000110001110000110000001001000100110001010101000101001010001000001010000000010000000000100000000,d27ce0da2a6acccb3c6c4cce46b3277e6435f75d0d9b680e11859e435fd523ec,row_sparsity,row_sparsity|conj|3ccb84496a|rng=MT19937-RandomState,,4,4,1,uniform,1;2;3;4,0.25;0.25;0.25;0.25,0.0007530320435762405,8.560065180063248e-05,0.00120474211871624,0.0010675471276044846,0.007592669688165188,0.010710968635976315,0.0031109219416975975,24,806,1,6,SAT_unsat_identifiable,1,boolean_factorization,exclude_x,exclude_x,0,1136,4333,0,1,1,0,0,0,0,1,1,1,0,0,0.007359609007835388
4,50,10,100,132992862,90,conj,glucose42,MT19937-RandomState,0.0006209639832377434,10001000000100000001000001000000101000001110100000010001010100000010010000000001010000001010001000010100001000001000111001000000001100011000000000000110000101000101010001001011100010000000100011000001000100000001101000000001001011011000001001000110101000000000000000010110000110000010000110110000000010100010100010100011000100100000001000000000100000100000000000010100000000110110000100000010010000110001000110010001010100101101001001000001000010000001100100100000000001001000001100000100000000100000,25edf0dadeccc3536afd060d15cfe68468d594707c3d6d76341016f4480771c0,row_sparsity,row_sparsity|conj|3ccb84496a|rng=MT19937-RandomState,,4,4,1,uniform,1;2;3;4,0.25;0.25;0.25;0.25,0.0008542053401470184,8.714105933904648e-05,0.00124313123524189,0.0010957308113574982,0.0076506054028868675,0.010939679108560085,0.003280208446085453,26,779,1,6,SAT_unsat_identifiable,1,boolean_factorization,exclude_x,exclude_x,0,1244,4720,0,1,1,0,0,0,0,1,1,1,0,0,0.007718357257544994
4,50,10,100,132992862,91,conj,glucose42,MT19937-RandomState,0.0006597135215997696,11100010000000000001000000001000101001100001010000010000110000100000000110000110000110101001000010000000110011110000010101000010001000101001010000001000000101010001001101110110000001100010000001011010100000100000000100001010001001000000000110000101001010000000000000010010000001001000100010000001010100001000000100000100001111000010000000000001010000011001000010000100100000000100110110000001001000000100000100010010000001001100000100000000010101000000010000111001000000010110001000000000010000100010,9fbae3330577fc48b5506c2a30c58b243d7a8174835823f58bf776a20dcd87b4,row_sparsity,row_sparsity|conj|3ccb84496a|rng=MT19937-RandomState,,4,4,1,uniform,1;2;3;4,0.25;0.25;0.25;0.25,0.0006963545456528664,6.76056370139122e-05,0.0008767815306782722,0.0010358206927776337,0.005018789321184158,0.007703500799834728,0.0026765624061226845,17,870,1,6,SAT_unsat_identifiable,1,boolean_factorization,exclude_x,exclude_x,0,773,2995,0,1,1,0,0,0,0,1,1,1,0,0,0.0066118864342570305
4,50,10,100,132992862,92,conj,glucose42,MT19937-RandomState,0.0006518559530377388,00110100100100100101000100111000000011000001011000000000010001000000001000011100010000000010000000110000000011101100000000110010010000000101010000000010000010101101010000101000001000000010000010010101001010000111010000000010000101010100010100101000100000100000010010001000010111000010100000000110010110010000011101000010000010000000000001001010000000010000001010100000001000011000000100000011000110000101000000010000100000110100010000010000000010000001000010001100000101100000011100010000000001001000,6810d78841f3a289baa6f326f258de822366dc539eb3aa2dbd84d8217a9e93d0,row_sparsity,row_sparsity|conj|3ccb84496a|rng=MT19937-RandomState,,4,4,1,uniform,1;2;3;4,0.25;0.25;0.25;0.25,0.0008016852661967278,8.287746459245682e-05,0.0012186653912067413,0.0010760566219687462,0.009743421338498592,0.012930632568895817,0.003179284743964672,25,798,1,6,SAT_unsat_identifiable,1,boolean_factorization,exclude_x,exclude_x,0,1205,4543,0,1,1,0,0,0,0,1,1,1,0,0,0.007511213421821594
4,50,10,100,132992862,93,conj,glucose42,MT19937-RandomState,0.0006657438352704048,00001011100100000000010000000010001010000001001000001101000000000010000010100011001010100100001000001000010011010101010000000100000000100010010000000010011100001100100001000010000000000001000100100101110100000000011110000100111000101011000000000010000110001000000000001001000000000001000000000110011000110100000100010110000000100000000100011000001000011000000010001001000000010010110000011011000100000101000101000010000000000100100000000010011001100010000100000000100000001010010100001000000000000001,91ca5d4cb21aff2574e3c70d3b0a31b7229d262bcedde08860a681986effd5dc,row_sparsity,row_sparsity|conj|3ccb84496a|rng=MT19937-RandomState,,4,4,1,uniform,1;2;3;4,0.25;0.25;0.25;0.25,0.0006573470309376717,8.066277951002121e-05,0.0010048775002360344,0.0010797008872032166,0.005761997774243355,0.008592422120273113,0.002822588197886944,20,841,1,6,SAT_unsat_identifiable,1,boolean_factorization,exclude_x,exclude_x,0,950,3592,0,1,1,0,0,0,0,1,1,1,0,0,0.00727250799536705
4,50,10,100,132992862,94,conj,glucose42,MT19937-RandomState,0.0006628492847084999,01000110100001001000001000000000010000000000100000010000000001000100000001000000000000100001001011001100000011010110010000100001100001000000000100000000010001000100110100010101100000001000000001110010001000101000100110000000101100100011001010100101001100001010000000010001101000001111000000101000000100000000011000010000110000010111010000010101001010000110110000100000100000001000000000100101000000001001000100000000100011000000011000000100001000011001000000010010100100010000000000101001010001000101,928e30d94961c651860283a351e0523b9477e8c03f33108f74f75b3f3325e303,row_sparsity,row_sparsity|conj|3ccb84496a|rng=MT19937-RandomState,,4,4,1,uniform,1;2;3;4,0.25;0.25;0.25;0.25,0.0006989827379584312,8.205883204936981e-05,0.0010769814252853394,0.0011337557807564735,0.005861764773726463,0.008862366899847984,0.002991778776049614,21,766,1,6,SAT_unsat_identifiable,1,boolean_factorization,exclude_x,exclude_x,0,1019,3802,0,1,1,0,0,0,0,1,1,1,0,0,0.00723149161785841
4,50,10,100,132992862,95,conj,glucose42,MT19937-RandomState,0.0006637750193476677,00000000101000000000000000000100000000010000000001000010110000000001001010000011000000010001100101000100110010000010011011010000011000110100110000011000000000010001101000000001000001100000000000100001000000011010001000100010100110100001000111000000110010100000000001010100100000000101001001000110000000001101011000011010000010001000000010000001010011000010000110001010010010100000000001101100000010000010000000100100100010000001000110000000100000000000100000110011010001000100000100000011000010110100,b4bc4519033897044a51456f5fd2deed4bcedb9b2d828f42509ef3cbb3b2ace2,row_sparsity,row_sparsity|conj|3ccb84496a|rng=MT19937-RandomState,,4,4,1,uniform,1;2;3;4,0.25;0.25;0.25;0.25,0.0007040966302156448,8.339434862136841e-05,0.0010624164715409279,0.0010951273143291473,0.005781602114439011,0.00873536616563797,0.0029450347647070885,21,781,1,6,SAT_unsat_identifiable,1,boolean_factorization,exclude_x,exclude_x,0,989,3769,0,1,1,0,0,0,0,1,1,1,0,0,0.007032483816146851
4,50,10,100,132992862,96,conj,glucose42,MT19937-RandomState,0.0006467839702963829,00100000000011100001000101001000000100000010010001100010000100101100011000000100000110000111100000010000100110000001001000000000101001001000011100001000000111100001011000000000001010100001000001000000000000000100000101001011000010000100001100000010000000000100001010010011000001011001000001101000010001000010000000001100011001000000101001001000000001100110000100000100000001000001001000010010000001011000000000001000000101001100010100000000010010101011010000011010001000001101000100000001000001000000,028c842a7338e5fadd6c8ee1def4222fe43f7a52a1088c9eade33b15a326ad7d,row_sparsity,row_sparsity|conj|3ccb84496a|rng=MT19937-RandomState,,4,4,1,uniform,1;2;3;4,0.25;0.25;0.25;0.25,0.0007129013538360596,7.695052772760391e-05,0.0008662082254886627,0.0011038249358534813,0.004503245465457439,0.007271056994795799,0.0027598850429058075,16,856,1,6,SAT_unsat_identifiable,1,boolean_factorization,exclude_x,exclude_x,0,734,2818,0,1,1,0,0,0,0,1,1,1,0,0,0.006446396932005882
4,50,10,100,132992862,97,conj,glucose42,MT19937-RandomState,0.0006750812754034996,01000100100000100000001100000001000000100010000000100110010001100100000000001000001100100100001000010011000000001010011010001100100000010000001000100101001100000110001001100000000000100001000000001000000101101010100001010010000000000001001010010010100100100100000000001010000011000101001000001000010000000000101011000001011010000100101011001001000000000000000100110100100001000000000101000000010100110000000001010000000100000011010110000000010000110100000010011010101000000001000001010100100000100010,60138700e1659d012b2bdfc839685e79a5ac3e86befeccc0c64c7923f9359026,row_sparsity,row_sparsity|conj|3ccb84496a|rng=MT19937-RandomState,,4,4,1,uniform,1;2;3;4,0.25;0.25;0.25;0.25,0.0007386486977338791,8.305348455905914e-05,0.0009411368519067764,0.0011235317215323448,0.013320297002792358,0.016214133240282536,0.0028863707557320595,18,892,1,6,SAT_unsat_identifiable,1,boolean_factorization,exclude_x,exclude_x,0,792,3150,0,1,1,0,0,0,0,1,1,1,0,0,0.006913325749337673
4,50,10,100,132992862,98,conj,glucose42,MT19937-RandomState,0.0006318455561995506,01100100010100000000100000000010000010000100001011000110010101010010000011000100110000000000000010000011001000010000000000001000001100001001001000100000110010011100000000000010100111010000000101000001000101000001000000000010100011001010000000000001000011001100100101000101010010000110000100100010110000011011000001000100100010010001001001010000001000000101011010000000000000000010010100000011001000000000000010000010001010000000001000000011000101000000000000110110000001000100000001100011001001001100,8a8a960a1d494ef43786aaf0d6b8eae8d38dbc0cf318248f600d07dfdbcd86ba,row_sparsity,row_sparsity|conj|3ccb84496a|rng=MT19937-RandomState,,4,4,1,uniform,1;2;3;4,0.25;0.25;0.25;0.25,0.0007665697485208511,8.13119113445282e-05,0.0011030426248908043,0.0010524559766054153,0.006808196194469929,0.009821233339607716,0.003003380261361599,22,707,1,6,SAT_unsat_identifiable,1,boolean_factorization,exclude_x,exclude_x,0,1058,3979,0,1,1,0,0,0,0,1,1,1,0,0,0.006789738312363625
4,50,10,100,132992862,99,conj,glucose42,MT19937-RandomState,0.0006171362474560738,00110010100010000011010110001000100100000100010000000000010000100000011010100010000001000010010100001100100100000110001010000000010000100100100001010000000000100000110011000010000001100000100000000110100000000000001100100000000001011000101010000100001000000000001000000000010000101100100000001010000010100100000010000101001000000000000001000001010000001010101000000010000001100100010000000001001000100010000010100010101001101001000000010011010110100000000110001000010000001000000000011000000010000101,2d57b938fc4d992f7f586c154ee24905b6f06098ae2a63edc9ae04a2df4f915b,row_sparsity,row_sparsity|conj|3ccb84496a|rng=MT19937-RandomState,,4,4,1,uniform,1;2;3;4,0.25;0.25;0.25;0.25,0.0006500482559204102,5.8827921748161316e-05,0.0006406931206583977,0.000995434820652008,0.0035238051787018776,0.005875708535313606,0.002345004118978977,12,960,1,6,SAT_unsat_identifiable,1,boolean_factorization,exclude_x,exclude_x,0,478,2000,0,1,1,0,0,0,0,1,1,1,0,0,0.0062431227415800095
