schema_version,J,K,N,seed,sim,operator,solver_name,rng_engine,generation_time,q_bitstring,q_sha256,design,design_id,p,m_requested,m_effective,min_row_size_requested,row_size_distribution,row_size_support,row_size_probs,basis_time,identity_check_time,two_col_check_time,three_col_check_time,sat_time,algorithm_time,preprocess_time,J_basis,M_basis,identifiable,branch,branch_label,sat_called,sat_formulation,sat_cardinality_encoding,cardinality_encoding_requested,maximal_candidate_requested,sat_variables,sat_clauses,identity_original,not_complete_original,has_pure_node_original,no_pure_nodes_original,has_zero_row_original,two_col_violation_original,three_col_violation_original,two_column_pass_original,both_necessary_checks_pass_original,I_3c,identity_basis,two_col_violation_basis,diagnostics_time
4,50,10,100,1013863753,0,conj,glucose42,MT19937-RandomState,0.0006666779518127441,00001011100001010001000010000001001000000000000010000000010100000010000001000000101011000010101000011001000100110000001010000001001000001000100011000001100000000110001000000001000000000011000000100000000010001011000000000000001000000000001000100000001101010000000000010100110000110100100100000010000001100000010111100000100010100000010000010100000100000110010010000000000000010000000100000000000010000100000000000111001000100001100001000000110110000000000100000111000010000100010011000000000000000110,86418bc9412c9e470852ed82a8edc5c9cf9c9ccdec6e348838a8ebeb5246df90,row_sparsity,row_sparsity|conj|3ccb84496a|rng=MT19937-RandomState,,4,4,1,uniform,1;2;3;4,0.25;0.25;0.25;0.25,0.0006907293573021889,8.731801062822342e-05,0.0008807023987174034,0.0010060397908091545,0.023258980363607407,0.025931029580533504,0.00266478955745697,17,928,1,6,SAT_unsat_identifiable,1,boolean_factorization,exclude_x,exclude_x,0,713,2929,0,1,1,0,0,0,0,1,1,1,0,0,0.006529173813760281
4,50,10,100,1013863753,1,conj,glucose42,MT19937-RandomState,0.0005911951884627342,00000100001100000010000000001001110001001100100001000001000000000100100000001000000100010100110100010001101000010000110000001000101011000000001001010000100000010100000111100101001000000100000010000100010010010110100100010001101001000010100000010010010000000011100000000000100110001001000011100000000000000110110001100001001101001010000000000100100110000001010110010001100001000000010000000000101101000011010010010000000110100001010010000000110000000000011001010000000010000000010101101010000100000100,47c2527bc172f0920247f96c59b0e86fba9de63519fb5e4954b602804e18d6a5,row_sparsity,row_sparsity|conj|3ccb84496a|rng=MT19937-RandomState,,4,4,1,uniform,1;2;3;4,0.25;0.25;0.25;0.25,0.0007723355665802956,7.250718772411346e-05,0.0009776921942830086,0.0009937388822436333,0.00969336275011301,0.012516159564256668,0.002816273830831051,21,886,1,6,SAT_unsat_identifiable,1,boolean_factorization,exclude_x,exclude_x,0,949,3725,0,1,1,0,0,0,0,1,1,1,0,0,0.006823781877756119
4,50,10,100,1013863753,2,conj,glucose42,MT19937-RandomState,0.000585583969950676,10100010010000001010110000100100100010000000000010000110010001000000000000100000101100100000000010100000010000010101010010010010100100000011010100010100010100010011000000010100000011100000100101000001000101000000000010000000000110000100001000000000010001010000011001000110000000010001000101010101001000000000110100100100000000000100000001000100000000001001101010010000000100100100001101000100000000010011000100000011101000111000100000100110001110000001000100010001000000110010001000010100100001010000,0a24786f3fad45c68f2055e39fc6348d75e73c6a9770676d3f92cc376ff57e36,row_sparsity,row_sparsity|conj|3ccb84496a|rng=MT19937-RandomState,,4,4,1,uniform,1;2;3;4,0.25;0.25;0.25;0.25,0.0006047803908586502,5.746167153120041e-05,0.0007435334846377373,0.000986413098871708,0.003649471327662468,0.006047760136425495,0.002392188645899296,15,844,1,6,SAT_unsat_identifiable,1,boolean_factorization,exclude_x,exclude_x,0,665,2608,0,1,1,0,0,0,0,1,1,1,0,0,0.006112615577876568
4,50,10,100,1013863753,3,conj,glucose42,MT19937-RandomState,0.0005890345200896263,00100000100110001001010000000001000101001000000001000100110010010001000000101001100000000101001110001000101001001110001001100101000000000100010111000010000000001001100100001000101000110010000000000011000101001000100110001000000000000100001001000001000100010000110100001000100001111110000010100000000000001000101010100000000011000101000000110001010000001001100001000000000111000010001000110110100100010000011001100110001010000100000000110000000001000000000001000010100000000111010001000001101001001010,467f2bfbbf346ab021c86013af63733ef077101ff3a7845e840ec7d3fb2c1b4a,row_sparsity,row_sparsity|conj|3ccb84496a|rng=MT19937-RandomState,,4,4,1,uniform,1;2;3;4,0.25;0.25;0.25;0.25,0.0008411984890699387,7.301103323698044e-05,0.0012368327006697655,0.0009988350793719292,0.009134985506534576,0.012296175584197044,0.0031498773023486137,28,766,1,6,SAT_unsat_identifiable,1,boolean_factorization,exclude_x,exclude_x,0,1382,5140,0,1,1,0,0,0,0,1,1,1,0,0,0.007247220724821091
4,50,10,100,1013863753,4,conj,glucose42,MT19937-RandomState,0.0005824146792292595,00000000111000100001101100001001000100111100100000000000101010000100001000000000000000001001000100110001001010000000010000100000000010101001010000000000000000010010010100010010000111000000000001011100000001000010100000101000011000100100000111000010001010010000000101000010000001101000001000100010010000000100000100001110000000000100110000100001000000100100001100100001001000110000000100000100001000010000001101000111100010000010011000100000010001010100110100010000000001001000000101110000010001000000,fe0a7af4662e118fc979d680231d51addd0b7e91300ae761eb0802f5741e5021,row_sparsity,row_sparsity|conj|3ccb84496a|rng=MT19937-RandomState,,4,4,1,uniform,1;2;3;4,0.25;0.25;0.25;0.25,0.0007281657308340073,5.840510129928589e-05,0.0007786396890878677,0.0009979410097002983,0.00457386951893568,0.007142209447920322,0.002563151530921459,16,862,1,6,SAT_unsat_identifiable,1,boolean_factorization,exclude_x,exclude_x,0,714,2796,0,1,1,0,0,0,0,1,1,1,0,0,0.006155465729534626
4,50,10,100,1013863753,5,conj,glucose42,MT19937-RandomState,0.0005841115489602089,00011011001000110000011000100100001000001001001100110010000000100000111010000010000000000110000101000100101100010000001000010001001001000000000000000100010010000000000010100000000000001000000000000010000000010000000010000001000011100011000000001010100000000011001011000001001010001000100000100100010000001001001001001100001000110001110000001000000100110100000100010100110100000000000001000010000001000011000110000010000000000010000000000010010000000000000010001000000000100110000000110001010000001001,909648ce63646b71d93544d3f7dc02b7f8bd9f02efed27e05094c8549de0626d,row_sparsity,row_sparsity|conj|3ccb84496a|rng=MT19937-RandomState,,4,4,1,uniform,1;2;3;4,0.25;0.25;0.25;0.25,0.0006376374512910843,6.293319165706635e-05,0.0009410073980689049,0.0009939968585968018,0.004800019785761833,0.007441045716404915,0.0026355748996138573,20,877,1,6,SAT_unsat_identifiable,1,boolean_factorization,exclude_x,exclude_x,0,920,3559,0,1,1,0,0,0,0,1,1,1,0,0,0.006657963618636131
4,50,10,100,1013863753,6,conj,glucose42,MT19937-RandomState,0.0005796477198600769,01110000000100010001001000000000000000110010101100010010001011000001000100000010010000110001000110010100100101010001000000101000000000100000101011000001010101000100000110000010100010000000100100000001001101000110010000101100000000100101000010001000101001000001001100001000100000000011011000000010000000001000000000000010110001000000000010001000100110100101010010001000000000100100101000100010010001100001010100000000011000000010001000010000010000101010110000000001100000000010000100111000100000100000,d70df79312a4e741dd5f8ebb1c1164e3c72c690443c38ca740987b74e7acd396,row_sparsity,row_sparsity|conj|3ccb84496a|rng=MT19937-RandomState,,4,4,1,uniform,1;2;3;4,0.25;0.25;0.25;0.25,0.0008322913199663162,7.281173020601273e-05,0.0012437142431735992,0.0010100286453962326,0.0069280946627259254,0.010092625394463539,0.003158845938742161,28,814,1,6,SAT_unsat_identifiable,1,boolean_factorization,exclude_x,exclude_x,0,1292,5041,0,1,1,0,0,0,0,1,1,1,0,0,0.007544008083641529
4,50,10,100,1013863753,7,conj,glucose42,MT19937-RandomState,0.000571797601878643,10000100000000100000100100001100100000010000000010000100000000100101010010000000001010000001000100000010100000000110000110110000000010001000100000000000101000100000000011000000100100010000100000110101000001100011011000000100000011000011001100010000000000001000010010001000100000000000000010001001000110100010100101100001100000101110011001001000000010101000101000001010000000000011011010000101110000010100001010100100000011100100001000100001011000000110100000000110100000100000100011000001010101000010,288df73219fe03608ee2c23ddd10e9c9cd15f6a75bdf7c038c78817da009e403,row_sparsity,row_sparsity|conj|3ccb84496a|rng=MT19937-RandomState,,4,4,1,uniform,1;2;3;4,0.25;0.25;0.25;0.25,0.0008632699027657509,7.79908150434494e-05,0.0012406576424837112,0.0009927405044436455,0.015325787477195263,0.01850811392068863,0.003174658864736557,28,616,1,6,SAT_unsat_identifiable,1,boolean_factorization,exclude_x,exclude_x,0,1362,5118,0,1,1,0,0,0,0,1,1,1,0,0,0.006904583424329758
4,50,10,100,1013863753,8,conj,glucose42,MT19937-RandomState,0.0005915043875575066,00010011100010010010100000001000000100011001000011001000000001000001010011001100101000100000000001100010111000000101001010001010100000001111100000100000011010100000000101101000001010000000010010000001110000001000000011001000110000000010100001100000100000011100000101100000011000000000010000100101000000100000000000010000110100000001000000000101000000010001000100000101000001001000101010010000000001010010100100100000101110001101000000001010000001000010100000000000010000000010000010000000000100100100,edd43525d793f5c58b4e522dc39ee0581584a80c11a81dd02c8d1dc1ea275ed2,row_sparsity,row_sparsity|conj|3ccb84496a|rng=MT19937-RandomState,,4,4,1,uniform,1;2;3;4,0.25;0.25;0.25;0.25,0.0008595222607254982,8.219201117753983e-05,0.0011672209948301315,0.0010086726397275925,0.008435550145804882,0.011558840051293373,0.003117607906460762,26,907,1,6,SAT_unsat_identifiable,1,boolean_factorization,exclude_x,exclude_x,0,1144,4610,0,1,1,0,0,0,0,1,1,1,0,0,0.007488611154258251
4,50,10,100,1013863753,9,conj,glucose42,MT19937-RandomState,0.0005722763016819954,00010001000110101000000000100010001001001000000000110010100000010010001101000000001010010001000100100010110001101000101010010001001101000000000010110000000010000100101000001000001011000010000001110000000000001000101000001010001010011000000010001001100010000001011010000101010000101101000100111000100000100000010010101000000000011111010100000000100100100100000110110001000101001100000000000100001000001100000000000001100110000000000110000000000010010000010001110001000100101010100000000100111000001000,4d653a248174e410a4e290a2830193e36bde497248c2612518171830207c4643,row_sparsity,row_sparsity|conj|3ccb84496a|rng=MT19937-RandomState,,4,4,1,uniform,1;2;3;4,0.25;0.25;0.25;0.25,0.0008182274177670479,0.00010265223681926727,0.0011826250702142715,0.000983276404440403,0.007006148807704449,0.01009885873645544,0.0030867811292409897,26,716,1,6,SAT_unsat_identifiable,1,boolean_factorization,exclude_x,exclude_x,0,1234,4709,0,1,1,0,0,0,0,1,1,1,0,0,0.006918060593307018
4,50,10,100,1013863753,10,conj,glucose42,MT19937-RandomState,0.0005280766636133194,00011010010000010000110000000010000000000001000001000001001100000100010001000111001010011000000011100001010000101000100100000010001000000100000000001001000111000000100001000000010000010110000000000001000011110000000000010000100000001001010000000001101000101100010110000100000000101010001001000100000000010001000000100000001011010000000000010000000001110001001000000010000000001010000000101101000010110011000001011001100000000000010000001001101000000100011001010000000100000000000100000100000000001000,4249ac3147fc9767e4cd499153aefbcae2dd4d759db1feffea3845754a5e67a9,row_sparsity,row_sparsity|conj|3ccb84496a|rng=MT19937-RandomState,,4,4,1,uniform,1;2;3;4,0.25;0.25;0.25;0.25,0.0005468474701046944,6.065145134925842e-05,0.0008236877620220184,0.0010015638545155525,0.004475296474993229,0.006913093850016594,0.0024327505379915237,17,708,1,6,SAT_unsat_identifiable,1,boolean_factorization,exclude_x,exclude_x,0,813,3039,0,1,1,0,0,0,0,1,1,1,0,0,0.005935880355536938
4,50,10,100,1013863753,11,conj,glucose42,MT19937-RandomState,0.0005760947242379189,00110001100000111010010001100001001000111001000010000011001100101010010000010100001100001000101001010100001000010101000000010011001100000000001001001110000010000100000010011100000001000000000000100000100000010000100000000100010000100001000000000000010000101000100100110000110000000011001010000000000100000100000000000111101001010011010000000000010100000010110000001110101001000101000000011110000110000011000010100000000100000000101000000000100010011000111000010010001001000000011010000000000110100000,7c1359ae0616924beb5c12c04f027777c8761ef976f89291380a3a64feb20236,row_sparsity,row_sparsity|conj|3ccb84496a|rng=MT19937-RandomState,,4,4,1,uniform,1;2;3;4,0.25;0.25;0.25;0.25,0.0007678177207708359,6.639305502176285e-05,0.0010558422654867172,0.0009972434490919113,0.006533210165798664,0.009425793774425983,0.0028872964903712273,23,881,1,6,SAT_unsat_identifiable,1,boolean_factorization,exclude_x,exclude_x,0,1047,4101,0,1,1,0,0,0,0,1,1,1,0,0,0.0071657756343483925
4,50,10,100,1013863753,12,conj,glucose42,MT19937-RandomState,0.0005751503631472588,10010000000000000011010001100000000100000100001001111001000000000000010001100100000100000111000100010000010100110000001000100010111100000001010000000010000001000111001000000000100000100000001010100010101100100001010000000000110000000000101010100100000100001100000010000000000110000011001001001001010001101000010001000000000010000101000000011100001100000000111000101000000000101000110001001010011000001000001101010100100110101001001100100100011100000000101100000100110000010001001110001000100100000100,83ab487349c9a361f641dae75270f10034724d3801f8a2bcc600e75f81bfe4c8,row_sparsity,row_sparsity|conj|3ccb84496a|rng=MT19937-RandomState,,4,4,1,uniform,1;2;3;4,0.25;0.25;0.25;0.25,0.0008101072162389755,7.4055977165699e-05,0.0009018024429678917,0.0009960364550352097,0.004901973530650139,0.00768864993005991,0.002782002091407776,19,869,1,6,SAT_unsat_identifiable,1,boolean_factorization,exclude_x,exclude_x,0,831,3327,0,1,1,0,0,0,0,1,1,1,0,0,0.0066054994240403175
4,50,10,100,1013863753,13,conj,glucose42,MT19937-RandomState,0.0005740625783801079,00000100111010000001001000000000010111001000101100000000010000000001100000000010000011100110010100000000010000100011010001000101010111000001010101000010001000110000011001000000000111110000000110000001001100000010100000100011001000000001000000000010000100000100000101000100011100011100000100001100100100000100000000001100000010000001000111001000010100111001000000100100000101010010010000011110000101000101000010101000001011001100000000101100100000100010000001010101010000010000010110000000000000001001,d481bd7f5be2ad79726c48f641dfeae95fbe1f9b926e8d95bec0ce7c625e6d1c,row_sparsity,row_sparsity|conj|3ccb84496a|rng=MT19937-RandomState,,4,4,1,uniform,1;2;3;4,0.25;0.25;0.25;0.25,0.0006885947659611702,6.253086030483246e-05,0.0008989283815026283,0.0009967237710952759,0.004780949093401432,0.0074324775487184525,0.002646777778863907,19,832,1,6,SAT_unsat_identifiable,1,boolean_factorization,exclude_x,exclude_x,0,891,3393,0,1,1,0,0,0,0,1,1,1,0,0,0.006541639566421509
4,50,10,100,1013863753,14,conj,glucose42,MT19937-RandomState,0.000573563389480114,01000010100010001000000010111000100101000010000110000100000000111010001000000010000100000000000001101000000010110010100000101010000110000000000000110011000001000000000001011101000010001110000010000000100110001000010011101000010101000110100000010010010000010000011000000110000001101000100000000010001010000000110000001000100100000100001000001000000010010001100000001010010001000001110000000000001010010100001000100101100000001000001000100000000001100100100000000011000000100000000100011010001100000001,df506512876ec14d8877b2af9c36f9df902f992e8dbc9384ffd4979e1d3aa172,row_sparsity,row_sparsity|conj|3ccb84496a|rng=MT19937-RandomState,,4,4,1,uniform,1;2;3;4,0.25;0.25;0.25;0.25,0.0006759520620107651,6.242748349905014e-05,0.0009319502860307693,0.0010019149631261826,0.00676887109875679,0.009446106851100922,0.002672244794666767,20,846,1,6,SAT_unsat_identifiable,1,boolean_factorization,exclude_x,exclude_x,0,890,3526,0,1,1,0,0,0,0,1,1,1,0,0,0.006757339462637901
4,50,10,100,1013863753,15,conj,glucose42,MT19937-RandomState,0.0005855532363057137,01000001001100001010001001100001100000000000000100110011000000100000000100010000000001010000110000110000011000000010010000000001000000100000101000001101110000000010100110000000110000000010110001000000000000100100000110110000001000010000000001000111000001100010001001000000000110011000010010010010000101000010000011000000100000001001010000100010100011100001000011001001000000000001001100000000001011010000000010101001010010100000000001010100000000100000010000011000010110000000110000011000100010001000,35d7e2fe92f97e0a2b1eb1d28325d2880195173d6dbdc94bbe31fcafdc46d801,row_sparsity,row_sparsity|conj|3ccb84496a|rng=MT19937-RandomState,,4,4,1,uniform,1;2;3;4,0.25;0.25;0.25;0.25,0.000667322427034378,5.804654210805893e-05,0.0007854904979467392,0.0009989337995648384,0.004786470904946327,0.007301946170628071,0.0025097932666540146,16,952,1,6,SAT_unsat_identifiable,1,boolean_factorization,exclude_x,exclude_x,0,664,2741,0,1,1,0,0,0,0,1,1,1,0,0,0.006451905705034733
4,50,10,100,1013863753,16,conj,glucose42,MT19937-RandomState,0.0005800453945994377,00000100010100000000001000000001110000000000011000000010000100010000101100001100110000100110001100000001100110010000011111000000101000001000010001011010000000010011011000011100001000101000000000000110000000001000100100010100000100001001010000000111100000110011001100000001010011000000000001011001000010000000000001000001100001010010001000001001100000000001000001010000000001000000000001111010011000000000001001000010000000010000001000010001011000100001001011000011110000010000001001000000001000000100,8064d813ece1026f7f1513e051c6018743250ce662448d420db523275152a245,row_sparsity,row_sparsity|conj|3ccb84496a|rng=MT19937-RandomState,,4,4,1,uniform,1;2;3;4,0.25;0.25;0.25;0.25,0.0007297266274690628,6.529130041599274e-05,0.0008589066565036774,0.0009943898767232895,0.004686566069722176,0.0073404619470238686,0.0026483144611120224,18,942,1,6,SAT_unsat_identifiable,1,boolean_factorization,exclude_x,exclude_x,0,782,3139,0,1,1,0,0,0,0,1,1,1,0,0,0.00654993299394846
4,50,10,100,1013863753,17,conj,glucose42,MT19937-RandomState,0.0005703642964363098,01010000100101001100000000011110000001100001110010000001100011000101001000000000001000000100100011101100000100000001110100010101001000001010000010101000000011010111001000000011000000000000110000000101001000001000000000100000110000000110010100101011001010100000001010010100000100000010000000101000010010001110000000001000010100100001000010000000000010000100100001010011001000100000100010010100100110010100000000010011000100000000100011000000000100000100001001000000000100110001000100110011000000010000,efb09d4412439d5414932cd81fd2acd707d067fa9bb28e6c4a7bfe7eccf2b3d4,row_sparsity,row_sparsity|conj|3ccb84496a|rng=MT19937-RandomState,,4,4,1,uniform,1;2;3;4,0.25;0.25;0.25;0.25,0.0008076867088675499,7.531233131885529e-05,0.0010244706645607948,0.0010011624544858932,0.01153354812413454,0.014447399415075779,0.0029086321592330933,22,923,1,6,SAT_unsat_identifiable,1,boolean_factorization,exclude_x,exclude_x,0,978,3891,0,1,1,0,0,0,0,1,1,1,0,0,0.006972081959247589
4,50,10,100,1013863753,18,conj,glucose42,MT19937-RandomState,0.0005841786041855812,00001001011000010000010000001000001000001000111000100000001000100011000000001000000001000000000111100001000000100001100000100011000010000000101100100001001001000000001000110101000011000000000001000000001000001010011000010010010100110000010010100000110000100110000010001110010000000000010000001001100001110100000010100010010000100100110000101100001000101110000000001000100000000010010001000000100010100010000100000010100000000101010101010000000101101000000000010000100111000000000100110010000100000000,27f4348bcd35497e2e142e32d93e52ebdb1afa67fc7af928683440fd769b33df,row_sparsity,row_sparsity|conj|3ccb84496a|rng=MT19937-RandomState,,4,4,1,uniform,1;2;3;4,0.25;0.25;0.25;0.25,0.000737309455871582,6.260070949792862e-05,0.0009045740589499474,0.00098409503698349,0.00495521817356348,0.007649119943380356,0.002688579261302948,19,916,1,6,SAT_unsat_identifiable,1,boolean_factorization,exclude_x,exclude_x,0,831,3327,0,1,1,0,0,0,0,1,1,1,0,0,0.0066797565668821335
4,50,10,100,1013863753,19,conj,glucose42,MT19937-RandomState,0.0005850419402122498,00000101100110000110000000011000100111000001001001000000100000000111000000000110100110000010010000001001000000101000110000000001010000010000000010000110001000101010001010000000010001000110000011100001010010000010000101010010100101000001000001100100000100000100001000000000000000010000000100000101001111000110001010001000000010001010000000011000000010010111000000010100000100110000000000010001000100000010000010000000010001000000000110000110100000000011100000010001010000000010101100110010010010000000,44444c1f50874262a17c90df222413b7cdba84c09a0f68f9c4f735fb121ab359,row_sparsity,row_sparsity|conj|3ccb84496a|rng=MT19937-RandomState,,4,4,1,uniform,1;2;3;4,0.25;0.25;0.25;0.25,0.0006867488846182823,6.563030183315277e-05,0.0008985921740531921,0.0010017026215791702,0.0048919785767793655,0.007550336420536041,0.0026526739820837975,19,874,1,6,SAT_unsat_identifiable,1,boolean_factorization,exclude_x,exclude_x,0,831,3327,0,1,1,0,0,0,0,1,1,1,0,0,0.006636418402194977
4,50,10,100,1013863753,20,conj,glucose42,MT19937-RandomState,0.0005471613258123398,01001001100000001000000011011001000000111000100000010000000000000010000000000100001000000011000010101011000000101001000001000000000000001000000100000000000000011001001001100001100100100000000000000100001001100000000000101100000100100100110001101000000101001010100000011100111000011000000011000000011000010011001010010000000100001000000000101100000101010001000010010100100000100000101110000001001010000100010110101001100001010000000100010100100000000010000000000000001000010000110010000000001000000000,00cf6190fd0e474a6e128e6df4078aa85d245c74722eeb2ce6e5212547675641,row_sparsity,row_sparsity|conj|3ccb84496a|rng=MT19937-RandomState,,4,4,1,uniform,1;2;3;4,0.25;0.25;0.25;0.25,0.0006227511912584305,5.956180393695831e-05,0.0007523670792579651,0.0010290704667568207,0.004356279969215393,0.00682520866394043,0.0024637505412101746,15,907,1,6,SAT_unsat_identifiable,1,boolean_factorization,exclude_x,exclude_x,0,675,2619,0,1,1,0,0,0,0,1,1,1,0,0,0.00624356884509325
4,50,10,100,1013863753,21,conj,glucose42,MT19937-RandomState,0.0005755862221121788,00000100111010101000100100000001010101000001000001010010000000000101101000000001001001000001000000001001000100000001000000110000000000101001000101000000000011010010000000000100000000100000000100000010010000011101000110010001000100010100000001011001001011000001001111000000000001111010000011000000100010010100101000000111000100000011000101000010111000000000010011001000010000110101100111000000010001010100011010100110010000001000001100001010011000010010001000100101001100100001001000100110100110000100,8e3da6af909b84c820783438245173b1595bb09b46a00d618f9c620cef830bc1,row_sparsity,row_sparsity|conj|3ccb84496a|rng=MT19937-RandomState,,4,4,1,uniform,1;2;3;4,0.25;0.25;0.25;0.25,0.0008758995682001114,6.883032619953156e-05,0.001125279814004898,0.0009888652712106705,0.009835471399128437,0.012899463064968586,0.0030588749796152115,25,851,1,6,SAT_unsat_identifiable,1,boolean_factorization,exclude_x,exclude_x,0,1215,4554,0,1,1,0,0,0,0,1,1,1,0,0,0.007345358841121197
4,50,10,100,1013863753,22,conj,glucose42,MT19937-RandomState,0.0005813818424940109,10000000000100100110000000000100000001001000000000001001000001100001101100000101000000001000100011010000001000101100000100101000100100110010011000110010100001000000000010110000000010001000001000100001100110000000110010010100110000010100010000000000010000100010010101001000001001100111100000000001011000010100000000000001000010110001100000100010000001011100000000010001000000100100000010010001100001010001001101110001001010000000001100001100010000000000000100000000100100000100000000010000001000000000,5fe99823d0a6a3f8c27e3f1f694d8a72340123c9af30cf368e854b158988203e,row_sparsity,row_sparsity|conj|3ccb84496a|rng=MT19937-RandomState,,4,4,1,uniform,1;2;3;4,0.25;0.25;0.25;0.25,0.0006938325241208076,6.296392530202866e-05,0.0009402735158801079,0.0010045161470770836,0.004948415793478489,0.007655168883502483,0.0027015861123800278,20,940,1,6,SAT_unsat_identifiable,1,boolean_factorization,exclude_x,exclude_x,0,890,3526,0,1,1,0,0,0,0,1,1,1,0,0,0.00687537994235754
4,50,10,100,1013863753,23,conj,glucose42,MT19937-RandomState,0.000577285885810852,10000000110000010000000010010000001000000010000000001100100100100000000100100000001010010110100100000011000011000000111000100010000101001100000101001010100010100100010010011000000000000000100000000001000100000000010010100001100000000100000001000010000010011100010110100010100000110100000000110010010010100010011010000101000000010001111000000100000001111000010001100000110010100001000111000110110000000100000000000001010101001001100001100000000000001000101000100101100100010000101000100100000000000010,38f5d679f7b2707e5eb51771d0b2ee9cd283799f746a014767ed1d51c126a70b,row_sparsity,row_sparsity|conj|3ccb84496a|rng=MT19937-RandomState,,4,4,1,uniform,1;2;3;4,0.25;0.25;0.25;0.25,0.0006942376494407654,6.321817636489868e-05,0.0009420439600944519,0.001006990671157837,0.005315462127327919,0.008027239702641964,0.002706490457057953,20,790,1,6,SAT_unsat_identifiable,1,boolean_factorization,exclude_x,exclude_x,0,950,3592,0,1,1,0,0,0,0,1,1,1,0,0,0.006530264392495155
4,50,10,100,1013863753,24,conj,glucose42,MT19937-RandomState,0.0005695605650544167,00010000000000010000000000111000000100000001000000101000000001000000000000010000001100100001100001000100011000001001010011010100000000010000001000100000000110000001100010110010001000000011000000000100010010000000100000100000011010000110010011010001001000011000100000000011000000001000010001000010010010000100000000001001000100100000001000000111000100100100010010010000010000010010001000010000000100000000001011110001000111010010000000110000011000001010000110000000110000110000000010100101001110000001,69d5f230ad6ae2484d60c9f157e22e126081c1a5d1ff7997eeca7128d7468303,row_sparsity,row_sparsity|conj|3ccb84496a|rng=MT19937-RandomState,,4,4,1,uniform,1;2;3;4,0.25;0.25;0.25;0.25,0.0007493561133742332,6.340350955724716e-05,0.00101401936262846,0.0009952792897820473,0.010211119428277016,0.013038460165262222,0.0028220582753419876,22,810,1,6,SAT_unsat_identifiable,1,boolean_factorization,exclude_x,exclude_x,0,988,3902,0,1,1,0,0,0,0,1,1,1,0,0,0.0068029193207621574
4,50,10,100,1013863753,25,conj,glucose42,MT19937-RandomState,0.0005804141983389854,00011000101001000000100010011000000000010010000001001000011010000100000110010100000000010100011000001000000100100110000000010000100100000000100000010001010010001100001000000000000100100001000000001001011100000101100001100000000010010100010100001000001000100100001010000000100010001000001000010000000000010000110000110101100100101000000001000000110110010100000111000001000000100110000000110000000010000011000000010000011000100000110000110000010001100110000001010001000101010100000001000000000001000000,0fe410d79cf1203493bb016009aa22e399cf47d4bc51e0ed02aa40801a5d5ef2,row_sparsity,row_sparsity|conj|3ccb84496a|rng=MT19937-RandomState,,4,4,1,uniform,1;2;3;4,0.25;0.25;0.25;0.25,0.0007032910361886024,6.448663771152496e-05,0.0009066639468073845,0.0010411664843559265,0.005083777941763401,0.007805079221725464,0.0027156081050634384,19,884,1,6,SAT_unsat_identifiable,1,boolean_factorization,exclude_x,exclude_x,0,811,3305,0,1,1,0,0,0,0,1,1,1,0,0,0.006570438854396343
4,50,10,100,1013863753,26,conj,glucose42,MT19937-RandomState,0.000575547106564045,00000010001001001010010000110000000001010000000001110001000001010010011010100100111001000000101000011010000000010010000000011000100001000000101110000000000000011100000001000111000101100100100000001100010000000000000000100000000001011000100100001000010001001011010000111000111000010100000010100000000000110000000010000010000001011010000010000000000001010001000100000010001000010000100000110000000100001000000000000100000000100000000001000000010001100101010000111000000001100001010001100000000010000000,e76ef37906a730d00e0bb9eaecf89c6f1f6514728968546a0eb3839b0ae1554f,row_sparsity,row_sparsity|conj|3ccb84496a|rng=MT19937-RandomState,,4,4,1,uniform,1;2;3;4,0.25;0.25;0.25;0.25,0.0006865179166197777,5.985144525766373e-05,0.0008235163986682892,0.0009916014969348907,0.00562282744795084,0.008189566433429718,0.0025614872574806213,17,885,1,6,SAT_unsat_identifiable,1,boolean_factorization,exclude_x,exclude_x,0,753,2973,0,1,1,0,0,0,0,1,1,1,0,0,0.006313578225672245
4,50,10,100,1013863753,27,conj,glucose42,MT19937-RandomState,0.0005757026374340057,00000000100000000011110100010001000000000101000011001000111000000000010001100001000000000101100010000000000001000001000000001000010000001000110100000010010100101000100000000000000100010101010001000100000000001001000101000000101000100001001100000001101000011010010000100100000001010000100110000001010000000000010100000000110000000100000100000001110001010000000001010001000001000000000000100001111000000000001000010100000000110000010000010000100000111000100100001001001000100000111000100000100001010001,629714a8e081633eb1e02ecaa2979a1e8eb62dee8f850852bf363e26f8429e7c,row_sparsity,row_sparsity|conj|3ccb84496a|rng=MT19937-RandomState,,4,4,1,uniform,1;2;3;4,0.25;0.25;0.25;0.25,0.0006877798587083817,7.057376205921173e-05,0.001159164123237133,0.0009971670806407928,0.017858400009572506,0.020778044126927853,0.0029146848246455193,26,821,1,6,SAT_unsat_identifiable,1,boolean_factorization,exclude_x,exclude_x,0,1214,4687,0,1,1,0,0,0,0,1,1,1,0,0,0.0072168149054050446
4,50,10,100,1013863753,28,conj,glucose42,MT19937-RandomState,0.0005735382437705994,00001000110010000000100011001011001010000010011010100101010010100001001000000001000010011001010000000010000100011101000000000010100000000100011000000101000000000111100000000000010000001011100101000011000001101010010000000010110010000000001010000010100010000110000010000100100000010000001100100000000110000000000001000000101000001000001000111101001000000000001100000001000000001000110010000000100000000000000110100000011010000001010000001110000010000010010001000101010100100100110000001011000100010000,0d311ce40bbada9e4d6a2efa26431ae61a0c4b28ba1d78a4967377135b6844c4,row_sparsity,row_sparsity|conj|3ccb84496a|rng=MT19937-RandomState,,4,4,1,uniform,1;2;3;4,0.25;0.25;0.25;0.25,0.0007020989432930946,5.736108869314194e-05,0.0008241757750511169,0.0009997999295592308,0.00511441845446825,0.007702958770096302,0.0025834357365965843,17,852,1,6,SAT_unsat_identifiable,1,boolean_factorization,exclude_x,exclude_x,0,753,2973,0,1,1,0,0,0,0,1,1,1,0,0,0.006254132837057114
4,50,10,100,1013863753,29,conj,glucose42,MT19937-RandomState,0.0005708038806915283,00100000011000100000000100100100001001110110000010000010000000000001000010001100100100000100101100100000000010011000001010011000000001000000000000100110000000011100000001001000000101000000000010010100100001001100101000000000000010000000001000001000000010010100000001000100101100000000100000001001000100100111000010000001001000101000010000000000001011100010100010000010010100110001000100000000000100100000000100010010010000000000101000100110001010100100000100000000010001100000000001101010000100100101,b6857637c7c92e016107dee057bac2d1fc720d8de26c87ac06774a88540af8a0,row_sparsity,row_sparsity|conj|3ccb84496a|rng=MT19937-RandomState,,4,4,1,uniform,1;2;3;4,0.25;0.25;0.25;0.25,0.0006335154175758362,6.24554231762886e-05,0.0009346567094326019,0.0010119695216417313,0.00904909335076809,0.011696693487465382,0.002642597071826458,20,846,1,6,SAT_unsat_identifiable,1,boolean_factorization,exclude_x,exclude_x,0,920,3559,0,1,1,0,0,0,0,1,1,1,0,0,0.006611268036067486
4,50,10,100,1013863753,30,conj,glucose42,MT19937-RandomState,0.000531436875462532,00011000010010010100000100000000000000110000000100000001010010000100001100001001000100101101001000010100101010000000001010100000110000001000101001100010100000100100010100111000000110000011001000000010110010010000100001010000001000000100110101100010011000000000010000000000000000101001000010110010000001000000111100100000000100011000000110010000000101010000001001000100000000001000101000000100100001000000000010000010010000001000000000000100000100100000011100100100000111000010001000010101001000000000,e81f531621571582c1de55d70c17cfb5f5637538a47281cd7a336b358ab9f64d,row_sparsity,row_sparsity|conj|3ccb84496a|rng=MT19937-RandomState,,4,4,1,uniform,1;2;3;4,0.25;0.25;0.25;0.25,0.000744192861020565,6.507057696580887e-05,0.0010154852643609047,0.0010081976652145386,0.008814439177513123,0.011653595604002476,0.002832946367561817,22,842,1,6,SAT_unsat_identifiable,1,boolean_factorization,exclude_x,exclude_x,0,1018,3935,0,1,1,0,0,0,0,1,1,1,0,0,0.006955890916287899
4,50,10,100,1013863753,31,conj,glucose42,MT19937-RandomState,0.0005946224555373192,00000100110100000100000010010001000000001000000100000000001000000010100000000010001000000000000010000010000010000010011110000011100100000000001000100000001000000010101100010000000100000011101010000011100010011010001000000010101010000100000010000110100100000011010000000000001100110000001110100000010000000000101100000101000010000001100011000111010000010000001000000001100000010000000001000000101110001000010010010000100000100100111010000010001100100001010001100011100000011001001000100100001010000010,5cfd743867ab53d36fa5e1e5312ee95db669d32bf5910c44615e2430f67ad1d0,row_sparsity,row_sparsity|conj|3ccb84496a|rng=MT19937-RandomState,,4,4,1,uniform,1;2;3;4,0.25;0.25;0.25;0.25,0.0006444621831178665,6.549898535013199e-05,0.0008574910461902618,0.0009979922324419022,0.0053967637941241264,0.007967374287545681,0.0025654444471001625,18,784,1,6,SAT_unsat_identifiable,1,boolean_factorization,exclude_x,exclude_x,0,802,3161,0,1,1,0,0,0,0,1,1,1,0,0,0.006248297169804573
4,50,10,100,1013863753,32,conj,glucose42,MT19937-RandomState,0.0005901427939534187,00100001001010100001000001001010000100000100000000100010010000100001000000001000111000000000110010001010000010110000001010001000100000001000001100001010000000000000000101100000100000111000100000101110101001100010001000000000010000110000001110000000000000000010000000010000000001101000000000010000010100000001000001000000100000011101001010100010000100001000100100011000000101000101101000000000010011000010000001100000101010000000000000101100001100010100010000011000101100000100101000101100100001010001,25913502425493bfdf5d6fc432d7849577936acd176962636e425cba44c5230a,row_sparsity,row_sparsity|conj|3ccb84496a|rng=MT19937-RandomState,,4,4,1,uniform,1;2;3;4,0.25;0.25;0.25;0.25,0.0007394608110189438,6.30626454949379e-05,0.000935790129005909,0.0009994981810450554,0.005329853855073452,0.008072670549154282,0.002737811766564846,20,879,1,6,SAT_unsat_identifiable,1,boolean_factorization,exclude_x,exclude_x,0,900,3537,0,1,1,0,0,0,0,1,1,1,0,0,0.006684241816401482
4,50,10,100,1013863753,33,conj,glucose42,MT19937-RandomState,0.0005702720955014229,00000011000100001000000100000010100000010100010011001000000110100001010110001001100100000000000010010000100010000100100000100000000100100010000100000100100010000001000101100010000001000000000010100010110000011010110001001001000000110000001010000010110000000010000100000001100000100101010010000010010000110000001000110100010010001110010000100000000110110010001000000000100010001010000001000000100000000100000100000000010001100001010000101011100001000101010011001000001010000110000100000010000101010100,7971cd59d58f9c4b266e028742490f68b8ca785f97d7c07c2075b5aab9b2c73f,row_sparsity,row_sparsity|conj|3ccb84496a|rng=MT19937-RandomState,,4,4,1,uniform,1;2;3;4,0.25;0.25;0.25;0.25,0.000761483795940876,6.241537630558014e-05,0.000969158485531807,0.000989207997918129,0.005667183548212051,0.008454613387584686,0.002782265655696392,21,896,1,6,SAT_unsat_identifiable,1,boolean_factorization,exclude_x,exclude_x,0,939,3714,0,1,1,0,0,0,0,1,1,1,0,0,0.006960627622902393
4,50,10,100,1013863753,34,conj,glucose42,MT19937-RandomState,0.000572454184293747,00000010101100000010000100010000000110100000011011100000000110110000000000011001001001010000010000100001010001001100001101101100000001100000101000000100100100101000001110000110010000101000101110010000100010010010000010000101000010110001000010010000101000101010110000010000011001000010000000000011100000000100000110011000100001100010000000000000000100000011000000000110100010011000001000000001001001001000101010000100000100100010000100010000000011000000111000001010100000110101000001000100110000110001,7f910f0dfec6963b2d02bb67f3b63bdd0cbd27fb1fb00cf143b8124f717f4580,row_sparsity,row_sparsity|conj|3ccb84496a|rng=MT19937-RandomState,,4,4,1,uniform,1;2;3;4,0.25;0.25;0.25;0.25,0.0008254656568169594,9.094271808862686e-05,0.0012888358905911446,0.0010223053395748138,0.007686365395784378,0.010919559746980667,0.0032275496050715446,29,781,1,6,SAT_unsat_identifiable,1,boolean_factorization,exclude_x,exclude_x,0,1371,5262,0,1,1,0,0,0,0,1,1,1,0,0,0.007539437152445316
4,50,10,100,1013863753,35,conj,glucose42,MT19937-RandomState,0.0005825432017445564,01000000000001000001001110000100110000110101100000100000110010000000010000001010000011100100001001010000010110001101000100001100101000000000000000001000100010100010010000010000010110010100100011000100001001100000001100000000100000000000001010000000000100001000000000010101100000000001011000100001100011000100100000000010010010000000010000010010011100000100000000001000100001000000001000000101001001000011000000110000000100011110000000010000110000000001101010000101011000010011010000001010000000000101,f6b014c7e8037511281362c48e49b2068de5ee590f01f963ff928395969b26c1,row_sparsity,row_sparsity|conj|3ccb84496a|rng=MT19937-RandomState,,4,4,1,uniform,1;2;3;4,0.25;0.25;0.25;0.25,0.0008176276460289955,7.000565528869629e-05,0.0011618779972195625,0.0009986208751797676,0.006951953284442425,0.01000546757131815,0.003048132173717022,26,884,1,6,SAT_unsat_identifiable,1,boolean_factorization,exclude_x,exclude_x,0,1174,4643,0,1,1,0,0,0,0,1,1,1,0,0,0.007362826727330685
4,50,10,100,1013863753,36,conj,glucose42,MT19937-RandomState,0.0005856798961758614,00010000100000001000010001001010010011000000010000101100000001000000001000000100000001000000010100000000000001000000010000000010100100010011001000000001101000000001000000010100011010100010000100000001000000000101001001000100000000100000000000011000001100101000100100001010000110011000110000010000000000001000010010001000000100000110001000010101000001001000110000000011000000010100010000100110100000000110110000000010100000001000000000011001100000000001010010000101000100000000001000001100011000100010,4c77750ea831094d838c7f90b195f57a5f3cd7593427d5bc71acbbe77fe182c1,row_sparsity,row_sparsity|conj|3ccb84496a|rng=MT19937-RandomState,,4,4,1,uniform,1;2;3;4,0.25;0.25;0.25;0.25,0.0005995426326990128,5.433894693851471e-05,0.0,0.0,0.0,0.0006580604240298271,0.0006538815796375275,10,1024,1,4,identity_submatrix_identifiable,0,,,exclude_x,0,0,0,1,0,1,0,0,0,0,1,1,1,1,0,0.005568746477365494
4,50,10,100,1013863753,37,conj,glucose42,MT19937-RandomState,0.0005797045305371284,00100000101000100000100010100100111010001001000001010100001010001000000000000001011011000001110001000000000010000000010000000110100000000101010000000000000000110000011000000000010100000000010010000010001000000000100000100000110110100000000011000000001000000010001100000000000110101111000000000000100100010101011000000010010010001010100110001010100100000000000111000000110000000100100100000000000000010000000010000000011000100000000001010010000010110101000001000010010000001000010000001000000000000001,72dac98e2efc875396f1a26f2dbdb7b4565d776abc91ffcca7631f3a22a67df5,row_sparsity,row_sparsity|conj|3ccb84496a|rng=MT19937-RandomState,,4,4,1,uniform,1;2;3;4,0.25;0.25;0.25;0.25,0.000596282072365284,5.84358349442482e-05,0.0008152015507221222,0.000977429561316967,0.0048337532207369804,0.007286357693374157,0.0024473490193486214,17,784,1,6,SAT_unsat_identifiable,1,boolean_factorization,exclude_x,exclude_x,0,773,2995,0,1,1,0,0,0,0,1,1,1,0,0,0.006044213660061359
4,50,10,100,1013863753,38,conj,glucose42,MT19937-RandomState,0.0005719242617487907,01011001001100000100000000001010101000000000100101010000100100010001010000010100000000100000000001000000000010100101001000001000010000000100000101000011000000000000000101100000000001010000100011001010000100001010110001001100000000001010000110000000000000001010000000010000011010001010001001000000000110110000000000010000000000010000100000101000001100000010000011001001000100000000001101000010101010001100001000000000100011000100100001001000000101000110001000001111000000000000100000000010010010100000,1937e66984666056ccc2653b92f4c584d7d1264cf8b9197e0f0d726baabf6968,row_sparsity,row_sparsity|conj|3ccb84496a|rng=MT19937-RandomState,,4,4,1,uniform,1;2;3;4,0.25;0.25;0.25;0.25,0.0006829556077718735,6.078649312257767e-05,0.0008659139275550842,0.0010102856904268265,0.004656570963561535,0.007281620986759663,0.002619941718876362,18,925,1,6,SAT_unsat_identifiable,1,boolean_factorization,exclude_x,exclude_x,0,792,3150,0,1,1,0,0,0,0,1,1,1,0,0,0.006500013172626495
4,50,10,100,1013863753,39,conj,glucose42,MT19937-RandomState,0.0005909893661737442,01000100001000110001001001000010011000000000000001101000001111000100000101010000000010000001001000100000100000110010010000000101010010110100100100001001000000000001001011110001000100100000000100100100100100100000001000011000100001110010000000000100010010000010100010001000010010010000001000010000000001101010000000100000000000001000001010001000100000011010001000000010010001010000010000010000010000001010110000001001000000000010000000000001001110000100000000010000000011010010110000000001010000000100,87863bc6162c00935b36e0a163b73b51ef5a50a2209c378cb14fbb4e1e679393,row_sparsity,row_sparsity|conj|3ccb84496a|rng=MT19937-RandomState,,4,4,1,uniform,1;2;3;4,0.25;0.25;0.25;0.25,0.0006434349343180656,5.916506052017212e-05,0.0008226912468671799,0.0009909439831972122,0.004458658397197723,0.006980320438742638,0.00251623522490263,17,892,1,6,SAT_unsat_identifiable,1,boolean_factorization,exclude_x,exclude_x,0,733,2951,0,1,1,0,0,0,0,1,1,1,0,0,0.006454034708440304
4,50,10,100,1013863753,40,conj,glucose42,MT19937-RandomState,0.0005454234778881073,00001001000100100100110100001010000001100000000010000001000000000001000000000100010000000010000000100000011110000100001010000010000000000001000001011000100010000100001001011000000110000000000011010000000000101000110010010100000000000100100000101100010000100000011000000001100000010010001000100000100000000001001000100100000100001000000010000000001000100000001011000110001000100100000101001000010001000010010000001000001000010010000000110101000011100001000111000000001000010000101100000010000100000011,74505f1e32c83d026d7430bede46c22d06d804deeaeba089d643a3e5460bfacc,row_sparsity,row_sparsity|conj|3ccb84496a|rng=MT19937-RandomState,,4,4,1,uniform,1;2;3;4,0.25;0.25;0.25;0.25,0.0005853818729519844,5.897600203752518e-05,0.0007819905877113342,0.0010144282132387161,0.004511282779276371,0.006957096979022026,0.00244077667593956,16,952,1,6,SAT_unsat_identifiable,1,boolean_factorization,exclude_x,exclude_x,0,654,2730,0,1,1,0,0,0,0,1,1,1,0,0,0.006285947747528553
4,50,10,100,1013863753,41,conj,glucose42,MT19937-RandomState,0.0005735903978347778,00000110011000001000101100100001010011001110000000011001000000000010001000001001000011010010001010011100001001010110001000100000011000000010010000001110000111000100000011000000000101001000001010001000110000000000000001001000000100000000001000000000010010000110000100011010100001000001110100000000001010100000100011100000010000000000000000011000000000100000110000100000101010001000001010000011011000000000000100010000001000000100010101010000010000111001100010000000010010101100001011100000000000010001,9bc2b2870409e21dde78b45a11ffa3400c8617461c2fb4b840b3284947d836ed,row_sparsity,row_sparsity|conj|3ccb84496a|rng=MT19937-RandomState,,4,4,1,uniform,1;2;3;4,0.25;0.25;0.25;0.25,0.0007971590384840965,7.376912981271744e-05,0.0012711342424154282,0.0009857844561338425,0.007517960853874683,0.010650783777236938,0.0031278468668460846,29,774,1,6,SAT_unsat_identifiable,1,boolean_factorization,exclude_x,exclude_x,0,1421,5317,0,1,1,0,0,0,0,1,1,1,0,0,0.007498321123421192
4,50,10,100,1013863753,42,conj,glucose42,MT19937-RandomState,0.0005778539925813675,00001010001000000000100000000000000010001000000000001100001000100000011000010101000000001000000010100000000001100001000010010001000000000001000000001000010011011000010100000010010000000001001000101100000000000100100000001010100100000000010011001100000001101100001010000000001100000000001110000000010001110000000000001001010101000010000000100000001000001000000000001100011000001000111000000010000010000100100001110101000000100110100001000100101001000000010101000010100000000000001000110000011101010000,fdea850cca50487231ba155b42ef8042ea356b92513d971a116df2a7851087d1,row_sparsity,row_sparsity|conj|3ccb84496a|rng=MT19937-RandomState,,4,4,1,uniform,1;2;3;4,0.25;0.25;0.25;0.25,0.000645192340016365,6.55176118016243e-05,0.0009739408269524574,0.0009978190064430237,0.005485355854034424,0.0081732627004385,0.0026824697852134705,21,712,1,6,SAT_unsat_identifiable,1,boolean_factorization,exclude_x,exclude_x,0,969,3747,0,1,1,0,0,0,0,1,1,1,0,0,0.00634158868342638
4,50,10,100,1013863753,43,conj,glucose42,MT19937-RandomState,0.000580507330596447,10001001100000000011000000110010000010010011010001000000100100110000100011000000000000011001110000001110000001011000010101000011101001000100010000000000000100001010001100001001100010000000100001000000110000100100000000110101010000001000000000000001001000001000100101001000100000000000000101000010000001000011100010000110000010101101000110100000110101000001101000000011000000100000100000110100000001000010010100001000000000100000000010010101010100110000000001000010100001000000001000010011000100010000,30d6ad77499db6688550e5849f02c1b3d95ae1bfcb804bcb953d424ffe0f8ff3,row_sparsity,row_sparsity|conj|3ccb84496a|rng=MT19937-RandomState,,4,4,1,uniform,1;2;3;4,0.25;0.25;0.25;0.25,0.0007065199315547943,6.018206477165222e-05,0.0009040748700499535,0.001000683754682541,0.008997770957648754,0.011674297973513603,0.002671460621058941,19,878,1,6,SAT_unsat_identifiable,1,boolean_factorization,exclude_x,exclude_x,0,851,3349,0,1,1,0,0,0,0,1,1,1,0,0,0.0066568199545145035
4,50,10,100,1013863753,44,conj,glucose42,MT19937-RandomState,0.0005894200876355171,10010011000000100000000010000000010000100001000100000110110011100001000110100010010000011100000011000001010000010000000000100101101100001000010010000000001100010010000000000000001010100001010101101000100100011000100000101000000101010100110011000000001000010000100010010000000000100001100001000110110001000000101010100100101000010000100000000011000010010000100001010001101000000100110010001010000010110000000001100010100100110000010000100001101000100000010000000000001011001000000000010000110001000000,1320a32594ed6d180e974ae0d7a1a3961e05982ba7551fe0713b00e7d857f7ba,row_sparsity,row_sparsity|conj|3ccb84496a|rng=MT19937-RandomState,,4,4,1,uniform,1;2;3;4,0.25;0.25;0.25;0.25,0.0007457546889781952,6.442703306674957e-05,0.0009369459003210068,0.0009918780997395515,0.0054507507011294365,0.008194916881620884,0.002739005722105503,20,817,1,6,SAT_unsat_identifiable,1,boolean_factorization,exclude_x,exclude_x,0,930,3570,0,1,1,0,0,0,0,1,1,1,0,0,0.006631029769778252
4,50,10,100,1013863753,45,conj,glucose42,MT19937-RandomState,0.0005788290873169899,01000000001100000000001001100000100001001000010010001100000000000000010101000100100001001011000100000010000001100001000001100101000000100001010000011000010001000000000001001000100000001000000000000110010000000000000100010001000001010000000000000001000011000110000010000100000010010000010100000000000100000000101000000110100000001100011000000010000001100111000000000001010010000000100000000110001000001000110001100000101001000001000001011010011000001010000100000000101011001010001000000000101000000100,d9224923e3ca2b3f6ec53256cd0c38172971edf88c402389d5345c95f1ad7515,row_sparsity,row_sparsity|conj|3ccb84496a|rng=MT19937-RandomState,,4,4,1,uniform,1;2;3;4,0.25;0.25;0.25;0.25,0.0006994949653744698,6.550829857587814e-05,0.0010104915127158165,0.000986410304903984,0.006274450570344925,0.009041459299623966,0.0027619050815701485,22,882,1,6,SAT_unsat_identifiable,1,boolean_factorization,exclude_x,exclude_x,0,938,3847,0,1,1,0,0,0,0,1,1,1,0,0,0.007016010582447052
4,50,10,100,1013863753,46,conj,glucose42,MT19937-RandomState,0.0005914131179451942,00000000010000010000000000011000010100000101000000011010100000001011000000000001100000000000000010001010000001000000100001000011010101001000010010011010001010000010010110000000001100100000001001001000001000000000000001110001000101010011000100000100000000001000000000010000100001000000010010000001100010000010110100000101110101000000100000010100100110000101010000000010101100000011000001001000000100000001100011000011001000001111000100000011001000000000000000101000000000010000000001000000001001000110,49df9f1e5e3602aa4e6ab174f8948614ed82cce8e9b7e27fdb418f0f8f1d276a,row_sparsity,row_sparsity|conj|3ccb84496a|rng=MT19937-RandomState,,4,4,1,uniform,1;2;3;4,0.25;0.25;0.25;0.25,0.0006095608696341515,6.360653787851334e-05,0.0009350879117846489,0.000997454859316349,0.0053182328119874,0.007929489947855473,0.0026057101786136627,20,807,1,6,SAT_unsat_identifiable,1,boolean_factorization,exclude_x,exclude_x,0,950,3592,0,1,1,0,0,0,0,1,1,1,0,0,0.012675193138420582
4,50,10,100,1013863753,47,conj,glucose42,MT19937-RandomState,0.0005709920078516006,00001101011000101000100000000000000010000100001001000000100000000000010000000100011010100000001111001000011000101001010000010010000000101001100000000010100100010111000000100000000001010101000010110000010000000011110000001001000000000000110011000011000001000011000000010000000100010001010000100100000010001000111000101001000001000100000001001000000000000011010110111000001100100001000010111011000000000101000100000010000100100001110000100101111000000000000111011010101000000001010010000010000000100000,66ef1be5d0d770a55a289f4477a7b533d2dcc8894055de8f870de89fb6240c01,row_sparsity,row_sparsity|conj|3ccb84496a|rng=MT19937-RandomState,,4,4,1,uniform,1;2;3;4,0.25;0.25;0.25;0.25,0.0007273098453879356,6.89830631017685e-05,0.0011262958869338036,0.0009843213483691216,0.006079665385186672,0.008992155082523823,0.0029069101437926292,25,604,1,6,SAT_unsat_identifiable,1,boolean_factorization,exclude_x,exclude_x,0,1235,4576,0,1,1,0,0,0,0,1,1,1,0,0,0.006526412442326546
4,50,10,100,1013863753,48,conj,glucose42,MT19937-RandomState,0.0005766171962022781,10000100110010100000000010010000000110100100001000101100001000000101001000001100011000100101000000001000010001010001000000000000011000110010000100001000000110000001000111100010101000001000001000000100001010101000011011001000000000010010000011000100100000101010011100000110100001000100001000001000000100000000100011100000100000100000000011000000000100110100000110100000011001000001000010000000011010010000000001000010000010000011010000001011000010010101001000001001001000100010000100110000000001000011,94f89bd5e9ab7b13112c3e4c8e813ce38a0a0aacf176908d3778167c33f78ae2,row_sparsity,row_sparsity|conj|3ccb84496a|rng=MT19937-RandomState,,4,4,1,uniform,1;2;3;4,0.25;0.25;0.25;0.25,0.0008421698585152626,8.189678192138672e-05,0.0011259745806455612,0.0009982157498598099,0.006869107484817505,0.00992281548678875,0.0030482569709420204,25,861,1,6,SAT_unsat_identifiable,1,boolean_factorization,exclude_x,exclude_x,0,1135,4466,0,1,1,0,0,0,0,1,1,1,0,0,0.007308917120099068
4,50,10,100,1013863753,49,conj,glucose42,MT19937-RandomState,0.0005725966766476631,00000000010110110000000000100000000001010010000010001000010001010010010001010001011001001000000100000100101001000010001100000000100010000101000000100010100000111011000010100010001010100001101000000111000000000100000010000100000000010001000001100010001100100001000100000000100001101011000100000101000100010010010000100000000010100000101000110000110100001110000000000100000000000100000000100001000001100010000000100101000001000000111000010011000000010001000000110010000000000101010010100000000110000000,1176e0c067f90a36a0fde6350197c96590ca7c5983f0ca5229501a2391354b13,row_sparsity,row_sparsity|conj|3ccb84496a|rng=MT19937-RandomState,,4,4,1,uniform,1;2;3;4,0.25;0.25;0.25;0.25,0.0005845064297318459,5.5641867220401764e-05,0.0007486753165721893,0.0009937165305018425,0.004213375970721245,0.006600798107683659,0.0023825401440262794,15,908,1,6,SAT_unsat_identifiable,1,boolean_factorization,exclude_x,exclude_x,0,675,2619,0,1,1,0,0,0,0,1,1,1,0,0,0.006217870861291885
4,50,10,100,1013863753,50,conj,glucose42,MT19937-RandomState,0.0005338108167052269,00010100001000010011000100000100100001000000001000000001010000100000000010001110000011001000110001101010100000001101100001001010010011000100001100010000000100110001100011010000010010010010000000000001010001110001001001001001010001100000000010010001010110000110110001000010000110100111010000000001100100000001000100000110000000100001101100000010100011000000010010010000010000100000100010100100011000000001100000000010100110000000100000010001001010000100011000001001000000000000000101000010000001000010,345b611bc21d2fc8b8005dbdb03274e5f6913ea65ce67d70ad351704f80f35ea,row_sparsity,row_sparsity|conj|3ccb84496a|rng=MT19937-RandomState,,4,4,1,uniform,1;2;3;4,0.25;0.25;0.25;0.25,0.0008583515882492065,7.733982056379318e-05,0.0011687688529491425,0.001004478894174099,0.006975144147872925,0.010089309886097908,0.003108939155936241,26,868,1,6,SAT_unsat_identifiable,1,boolean_factorization,exclude_x,exclude_x,0,1204,4676,0,1,1,0,0,0,0,1,1,1,0,0,0.0074018510058522224
4,50,10,100,1013863753,51,conj,glucose42,MT19937-RandomState,0.0005804449319839478,00001100011101000010001011001010010110001001000010101000000001001010010000101001000000001100101000110010100100000000011100000010100000100000010000110000000000010101000001001000000010000010101000100000100000010010000111000000100000000000100000000001010001100001000000010010000000001000000000010000000010011010000000010000000110011010000000000110000000100001011000010001001001100000100001110000010001101000010000000000100000000000111000111000010011010000001000001010100100100100001001000000100100001110,6b4c0a059a1d986ae2163c33649372c0cdf21bdf5566de8bbab155fe400a4ff4,row_sparsity,row_sparsity|conj|3ccb84496a|rng=MT19937-RandomState,,4,4,1,uniform,1;2;3;4,0.25;0.25;0.25;0.25,0.0007044160738587379,7.877126336097717e-05,0.0009359195828437805,0.0010092947632074356,0.00764588825404644,0.010379466228187084,0.0027284016832709312,20,901,1,6,SAT_unsat_identifiable,1,boolean_factorization,exclude_x,exclude_x,0,910,3548,0,1,1,0,0,0,0,1,1,1,0,0,0.00681630615144968
4,50,10,100,1013863753,52,conj,glucose42,MT19937-RandomState,0.0005803778767585754,00000100100100001010000100100101000000011110001000100101010000001010000000111010000000010000100001110000000001000000011000100100000001000000000111010000000000110100000001000110000101000000000000110000000100000001001000000000001000000010100110000100000010100000000000100100000000100001000000110000001110001010000100101010110010000000000000100100000100011110000001000111000111100000101100001000010011100000011001110000100010000100000010000000000100001001110100000011011000100010101001001010000000000001,225717fd6878a85a8c7a0e978ad87f62416bd5e325e9e7f9fe0c504c1c33f9e4,row_sparsity,row_sparsity|conj|3ccb84496a|rng=MT19937-RandomState,,4,4,1,uniform,1;2;3;4,0.25;0.25;0.25;0.25,0.000699278898537159,6.585568189620972e-05,0.0010428205132484436,0.0009924033656716347,0.005776228383183479,0.008581436239182949,0.002800358459353447,22,884,1,6,SAT_unsat_identifiable,1,boolean_factorization,exclude_x,exclude_x,0,998,3913,0,1,1,0,0,0,0,1,1,1,0,0,0.007037489674985409
4,50,10,100,1013863753,53,conj,glucose42,MT19937-RandomState,0.0005714371800422668,01010001000001000001001010011000010101010100100000000011010001000001000010010000001010010010001101000000010000001101000000100000000001000110101000010000100111000000011110000010100001100000110100010000000001000110000001010010001110001000010101001010011010100000000001000000100110000100000000000000000100010000110000000100000000110101010000000001010000001100010000101000100100100000100001001010001000000010000010001001101000000110111100100001110000001110000000000110100010000000010000110110000010000100,f0eb90f4844ec59d4796a3e20af13f5518be6b9867488b56ba96885d8d8a3acb,row_sparsity,row_sparsity|conj|3ccb84496a|rng=MT19937-RandomState,,4,4,1,uniform,1;2;3;4,0.25;0.25;0.25;0.25,0.0009042276069521904,7.030274718999863e-05,0.0011617355048656464,0.0009962180629372597,0.006841104477643967,0.00997839868068695,0.003132483921945095,26,778,1,6,SAT_unsat_identifiable,1,boolean_factorization,exclude_x,exclude_x,0,1224,4698,0,1,1,0,0,0,0,1,1,1,0,0,0.0070088524371385574
4,50,10,100,1013863753,54,conj,glucose42,MT19937-RandomState,0.0005751447752118111,10001010100100000100001000010100001000000000000101000000010001000010100000001000010100100010010000000010000000000001011000000001000001000010100101100000000001000100010110000001011000001000001000000001100001000110010110000101010100001000000110000000000100001101001000000000000001001100001000000100111010000100100110000000010001011000000100100010001000101000001101010001010110000010000001000001100000000000100100000000100000000001110100000000000111000001000000010010000100000110000100000000111011000100,99df609456212e14b6298c51c09511e343139c1b52fce985705600f5b5d2af83,row_sparsity,row_sparsity|conj|3ccb84496a|rng=MT19937-RandomState,,4,4,1,uniform,1;2;3;4,0.25;0.25;0.25;0.25,0.0006986074149608612,6.6366046667099e-05,0.0010515199974179268,0.0009982315823435783,0.009028435684740543,0.011848250404000282,0.0028147250413894653,23,926,1,6,SAT_unsat_identifiable,1,boolean_factorization,exclude_x,exclude_x,0,1037,4090,0,1,1,0,0,0,0,1,1,1,0,0,0.007175775244832039
4,50,10,100,1013863753,55,conj,glucose42,MT19937-RandomState,0.000585637055337429,00010011100000010000000000010100010111000100000110000000010001000100000100000000000000101010001100010010001011000000011100001010010010100101100000000010001000000000011000110000100100000100001000000000010011000001010000111100000101000000001010000000000000000010100100001000000001000010100010001010101011100100000001000000000100000011001000011111000000000001100000100000000110010001001000000000001110001000001010100001000000001000000001000101000000100000000000100110010010010100001001000000001000100011,4642c16a6623f6130a28e9f30642c0de7da3835f6a08587bd746ab121aae6216,row_sparsity,row_sparsity|conj|3ccb84496a|rng=MT19937-RandomState,,4,4,1,uniform,1;2;3;4,0.25;0.25;0.25;0.25,0.0006245095282793045,5.8717094361782074e-05,0.0008634049445390701,0.0009812964126467705,0.004496371373534203,0.007029546424746513,0.002527927979826927,18,913,1,6,SAT_unsat_identifiable,1,boolean_factorization,exclude_x,exclude_x,0,862,3227,0,1,1,0,0,0,0,1,1,1,0,0,0.0066293394193053246
4,50,10,100,1013863753,56,conj,glucose42,MT19937-RandomState,0.0005736108869314194,00100000000000000010000000100010011100000001000010000000100000010001000001010100000011100011100000011011010000001000001000100000001110100000100000011100000100000100010010100110001000101010000000010000000001110101010100000010100100001100000001010110000001010000000011000011000010000000010100011000110000000100010110100010011100000101000100010010000000001010000110011000100010010000000000000100010010101000110001000100001000110000001001000101000000010100000001000001110100001000000000010001100000001010,51581dc216f2c251e2005023d329af2d9326ba8b6dc35745999be077542b7c50,row_sparsity,row_sparsity|conj|3ccb84496a|rng=MT19937-RandomState,,4,4,1,uniform,1;2;3;4,0.25;0.25;0.25;0.25,0.0007252395153045654,7.456634193658829e-05,0.0012750336900353432,0.0009850505739450455,0.007125325500965118,0.010190594010055065,0.0030598901212215424,29,652,1,6,SAT_unsat_identifiable,1,boolean_factorization,exclude_x,exclude_x,0,1461,5361,0,1,1,0,0,0,0,1,1,1,0,0,0.0071929339319467545
4,50,10,100,1013863753,57,conj,glucose42,MT19937-RandomState,0.0006103469058871269,11000100000000110010001001001100000000100000100100100001001010000001110000101010001000100000000101000000100101010100001101000000000011010100000000001001000000100101100001000000000110001010000000001011100010110000000100110000000001101100000000011000000000000010000000101000100000001011000000001100000100110001010010011001010100101000000100001000000011000100111000000010010000001100001000001100101001000110000000101000100001001001100010000000100110000110000000101001000100000011100010010100001100011000,9775106ef59f83ad095f62a2b7e1923091931acda2e847b012daf959fbaa85a0,row_sparsity,row_sparsity|conj|3ccb84496a|rng=MT19937-RandomState,,4,4,1,uniform,1;2;3;4,0.25;0.25;0.25;0.25,0.0008553015068173409,8.32676887512207e-05,0.00135793536901474,0.0010029254481196404,0.009714465588331223,0.013019132427871227,0.003299430012702942,31,809,1,6,SAT_unsat_identifiable,1,boolean_factorization,exclude_x,exclude_x,0,1519,5693,0,1,1,0,0,0,0,1,1,1,0,0,0.007770730182528496
4,50,10,100,1013863753,58,conj,glucose42,MT19937-RandomState,0.0005949931219220161,11001010000100100001101010100010110000001001000000010000101000010001000101010000010001000010000110010010000000010000000000000011000101000101000000001010000100001001000000000000100100000001011001100001110000100010000100110000001100000000010001000010000100110010010100010000010010000000000001001000100000110110000000101010000000100010000000000010100000000000011100000000110101100010000000001011000010000010001001010000100000000001001011000000010000000100100000011000000000000001100000010101011000101000,66b243ca75e24cd6811c260788035844d0f58e23e786918008e41810292d2da7,row_sparsity,row_sparsity|conj|3ccb84496a|rng=MT19937-RandomState,,4,4,1,uniform,1;2;3;4,0.25;0.25;0.25;0.25,0.0006829714402556419,6.629340350627899e-05,0.0010116295889019966,0.000993438996374607,0.005197926424443722,0.00795749295502901,0.0027543334290385246,22,859,1,6,SAT_unsat_identifiable,1,boolean_factorization,exclude_x,exclude_x,0,1008,3924,0,1,1,0,0,0,0,1,1,1,0,0,0.006894055753946304
4,50,10,100,1013863753,59,conj,glucose42,MT19937-RandomState,0.0005847569555044174,01000000000010001110001010010100000001000010000000100001000000000010001000101000000100001000101101001000110001000100000001000100000000010000001100000000001011101101000001100001000000011000100010000000001001100100000010001000100001000000001000000010010001000100100000000111100100000000011001010100000000100010000010000000000010001110110100001000001010000001000000011000010000001101110010000000100110000011001000001000001010000010011101010000000000001001011000000000010000100010100000000001010000000001,daeead94f56546abd4d987c733ffdebf1208c52c8bba1260b851072b836eb276,row_sparsity,row_sparsity|conj|3ccb84496a|rng=MT19937-RandomState,,4,4,1,uniform,1;2;3;4,0.25;0.25;0.25;0.25,0.0006827777251601219,6.259139627218246e-05,0.0009721172973513603,0.0009926734492182732,0.005258098244667053,0.007973700761795044,0.002710159868001938,21,863,1,6,SAT_unsat_identifiable,1,boolean_factorization,exclude_x,exclude_x,0,979,3758,0,1,1,0,0,0,0,1,1,1,0,0,0.006889668293297291
4,50,10,100,1013863753,60,conj,glucose42,MT19937-RandomState,0.0005363356322050095,00000101010001000000000000000100000000011010000101100110000000110000111001100100000000001000111000101000000000100000111001000001110010100110010011000000100010000000000001000001011000000110010010000100000010000100100000010010001101000010001000000000010101010000011000000001100010010010011100000011100100001000000010001100010000000000100100000000000001000000001000001000010010000100100010000001100000000010000001000100001000100100100000001100000010010100000001000000000010000001000010010000100000001010,ad9b8b0cb8b1f7039811aa405aa6cefc9080b4044f0d49565b4c25d468facc64,row_sparsity,row_sparsity|conj|3ccb84496a|rng=MT19937-RandomState,,4,4,1,uniform,1;2;3;4,0.25;0.25;0.25;0.25,0.0006645796820521355,6.002373993396759e-05,0.000825067050755024,0.0010105939581990242,0.005602537654340267,0.008167984895408154,0.002560264430940151,17,962,1,6,SAT_unsat_identifiable,1,boolean_factorization,exclude_x,exclude_x,0,713,2929,0,1,1,0,0,0,0,1,1,1,0,0,0.006455838680267334
4,50,10,100,1013863753,61,conj,glucose42,MT19937-RandomState,0.0005763517692685127,10000000000000100000000000100001000000001010001000110000000010000000001000000101001000000000010001000000001100011100001000000001001010000010010100101000101000011000000000111000100001000110000000010000000100110000000011010000000010100011010010000011010000010000011001010000010100000110001001011010000000000001000000010000001101010000010110000100000100000000001011000100011000001110000010001101000001111001000000000001000000010000100000001000010100100000000101010101101000010001100000000000010001010001,722cbca32cf0fc90b5052c2e5c9ff6e152be652a4efe8fc96f2a5a1a8a58cce8,row_sparsity,row_sparsity|conj|3ccb84496a|rng=MT19937-RandomState,,4,4,1,uniform,1;2;3;4,0.25;0.25;0.25;0.25,0.0006207851693034172,6.235018372535706e-05,0.0007012253627181053,0.0010036816820502281,0.0038014473393559456,0.006194110959768295,0.0023880423977971077,14,1000,1,6,SAT_unsat_identifiable,1,boolean_factorization,exclude_x,exclude_x,0,566,2365,0,1,1,0,0,0,0,1,1,1,0,0,0.006173981353640556
4,50,10,100,1013863753,62,conj,glucose42,MT19937-RandomState,0.0005784723907709122,10000000000011001000000111000000100000101000000011100110000000010011000100000001000101000000010000001010000001101000001001000000100010000001011000001000001001001001000011110000000000000100110100000000000010111000010100010010100000001000001001000000000100010000100000000000100000000000001000000011000000000000100000000011000100100001000100011000001001110000000010010100100001000010010000101001000000110000001000111000000110010001000001000000000100000110001100000100000000000100100000001000001001000100,236301b3fb8ec6287c5db617cdee09bd5bf8f88fb97c06479cf8b2fc223572c8,row_sparsity,row_sparsity|conj|3ccb84496a|rng=MT19937-RandomState,,4,4,1,uniform,1;2;3;4,0.25;0.25;0.25;0.25,0.0006945794448256493,6.0117803514003754e-05,0.0009008487686514854,0.0009967144578695297,0.004721307195723057,0.007378300651907921,0.002652260474860668,19,825,1,6,SAT_unsat_identifiable,1,boolean_factorization,exclude_x,exclude_x,0,811,3305,0,1,1,0,0,0,0,1,1,1,0,0,0.006462102755904198
4,50,10,100,1013863753,63,conj,glucose42,MT19937-RandomState,0.0005709361284971237,10011000001001000001000010000010000000000101000000001010010000000010000001011000000100000010000100001100001000100110000100000100010011000010000010100000110000110001010001000110001001010001100000100011000011100000011000000000000001010001001010011000001010110000000001001110010001101000001101000011001010000000000000000001100000000000100010000100100001000001000000000001001010000001110011000001001000110101010001100110010000000001000010000000110100010000000010000011000000001001001100000110001000110000,7d5242dc23306122cee2598454da04fcab48ce77237638e408328826b92a0015,row_sparsity,row_sparsity|conj|3ccb84496a|rng=MT19937-RandomState,,4,4,1,uniform,1;2;3;4,0.25;0.25;0.25;0.25,0.0007132859900593758,6.165821105241776e-05,0.0009424528107047081,0.0010082768276333809,0.006086474284529686,0.008818205446004868,0.0027256738394498825,20,818,1,6,SAT_unsat_identifiable,1,boolean_factorization,exclude_x,exclude_x,0,940,3581,0,1,1,0,0,0,0,1,1,1,0,0,0.013018709607422352
4,50,10,100,1013863753,64,conj,glucose42,MT19937-RandomState,0.0005734357982873917,10101000101100000100011000000000001000000011000011000101010000000000100001101001100000000101000111000000010001000110001000001101100000000111010010000000001011010000001000100101100000000010001000000000010000110101010100100100000000100000001100001000011000111000001000000000101010010000101000001000100000000010100000100101011100010000001010011000100000001000010100000000010000000100010000000100001001000010001001001100100100000000010000000100000010100000000010000000000100010000000000100000000100000000,b7c9d1fd800954a817489577c8e1b64c27d6338419a94b7cc48d0b848036e26e,row_sparsity,row_sparsity|conj|3ccb84496a|rng=MT19937-RandomState,,4,4,1,uniform,1;2;3;4,0.25;0.25;0.25;0.25,0.0006504207849502563,6.544683128595352e-05,0.0009376872330904007,0.0009886007755994797,0.005620596930384636,0.008267875760793686,0.0026421556249260902,20,741,1,6,SAT_unsat_identifiable,1,boolean_factorization,exclude_x,exclude_x,0,1000,3647,0,1,1,0,0,0,0,1,1,1,0,0,0.006309892982244492
4,50,10,100,1013863753,65,conj,glucose42,MT19937-RandomState,0.0005783373489975929,11010000001010100100101000100001100001001010000000010000000100010000100000000001000001000001111000001000001000000001000000000000010010010011000000110100000000010001000100000100100000010100000001010010100011000000100000100001110100001010000000001000001000110000000000100000101100100000100000001000000001110000001010100010000100110000010001001000010000011010100000000011010000100010100100010101000111000001000110110000011000100110001000010000000110000110000000000000000001000000100110000000011001010000,32870122c2f4cff4040eebfe29cae3a82839e11f3f3637c289088edeffc481f2,row_sparsity,row_sparsity|conj|3ccb84496a|rng=MT19937-RandomState,,4,4,1,uniform,1;2;3;4,0.25;0.25;0.25;0.25,0.0006901100277900696,6.426870822906494e-05,0.0010171886533498764,0.0009932052344083786,0.006011673249304295,0.008781527169048786,0.0027647726237773895,22,782,1,6,SAT_unsat_identifiable,1,boolean_factorization,exclude_x,exclude_x,0,1028,3946,0,1,1,0,0,0,0,1,1,1,0,0,0.006647643633186817
4,50,10,100,1013863753,66,conj,glucose42,MT19937-RandomState,0.0005740132182836533,00000101010000000011000001000101000000001001101000010000010001100000110000000001100000101000010001000101010100001100100110000000000000000011000100011000001010000010000010010000011010101000101000001101000000100000100100000001010011000001101000100010100001000000010110100000000010000100000000000111000000010000001000000100001000010110000000010001010000011010000100000000100010000011000000010100100001000110000011001001011011000010000100011001001000000000000000010000110000000010000110000010000001010000,049c14d437896a9d56934c76987776becf1c199f1701a18278d781035597b907,row_sparsity,row_sparsity|conj|3ccb84496a|rng=MT19937-RandomState,,4,4,1,uniform,1;2;3;4,0.25;0.25;0.25;0.25,0.0007382528856396675,6.280932575464249e-05,0.000935048796236515,0.001010463573038578,0.004870187491178513,0.00762184988707304,0.002746574580669403,20,933,1,6,SAT_unsat_identifiable,1,boolean_factorization,exclude_x,exclude_x,0,840,3471,0,1,1,0,0,0,0,1,1,1,0,0,0.006795930676162243
4,50,10,100,1013863753,67,conj,glucose42,MT19937-RandomState,0.000581180676817894,10001100000100100000000100001011100100000101001000000000100010000100000000101000011001100000001001001100000100100001110000010000000001000010100000010000000100000000001010000001010000010001001000000000000000101011001001000000110100010110000001010000010000100000011000100100000100000100000110000000001000010000100000100110000000000100110001000100001001110000000111000000000100000000010100110000000100010010001100000001000000001001011000000000000100000001010000001000000111010000101110000000000000111000,7d7078eae3050799572f0112d228c56fb116a288d47640fdb28ce4de1612e2a5,row_sparsity,row_sparsity|conj|3ccb84496a|rng=MT19937-RandomState,,4,4,1,uniform,1;2;3;4,0.25;0.25;0.25;0.25,0.0006709909066557884,6.04996457695961e-05,0.0008612135425209999,0.0009938795119524002,0.0044602276757359505,0.007051931694149971,0.0025865836068987846,18,764,1,6,SAT_unsat_identifiable,1,boolean_factorization,exclude_x,exclude_x,0,812,3172,0,1,1,0,0,0,0,1,1,1,0,0,0.006142444908618927
4,50,10,100,1013863753,68,conj,glucose42,MT19937-RandomState,0.0005813390016555786,10000010000100000000010010101000110000000001101010000010000000000100100010000111010000000011100000100011100000010010010010001100001000001001010001000000000100000010001000000110001111100001000101011000001000000000000011000001000000110100001000000100111100011000000010000000001001000001010001000011000100000101100010000001000001000000000000111001001100001000000010010000000100101000010100010000001010101000101000011000001000010000100110010001000011000000100000000010100100001010101001000011010100000100,b9b32983a3202c5edc7d00ca8fa541c87f55d35af68c343bd5a97279cd4a235c,row_sparsity,row_sparsity|conj|3ccb84496a|rng=MT19937-RandomState,,4,4,1,uniform,1;2;3;4,0.25;0.25;0.25;0.25,0.0008501550182700157,7.230788469314575e-05,0.0012406250461935997,0.001010572537779808,0.009721806272864342,0.01290152408182621,0.003173660486936569,28,826,1,6,SAT_unsat_identifiable,1,boolean_factorization,exclude_x,exclude_x,0,1322,5074,0,1,1,0,0,0,0,1,1,1,0,0,0.007433537393808365
4,50,10,100,1013863753,69,conj,glucose42,MT19937-RandomState,0.00058733019977808,00001100110010000000001000001000000001100110010000000010000000000010000001000001100000000100010000000101000000000001000001100000110000001001000001010101001011000100100000101010000010010000000010100000001000000000000000101000101010100000110001000000001001000110001000000000001000000010000101001100000100010001000101010100011001010000000100001100110000110100000100000000100000001110011100000000010000000100010010010100010000100001101000000011100100001000000101000100001110010000000000101001010000001110,67a6459e5dec071e5f21795ac8256412f5e8b4d650e6e47f0d647e5e6d2fcae5,row_sparsity,row_sparsity|conj|3ccb84496a|rng=MT19937-RandomState,,4,4,1,uniform,1;2;3;4,0.25;0.25;0.25;0.25,0.0007542138919234276,6.629619747400284e-05,0.0010525509715080261,0.0009983628988265991,0.01167784258723259,0.014555136673152447,0.0028714239597320557,23,905,1,6,SAT_unsat_identifiable,1,boolean_factorization,exclude_x,exclude_x,0,1067,4123,0,1,1,0,0,0,0,1,1,1,0,0,0.007177933119237423
4,50,10,100,1013863753,70,conj,glucose42,MT19937-RandomState,0.0005428893491625786,01000110000000010000000010101000000110000000000010001100000011100000010010111000010010001110000101100000010000000000001001010000010000000001011100000000100101001010001001101000110000000110011100101000101001100000000010011001010001001000000010000000000100100010010100101000000001110100000000001000001000001000000100100011000100001000000100000101100001100000000000000000010011000000000101110000000001011000001011011100010000101001100100110001000000010010001100000100101000100010000000001101100000000010,339ca7b115e1ec86dc8a7e63aac2c4bd935de05028ea13603001d019c26afa70,row_sparsity,row_sparsity|conj|3ccb84496a|rng=MT19937-RandomState,,4,4,1,uniform,1;2;3;4,0.25;0.25;0.25;0.25,0.0007102098315954208,6.278511136770248e-05,0.0009054448455572128,0.0010012341663241386,0.005656583234667778,0.008341843262314796,0.002679673954844475,19,895,1,6,SAT_unsat_identifiable,1,boolean_factorization,exclude_x,exclude_x,0,871,3371,0,1,1,0,0,0,0,1,1,1,0,0,0.006659568287432194
4,50,10,100,1013863753,71,conj,glucose42,MT19937-RandomState,0.0005763769149780273,00000100000000100010110010000000000101010010000110000100000000000001101000010010110001000000000000100001000000110000000000000000010100000010000000101000010000000101010000001000001100000011010000000001000101010011100000100010001110000000000101000010000011000001000000100100000000110000010101100000000011010001000000011000000010000010000000101011000100000010100000000001000100000111010000001000010100000011010001001100001100110100011011000000000010001011000100000101000110000110000100100000101000000000,1c64d8ae033ab5cfb0abf97baee7095db5b649fd0832b6fb196adda3f43fb334,row_sparsity,row_sparsity|conj|3ccb84496a|rng=MT19937-RandomState,,4,4,1,uniform,1;2;3;4,0.25;0.25;0.25;0.25,0.0006383582949638367,6.04456290602684e-05,0.0008577192202210426,0.0009895265102386475,0.00498669408261776,0.007537638768553734,0.002546049654483795,18,826,1,6,SAT_unsat_identifiable,1,boolean_factorization,exclude_x,exclude_x,0,762,3117,0,1,1,0,0,0,0,1,1,1,0,0,0.006310209631919861
4,50,10,100,1013863753,72,conj,glucose42,MT19937-RandomState,0.0005803368985652924,00000001000010010101010011010000010000000100010000001100100010000000000000010000000001101111100000000010010000000000100000010011000000000100000001100000001000000100011001101000010100000000011001010100000100000001000010001000000000010000101000000101100011100001000000000100100000100000010000000000000101010010101010101000000010011001000101000110001000100010001010011000010010101000000110101000100001000001011010000000011000001001100010100010001000010001000100110001110001101010000100000001100100001011,afe73d0aed9f6720ae4f2ee7e215eb84510b0fa0a5de96a9348d627f5424f2b5,row_sparsity,row_sparsity|conj|3ccb84496a|rng=MT19937-RandomState,,4,4,1,uniform,1;2;3;4,0.25;0.25;0.25;0.25,0.0007509319111704826,6.959773600101471e-05,0.0011401576921343803,0.0009987298399209976,0.01101092528551817,0.013976304791867733,0.0029594171792268753,25,868,1,6,SAT_unsat_identifiable,1,boolean_factorization,exclude_x,exclude_x,0,1185,4521,0,1,1,0,0,0,0,1,1,1,0,0,0.007392945699393749
4,50,10,100,1013863753,73,conj,glucose42,MT19937-RandomState,0.0005929796025156975,00010110001010010100000101110001011001000000100100010001100001101000001000011010110000100001000000010110001000000000010010110000100011000100000100000001000100000001000001000000000110000000000011001100000001010000000011000001000000110000000000110010000010000011001000010001001000110000000100010000010100010010001010000000000100100001001001011100001010110110000000000000100000010000011010000100100000000001010110011101000000110001010000010000001010010000100000100100000100000000100000101001101001000000,6fad8fa2005dc6d2b6399bccd716fb9823289d64f1505192fc06a2b994d7e585,row_sparsity,row_sparsity|conj|3ccb84496a|rng=MT19937-RandomState,,4,4,1,uniform,1;2;3;4,0.25;0.25;0.25;0.25,0.000692964531481266,6.343517452478409e-05,0.0008308915421366692,0.0010017482563853264,0.00449295062571764,0.0070878891274333,0.0025890395045280457,17,848,1,6,SAT_unsat_identifiable,1,boolean_factorization,exclude_x,exclude_x,0,743,2962,0,1,1,0,0,0,0,1,1,1,0,0,0.006666120141744614
4,50,10,100,1013863753,74,conj,glucose42,MT19937-RandomState,0.0006456552073359489,10001010011001000010000000001000000010000000001110011100000010000001100010101000001000010110000110010000100000000000000101000000000101010001101000010101000010000001000100010010001100000000011010010000010100000000010000101011000000001110000110010000000100000100000000001110000010111101001000000010000001000000000110001000001010000100000010001001000000000100101010000001001100100100001010001000101000111001100100010000000010100000100100001011010000010000000111100100011100000000001010000001110000000100,aada8d98542e158d6fe7025886df70bd7e671b7fd22a52bbc2097c8120c9bdd7,row_sparsity,row_sparsity|conj|3ccb84496a|rng=MT19937-RandomState,,4,4,1,uniform,1;2;3;4,0.25;0.25;0.25;0.25,0.0007973378524184227,8.726678788661957e-05,0.0012403111904859543,0.0010383855551481247,0.006822753697633743,0.009993045590817928,0.0031633013859391212,27,672,1,6,SAT_unsat_identifiable,1,boolean_factorization,exclude_x,exclude_x,0,1323,4941,0,1,1,0,0,0,0,1,1,1,0,0,0.007106726057827473
4,50,10,100,1013863753,75,conj,glucose42,MT19937-RandomState,0.0005936622619628906,00001000000001000010100000000010100000000010000111000000010000100010000001000000010011000110110000100010100101000000000110110000100000110100100000000110110000100000111100010100000000101000000010001000011010000000000100001000001000000101001010000000000001010000100000011001101000000110000000110000011000101001000010010100010000000000001010100110001000010001010100000001010000011001000010000001010100010000000100110000011011000000001011000001000111001000001001000000000010000001000000101000000001100100,47f7ede4a2f1053572539fe8cc54202ede0b8f3c6a4eec0a237c7467d97c50e1,row_sparsity,row_sparsity|conj|3ccb84496a|rng=MT19937-RandomState,,4,4,1,uniform,1;2;3;4,0.25;0.25;0.25;0.25,0.0006570480763912201,6.244983524084091e-05,0.0008650133386254311,0.001021786592900753,0.004754360765218735,0.00736656878143549,0.002606297843158245,18,934,1,6,SAT_unsat_identifiable,1,boolean_factorization,exclude_x,exclude_x,0,792,3150,0,1,1,0,0,0,0,1,1,1,0,0,0.006590782664716244
4,50,10,100,1013863753,76,conj,glucose42,MT19937-RandomState,0.0005943691357970238,00100010110000100000001000000001000000000100000000011001000001010100000011000000001001000100000010100010000110000000010000000001010001100000100000000000001101010101100010000100010000100001000110010000000001001000010000001000001010010010000010110000100010100000000100001001000000001000100000000110100001000000000000100110010100100000000100010000001000111000000110000111001110000000001000000010010000000010000000000001000001001011000000100001000000000110000000000001101000000001100000010001000000101000,2a02e2ab8432b40ba943ec862072c7555628b2411f193e9580c4693fa790bbf9,row_sparsity,row_sparsity|conj|3ccb84496a|rng=MT19937-RandomState,,4,4,1,uniform,1;2;3;4,0.25;0.25;0.25;0.25,0.0006363289430737495,5.7966448366642e-05,0.0007111281156539917,0.0010026106610894203,0.004547734744846821,0.0069613708183169365,0.0024080341681838036,14,984,1,6,SAT_unsat_identifiable,1,boolean_factorization,exclude_x,exclude_x,0,576,2376,0,1,1,0,0,0,0,1,1,1,0,0,0.006074831821024418
4,50,10,100,1013863753,77,conj,glucose42,MT19937-RandomState,0.0005812887102365494,01001101000001000110001001000001100110000000000100000100000001000010000011100100100100011010000100100000011110001100100010001100100000000100000000010010000001010000001000000100000100110100000001000000000110000010100000001000010000100001000010101100000001110010110001000000000010110011010100000100000000010000000110001000000000010101001100010101000110010000000001000001011010100001100000000110110000100100001010000000010100100110100001000110100000100010110001000000010001000000000100000000110010000000,77576d275b0e12ecf0710e55aea265dc93806f3240fcc29d10dccef562b197b0,row_sparsity,row_sparsity|conj|3ccb84496a|rng=MT19937-RandomState,,4,4,1,uniform,1;2;3;4,0.25;0.25;0.25;0.25,0.0007725507020950317,7.177237421274185e-05,0.0012033795937895775,0.0010007359087467194,0.010751545429229736,0.013806707225739956,0.0030484385788440704,27,766,1,6,SAT_unsat_identifiable,1,boolean_factorization,exclude_x,exclude_x,0,1323,4941,0,1,1,0,0,0,0,1,1,1,0,0,0.007358827628195286
4,50,10,100,1013863753,78,conj,glucose42,MT19937-RandomState,0.0005971314385533333,00001001100010001110100000000001000110010010001000100010100001010000100000000100100100000000010000000000010100011001000000000111010010000010010100100100000100010100000010001010000001111000000010000100000010010001010001001000000000010001001000000000100100000011000001000010101100000000100010000001001101000000000101000000001000000100100100000011010001100101000000100000100000000100000000000100010000001000100010110100000010101000000001010001010100010101000000000001100010000000001000101100001000000001,aa60cd5bc2fe6e73204d99015f08bc9449d4f784d778b4626cb81954ec9f6111,row_sparsity,row_sparsity|conj|3ccb84496a|rng=MT19937-RandomState,,4,4,1,uniform,1;2;3;4,0.25;0.25;0.25;0.25,0.0007392754778265953,6.415322422981262e-05,0.0008968561887741089,0.0009945966303348541,0.004772665910422802,0.00747348926961422,0.002694881521165371,19,837,1,6,SAT_unsat_identifiable,1,boolean_factorization,exclude_x,exclude_x,0,841,3338,0,1,1,0,0,0,0,1,1,1,0,0,0.006423205137252808
4,50,10,100,1013863753,79,conj,glucose42,MT19937-RandomState,0.00061027891933918,00011000000000010000000100000100000100100001100000110100000000001101000000100111010001010100000110000000000011001010110000100101000010001101010000001000000001000100100000000010000010000110010100100101011110000000110000000110000110000000100001010000101000000000010000000001111000001100001100000000001001000110010000011000000000010100101000000100010100001000000000000000100000000100000010001000000001001010100000110110000001000010000110000000010100110000100010000110100001000110000000000101101000001010,a1fbd82d0109bd373e32f0f607e7522c32d5b465b6e15d1dc613cd0b67dfc1f9,row_sparsity,row_sparsity|conj|3ccb84496a|rng=MT19937-RandomState,,4,4,1,uniform,1;2;3;4,0.25;0.25;0.25;0.25,0.0006979117169976234,6.116926670074463e-05,0.0009005581960082054,0.00099992286413908,0.007374318316578865,0.010039195418357849,0.0026595620438456535,19,940,1,6,SAT_unsat_identifiable,1,boolean_factorization,exclude_x,exclude_x,0,861,3360,0,1,1,0,0,0,0,1,1,1,0,0,0.006746905855834484
4,50,10,100,1013863753,80,conj,glucose42,MT19937-RandomState,0.0005602771416306496,10000001110101110000000100110100101010000101000011000000100000001000000001000010100000000010000000000000000010001001001000010000000011000000000001000000000101101110000100000000010000000001100001001101111000000111001000100001000111100001100011100001001110100000000110000001101010000100011000100001100001000000000000001000011100000100001000001001010000000000101100011000011101010000000010111000110000111000000000001010110010000010001000100000000100000000000101110000001000000101000000000001000101100010,ec61fa41a59ea2f39628040ae2b1356bfbd66a649f01e2f6e1cad5f3c315fe7f,row_sparsity,row_sparsity|conj|3ccb84496a|rng=MT19937-RandomState,,4,4,1,uniform,1;2;3;4,0.25;0.25;0.25;0.25,0.0007055150344967842,6.645265966653824e-05,0.0010554557666182518,0.0010007619857788086,0.006531278602778912,0.009364577941596508,0.002828185446560383,23,768,1,6,SAT_unsat_identifiable,1,boolean_factorization,exclude_x,exclude_x,0,1157,4222,0,1,1,0,0,0,0,1,1,1,0,0,0.00668115820735693
4,50,10,100,1013863753,81,conj,glucose42,MT19937-RandomState,0.0005750590935349464,00010000000000010000000100010000000100101110001000010101000000100000100001101000100100100101001000110010110000000001110101110000000100001000110100100000001001000000011101000000000100011010010010101010000000001000100010000000000001101000001001000110000101000100000010111000000000011000000000010001010000000000100010010011101000010000000011000100001010010001101000000000110010010101001001100100000111100000100000001100100000100101000000010000110101000000000001000000110011010010000000001000100010101000,90a70cd2327ba85b697856266b5ba76df0bd483dc23b82e9a847f2f52690da8c,row_sparsity,row_sparsity|conj|3ccb84496a|rng=MT19937-RandomState,,4,4,1,uniform,1;2;3;4,0.25;0.25;0.25;0.25,0.0007071942090988159,6.428640335798264e-05,0.0009727701544761658,0.0009914934635162354,0.005178369581699371,0.007919502444565296,0.0027357442304491997,21,886,1,6,SAT_unsat_identifiable,1,boolean_factorization,exclude_x,exclude_x,0,949,3725,0,1,1,0,0,0,0,1,1,1,0,0,0.006817325949668884
4,50,10,100,1013863753,82,conj,glucose42,MT19937-RandomState,0.0005754530429840088,00110010010010010101101100010010010000100100000000010100000100010001000000100000000000010001000100011000001100000000010000000100000110000101100100000000100000100101000000000000100101010010000000100010010010000000001010000100000010010010101000011100100100100000000110001010010000000000000001001101000010000000000000100110001110100010000000000000001110000010010000000000011010001000010000101001000100000000100101000101010000001100000000010000100010010111001000010100011001001100101001001001000000010000,82dbfef81491f4a761ecb3e6105fe985e6eadd413070da667dc2e7cab9f034f6,row_sparsity,row_sparsity|conj|3ccb84496a|rng=MT19937-RandomState,,4,4,1,uniform,1;2;3;4,0.25;0.25;0.25;0.25,0.0007821479812264442,7.143337279558182e-05,0.0012417035177350044,0.0009872959926724434,0.013431554660201073,0.01651936676353216,0.003082580864429474,28,844,1,6,SAT_unsat_identifiable,1,boolean_factorization,exclude_x,exclude_x,0,1332,5085,0,1,1,0,0,0,0,1,1,1,0,0,0.007666075602173805
4,50,10,100,1013863753,83,conj,glucose42,MT19937-RandomState,0.0005820104852318764,00000000100000000110000010001001001101000011000000000000100100010100010011010000000000001000000001000000000100100011010010000110100100010101000000110010100000011000000000010100100000000010000001110001000100100011000000001001011000110010000000000001000000001000010010000000100000000000000010001000000001100000000001010001000001100000001000000100000001110110000000001000000111100000010000100001000000000100011010001000000000000100001010001001010000001010100000101000001100010100110000000001010000100110,68f8e75d1f1fd8251b597a026793d37f223685d2feb37027ee8bccde8586b47d,row_sparsity,row_sparsity|conj|3ccb84496a|rng=MT19937-RandomState,,4,4,1,uniform,1;2;3;4,0.25;0.25;0.25;0.25,0.0006434079259634018,5.838833749294281e-05,0.0007844641804695129,0.001007874496281147,0.007222432643175125,0.009721299633383751,0.0024941349402070045,16,912,1,6,SAT_unsat_identifiable,1,boolean_factorization,exclude_x,exclude_x,0,684,2763,0,1,1,0,0,0,0,1,1,1,0,0,0.0062301428988575935
4,50,10,100,1013863753,84,conj,glucose42,MT19937-RandomState,0.0005729049444198608,01011001001001000010001100000000001000001000001011000001101110000100101000000000100011000001001010100000000001000001000000100001000000101010011000110000010000100000000001000001100000010110010010000000001100011010001010010000010000010000010100010011100000001100100000000000011000001000011000010100000011100000100001101001100000000010010000010110000000100110010001101000000000100000101000000001000100001000101010001110000100010011000100000000110010100000000000100000101000000000010000101110000001000000,d93c0f9df4ffd112be0fe3f7651675deb314c18580525f2e8c59996c64ab48a0,row_sparsity,row_sparsity|conj|3ccb84496a|rng=MT19937-RandomState,,4,4,1,uniform,1;2;3;4,0.25;0.25;0.25;0.25,0.0006801532581448555,5.3209252655506134e-05,0.0006697447970509529,0.0009916014969348907,0.004211673513054848,0.006610616110265255,0.0023947088047862053,13,968,1,6,SAT_unsat_identifiable,1,boolean_factorization,exclude_x,exclude_x,0,537,2199,0,1,1,0,0,0,0,1,1,1,0,0,0.00592836644500494
4,50,10,100,1013863753,85,conj,glucose42,MT19937-RandomState,0.0005680415779352188,00100000010000000001100000000010010010010000110001101000011010010000101000011000000110101001000000000000000010000001000000100110000010000000000000101010000000100000100100000000010011000100100011001000110000000100101001000000001000000010001010000100001100110000010100010001000000000011001001000010101000010001111001100001000000000101110000011000000001000101100000100100000010011000000010010000010100000000011001010000001010010000110101100010000001000101000000000000000001010000010001000110001100010001,3a98663a91d3f735b248efb66767e1ddb23b4ef0bae221f886498bb9e4ef53ea,row_sparsity,row_sparsity|conj|3ccb84496a|rng=MT19937-RandomState,,4,4,1,uniform,1;2;3;4,0.25;0.25;0.25;0.25,0.0007419046014547348,6.620492786169052e-05,0.001010623760521412,0.0010039117187261581,0.0056844595819711685,0.008511279709637165,0.0028226450085639954,22,884,1,6,SAT_unsat_identifiable,1,boolean_factorization,exclude_x,exclude_x,0,1058,3979,0,1,1,0,0,0,0,1,1,1,0,0,0.007008121348917484
4,50,10,100,1013863753,86,conj,glucose42,MT19937-RandomState,0.000563276931643486,00010000000011011000001011000111010000100000101011010000000000010010000100010110100001001010000000000000110000011110000000010000000100001000000000010100010001010001000000000101000100100100100010101100001000110110000000001000010011011000001001000000001000110010001000000000000110110000000001000000010010000101000100000110001000000011101000000000100000110000000000101110000010001110010000111000100010100000010000010000010110000000000000001011000100010100100011010000010000011100000001010001100000000110,fb12d9743fefdb272aa4d75ed85fae7adc41ac41d30151362b2c4b9e9309ceae,row_sparsity,row_sparsity|conj|3ccb84496a|rng=MT19937-RandomState,,4,4,1,uniform,1;2;3;4,0.25;0.25;0.25;0.25,0.0006875507533550262,6.195623427629471e-05,0.0009412812069058418,0.0009894706308841705,0.005404428578913212,0.008089036680758,0.0026802588254213333,20,884,1,6,SAT_unsat_identifiable,1,boolean_factorization,exclude_x,exclude_x,0,930,3570,0,1,1,0,0,0,0,1,1,1,0,0,0.006710241548717022
4,50,10,100,1013863753,87,conj,glucose42,MT19937-RandomState,0.0005764886736869812,00000010001001010001000000001000000010001000000000000101110001000000000011000000000000110000101100011001011000000000100010010010001000001110010000000000010010100000101000001101000010010000110100100101000000010010000100000010100001000100000001000100010100000000010000010110000111000000001000011010010000000000011100100100000001001000001101100101001100000010001001000011001000001000101110000000001110101000000000010100000001001110000000001000100100110000000000011010010001000101000001011010000000010100,6f7f26c716d132f8f46efaf2c0a1334d7f8025b65be6477be65f967d15187e9e,row_sparsity,row_sparsity|conj|3ccb84496a|rng=MT19937-RandomState,,4,4,1,uniform,1;2;3;4,0.25;0.25;0.25;0.25,0.0007481714710593224,6.730109453201294e-05,0.001047980971634388,0.0009881546720862389,0.006051386706531048,0.008907879702746868,0.002851608209311962,23,798,1,6,SAT_unsat_identifiable,1,boolean_factorization,exclude_x,exclude_x,0,1087,4145,0,1,1,0,0,0,0,1,1,1,0,0,0.0068194689229130745
4,50,10,100,1013863753,88,conj,glucose42,MT19937-RandomState,0.0005580130964517593,00000000010000011100000000000110011001001000110001001110000100000001000010001101001000100001110010000000111010010001010000010010000100000000011100000100000000110100000100000100000000110000000100100110010000000000011000010100001000010011100001000000000000101110110000000110000110000110101000010010010010100010001000001010000100001101100001100000001000011010100011100000100100001000100000010000001000100001110001111010000001000100010001100000000000000101100010100010000000100111000010100000101001001000,838bd0b5b335a3f749082fd11b0b7ed3014da5a24ca9a470eb2da9048fe13967,row_sparsity,row_sparsity|conj|3ccb84496a|rng=MT19937-RandomState,,4,4,1,uniform,1;2;3;4,0.25;0.25;0.25;0.25,0.0008049113675951958,7.268041372299194e-05,0.001274149864912033,0.0010125814005732536,0.007211714051663876,0.010380752384662628,0.0031643230468034744,29,746,1,6,SAT_unsat_identifiable,1,boolean_factorization,exclude_x,exclude_x,0,1451,5350,0,1,1,0,0,0,0,1,1,1,0,0,0.00744993332773447
4,50,10,100,1013863753,89,conj,glucose42,MT19937-RandomState,0.000578019767999649,00100011010000000010000000001001100100011000101001100100101000010000000000000011000010001000001000001000011100000000001010000001000000001000010000001000101001000001101000010001010010000000010100101010100110010000000011000100101001011000000000100100001001100001001001101000000100000100110000000000100001010100000101000001101010000101010000010010010000001010001000000001001001000010100000010010000011100000001000000000111000010000000001100000010010000100001010100000000011000010010000101010000001000100,f31268005b07aa4210e714d90b1cc8871b8d7446bdb87f417d9571fd3dfeca04,row_sparsity,row_sparsity|conj|3ccb84496a|rng=MT19937-RandomState,,4,4,1,uniform,1;2;3;4,0.25;0.25;0.25;0.25,0.000683976337313652,6.669946014881134e-05,0.001088906079530716,0.0010001929476857185,0.006807980127632618,0.009652901440858841,0.002839774824678898,24,783,1,6,SAT_unsat_identifiable,1,boolean_factorization,exclude_x,exclude_x,0,1126,4322,0,1,1,0,0,0,0,1,1,1,0,0,0.006933718919754028
4,50,10,100,1013863753,90,conj,glucose42,MT19937-RandomState,0.0005418118089437485,00101100100000001001000010011000000000011001000000000001010100000010000010100100100110000000001101101001000000010000010111000000000100110010000010000010010000010100001101000000011000110000100001000000001100010111000100001001000110000011000000100000000000110000000000100000110100000000010111011000110000000000100001000000010000000000000000100000010000010010010100000001000001101010010001000101100000010000010000000000010100001000100000000110000100000000100010000100001010001001000010000100000000000100,f5c7705193d6e8b845ed7b6bafae00bdfc99eaaee1f2d53875f3004fb9b08a89,row_sparsity,row_sparsity|conj|3ccb84496a|rng=MT19937-RandomState,,4,4,1,uniform,1;2;3;4,0.25;0.25;0.25;0.25,0.0005553634837269783,5.8144330978393555e-05,0.0006312932819128036,0.0009896894916892052,0.003686238080263138,0.005925259552896023,0.0022344905883073807,12,960,1,6,SAT_unsat_identifiable,1,boolean_factorization,exclude_x,exclude_x,0,478,2000,0,1,1,0,0,0,0,1,1,1,0,0,0.005842650309205055
4,50,10,100,1013863753,91,conj,glucose42,MT19937-RandomState,0.000566934235394001,00011001000000011010100000000001000010011011000010011000010001010100001001011000000001000010010000000100000000010001001001000010000000000010010000110001100100001000000000001001010110100010000000010100000100000100100100100110000001011000000000000100000010001100101010010000100010110001010001000001110101000101010010000111000001001101100110001001001000110010000000000100101010000010110010010000110001001000000000000100100000101000000010000001000100011000001011000001000000100000001001000001000011000001,4bdcf3729246ac9582e8cf34b664bda09ab5010e92e1204786f463eca1b7f7e9,row_sparsity,row_sparsity|conj|3ccb84496a|rng=MT19937-RandomState,,4,4,1,uniform,1;2;3;4,0.25;0.25;0.25;0.25,0.000950222834944725,8.840393275022507e-05,0.0013147145509719849,0.0010128375142812729,0.007224787026643753,0.010595250874757767,0.003366178832948208,30,805,1,6,SAT_unsat_identifiable,1,boolean_factorization,exclude_x,exclude_x,0,1440,5472,0,1,1,0,0,0,0,1,1,1,0,0,0.007521563209593296
4,50,10,100,1013863753,92,conj,glucose42,MT19937-RandomState,0.0005696797743439674,00100000000000001000110000000000110100000001010001000000010001010100100001001000001000010000001000001000100010000000000101000001010010000000010010010000000000110100100011010000111000000001000000001010110100000101010100011010011000000010000000001011010001000010111000100000100010100000010001010000010010000000000010011100110000001000100001000100100000010000010000000010001100011000001000000000001000001011000000100001000000000110101000010000001000100001000100000101100000101000100000100100110000111000,2c30089e957cd92a9ad2c8ff6fb81697dd699e1a05a88c2c246b34b989cc48fe,row_sparsity,row_sparsity|conj|3ccb84496a|rng=MT19937-RandomState,,4,4,1,uniform,1;2;3;4,0.25;0.25;0.25;0.25,0.0007786797359585762,7.103383541107178e-05,0.0011684689670801163,0.0009952867403626442,0.008529662154614925,0.011548187583684921,0.0030134692788124084,26,895,1,6,SAT_unsat_identifiable,1,boolean_factorization,exclude_x,exclude_x,0,1174,4643,0,1,1,0,0,0,0,1,1,1,0,0,0.007523035630583763
4,50,10,100,1013863753,93,conj,glucose42,MT19937-RandomState,0.0005843201652169228,00011000000100000010001101000000010000000010000000010000010100100000000000000011011000010001000000111000011010100001110010001001100000000011100100000100000000100000011000100010000000010000000010000010000010000011000001101001000000100000000000000010000010010000110000010011010001000000100001000001000000000000100000010100001000000100101000110010000000001100100000010000001001001010001011010010000010100000000100011000001001001001010100111000000000010101000001000100000000101100000101001001000001100101,5dcb9ebddb189fbba29176027fe0dba043ecac16b7d8b946b0bec1834300c7b0,row_sparsity,row_sparsity|conj|3ccb84496a|rng=MT19937-RandomState,,4,4,1,uniform,1;2;3;4,0.25;0.25;0.25;0.25,0.0006877314299345016,5.477573722600937e-05,0.0007051778957247734,0.0009972061961889267,0.0066712480038404465,0.009121210314333439,0.002444891259074211,14,1000,1,6,SAT_unsat_identifiable,1,boolean_factorization,exclude_x,exclude_x,0,566,2365,0,1,1,0,0,0,0,1,1,1,0,0,0.006155047565698624
4,50,10,100,1013863753,94,conj,glucose42,MT19937-RandomState,0.0005744118243455887,11101000000100000000000101000001000100000001000010011000000000010011100110010010000010000100010001000000001001000101000110001010010001100001110000000001000001110010100101100000110000000001100000010111010000000001000000000000100111000000100100000100000010001000100100000000000000010000000100010000011000010001100000001000101000000010001000001000000010000000001001000000011000110000000100100000100011101001000011100001001000011010011000000001000000100000000001000110001001000001000101001011001000000000,74f0e27009ac4d05d374587b617e48aadf7317d449d9bb5426a1da6e4d9d0252,row_sparsity,row_sparsity|conj|3ccb84496a|rng=MT19937-RandomState,,4,4,1,uniform,1;2;3;4,0.25;0.25;0.25;0.25,0.0007321024313569069,6.335228681564331e-05,0.0009321412071585655,0.0009841034188866615,0.004869437776505947,0.0075856102630496025,0.0027116993442177773,20,866,1,6,SAT_unsat_identifiable,1,boolean_factorization,exclude_x,exclude_x,0,860,3493,0,1,1,0,0,0,0,1,1,1,0,0,0.006649091839790344
4,50,10,100,1013863753,95,conj,glucose42,MT19937-RandomState,0.0005809962749481201,01101000010000101010001001000101000010000000111000000000010010110010001010100001010001100000001000000100010001101000001001001100100010010000111100000000110001100010000100000011000001000000000000110000001000001010001000001011000100000000100000101001010010000000001001001100010000000000000010000000000100100100101000010001101000001000000000100000011000110000000000000100100000100000100000111000110010101010011000000001000000100100001100010100000000110000001000100010001000000000110100001000000010000100,a89b4afb2d3358ab0eeab819fe5f5e42d208d684cfc6f9a8ba4b0cc529b03a94,row_sparsity,row_sparsity|conj|3ccb84496a|rng=MT19937-RandomState,,4,4,1,uniform,1;2;3;4,0.25;0.25;0.25;0.25,0.0006210086867213249,5.884375423192978e-05,0.0008218670263886452,0.0009959591552615166,0.004338334314525127,0.00684109702706337,0.0024976786226034164,17,969,1,6,SAT_unsat_identifiable,1,boolean_factorization,exclude_x,exclude_x,0,773,2995,0,1,1,0,0,0,0,1,1,1,0,0,0.006639366038143635
4,50,10,100,1013863753,96,conj,glucose42,MT19937-RandomState,0.0005719196051359177,01011000011000001001000100011010100100101010001000100000000000010000000101000110000000100000000100110001000001101000010000001101001001001000001100001010000000001001010100110000000000101000000010100101001010101000010110010000100000011010100000000110000000000110110010000000001000010001000001010000000010001000000000001101100000000001001000000010101001010000111000000001011000000100110010100000001000100001100010000000101000000010000000100000000000010000001000000000110100000101100001100011000000000100,9e60a0839eee577bf7ea10824b1ae0aed1d1e3182ac4bd2cf2041c598296cc9a,row_sparsity,row_sparsity|conj|3ccb84496a|rng=MT19937-RandomState,,4,4,1,uniform,1;2;3;4,0.25;0.25;0.25;0.25,0.0007623368874192238,6.426218897104263e-05,0.001042162999510765,0.0009853681549429893,0.008161278441548347,0.011020221747457981,0.002854130230844021,23,800,1,6,SAT_unsat_identifiable,1,boolean_factorization,exclude_x,exclude_x,0,1057,4112,0,1,1,0,0,0,0,1,1,1,0,0,0.006786976009607315
4,50,10,100,1013863753,97,conj,glucose42,MT19937-RandomState,0.0005708690732717514,00000101000000000010001000010001101100000010000001000110110000100000000010000011000000011101101000100100000000001110001010000000000100001000000010000001000000000000101101010100110000010000100110101000010001010000010001010011010000000000100000010000000001000000000010001011001010001001110000010100001100110101000100100000000101001110101000000000001000010100100000000001010010100010000010111000001000111000000000001101000000101011001000010000010010011001000010010000010010000000010000100001010000100000,47d8f0098fa8625c1d7761c6290bf7f287c015a4fcd455546a62a0d548bf9a4b,row_sparsity,row_sparsity|conj|3ccb84496a|rng=MT19937-RandomState,,4,4,1,uniform,1;2;3;4,0.25;0.25;0.25;0.25,0.0007203295826911926,5.9621408581733704e-05,0.0008949460461735725,0.0009829094633460045,0.006877904757857323,0.009540681727230549,0.0026578065007925034,19,928,1,6,SAT_unsat_identifiable,1,boolean_factorization,exclude_x,exclude_x,0,851,3349,0,1,1,0,0,0,0,1,1,1,0,0,0.006685640662908554
4,50,10,100,1013863753,98,conj,glucose42,MT19937-RandomState,0.0005895392969250679,01110000001001001000010001010100010000111100100100110000000000100000000011000010010000100000001100000110000100100011001000001000100011000000000101000110100010011000100101100000001000001101000000000100101100001010000100010010000000000001100010001000011000001000111000000100000001011100100001010000100111000010101000000000010100101000000000010010100100100011001001000000000101001000101110000011000110001000000101001000000000001000011101001000100000000000000000010000110000001000100011000000010001100001,a9a792aa9bfb04b47743b3ac8895356caa5d164f16b66dcafe90451ab1c40a9a,row_sparsity,row_sparsity|conj|3ccb84496a|rng=MT19937-RandomState,,4,4,1,uniform,1;2;3;4,0.25;0.25;0.25;0.25,0.0008559161797165871,7.076375186443329e-05,0.001166793517768383,0.001014414243400097,0.007710526697337627,0.010824435390532017,0.0031078876927495003,26,777,1,6,SAT_unsat_identifiable,1,boolean_factorization,exclude_x,exclude_x,0,1224,4698,0,1,1,0,0,0,0,1,1,1,0,0,0.0071282293647527695
4,50,10,100,1013863753,99,conj,glucose42,MT19937-RandomState,0.0005953656509518623,00101000010010001100100001000000010000000000110001010000000100010111000000100000000011100001000100101000110000000001100000000010000110010000001000000001010000010001001011000001010000000000011100000011001000010100100000000100000000010000000000101000000000110011000100000000010100000000010110000001000000001010001100000000000001100000010001100101000011110100100001100000000001011000010101000000010000001001000011010000000100000010000000000001010100100001000000001000000011001011000011001010000010101000,fefed239083fecba783f5e3bde607529b90622bd862014bbf4385b919c8f0160,row_sparsity,row_sparsity|conj|3ccb84496a|rng=MT19937-RandomState,,4,4,1,uniform,1;2;3;4,0.25;0.25;0.25;0.25,0.0006709396839141846,6.165914237499237e-05,0.0008968943729996681,0.0009878212586045265,0.005012610927224159,0.00763505045324564,0.0026173144578933716,19,714,1,6,SAT_unsat_identifiable,1,boolean_factorization,exclude_x,exclude_x,0,891,3393,0,1,1,0,0,0,0,1,1,1,0,0,0.006062460131943226
