schema_version,J,K,N,seed,sim,operator,solver_name,rng_engine,generation_time,q_bitstring,q_sha256,design,design_id,p,m_requested,m_effective,min_row_size_requested,row_size_distribution,row_size_support,row_size_probs,basis_time,identity_check_time,two_col_check_time,three_col_check_time,sat_time,algorithm_time,preprocess_time,J_basis,M_basis,identifiable,branch,branch_label,sat_called,sat_formulation,sat_cardinality_encoding,cardinality_encoding_requested,maximal_candidate_requested,sat_variables,sat_clauses,identity_original,not_complete_original,has_pure_node_original,no_pure_nodes_original,has_zero_row_original,two_col_violation_original,three_col_violation_original,two_column_pass_original,both_necessary_checks_pass_original,I_3c,identity_basis,two_col_violation_basis,diagnostics_time
4,50,10,100,3791674400,0,conj,glucose42,MT19937-RandomState,0.0007494566962122917,00001000000000100011110000010100000110010001010101000100011100001001000000000001010001001001000101000011100010010010010000000000100000000001000000110110000000100000101100000001000100100011100000110000100001110000011010000001010000010000110100001100100000000001001100010000001000000010000000100010011000000100001000010000010100101010110100001010000110111000000000000010000100100110000010010100110110001001001001011100001000000010000000000011000000111100010000110010000010000001000010000101000000101010,711479b7b076725c58598dedea7153252073ebddec5faef3d70921c607c5c349,row_sparsity,row_sparsity|conj|3ccb84496a|rng=MT19937-RandomState,,4,4,1,uniform,1;2;3;4,0.25;0.25;0.25;0.25,0.0008809715509414673,0.00012473110109567642,0.0013399822637438774,0.0010842513293027878,0.02304491028189659,0.02648497186601162,0.003429936245083809,29,730,1,6,SAT_unsat_identifiable,1,boolean_factorization,exclude_x,exclude_x,0,1461,5361,0,1,1,0,0,0,0,1,1,1,0,0,0.007790408097207546
4,50,10,100,3791674400,1,conj,glucose42,MT19937-RandomState,0.0006236927583813667,00010100100010000000001100000100000000010000000001001001000000100100000111100000010010000000000101000000110001000110010000010011000110000001000010110000100000101001011000000011001000110000000010000000000110000001100001000000001000000010000000010010000000011100000011010010000001110000000010000100001000110000010001101000000000001000001000101100000000000010000001011000000000010000001000000000100000000101000001001001001100000010000010001010010000001000000000011000000001100100000101000001000000000010,8078b2802dd383d02e5118ce8213e045dc5dd5c044bf41b223744c60c46f3de3,row_sparsity,row_sparsity|conj|3ccb84496a|rng=MT19937-RandomState,,4,4,1,uniform,1;2;3;4,0.25;0.25;0.25;0.25,0.0006778454408049583,7.424131035804749e-05,0.0011798953637480736,0.001015232875943184,0.006611302495002747,0.00956811849027872,0.0029472149908542633,24,840,1,6,SAT_unsat_identifiable,1,boolean_factorization,exclude_x,exclude_x,0,1076,4267,0,1,1,0,0,0,0,1,1,1,0,0,0.007561888545751572
4,50,10,100,3791674400,2,conj,glucose42,MT19937-RandomState,0.0006261542439460754,01100000001000110001000000100000100000000011100001000000100000010000001000000100110000000001101000100010000000010000000011010000101100001000100100000100000000100010010011001011000110000011000000001001000010000001010001010001000100001110001001000110000100101100100101000110000110100000000101111000000011100000100010100000000100001000000010010010000000000011010100100000000001000000010000001100000010001001001010010000110001010010000101011000000000010100000001000000001000001000000010010000101000010000,5a19a0bc861ba2830c74e39f18961ee4bcadd2eeaeea8d73fc6ff03a5e7103e4,row_sparsity,row_sparsity|conj|3ccb84496a|rng=MT19937-RandomState,,4,4,1,uniform,1;2;3;4,0.25;0.25;0.25;0.25,0.0009883567690849304,9.106379002332687e-05,0.0010589053854346275,0.001009669154882431,0.007292520254850388,0.010450700297951698,0.003147995099425316,21,810,1,6,SAT_unsat_identifiable,1,boolean_factorization,exclude_x,exclude_x,0,989,3769,0,1,1,0,0,0,0,1,1,1,0,0,0.006986955180764198
4,50,10,100,3791674400,3,conj,glucose42,MT19937-RandomState,0.0006246408447623253,10000101100000000010001000011000110100000000100000011010000000101010000001000010001011001001100000001100100010110000000000100000000000001000001000010101111000000101000000000000100100011001010001000000010001001001011000000010011000000000010001110000100110000000100010101001001101000000101000010000100001000110101101000100100000010001000000001000100001010000100000100000000010000000110001000100000100001000100001010000000000011000100000000010100100011010110000000010100010001100000000000101000100110010,223a28f9f637d6f8c65877941f46172a85db6c63f381c39f538daf001290f9d8,row_sparsity,row_sparsity|conj|3ccb84496a|rng=MT19937-RandomState,,4,4,1,uniform,1;2;3;4,0.25;0.25;0.25;0.25,0.0006574364379048347,6.21601939201355e-05,0.000895288772881031,0.0010124333202838898,0.005597906187176704,0.0082930913195014,0.002627318724989891,17,846,1,6,SAT_unsat_identifiable,1,boolean_factorization,exclude_x,exclude_x,0,773,2995,0,1,1,0,0,0,0,1,1,1,0,0,0.006676040589809418
4,50,10,100,3791674400,4,conj,glucose42,MT19937-RandomState,0.0006746286526322365,00100001000000100000100000101000100001110011100001000011000010001001001010100000000000010010110001000001000010000001010010001000001000000100100000001000100100100000001100000000100000001001001001001001000001000011011000001000000000000000000100101000001010000000101000010000100000000010100001001100000110000000000010000000100110100000001000100011001000110000000110001000000010000000100000000010001010010000011000101000101010000010110000000011000100010110010100100001101000010001000000000010000100010100,b8097b12119aee445cb22d08ab2ddca36bc2474a4cd99c2cc2e3b40e9ceeed34,row_sparsity,row_sparsity|conj|3ccb84496a|rng=MT19937-RandomState,,4,4,1,uniform,1;2;3;4,0.25;0.25;0.25;0.25,0.00074818916618824,6.742589175701141e-05,0.0010018199682235718,0.0011614644899964333,0.005821517668664455,0.008808746002614498,0.0029788995161652565,21,766,1,6,SAT_unsat_identifiable,1,boolean_factorization,exclude_x,exclude_x,0,969,3747,0,1,1,0,0,0,0,1,1,1,0,0,0.006911294534802437
4,50,10,100,3791674400,5,conj,glucose42,MT19937-RandomState,0.0006082681939005852,00010000001100100001010110000101000001010000010000011000000000010100100000000001000101000000001100100001110000001000110001000000000000100000010010011000000100010000000001001100001110000101010000011110000001111000000010001100100001000001000000000010111010000010001110001000010000001010100010000011000111000000010000001010010010000000010010000000110000000001110001100001010000010001100000001101100000100010010000000001111000000000100010010010000000101000110101000010000000000101000000100101100000000100,1c6f414ccf7e931ab440971cf0020e4831e81a6c6577ef40b9ccb61fe5a26e56,row_sparsity,row_sparsity|conj|3ccb84496a|rng=MT19937-RandomState,,4,4,1,uniform,1;2;3;4,0.25;0.25;0.25;0.25,0.0005713542923331261,5.899369716644287e-05,0.0006903074681758881,0.001012447290122509,0.003434807062149048,0.0057753510773181915,0.002333102747797966,13,784,1,6,SAT_unsat_identifiable,1,boolean_factorization,exclude_x,exclude_x,0,567,2232,0,1,1,0,0,0,0,1,1,1,0,0,0.0059436773881316185
4,50,10,100,3791674400,6,conj,glucose42,MT19937-RandomState,0.0006216540932655334,00101000001010000000100001100011010000000110000000000000001100010100010001001100001101000000110100000000100010110000000000001011010010010110001000000101011000011000000000101000110001000001000001100110010000000001001100001000000000010010110000100010011010000000010000100110100000000101000000000010101010000000000110000110100011000000000000100001000000000000000100000100000000001010000010101100010101100001010101000000010001000000100111000100000001000000100010000000011000100010010100000100000010000011,16981317a34288d0fe502abcbf84daa9078350628432782546408da16af6b380,row_sparsity,row_sparsity|conj|3ccb84496a|rng=MT19937-RandomState,,4,4,1,uniform,1;2;3;4,0.25;0.25;0.25;0.25,0.00077052041888237,7.374677807092667e-05,0.0011545242741703987,0.001025407575070858,0.0070058805868029594,0.010038885287940502,0.0030241990461945534,25,938,1,6,SAT_unsat_identifiable,1,boolean_factorization,exclude_x,exclude_x,0,1155,4488,0,1,1,0,0,0,0,1,1,1,0,0,0.007604584097862244
4,50,10,100,3791674400,7,conj,glucose42,MT19937-RandomState,0.0006034430116415024,11000000110000010100100011001011000010010000000100000000000110111000000010000001101000001101000000000000100101000000010100000000110000100010000000010000000010100110000010000001000000000100010010110001000001000000010001011000010000100000000000100000000101100001000000001001000000000000000100000001011001011000011001000010000110010010100101000000100000001101001000101011000010101000000000010010001000001000100100101000110000000000100010000000001010100001011000010101110000000000010000010000010101000101,eee2a77b2e87eb31ef1c06aad2cbda00fad065a4a7978f60f7aaafb6b4ed4ee1,row_sparsity,row_sparsity|conj|3ccb84496a|rng=MT19937-RandomState,,4,4,1,uniform,1;2;3;4,0.25;0.25;0.25;0.25,0.0006069233641028404,6.314832717180252e-05,0.0008848924189805984,0.000995866023004055,0.012186901643872261,0.014747506007552147,0.0025508301332592964,18,786,1,6,SAT_unsat_identifiable,1,boolean_factorization,exclude_x,exclude_x,0,852,3216,0,1,1,0,0,0,0,1,1,1,0,0,0.006416266784071922
4,50,10,100,3791674400,8,conj,glucose42,MT19937-RandomState,0.000613839365541935,00010000001000000010110000000100011000000000000110000001000100000001001110100000010010000110100001000000100011100010010000000100000010000000000001000000011100101000000000000001110010000000000000001000110000010000000010100000000110000000000111001010000000000110000000001000000001100000000010001000000000101001010100000000110100100000000010001000111000010000000000000010001000000010000101001101100001100000011000000000001000010001100000100000101100001000011011001010011000010000000000001000010010000000,2915f20250a60621c95e9f5ed05dbcab84b2eea70596b5e641760bbf02d8bbe1,row_sparsity,row_sparsity|conj|3ccb84496a|rng=MT19937-RandomState,,4,4,1,uniform,1;2;3;4,0.25;0.25;0.25;0.25,0.0005370406433939934,5.5273063480854034e-05,0.0,0.0,0.0,0.0005968157202005386,0.0005923137068748474,10,1024,1,4,identity_submatrix_identifiable,0,,,exclude_x,0,0,0,1,0,1,0,0,0,0,1,1,1,1,0,0.005664964206516743
4,50,10,100,3791674400,9,conj,glucose42,MT19937-RandomState,0.0006298162043094635,10000000000000010000000000100001000000001010000001100100001000111001000101100000000100110100000000010000010001000000100000000000010000000110000100000010000001001100000001001110001000000010000000100011001000000000001011010111100000000000001001000000000010001100001000010100000000101001000100001100010100010110000001000000000001001000010100001000000010000101011001110010000000011100011000000100000000100010101001011000001001011100000100000010000100110101000000011000000000000100000000000001001000010011,10cdfd9cd520c03b11f85dd42c2e89a1d7202697b42bf1f987be7c15406fbc0c,row_sparsity,row_sparsity|conj|3ccb84496a|rng=MT19937-RandomState,,4,4,1,uniform,1;2;3;4,0.25;0.25;0.25;0.25,0.0006366129964590073,6.120745092630386e-05,0.0007662009447813034,0.0009831124916672707,0.004091356880962849,0.006544014438986778,0.002447133883833885,15,800,1,6,SAT_unsat_identifiable,1,boolean_factorization,exclude_x,exclude_x,0,695,2641,0,1,1,0,0,0,0,1,1,1,0,0,0.006117977201938629
4,50,10,100,3791674400,10,conj,glucose42,MT19937-RandomState,0.0006147269159555435,00000001001000001000101000000001000000001000100100100011000000001000000001100011000001101000000101000000100001100100010100000000101000001000011000011010000000001100000010000110001100111010000000000100000000100001100100000100100000100000100100101000101000000100011000101001100010101000010001000000100010010001000011000000010010001010001000000000101100100000000000001100000000000100000010000000000100000110010010000100000000110000110001001101000100000000000101000001000100100001001000000001001000100110,e5c1a265a1e8de6ac5d04f7dd335d5f6dfde33d14b018c9333df7f04f35d912d,row_sparsity,row_sparsity|conj|3ccb84496a|rng=MT19937-RandomState,,4,4,1,uniform,1;2;3;4,0.25;0.25;0.25;0.25,0.0006503406912088394,7.525831460952759e-05,0.000966404564678669,0.001065901480615139,0.005434749647974968,0.008199527859687805,0.002757905051112175,20,857,1,6,SAT_unsat_identifiable,1,boolean_factorization,exclude_x,exclude_x,0,940,3581,0,1,1,0,0,0,0,1,1,1,0,0,0.006949915550649166
4,50,10,100,3791674400,11,conj,glucose42,MT19937-RandomState,0.0006114328280091286,00110001000001010010100010001101000001100001000100010001100100100000000000110000100011100000010000000000100010100000000010101010001001010001100100011000100000000000100001000000010101000100000101000010010101001001000100010001000000010011010001000011010000101000001110010001000000000000000100101000000100000100001101000100000100000001100100101000001100111010000000000100010100000100010001001000000001010000000100010000000001010000100010001010110000000101000001100010000011010110000000001011011100010100,e013434340fc690eec162147425a9a76aa5d945492aa89945229baf35ed57964,row_sparsity,row_sparsity|conj|3ccb84496a|rng=MT19937-RandomState,,4,4,1,uniform,1;2;3;4,0.25;0.25;0.25;0.25,0.0008207317441701889,7.598660886287689e-05,0.0013019861653447151,0.0010171188041567802,0.009520831517875195,0.012744825333356857,0.003215823322534561,27,830,1,6,SAT_unsat_identifiable,1,boolean_factorization,exclude_x,exclude_x,0,1293,4908,0,1,1,0,0,0,0,1,1,1,0,0,0.007812965661287308
4,50,10,100,3791674400,12,conj,glucose42,MT19937-RandomState,0.0006054621189832687,00000001000010000001000000100000100100000001000011001000001000001010110010000111110101000010001000100001101010001010100000001000001000000100001100001101000011010100110010010110000001001010000000000010000101001100011000000000001000000100010010000010000101100000000001000000010000000111000000010000000101000100000110100000110000101011000000000000000010000100000000001000001100011000101010100000110010010010010000001000010100000100101001010010001010001001001100101000000000100000000110000100000000101101,80c3ba19d4b05b3f2ec18f6625b671a5b25ff2a3212b37c586c6f4262f26e087,row_sparsity,row_sparsity|conj|3ccb84496a|rng=MT19937-RandomState,,4,4,1,uniform,1;2;3;4,0.25;0.25;0.25;0.25,0.0008117323741316795,7.262080907821655e-05,0.0010430887341499329,0.0010031582787632942,0.005507364869117737,0.008444712497293949,0.002930600196123123,22,928,1,6,SAT_unsat_identifiable,1,boolean_factorization,exclude_x,exclude_x,0,988,3902,0,1,1,0,0,0,0,1,1,1,0,0,0.007178140804171562
4,50,10,100,3791674400,13,conj,glucose42,MT19937-RandomState,0.0006721112877130508,01000000000000000010001000011010000001001110000100011100010001000000000000111010000001000001000000001000010101001111000011000000000110100000010000000001000010001000000000000100001000100001110000010101101010000000000000100000010100000110001101000000000000100001010010010110001001001100010001000010000100001000000010000001010000110101000010100010101001000110000100010011010110010001000010001000100100000011010000011001000000010100000100110010010001010001000000001000000000010000000100010000000000010100,168a9bb82088141ffc6f2a4227e0a8695038be3db596d8eefaaf9b5c65f36943,row_sparsity,row_sparsity|conj|3ccb84496a|rng=MT19937-RandomState,,4,4,1,uniform,1;2;3;4,0.25;0.25;0.25;0.25,0.0007342100143432617,7.03791156411171e-05,0.0011211000382900238,0.0010503819212317467,0.007511066272854805,0.01049425546079874,0.0029760710895061493,24,746,1,6,SAT_unsat_identifiable,1,boolean_factorization,exclude_x,exclude_x,0,1156,4355,0,1,1,0,0,0,0,1,1,1,0,0,0.0071172406896948814
4,50,10,100,3791674400,14,conj,glucose42,MT19937-RandomState,0.0006138607859611511,00101000001100000010000001000000011000101100001000010010001100101000000000100000100001010110001010000000101010010000011001000010100100100000110000110001100100000000000001010001001000000011011010000000000000001000100101100010000101001100000001000000110000000010000010000000000011000001000000010001100100100110011000000101000011000101100100100000100000000000101000001000000000001000000001000001000000001000010100010110000001010010100011000100000000100100001000010000100010011010001001010110000000100000,8356005e800f97b45d40098f3097eb6ec2d77e063be54a6427d4fd3c03e49594,row_sparsity,row_sparsity|conj|3ccb84496a|rng=MT19937-RandomState,,4,4,1,uniform,1;2;3;4,0.25;0.25;0.25;0.25,0.0007030842825770378,6.932206451892853e-05,0.0010417206212878227,0.001065148040652275,0.006759105250239372,0.009645683690905571,0.002879275009036064,22,852,1,6,SAT_unsat_identifiable,1,boolean_factorization,exclude_x,exclude_x,0,1018,3935,0,1,1,0,0,0,0,1,1,1,0,0,0.007146415300667286
4,50,10,100,3791674400,15,conj,glucose42,MT19937-RandomState,0.0007262546569108963,01000000000000001001011010010000000000100000000100000010000000000100001000000000001000000010011000010001000001010001001001001000001010000000101000100001001001100001100010001000000000000101000001001010000100101000110000110100000000000010000010000010101000000010001001110010000000100000000100000000101011000000000110000110001000000000100100100010010010001000000000100101010101000000000100011001000000000000100001000000010011000001011000011001000000100000011000100000000100001001010000000110000110000101,1690d3a39e46123f8792bc3b99082d18c1b09ff508c5c188f219d510b8975511,row_sparsity,row_sparsity|conj|3ccb84496a|rng=MT19937-RandomState,,4,4,1,uniform,1;2;3;4,0.25;0.25;0.25;0.25,0.0006288336589932442,6.298720836639404e-05,0.0008864160627126694,0.0010626977309584618,0.004789872094988823,0.007438479922711849,0.0026409346610307693,18,904,1,6,SAT_unsat_identifiable,1,boolean_factorization,exclude_x,exclude_x,0,812,3172,0,1,1,0,0,0,0,1,1,1,0,0,0.006720531731843948
4,50,10,100,3791674400,16,conj,glucose42,MT19937-RandomState,0.000666934996843338,10011001000000100000001000000000100000001000000000010001010000000101101000001000101001010000101000000001110100000010000000100000101010010010110001010000001101100011000000000001000000001011100000111000000010001001010000000100000000001010000110101000010011000000000001000010011000001000000001000110100000101000000010010001010001000111001000100010011001010110000001100001001011000000100100000000000011010010000010100000001010010010001110000000000001000000100000001001100100010110001001000000011010000011,df549198ecd90199c21506f6277cb0213962b24e68463bd4bd43d1e59e0450ca,row_sparsity,row_sparsity|conj|3ccb84496a|rng=MT19937-RandomState,,4,4,1,uniform,1;2;3;4,0.25;0.25;0.25;0.25,0.0008260495960712433,7.592514157295227e-05,0.001416712999343872,0.0010788990184664726,0.011264549568295479,0.014670622535049915,0.0033975867554545403,27,734,1,6,SAT_unsat_identifiable,1,boolean_factorization,exclude_x,exclude_x,0,1283,4897,0,1,1,0,0,0,0,1,1,1,0,0,0.007392370142042637
4,50,10,100,3791674400,17,conj,glucose42,MT19937-RandomState,0.0006186868995428085,10101010001001010010010001000000110001010000001111100100100101010001001011000000010000001010000000010111000000100000000000011010000110000101000010000000000000100100001000110001000010100000000100001100000000100000000010110000001000010101010000000000011001010000010000000010001000000010000000101000010111001000000001000000000100000000110001000000100001010100001001100000110001000101000011010000001010110101000100001100001000001100000100000000000000101000000010000001000000110000010001001000000000011000,da22142c5243258fb56df3c73bffa14c95e2dab8fac32a6e37f427a3527a425d,row_sparsity,row_sparsity|conj|3ccb84496a|rng=MT19937-RandomState,,4,4,1,uniform,1;2;3;4,0.25;0.25;0.25;0.25,0.0007535899057984352,6.862636655569077e-05,0.0010032383725047112,0.001042928546667099,0.00541710015386343,0.008292904123663902,0.002868383191525936,21,875,1,6,SAT_unsat_identifiable,1,boolean_factorization,exclude_x,exclude_x,0,969,3747,0,1,1,0,0,0,0,1,1,1,0,0,0.007041028700768948
4,50,10,100,3791674400,18,conj,glucose42,MT19937-RandomState,0.0006149560213088989,00000100000001101100100000000000101010000000000101000101000000100100000001011001000100110000000101100001000000000110100000100000001001011000100100100100100000100011100000011100000101000000011010000100010010000000101010000010000000000101000000001010000100000000000110010100110000001001010100000010000010100010000000110000000101000001000000000000110110100000000000100110010000001010001100110000001010000000000010100000010011000000110010000000001001001100001101000000110010011000000000000100010000000010,d6511b7a7579612cfb9702e9b59c8321c1a349bd6e38ebffabe6da012d9b494e,row_sparsity,row_sparsity|conj|3ccb84496a|rng=MT19937-RandomState,,4,4,1,uniform,1;2;3;4,0.25;0.25;0.25;0.25,0.0007195491343736649,6.701331585645676e-05,0.0010190792381763458,0.0009993985295295715,0.006684413179755211,0.009496917016804218,0.002805040217936039,21,863,1,6,SAT_unsat_identifiable,1,boolean_factorization,exclude_x,exclude_x,0,969,3747,0,1,1,0,0,0,0,1,1,1,0,0,0.007821020670235157
4,50,10,100,3791674400,19,conj,glucose42,MT19937-RandomState,0.0006056614220142365,01000000000010000000001010001010000000010001000000001101000010001000011010100100100001010000000011110001000000010001100100100100110100000010010000100000111000010010100000100001100011001000000100100010000000010101100001000001000000000100010000000100000101001000000100000000100000000001001010000001010100000001100010100010100001000000001000001000100000110001000100001000000000000001000001000001000000000110110000100100001010000010110101000000001001010010000000001101100000000000100010010001001000010000,8db91067c2fa8f011fce1198751e737413b8535bc7764c611c5249a154bdfde2,row_sparsity,row_sparsity|conj|3ccb84496a|rng=MT19937-RandomState,,4,4,1,uniform,1;2;3;4,0.25;0.25;0.25;0.25,0.0007444312795996666,6.686896085739136e-05,0.0009979289025068283,0.0010003698989748955,0.0064889658242464066,0.009305667132139206,0.0028095990419387817,21,944,1,6,SAT_unsat_identifiable,1,boolean_factorization,exclude_x,exclude_x,0,959,3736,0,1,1,0,0,0,0,1,1,1,0,0,0.007118883542716503
4,50,10,100,3791674400,20,conj,glucose42,MT19937-RandomState,0.0005829315632581711,00010001010001011010100000010001101100000001000001101101000010100000101000100100000000110001000100000010001000011100001010110000000010000000100010001000100010000000001100000010001000000001000000011001000110000000010111001101000100000010010000101100010110000010010010001000000001101000010000010010001000000000011000011000100000100100101011000001100000001000001100001010100000100001001110000001000000000101010000010000100100100011010000001000000001000000000100000000010000010110000000000000010010100000,f100cd77ffbe59a760ec4aeb888009b186c3d0d53747a2d2929b834a19a90fb0,row_sparsity,row_sparsity|conj|3ccb84496a|rng=MT19937-RandomState,,4,4,1,uniform,1;2;3;4,0.25;0.25;0.25;0.25,0.0008014412596821785,7.406342774629593e-05,0.001263212412595749,0.0010047852993011475,0.007662344723939896,0.010812931694090366,0.003143502399325371,26,875,1,6,SAT_unsat_identifiable,1,boolean_factorization,exclude_x,exclude_x,0,1204,4676,0,1,1,0,0,0,0,1,1,1,0,0,0.007908323779702187
4,50,10,100,3791674400,21,conj,glucose42,MT19937-RandomState,0.000676233321428299,00110000100000000001001011001010000001110110010000101000100100001010100000000100001010110000010101010001000000000101100100101001101010001100000000001100001000100000001100000001011010001000111000100010000001010000010110001000110010000000111001011001000000101000010000000000000000010000011011000010000000100110000100010000001011010010000011011010100000001001000100010010000000100000000000001100101001000100000110000100000001001010000000011000001000000000000110100011100001000000010000100101000010000001,0ba09ea172b543a311dc172f68dd125f44ad96219caf9363b2f6bc3bd0cd0ae3,row_sparsity,row_sparsity|conj|3ccb84496a|rng=MT19937-RandomState,,4,4,1,uniform,1;2;3;4,0.25;0.25;0.25;0.25,0.0008836546912789345,7.748603820800781e-05,0.0012750662863254547,0.001283859834074974,0.009097483940422535,0.012625363655388355,0.003520066849887371,28,738,1,6,SAT_unsat_identifiable,1,boolean_factorization,exclude_x,exclude_x,0,1332,5085,0,1,1,0,0,0,0,1,1,1,0,0,0.00752387847751379
4,50,10,100,3791674400,22,conj,glucose42,MT19937-RandomState,0.000614815391600132,00000100001011000001101100000000000010010001001110100000000000010101100000001000101000000100100101100100010010011001000000100000100100000100000100010000000001000101000000100010001000000000100000100000101001010000000001010000001000010110100010000010111101000001100010000000010010000010000000101000010001000000010000101000100001000100011100000000000100010000000000001010000101000000000000001000110100000001011100000001000000000000011000010100100001011001000001000000010101001100001001011010000000001000,3407ab191e6846eff771a726749ba6c82d58ff21be940324c97a3315c4b4f000,row_sparsity,row_sparsity|conj|3ccb84496a|rng=MT19937-RandomState,,4,4,1,uniform,1;2;3;4,0.25;0.25;0.25;0.25,0.0007148189470171928,6.53434544801712e-05,0.0008059106767177582,0.0010055582970380783,0.004401199519634247,0.006999916397035122,0.0025916313752532005,16,996,1,6,SAT_unsat_identifiable,1,boolean_factorization,exclude_x,exclude_x,0,674,2752,0,1,1,0,0,0,0,1,1,1,0,0,0.006663397885859013
4,50,10,100,3791674400,23,conj,glucose42,MT19937-RandomState,0.0006158230826258659,00010000000100000001010110010000011000010001000100001000101000001000100100000010000000100101010000010001010010000011001000001000001000100000101000000001000000000010110001110100100001101100000010001010000110110010100100101000000000000001000110000000001110000010000010000000100100000010110010100010011000111100001000011000101100000010110000000001000000000000001000000010010010010000010010100100000011000000101001000001000010100010011100100010000100000010101001000000010000001010101001010000010000000100,4020f948ede3966a9c66ba2df540a1f2a1e4cd2c9bad488a3ab9a12a4f331710,row_sparsity,row_sparsity|conj|3ccb84496a|rng=MT19937-RandomState,,4,4,1,uniform,1;2;3;4,0.25;0.25;0.25;0.25,0.0006602322682738304,6.0063786804676056e-05,0.0009012408554553986,0.0010040057823061943,0.006955386139452457,0.009587709791958332,0.0026255426928400993,17,834,1,6,SAT_unsat_identifiable,1,boolean_factorization,exclude_x,exclude_x,0,743,2962,0,1,1,0,0,0,0,1,1,1,0,0,0.006520356982946396
4,50,10,100,3791674400,24,conj,glucose42,MT19937-RandomState,0.0006075501441955566,00010001110000000010000000100001000001011100000100100010000100111000010010110000010010010100010000000101000000001100000110000100001100001100101100000100100101010001001000000100010000100000000000000010001000001001000000000100001010001010100011100000000100000100000000100010001000000000000001000100010001000000101000100101000000100000100000100000110010001001100010000000000011100000000000010010000000000100110000001000010010000100000000101000100001000100010001101101000100000011100000000001000000101000,1b1cca012af60cd802a3081a4b1bd7f4aee905ac9cc26dd1e67f248b98e08dc9,row_sparsity,row_sparsity|conj|3ccb84496a|rng=MT19937-RandomState,,4,4,1,uniform,1;2;3;4,0.25;0.25;0.25;0.25,0.0006972905248403549,6.470270454883575e-05,0.0011477656662464142,0.0010110260918736458,0.005334064364433289,0.00826262030750513,0.0029207849875092506,19,886,1,6,SAT_unsat_identifiable,1,boolean_factorization,exclude_x,exclude_x,0,861,3360,0,1,1,0,0,0,0,1,1,1,0,0,0.006832677870988846
4,50,10,100,3791674400,25,conj,glucose42,MT19937-RandomState,0.0006125941872596741,00100100100111100000101000000001001100010100000000000110100100001011011010000000000010010001010010000000000100001111000000000010000001000111000101000000100001001000000010101000110000000010000010000011000001000000001010000000010001000001001101011000100110001010100000010010000000001100100000000000010000100011101000000100000101000010000000010100000011001100000000010001010010100000000000010010000001000111000010000100010100110100000100110100110000001010101000001000000000000010000000000010000100000010,dfb44b87467e13e5e88fc5c820d484b4e65361ea29b9e6565dd40bb9d5173094,row_sparsity,row_sparsity|conj|3ccb84496a|rng=MT19937-RandomState,,4,4,1,uniform,1;2;3;4,0.25;0.25;0.25;0.25,0.0008434075862169266,7.526390254497528e-05,0.0012412061914801598,0.001040118746459484,0.014390118420124054,0.017597315832972527,0.0031999964267015457,27,869,1,6,SAT_unsat_identifiable,1,boolean_factorization,exclude_x,exclude_x,0,1273,4886,0,1,1,0,0,0,0,1,1,1,0,0,0.00779296737164259
4,50,10,100,3791674400,26,conj,glucose42,MT19937-RandomState,0.0006781481206417084,00010010010010110001001000010000010000101000000000010100001001010000000001000110000101000100101000000000000001001000010100000100000001000001011010001000010001010100000000000100100000000000010000101001000010000001010010010000100000000100100110000010000100000110110000001010000000100100010000000100010000000101000000001100001000001000010001011001000101000000100110100100010100000000100100110000000010010010100001011100010000101001010001100100000000100010000000000000001010101001000010100100000000000010,b2b242eefccb517ddb639c2acf6f37e5d630d57fa6c5128daacf079e91ea3546,row_sparsity,row_sparsity|conj|3ccb84496a|rng=MT19937-RandomState,,4,4,1,uniform,1;2;3;4,0.25;0.25;0.25;0.25,0.0007128240540623665,7.206760346889496e-05,0.0009143585339188576,0.000990147702395916,0.005597682669758797,0.00829379167407751,0.002689397893846035,19,939,1,6,SAT_unsat_identifiable,1,boolean_factorization,exclude_x,exclude_x,0,791,3283,0,1,1,0,0,0,0,1,1,1,0,0,0.006935751996934414
4,50,10,100,3791674400,27,conj,glucose42,MT19937-RandomState,0.00063350610435009,00000000010000000001100001000000100111000110000000000000110000100100100011001001000010000000100000011100100000110100000000010101100010100001010000100000001001100101001001010000001010000010001000000100001001100000000110000000010001100101000010100000000000100000110001100000100000000001011000000010100100010001000001100001101100000100000100000000101000000000000101001000000001100000000010100100010000000001001001100000101010101010000010000010000000001100000011100010100011100010000000110000100000001000,6fdbfd9b61459b428b194dbe7081ebe5a46c7f0e7bda22f816fdf2a8b4d6fa55,row_sparsity,row_sparsity|conj|3ccb84496a|rng=MT19937-RandomState,,4,4,1,uniform,1;2;3;4,0.25;0.25;0.25;0.25,0.0008033467456698418,7.224362343549728e-05,0.0012331986799836159,0.0010040970519185066,0.006575050763785839,0.009696124121546745,0.0031128861010074615,24,920,1,6,SAT_unsat_identifiable,1,boolean_factorization,exclude_x,exclude_x,0,1036,4223,0,1,1,0,0,0,0,1,1,1,0,0,0.0075897471979260445
4,50,10,100,3791674400,28,conj,glucose42,MT19937-RandomState,0.0006253952160477638,11000010100010001001000011000000000000010110000100000000101010000001000001000100101000000010000000000001001010010100101000011000000001000000000100010100101101000001000000001100000001001110000100010100000000001001100000100000101000010100010000010100011000000000000001100000000110000111100000000010000000001010110000000100000000001000000001111000101001000100000000010000001100000001010001010000000000010001110001001010000000100000001000000001000010001000010010000010000000001000001000011010011001000100,e1cb648bd06e034d374d487ff7476800a7ca20cc3403b0806479f3cb545bca9a,row_sparsity,row_sparsity|conj|3ccb84496a|rng=MT19937-RandomState,,4,4,1,uniform,1;2;3;4,0.25;0.25;0.25;0.25,0.000708267092704773,7.062684744596481e-05,0.0010782089084386826,0.0010374244302511215,0.00659392774105072,0.00950197596102953,0.002894527278840542,23,824,1,6,SAT_unsat_identifiable,1,boolean_factorization,exclude_x,exclude_x,0,1077,4134,0,1,1,0,0,0,0,1,1,1,0,0,0.007075857371091843
4,50,10,100,3791674400,29,conj,glucose42,MT19937-RandomState,0.0006143311038613319,10010000100001010000010001101011001010000010100001000010101100100111000000100011100000100101001000110001100010010000011000000100000010100100100100011001010000000000001001000000100101001000010011100010010010100010000011100000001000010000001000010000100000000010010000000100111100000100000001000000101001000000000000000110000000100000000000011011001000001000000010010100100000100001100100010000000100110000000011100010110000000101000000100001100010100110011010000000010100000000111000000101000100000000,071d67f247fa47a3acdcc5978c13a9a2cbc4fa20e94682874ac4af934ae8daa8,row_sparsity,row_sparsity|conj|3ccb84496a|rng=MT19937-RandomState,,4,4,1,uniform,1;2;3;4,0.25;0.25;0.25;0.25,0.0007211621850728989,6.981287151575089e-05,0.0011147931218147278,0.00099167600274086,0.006322228349745274,0.009226484224200249,0.0028974441811442375,24,710,1,6,SAT_unsat_identifiable,1,boolean_factorization,exclude_x,exclude_x,0,1156,4355,0,1,1,0,0,0,0,1,1,1,0,0,0.006993030197918415
4,50,10,100,3791674400,30,conj,glucose42,MT19937-RandomState,0.0007442543283104897,10000010000110000001010000001001000000000010100100110001100011010001000001010000100011100000001000100000000011000000111000000000010010100110100010100010111000000100000000010001000010000010010000000001001000000000101000000010100000101000101000000000010000100001100001000000100010001100100010000000010000101110000000001010000000010011000000000001001001001010010000000010000111100000000010000100000010001000110010000000100000010001110100010101011010000110010000011001000110110010000100010100000011100000,49cc4f14122ce905b4aa2ceb4522cfb918cc0d6ea03d1a7ab5fb3aee5660e0fb,row_sparsity,row_sparsity|conj|3ccb84496a|rng=MT19937-RandomState,,4,4,1,uniform,1;2;3;4,0.25;0.25;0.25;0.25,0.0007820036262273788,7.309578359127045e-05,0.0011661313474178314,0.0010672761127352715,0.009033854119479656,0.01212991215288639,0.003088506869971752,25,795,1,6,SAT_unsat_identifiable,1,boolean_factorization,exclude_x,exclude_x,0,1165,4499,0,1,1,0,0,0,0,1,1,1,0,0,0.0074448361992836
4,50,10,100,3791674400,31,conj,glucose42,MT19937-RandomState,0.000611581839621067,00010000000010100000010001001100010110010100000000110010000111100000001010001010000000000101011010000000000011000001010000000011000001100010100000000101000000000001101000010000010001010010000000011001100100000000000100100000101000000011011000001000011000000110001000001000000010100011001001000011001010000001000101100001000000011000100000100100000000001010000000100011001010010000001110001000111000010100000100011001100001100000000010100110000000100100001000001000100000000000001001000001000000000010,d83737ac7a8ed59785a8dc210640b1c2ce8eb304ddae374f82a951e0a9901495,row_sparsity,row_sparsity|conj|3ccb84496a|rng=MT19937-RandomState,,4,4,1,uniform,1;2;3;4,0.25;0.25;0.25;0.25,0.0008639516308903694,8.97236168384552e-05,0.001264643855392933,0.0010354192927479744,0.011609387584030628,0.01487104780972004,0.003253738395869732,28,896,1,6,SAT_unsat_identifiable,1,boolean_factorization,exclude_x,exclude_x,0,1252,4997,0,1,1,0,0,0,0,1,1,1,0,0,0.008144799619913101
4,50,10,100,3791674400,32,conj,glucose42,MT19937-RandomState,0.0006197318434715271,00000100010000000100101100000000001000000000110011000101000100101000100010110000000010000010000011010100000101111000000000000000100011010001000000100010001001001000010001000000010001010000001000100000101001010000000101001000101010010000000000001000000000000010001111000000000001001000000000000100100000011100010101001001000000100001001000000000011010100000001010000100011000011001000111010001010000000001000000000000110000100000000000110001000100001000101001010010110010111000000100100000001000000101,ec463da7c37ff38890b6d2da8f8ed3ffdfa69e2de0eeee9ffa343145947cdd73,row_sparsity,row_sparsity|conj|3ccb84496a|rng=MT19937-RandomState,,4,4,1,uniform,1;2;3;4,0.25;0.25;0.25;0.25,0.0006602462381124496,6.123818457126617e-05,0.0009000701829791069,0.000988345593214035,0.005110478028655052,0.0077269552275538445,0.0026099001988768578,17,828,1,6,SAT_unsat_identifiable,1,boolean_factorization,exclude_x,exclude_x,0,783,3006,0,1,1,0,0,0,0,1,1,1,0,0,0.006475493311882019
4,50,10,100,3791674400,33,conj,glucose42,MT19937-RandomState,0.0006072763353586197,00001101000001000000000000000100000010001000010110000001001010000000001110000100000000010000100010000010000100001100101001000010010010010000000000110101000000101010100001100101001000000000100000001110001000001000010101011010000000000010010000000000010001001000010000100000010100101000100001100000000001000001100010010000101001010000000100000000110100100000000000010000000101000010000010000101000000000110110000011001000110001000100001100100100000000000000101100001000001000000001000011010101010011000,e50e13ec7e1cbbc5a51a64ba98b47036491a15e0515e98e9ed84dd7b81a724b4,row_sparsity,row_sparsity|conj|3ccb84496a|rng=MT19937-RandomState,,4,4,1,uniform,1;2;3;4,0.25;0.25;0.25;0.25,0.0006797751411795616,6.378442049026489e-05,0.0008811317384243011,0.0009948695078492165,0.004402652382850647,0.0070299552753567696,0.002619560807943344,18,935,1,6,SAT_unsat_identifiable,1,boolean_factorization,exclude_x,exclude_x,0,772,3128,0,1,1,0,0,0,0,1,1,1,0,0,0.006717277690768242
4,50,10,100,3791674400,34,conj,glucose42,MT19937-RandomState,0.000615537166595459,00000010000000011000100000000000100011100000001000010001100011001010000110001000000101000000110010001100010000010100001000010000110010001010000010010001100000101100000100110000100101000011100100000000100101010010010100100000000100101000000100101000000001000000001000011100101100010000011100100110001000000001000000100000010000101000010001000101010010111000100001100000001011001000001100000000100000100000101000000000010011001001000000001000000000001000010100101000000000011010100010010100000101010000,81a74d522c64ce9e0417db533e5e9e31fe1460bb3706c79ee7fe9f165a9fb03c,row_sparsity,row_sparsity|conj|3ccb84496a|rng=MT19937-RandomState,,4,4,1,uniform,1;2;3;4,0.25;0.25;0.25;0.25,0.0007515633478760719,6.42118975520134e-05,0.0009265346452593803,0.0010045794770121574,0.006091322749853134,0.008845999836921692,0.002746889367699623,19,730,1,6,SAT_unsat_identifiable,1,boolean_factorization,exclude_x,exclude_x,0,861,3360,0,1,1,0,0,0,0,1,1,1,0,0,0.006547135300934315
4,50,10,100,3791674400,35,conj,glucose42,MT19937-RandomState,0.0006037158891558647,10000000001000010000001000100001010110000101000011010010100010100100001001000100010101000010010000000101000000000000000100110010100010000100001010000010000000000000010100001001100000000000101000001000100001001100000010000100101100101000010000001001100000001000111000001011000010101000001010001000000000000110001000100011000000010000000010000100000000010000001000110010010110010010001000000000001001110000011000001000100100000010101011000000010010101010011010000100000000010010000000010100000100000000,8cb79d422da70946a18ce85e09fa6d6cd5f4974e5c7bcfec7d952a10e6c6bf1c,row_sparsity,row_sparsity|conj|3ccb84496a|rng=MT19937-RandomState,,4,4,1,uniform,1;2;3;4,0.25;0.25;0.25;0.25,0.0007604556158185005,6.831809878349304e-05,0.0010025296360254288,0.0009956695139408112,0.005346827208995819,0.008181001991033554,0.0028269728645682335,21,882,1,6,SAT_unsat_identifiable,1,boolean_factorization,exclude_x,exclude_x,0,959,3736,0,1,1,0,0,0,0,1,1,1,0,0,0.0070151640102267265
4,50,10,100,3791674400,36,conj,glucose42,MT19937-RandomState,0.0006127981469035149,01010010100001001100010100100000000100000100001000101000100000010110000000000010000100100000000101000100001000000100001101100001100101000000000011100000100000101000101000000001000010001000010110000100001100000000000000110000001000000000010000000000010100000111010000010000001000001001010100111100000000000100001000001000001000010100101000000100000010110000010010001000010100110001001010011000000010000100001010001001100110011000010000001101001000000000100000010000101001010000001000000001001001011000,f86edc6d4d6a7f7a3bcb341ba1e66ba1fd96f6b2ccbfe224f486ee65d22b5a73,row_sparsity,row_sparsity|conj|3ccb84496a|rng=MT19937-RandomState,,4,4,1,uniform,1;2;3;4,0.25;0.25;0.25;0.25,0.0006937338039278984,6.716512143611908e-05,0.0010410398244857788,0.0009933318942785263,0.0054063452407717705,0.008208573795855045,0.0027952706441283226,21,864,1,6,SAT_unsat_identifiable,1,boolean_factorization,exclude_x,exclude_x,0,959,3736,0,1,1,0,0,0,0,1,1,1,0,0,0.007100358605384827
4,50,10,100,3791674400,37,conj,glucose42,MT19937-RandomState,0.0006167953833937645,01100101000001001101010001010000000100010011100000110000000111000000100000000010000000000110010110001010110000001100001001110000010000100100000100100000100001110001000000100001100010000000000010000010011000010000010010011000000000101001100001100000000001001000000010000100001001000010000000010000100000100100010010000010010000010000100001001000001100100001010000000010000000100011001001010100010100100011000000000101100000000101010000100011000110100001101000000001000000100000100011100010000100000000,5ca236202eec1315e431520e951478e345cc4efa99bc345fbdee3da739479677,row_sparsity,row_sparsity|conj|3ccb84496a|rng=MT19937-RandomState,,4,4,1,uniform,1;2;3;4,0.25;0.25;0.25;0.25,0.0008109258487820625,7.958430796861649e-05,0.0011310344561934471,0.000994555652141571,0.0069993631914258,0.010022706352174282,0.003016100265085697,24,881,1,6,SAT_unsat_identifiable,1,boolean_factorization,exclude_x,exclude_x,0,1106,4300,0,1,1,0,0,0,0,1,1,1,0,0,0.007677904330193996
4,50,10,100,3791674400,38,conj,glucose42,MT19937-RandomState,0.0006172088906168938,01001101000000011100001000000000000010000000010001100111000001110010000110101000000011000000110001000010000000111000000001010000000101010000100000000101000100010100000010100000001110100010010000110010001001100000001100010000000001100101001000001100001001000000101000000000100001000010100011000001000001001100101101000000100011000100111000000010000000000010000000010000000000100010000001100100111001000000100000001001000100110001011000100100000001000000001010010110100010100001000001100110000000100000,dd431709fb3bc22e2c5c7b4162adb158d22f681273b8857bb7e1751e5168f543,row_sparsity,row_sparsity|conj|3ccb84496a|rng=MT19937-RandomState,,4,4,1,uniform,1;2;3;4,0.25;0.25;0.25;0.25,0.0007265405729413033,6.989575922489166e-05,0.0010796645656228065,0.0010960232466459274,0.005920295603573322,0.008901085704565048,0.002972124144434929,23,762,1,6,SAT_unsat_identifiable,1,boolean_factorization,exclude_x,exclude_x,0,1067,4123,0,1,1,0,0,0,0,1,1,1,0,0,0.007085914723575115
4,50,10,100,3791674400,39,conj,glucose42,MT19937-RandomState,0.0006641317158937454,01000000000001001010001010100010000100110000001110000100001000110010100011000001100000000000010001000010010011000000110000011010010000000010000100100010000010110000011001010000000000000101001000100000000011001010000011000000010001010000000000000000011001000001000000001110100001011010000101000001001010100010010010010000000000100000000000101001011000001001001001110010000010001000000010000000000000010100001011010010110000000000101000000000001000010101110000010010001011000110001100000011010100101010,65b78ab621c5464842f243664581d66150eacd2cb522b240657a0af5d6486496,row_sparsity,row_sparsity|conj|3ccb84496a|rng=MT19937-RandomState,,4,4,1,uniform,1;2;3;4,0.25;0.25;0.25;0.25,0.0007469626143574715,6.634369492530823e-05,0.000927729532122612,0.0009946459904313087,0.005795318633317947,0.008538307622075081,0.0027356818318367004,19,860,1,6,SAT_unsat_identifiable,1,boolean_factorization,exclude_x,exclude_x,0,831,3327,0,1,1,0,0,0,0,1,1,1,0,0,0.006659370847046375
4,50,10,100,3791674400,40,conj,glucose42,MT19937-RandomState,0.0005896268412470818,01100001010000100000000100000011000011001000000011100000100100010000000001100001000010000001000111001100100010100001001000000010010000000110000000010000000010001000111000001000000000110010010010000000101000010110100010000001001011100011010001000000001001100100000010000000010000001000001000100100001100000000100101000100001100011000000001000000010001000010000000100000000000000001000000000100000000100010000010001010100000000001000010010000001010000010011000000101000101010001001110001000000000010000,ad255852ca8f69e9b5be343cc88e762ded3e08c73560f10ad7d17d17aa554d40,row_sparsity,row_sparsity|conj|3ccb84496a|rng=MT19937-RandomState,,4,4,1,uniform,1;2;3;4,0.25;0.25;0.25;0.25,0.0005997912958264351,6.0138292610645294e-05,0.000769713893532753,0.000982380472123623,0.00375506654381752,0.0061744200065732,0.0024120239540934563,14,952,1,6,SAT_unsat_identifiable,1,boolean_factorization,exclude_x,exclude_x,0,596,2398,0,1,1,0,0,0,0,1,1,1,0,0,0.006671769544482231
4,50,10,100,3791674400,41,conj,glucose42,MT19937-RandomState,0.0006158007308840752,00000100001100001001100110000000011001101000100010000100000011100000010000010001010001011010011001000010100110000000100011010000101001001001100011000000000001000000000100000100100000101000110011100100000000010101000000010000111010000101000101001011000000100111000110000011000001011101000000000001010000100000001000011000000101000010010001000010101010000111100010000000000000000010110000010101001001101010000001000000000110000000000011000000110010000100110010100001000000001011000100000001000001010000,c14144ef04dfed6ee69fbe273306031625ab168a5784921f18ed7d932496172e,row_sparsity,row_sparsity|conj|3ccb84496a|rng=MT19937-RandomState,,4,4,1,uniform,1;2;3;4,0.25;0.25;0.25;0.25,0.0008449787274003029,0.0001700371503829956,0.0011001471430063248,0.0010004295036196709,0.0061669135466217995,0.009290297515690327,0.003115592524409294,23,813,1,6,SAT_unsat_identifiable,1,boolean_factorization,exclude_x,exclude_x,0,1147,4211,0,1,1,0,0,0,0,1,1,1,0,0,0.007221023552119732
4,50,10,100,3791674400,42,conj,glucose42,MT19937-RandomState,0.0006138868629932404,00100011010000100000100000000000010010000000010000001000000000000010001100101000101100100000001001010010001100001100000000000000010000001001000000100100000100000000111000000100010000010111000101010100000000110011010001000010001000000001100001000100111100000001000100100100001001000000010110010001000011000100100000010000010000000000001000000110010100110010000011010000000010101010000100010001000000010000000110110000100000001001010101010010100100010000000010000100011001000000010000011000010001001000,a9dac54edf644a3162bc6a271ab33850fdc206c0b4851417b7e7cc1e740290fe,row_sparsity,row_sparsity|conj|3ccb84496a|rng=MT19937-RandomState,,4,4,1,uniform,1;2;3;4,0.25;0.25;0.25;0.25,0.0006768079474568367,6.233062595129013e-05,0.0009348420426249504,0.000988430343568325,0.005018224939703941,0.007688061334192753,0.0026624109596014023,18,831,1,6,SAT_unsat_identifiable,1,boolean_factorization,exclude_x,exclude_x,0,822,3183,0,1,1,0,0,0,0,1,1,1,0,0,0.006688295863568783
4,50,10,100,3791674400,43,conj,glucose42,MT19937-RandomState,0.0005967589095234871,00101100100101010010100000100001000000110000101010000100110000000010010001000000010000001100001101001001000000000000110010000100000001100000000101010000001110001000010001000011000100101010001100101000000001000100100110010011011000000000000101001000100010110010001000000101000010000000000001101000001000100000100001011100000000100000001001000010010100110100000011001001000000000100000000000110000010001000100100100000011000100010001100000100000000100000000000010000010101100010000100100010000000000011,d99158934fb264fde52276214c8af71b46ea7022ac38443620e936716cda077b,row_sparsity,row_sparsity|conj|3ccb84496a|rng=MT19937-RandomState,,4,4,1,uniform,1;2;3;4,0.25;0.25;0.25;0.25,0.000831197015941143,8.212868124246597e-05,0.0015550125390291214,0.0009987438097596169,0.011056591756641865,0.014531546272337437,0.0034670820459723473,34,809,1,6,SAT_unsat_identifiable,1,boolean_factorization,exclude_x,exclude_x,0,1616,6202,0,1,1,0,0,0,0,1,1,1,0,0,0.008526436053216457
4,50,10,100,3791674400,44,conj,glucose42,MT19937-RandomState,0.0006252769380807877,01000000100000010111100000100000100000001110010000011000110001000011101000001010000100000101000111000000100011001000000001010000000001111000001000001000100000001110100000000100000000010000000010000000011110000000000010000010000000110101000000000111100000010000100000000000010010010000000001000000100000000001001010000011101000000000001001101010000001000000001000000001000000111010000100000000101000000011000011000011110000100000010000000111000010000000000000010010100011000000010010001000010000010010,0d4ba9d5e459c70f49621d32a545049964d094f9905baf59350a127bca3bd826,row_sparsity,row_sparsity|conj|3ccb84496a|rng=MT19937-RandomState,,4,4,1,uniform,1;2;3;4,0.25;0.25;0.25;0.25,0.000647570937871933,6.321072578430176e-05,0.0007638968527317047,0.0009908508509397507,0.010984162800014019,0.013455993495881557,0.00246552936732769,15,938,1,6,SAT_unsat_identifiable,1,boolean_factorization,exclude_x,exclude_x,0,675,2619,0,1,1,0,0,0,0,1,1,1,0,0,0.006640632636845112
4,50,10,100,3791674400,45,conj,glucose42,MT19937-RandomState,0.0006188247352838516,00010010100010001000100101000100100100001001100000010001001110000001000001000010101001010000010000000001100000000100010000001000100000000100010000010001000001111000000000001000110000010100001010000000011000000000000001011001010010001000100001010000100000010010000100001010001010010100100000000010100000001010010100010000010100000101110010001001011000000000001001000000000011100001001000010100011000100110100100000001000110001001010000001001100010001000011000100000000111111000100000101000000000000100,827bae9280d7442582bc74968203ed55c637f0ad7522494e1e09cf046abc56cb,row_sparsity,row_sparsity|conj|3ccb84496a|rng=MT19937-RandomState,,4,4,1,uniform,1;2;3;4,0.25;0.25;0.25;0.25,0.0009382506832480431,7.85021111369133e-05,0.0011955611407756805,0.0010109320282936096,0.010165087878704071,0.01339586079120636,0.0032232459634542465,26,908,1,6,SAT_unsat_identifiable,1,boolean_factorization,exclude_x,exclude_x,0,1154,4621,0,1,1,0,0,0,0,1,1,1,0,0,0.00784467626363039
4,50,10,100,3791674400,46,conj,glucose42,MT19937-RandomState,0.0006104148924350739,00000001001000110000000010000000100000010010000000000010101011001000000010000000100100110011010000000010000000001001100100110000000011100000000100000011101000000001100000000001000010110000000000010000000110010000001000000000010001100000100000100000110110000000010101000101110001000000000010000101001010001000011110001000100000100000001001000011001000010000000010000010100100110000010000100100001100101100000101000000100000000100100010000001111000100000000000100000001000101010100010000010000000100001,4549d73cf70395cabb730a2cd06d7581d73892a0bc130a7a4b3d73650d84950a,row_sparsity,row_sparsity|conj|3ccb84496a|rng=MT19937-RandomState,,4,4,1,uniform,1;2;3;4,0.25;0.25;0.25;0.25,0.000646490603685379,6.295740604400635e-05,0.001000620424747467,0.0009899158030748367,0.004696793854236603,0.0074042631313204765,0.002699984237551689,19,906,1,6,SAT_unsat_identifiable,1,boolean_factorization,exclude_x,exclude_x,0,841,3338,0,1,1,0,0,0,0,1,1,1,0,0,0.0068573905155062675
4,50,10,100,3791674400,47,conj,glucose42,MT19937-RandomState,0.0006031226366758347,00010001101010001001100000000101000011001000000100001101100000001000000010000000000101000000100100101001000011110010100000000100000000110011000101000000000101000011010000000101011000000001010111000100100001001000101001100111000000001001000000000101001000101100011000001001011000100110101000010000000010000010000010000000100001000111000100100000000100000000101001000100000000110000100001010001001001010001010000000000001010001000100000100000101011000000100000000000010001000010000000000000100111001000,d5399e05533eea03ada3689358ad8147a8acfc087d8841f40e02374d485c773b,row_sparsity,row_sparsity|conj|3ccb84496a|rng=MT19937-RandomState,,4,4,1,uniform,1;2;3;4,0.25;0.25;0.25;0.25,0.0008009253069758415,7.158331573009491e-05,0.0011190371587872505,0.001008099876344204,0.0066212937235832214,0.009628449566662312,0.002999645657837391,24,780,1,6,SAT_unsat_identifiable,1,boolean_factorization,exclude_x,exclude_x,0,1146,4344,0,1,1,0,0,0,0,1,1,1,0,0,0.007134980522096157
4,50,10,100,3791674400,48,conj,glucose42,MT19937-RandomState,0.0006176689639687538,10000000011001000000000010000100101000000000000100100000000000000100100100100000010000100100110010000100100010000010100001100010000010011000000011001001000010000100011001100100010010000000100100000100000000111100010000000001001000000000010010100100000101100000000101000000000100100111000010010110000001100000000110000000000011000010011001000101000000100000001000010000000000000010011000000100100101001000000000101001000110101000001010100010000011001110010001001001010010000010000000000001001010000000,75b1c2ee1b7e00d24ec18b18116fe6af8a6dc4eeb8337aa00ebbde084831116f,row_sparsity,row_sparsity|conj|3ccb84496a|rng=MT19937-RandomState,,4,4,1,uniform,1;2;3;4,0.25;0.25;0.25;0.25,0.0008201925083994865,7.331371307373047e-05,0.0012424280866980553,0.0009886138141155243,0.007544858381152153,0.010677791200578213,0.0031245481222867966,27,879,1,6,SAT_unsat_identifiable,1,boolean_factorization,exclude_x,exclude_x,0,1203,4809,0,1,1,0,0,0,0,1,1,1,0,0,0.007820124737918377
4,50,10,100,3791674400,49,conj,glucose42,MT19937-RandomState,0.0006984183564782143,00100000110000001000010010101000100000011101000100000110001110000010101000011001011001001010000111001010110000010000011001000001100100010000011010000000000100000010001100000001000100000011000000001001100000001001100010000010101001000000001001100010100000100001000001000001001000000000000001100000101000000111011000000011001000000100100010000110100010000111001000100000000110000100000000100100101000010001000011010000000010000000001010000100000000100000000000110001011000100011000000000001000000000100,39ac0351b55d19bc0dea6691e296ecefd55c843e6c73e52f64cf3a012a3d17a5,row_sparsity,row_sparsity|conj|3ccb84496a|rng=MT19937-RandomState,,4,4,1,uniform,1;2;3;4,0.25;0.25;0.25;0.25,0.0006542420014739037,6.231013685464859e-05,0.0007652342319488525,0.000988108105957508,0.004043441265821457,0.006519564427435398,0.002469894476234913,15,734,1,6,SAT_unsat_identifiable,1,boolean_factorization,exclude_x,exclude_x,0,675,2619,0,1,1,0,0,0,0,1,1,1,0,0,0.005873187445104122
4,50,10,100,3791674400,50,conj,glucose42,MT19937-RandomState,0.0005853446200489998,00010011000000001000010000110000001000100011110000001110000011010000011100000100000000001010010000000011010000001000110000000000010000011000000010100001010000100001000001100010001000001000110010001110010000000100011011000000000001000001001001011100000000100100011000000001010100010010010011000111000000100000000011000001010001010010010000110000110100000101100100100000010000000010000111000000001101100000001011001101100000001100011011010000001001001110100000010010010000000000100000010110100100011000,39c11a75520fe7fb130f8f1f4e04c845fb91ca590519bc038b4a0c19ad74b136,row_sparsity,row_sparsity|conj|3ccb84496a|rng=MT19937-RandomState,,4,4,1,uniform,1;2;3;4,0.25;0.25;0.25;0.25,0.0008905492722988129,8.170120418071747e-05,0.001486232504248619,0.0010068034753203392,0.008427338674664497,0.01190038863569498,0.0034652864560484886,31,768,1,6,SAT_unsat_identifiable,1,boolean_factorization,exclude_x,exclude_x,0,1469,5638,0,1,1,0,0,0,0,1,1,1,0,0,0.007834718562662601
4,50,10,100,3791674400,51,conj,glucose42,MT19937-RandomState,0.0006227651610970497,00110100010000111010100000001000000100001001010000000100110100001100011000000000001110000000000010000000000001000000001001000000000100000010000001010000100000000000001010000001101000011001000001000000101100000110010100000010000000101010000010010101000010100000010100110001110000000101100001000100000001000011100010000100001000100000010000000000001000001000000000110010000100010011100100101001000000000000010100100100100100001010101000010001000000000101000101100010011100000010000001000000000100010100,ebc39507b581ab69662688401176471b5c915baaf5ab4a3d1aeebaf671087261,row_sparsity,row_sparsity|conj|3ccb84496a|rng=MT19937-RandomState,,4,4,1,uniform,1;2;3;4,0.25;0.25;0.25;0.25,0.0006374567747116089,6.033945828676224e-05,0.000767633318901062,0.0010329894721508026,0.004751150496304035,0.007256217300891876,0.0024984190240502357,15,948,1,6,SAT_unsat_identifiable,1,boolean_factorization,exclude_x,exclude_x,0,665,2608,0,1,1,0,0,0,0,1,1,1,0,0,0.006470140069723129
4,50,10,100,3791674400,52,conj,glucose42,MT19937-RandomState,0.0006071748211979866,01100001010101000010110000010000010111000100101000010100100000101001010000001000100010100000000000010010001000101000100000010010000001100110100100000000001000000001111000000000001010000000100001100101010000001000000010011010100001000100000000001010001010000010010000000000000110000100010101001000111000001000011000110010101100000010101000000000111100000101000000001010110000100110001001100000100000000100001010100000010000100001101001100000010101010000100010100100000100010011010010000001001010100001,b75aba9db3f97f2e7b36ee97b79605b51a693c999cdf40687be846303d37e145,row_sparsity,row_sparsity|conj|3ccb84496a|rng=MT19937-RandomState,,4,4,1,uniform,1;2;3;4,0.25;0.25;0.25;0.25,0.0009920764714479446,8.631311357021332e-05,0.0011676857247948647,0.0010567689314484596,0.006167914718389511,0.009477706626057625,0.0033028442412614822,25,864,1,6,SAT_unsat_identifiable,1,boolean_factorization,exclude_x,exclude_x,0,1195,4532,0,1,1,0,0,0,0,1,1,1,0,0,0.00761173851788044
4,50,10,100,3791674400,53,conj,glucose42,MT19937-RandomState,0.0006018830463290215,10000100110000100000000000101000100100000011000000010100000010000110010000000010000011001010110000001010000000000100010000000001000110010010000000010010100110001001000000000001000000000110000001101000000010000001000000001000001110001001000010010000001000100011101110000000001001011100101000100110000100100111001011001000001000100001111000000000010000000100001110000000000110100001101100100000000001001000000010000010010100000000100000010000110000001011000000001000000000000001011000000001000001010100,4adef4a3234bd65d1a4a8b9f92c145a89913187c5016db66f75554cae4d213a7,row_sparsity,row_sparsity|conj|3ccb84496a|rng=MT19937-RandomState,,4,4,1,uniform,1;2;3;4,0.25;0.25;0.25;0.25,0.0007153293117880821,7.0132315158844e-05,0.0011163987219333649,0.001074761152267456,0.00662193913012743,0.009605414234101772,0.002976621501147747,24,765,1,6,SAT_unsat_identifiable,1,boolean_factorization,exclude_x,exclude_x,0,1126,4322,0,1,1,0,0,0,0,1,1,1,0,0,0.007026794366538525
4,50,10,100,3791674400,54,conj,glucose42,MT19937-RandomState,0.0006075287237763405,00000100000011100001101100000000000100000011000110010100001101100100100100010101000000100000001000100001000000101101000010000010000010011001000100000000010000000100000000001000000000001000101100000101100010000100000000010010001000000000010101010000000000010000000010000110010000010100101100010000001011010000011100000000100000001000000100100010011000011000000100100000001000000010001000000011001001001100001100000100111000111010000010000010100011100010111000001101100000101000000000010001000000000100,1cf336ffbc8598a8918b7fb9f175597983a58792ec19622ce30d3113b5b902d5,row_sparsity,row_sparsity|conj|3ccb84496a|rng=MT19937-RandomState,,4,4,1,uniform,1;2;3;4,0.25;0.25;0.25;0.25,0.0007706563919782639,7.203314453363419e-05,0.0011524353176355362,0.001012016087770462,0.00625853706151247,0.009272826835513115,0.0030071409419178963,25,924,1,6,SAT_unsat_identifiable,1,boolean_factorization,exclude_x,exclude_x,0,1165,4499,0,1,1,0,0,0,0,1,1,1,0,0,0.007851848378777504
4,50,10,100,3791674400,55,conj,glucose42,MT19937-RandomState,0.0006095580756664276,01011100000100000101001000000010100001100000000001010000001010001000000000110011010100000100001010011100010001011100000010001000100001001000000001101010011000000000010100000100110001100000010110000000100000001010000000100010000000000000010000001000010100010001000010100101000000001100000100000100000000000111001010001001000100000000000100000101000010010000110000100000000101110000001001000000010010111110000000010010110000010001001100000100001000001100010011000110000100010001000010100000100000000001,1ca959293f6323a0c918d28da1f5fcd0c9c270075088fe396b10cb8e46ce3eff,row_sparsity,row_sparsity|conj|3ccb84496a|rng=MT19937-RandomState,,4,4,1,uniform,1;2;3;4,0.25;0.25;0.25;0.25,0.0007301745936274529,8.056219667196274e-05,0.0011171568185091019,0.0009989859536290169,0.006335108540952206,0.009268997237086296,0.0029268795624375343,24,762,1,6,SAT_unsat_identifiable,1,boolean_factorization,exclude_x,exclude_x,0,1166,4366,0,1,1,0,0,0,0,1,1,1,0,0,0.006924363784492016
4,50,10,100,3791674400,56,conj,glucose42,MT19937-RandomState,0.0006104130297899246,00000110111000000000011000000000101100100001000001001000000100000010000011000001101000001110010010001100000110110001000100001010000100110000001101000010000110011010100000000100000000000011010100000000000101011010000001100000100000110000011010000111001000001000010100010110001010100010000110010000100000011000010000001000110000000010000000010000010000000010000010000101100000001000100000000000011010000000010110001011100010110001001100000100001000010000100000000000010110011000100110000000001110001000,11a1b0c42a9a28c1ff3dd7ef96075e3126afeb5ff2ee137795a1734128e655d3,row_sparsity,row_sparsity|conj|3ccb84496a|rng=MT19937-RandomState,,4,4,1,uniform,1;2;3;4,0.25;0.25;0.25;0.25,0.0007699886336922646,6.666779518127441e-05,0.0010412782430648804,0.0009820535778999329,0.006798627786338329,0.009666209109127522,0.002859988249838352,22,744,1,6,SAT_unsat_identifiable,1,boolean_factorization,exclude_x,exclude_x,0,1058,3979,0,1,1,0,0,0,0,1,1,1,0,0,0.006743988022208214
4,50,10,100,3791674400,57,conj,glucose42,MT19937-RandomState,0.0006147464737296104,00100000001000001000000110010001000000010000001000001000100000010000100000001000000001000110000000000001100000100001100100000100000000110000000110010001010010000101000100000010101010010000010101000000100011010000100001001000010101000100000101000011011110000100101000001100000100001001000100000010000010100000000000000100000000010000011100010000100000110010010000000101000000100000100010000001100001100001101001000000100010000000000001011010000110100110001100011000001000000010001110001100001100100100,fd97fce86f0afb0d2bd5876e5005ff3ab7652bbd359e3f7ac17304f322bfbec9,row_sparsity,row_sparsity|conj|3ccb84496a|rng=MT19937-RandomState,,4,4,1,uniform,1;2;3;4,0.25;0.25;0.25;0.25,0.0006373049691319466,6.277021020650864e-05,0.0010429294779896736,0.000987861305475235,0.006149887107312679,0.008888625539839268,0.002730865962803364,19,778,1,6,SAT_unsat_identifiable,1,boolean_factorization,exclude_x,exclude_x,0,891,3393,0,1,1,0,0,0,0,1,1,1,0,0,0.006563008762896061
4,50,10,100,3791674400,58,conj,glucose42,MT19937-RandomState,0.0006056949496269226,00100110010001000110010010000000101100011000000001100100000000101001101100100100100110100000010000000000010000001100000010010100000100000000001000000000101001000001100011010000100000001000000001000000100010010100100111000100101010110000100011000000001100000000001001000100000101100110001100010000010010100000110000010000101000010010000000001000001110000000100011001000101110001000101010000100101011000001000101000101110010000011010000010001001000110001100100001000011100000000010000000100110011000001,533179d39a8434820c3db69f16fb46715a44634f7c557265efe6daa71184a717,row_sparsity,row_sparsity|conj|3ccb84496a|rng=MT19937-RandomState,,4,4,1,uniform,1;2;3;4,0.25;0.25;0.25;0.25,0.0008622556924819946,7.77263194322586e-05,0.0009962348267436028,0.0009826188907027245,0.0060920389369130135,0.009017551317811012,0.0029188357293605804,21,811,1,6,SAT_unsat_identifiable,1,boolean_factorization,exclude_x,exclude_x,0,1009,3791,0,1,1,0,0,0,0,1,1,1,0,0,0.0069803595542907715
4,50,10,100,3791674400,59,conj,glucose42,MT19937-RandomState,0.0006062816828489304,00000101001100110000000001001000000001000100011000100000110000001000101010011000110010100001010000001000001011000000001000001010010000010000100100000110100010001000000000100100001000000100101100110000010010000010000001110100000100000000000110001010010011000001000011001010000100010010000010001000011010000100000001000000000000000101100000001100010010001000000000100000001100010100000000110101100100010001000010110000011000001010100001101000011010000001010000000011000010011100100001000100001100100010,edb885e488064cfebaa66a90f493ef1acd51bd807188e2b3649ba0a4d9f67bcf,row_sparsity,row_sparsity|conj|3ccb84496a|rng=MT19937-RandomState,,4,4,1,uniform,1;2;3;4,0.25;0.25;0.25;0.25,0.0008190805092453957,7.166992872953415e-05,0.0011061308905482292,0.00100018922239542,0.006292977370321751,0.009296576492488384,0.002997070550918579,23,847,1,6,SAT_unsat_identifiable,1,boolean_factorization,exclude_x,exclude_x,0,1057,4112,0,1,1,0,0,0,0,1,1,1,0,0,0.007198924198746681
4,50,10,100,3791674400,60,conj,glucose42,MT19937-RandomState,0.0005730744451284409,00011100000110000100011010010000001010000000101101000011000111000000000011000100100001101000001100110010000000000100010100010100111100001001000000001000000010001000110001000010100110001000000000011001000001011101001010000101100000111000001000001000000110100010010001100110001000000000000101010101000000001001110000100101011000100101000100001000101001000010000000000010000010000100000000100000100011101000000000100000000000000010000001001101001001000000100011001001010000000000110010001000000000000001,4a33d5340ac502b9b7cec90717bb99053f9be89bd8116d1ee4917d2f056bcbc8,row_sparsity,row_sparsity|conj|3ccb84496a|rng=MT19937-RandomState,,4,4,1,uniform,1;2;3;4,0.25;0.25;0.25;0.25,0.0008589662611484528,7.584784179925919e-05,0.0012363167479634285,0.0010055303573608398,0.014831212349236012,0.018016107380390167,0.0031766612082719803,27,779,1,6,SAT_unsat_identifiable,1,boolean_factorization,exclude_x,exclude_x,0,1293,4908,0,1,1,0,0,0,0,1,1,1,0,0,0.007380924187600613
4,50,10,100,3791674400,61,conj,glucose42,MT19937-RandomState,0.0006236471235752106,10000100010000100001010100010100100000000100110000010101000000000000010000001000010011100010000000000100100000011011000000100100000000000100100000000011000100100001001000001010000000001001001100100001001000000111010000100000010000101001100011000000000000000100100100010110000101011000000010001000000000011010001000000100110000000010000001001100000001100010001000000100001000010000011100000001010001010101101000000100010001100100000100001000100000001000000011010001000001110000000000010100010010000010,7413ae1753d50b00b2ec1fddcef3a48f2a8d448452381a2f6b2c39dfda2b10ba,row_sparsity,row_sparsity|conj|3ccb84496a|rng=MT19937-RandomState,,4,4,1,uniform,1;2;3;4,0.25;0.25;0.25;0.25,0.0007654065266251564,7.176212966442108e-05,0.0011194506660103798,0.0010122861713171005,0.006068892776966095,0.009046318009495735,0.002968905493617058,24,838,1,6,SAT_unsat_identifiable,1,boolean_factorization,exclude_x,exclude_x,0,1066,4256,0,1,1,0,0,0,0,1,1,1,0,0,0.007213905453681946
4,50,10,100,3791674400,62,conj,glucose42,MT19937-RandomState,0.0006125541403889656,00101100100000111100000011101000000011000001001010001100010100000010101011100000101000110010010000110001110000110010100000000100001100100100001010101000000100100001001000000010000000010000000000100000110001000010110100000000000101000001000000000010010010101000100000101110000000000000000101011000100000110100000000001100000000010000000001001010000000110001001001010110000010111000010000000001101000100001101000000010100101011000000000001010100010011000000000100101100000000100000000000001010000010100,0d5f55e43d51cd9f9514df86a8920771fbf5a9d8810a7bc5e6a43860418026e3,row_sparsity,row_sparsity|conj|3ccb84496a|rng=MT19937-RandomState,,4,4,1,uniform,1;2;3;4,0.25;0.25;0.25;0.25,0.0007154019549489021,6.643310189247131e-05,0.0010050497949123383,0.0010059252381324768,0.008108807727694511,0.010909797623753548,0.0027928100898861885,21,821,1,6,SAT_unsat_identifiable,1,boolean_factorization,exclude_x,exclude_x,0,979,3758,0,1,1,0,0,0,0,1,1,1,0,0,0.0070105791091918945
4,50,10,100,3791674400,63,conj,glucose42,MT19937-RandomState,0.0006178589537739754,00000000100110100010000000100000000111101000011000000000010010010000000000111010001001100010000101101000001000000101100100000010001100110000010000000001100001011001110000010010000100110100010100011001000010000010001010000010000000001000100100001101000000101001100010000100000000100100001100000000000101100100000000100000010010000101010000001100100001000100000000000010011000000100000100011000010001000100100101000110000010000100000010100000010001100000011000010001011010000010100001010000110100000001,c69c50bb3dcef058187b9a3b01b8f7a35eecf3e16c3d0e2d0f1fae843b9380db,row_sparsity,row_sparsity|conj|3ccb84496a|rng=MT19937-RandomState,,4,4,1,uniform,1;2;3;4,0.25;0.25;0.25;0.25,0.0008095540106296539,7.162056863307953e-05,0.0010977750644087791,0.0010043811053037643,0.005919881165027618,0.008911235257983208,0.002983330748975277,22,923,1,6,SAT_unsat_identifiable,1,boolean_factorization,exclude_x,exclude_x,0,1028,3946,0,1,1,0,0,0,0,1,1,1,0,0,0.0072691794484853745
4,50,10,100,3791674400,64,conj,glucose42,MT19937-RandomState,0.0006236061453819275,01000000000001000101000111100010000001100000010000000000010000001101000010000000000011000000001111000100001101101000000100110000000110000101000100010101000000000000000010001000000001000000010010000000011001001010100001000001100100010010001100010110010110010001010000100000000001000100100110000011100001000111000010000000000001000001101010000001100100011010010001000001100000100001010000000000001000000100010011001000100001010101000001101010010010010100010000000000001110010001000001001100001100000000,d2936802a4aa38101357001e2222004849163281b56079fb0fd86689afc45a7b,row_sparsity,row_sparsity|conj|3ccb84496a|rng=MT19937-RandomState,,4,4,1,uniform,1;2;3;4,0.25;0.25;0.25;0.25,0.0007209982722997665,6.644614040851593e-05,0.0009573446586728096,0.0009903591126203537,0.005672524683177471,0.008415685966610909,0.0027351481840014458,20,825,1,6,SAT_unsat_identifiable,1,boolean_factorization,exclude_x,exclude_x,0,910,3548,0,1,1,0,0,0,0,1,1,1,0,0,0.006713343784213066
4,50,10,100,3791674400,65,conj,glucose42,MT19937-RandomState,0.0006186747923493385,10000100100001011100010000000000111000001000000000111010000000000100000000000001000001000110100000100000100100000001000000000001000101000000010100010010001000001100000110000000010001000011100100001010010000100000011100000110101000000000010000000010000000100000000000110000000100000001001011000001000000000001001110000000100010010001010011000000111100000011000010100000100000010000000000010000001010100000000100100010001100001001110001011100000010010010010000011000100001100010101000010001000001010110,f6cc6ccf5f8c41c999fd1c6363ec0b386c0838b0597afdd7b2745906e3650b99,row_sparsity,row_sparsity|conj|3ccb84496a|rng=MT19937-RandomState,,4,4,1,uniform,1;2;3;4,0.25;0.25;0.25;0.25,0.0006697084754705429,7.096398621797562e-05,0.001214868389070034,0.0010041454806923866,0.0060659293085336685,0.009034069254994392,0.002959686331450939,23,679,1,6,SAT_unsat_identifiable,1,boolean_factorization,exclude_x,exclude_x,0,1127,4189,0,1,1,0,0,0,0,1,1,1,0,0,0.006953984498977661
4,50,10,100,3791674400,66,conj,glucose42,MT19937-RandomState,0.0006171995773911476,00110000100000000001100110100000001011100011000101100001000110000000000010100000010000000000011100000001001110001101100001010100101110000000010010100000000000010000000100001100000100010000001000011000100100000000000100000100001010000100000000110100000000010000000010001100010101000000101010100101000000110000000000010000000011101000100001000001001000110001001001010000100100001000011000000010001000000100010101010000010101000000011100001000010010110010001000000001000100000001000100000000010000000100,59c721d98f9404beac5ad7ade7f09f38661613ad542692929be4f7d8fe829967,row_sparsity,row_sparsity|conj|3ccb84496a|rng=MT19937-RandomState,,4,4,1,uniform,1;2;3;4,0.25;0.25;0.25;0.25,0.0007463563233613968,7.058680057525635e-05,0.0010893652215600014,0.0010085226967930794,0.007138415239751339,0.010061085224151611,0.002914831042289734,23,788,1,6,SAT_unsat_identifiable,1,boolean_factorization,exclude_x,exclude_x,0,1057,4112,0,1,1,0,0,0,0,1,1,1,0,0,0.0069435592740774155
4,50,10,100,3791674400,67,conj,glucose42,MT19937-RandomState,0.0006187725812196732,00001000000001010000000001101110000010010100010011001000011010000000000111000000010100110000001000010100000111001000000110000001000011110000001000101000010000001100000000000010010000000000011000110000000001000100100111001000010010101000101000010011000010000000100110000101000000000101000001011010000110000000000000011000100000000000100100010110100000010000000000000001000000010001100000001101010101001000001001010001010001000010000000001000000011000110110100000001010001000010110001000000000100011100,99db676e3a74b3edafaab7615b25b4d080ae9570f515a0fd29ec1b5053c0906e,row_sparsity,row_sparsity|conj|3ccb84496a|rng=MT19937-RandomState,,4,4,1,uniform,1;2;3;4,0.25;0.25;0.25;0.25,0.0007667951285839081,6.627943366765976e-05,0.0009656781330704689,0.0010093599557876587,0.006016450934112072,0.008832842111587524,0.0028081126511096954,20,840,1,6,SAT_unsat_identifiable,1,boolean_factorization,exclude_x,exclude_x,0,920,3559,0,1,1,0,0,0,0,1,1,1,0,0,0.006786271929740906
4,50,10,100,3791674400,68,conj,glucose42,MT19937-RandomState,0.0006296290084719658,00000010101010000000000001000010000010111001000001100111000000000000100011000000000010000000010010000101000010101000000100011001101000100000000100000000001101101000000001000000010010000000100000000001010100000001000001001000011010001000010101000101000001000010000010000001000000000000010100000000010000000110100111010000110000001000000000010001000000101100000101101000010000100000010010101000100100000000100001000100010001101000010010000000000001000000011001010000001001000000001000000010000010001100,5b8ecedf00c7482b4525ef9c5619cd50cf3428bb75a1dc20fee0fded3db0ff2f,row_sparsity,row_sparsity|conj|3ccb84496a|rng=MT19937-RandomState,,4,4,1,uniform,1;2;3;4,0.25;0.25;0.25;0.25,0.0007263859733939171,6.202049553394318e-05,0.0006976304575800896,0.001016560010612011,0.0038330312818288803,0.006342708133161068,0.002502596937119961,13,992,1,6,SAT_unsat_identifiable,1,boolean_factorization,exclude_x,exclude_x,0,517,2177,0,1,1,0,0,0,0,1,1,1,0,0,0.006402834318578243
4,50,10,100,3791674400,69,conj,glucose42,MT19937-RandomState,0.0006106914952397346,00010000010000001000010000010110000010000101001010000000001000001001000000100010000010100100101000110010010110001010000110100100010100000000010101000010000000000110001100011000100110011000100110000001000011100011011000000000000001100010001100001100001000000000110011000000000001000001000011010001100100001000100110000000000100000011000010010101001000001000100111000100011000100110001000000000110011001010000000001001001100000000010001000000000000000110100000000110100000000000101000100000010010000010,735749dc1d483cc832ade8a81f5f601ace146641e9b1c1bd2b1873e95079422e,row_sparsity,row_sparsity|conj|3ccb84496a|rng=MT19937-RandomState,,4,4,1,uniform,1;2;3;4,0.25;0.25;0.25;0.25,0.0007699243724346161,7.026176899671555e-05,0.000998741015791893,0.0010088114067912102,0.005970381200313568,0.008826122619211674,0.002847738564014435,21,865,1,6,SAT_unsat_identifiable,1,boolean_factorization,exclude_x,exclude_x,0,999,3780,0,1,1,0,0,0,0,1,1,1,0,0,0.007048754952847958
4,50,10,100,3791674400,70,conj,glucose42,MT19937-RandomState,0.0006062937900424004,00000100000100000010000000001101100000000000101000010110100010000001100000100010000010100000001010111000000000010000001000100001010010001100000000010001000111000000000110001000000000010100011000110100010010001110011100000010000000100000111000010001000000000101000000000100000001100010001000010101000101000000000000100000101100000100001000000000000010001000001101101001000110100001001001110000000000100001000000000000000110100100100011000000000001011001001000100000010100100001010100000011000010010001,ef014403226416dabead5c4d710b190f98dc73b345870f78083fa454dbbd87da,row_sparsity,row_sparsity|conj|3ccb84496a|rng=MT19937-RandomState,,4,4,1,uniform,1;2;3;4,0.25;0.25;0.25;0.25,0.0006515020504593849,6.725732237100601e-05,0.0006403662264347076,0.00100721325725317,0.0037542693316936493,0.0061278799548745155,0.0023663388565182686,12,960,1,6,SAT_unsat_identifiable,1,boolean_factorization,exclude_x,exclude_x,0,478,2000,0,1,1,0,0,0,0,1,1,1,0,0,0.005969232879579067
4,50,10,100,3791674400,71,conj,glucose42,MT19937-RandomState,0.0006264355033636093,00100011000001100000010000010001001000001010001100000000001100000010100100001011000000001000000001000000000001000000010011100010000010010001000001011100001001000000000101111100000001000110000110001000100000000000010010001010000000001000100010000100000000001000011101000001011000001000000000000001001000000101000010111000000000100010000000000100001010100010000010101000001100000101001000010100000010000000001011011000000100100001000100000000001000001100001000001101000010011000101001000000011000000111,0d0e9c00486ab5ef114f5e6d8ce82ed2bc167e05b556d2fe7bef88c5c043af16,row_sparsity,row_sparsity|conj|3ccb84496a|rng=MT19937-RandomState,,4,4,1,uniform,1;2;3;4,0.25;0.25;0.25;0.25,0.0007822681218385696,7.25872814655304e-05,0.0012035425752401352,0.0009996835142374039,0.006449167616665363,0.009515268728137016,0.003058081492781639,23,881,1,6,SAT_unsat_identifiable,1,boolean_factorization,exclude_x,exclude_x,0,1047,4101,0,1,1,0,0,0,0,1,1,1,0,0,0.007278983481228352
4,50,10,100,3791674400,72,conj,glucose42,MT19937-RandomState,0.0006145713850855827,00001000100101000011100001010000000100001001010000000010010110000100000000000010000101000000010000000001000000001000000000000000010000001001011100001001000000001011000100100000101011000010010101110000000000010010001001000000000011001000000000000001000100011100110101000010000100011000000000100001100101000000001001000101000101010000000010101100000010000011000110010011000010000000000000000100000010001010000100000000000101010000011000010000101010000110000001001010010001000010100100100000000000010000,f6687cfab58392fac24f23811e0f4248fa201edc259bbe6390eab26d89ca3b65,row_sparsity,row_sparsity|conj|3ccb84496a|rng=MT19937-RandomState,,4,4,1,uniform,1;2;3;4,0.25;0.25;0.25;0.25,0.0006672823801636696,6.289221346378326e-05,0.0008041448891162872,0.0009883660823106766,0.004767611622810364,0.007297316566109657,0.0025226855650544167,16,928,1,6,SAT_unsat_identifiable,1,boolean_factorization,exclude_x,exclude_x,0,714,2796,0,1,1,0,0,0,0,1,1,1,0,0,0.006445564329624176
4,50,10,100,3791674400,73,conj,glucose42,MT19937-RandomState,0.0006284750998020172,11001000100001000001000011001000000110010001000000000000001100100100101000000001011001000110000000010001001010010110010001000001010100000000000100100000000111101010000001010000101100000010010010011000010100010000000010011011000010000010000000000010000010100000001000000000000010001000010001001000010000000001001001000000110000100000000100010100110010100010110001001101000001000100000001100001000000000111000000000010000000101010001100010010000010010000100000101010101000000010000000100000010000000010,167ff3265fe3279650d21e85691e7f79004e033baac7e0fcc85ba3d991788ae9,row_sparsity,row_sparsity|conj|3ccb84496a|rng=MT19937-RandomState,,4,4,1,uniform,1;2;3;4,0.25;0.25;0.25;0.25,0.0008034873753786087,7.195118814706802e-05,0.0011152531951665878,0.0010114777833223343,0.00799683015793562,0.011006569489836693,0.003002169542014599,24,894,1,6,SAT_unsat_identifiable,1,boolean_factorization,exclude_x,exclude_x,0,1106,4300,0,1,1,0,0,0,0,1,1,1,0,0,0.008189205080270767
4,50,10,100,3791674400,74,conj,glucose42,MT19937-RandomState,0.0006355084478855133,01100010101101001000000000001000100100010100101100001011000010000000001100001000000000100000011100000100100000010000000100000110011001100010100100000000000010000100000100010100010000100100000010010001000000000100000101001010010010001000000100000001001000000000100000000000000100000000000001100100000100100000110010000000000000010100001000000010000000100101100010000011010001100100010000100000000010010100100100100000000000010001011001100000000010000001001000010001000100000001011010001101000000000010,67bb565bea89d2d28f1cfddfa8e6c15fd35279f70d3f4ea03a305c79c5ed2eec,row_sparsity,row_sparsity|conj|3ccb84496a|rng=MT19937-RandomState,,4,4,1,uniform,1;2;3;4,0.25;0.25;0.25;0.25,0.0006516529247164726,6.326567381620407e-05,0.0008596582338213921,0.0010010404512286186,0.004364170134067535,0.006947026588022709,0.0025756172835826874,15,904,1,6,SAT_unsat_identifiable,1,boolean_factorization,exclude_x,exclude_x,0,615,2553,0,1,1,0,0,0,0,1,1,1,0,0,0.006327806040644646
4,50,10,100,3791674400,75,conj,glucose42,MT19937-RandomState,0.0006171921268105507,01000100000000110010010000000000100000000000000010001000000000010010110000100001011010000010000001110000100000100001010100010000000001010101010001000001000010000000101001000010000001000100100110100000010010000100000100000000010000011000000001001010000000000011000011010000010000000100010101000001101000000000010100000010000000100101001000000000000010000000010001000001010001101010000100100011000010000000010001000000010111010000000000010011001100110000010000100100100001100010000000000100001000001001,ddac328937fa41aa5a3db091c973a05f70b1eeb651ae0a78d7fd18a2e6c2b47f,row_sparsity,row_sparsity|conj|3ccb84496a|rng=MT19937-RandomState,,4,4,1,uniform,1;2;3;4,0.25;0.25;0.25;0.25,0.0006203623488545418,6.273854523897171e-05,0.0008825361728668213,0.0010194312781095505,0.005580968223512173,0.008172980509698391,0.0025850683450698853,18,878,1,6,SAT_unsat_identifiable,1,boolean_factorization,exclude_x,exclude_x,0,802,3161,0,1,1,0,0,0,0,1,1,1,0,0,0.006694799289107323
4,50,10,100,3791674400,76,conj,glucose42,MT19937-RandomState,0.0006932578980922699,00000101000010000010000000000101000101011000100010110001010000001000100000000100000110000001000000001010000100000000010000010100000000011001100010010100001010100001010000011000000000000000010000000010010000000000101000001000000000000100000000001100001100000100010000010011010000000000100000010010100100100001010000011011100000000001000011010110010100100000100100000010011000000000001101010010010010010000101110101100001000010010100001000000001100101010000000000000000001010001101000100000111000110010,ca9dd9b72e9645b470e41d92f9a3e3968bee30e58f76b9cc62d11f3452f732d1,row_sparsity,row_sparsity|conj|3ccb84496a|rng=MT19937-RandomState,,4,4,1,uniform,1;2;3;4,0.25;0.25;0.25;0.25,0.0007967185229063034,6.85378909111023e-05,0.0009991051629185677,0.001000845804810524,0.006669092923402786,0.009541905485093594,0.0028652073815464973,21,817,1,6,SAT_unsat_identifiable,1,boolean_factorization,exclude_x,exclude_x,0,939,3714,0,1,1,0,0,0,0,1,1,1,0,0,0.006782481446862221
4,50,10,100,3791674400,77,conj,glucose42,MT19937-RandomState,0.0006162384524941444,01000010110000000100001100100000001000100100000100011000010100000000010110010010000010000000000000111110000000000010101001000000100000000001000001111000100000001101000000001000000000000001001010000000000101101000000011001100100010000000100000000000011000010010000001001001000000010100010100000000110101000110101000110010011001001001000000000010001010000001000010000000000010000000000011000000000000100001010011010000011000110000100100100000001000000100000100000100101010010001000000010000000010000000,9297da59e29aa36cf881c9ebd91843f56d5948104c14917646d38d519aa6e48b,row_sparsity,row_sparsity|conj|3ccb84496a|rng=MT19937-RandomState,,4,4,1,uniform,1;2;3;4,0.25;0.25;0.25;0.25,0.0005824938416481018,5.563627928495407e-05,0.0,0.0,0.0,0.0006421469151973724,0.0006381301209330559,10,1024,1,4,identity_submatrix_identifiable,0,,,exclude_x,0,0,0,1,0,1,0,0,0,0,1,1,1,1,0,0.005840085446834564
4,50,10,100,3791674400,78,conj,glucose42,MT19937-RandomState,0.0006130551919341087,00000111100001000000001000000010100010000010100000110000000000100100000000000010001011100010000000000000010000000111000001000000000000000100000001100100000010000110100010100001010000000000011011000000001001110010001000000110010001010000001100100100011000000010000001000110010000000001010001000001100000000000100100000111001010000010110100000000000100010110010000011001000010000010001010000000000001000000110001010000000011000100100000100000001000011000001000000100001100000000100001101000000000100000,bce0b0996735f86ee2840a7ee58da5828f80532e329382a6b4baedf2be01f1fc,row_sparsity,row_sparsity|conj|3ccb84496a|rng=MT19937-RandomState,,4,4,1,uniform,1;2;3;4,0.25;0.25;0.25;0.25,0.0005736164748668671,5.2677467465400696e-05,0.0,0.0,0.0,0.0006318492814898491,0.0006262939423322678,10,1024,1,4,identity_submatrix_identifiable,0,,,exclude_x,0,0,0,1,0,1,0,0,0,0,1,1,1,1,0,0.005744189023971558
4,50,10,100,3791674400,79,conj,glucose42,MT19937-RandomState,0.0006165634840726852,00000101100001001010001000101100110010001100001001000001001001101000010000010010010000000010001011000010110001001011010011010100000000000001001000100000000100000010000000000000100001001010000000101100000000100000000000111100000100101001010001001001010000000100110001000010001110000000110011001001000011010001000000100001000000000110000000000000000010000100010011000100001001000000001100101001000001100100100000010000111000100010010001001000000001110001000010001000010000001001001000000100001010100000,ccc317d0feff316c2f971075648139613a5ff449cced4a53ddb12320fff15791,row_sparsity,row_sparsity|conj|3ccb84496a|rng=MT19937-RandomState,,4,4,1,uniform,1;2;3;4,0.25;0.25;0.25;0.25,0.0007330477237701416,6.238836795091629e-05,0.0008587483316659927,0.0009976690635085106,0.005269470624625683,0.00792994536459446,0.0026518534868955612,17,904,1,6,SAT_unsat_identifiable,1,boolean_factorization,exclude_x,exclude_x,0,743,2962,0,1,1,0,0,0,0,1,1,1,0,0,0.006546372547745705
4,50,10,100,3791674400,80,conj,glucose42,MT19937-RandomState,0.0006627505645155907,00010111000001000000000000010010011010000010011010001101010000000010000000101000000000010000010000000011100100000010001000010000001000010100000100100000001010011101000000100000110000000000100100010000000010000010011001000011101000010001011010111000000010000000110101000001000000000000100000000000001000001100101000000000001010100010000000001110000100000111000010001000100000010010000000100100010010111001101000101010000010000001101001100001100010000101000000110010000000000000010000000001000000010000,e4e477e6f00e7b0eb5da9de7708321462b194fea39601bccb1ff12e44ee8ee1c,row_sparsity,row_sparsity|conj|3ccb84496a|rng=MT19937-RandomState,,4,4,1,uniform,1;2;3;4,0.25;0.25;0.25;0.25,0.0006548073142766953,6.82976096868515e-05,0.0006415350362658501,0.0010033585131168365,0.003906863741576672,0.0062815239652991295,0.0023679984733462334,12,880,1,6,SAT_unsat_identifiable,1,boolean_factorization,exclude_x,exclude_x,0,498,2022,0,1,1,0,0,0,0,1,1,1,0,0,0.005964308977127075
4,50,10,100,3791674400,81,conj,glucose42,MT19937-RandomState,0.0006401315331459045,11001000000001010000010110010000000100001010000010011000010100100100101000000000000001010100000001000100100101011001000000010000111100001010010001100111000100000111000100000000100010000000000100011000000010110000101100001010101000000000010010000010000010000001000001000001000100001010100010001000100110011010000010000010100000100100001000010001101100010000010000010000000000100001000000001010000011010010000000110100100000000010100000101000010100000010011000100000001001110001000000100000000100000100,404f965414f60a419501f4da922b374f911ea2bea8aab4b81f910ab57cf24fbb,row_sparsity,row_sparsity|conj|3ccb84496a|rng=MT19937-RandomState,,4,4,1,uniform,1;2;3;4,0.25;0.25;0.25;0.25,0.000776221975684166,7.117446511983871e-05,0.0010391352698206902,0.0010880334302783012,0.0069163404405117035,0.00989924930036068,0.002974565140902996,22,894,1,6,SAT_unsat_identifiable,1,boolean_factorization,exclude_x,exclude_x,0,1008,3924,0,1,1,0,0,0,0,1,1,1,0,0,0.007537661120295525
4,50,10,100,3791674400,82,conj,glucose42,MT19937-RandomState,0.0006938427686691284,00100101000110010100011000001000010000000111000000010100100000100000010001000000001000000110000111001100000100011000000000000100000000110001100110001001101010000100010010110100001000010000000010000000000100100001010011001000000100010000000001000000001000010100000001110001000011000000000100000010000100000101000001001000100001100000000000100110000100011100000000000010101001100010010000000110100010000001110010000000100000110110001000000000001000000010101000001100110000100000010000001000000001010100,fdc426af65eb33f0eb36e478cde75dc8c82a155f46824e6aa518d271eb586d3f,row_sparsity,row_sparsity|conj|3ccb84496a|rng=MT19937-RandomState,,4,4,1,uniform,1;2;3;4,0.25;0.25;0.25;0.25,0.000627320259809494,5.953572690486908e-05,0.0006545670330524445,0.0010064281523227692,0.004144527018070221,0.0064994217827916145,0.0023478511720895767,12,960,1,6,SAT_unsat_identifiable,1,boolean_factorization,exclude_x,exclude_x,0,478,2000,0,1,1,0,0,0,0,1,1,1,0,0,0.006198529154062271
4,50,10,100,3791674400,83,conj,glucose42,MT19937-RandomState,0.0006363354623317719,00000000010101100001000000100100000010000001110000000000100000100001101000000000000001010111000000110100011000000000001000000000010000100100000011000010000010101100010100001000000001000100001001000000100000000000010000001000000100010000000001000000000000000100001000100000001010100001000000000000010000101000000100001000100010000001100110001000000000100000000000110000100110010001010100001010001101001101000000100100000001010000110001100000100010100000001001011010010010000100110100000000010011000000,c8a9476239d633e6ac13eb21b8c468baf1dbb4a5be7cb0b9de5c5d3a911da884,row_sparsity,row_sparsity|conj|3ccb84496a|rng=MT19937-RandomState,,4,4,1,uniform,1;2;3;4,0.25;0.25;0.25;0.25,0.0006749304011464119,6.639212369918823e-05,0.0009148316457867622,0.0010142987594008446,0.014626551419496536,0.017305877059698105,0.002670452930033207,17,928,1,6,SAT_unsat_identifiable,1,boolean_factorization,exclude_x,exclude_x,0,723,2940,0,1,1,0,0,0,0,1,1,1,0,0,0.006931602023541927
4,50,10,100,3791674400,84,conj,glucose42,MT19937-RandomState,0.0007507679983973503,10010110000000100010000100010000101001100000100000101010000000000100001000000001000001000010000000000000100000010000000000100000010000010000100001011000010001001001010100110000000000111100000001011010010001100110100100010000000100001100011000010100000001000000001000000001000100100000010001000111100000000000010000010100001001100000000100001000010010000110000000000011010010100100001010000100010010100100100100001100011000010100000001001001001001000000000100010010000001100000010101001101000101001100,0f275070977ba4edb17c48f9e67e3485a673176a4e0f56ac3e5a6896c7589cdb,row_sparsity,row_sparsity|conj|3ccb84496a|rng=MT19937-RandomState,,4,4,1,uniform,1;2;3;4,0.25;0.25;0.25;0.25,0.0007003610953688622,6.954465061426163e-05,0.0009683035314083099,0.001072220504283905,0.005656917579472065,0.008475217036902905,0.0028104297816753387,20,778,1,6,SAT_unsat_identifiable,1,boolean_factorization,exclude_x,exclude_x,0,960,3603,0,1,1,0,0,0,0,1,1,1,0,0,0.006558510474860668
4,50,10,100,3791674400,85,conj,glucose42,MT19937-RandomState,0.0006267698481678963,00001001010000001101001000001000011000001000001110000000001110010100000100001000001100000000001000001010100000010000001110100000100000000101010000001010010010010000010000000010010001010001011001000100011001010000000010001100100010000000010000000000100001000000000010001010000101100101000010010000000000100011000000001000000110100000101000010000000110110000001000010010010100010000010000011000001010000000000010000001001100001011100000010010100100001100010001000101010000100001001001001010000000111001,c75590ec9d36874659f9dcc64e84c5de50c520991e0c707066f6d7a00a80b945,row_sparsity,row_sparsity|conj|3ccb84496a|rng=MT19937-RandomState,,4,4,1,uniform,1;2;3;4,0.25;0.25;0.25;0.25,0.0008063828572630882,7.279589772224426e-05,0.0011756615713238716,0.0010379031300544739,0.007986889220774174,0.011088707484304905,0.003092743456363678,25,829,1,6,SAT_unsat_identifiable,1,boolean_factorization,exclude_x,exclude_x,0,1195,4532,0,1,1,0,0,0,0,1,1,1,0,0,0.007580789737403393
4,50,10,100,3791674400,86,conj,glucose42,MT19937-RandomState,0.0006243269890546799,01000000000101010000011001000000000001000000000010000110000010001101000100110001010010000100101000010000010001010000010110000001010000010001100010010000100000000000110100000111100001001011000101000000100000010000011000001001001010001000000000100101010000011000100000000000101010100010000100000010000000000100000001000000010000000000000001100010000000001010001000100010010000011000010000000001000110101001000001000000100100000000100010000001001000011011011000001010000011000000010000000110001010010001,daa277e9f6c286c1212bd2d1ce15d6a609cea5c00eaee5feca9b0f2c3391fe74,row_sparsity,row_sparsity|conj|3ccb84496a|rng=MT19937-RandomState,,4,4,1,uniform,1;2;3;4,0.25;0.25;0.25;0.25,0.0006648954004049301,6.563495844602585e-05,0.0010331589728593826,0.0010147374123334885,0.006790587678551674,0.009576383978128433,0.002778426744043827,19,909,1,6,SAT_unsat_identifiable,1,boolean_factorization,exclude_x,exclude_x,0,861,3360,0,1,1,0,0,0,0,1,1,1,0,0,0.007166010327637196
4,50,10,100,3791674400,87,conj,glucose42,MT19937-RandomState,0.0006232121959328651,00010101000010010100011000010000011000100010000000011000101000100000100010000000001100001010000001000001000011010100000000011101000010000000000001000010001000000010001100000000001011001010000010000000010101000101001101000100000001000011100000101001000100000101000100100000000000100101000100000001000000000100010010000111110000010010000100001000000001100100101000001001100000000100011001000000000010000110100100000001000000100011100011000001100000100000100000000001000100001000000000010000100000010000,028aea0797d7581bc055c8faf1349b940811d5fccb1744daaa1a33a4e1a9b10b,row_sparsity,row_sparsity|conj|3ccb84496a|rng=MT19937-RandomState,,4,4,1,uniform,1;2;3;4,0.25;0.25;0.25;0.25,0.0008152062073349953,8.004996925592422e-05,0.0014536753296852112,0.0010084109380841255,0.007286379113793373,0.01065182313323021,0.003357342444360256,30,845,1,6,SAT_unsat_identifiable,1,boolean_factorization,exclude_x,exclude_x,0,1410,5439,0,1,1,0,0,0,0,1,1,1,0,0,0.007944313809275627
4,50,10,100,3791674400,88,conj,glucose42,MT19937-RandomState,0.0006190771237015724,00010000000000001000000110000011000100001110000000000100000000010000001000100010001000000000011001001000000000010000100010000001001000011000000110001001101000101010001000000100100001000010100000000010001000000000000100100001010010110010100010100011000100010000000100000011000000000010000000010000000000001100000000000110010100100000010010000100001110100000100001001100001000001101000001000000010101001010000001010010000100001001100010000000000000100000010000100100100101101000010101010010001000000100,0e5d7f7c5c2ed80439b75e9efd467ab0874d18c18e8d0713a2f66f26ad35841d,row_sparsity,row_sparsity|conj|3ccb84496a|rng=MT19937-RandomState,,4,4,1,uniform,1;2;3;4,0.25;0.25;0.25;0.25,0.0006944788619875908,6.711110472679138e-05,0.00099945068359375,0.0010061301290988922,0.006258743815124035,0.009033809415996075,0.0027671707794070244,21,689,1,6,SAT_unsat_identifiable,1,boolean_factorization,exclude_x,exclude_x,0,989,3769,0,1,1,0,0,0,0,1,1,1,0,0,0.006540726870298386
4,50,10,100,3791674400,89,conj,glucose42,MT19937-RandomState,0.0006193192675709724,00100000000000001000011000100001000110000000100000010010001010100101001000000010100001010000110011001000110000000000010001001100100000000001000000110010001000000101000000010000010100100110000000011000100001010000000101101100100100000000010001001110000000011000100001010100010000110001101100000101100100011101000100010100000010011000110000110100010101011011000001000010110010000100100000101011000010001010000000000001000010100000100000010011000110010010001001000100101000000000010000000000010011000000,803a2fdd34bf09f82476e714c3286b18e41f02d04b6d82a8626af1ccca69b0a0,row_sparsity,row_sparsity|conj|3ccb84496a|rng=MT19937-RandomState,,4,4,1,uniform,1;2;3;4,0.25;0.25;0.25;0.25,0.0008624885231256485,7.736869156360626e-05,0.001334909349679947,0.0010250629857182503,0.007067853584885597,0.010375524871051311,0.003299829550087452,28,819,1,6,SAT_unsat_identifiable,1,boolean_factorization,exclude_x,exclude_x,0,1342,5096,0,1,1,0,0,0,0,1,1,1,0,0,0.00794991385191679
4,50,10,100,3791674400,90,conj,glucose42,MT19937-RandomState,0.0006564520299434662,00010100001000000100100000100000010010111010100000000110010111001000011100000000001001100000010000001001000110010100100110000010010000000010000000100000110000001100001010110100000000110010000000000110101100100001000001100110010100010000000000000001000101000000000010010000010001010001011001100000000101001010011100100001000100010010010000101000001000110001000100100011101000001001100000001100010100000001000000100100000100010000001000010010000010101100000001000110000011001100100000001010001010010000,101c15b055fd2a2ea9d82abd3f27e0776dcb86089fd8cc4fd3d11a5f0511c404,row_sparsity,row_sparsity|conj|3ccb84496a|rng=MT19937-RandomState,,4,4,1,uniform,1;2;3;4,0.25;0.25;0.25;0.25,0.0008370159193873405,8.110515773296356e-05,0.0013198396191000938,0.0010539721697568893,0.007718740031123161,0.01102028414607048,0.0032919328659772873,29,719,1,6,SAT_unsat_identifiable,1,boolean_factorization,exclude_x,exclude_x,0,1441,5339,0,1,1,0,0,0,0,1,1,1,0,0,0.007772381417453289
4,50,10,100,3791674400,91,conj,glucose42,MT19937-RandomState,0.0006431443616747856,00010000000000010000010100000001100000010000000100101010010001000100100100001001001101000100000000010000010001000010011010000001000000110000010000110001010010010000000111100000100111010000100000001110100010000100000001111000110000100000010000000000100010000000100000001000000010110000001001000100000010010000110100100101100000000000101000000001100000000000001001000010010000110100100001001010001001101000001000000000000111011000000000010110100010010001000011011000010000100000010101000010010010010000,0ed2534cef0febdfc6aeebc3e31dc3647b850a3ef1da84605aeb892d055bdad9,row_sparsity,row_sparsity|conj|3ccb84496a|rng=MT19937-RandomState,,4,4,1,uniform,1;2;3;4,0.25;0.25;0.25;0.25,0.0008053435012698174,7.235072553157806e-05,0.0011038770899176598,0.0010002627968788147,0.0070328665897250175,0.01002260111272335,0.00298183411359787,22,850,1,6,SAT_unsat_identifiable,1,boolean_factorization,exclude_x,exclude_x,0,988,3902,0,1,1,0,0,0,0,1,1,1,0,0,0.007463858462870121
4,50,10,100,3791674400,92,conj,glucose42,MT19937-RandomState,0.0006862767040729523,01000000000010010101000010010000000000100010101000010100100101010000010000000010010000000000000101110001000100100011100000000100011010000000000010000000010000000010000110001011100001000000000000000010100000000010000100110000000001000101010000010000000000010100000000110011000100001000000000000100000000000000100010000100000011010110000000000001011001100001101000011000000101001000101000010000010000000000010000010100100001000001101000000100000110000000000100000010000000000000001000000001000010110010,6976e9bcea4d4c245a90052dc34aeab6acbf1740e9d37cda829801c564af7548,row_sparsity,row_sparsity|conj|3ccb84496a|rng=MT19937-RandomState,,4,4,1,uniform,1;2;3;4,0.25;0.25;0.25;0.25,0.0005573434755206108,6.140116602182388e-05,0.0007697939872741699,0.000994405709207058,0.004800744354724884,0.007189900614321232,0.0023829443380236626,15,912,1,6,SAT_unsat_identifiable,1,boolean_factorization,exclude_x,exclude_x,0,675,2619,0,1,1,0,0,0,0,1,1,1,0,0,0.006546136923134327
4,50,10,100,3791674400,93,conj,glucose42,MT19937-RandomState,0.0006201118230819702,00000000100001000000010010100010000100000000000100001010000011000100010000001001111010000000000111011000110001010010001101100000000000000001100001000000110010101000000001010000010001100011000111010000001010010101100000001000000100000110100001010100000001000101001000001110000000111010010010000000001100100000000010100110001100110000000111000010101000000110110000000011010110100000001000000000000000100010000000000001010000000010111010000100000000010101000000000100011000001001100100000000100000000101,81dd05a0058b101f614ccc140717f1b69ab0b84eb9c88102e84d1f320702edb0,row_sparsity,row_sparsity|conj|3ccb84496a|rng=MT19937-RandomState,,4,4,1,uniform,1;2;3;4,0.25;0.25;0.25;0.25,0.00082413200289011,7.765181362628937e-05,0.0011577634140849113,0.0010678786784410477,0.006970908492803574,0.010106240399181843,0.0031274259090423584,25,752,1,6,SAT_unsat_identifiable,1,boolean_factorization,exclude_x,exclude_x,0,1215,4554,0,1,1,0,0,0,0,1,1,1,0,0,0.007299460470676422
4,50,10,100,3791674400,94,conj,glucose42,MT19937-RandomState,0.0006130766123533249,00100100000000010000000000010010010110000101000001000010000000001100100000010011000110100010010100000000000100001000000000010100010000000101000010000000011101000011010000100100000100010001101100110000000001010000010001001000011001001100101000010000100001001011010100100100010000100010000000000010010100100011101100000110000010100001100000000110001000000000001011110000000000100010000000010001000110010100000000000010101110010010010000000100001011000010100000010000000100000000001100000100001000010011,4fccf307469ed2ccfdfe307f5434577e5740f0ae1c710f767023a111ab78551d,row_sparsity,row_sparsity|conj|3ccb84496a|rng=MT19937-RandomState,,4,4,1,uniform,1;2;3;4,0.25;0.25;0.25;0.25,0.0008379286155104637,8.405372500419617e-05,0.001436353661119938,0.0010761748999357224,0.009634746238589287,0.013076918199658394,0.00343451090157032,31,728,1,6,SAT_unsat_identifiable,1,boolean_factorization,exclude_x,exclude_x,0,1569,5748,0,1,1,0,0,0,0,1,1,1,0,0,0.008227990940213203
4,50,10,100,3791674400,95,conj,glucose42,MT19937-RandomState,0.0007020318880677223,10010010010000011010000001010000000000110010001100010101000010100010000100110010010100100100000011110001100000001100000100110100000010100000010001001001000000000000001000001000100000000100000000000100010010010110001101001100001010000001010000000010000001000000000000001111010010001001000000110010000100101100010000010100000010000000010001000001001100010110000010000000001000000001100000000000000110000000010010101000000000010000000001000001100000001010011100000001000100000010011100100001001000011001,12f5b7536439a6a1c73f0266ffa7b8c38eba87feabdbda88989979d835cc929f,row_sparsity,row_sparsity|conj|3ccb84496a|rng=MT19937-RandomState,,4,4,1,uniform,1;2;3;4,0.25;0.25;0.25;0.25,0.0007416652515530586,6.84242695569992e-05,0.0009589307010173798,0.0010437453165650368,0.00758471991866827,0.010405664332211018,0.0028127655386924744,20,898,1,6,SAT_unsat_identifiable,1,boolean_factorization,exclude_x,exclude_x,0,870,3504,0,1,1,0,0,0,0,1,1,1,0,0,0.007113349623978138
4,50,10,100,3791674400,96,conj,glucose42,MT19937-RandomState,0.0006804745644330978,00010000000100100110001110001000100001001001110000100000010000010101000000001000010000000010000000000111000000000000010100000100101001100000000000101100100000000001000000000000000110001000100000010000101001000000010001110000000010001100010100001000100001011000000011000101010100000001100010110010000101100000110001000000101010001000100010000011110000101000000000100001001001000110000010000010000000000000101100100100010000100000010100000000000001100100001010001000010001000000011110000000000000011100,13902f3aaa7075f135e07d00fe601ef0824724b6b8a702fcbafa1c24a6e047ae,row_sparsity,row_sparsity|conj|3ccb84496a|rng=MT19937-RandomState,,4,4,1,uniform,1;2;3;4,0.25;0.25;0.25;0.25,0.0007161861285567284,6.375182420015335e-05,0.0008061584085226059,0.0009887991473078728,0.004976049996912479,0.00755828432738781,0.0025748955085873604,16,995,1,6,SAT_unsat_identifiable,1,boolean_factorization,exclude_x,exclude_x,0,684,2763,0,1,1,0,0,0,0,1,1,1,0,0,0.006713776849210262
4,50,10,100,3791674400,97,conj,glucose42,MT19937-RandomState,0.000684012658894062,10000001001001110000001110001000001000000000011000010010000010100110000011000010010110000100000000101100000000100010011001000000001100011000000000010001010000001000000101000001101100011000010000000011000100100100110010000101001000110100000100000110001101000100100100010001100010000000001000000000011000000001110010100100000100001100010101000000001000000000101100110000110000001110010000000101100101000000101001010010001001100001010000000110010000000010000000000000000010001000010001000000000001010000,edd514aec3b3720ed6954b5e6ea57c3a51ea4f404f8357384b479999c11e3706,row_sparsity,row_sparsity|conj|3ccb84496a|rng=MT19937-RandomState,,4,4,1,uniform,1;2;3;4,0.25;0.25;0.25;0.25,0.0007942374795675278,7.090065628290176e-05,0.001078885979950428,0.0010625459253787994,0.006386933848261833,0.009401426650583744,0.003006570041179657,23,773,1,6,SAT_unsat_identifiable,1,boolean_factorization,exclude_x,exclude_x,0,1067,4123,0,1,1,0,0,0,0,1,1,1,0,0,0.007278287783265114
4,50,10,100,3791674400,98,conj,glucose42,MT19937-RandomState,0.0007137134671211243,00011000010001000110001000110100011101000001101001010000101001000000000000100111000110000000000101000000110000000101101001000000000100001101001000100000000100000000010000100000000011001000011110000100010001000000100000001011000100010100010010000010100000100010000000110000100000000001110010100000000000001000100010000000001110001000010101100010000000000000001000010000001000011000000110000010001000100100100010010010000110000100100100010001000001000010110000000000001001100010000101000001001000000011,fb86f6a4e2489b964629774cdc5d1c8e2b6f579c94cd377ff3130ab87956132c,row_sparsity,row_sparsity|conj|3ccb84496a|rng=MT19937-RandomState,,4,4,1,uniform,1;2;3;4,0.25;0.25;0.25;0.25,0.0008160779252648354,7.584970444440842e-05,0.0011885697022080421,0.0010657627135515213,0.007898489944636822,0.011053319089114666,0.0031462600454688072,26,853,1,6,SAT_unsat_identifiable,1,boolean_factorization,exclude_x,exclude_x,0,1204,4676,0,1,1,0,0,0,0,1,1,1,0,0,0.00785753969103098
4,50,10,100,3791674400,99,conj,glucose42,MT19937-RandomState,0.0006295545026659966,00101010000000011000100000011000110100001010001100001110000100001000010000000001010000000000110010000000000001000000111011000000000011001000010110010010000001100010110010000011010001010010100110010001100000011000100000001000000000000010000001000000000100110010100101000111000110000000000001001000001000100010000101001001000110001110010000100000010001000010000100010001011000000000010001010100101010010011000101000010000001000001000000001001001010000000101000000000001100001000101101000111000100000100,b92c109d46eab94e8352928a6d14a4531fc426a230faa24f1eaa0d691e9a73a7,row_sparsity,row_sparsity|conj|3ccb84496a|rng=MT19937-RandomState,,4,4,1,uniform,1;2;3;4,0.25;0.25;0.25;0.25,0.0008846987038850784,8.412357419729233e-05,0.0012419391423463821,0.0010080961510539055,0.015383644960820675,0.018611504696309566,0.0032188575714826584,27,743,1,6,SAT_unsat_identifiable,1,boolean_factorization,exclude_x,exclude_x,0,1333,4952,0,1,1,0,0,0,0,1,1,1,0,0,0.007613757625222206
