schema_version,J,K,N,seed,sim,operator,solver_name,rng_engine,generation_time,q_bitstring,q_sha256,design,design_id,p,m_requested,m_effective,min_row_size_requested,row_size_distribution,row_size_support,row_size_probs,basis_time,identity_check_time,two_col_check_time,three_col_check_time,sat_time,algorithm_time,preprocess_time,J_basis,M_basis,identifiable,branch,branch_label,sat_called,sat_formulation,sat_cardinality_encoding,cardinality_encoding_requested,maximal_candidate_requested,sat_variables,sat_clauses,identity_original,not_complete_original,has_pure_node_original,no_pure_nodes_original,has_zero_row_original,two_col_violation_original,three_col_violation_original,two_column_pass_original,both_necessary_checks_pass_original,I_3c,identity_basis,two_col_violation_basis,diagnostics_time
4,50,10,100,2349615021,0,conj,glucose42,MT19937-RandomState,0.0006864126771688461,00010110000001000000000100011001000001101011000010001000010000001100110010000000011000001000000101010001101001000100000010010001000101000000000100000011000000000000110100100100000011100000011100100001000001010000000110000010000000000010110000000010000010000100000100110100000011000011000010011100000000000111000001100010001000000001010000010000100000100010000000100010000000010000000000100000000001000000000110000100100001000100010000100110100010001001000000110000111000001010000101000100100000000010,0fb7533cf45104cecb6d8b6bc56f1666218ee39b96adb7df44803bea1d455407,row_sparsity,row_sparsity|conj|3ccb84496a|rng=MT19937-RandomState,,4,4,1,uniform,1;2;3;4,0.25;0.25;0.25;0.25,0.0007199440151453018,0.00010082591325044632,0.0011025108397006989,0.0010356130078434944,0.019734816625714302,0.022700943984091282,0.0029588937759399414,24,810,1,6,SAT_unsat_identifiable,1,boolean_factorization,exclude_x,exclude_x,0,1146,4344,0,1,1,0,0,0,0,1,1,1,0,0,0.00706335436552763
4,50,10,100,2349615021,1,conj,glucose42,MT19937-RandomState,0.0006073722615838051,00110001000101100010110110000001000000000010001010011010001000100000000101000000100001000000000010011000000000010011000110100010000101010000101000000000000000010000100100100000000001000100100101100100001001001000001100000000101010011100000100000000111000000000100000000000101010010000001010011010100001011010001111000000001000100100001000000010000010010000001000000001111001000011010001000000100000000000011000011100001010000100000000001000100000000000010011011010000001000000100001001100101000000000,9cbb6b996c5e7351b7e23759bc9bfb6fd6b9f1e32c6cc67c1d204d0961330771,row_sparsity,row_sparsity|conj|3ccb84496a|rng=MT19937-RandomState,,4,4,1,uniform,1;2;3;4,0.25;0.25;0.25;0.25,0.0007977774366736412,6.739608943462372e-05,0.0009764200076460838,0.0010076016187667847,0.007475999183952808,0.010331817902624607,0.0028491951525211334,21,732,1,6,SAT_unsat_identifiable,1,boolean_factorization,exclude_x,exclude_x,0,929,3703,0,1,1,0,0,0,0,1,1,1,0,0,0.006365844048559666
4,50,10,100,2349615021,2,conj,glucose42,MT19937-RandomState,0.0005835453048348427,01101000000110000000010000010000100000000110010100100000011101001000100000000100000011100001101001001000000100000000001110010001001000100010000010100001000100010110100010001100000000100001010000000010000001110100000110000011001000000100000010101000000010010000000100101000010000010000001000100001001001001000010000100010000000110000000001011000000000000000011010100000000110000010000000001000100000010000001011000000001000001000010001000010001011100000001000010100101010010000000000000100010100010010,b7c7bcca1cf9d6d1469f068e641612477f08b23dea33410f5055736967396e20,row_sparsity,row_sparsity|conj|3ccb84496a|rng=MT19937-RandomState,,4,4,1,uniform,1;2;3;4,0.25;0.25;0.25;0.25,0.0008261343464255333,7.976964116096497e-05,0.0009854994714260101,0.0009959535673260689,0.008375255391001701,0.011268644593656063,0.0028873570263385773,21,952,1,6,SAT_unsat_identifiable,1,boolean_factorization,exclude_x,exclude_x,0,889,3659,0,1,1,0,0,0,0,1,1,1,0,0,0.006932977586984634
4,50,10,100,2349615021,3,conj,glucose42,MT19937-RandomState,0.0005812970921397209,10001001010000000010010010000110000010001000001000001000000010101001000000000001000000001001010100000000010001000100001100110010100000000001101000110000000011000000100001010000000101000000000110100100100101001001000010001000000010010000000000000001000001001000000000010000100101001000001000000100100000001010000011010001001000000100001010000110000010110000010100000100110000100000000101000010001000000000001010000001011000010001000010000000000001011000011101001110000001010110000010000000100100000011,7bc8fbce1825c2fb422db2bee0372152218db54ff80c0d8e9343779bbba1136d,row_sparsity,row_sparsity|conj|3ccb84496a|rng=MT19937-RandomState,,4,4,1,uniform,1;2;3;4,0.25;0.25;0.25;0.25,0.0007056528702378273,6.781704723834991e-05,0.0010479800403118134,0.0009909095242619514,0.00694242212921381,0.00976163987070322,0.002812359482049942,23,863,1,6,SAT_unsat_identifiable,1,boolean_factorization,exclude_x,exclude_x,0,1017,4068,0,1,1,0,0,0,0,1,1,1,0,0,0.006967855617403984
4,50,10,100,2349615021,4,conj,glucose42,MT19937-RandomState,0.0005806023254990578,00101000000100010100010100010111000100000101100100000001000000001010000001000000000110000000000100010001001010000000100001100100000000000010100000110100000001010000001000000100000000010010001001000000000010100100000110101010100100110100000100100000001000100101010010100000001000000100000000001001010000010000110011010100001000000010000000000000000001001000001001000010100000101000100000001011000000010000001001001010001000000000010010000001110001000100000110100010000000101000101010001100000010000001,1d76a9ffd68fb98cce71af15a10d58ced9ef57309a1dd2614df53bf189ec9e1f,row_sparsity,row_sparsity|conj|3ccb84496a|rng=MT19937-RandomState,,4,4,1,uniform,1;2;3;4,0.25;0.25;0.25;0.25,0.0006160121411085129,5.704071372747421e-05,0.0007001440972089767,0.0009864065796136856,0.004243013449013233,0.0066094426438212395,0.0023596035316586494,14,892,1,6,SAT_unsat_identifiable,1,boolean_factorization,exclude_x,exclude_x,0,616,2420,0,1,1,0,0,0,0,1,1,1,0,0,0.005903108976781368
4,50,10,100,2349615021,5,conj,glucose42,MT19937-RandomState,0.00057977344840765,00001000000101000011000001011000001000101000011001011001000100011001010001010001010011001000000000011000001100000000010000001111000100000000001000111011000100000000010000000000011000001100101000100001000000110001010000100001011000100010001001001101000000001000010000000000010001100000000100000000001000010000101000000000000000001010000001100100000100000100100111000000110000001000010001000001111000000001001000001100001011001000001000000000011000000100001100011100100001100001000011000000000100001000,167331e3eec07ac59712b4b59d889ab62bf7818f5f5000ec21cf13e73cc4a8d4,row_sparsity,row_sparsity|conj|3ccb84496a|rng=MT19937-RandomState,,4,4,1,uniform,1;2;3;4,0.25;0.25;0.25;0.25,0.0006945142522454262,5.923956632614136e-05,0.000786682590842247,0.0009887563064694405,0.003983206115663052,0.006518022157251835,0.002529192715883255,16,728,1,6,SAT_unsat_identifiable,1,boolean_factorization,exclude_x,exclude_x,0,734,2818,0,1,1,0,0,0,0,1,1,1,0,0,0.005781276151537895
4,50,10,100,2349615021,6,conj,glucose42,MT19937-RandomState,0.0005801301449537277,00001010010000100000000000001010101000001000000010000000110000010001000100000000000001100000001001111001001000000010100001000000010001000000000100000001000000000111000001100010110010110001000000001010000001000110000001001000000000000000011001000000100010010010000100001010001000000101000000010011000100001010001100000001100010110000000110100000111010011100000111000100010100000010100110100010000000000000000100110010000000001000000000000001100110100000001110100000000001010000000100000100010110000001,89c10038a896e8b5d91903c11455898b13599e4f39f541314e4415f4b1c7e739,row_sparsity,row_sparsity|conj|3ccb84496a|rng=MT19937-RandomState,,4,4,1,uniform,1;2;3;4,0.25;0.25;0.25;0.25,0.0005988636985421181,6.042327731847763e-05,0.0008417945355176926,0.0009698038920760155,0.005893684923648834,0.00837048888206482,0.0024708854034543037,17,737,1,6,SAT_unsat_identifiable,1,boolean_factorization,exclude_x,exclude_x,0,753,2973,0,1,1,0,0,0,0,1,1,1,0,0,0.005930718965828419
4,50,10,100,2349615021,7,conj,glucose42,MT19937-RandomState,0.0005725445225834846,10000001101001000011000000100001001101001100000000000001000001010000001000000000100000011001011010000100100100001011001001000010110100000010000100010001000000000010010010100000010000100000001010000001001001101011000101000001101100100000101100000111000001001000010000000110000000000100100000000110100100100000010000000101000001101100001000010110011000000010010000100011100001000000001000000000000001000100000000100011000010001000110011110000000001000000001001001110000001000001011000010100000010100100,ba1028f035faf4bcdb19460923ac5cfe6f64e0325d3d93b2a5deae75264b8f16,row_sparsity,row_sparsity|conj|3ccb84496a|rng=MT19937-RandomState,,4,4,1,uniform,1;2;3;4,0.25;0.25;0.25;0.25,0.0008003218099474907,6.836466491222382e-05,0.0011280877515673637,0.0010016141459345818,0.009376822039484978,0.012383237481117249,0.00299838837236166,25,891,1,6,SAT_unsat_identifiable,1,boolean_factorization,exclude_x,exclude_x,0,1185,4521,0,1,1,0,0,0,0,1,1,1,0,0,0.007351575419306755
4,50,10,100,2349615021,8,conj,glucose42,MT19937-RandomState,0.000594322569668293,00000100001000000000100000000000000100001101000010110000110010001010000000000101000001010101000011010000110000101100100000000101011100001000000000001000000010000000111000000100000000100111001000100000001000000010010000011000000001000000100010000100000001110100110010000101010001010000000010100011100000001000000100000001000010110001000001111010101000000001000010100010011001000010000010110010000110010001011010010100000000001000001010101000000001001000000000101010000100000000100000001000000001000000,49465a444b3bf71207fcb12062aabfa977216ca6f49bc1b3229c532c38c6050d,row_sparsity,row_sparsity|conj|3ccb84496a|rng=MT19937-RandomState,,4,4,1,uniform,1;2;3;4,0.25;0.25;0.25;0.25,0.0006020842120051384,5.838274955749512e-05,0.000821341760456562,0.0009736595675349236,0.011532806791365147,0.013993620872497559,0.002455468289554119,17,778,1,6,SAT_unsat_identifiable,1,boolean_factorization,exclude_x,exclude_x,0,783,3006,0,1,1,0,0,0,0,1,1,1,0,0,0.00616851169615984
4,50,10,100,2349615021,9,conj,glucose42,MT19937-RandomState,0.0006553037092089653,00000001100000000100000100000000000101110000100010111000010000000110100000100000100000000000000000010000100001010000101100010000100001000100000101000000000000100000001001100000000010001001000100000001001101100000000111100000100001100000110010101100000000001101001100110000010100110000000010000000100001101000100000000010100101000000110000000000000001000000110000010000110000000010001011100000000100000000100001000010000000001010000000011001100000000000001000000001010001000000001010000000000110000010,87eff4764668342962f31046f00933162a3145040bd41efc136b3af86f871277,row_sparsity,row_sparsity|conj|3ccb84496a|rng=MT19937-RandomState,,4,4,1,uniform,1;2;3;4,0.25;0.25;0.25;0.25,0.0005389135330915451,5.954969674348831e-05,0.0007036402821540833,0.000978626310825348,0.0039642974734306335,0.006251252256333828,0.0022807298228144646,14,724,1,6,SAT_unsat_identifiable,1,boolean_factorization,exclude_x,exclude_x,0,636,2442,0,1,1,0,0,0,0,1,1,1,0,0,0.0055874790996313095
4,50,10,100,2349615021,10,conj,glucose42,MT19937-RandomState,0.0005459049716591835,10000001000010000111000000001010101001000000100010001010100000000001011100011000001010100011101000000100100000000000001000000100101010000010001011100000000010101000001000000001000000100000101000000000000000001001000010100000001001011000100011000000011000000000000100011110000100000000110100100001000010000010000000001110000100000010000000001010100000000000011000100000001100000011000011000000000011000000001000000000100000000001000010000000000001000001000000000101001000010100100001000000010000001000,33473031ec90964660567b2357834192fdc4189eedcd970f5ad09b9e6fb6fbdb,row_sparsity,row_sparsity|conj|3ccb84496a|rng=MT19937-RandomState,,4,4,1,uniform,1;2;3;4,0.25;0.25;0.25;0.25,0.0006111450493335724,5.9246085584163666e-05,0.0007837051525712013,0.0009900350123643875,0.0044458769261837006,0.006895805709064007,0.002444131299853325,16,926,1,6,SAT_unsat_identifiable,1,boolean_factorization,exclude_x,exclude_x,0,664,2741,0,1,1,0,0,0,0,1,1,1,0,0,0.006253416649997234
4,50,10,100,2349615021,11,conj,glucose42,MT19937-RandomState,0.0005756793543696404,00000100010000110000001010101010000001101010001010000000000100100000000111000000100000010101010000000001001010100100000100001000001000010010000100010100010010010010100100001000000000000001000000101000100001100000010101000000101100001100000100001010000100100000000000010000011001010010010000010000001001000111000000000011000100100010000110010110000101000000000100000000100001001011000000000100001010000011001000000000111111110000000000010010001010000000110010000010000000101000001000010000000100110000,198ad6a9ab09fa0a8f4347d5102f61e78148764a820eef7c58c317b40d9afd85,row_sparsity,row_sparsity|conj|3ccb84496a|rng=MT19937-RandomState,,4,4,1,uniform,1;2;3;4,0.25;0.25;0.25;0.25,0.0007476629689335823,7.35083594918251e-05,0.0011995676904916763,0.0010080533102154732,0.006849793717265129,0.009884494356811047,0.003028792329132557,27,810,1,6,SAT_unsat_identifiable,1,boolean_factorization,exclude_x,exclude_x,0,1263,4875,0,1,1,0,0,0,0,1,1,1,0,0,0.007429211400449276
4,50,10,100,2349615021,12,conj,glucose42,MT19937-RandomState,0.0005784127861261368,00100100010010000001011011000001100010100100010101111000000100111000100011000010001100000100110001000100000000011011000000100001000001000111100100000001100001000000000010000000010000000010110000111100110010000000000100101000000111101000100000100000000000010110010100010100000000110010000101001100000110000000010010000000010101000001000000001010000001011010001011001000010101000000000100011000001001011100100001000101100000010110000000000011000000100000100001001101000100100000100100010010001010100010,dd018181eed3db869087b96c77f8a9e3791287af95e7ba995eb15734e6692ac2,row_sparsity,row_sparsity|conj|3ccb84496a|rng=MT19937-RandomState,,4,4,1,uniform,1;2;3;4,0.25;0.25;0.25;0.25,0.0008167689666152,7.258541882038116e-05,0.0012772157788276672,0.000989978201687336,0.008173252455890179,0.011336471885442734,0.0031565483659505844,29,696,1,6,SAT_unsat_identifiable,1,boolean_factorization,exclude_x,exclude_x,0,1421,5317,0,1,1,0,0,0,0,1,1,1,0,0,0.007142302580177784
4,50,10,100,2349615021,13,conj,glucose42,MT19937-RandomState,0.0005887830629944801,00010000011000000000000001100000001010000010000000011000001000010110011001100000101000001110000000000101000000000110000000001000010010010000110000011000100010011000110001000100000001000001100100110010001100000010110000100000100101110000000010000000010000000100011000010001100000000010000001000101101010000010000010000000000000000101000101010001010010000000011001000010101000000010101000100100001101010000001110000001001001000001001010010000001000000110100000110110101000000000011010001110000000001000,010e4c001bee13253524e8320d67af48270e39d7fe4d7d5f239cdbe68d9a2c97,row_sparsity,row_sparsity|conj|3ccb84496a|rng=MT19937-RandomState,,4,4,1,uniform,1;2;3;4,0.25;0.25;0.25;0.25,0.0007928181439638138,6.763916462659836e-05,0.00109055545181036,0.0009746570140123367,0.00987562071532011,0.012806985527276993,0.002925669774413109,24,878,1,6,SAT_unsat_identifiable,1,boolean_factorization,exclude_x,exclude_x,0,1076,4267,0,1,1,0,0,0,0,1,1,1,0,0,0.007216254249215126
4,50,10,100,2349615021,14,conj,glucose42,MT19937-RandomState,0.0005770698189735413,11000000100010000010000001000001000001011000010000010000010000011001000000000001100001000001100001100100110100000000010100011000011000000110000000011000100010010010001110000001011000001101001000000001000001000100000000010101000101000000100001001010000100100011001000000001010000010000010000000100000000010000110000110101010001100000000000101000101000001001101000000100000000010001001011100001100100010100000000000010100001000100001001001001000001101010101000010000000100001010000001000010100001010001,d4715c9341575323e208d14de194b8aecb1ea2d05b3d6624f15f040cb1b32960,row_sparsity,row_sparsity|conj|3ccb84496a|rng=MT19937-RandomState,,4,4,1,uniform,1;2;3;4,0.25;0.25;0.25;0.25,0.0006950804963707924,6.202608346939087e-05,0.0008967099711298943,0.000977332703769207,0.004871374927461147,0.007507758215069771,0.0026311492547392845,19,914,1,6,SAT_unsat_identifiable,1,boolean_factorization,exclude_x,exclude_x,0,841,3338,0,1,1,0,0,0,0,1,1,1,0,0,0.006642792373895645
4,50,10,100,2349615021,15,conj,glucose42,MT19937-RandomState,0.0005741696804761887,10000100001000000100001001100100000110000000010000000100100000001000000010000011100100000000110000000001000000000001001100010000001000001000010101010000000001000010000000001000110000000100000000000001001000000000000000010001001011000000010011000001000011010100000001101010011001000100000000000010000011000001000000100101000000100101010011000001000000010000000010100110000000010100010000000000010001000010001001010101100000001000000000010000110100010010000000001001010010000010010000100011101000000100,53401e5a8ec3ab24462925e6101d7757a3856bb94f35eb9620b6c0923188638f,row_sparsity,row_sparsity|conj|3ccb84496a|rng=MT19937-RandomState,,4,4,1,uniform,1;2;3;4,0.25;0.25;0.25;0.25,0.0006467746570706367,6.069708615541458e-05,0.000899038277566433,0.0009819995611906052,0.004799075424671173,0.007392766885459423,0.0025885095819830894,19,804,1,6,SAT_unsat_identifiable,1,boolean_factorization,exclude_x,exclude_x,0,861,3360,0,1,1,0,0,0,0,1,1,1,0,0,0.006327045150101185
4,50,10,100,2349615021,16,conj,glucose42,MT19937-RandomState,0.0005835872143507004,00010001001000000000001000000101001001101100010010001000000010000010010011100010011000000010100010101000100000100010000101100001000000100001000100100001001001100000000100001001100110010100000100000100000001001100000010010101000011000011010101010000000000000100000000001010010000100000100110010010000000001000101000100011000000010000000000011000000100000001011000001000001000000000101010000001000000100100001101000010000110000011000010010000000000101000000100000011010010001000000000000001000001001100,f1fed59ae9f8730a9e6cd29b1112920ef3bfe61441829d0f73390997d3d707f7,row_sparsity,row_sparsity|conj|3ccb84496a|rng=MT19937-RandomState,,4,4,1,uniform,1;2;3;4,0.25;0.25;0.25;0.25,0.0007116170600056648,6.379280239343643e-05,0.0009733010083436966,0.0009791944175958633,0.006079424172639847,0.008812988176941872,0.002727905288338661,21,930,1,6,SAT_unsat_identifiable,1,boolean_factorization,exclude_x,exclude_x,0,919,3692,0,1,1,0,0,0,0,1,1,1,0,0,0.006927182897925377
4,50,10,100,2349615021,17,conj,glucose42,MT19937-RandomState,0.0005815047770738602,00000001101110000000100000000100100000000101011000100010110000100000000001000000100000010001110010000001010010000101000100000001100101000010000010110000010000011101010000001000101001100000101000000000001010101000000111000110000000000001000000101000001000000101000000001010101010000000110000011100000000111001000000011100110000011000110011000000001000001110000100111100000000101000000000011000001001000000110000001000001000000010000011001000000101110010001010100010011000100100100100000001010001000000,5b3c546ed974d37a48a89c8ae8f6d6b49270aaa12bed9e52155f092c036f1563,row_sparsity,row_sparsity|conj|3ccb84496a|rng=MT19937-RandomState,,4,4,1,uniform,1;2;3;4,0.25;0.25;0.25;0.25,0.0007720170542597771,6.581749767065048e-05,0.0010194582864642143,0.0010043643414974213,0.0072130970656871796,0.010080917738378048,0.002861657179892063,22,790,1,6,SAT_unsat_identifiable,1,boolean_factorization,exclude_x,exclude_x,0,998,3913,0,1,1,0,0,0,0,1,1,1,0,0,0.006619106978178024
4,50,10,100,2349615021,18,conj,glucose42,MT19937-RandomState,0.0005879346281290054,00010100011000101010100101001000001000010101000110010011000101001101001010000110001001011000010000101001000100100000000000000000010111000010100000001010000100000000001001001000100100000100010001010000000000001001010100010110010000101100010000011000001000110001110010000000000001000110101000001010100000100011101001000000000010000000110100010000100000100000000001100010010010000001001000000010000000110010000000000000001010000000000000000100000110001100101110000001011000000011001000100010010000111100,74cdc560d6273aad5585535f510df9d3cacb158fc520dcecce60ae37ce0150de,row_sparsity,row_sparsity|conj|3ccb84496a|rng=MT19937-RandomState,,4,4,1,uniform,1;2;3;4,0.25;0.25;0.25;0.25,0.0008796015754342079,7.572490721940994e-05,0.0013257237151265144,0.0010193521156907082,0.0068651847541332245,0.010171402245759964,0.0033004023134708405,30,742,1,6,SAT_unsat_identifiable,1,boolean_factorization,exclude_x,exclude_x,0,1500,5538,0,1,1,0,0,0,0,1,1,1,0,0,0.0073888469487428665
4,50,10,100,2349615021,19,conj,glucose42,MT19937-RandomState,0.0005860896781086922,00000000100000000010110000000010001100010000100010001000000000000001001100101000110010100000011100000001100011010000100000001000011000000000101000010000010000000100000011100000001010010010101100010001000000001000100001001011000001100001000100110011000000110001000000001001011000000010100100100010100111001010000100000000010010100101000000001100010100010000001000100001000000000001001001000000000000100100000000101101000000000100001101001000000010011001001000100100000000100000000001100000000001000000,94cdde609191e91e61e4126472e773091589eb2f0adc2a685a16827a8bef716a,row_sparsity,row_sparsity|conj|3ccb84496a|rng=MT19937-RandomState,,4,4,1,uniform,1;2;3;4,0.25;0.25;0.25;0.25,0.0006332471966743469,6.0371123254299164e-05,0.0008593304082751274,0.0009964657947421074,0.00486121978610754,0.007415994070470333,0.002549414522945881,18,810,1,6,SAT_unsat_identifiable,1,boolean_factorization,exclude_x,exclude_x,0,832,3194,0,1,1,0,0,0,0,1,1,1,0,0,0.006290324963629246
4,50,10,100,2349615021,20,conj,glucose42,MT19937-RandomState,0.0005407277494668961,00001000001000110010010001000000111000000100000111010110000101000001000000010110110000010010000110000001010000000000100000010000000010000111000100101001000000000110001001000100001010101000000011100001000001010000000010001000001011100010000100000101010000001100100100000000101000100010001010000100010100100010000100010100100100010100010010010100000000000000000100000011100000111100000100000001000110010001000010000100000010110000010010010001000110100100100000000100111000000000100100010000110000000100,502e8d449b94addd4ebf86bd064dcf45b550088e9280c13c96c7c277abdbf746,row_sparsity,row_sparsity|conj|3ccb84496a|rng=MT19937-RandomState,,4,4,1,uniform,1;2;3;4,0.25;0.25;0.25;0.25,0.0007686065509915352,7.03074038028717e-05,0.0011313902214169502,0.000992010347545147,0.006239294074475765,0.009206700138747692,0.002962314523756504,25,870,1,6,SAT_unsat_identifiable,1,boolean_factorization,exclude_x,exclude_x,0,1175,4510,0,1,1,0,0,0,0,1,1,1,0,0,0.007348101586103439
4,50,10,100,2349615021,21,conj,glucose42,MT19937-RandomState,0.0005815746262669563,10000101010000100000000100011000011100100000111000100000010000001000000001001101010000010010001100011000000000100111000011000001100011010000000000001101000011000000000100000000010000000000100000010000000100110001000000001101000000000001110010000001001000010010000000100000000100100010000100010000100000100100000110010000110001010000000010000110010100100100100100000000100101100001001100001100000000010000010000001000101100110000110001000010100100000010000110011000000000010011000000010101010010001101,ad5b36578c295241603df0c2f1710d09829efb7907bff520f1e46c4274c67ed1,row_sparsity,row_sparsity|conj|3ccb84496a|rng=MT19937-RandomState,,4,4,1,uniform,1;2;3;4,0.25;0.25;0.25;0.25,0.0006907004863023758,6.084144115447998e-05,0.0008636238053441048,0.0009757541120052338,0.005147987045347691,0.007744520902633667,0.0025909198448061943,18,874,1,6,SAT_unsat_identifiable,1,boolean_factorization,exclude_x,exclude_x,0,822,3183,0,1,1,0,0,0,0,1,1,1,0,0,0.006361779756844044
4,50,10,100,2349615021,22,conj,glucose42,MT19937-RandomState,0.0005853576585650444,00100001011000000001010000001001001010000011001100000000100011000010000000000001001101010000001001000100010100001100010010000000010010100010000010001100100010000000000010000000000110010000001001010100000010000001010100000000000001000000000111100100000000111001101011000000000000011000000000000000100110000000100010010000001000001000010001001010000000010011001001100110000111000010010010000100001000000110001001000010101000000000100000110000001011001010010010000010000000000000001100100000100000100000,57edec6627e41069116ec2d9a8745efcaa74e57ebdb76686f6bb9963b978da90,row_sparsity,row_sparsity|conj|3ccb84496a|rng=MT19937-RandomState,,4,4,1,uniform,1;2;3;4,0.25;0.25;0.25;0.25,0.0006572920829057693,6.741005927324295e-05,0.001077881082892418,0.0009855236858129501,0.0056132422760128975,0.008407048881053925,0.0027881069108843803,23,769,1,6,SAT_unsat_identifiable,1,boolean_factorization,exclude_x,exclude_x,0,1097,4156,0,1,1,0,0,0,0,1,1,1,0,0,0.006695322692394257
4,50,10,100,2349615021,23,conj,glucose42,MT19937-RandomState,0.0005864091217517853,00000010100001100000101000000010000000000100011001000101001100001001000010000001011000011010001000101001000010001001000001001011001100010000010000011100000010001001001000010000010000000100010000010000000010010000000000010001100001100010100010001001001011000010110001001010000001000101000000001101000110100010010000010000100000000011010001000000100000000100000000000010100000001100000010001000000000110100010100000000010010001001010010010010000000110000110000001010010010001000100001101000011000011100,a5dbbe0ddd6e689a73eacb5e01150530231d492008ad84638a208c79b3adbbb3,row_sparsity,row_sparsity|conj|3ccb84496a|rng=MT19937-RandomState,,4,4,1,uniform,1;2;3;4,0.25;0.25;0.25;0.25,0.0008080275729298592,6.590038537979126e-05,0.0010901270434260368,0.000980038195848465,0.006916088052093983,0.009865503758192062,0.0029440931975841522,24,912,1,6,SAT_unsat_identifiable,1,boolean_factorization,exclude_x,exclude_x,0,1076,4267,0,1,1,0,0,0,0,1,1,1,0,0,0.007282007485628128
4,50,10,100,2349615021,24,conj,glucose42,MT19937-RandomState,0.0005829688161611557,00101011000000110110000000101001000000010000000001101000000000000110001010001000001011000000010000000100000000100100001001100101001010100010110011000010110000101101000001010110000000000001110000000001000000100000000001000000000111010010000110100000110100000001000000001100010001001000001000010000100011101000000011001010111000100000001001001000100001101000000101010101000000010001011000010001011000010010000000000000001010110010000000000101000001000011000011000010000000000010110000010111001010010010,374079939458202fc78f8463091ebb04cf1e74b16256525d58ed28a5e7ee35fe,row_sparsity,row_sparsity|conj|3ccb84496a|rng=MT19937-RandomState,,4,4,1,uniform,1;2;3;4,0.25;0.25;0.25;0.25,0.0007046675309538841,6.359349936246872e-05,0.0009372252970933914,0.0009828517213463783,0.005050607956945896,0.007744596339762211,0.0026883380487561226,20,886,1,6,SAT_unsat_identifiable,1,boolean_factorization,exclude_x,exclude_x,0,930,3570,0,1,1,0,0,0,0,1,1,1,0,0,0.006867130286991596
4,50,10,100,2349615021,25,conj,glucose42,MT19937-RandomState,0.0005709119141101837,01010001010010100000000101110000100000010000000100100010100110011001000011100100011100000011000100000000001010010000000100010000001001101000000000011101000100010100000000000010000000000000011000000100010000111000000011000000100000001010101000100000000110001100001001001110000011101000100000100001000010001000111011010000010010100000001101101001001001000000101100010000000100000100110110000010000000000000111100000100100000001000000000000010010000000110000001011000011000000011100100001001100100000011,9d8d117376131e2efe99d8297d05d317ee527c0ff78275fa3a23340a93f62637,row_sparsity,row_sparsity|conj|3ccb84496a|rng=MT19937-RandomState,,4,4,1,uniform,1;2;3;4,0.25;0.25;0.25;0.25,0.0008141109719872475,7.581990212202072e-05,0.0009759245440363884,0.0009836303070187569,0.006021023727953434,0.008876324631273746,0.0028494857251644135,21,873,1,6,SAT_unsat_identifiable,1,boolean_factorization,exclude_x,exclude_x,0,989,3769,0,1,1,0,0,0,0,1,1,1,0,0,0.013145712204277515
4,50,10,100,2349615021,26,conj,glucose42,MT19937-RandomState,0.0005841711536049843,11000110000010110010000000010100001000110000110010000000110000010101000111000000000000010010000010000011000100000000010100000100000100000000100100011000011010010100000010001001001000100010011000110000011000000000101001000000010000000000010000000011000110010001001001110010100000101101000000000000000100010001101000000100001010000001011000100110000001000001000000100000001000000100010010110001100010000100001000010000011001011100000001000001010000000010000000000000100101110000010000000001001100000110,11b3d2e3bf2a85053e41622fec80517666b9dfe943826f16e09ace13318d0929,row_sparsity,row_sparsity|conj|3ccb84496a|rng=MT19937-RandomState,,4,4,1,uniform,1;2;3;4,0.25;0.25;0.25;0.25,0.0008189883083105087,7.399450987577438e-05,0.0012405700981616974,0.0010049035772681236,0.006982273422181606,0.01012610923498869,0.003138456493616104,28,808,1,6,SAT_unsat_identifiable,1,boolean_factorization,exclude_x,exclude_x,0,1332,5085,0,1,1,0,0,0,0,1,1,1,0,0,0.007367493584752083
4,50,10,100,2349615021,27,conj,glucose42,MT19937-RandomState,0.0005810437723994255,00000010000100000000001001000100000000010001010000000000000100100011001110010000000101001001101000000000000010000000011100000000010000100000000000001000010101101000100010010000000000000010101001010001000110000000000000100011010100000000110000000001000000010000000100000001001100000100000001000000110000010000000000000100000001000000100011000010110000001100001000101010000001000001001000001100000001001011000001100011000010010100000000101101001101001000110000110010001000000001000000010100111100010000,0a2f6cbc13921d60ee9190e3b36922231b575c20f5e875f7a2ded95c890e0642,row_sparsity,row_sparsity|conj|3ccb84496a|rng=MT19937-RandomState,,4,4,1,uniform,1;2;3;4,0.25;0.25;0.25;0.25,0.0005917316302657127,6.443541496992111e-05,0.0009756814688444138,0.0009921770542860031,0.005029885098338127,0.007659962400794029,0.0026240255683660507,21,781,1,6,SAT_unsat_identifiable,1,boolean_factorization,exclude_x,exclude_x,0,989,3769,0,1,1,0,0,0,0,1,1,1,0,0,0.0065794289112091064
4,50,10,100,2349615021,28,conj,glucose42,MT19937-RandomState,0.000577826052904129,10000001000110100010100101010011100000000100001000100000101010100000110000000100100001100010010010000001100011111000001001000000111010100000000000000110000010001000110000011000010101010010100011000100011010010010001000010110001000001010100110100100010100111000000000000111100100000000100100000000100000100100000010100000000100101100001111000100101001000000100001011001000000001010100010110001110000010000000010100100000000010010001001100001101101000000010100000110000000000000000110001010000110000110,c2d94d15980e4f8ac1191e1ed86963b083f7e2ff425e9df5b1521c69cd650c61,row_sparsity,row_sparsity|conj|3ccb84496a|rng=MT19937-RandomState,,4,4,1,uniform,1;2;3;4,0.25;0.25;0.25;0.25,0.0009117098525166512,8.162576705217361e-05,0.0013187583535909653,0.0009904289618134499,0.007240772247314453,0.0105489706620574,0.00330252293497324,30,792,1,6,SAT_unsat_identifiable,1,boolean_factorization,exclude_x,exclude_x,0,1470,5505,0,1,1,0,0,0,0,1,1,1,0,0,0.007729499600827694
4,50,10,100,2349615021,29,conj,glucose42,MT19937-RandomState,0.0005889330059289932,01001000000000001000000011001000000110110000001010100100000000000101110011000000100100001001000011010100000000101000000000110100010001000111000001110010001100101011000000000000100000011000000111001000000001000000000110000001100100000010010001000010000010000000100001010000110000001001000110000110101010010001010000001100010000110010000100011001000000000001000001010000110000100000000010101010000000000001001010100001000100000000010100100000000001100111100100000000000100001010100000000010001000100000,b9d049bb7f89d9a5b46fd7c1d4250a46ca03e9ebf7444fba48983e798f233531,row_sparsity,row_sparsity|conj|3ccb84496a|rng=MT19937-RandomState,,4,4,1,uniform,1;2;3;4,0.25;0.25;0.25;0.25,0.0006856946274638176,5.929451435804367e-05,0.000866246409714222,0.0009975619614124298,0.004828393459320068,0.007442893460392952,0.002608797512948513,18,874,1,6,SAT_unsat_identifiable,1,boolean_factorization,exclude_x,exclude_x,0,812,3172,0,1,1,0,0,0,0,1,1,1,0,0,0.006378982216119766
4,50,10,100,2349615021,30,conj,glucose42,MT19937-RandomState,0.0006153378635644913,00010000000001010011000100011010111000000010000100100010001100001001100000100000001010101000000101000001110010100011010000100000000100000000001011000001010010101000011000001100100000100000000010100010001001000010011000010000000010110000100110000000000000000100000001101001001011001100000100000000101001010000110000010001100000001000010000101000101100000011100010000010000110001000000010000101000000000001001010010000111010101000000010000110000010000010000001010010010100101100010000001110010001000000,8a0ccc04dff176c4c1f53c23d019458995b550cf5db7aa291827a3f7fdd3f684,row_sparsity,row_sparsity|conj|3ccb84496a|rng=MT19937-RandomState,,4,4,1,uniform,1;2;3;4,0.25;0.25;0.25;0.25,0.0008216910064220428,6.903056055307388e-05,0.0010530902072787285,0.0010002376511693,0.00673641636967659,0.009686661884188652,0.0029440494254231453,23,872,1,6,SAT_unsat_identifiable,1,boolean_factorization,exclude_x,exclude_x,0,1067,4123,0,1,1,0,0,0,0,1,1,1,0,0,0.007021183148026466
4,50,10,100,2349615021,31,conj,glucose42,MT19937-RandomState,0.0005780234932899475,01100011001000010100000111000000000011000000100010011000110000100001000000100010100010000000010000100010000000000000001010010010100010000000000001001001101010000100000000000000010000001100010100100010010010000000101001000000000010000000001010010001101000000000001000011111100000100000110001000000010000011100010110101000000000111010010001001011010000101100000010100011000010010010001000100000100100000010010000010110000001100000000000000110100000000000000111100000100000110000110011000001100100001000,7c59f31cb18899c00d686a7edb9ef4d6671bf05be392f79752d2c479dea387b7,row_sparsity,row_sparsity|conj|3ccb84496a|rng=MT19937-RandomState,,4,4,1,uniform,1;2;3;4,0.25;0.25;0.25;0.25,0.0006706109270453453,6.127823144197464e-05,0.0009345822036266327,0.000998225063085556,0.005780051462352276,0.008451191708445549,0.0026646964251995087,20,589,1,6,SAT_unsat_identifiable,1,boolean_factorization,exclude_x,exclude_x,0,920,3559,0,1,1,0,0,0,0,1,1,1,0,0,0.006034419871866703
4,50,10,100,2349615021,32,conj,glucose42,MT19937-RandomState,0.0005850037559866905,01000000100000001000000001001100000001001010010000000010100100000000101000010011010001000011110000000000001100001000001000000011000011010100010100100100001100110000000100010000010101100000000011000101110000000000000010000001001100000011000101000001010011000100000010001100000010000000000001001010110001000001000010010010000100000010011010000001010010010010001010110000010001010000110001000110010000010000100000010001001100101000001000001011101100100001000010001000101000010001001100100000000000101101,5a49f66c0bb5c7b1dfd3d1e801c7907831a3d202946e1e660175d4ea3d45dcd1,row_sparsity,row_sparsity|conj|3ccb84496a|rng=MT19937-RandomState,,4,4,1,uniform,1;2;3;4,0.25;0.25;0.25;0.25,0.000729667954146862,6.59869983792305e-05,0.0010534320026636124,0.0009830258786678314,0.006015876308083534,0.008854356594383717,0.0028321128338575363,23,886,1,6,SAT_unsat_identifiable,1,boolean_factorization,exclude_x,exclude_x,0,1047,4101,0,1,1,0,0,0,0,1,1,1,0,0,0.007197096012532711
4,50,10,100,2349615021,33,conj,glucose42,MT19937-RandomState,0.000596463680267334,00010100000000000010000000110000101000000000110000000001000000010101100000000110100000001100100000110000000010000001000111010010000010000111010000000000100011010010000000101000001001000000000110100000100000101000000101100000011011000000001000000000010000000010000000010000011000010010100000001011000000001000010000101110000000000100100100000101000010000000001001100101000100100001000100100100010010101000000110100100110000001010000000011001000000001100001010000110000000000100001000010010000010000000,7c011a5f31ccadce287d4d44fd02cfd8bc4428f191c30a91b1cf724ef9a59f0f,row_sparsity,row_sparsity|conj|3ccb84496a|rng=MT19937-RandomState,,4,4,1,uniform,1;2;3;4,0.25;0.25;0.25;0.25,0.0006643300876021385,6.48079439997673e-05,0.0010135229676961899,0.00099212396889925,0.006085921078920364,0.00882707815617323,0.0027347849681973457,22,736,1,6,SAT_unsat_identifiable,1,boolean_factorization,exclude_x,exclude_x,0,998,3913,0,1,1,0,0,0,0,1,1,1,0,0,0.006529822014272213
4,50,10,100,2349615021,34,conj,glucose42,MT19937-RandomState,0.0006034728139638901,00001010101111000000000100101000100010001100001000000111010000001001100000110010000001000000010000000010100001100000110000000110000101000000000001000101010001000100000000001000010010011100000000001000011010100010010100000101001000101000101001000000001000000000000010000010000001001001100001001001011000100000000001001100000010000001000000111000000000010011000100000100000000011000000100000000000000100000000010010100001100101000000000110101000000001001000000011000010110100000100000011000100000001010,51a05d909d4c488cf71f25bcce87ee6a7da6d59b52f1181989913725528c32a6,row_sparsity,row_sparsity|conj|3ccb84496a|rng=MT19937-RandomState,,4,4,1,uniform,1;2;3;4,0.25;0.25;0.25;0.25,0.0006856871768832207,6.0061924159526825e-05,0.0008990326896309853,0.0009945742785930634,0.005528228357434273,0.008173136040568352,0.002639356069266796,19,891,1,6,SAT_unsat_identifiable,1,boolean_factorization,exclude_x,exclude_x,0,861,3360,0,1,1,0,0,0,0,1,1,1,0,0,0.006555555388331413
4,50,10,100,2349615021,35,conj,glucose42,MT19937-RandomState,0.0005708755925297737,10000100010100000010000010000100000001010000001000010001001100010000001010101000000000100000000101101011010000100010110010000000000000100000110100010010000100010000001110011010000010100000000101100000110000001000000000010101000000101000000000000011010100000011010101000001000000000010100011000010010000000010010000001000010001100011001000000000101011100000111000000000010000010100000100000001000000100000110010000110001001001000111000010000100000000000001010000000011000000001010000000000110010101000,4a507e7502a3f82303fb818dfbbf2e3f71abf16d170185e6dabf3a7d25192c77,row_sparsity,row_sparsity|conj|3ccb84496a|rng=MT19937-RandomState,,4,4,1,uniform,1;2;3;4,0.25;0.25;0.25;0.25,0.0007530637085437775,6.75516203045845e-05,0.0010917969048023224,0.000987171195447445,0.007148804143071175,0.010054009035229683,0.0028995834290981293,24,791,1,6,SAT_unsat_identifiable,1,boolean_factorization,exclude_x,exclude_x,0,1106,4300,0,1,1,0,0,0,0,1,1,1,0,0,0.006829023361206055
4,50,10,100,2349615021,36,conj,glucose42,MT19937-RandomState,0.0005797762423753738,00000000100101001010101000000101000000000110000000000000100010011100000000100000010000000001000110000000010000100001110000001001000011000000000001010000000000010100000110100000010001010001000100100001100100000001110001000000000001001110000100100000000101010001000011000000100101001100000101010011000010000010001001010010010100000010000001000000000001010010000100101100010000011100101000000001010100001100000001010010000010100000000000000001000000100000000010101000000000110000000000000000101000000000,c08f351566e8e250b7cd25c4f09523f9f8668d4d73ced7fd68698140641575f3,row_sparsity,row_sparsity|conj|3ccb84496a|rng=MT19937-RandomState,,4,4,1,uniform,1;2;3;4,0.25;0.25;0.25;0.25,0.0006306078284978867,5.851220339536667e-05,0.0007822783663868904,0.0009841304272413254,0.003925296477973461,0.006386151537299156,0.002455528825521469,16,928,1,6,SAT_unsat_identifiable,1,boolean_factorization,exclude_x,exclude_x,0,664,2741,0,1,1,0,0,0,0,1,1,1,0,0,0.006271915510296822
4,50,10,100,2349615021,37,conj,glucose42,MT19937-RandomState,0.0005808975547552109,00000100111000100110011000000010100100011001000101000010000001100000001100100000010010000000010111000000110011101010100010011100000011001010100100101000000010001000000000001001000000010001000100100100001100000100010110000001100100000000011011000010001110000100100000000001001010000010100010100010011000110011000000111001000100000010110000101001000101001000000000010000000001011000100000100000010000000001101010001010010000110101000100010101100010000010001001010000100101010001000010010001101000110010,6cd67490644739c025180d906291a0b03ea5cafbefa5c433408e29f7fe754425,row_sparsity,row_sparsity|conj|3ccb84496a|rng=MT19937-RandomState,,4,4,1,uniform,1;2;3;4,0.25;0.25;0.25;0.25,0.0008445130661129951,7.607415318489075e-05,0.0013224110007286072,0.0009880829602479935,0.009613238275051117,0.012850651517510414,0.0032310811802744865,30,700,1,6,SAT_unsat_identifiable,1,boolean_factorization,exclude_x,exclude_x,0,1520,5560,0,1,1,0,0,0,0,1,1,1,0,0,0.007414243184030056
4,50,10,100,2349615021,38,conj,glucose42,MT19937-RandomState,0.0005761608481407166,00000000011000000000111000001000001000001100001010101100000100010000000000110000001001001100111000001100010100100100000010000000001011000000001000100101101010000011010000100001000000010100001000101000100000010000000110001000100100000010010010101010000011110000100000011110000000000101010010000000001001000100000110001000100000000000000011100000000100001000100101101000101000100011001001000001000011000010000101000011000001100001000000000001010110001000000100000000001000001001100011001001000000000010,120c99365a8fb362f583903795cb93c19b3e7cbaf7a060dbc47a7fbe4c9669f4,row_sparsity,row_sparsity|conj|3ccb84496a|rng=MT19937-RandomState,,4,4,1,uniform,1;2;3;4,0.25;0.25;0.25;0.25,0.0007249442860484123,6.652809679508209e-05,0.0010469118133187294,0.0009822845458984375,0.006026259623467922,0.008852548897266388,0.0028206687420606613,23,886,1,6,SAT_unsat_identifiable,1,boolean_factorization,exclude_x,exclude_x,0,1107,4167,0,1,1,0,0,0,0,1,1,1,0,0,0.007192846387624741
4,50,10,100,2349615021,39,conj,glucose42,MT19937-RandomState,0.0005722753703594208,11000000101001000101000001000000000010000000001000010001011000001010000000000001000000000100001000111100000000000001001000000000111010011000000000100001000010000000000100000001010001100000000011100001010000010000000010000101001000101000001001000000000110000100000000010000000001010000001000100000001000100000001010000010011001001010110000100000010000001010010000100110001110000010000010100010000000000001001000100000000001000110000000100000000000011100001000100100110000000100010001000000101000101100,48ed32ca8c528e99d30b5bae16dc84db96d32bf20be8de6a2f42ae61883c9ae5,row_sparsity,row_sparsity|conj|3ccb84496a|rng=MT19937-RandomState,,4,4,1,uniform,1;2;3;4,0.25;0.25;0.25;0.25,0.0006584702059626579,5.865003913640976e-05,0.0008189994841814041,0.0009829578921198845,0.0052384277805686,0.007763216271996498,0.0025190776214003563,17,910,1,6,SAT_unsat_identifiable,1,boolean_factorization,exclude_x,exclude_x,0,723,2940,0,1,1,0,0,0,0,1,1,1,0,0,0.00633115042001009
4,50,10,100,2349615021,40,conj,glucose42,MT19937-RandomState,0.0005460856482386589,01000000000010110000011001000000000100100001010000101100010000000101010100000000010100000001000100001000010110011000000110001011000000010001000000001001001100100111100000001101001000010000100001000011010000010100011100000011001000000000110000101100001001010010000101000100100110100000110000101000100000100100010100100010100101010000111010001000100000010000110101101001000010000001000100110010101001001001110000100001101000000000101000000000010001110011000010010100101100000100000000011010100100000000,eccc7fa23a79056ede4c9791dd46ee92ca98a2ca0fb79b601cd9ac8c370efa15,row_sparsity,row_sparsity|conj|3ccb84496a|rng=MT19937-RandomState,,4,4,1,uniform,1;2;3;4,0.25;0.25;0.25;0.25,0.0009048022329807281,8.610915392637253e-05,0.0014353478327393532,0.0010008690878748894,0.013314981944859028,0.016748815774917603,0.0034271283075213432,33,700,1,6,SAT_unsat_identifiable,1,boolean_factorization,exclude_x,exclude_x,0,1687,6146,0,1,1,0,0,0,0,1,1,1,0,0,0.007696341723203659
4,50,10,100,2349615021,41,conj,glucose42,MT19937-RandomState,0.0005987063050270081,11000000010001101000000001001000000000100000100000010000000001110010001100000100100010011000000000110110100010000010000001101000010010000000001000000000000000010100001101000011000110000111000100000000001010100000110100001100000101000100000001000000000000001000000000100000000000100001100010110000000000010000000110001001100001000010000010001000000011111000000000000000111000011001001100100110101001000000001001100010000000000000010100000111001000010000010110001001000000011100100010000011000000010000,62b36515109e01998680b846aa42e0513fd627792d1ea782732646155e3d8c0b,row_sparsity,row_sparsity|conj|3ccb84496a|rng=MT19937-RandomState,,4,4,1,uniform,1;2;3;4,0.25;0.25;0.25;0.25,0.0006337696686387062,6.342306733131409e-05,0.0009331414476037025,0.001004084013402462,0.0049913665279746056,0.007631899788975716,0.002634418196976185,20,887,1,6,SAT_unsat_identifiable,1,boolean_factorization,exclude_x,exclude_x,0,890,3526,0,1,1,0,0,0,0,1,1,1,0,0,0.006907245144248009
4,50,10,100,2349615021,42,conj,glucose42,MT19937-RandomState,0.000593443401157856,00000010000001100000000001100001011000100010001001001000010000000001100010000000000000000100000100100101000000100000011010000000010001000100100110100000000010000010010001000110100010010001001010010000111000100010100000000001010000001000010100100010101000001010010100010100000010000100000001000100110010000000011010001000000110100110000001010010001000010010000010000100010000110000000010010001000100000010100011000100010000110100000011011000011000100100001010000101010100001010110000000000100011000000,7b872e60a0425677daf3a1f975906f9642a3ac2aaccbf1c785c516f5b5b7dfab,row_sparsity,row_sparsity|conj|3ccb84496a|rng=MT19937-RandomState,,4,4,1,uniform,1;2;3;4,0.25;0.25;0.25;0.25,0.0008873268961906433,0.00010026991367340088,0.001354895532131195,0.0009964928030967712,0.014498889446258545,0.017843968234956264,0.0033389851450920105,31,898,1,6,SAT_unsat_identifiable,1,boolean_factorization,exclude_x,exclude_x,0,1399,5561,0,1,1,0,0,0,0,1,1,1,0,0,0.008110690861940384
4,50,10,100,2349615021,43,conj,glucose42,MT19937-RandomState,0.000590701587498188,10000000001000000010001000000100100001100100010101000100000000000000100010000000001001000001010000000100001011000010000010110000100001001001100000001000000001000000001000000001000110010000000100011000001100110000010010110000101010100000000000010001010010000100000000100101000000011001010000000001010110101010000100000000100000000010000011010010100101000010100000000000011001000011100001000000010000000100000000101000010101011000000000000001010010010001010000000100000100000000001000001011001010001001,5189ddc8763309e9085aa923e8020c7b7767238510dd111fd992098bc4931b20,row_sparsity,row_sparsity|conj|3ccb84496a|rng=MT19937-RandomState,,4,4,1,uniform,1;2;3;4,0.25;0.25;0.25;0.25,0.0006004180759191513,5.4514966905117035e-05,0.000666285865008831,0.0009944085031747818,0.003958228975534439,0.006279515102505684,0.002315627411007881,13,976,1,6,SAT_unsat_identifiable,1,boolean_factorization,exclude_x,exclude_x,0,527,2188,0,1,1,0,0,0,0,1,1,1,0,0,0.005955914035439491
4,50,10,100,2349615021,44,conj,glucose42,MT19937-RandomState,0.0005908431485295296,00001010000000100100000001000000000100001010010100001100001010100110000000010001000011010000001011001010110000100010001100000000010110000000000010000001001110000010000111111000000100000001010010000101001100000000010100010100000000000001011000100000100000100000000010011000000000010010000011001000010010100100101100000000000010101000000110001001000010000100000000001001011101000010001100100110010000000110000101010000110100000100000010010000001010100000100100100100000100000101000000001000000000010101,ca00a0461d911003f5a2c62f7ac3deb6fcb20e32630b776e0e5beb38ce35ea5d,row_sparsity,row_sparsity|conj|3ccb84496a|rng=MT19937-RandomState,,4,4,1,uniform,1;2;3;4,0.25;0.25;0.25;0.25,0.0008224816992878914,7.353629916906357e-05,0.001273120753467083,0.0009764675050973892,0.007494949735701084,0.010646715760231018,0.003145606257021427,29,779,1,6,SAT_unsat_identifiable,1,boolean_factorization,exclude_x,exclude_x,0,1371,5262,0,1,1,0,0,0,0,1,1,1,0,0,0.0074297282844781876
4,50,10,100,2349615021,45,conj,glucose42,MT19937-RandomState,0.000586358830332756,00100110011000000000110000110010100001000000010010000010011000000110110001011000100000000000000100000000100000000000011101000110011100011000110000000000000000011010100000001100000110000000110000000100100000000000011000100000011110001000000001010000001010001100001110000010001000001001100000000001010101000000000000001000000000011000000001000000010010110000000000001000010000101001010010000000000100100100010100110000110001000100011010001000100100000011000101000000001000000000000110010000000010001010,0576492629d7794939cda6c06374a6882343fefaef79473778b8cf701d0824b1,row_sparsity,row_sparsity|conj|3ccb84496a|rng=MT19937-RandomState,,4,4,1,uniform,1;2;3;4,0.25;0.25;0.25;0.25,0.0006566131487488747,6.11916184425354e-05,0.0008613001555204391,0.0009816987439990044,0.005000721663236618,0.007567397318780422,0.0025608036667108536,18,927,1,6,SAT_unsat_identifiable,1,boolean_factorization,exclude_x,exclude_x,0,782,3139,0,1,1,0,0,0,0,1,1,1,0,0,0.006528414785861969
4,50,10,100,2349615021,46,conj,glucose42,MT19937-RandomState,0.0005890112370252609,00000001110010000000010010001100000011000001010011001000011110010100000000001001000010000000000101110011000000000000100000000010000001100100000000100010000101000011000000010100000000000010010001000000000000110100001010000010010000011000000010000000000100000000000110100100100000000000000100000000000110100010001010010010000000110001000001001000000010000110100100000000111001000101001010100010010000110001011000000101000000000011010000000010000001000000000011000100001010000011100000000100010110001000,16e6de7f26450e97187214b5d94dec6821e41a4eda03afe8b5afa51b1242d30b,row_sparsity,row_sparsity|conj|3ccb84496a|rng=MT19937-RandomState,,4,4,1,uniform,1;2;3;4,0.25;0.25;0.25;0.25,0.0005319267511367798,5.0906091928482056e-05,0.0,0.0,0.0,0.0005871504545211792,0.0005828328430652618,10,1024,1,4,identity_submatrix_identifiable,0,,,exclude_x,0,0,0,1,0,1,0,0,0,0,1,1,1,1,0,0.005525631830096245
4,50,10,100,2349615021,47,conj,glucose42,MT19937-RandomState,0.0005770549178123474,00001000000001100101000010000000100000000001001000000001011100010000000010000000000001000010001100100000100001000101001000100010000011000000100011000000010101000111000010011000001001001011000000010000000000100100100000000110000010001100110010010000010011001100010001010001000101001100000010010010000100101001100000001101000100001011000100100110000100000000001011000101000001010100000110011000111010000000000001100000000001000000011111000000100100100100000110101110001000010110010000100101000010001001,2b7c91d7a3f01339e97ee072ea0936ec3278ff5731932faaf1cf3a8af4e9947e,row_sparsity,row_sparsity|conj|3ccb84496a|rng=MT19937-RandomState,,4,4,1,uniform,1;2;3;4,0.25;0.25;0.25;0.25,0.0008248072117567062,7.311999797821045e-05,0.001241828314960003,0.0009861849248409271,0.0071314554661512375,0.010262895375490189,0.0031259404495358467,28,820,1,6,SAT_unsat_identifiable,1,boolean_factorization,exclude_x,exclude_x,0,1382,5140,0,1,1,0,0,0,0,1,1,1,0,0,0.007356584072113037
4,50,10,100,2349615021,48,conj,glucose42,MT19937-RandomState,0.0005755173042416573,10100101001010010100010100010100000010010000001001101000001100100110010000010100010001100100101000000100101010010100000110000000110010000010001000100100100001001000010100110000000010000000000011010100100110000011100000011000001011011000110000010100000000101101001010010000000010000000010000100001100010000000100000101000000100001100001000000001010000000011001100010000001010001100100010110000100001000000000001000000000100000100001000110100001010001000110101001010011000001000000000000001000010110100,2e079c122b7929b1599da0264cc8d91e4c0a27c4431e0f8680b6de8f75ec450c,row_sparsity,row_sparsity|conj|3ccb84496a|rng=MT19937-RandomState,,4,4,1,uniform,1;2;3;4,0.25;0.25;0.25;0.25,0.0006805304437875748,5.817972123622894e-05,0.0008216192945837975,0.0009939689189195633,0.004133765585720539,0.006693504750728607,0.0025542983785271645,17,837,1,6,SAT_unsat_identifiable,1,boolean_factorization,exclude_x,exclude_x,0,783,3006,0,1,1,0,0,0,0,1,1,1,0,0,0.006282303482294083
4,50,10,100,2349615021,49,conj,glucose42,MT19937-RandomState,0.0005891341716051102,00010000000001001010100001100100101000000000101010001010010100000110010000000100000110000000000010000010010110000010000010000001011100100001100100000000000010000010000000100010000100110000000010011100100000100000101000010110100001001110000000000000010000100100100011000011100001000100011010001000000000001001000000101110101010001000001000010010000001001100011000000100001011000000000000000110110000010101101000010000010010001010100100000001101001001000100000001011001000000000001010000000010001100001,2323620adb379b9ac5bd30b5b6b98e593a9f7b8c2ba4b7df5cbb48e72052dee8,row_sparsity,row_sparsity|conj|3ccb84496a|rng=MT19937-RandomState,,4,4,1,uniform,1;2;3;4,0.25;0.25;0.25;0.25,0.000681072473526001,6.250571459531784e-05,0.0008950075134634972,0.0010014353320002556,0.004754900000989437,0.007400818169116974,0.0026400210335850716,19,898,1,6,SAT_unsat_identifiable,1,boolean_factorization,exclude_x,exclude_x,0,871,3371,0,1,1,0,0,0,0,1,1,1,0,0,0.006803120486438274
4,50,10,100,2349615021,50,conj,glucose42,MT19937-RandomState,0.0006001526489853859,11000100001000100101010000110100000000010011110000000000010100010101000010010001110001010011000010100001000000001010101000000000100000101110000110000000101010010100110010010001101000000100001000000011000000010000010011000000001010010101000011001000011000000000000000001000001000001000100000000001001101000010010000010111011001000000001010010000010111010000110110101000001010001010010001001100111001000001001000000010100010000000010010100001100001001000000100101100100000001000100100000001000011010010,188fc65c73b89770aeecccd1d45edaaca1cd6e4d4b402b26f9931de2fd8d6ad8,row_sparsity,row_sparsity|conj|3ccb84496a|rng=MT19937-RandomState,,4,4,1,uniform,1;2;3;4,0.25;0.25;0.25;0.25,0.0008283983916044235,0.00010150298476219177,0.001252535730600357,0.0009776819497346878,0.006816735491156578,0.009983586147427559,0.00316011905670166,28,771,1,6,SAT_unsat_identifiable,1,boolean_factorization,exclude_x,exclude_x,0,1392,5151,0,1,1,0,0,0,0,1,1,1,0,0,0.007313656620681286
4,50,10,100,2349615021,51,conj,glucose42,MT19937-RandomState,0.0005851145833730698,00110010100000010000100000011000000100000001011000101001010000000010000100000000000010000101101001000000111001000010000001110000100000101100100010000110001010101010000000010000000110100000010101000100000000100000110000000000001100001010011000000010000100000110000000001000011000001100000000111001000010100010100001000000001000000001000100000010111000011001000100010100101001001001000000110000100000000000001001000100000100000010000011000100000000000100001100110010000010100000001011000100000001001001,45da8a3aba85f873f292dd7fa00676f2190ee0fa90e9a1b065dd5d7c990dad1f,row_sparsity,row_sparsity|conj|3ccb84496a|rng=MT19937-RandomState,,4,4,1,uniform,1;2;3;4,0.25;0.25;0.25;0.25,0.0006817299872636795,6.39595091342926e-05,0.0009847646579146385,0.0009781261906027794,0.005510936491191387,0.008225413970649242,0.00270858034491539,21,906,1,6,SAT_unsat_identifiable,1,boolean_factorization,exclude_x,exclude_x,0,969,3747,0,1,1,0,0,0,0,1,1,1,0,0,0.0069567859172821045
4,50,10,100,2349615021,52,conj,glucose42,MT19937-RandomState,0.0005867630243301392,11000010100000010000000100000000010000000101000011010100010100100011000000001000000010100000000100001001000000010000001001000011000001110010000100000000001000110001010000111010000010101000010100000101000110000000000001100101101000100001110010000110000000100000000001000001000100100010001010000100000000000010001100010001001110000000011000110000110000010000010101000000000001101000001000001000001000001000000110000010100111100000000010000011011000000010000110100000101000110000010100000000100100101000,c7cf177351359cc48880e33031464a883c41ad4876689232830f21aef3a3d5ae,row_sparsity,row_sparsity|conj|3ccb84496a|rng=MT19937-RandomState,,4,4,1,uniform,1;2;3;4,0.25;0.25;0.25;0.25,0.000699835829436779,6.861425936222076e-05,0.001171092502772808,0.0010028574615716934,0.006661648862063885,0.009609561413526535,0.0029424000531435013,26,711,1,6,SAT_unsat_identifiable,1,boolean_factorization,exclude_x,exclude_x,0,1274,4753,0,1,1,0,0,0,0,1,1,1,0,0,0.007031170651316643
4,50,10,100,2349615021,53,conj,glucose42,MT19937-RandomState,0.0005890317261219025,00001000001011001000000100000001001001101101000000110001010000110000010110010010011100001000000001001000101001101000000001001001100001010010100100001110010010101000001010010011100010000000100100110010110101000011010001000100010100001101010010000000000001000010000100010110000000000000100010101000000010001100010010000000001000000010010001100000000100000100010000001001010000011000000000110111000001010100100001100001011000100101001101000000010000011000010110101000000011000000100000010100000000000100,99177cedf3a250a8fbfa379f8d0a8448a64f98a05840a31638b2445bf497bb84,row_sparsity,row_sparsity|conj|3ccb84496a|rng=MT19937-RandomState,,4,4,1,uniform,1;2;3;4,0.25;0.25;0.25;0.25,0.0008652443066239357,7.367506623268127e-05,0.0012791240587830544,0.0009955549612641335,0.009340779855847359,0.012560823932290077,0.0032135983929038048,29,752,1,6,SAT_unsat_identifiable,1,boolean_factorization,exclude_x,exclude_x,0,1431,5328,0,1,1,0,0,0,0,1,1,1,0,0,0.007456737570464611
4,50,10,100,2349615021,54,conj,glucose42,MT19937-RandomState,0.000614251010119915,11000000110100100000000000010110000000011000000110000000101011010010000011000100101100000001100010010011001000001011100001001000111000110010000000000100000100000010100000000000010100010000000100000000001011010000001001000000100100100011100001010101001000011010010110010000010000100101100001010100000000011100000100100000001000000101100001010000001001100010010010011000011100100000001000010010000100000100000111011000100011000000100000001000001000010000000110000011011000100001000010010100011100000100,adbafae60cd6093378e90a98a330b730c28fa86beb70db79c6fa3669383e5190,row_sparsity,row_sparsity|conj|3ccb84496a|rng=MT19937-RandomState,,4,4,1,uniform,1;2;3;4,0.25;0.25;0.25;0.25,0.0008745109662413597,8.007697761058807e-05,0.001354067586362362,0.0009938953444361687,0.007872164249420166,0.011181820183992386,0.0033025508746504784,31,854,1,6,SAT_unsat_identifiable,1,boolean_factorization,exclude_x,exclude_x,0,1489,5660,0,1,1,0,0,0,0,1,1,1,0,0,0.00810310523957014
4,50,10,100,2349615021,55,conj,glucose42,MT19937-RandomState,0.0005897879600524902,10100000000010000000001000000001000101010000011000100000101100100101000000110100100001000000001000101000001001000101100110101000100000010010010100000100000100001000001000001000101000100010110001000100000001010000001000001000000000000000010000000100000000000100110000000000000001110000110000001000100101101000100000000001010101010000100110100010000101000000111001100000010010010011000000100000000001001001010010000110101000000100001010000001101000110001000000000001000000000001000000000001100000010000,fa512c92131e148abfaf91ddf975bc9bf3f42fcf81a3cf454d0b5c8aa90d901a,row_sparsity,row_sparsity|conj|3ccb84496a|rng=MT19937-RandomState,,4,4,1,uniform,1;2;3;4,0.25;0.25;0.25;0.25,0.0006493879482150078,5.541369318962097e-05,0.0007044598460197449,0.0009936988353729248,0.004997787065804005,0.007406442426145077,0.0024029603227972984,14,980,1,6,SAT_unsat_identifiable,1,boolean_factorization,exclude_x,exclude_x,0,586,2387,0,1,1,0,0,0,0,1,1,1,0,0,0.006146660074591637
4,50,10,100,2349615021,56,conj,glucose42,MT19937-RandomState,0.0005802270025014877,00001000000010001000000001000001100110001000111000001000010010000001001100000101011100001000010010110100001100101000000110000010010100000000001000000001001000000000000100100000011000000000100000001000001000000000010010110100000000010000000010100000100010000001100000000000100001000110001010000101000000001001000000000100000100000000010110100000110101110100100000000101010000100000000001110101000110010000010000010000110000000101000100101100100110100010000110001000010100001000101100100000100100000100,2e62eda8ba0e1b93f05dbffef75299d033408dbdbc356ee8f8bed811a15868b0,row_sparsity,row_sparsity|conj|3ccb84496a|rng=MT19937-RandomState,,4,4,1,uniform,1;2;3;4,0.25;0.25;0.25;0.25,0.00062511395663023,5.557015538215637e-05,0.0007461477071046829,0.0009921872988343239,0.0039153024554252625,0.006339753046631813,0.002419019117951393,15,906,1,6,SAT_unsat_identifiable,1,boolean_factorization,exclude_x,exclude_x,0,675,2619,0,1,1,0,0,0,0,1,1,1,0,0,0.006113090552389622
4,50,10,100,2349615021,57,conj,glucose42,MT19937-RandomState,0.0005845148116350174,01000001101010000001110000110001000100010001100000010000000100000000010001110000000001000000010010001000100100010000001000000000100101100001000101001100010100000010000100010010000100010001111101000000001100100100100001100110100000101011000000000001100100101001000000000100010000010010100000000001000000000011011010000001000010000000000000100100000111000110000101000000000000110000000000100101100010101010100000000000111101000010001010000001000110010000010000000100100000100000101010101000001101000001,64b42c4cab3f261804bd5ba101e4773ba7bfed16941048cfb9ff9a026c90afae,row_sparsity,row_sparsity|conj|3ccb84496a|rng=MT19937-RandomState,,4,4,1,uniform,1;2;3;4,0.25;0.25;0.25;0.25,0.0007247831672430038,6.470270454883575e-05,0.0010148463770747185,0.0009950827807188034,0.007285496219992638,0.010090462863445282,0.0027994150295853615,22,756,1,6,SAT_unsat_identifiable,1,boolean_factorization,exclude_x,exclude_x,0,1028,3946,0,1,1,0,0,0,0,1,1,1,0,0,0.006635639816522598
4,50,10,100,2349615021,58,conj,glucose42,MT19937-RandomState,0.0005808984860777855,10001100100000110010000000010000100000010000100001000000010010000000000000001000100000000000000001110010001010000000001001000000000010000000001000000001011010000110000010000000001110010001010001000000000100011100100001010000010000010010000110000000001000010010011101000010110000010011110000101001100010000000001100110000010000001010110010000010011000001100000001000000010010000000000011010000000000100010010001010000000000000101000010011000000100000000010010101100101000100001010001000000100100000000,95c4aec8affb6002b45165c0c2ca3263f7fb20817baa352ebec2b3d834fd12ef,row_sparsity,row_sparsity|conj|3ccb84496a|rng=MT19937-RandomState,,4,4,1,uniform,1;2;3;4,0.25;0.25;0.25;0.25,0.0006311489269137383,6.0424208641052246e-05,0.0009008282795548439,0.000982087105512619,0.006809839978814125,0.009390179999172688,0.0025744885206222534,19,875,1,6,SAT_unsat_identifiable,1,boolean_factorization,exclude_x,exclude_x,0,881,3382,0,1,1,0,0,0,0,1,1,1,0,0,0.006618489511311054
4,50,10,100,2349615021,59,conj,glucose42,MT19937-RandomState,0.000588584691286087,01100001000000100100010000110000000100100000100110101001000000000000010000000010000011110010011010000000001000011010100000110000110000100000000000100100000010000110000100000100110000000100001001100001100000000000001000000000100000001001001000000010010000011101010100010100000010011000001011000000110010101000010001011000000010110101000011000010001000001000101010000000010000010000001100100001110000000000000110000010110100100000000100000011000010101000100000000000010110001000000000000001000000000100,58bf1cb4cc66dc8fa75780a61be935d4f2d99f52a5b130a3e5cc34875e99810c,row_sparsity,row_sparsity|conj|3ccb84496a|rng=MT19937-RandomState,,4,4,1,uniform,1;2;3;4,0.25;0.25;0.25;0.25,0.0005746409296989441,6.766896694898605e-05,0.0009327037259936333,0.0010038800537586212,0.012066020630300045,0.014650856144726276,0.0025788936764001846,20,731,1,6,SAT_unsat_identifiable,1,boolean_factorization,exclude_x,exclude_x,0,970,3614,0,1,1,0,0,0,0,1,1,1,0,0,0.006254576146602631
4,50,10,100,2349615021,60,conj,glucose42,MT19937-RandomState,0.0005471482872962952,00001011010001000000000010000000010000101000001010100110000000000001000100100001001110010001100000001001001000100010000000010000100000010000100000011000101000010000101000100010100010001001010000000101001000101000100000100000000001000100110110001000011000100000100000001000000110100010010011000010110000000001001000000000010101000101100100100001000000100000000001000001010111001000100000010000110010001000101100000001000001110000000010000000100111000000001100100010100100000001100000001000001001100000,d67ced2361089ddc2f4ed0cb2a29c1e249f198bd740e51a59ce2dcc61e41e6a2,row_sparsity,row_sparsity|conj|3ccb84496a|rng=MT19937-RandomState,,4,4,1,uniform,1;2;3;4,0.25;0.25;0.25;0.25,0.0007695220410823822,6.910786032676697e-05,0.0010527996346354485,0.0009969472885131836,0.006002985872328281,0.008897392079234123,0.0028883768245577812,23,813,1,6,SAT_unsat_identifiable,1,boolean_factorization,exclude_x,exclude_x,0,1047,4101,0,1,1,0,0,0,0,1,1,1,0,0,0.006814531981945038
4,50,10,100,2349615021,61,conj,glucose42,MT19937-RandomState,0.0005918769165873528,01000000000000000011000000100000001000001001001010000000010000000000100000100100110100001001000010000011010100000000100000001000001100010100110000100100000100000000000110000010100110101000100010010000000110010000000000101101000100000001011010000000010100100100110000110000001001000110100010010100000001100010011000010101011000000001001101000001101100000110001110100010000000000011110000010000000100000001000000000100101011101000000110010100000011100010001000100000100000010000110100011000010000000010,9ee820d9f019ffc5deb2762aefe8a5353f17390211625b742f6d70b7a2cf3121,row_sparsity,row_sparsity|conj|3ccb84496a|rng=MT19937-RandomState,,4,4,1,uniform,1;2;3;4,0.25;0.25;0.25;0.25,0.0006936667487025261,6.293971091508865e-05,0.0010077329352498055,0.000996244139969349,0.007332773879170418,0.010098905302584171,0.002760583534836769,22,796,1,6,SAT_unsat_identifiable,1,boolean_factorization,exclude_x,exclude_x,0,1058,3979,0,1,1,0,0,0,0,1,1,1,0,0,0.006830447353422642
4,50,10,100,2349615021,62,conj,glucose42,MT19937-RandomState,0.0005894908681511879,10000000000000010000000001010000000100100000001000100101100001000000000010001100001001000001010000100000000100000000010011000000000000000001010000000010010100000100010110010010001001001101001000000000001001000000101000010010100000000010000000100000000101100100000000001000000011111000100010100100001100000110000000010010000000100101001000111100010001001000000010000000101000000000100000000000000100100000011000110101000010000010001110000100100100100000000001100000100000010000000010000010000010010001,5f38e6b9ce07b8b396eca2de3772503e7c39a80e4b5bc9a3a725572b6622627b,row_sparsity,row_sparsity|conj|3ccb84496a|rng=MT19937-RandomState,,4,4,1,uniform,1;2;3;4,0.25;0.25;0.25;0.25,0.0005319425836205482,5.7765282690525055e-05,0.0007261829450726509,0.00100778229534626,0.0036983853206038475,0.006027461029589176,0.0023236731067299843,14,812,1,6,SAT_unsat_identifiable,1,boolean_factorization,exclude_x,exclude_x,0,626,2431,0,1,1,0,0,0,0,1,1,1,0,0,0.005797205492854118
4,50,10,100,2349615021,63,conj,glucose42,MT19937-RandomState,0.0005847131833434105,10000010000001010100101000001000000010010000001000010000010000010000010100000000000001000000001011000000000101000100100001000111000001000000010000000100000000011001100000001010110000100000110000010101000010000100000110100001000001001101100000000001000000000010111000000001000010001010010100001001001110111000000100000000000100001000100000000001000000000000000100001000010101101000100000110000001000101000000000000010010000000010100011000000000010100000011000000101000001001000000000000001000011100100,af1addf5820258585332fe9dba61588bf70964029718f8c6f855d3c15b93c4b3,row_sparsity,row_sparsity|conj|3ccb84496a|rng=MT19937-RandomState,,4,4,1,uniform,1;2;3;4,0.25;0.25;0.25;0.25,0.0006486428901553154,5.6199729442596436e-05,0.0006993785500526428,0.000977328047156334,0.0038325106725096703,0.006218774244189262,0.0023815492168068886,14,1008,1,6,SAT_unsat_identifiable,1,boolean_factorization,exclude_x,exclude_x,0,556,2354,0,1,1,0,0,0,0,1,1,1,0,0,0.006033247336745262
4,50,10,100,2349615021,64,conj,glucose42,MT19937-RandomState,0.0005849692970514297,01000011100001000000000100000111010100001000001100000000100000000001100000000111010000000000000100010000001000000001100011001000000010000011010000000000000111000000000001000100011100100001010100101100110100000101001010000100010101001101010010000001110001000101010001100000100000000101000100000001000000000100000010010000001010000100100100001000000000000000100000000001111000000100101001000101100010010001010000000010000000010011100000100000010000100001101000100001000011001011000001000000110000010000,b07ffaffe73ea3c96cc0b921514316f96c7253cc8575acf487581c9ad9b1c920,row_sparsity,row_sparsity|conj|3ccb84496a|rng=MT19937-RandomState,,4,4,1,uniform,1;2;3;4,0.25;0.25;0.25;0.25,0.0007130242884159088,6.35078176856041e-05,0.000974203459918499,0.0009793490171432495,0.007393425330519676,0.01012897863984108,0.0027300845831632614,21,855,1,6,SAT_unsat_identifiable,1,boolean_factorization,exclude_x,exclude_x,0,989,3769,0,1,1,0,0,0,0,1,1,1,0,0,0.0066590700298547745
4,50,10,100,2349615021,65,conj,glucose42,MT19937-RandomState,0.0005867127329111099,01001000000100001110000000100000000001100000011110111000010000100000000001011010001001001010000000000000000001100000000100000011000000111000010000000001000000000000001000011000010000001011100110001000000010001011000001000101000001000000100001000000001100000000000000010000010000010001000001000010000000100000000001101010010001000000001000101000010110010100010000000001000101000101000100001000100000001000000100100110000110001000101000100011000000001101000000000100110100010001100000101100000001101001,fd95afc89d65f3e61dfa3fea97eca80712cb9ef456234cfedd37f1a4e9653308,row_sparsity,row_sparsity|conj|3ccb84496a|rng=MT19937-RandomState,,4,4,1,uniform,1;2;3;4,0.25;0.25;0.25;0.25,0.0007208799943327904,6.08908012509346e-05,0.0009363731369376183,0.000998951494693756,0.006762320175766945,0.009484897367656231,0.0027170954272150993,20,820,1,6,SAT_unsat_identifiable,1,boolean_factorization,exclude_x,exclude_x,0,910,3548,0,1,1,0,0,0,0,1,1,1,0,0,0.0064502740278840065
4,50,10,100,2349615021,66,conj,glucose42,MT19937-RandomState,0.0005710814148187637,10100000000101010100001011100010001011001001000000010100100101100000010101000000001010001110101001001001000000101010100001001000010010000000001000011010001010011100000100001000010100010110000100110010000001000010000000011101000000000001000010000000100010010000101000000000000000010010110000000100100000000001110010000000100000000000100010000000100010000001000000000001000100000100010010000100000100000010000000100000001011010000000010000011000000010000010000000101010000000000010010000000000100100000,c2867f688ff2e62a6b6f564ad7a9fe9685da28c43a99e76799be98f116fa22cc,row_sparsity,row_sparsity|conj|3ccb84496a|rng=MT19937-RandomState,,4,4,1,uniform,1;2;3;4,0.25;0.25;0.25;0.25,0.0006492268294095993,6.502307951450348e-05,0.0010120198130607605,0.0009965570643544197,0.00634276308119297,0.009071067906916142,0.002722826786339283,22,782,1,6,SAT_unsat_identifiable,1,boolean_factorization,exclude_x,exclude_x,0,1028,3946,0,1,1,0,0,0,0,1,1,1,0,0,0.0067022331058979034
4,50,10,100,2349615021,67,conj,glucose42,MT19937-RandomState,0.0005926107987761497,00100001010000000010100001010000100001010000000001001010000011000110000000001000000100001000100001110000100000001010010010000100110000010001000000001000000100010001000010000010001000010000001000000001110000100011000001010010100010000001000010000001011000010000001001000100000010000100000000100100000101000110010010100100000100000001000000101000000011101001100000100110001100010100100000001000000110100001001110000000000100010100000110010010101000000001010101000101001100110000000100001100001100001001,3ad736ab9131da7e849cec47c24e999ae99013ca628e2b9b8a17b4852995d4bb,row_sparsity,row_sparsity|conj|3ccb84496a|rng=MT19937-RandomState,,4,4,1,uniform,1;2;3;4,0.25;0.25;0.25;0.25,0.0007196245715022087,6.701052188873291e-05,0.0010514194145798683,0.0009973729029297829,0.005804343149065971,0.00864593405276537,0.002835427410900593,23,811,1,6,SAT_unsat_identifiable,1,boolean_factorization,exclude_x,exclude_x,0,1077,4134,0,1,1,0,0,0,0,1,1,1,0,0,0.006876462139189243
4,50,10,100,2349615021,68,conj,glucose42,MT19937-RandomState,0.0005888417363166809,00001001000010000000010100000010100000001000001000000100001011001000000100010100110000000000000010001000000000001000000010001101000100101010000011110010000000000001100000100100100000010000000000000010101010001010000001000010000000000110000000001010000001110000000000010011010000000000010000010001100000000000010001010000000000001000010100000011000010001000001101001000000100101000000000010001010000100101010001000010100000000101101100100001010000000101011000000000010100000011010001000000000100100000,44afc30e6f11c5f47234b158c032da7091daa9744ddfd5428f0e3c59cc4603b7,row_sparsity,row_sparsity|conj|3ccb84496a|rng=MT19937-RandomState,,4,4,1,uniform,1;2;3;4,0.25;0.25;0.25;0.25,0.0006237151101231575,5.769357085227966e-05,0.0007198434323072433,0.0010088533163070679,0.003568435087800026,0.005984305404126644,0.0024101054295897484,14,996,1,6,SAT_unsat_identifiable,1,boolean_factorization,exclude_x,exclude_x,0,576,2376,0,1,1,0,0,0,0,1,1,1,0,0,0.006044549867510796
4,50,10,100,2349615021,69,conj,glucose42,MT19937-RandomState,0.0005896985530853271,10000000000000010000010000000000110010000100010011101000010101000001000110100000000010100101010100010000001000011100000000000000101000101001000000000100100000000010000011010001010100010000000000100000000010001100000010100001100100000000010100100100000000000010001000010110100100010000100011100000000001000100110000010000001100100100000001100001000000000100000110000001011000100000011001000000110000010100000010001011010000000001000100000001000110000001000000000000000010000010010011000100101100000011,017e07dc8427817e5c59196addf237eefddccdfcbde68162208b4eda76ad534a,row_sparsity,row_sparsity|conj|3ccb84496a|rng=MT19937-RandomState,,4,4,1,uniform,1;2;3;4,0.25;0.25;0.25;0.25,0.0005691684782505035,5.236547440290451e-05,0.0,0.0,0.0,0.0006261710077524185,0.000621533952653408,10,1024,1,4,identity_submatrix_identifiable,0,,,exclude_x,0,0,0,1,0,1,0,0,0,0,1,1,1,1,0,0.0055377297103405
4,50,10,100,2349615021,70,conj,glucose42,MT19937-RandomState,0.0005455343052744865,10100001001100100010101000001010001000000001100000000000110010000100001000100100101000010000101000110010000000010000010010001001000110001100000100000100000010000001001000001000011100001000000001000000100000100100000101010100001000001010000000101000001100010001110000001010010000000011000101110001000000101010101000101010101011000000010010001100011000010010000100100110000100110000101000100100000000010100010011010000011001110000011000010001000100000100010000000011000000001010000000100001000011000000,713a77269b4699b3e913a81bbdb76bdf540f4f1754aade0679c3cd16d6503ea1,row_sparsity,row_sparsity|conj|3ccb84496a|rng=MT19937-RandomState,,4,4,1,uniform,1;2;3;4,0.25;0.25;0.25;0.25,0.0007945429533720016,7.625389844179153e-05,0.001283496618270874,0.001001051627099514,0.008545194752514362,0.011707236990332603,0.003155345097184181,29,730,1,6,SAT_unsat_identifiable,1,boolean_factorization,exclude_x,exclude_x,0,1411,5306,0,1,1,0,0,0,0,1,1,1,0,0,0.007349764928221703
4,50,10,100,2349615021,71,conj,glucose42,MT19937-RandomState,0.0006045177578926086,10001100101000000010100000111011001000010000010000001000000010010010000001000001000000000101000001010000100000000000111000001111000100110010001000110100001011000100011010001000000010110000011000100001000000001000000000101000001010000100010000001100100000011000000010000000100100001011000100000000100000000001010000000010110010100000000010000011100001000100000101100110001100000101010000010011101000001001010001001001010000000001000101000001000010000000000111101000000000010010010000000000101101000100,1db723845b8a54ad75bba098e6a425788bd2b4acf3e7f8a867b5e64258ffe200,row_sparsity,row_sparsity|conj|3ccb84496a|rng=MT19937-RandomState,,4,4,1,uniform,1;2;3;4,0.25;0.25;0.25;0.25,0.000653543509542942,6.215833127498627e-05,0.0008955290541052818,0.0009813513606786728,0.0049654645845294,0.007563731633126736,0.002592582255601883,19,846,1,6,SAT_unsat_identifiable,1,boolean_factorization,exclude_x,exclude_x,0,901,3404,0,1,1,0,0,0,0,1,1,1,0,0,0.006566021591424942
4,50,10,100,2349615021,72,conj,glucose42,MT19937-RandomState,0.0005922010168433189,11001001001011000001000001000010100000110100100110000001000000000001000000010000001010101010100101000000110010010110000100000100001001000101000011001000101110001000100000000100000000000001000010011100000100000010100100001010000000101010000001010101001000000111000101110011000010011100000110011100001010100000000101100000000010001001100000100100100000000011000100000111100011011000000010000000101000000000000010000011101001000000000000100000000000100001000001000000001100011000110010000000000000000010,95573540d5d17b8df486f7842ec0edddca6d368f468f7ec4c8588ad7afe08432,row_sparsity,row_sparsity|conj|3ccb84496a|rng=MT19937-RandomState,,4,4,1,uniform,1;2;3;4,0.25;0.25;0.25;0.25,0.00066364835947752,6.292108446359634e-05,0.0009801937267184258,0.0009919125586748123,0.005926964804530144,0.008631428703665733,0.0026986757293343544,21,750,1,6,SAT_unsat_identifiable,1,boolean_factorization,exclude_x,exclude_x,0,1039,3824,0,1,1,0,0,0,0,1,1,1,0,0,0.00653444416821003
4,50,10,100,2349615021,73,conj,glucose42,MT19937-RandomState,0.0005885818973183632,00000001111010001000001000000001100010000111100000000110000011100000000000010101000000000101101001001101000000100000010001000011101001010000001100000100110000000101000100011100001001010100011000111000000000010000001000001000100101010000010001010000000100000000010010100100010000000010010010010001010000100000000000000010001011000010001101000000101000101001010001001010000001000000110110000000001000011010000010100000000000000100000000100001000010001100001100110101100001010100100000010010001000000110,5d67e12aa4ca0067ea2acf25685c2b3f5dbe6d449fbcc19f6fe4bb0fc7c7adeb,row_sparsity,row_sparsity|conj|3ccb84496a|rng=MT19937-RandomState,,4,4,1,uniform,1;2;3;4,0.25;0.25;0.25;0.25,0.0006889123469591141,5.3872354328632355e-05,0.0007090140134096146,0.000983845442533493,0.003661761060357094,0.006103379651904106,0.002435644157230854,14,952,1,6,SAT_unsat_identifiable,1,boolean_factorization,exclude_x,exclude_x,0,596,2398,0,1,1,0,0,0,0,1,1,1,0,0,0.006074989214539528
4,50,10,100,2349615021,74,conj,glucose42,MT19937-RandomState,0.000590665265917778,01100001001000110000000001000000101110000100001000010001000010000000000010100000001000010000001100000000010000000101010001010000000010001011000000100100110010100010000111000000001000000010100100000000001001001001100010010001100001010000000111001000000000111010000000011000010101011000000000010010100010110100001000000000000010100000000000010000000100000110000010000101001000100010001000000000000010000000100000000010101001001000000100101000010010010001100100000101100000011000000100001001000100001000,8e71dd9618521b6e39be9152bd6256b221a23316a536dcd4971cb3f0d1c48679,row_sparsity,row_sparsity|conj|3ccb84496a|rng=MT19937-RandomState,,4,4,1,uniform,1;2;3;4,0.25;0.25;0.25;0.25,0.0006266962736845016,5.564652383327484e-05,0.0007042260840535164,0.0009759943932294846,0.0038564875721931458,0.006224422715604305,0.0023625632748007774,14,946,1,6,SAT_unsat_identifiable,1,boolean_factorization,exclude_x,exclude_x,0,606,2409,0,1,1,0,0,0,0,1,1,1,0,0,0.006064888089895248
4,50,10,100,2349615021,75,conj,glucose42,MT19937-RandomState,0.0005871383473277092,01010000000001010110100000000000100001101000000000011000010001001000000100000001100010011000010100000010100000001011001010100000000010110100100001011000110110001101000001010001010010000000100000010000000010011000010000100001100100010010100000010001001000100000000000100010000000001000000000011100000100011011000001001000000000100000101000010011010001001110001001000010100000010001100000000001000000010100001000000100010001000000100101011000000000101000000000101100000000000110010111000000111000010010,0889f9cd3ab7975ada734bf3793d0c0cbe2db3029dc3206b5509d6a1bfdfa73f,row_sparsity,row_sparsity|conj|3ccb84496a|rng=MT19937-RandomState,,4,4,1,uniform,1;2;3;4,0.25;0.25;0.25;0.25,0.0008284831419587135,9.4585120677948e-05,0.0013176202774047852,0.000978594645857811,0.008372215554118156,0.011598021723330021,0.0032192831858992577,30,783,1,6,SAT_unsat_identifiable,1,boolean_factorization,exclude_x,exclude_x,0,1410,5439,0,1,1,0,0,0,0,1,1,1,0,0,0.0075238291174173355
4,50,10,100,2349615021,76,conj,glucose42,MT19937-RandomState,0.0005883621051907539,00110000011110000010000010010100010010100000000001101000010100000000100000010101100011000000000000010100010110010001101000000000010100000000010011000101000000000000001000100000000001001000010000001100010000000010000000001000110100100000000111001001001100000001010010100111000010001000000100011000000000011000000100000001000110001000010010111000101010000000010000100000000000000110001011100010000110100001111000100000110000001000001000110010100000000100000010001000111000010000001110000101001100110000,790d0675b02231d32786de75ac195f95a3b3615cf35ec7338003064dae7ea48f,row_sparsity,row_sparsity|conj|3ccb84496a|rng=MT19937-RandomState,,4,4,1,uniform,1;2;3;4,0.25;0.25;0.25;0.25,0.0007388750091195107,6.305892020463943e-05,0.0009387312456965446,0.0009809993207454681,0.005218901671469212,0.007946468889713287,0.002721664495766163,20,754,1,6,SAT_unsat_identifiable,1,boolean_factorization,exclude_x,exclude_x,0,970,3614,0,1,1,0,0,0,0,1,1,1,0,0,0.0062596239149570465
4,50,10,100,2349615021,77,conj,glucose42,MT19937-RandomState,0.0005917437374591827,11001100000010100000000000101000011000110000001000101000011010100010010011010000000000011000001001000000100000000110001000010011101100010001001101010000100111000011100000010000000000000011100010010010011100000001010100101010000000010011000000000001110010000001000000011000100000000011000000010000010000100011000101001000100010001111001000010010000000001000000010000001010000111100100001000100001000001100000000000100000000010110000001001010000110100000000101001000100011010000000001100100000000010000,f92924a66bc094844ffa902f5a8b7a8260e857f0bc259cb8a99ac5cab3852bdf,row_sparsity,row_sparsity|conj|3ccb84496a|rng=MT19937-RandomState,,4,4,1,uniform,1;2;3;4,0.25;0.25;0.25;0.25,0.0007740631699562073,6.475299596786499e-05,0.00109071284532547,0.0009942883625626564,0.009042967110872269,0.01197363156825304,0.0029238173738121986,24,801,1,6,SAT_unsat_identifiable,1,boolean_factorization,exclude_x,exclude_x,0,1116,4311,0,1,1,0,0,0,0,1,1,1,0,0,0.0069510433822870255
4,50,10,100,2349615021,78,conj,glucose42,MT19937-RandomState,0.000587761402130127,00100001000101001100001001000100100000001000000001000001100010001100010000101010000000000110011000000001000100000000110010001100000000000001000100110000000011110001000011101110000010000100010010011000001000000010011000100101000110000010010001000001000100101001001001110000000000010000101000010000001001000000000100111000101010100001000000001000000000001000100110000001000100000000101101000000010110010010001101001100000000010010010000001000000111010000100001001000010100000000000100111001000110001100,aebd9ff7776796e5959b9dc800e8e112c989acdd8076887ef6064cb61cc1e251,row_sparsity,row_sparsity|conj|3ccb84496a|rng=MT19937-RandomState,,4,4,1,uniform,1;2;3;4,0.25;0.25;0.25;0.25,0.0008294405415654182,7.083173841238022e-05,0.0012345043942332268,0.0009843036532402039,0.014282110147178173,0.017407862469553947,0.003119080327451229,27,742,1,6,SAT_unsat_identifiable,1,boolean_factorization,exclude_x,exclude_x,0,1263,4875,0,1,1,0,0,0,0,1,1,1,0,0,0.007056894712150097
4,50,10,100,2349615021,79,conj,glucose42,MT19937-RandomState,0.0005914801731705666,00000100001001000000100010010000100100001100001010101010100000100000000000000100100000010100010000000001010011000101001001000010000010000000011100000111011000000000100000100110100001010100101000010001000010111000100000000001000000011010000000100100110101011000000011010010100100100000000001000000010000011001100000010000000110000001011000001001010010000000001000001100001000101001010000011010000000011000100000000010100000010000000000111100000000110010011100001010000010001001101000110100010000100010,7f92efae2cc6e7537ace8dee94b20e41cf8dbc76c4a9365328e2694291808076,row_sparsity,row_sparsity|conj|3ccb84496a|rng=MT19937-RandomState,,4,4,1,uniform,1;2;3;4,0.25;0.25;0.25;0.25,0.0007300348952412605,6.297044456005096e-05,0.0009741196408867836,0.0009982623159885406,0.005913310684263706,0.008684469386935234,0.0027653872966766357,21,838,1,6,SAT_unsat_identifiable,1,boolean_factorization,exclude_x,exclude_x,0,969,3747,0,1,1,0,0,0,0,1,1,1,0,0,0.0068445997312664986
4,50,10,100,2349615021,80,conj,glucose42,MT19937-RandomState,0.0005608359351754189,00010000000000000100000101011010001100010010111000000000000100110110000100000000010010001001010001100010110000100111000000000001000000010000011100000000000001000010101001001001100010000000000000100000000000010000110000001101001000100011100000000001001010000101001001000010000001000010000000000011000001011001001001000001000010100000100101000000100001110100010010000001000100110010100100101010100000000000000111100100110000010001010100100100010010110001000010100010011000001000100010000000000100010000,ff166110510cfb2a21e602051267fda61c3e6d73eb3a07876f978a50f86b19a9,row_sparsity,row_sparsity|conj|3ccb84496a|rng=MT19937-RandomState,,4,4,1,uniform,1;2;3;4,0.25;0.25;0.25;0.25,0.0007109027355909348,6.835255771875381e-05,0.0008737668395042419,0.0009930497035384178,0.005076651461422443,0.007728752680122852,0.0026460718363523483,18,769,1,6,SAT_unsat_identifiable,1,boolean_factorization,exclude_x,exclude_x,0,852,3216,0,1,1,0,0,0,0,1,1,1,0,0,0.006273349747061729
4,50,10,100,2349615021,81,conj,glucose42,MT19937-RandomState,0.0005920417606830597,01010000000000100100000001110000001000000000100000010001000010100110000100110001110000000100011000000100100000000000000100000000011001000000100000001000101000010100000000000100101000100000111000100001100000011001000000101000000000001000001110010010100010110000100001100000100010000000010000000010000111000010000010000111000011100000000100000100000000000000010001001100010000010001000110000010000100000001000000100001010100100000001001001000000001000010001100101000010010000000001001110000000001000101,7e42873f8d2f0ea07287f03dd2216175ba7dfb7c8b521f192fb768f228bdfabe,row_sparsity,row_sparsity|conj|3ccb84496a|rng=MT19937-RandomState,,4,4,1,uniform,1;2;3;4,0.25;0.25;0.25;0.25,0.0006469171494245529,6.210245192050934e-05,0.0007835580036044121,0.000977848656475544,0.00464216060936451,0.00711834616959095,0.0024704262614250183,16,948,1,6,SAT_unsat_identifiable,1,boolean_factorization,exclude_x,exclude_x,0,694,2774,0,1,1,0,0,0,0,1,1,1,0,0,0.00631842203438282
4,50,10,100,2349615021,82,conj,glucose42,MT19937-RandomState,0.0005843983963131905,01000000101001000010000100000010000011000001000010000011001101000011010110100001000000001011000100100000010011000000100101001000000110011000001000000000010000100010000000010000100001001001010010010000000100000001100100001001000000000100000001010000000010011000001110100000011000001001000010000000000111010000000110100010001111000011000110000001000100001000000000000010001000100011001010010100000001001000001110110100000000010000000010100011100000000000000000100000000010001110001010000000000000010000,9cb18d54ad312cb613be40e80bb90f990bb3913e6abbdd51f0c78ab8c5d7febd,row_sparsity,row_sparsity|conj|3ccb84496a|rng=MT19937-RandomState,,4,4,1,uniform,1;2;3;4,0.25;0.25;0.25;0.25,0.0006506582722067833,6.100442260503769e-05,0.0008627977222204208,0.0009824521839618683,0.004705515690147877,0.007268036715686321,0.00255691260099411,18,908,1,6,SAT_unsat_identifiable,1,boolean_factorization,exclude_x,exclude_x,0,812,3172,0,1,1,0,0,0,0,1,1,1,0,0,0.006491472013294697
4,50,10,100,2349615021,83,conj,glucose42,MT19937-RandomState,0.0005804896354675293,00010010000001100000010001000010000000000000001100011010010000111000000000011100001010100110010110000000000110101001010011001100000001010001000110001001001100100110100010110000000110000010001110000000000001000101010000100010000000000001000000110001000000010001100000000100010001011010000011010000011101000100110001000100010100100110001101000110001000100000001000010100111000000000000111001010000000000000000001000100100010100101000000000101110000000000100000001000001000001010100111000100000000000100,3bae53e378771a3a228c6e1fc2a85efbe13af462cc86c1655ecb95704e8fdc23,row_sparsity,row_sparsity|conj|3ccb84496a|rng=MT19937-RandomState,,4,4,1,uniform,1;2;3;4,0.25;0.25;0.25;0.25,0.0007734000682830811,7.139798253774643e-05,0.0012459233403205872,0.0009997682645916939,0.006799234077334404,0.009895622730255127,0.0030904896557331085,28,763,1,6,SAT_unsat_identifiable,1,boolean_factorization,exclude_x,exclude_x,0,1382,5140,0,1,1,0,0,0,0,1,1,1,0,0,0.0072545940056443214
4,50,10,100,2349615021,84,conj,glucose42,MT19937-RandomState,0.0005883518606424332,01000001110101010001100000100000100000100000000010100100000110000000000000011000000000100001010000110010000000010100010000001100101000101100100010001100000100001000000001001010000011000000000000010000010000010011001100000001000000000100001010000000000100000000001000010001001100100001000000000000000100011000000100100010011100010000001000001000000000010000000000100000000010000010011011000010001010010110000011000100111000010000000000110010000010000001110010000011000010100001000101000010000100001101,99584dcf1afe08e58c835aab60de4bfd7ca191fe54a41ff8fe4e9f432499404a,row_sparsity,row_sparsity|conj|3ccb84496a|rng=MT19937-RandomState,,4,4,1,uniform,1;2;3;4,0.25;0.25;0.25;0.25,0.0005943309515714645,5.420111119747162e-05,0.0006690379232168198,0.0009747566655278206,0.004006372764706612,0.006304169073700905,0.0022923266515135765,13,924,1,6,SAT_unsat_identifiable,1,boolean_factorization,exclude_x,exclude_x,0,557,2221,0,1,1,0,0,0,0,1,1,1,0,0,0.005897955037653446
4,50,10,100,2349615021,85,conj,glucose42,MT19937-RandomState,0.0005812766030430794,01000100000001011000000000000101111000000000100100000001001100001000100000001000010101000000000000011000001110000100011100001100100000000001100000000000100100101001000010000010000100000100011001000010010001100001001100011000000000000010010100010000000010000000001000000010000000010100000000010000100000010000001000010010001000000001101000100000100000000010000000100000000110000000000001101001001000110100101010101100001000001000010100000010010100000000011000001010100010000001101001010001001000010000,1e361f6757b3c260f813b65f0d1f49ea039302ded2a8a705543a3a352a2aca65,row_sparsity,row_sparsity|conj|3ccb84496a|rng=MT19937-RandomState,,4,4,1,uniform,1;2;3;4,0.25;0.25;0.25;0.25,0.0007026847451925278,6.515532732009888e-05,0.0010543223470449448,0.0009914282709360123,0.006648130714893341,0.009468182921409607,0.0028135906904935837,23,824,1,6,SAT_unsat_identifiable,1,boolean_factorization,exclude_x,exclude_x,0,1047,4101,0,1,1,0,0,0,0,1,1,1,0,0,0.006993315182626247
4,50,10,100,2349615021,86,conj,glucose42,MT19937-RandomState,0.0005930149927735329,01010101000001000110100010000001000000010111100000000000011010000000000101010000011000000000100000111010010000000010000000101010000101000000000100000000010000000001000100000110101010000110000000001001000100011000000001000000110100000000100000010110000100000100100100110000000011001010000001000110010100001001000000000110010100001000001001000100010000000110011001000000001010000100011000000001100010000100000010001001000100000100000000100000010001010100000000110010010000000110010010000000000001001001,7044396383d62f2c4fde6862741c14410d177fa5c04c9ee2e00ce7165c68ea24,row_sparsity,row_sparsity|conj|3ccb84496a|rng=MT19937-RandomState,,4,4,1,uniform,1;2;3;4,0.25;0.25;0.25;0.25,0.00071723572909832,6.277114152908325e-05,0.000973038375377655,0.0010010041296482086,0.006890306249260902,0.009649963118135929,0.002754049375653267,21,904,1,6,SAT_unsat_identifiable,1,boolean_factorization,exclude_x,exclude_x,0,939,3714,0,1,1,0,0,0,0,1,1,1,0,0,0.006869015283882618
4,50,10,100,2349615021,87,conj,glucose42,MT19937-RandomState,0.0005836701020598412,00000101000010001101000001101001001000011000110000000010101101001010010001110000010001000001000100000000000110110000011000111100001000011000000001010001000000001000101100100000000100110101000001001100010001000000001110011001100010010000001000000100001101000000001001001000000000010010010000000000010000010000101001000010010011001000110101000000100000001000010001010010000001000000000000001001011010000100100101000000000101010010100011000011000010001100000001000100000000000000100101000001000110000100,d483bac22e1c586835ef22cc36a4a50538873cf04f70ec2c542fbab839a24348,row_sparsity,row_sparsity|conj|3ccb84496a|rng=MT19937-RandomState,,4,4,1,uniform,1;2;3;4,0.25;0.25;0.25;0.25,0.0006995834410190582,6.370525807142258e-05,0.0009695431217551231,0.0009759021922945976,0.005822477862238884,0.008536560460925102,0.0027087340131402016,21,798,1,6,SAT_unsat_identifiable,1,boolean_factorization,exclude_x,exclude_x,0,979,3758,0,1,1,0,0,0,0,1,1,1,0,0,0.0066858017817139626
4,50,10,100,2349615021,88,conj,glucose42,MT19937-RandomState,0.0005875276401638985,00001000010100010001000010000000000100000100000101000110000011110000000011101000000001000000001000000000001001001000100001010000000000000111000000010000000110100000100101000011000000000000100001000010000000001000001010010000000010000001010000000001000000010000000000011100000000100000000001110000000000100000000000000001000010010000000000100000000100000000100010010110000100010011010000000000010000000001001101010000000000010001010011000000110000000100101000101010010000001100011000000010000001000000,ffe431bdfd01eba72e695cec983fb537be4586821fe07a47a21bc52518b5438d,row_sparsity,row_sparsity|conj|3ccb84496a|rng=MT19937-RandomState,,4,4,1,uniform,1;2;3;4,0.25;0.25;0.25;0.25,0.000499810092151165,6.323214620351791e-05,0.0006357515230774879,0.001034218817949295,0.0036222031340003014,0.005861770361661911,0.002233012579381466,12,848,1,6,SAT_unsat_identifiable,1,boolean_factorization,exclude_x,exclude_x,0,508,2033,0,1,1,0,0,0,0,1,1,1,0,0,0.0058169495314359665
4,50,10,100,2349615021,89,conj,glucose42,MT19937-RandomState,0.0006283530965447426,01001000100011010100001010110001010011000001000000000110000000111000100000000100010010000000000001000001000100100000000100000001110011000000000110010000001000000000001000100011001010001100010000000001000001000000010010110100010001000000001001000010000010010001100000000000000001011000000010100000000010000100001000101001000010000000000001000010001000100000010100011100010011001001000001010000001000100100000000001010101010000001010111100000010110010011010000001001000100000110001001100000100001000000,efdef88a0559f8210f9fdec905b23f606663683724b0ce812324c85d090e3411,row_sparsity,row_sparsity|conj|3ccb84496a|rng=MT19937-RandomState,,4,4,1,uniform,1;2;3;4,0.25;0.25;0.25;0.25,0.0006523244082927704,6.534811109304428e-05,0.000714779831469059,0.0010018860921263695,0.003529684618115425,0.005971280857920647,0.002434338442981243,13,952,1,6,SAT_unsat_identifiable,1,boolean_factorization,exclude_x,exclude_x,0,537,2199,0,1,1,0,0,0,0,1,1,1,0,0,0.006041521206498146
4,50,10,100,2349615021,90,conj,glucose42,MT19937-RandomState,0.0006891544908285141,00001001000000100000100000001000001010000011000100001010010110010001000001000001000000101001100000000000000110010000000001000101001000000000001000000000001010000100000000001010000010011000001010001100010010001100100110001011010000010000000001010010000001100001100000101001110100001000000000000001000000100000101101000001001000001000001100000000001111010000010000000110000000100000000000001001000000001000000000100000000001001000100011100000100010011000100001001001000000100010000000010010000010111000,49a75cdb936f05170efc24557020eed99cc6ba669fd3ad7aa8528a155a317553,row_sparsity,row_sparsity|conj|3ccb84496a|rng=MT19937-RandomState,,4,4,1,uniform,1;2;3;4,0.25;0.25;0.25;0.25,0.0007774243131279945,7.591582834720612e-05,0.0010982844978570938,0.0009952913969755173,0.007261569611728191,0.010216904804110527,0.0029469160363078117,24,780,1,6,SAT_unsat_identifiable,1,boolean_factorization,exclude_x,exclude_x,0,1106,4300,0,1,1,0,0,0,0,1,1,1,0,0,0.006943283602595329
4,50,10,100,2349615021,91,conj,glucose42,MT19937-RandomState,0.0006007188931107521,01100000110000100001000000100000000100110100000001000000100010000000000101011000100001000000001000010011100001000010000100000100001001000000001010001100011011000010010000000001110001000011011000000011000010000110010000000010101000000000100010000101001001001010101000010011001001000000000100000010000000100010000100000101000000011010001000011100000000001010001110011000101100000101110000000110101001001000000110000001000000100000000000010011001000000001011001000100000000000000010101001000000000000001,22318a7b74ae2038f51cd03c6e17e3478c627308d457f2d3d75ad167784a6fa7,row_sparsity,row_sparsity|conj|3ccb84496a|rng=MT19937-RandomState,,4,4,1,uniform,1;2;3;4,0.25;0.25;0.25;0.25,0.0007028374820947647,6.686244159936905e-05,0.0009350795298814774,0.0009887823835015297,0.00557660311460495,0.008276650682091713,0.002693561837077141,20,772,1,6,SAT_unsat_identifiable,1,boolean_factorization,exclude_x,exclude_x,0,980,3625,0,1,1,0,0,0,0,1,1,1,0,0,0.006496031768620014
4,50,10,100,2349615021,92,conj,glucose42,MT19937-RandomState,0.0006056977435946465,00000100100100000100000000100000010011100000000010110000011000000010000001010000000100010000000100000011000000000001001000001011000000001001000001010000100100111001000100100010110000100100001111000000100110001000110100010010001010000000001010001010001000000001100010000000000000101000000000000100100010010000001000001000000001000000000000010100000000000000000101100001011000110001010100010000001000000000111000000100101001001010000000100000000010001000101000000010010001100110000000000000010000100010,cace0d42bce084cdd018a6aed07f564be70d698681f44835f9f466763c8fe59f,row_sparsity,row_sparsity|conj|3ccb84496a|rng=MT19937-RandomState,,4,4,1,uniform,1;2;3;4,0.25;0.25;0.25;0.25,0.000687936320900917,6.405729800462723e-05,0.0009027104824781418,0.0009739873930811882,0.0057677580043673515,0.008402855135500431,0.0026286914944648743,19,930,1,6,SAT_unsat_identifiable,1,boolean_factorization,exclude_x,exclude_x,0,811,3305,0,1,1,0,0,0,0,1,1,1,0,0,0.006602846086025238
4,50,10,100,2349615021,93,conj,glucose42,MT19937-RandomState,0.0006025740876793861,00000100000000001000000000100000000000100000000101001001100001100001000000100000000100000000001100000000000010001000000000000010000010000101000000011000001000000010000010011010000001000110000010000001001100100010000001000100001000110010100000000100010101001100100001000001010100000000001000001000000001010100100001101001101000110000000000100101000000000110010010110000100100100001010000001100100100000100000101000000100000100000001000010010000000100000100110011000010101010000101100000010000100010001,7c395ff98064d3f17373b2dd62758f739a658a3ed145ec35d1b0820c88ad3d10,row_sparsity,row_sparsity|conj|3ccb84496a|rng=MT19937-RandomState,,4,4,1,uniform,1;2;3;4,0.25;0.25;0.25;0.25,0.0007018381729722023,7.44648277759552e-05,0.0011222222819924355,0.0009862063452601433,0.00852559506893158,0.011416861787438393,0.0028847316280007362,25,843,1,6,SAT_unsat_identifiable,1,boolean_factorization,exclude_x,exclude_x,0,1165,4499,0,1,1,0,0,0,0,1,1,1,0,0,0.0073324888944625854
4,50,10,100,2349615021,94,conj,glucose42,MT19937-RandomState,0.0005959691479802132,01000000110010100110100001000000010110010100000101000000000100000000100000010100000100100010000011100101100000000001001000010100100000100000000010000010001010000000100011000000001010101000000001010100000100000100000000010000010000010000110101110001001100000010010000010100010100001011000010000010000000010010001100011000100000000010001101000000001000000000100010110000100011000101000001001000000000110001000000000001000000010011010001100100011100000010001100000000000110000110101010100001010101000011,df898c928e8386e12e6a0f7cfc2c17e3c41f333e166f1c5f26fe52804157422b,row_sparsity,row_sparsity|conj|3ccb84496a|rng=MT19937-RandomState,,4,4,1,uniform,1;2;3;4,0.25;0.25;0.25;0.25,0.000671854242682457,6.727222353219986e-05,0.0010521505028009415,0.0009863916784524918,0.0066856564953923225,0.009469789452850819,0.00277766864746809,23,684,1,6,SAT_unsat_identifiable,1,boolean_factorization,exclude_x,exclude_x,0,1137,4200,0,1,1,0,0,0,0,1,1,1,0,0,0.006559562869369984
4,50,10,100,2349615021,95,conj,glucose42,MT19937-RandomState,0.0005961284041404724,00110000101011000000001010100000100000011000000010010000100000010000000001000010001110100000010000100000100000001101000101000010010101110000011100100000000110000101100100000010000000001110001100001001110000000000000010000000001010000000010001001011000000001000101010010000000010000000001100000010010100000010000000011100010011000000010000000001100000000100000000100100010000000001000000010001000000010100001000011000011010010000001010100100000001000000000100000001010010100000001000010010000001000101,d1d9b70185c0c67e35aba8be277df8bda26e27ec163b71f2c03fcdcbbe3ee6a8,row_sparsity,row_sparsity|conj|3ccb84496a|rng=MT19937-RandomState,,4,4,1,uniform,1;2;3;4,0.25;0.25;0.25;0.25,0.0006088363006711006,6.503704935312271e-05,0.0010095685720443726,0.0010031620040535927,0.00626989733427763,0.008962242864072323,0.0026866039261221886,22,817,1,6,SAT_unsat_identifiable,1,boolean_factorization,exclude_x,exclude_x,0,1018,3935,0,1,1,0,0,0,0,1,1,1,0,0,0.006793337874114513
4,50,10,100,2349615021,96,conj,glucose42,MT19937-RandomState,0.0005879336968064308,00001110010000100000000001011000000011010010000001010000000001000000001000100000001001000110001010010011001010000010000000100000001001000011001111000000000110000000010000010000000010000100001000000101000000010000001000010000100001000010100001010001000001011010000000100000110100000001000000001100100000000000101000000001110000001100000010101001000110010000000010001000010010000000000001000000000000111000100000001100010101100000000011000000000010010100001110010010000001001000010000100101100000011010,dcb874d2adcac7744c9201800abdc17b66ae446990f49d5241a6f1c0ca6803c0,row_sparsity,row_sparsity|conj|3ccb84496a|rng=MT19937-RandomState,,4,4,1,uniform,1;2;3;4,0.25;0.25;0.25;0.25,0.0006114374846220016,5.620066076517105e-05,0.0007820380851626396,0.0010043270885944366,0.007868301123380661,0.010328085161745548,0.002454003319144249,16,944,1,6,SAT_unsat_identifiable,1,boolean_factorization,exclude_x,exclude_x,0,674,2752,0,1,1,0,0,0,0,1,1,1,0,0,0.006262951530516148
4,50,10,100,2349615021,97,conj,glucose42,MT19937-RandomState,0.0005914401262998581,10010000000000010000001100000000000011000001100000011010000000000011110000000100000100000000000011110000000100001000100000010000000001100100000001100001001000000010010000000100111000010000100000101100010101001001010100000010010011100000000001110000000000100000100110010000101100101000010010000011100000111000000000010001001000000010000000000000100010100001010100000010000000100010001010000000000001000000010000011000001101010000001000101000010000001110000010000011000110010010100100000000010001000000,90bfaf76309473638178ee10ce2388ca1367892c90884755ed3b7c72f651ffd8,row_sparsity,row_sparsity|conj|3ccb84496a|rng=MT19937-RandomState,,4,4,1,uniform,1;2;3;4,0.25;0.25;0.25;0.25,0.0006417026743292809,5.617458373308182e-05,0.0007829051464796066,0.0009831208735704422,0.004713802598416805,0.0071828169748187065,0.0024639032781124115,16,889,1,6,SAT_unsat_identifiable,1,boolean_factorization,exclude_x,exclude_x,0,704,2785,0,1,1,0,0,0,0,1,1,1,0,0,0.006161630153656006
4,50,10,100,2349615021,98,conj,glucose42,MT19937-RandomState,0.0005858754739165306,00011100000100000111100010100010000000010010010000001000000000010110011000010011001000100000000001000000011010000010110000000011100000000100110001100010010010001110000100001000100010001010100101000010000001001001101100000010011010000000000111010000100010010010110000000000000000100001000010000100001000101000100010001100101100000000001001100001000010000100000000000000110110110000001001001000000101011010110000000000001101000001001101000010001000001001011000011101000000100000000000000110110000100011,207906eddcfec1eb579466249b00912927a5c97c4baffa42570c9e6a296ad9cd,row_sparsity,row_sparsity|conj|3ccb84496a|rng=MT19937-RandomState,,4,4,1,uniform,1;2;3;4,0.25;0.25;0.25;0.25,0.000806078314781189,7.005035877227783e-05,0.0012005632743239403,0.0009892024099826813,0.006704901345074177,0.009776368737220764,0.0030658943578600883,27,777,1,6,SAT_unsat_identifiable,1,boolean_factorization,exclude_x,exclude_x,0,1303,4919,0,1,1,0,0,0,0,1,1,1,0,0,0.0070808688178658485
4,50,10,100,2349615021,99,conj,glucose42,MT19937-RandomState,0.0005902228876948357,00000101000011000010000000000101000000011000001000000001000100110000001000000000000001000101010010000000100000000001000100011000100101000100000101000010100010100100011100110000000000100100111101000010001000000000000000101010000000001001010011010000000000100011000010001001000010111001110000000000010001000110100100000000011010100001110010000001001010100001110000100001011001101000000001010000100110001010000011000101010000000001001000000100110000000111100000010110010000000000000100100101000011000000,28af6dfe94932e48d475e8686816f4e2b9e84b3832cf3e9eb081dec28f2135a9,row_sparsity,row_sparsity|conj|3ccb84496a|rng=MT19937-RandomState,,4,4,1,uniform,1;2;3;4,0.25;0.25;0.25;0.25,0.0007778890430927277,6.688106805086136e-05,0.0010848883539438248,0.000987909734249115,0.012628418393433094,0.015552115626633167,0.0029175681993365288,24,866,1,6,SAT_unsat_identifiable,1,boolean_factorization,exclude_x,exclude_x,0,1136,4333,0,1,1,0,0,0,0,1,1,1,0,0,0.0071272216737270355
