J,K,N,p,seed,avg_runtime,prop_identifiable,branch_-1,branch_0,branch_1,branch_2,branch_3,branch_4,branch_5,branch_6
50,12,1,0.2,2,293.1923283850774,0.0,0,0,0,0,0,0,1,0
50,12,1,0.2,5,361.81910002202494,0.0,0,0,0,0,0,0,1,0
50,12,1,0.2,7,578.7515847790055,0.0,0,0,0,0,0,0,1,0
50,12,1,0.2,0,680.399567887187,0.0,0,0,0,0,0,0,1,0
50,12,1,0.2,9,1518.838405655697,0.0,0,0,0,0,0,0,1,0
50,12,1,0.2,3,8761.521972266026,0.0,0,0,0,0,0,0,1,0
50,12,1,0.2,8,25063.288567955606,0.0,0,0,0,0,0,0,1,0
