J,K,N,p,seed,avg_runtime,prop_identifiable,branch_-1,branch_0,branch_1,branch_2,branch_3,branch_4,branch_5,branch_6
50,15,1,0.1,4,0.07768547721207142,0.0,0,0,0,1,0,0,0,0
50,15,1,0.1,3,0.058758361265063286,0.0,0,0,0,1,0,0,0,0
50,15,1,0.1,8,0.03710680175572634,0.0,0,0,0,1,0,0,0,0
50,15,1,0.1,9,507.14113119151443,1.0,0,0,0,0,0,0,0,1
50,15,1,0.1,6,511.5919660949148,1.0,0,0,0,0,0,0,0,1
50,15,1,0.1,1,523.0150449443609,1.0,0,0,0,0,0,0,0,1
50,15,1,0.1,0,565.7415964300744,1.0,0,0,0,0,0,0,0,1
50,15,1,0.1,7,760.197841851972,1.0,0,0,0,0,0,0,0,1
