schema_version,J,K,N,seed,sim,operator,solver_name,rng_engine,generation_time,q_bitstring,q_sha256,design,design_id,p,zero_row_policy,basis_time,identity_check_time,two_col_check_time,three_col_check_time,sat_time,algorithm_time,preprocess_time,J_basis,M_basis,identifiable,branch,branch_label,sat_called,sat_formulation,sat_cardinality_encoding,cardinality_encoding_requested,maximal_candidate_requested,sat_variables,sat_clauses,identity_original,not_complete_original,has_pure_node_original,no_pure_nodes_original,has_zero_row_original,two_col_violation_original,three_col_violation_original,two_column_pass_original,both_necessary_checks_pass_original,I_3c,identity_basis,two_col_violation_basis,diagnostics_time
4,50,10,100,2427644565,0,conj,glucose42,MT19937-RandomState,0.00013805367052555084,11011101001111011010011111111011110111110111111101010111011011011011011011110111000111111111110111011100111001111101100011111101101100101101111100100111111101111100011101100101001101101101111101111111111111111010001100001011111111000101111011110110101111101100111011010111111110111011111111101010101011111111011111000111000101101110011100010100011110110100101111111111110111110111111101101111010110100111100110111111110110111101110111100011011101111110111110110101111111001101111101010010111101010011,6964bd9ac98c68bba248f8fe044e64f2f09f8d8b99d5422455191bbed7d1a36b,bernoulli,bernoulli|conj|p=0.7|zero=allow_iid|rng=MT19937-RandomState,0.7,allow_iid,0.0010618800297379494,0.0001134779304265976,0.0013296576216816902,0.0010630711913108826,0.7932357508689165,0.7968142405152321,0.0035680867731571198,29,108,1,6,SAT_unsat_identifiable,1,boolean_factorization,exclude_x,exclude_x,0,2401,6395,0,1,0,1,0,0,0,1,1,1,0,0,0.0054832156747579575
4,50,10,100,2427644565,1,conj,glucose42,MT19937-RandomState,5.982816219329834e-05,11111111111111111001011001111111111111110010111011101000111111111101011001111111110110111001111100111111011101111100111010110110111111111111011111110110101100111111011101111101111010000111111011111110111000011111110101111111111011101111010001111111111110110111011110111001111110111111010101101101001110111111011110100111111110101001011111111011100111101101001011111110110010001101111110011111111100111111010111111011110011011111010101101111111111111101010111110110011111101111110110001111110110101111,1b2f937236f805b199a8492c177ebd68292a0856d948002da9179dac60eda285,bernoulli,bernoulli|conj|p=0.7|zero=allow_iid|rng=MT19937-RandomState,0.7,allow_iid,0.0008866973221302032,9.713135659694672e-05,0.00145050510764122,0.0011353306472301483,4.2678287494927645,4.271409227512777,0.0035696644335985184,29,74,1,6,SAT_unsat_identifiable,1,boolean_factorization,exclude_x,exclude_x,0,2611,6626,0,1,0,1,0,0,0,1,1,1,0,0,0.005339751020073891
4,50,10,100,2427644565,2,conj,glucose42,MT19937-RandomState,5.032029002904892e-05,01111011110010010111010111111111101111111101111111111110101100101101011111111011001110101111111111010111011110010101100100101110001110111010111111001111101011111111010010101010100001111001110111111011111101110011100011010001111101111001110011011100001010111111101111111111011111111010111100111111110101001111111011110111001110011111111001110111011111111000111101011111111001101110011100111100010111111111101100110010001111111100010101011111101001110011111111100011011110100111111111111101011110011001,2a112c4959c6912a8b14ac65ddb3c5c5b0440ee77cca4725a1a7f7bdedd35212,bernoulli,bernoulli|conj|p=0.7|zero=allow_iid|rng=MT19937-RandomState,0.7,allow_iid,0.0009566266089677811,7.62278214097023e-05,0.001256265677511692,0.0009855609387159348,1.0159326363354921,1.019216169603169,0.00327468104660511,28,111,1,6,SAT_unsat_identifiable,1,boolean_factorization,exclude_x,exclude_x,0,2322,6174,0,1,0,1,0,0,0,1,1,1,0,0,0.005352633073925972
4,50,10,100,2427644565,3,conj,glucose42,MT19937-RandomState,5.481857806444168e-05,00111111100100111101101111011001101111111110111010110101101011110101111110101101110101110101110101111111111111011111111110101100010111110101011001001100111011010111011111110001111111110100011100111111011100111111111001011010101111111011111110110110110001110101111111111100011011110111110101010111010110101110110101111111101110101001111011110100000110101000011001011100111011100111110010001111101110110110100100011010000111010011110101011111100101011111011001001011000101011111001011110011101111000011,4d4eeeafa68d97a456893866896dc8e2e7e297c966497f5dc9761f8a486d5865,bernoulli,bernoulli|conj|p=0.7|zero=allow_iid|rng=MT19937-RandomState,0.7,allow_iid,0.0010358570143580437,0.00011029373854398727,0.0015708738937973976,0.0009898412972688675,1.133398549631238,1.1371151767671108,0.003706865943968296,36,138,1,6,SAT_unsat_identifiable,1,boolean_factorization,exclude_x,exclude_x,0,2944,7931,0,1,0,1,0,0,0,1,1,1,0,0,0.006379540078341961
4,50,10,100,2427644565,4,conj,glucose42,MT19937-RandomState,6.987899541854858e-05,10111100011111110111110011100011100111110111011111101101111111111011011111111000001011111110001101101010101111110111111111010111111101111111110010101110111101011111110110111111110001011011111011111111011111110111011011111010011111111110000011011111001111111001110110110100111110010111111110000111111100000111100111011100111111110000001011101110101100110001111001111010111101011101001011010111111101110011011101111111011111111110101111011010111111001110111110111010001011111100111101100111010011011011,6ff17986d3bd94da13bb89f62ccdc9dd52c017d68a7fd47e970843a4cd052bc7,bernoulli,bernoulli|conj|p=0.7|zero=allow_iid|rng=MT19937-RandomState,0.7,allow_iid,0.0009147059172391891,0.00011032819747924805,0.0012836875393986702,0.0011917734518647194,0.2106358427554369,0.21414783783257008,0.0035004951059818268,25,97,1,6,SAT_unsat_identifiable,1,boolean_factorization,exclude_x,exclude_x,0,2095,5522,0,1,0,1,0,0,0,1,1,1,0,0,0.005166726186871529
4,50,10,100,2427644565,5,conj,glucose42,MT19937-RandomState,5.013216286897659e-05,11011000011111001110111100111111111011011111011011111001111111101000111010011101101111111111111110111101111000111011101111011111110111101111010111010100010011111110111011111111100001011111110111011111001011111111111010111011110111010010101111111011111110100111111011101111010100111110110111110110110101110111111111111010010011100100000111100011111101111010110111011100101111101011011111011110110111111011110100010001111011011110000011100101111011010100110110010110111100000111110111011111111111111010,b264d1696dd2e5ed15abec4c077ead174f722550db1ea48056d35eb72ce321a5,bernoulli,bernoulli|conj|p=0.7|zero=allow_iid|rng=MT19937-RandomState,0.7,allow_iid,0.0008407169952988625,7.319170981645584e-05,0.0011880090460181236,0.000985264778137207,0.3812088342383504,0.3843045001849532,0.003087182529270649,26,97,1,6,SAT_unsat_identifiable,1,boolean_factorization,exclude_x,exclude_x,0,2174,5743,0,1,0,1,0,0,0,1,1,1,0,0,0.005236731842160225
4,50,10,100,2427644565,6,conj,glucose42,MT19937-RandomState,5.261506885290146e-05,10111111011111111100111001100101100011111011110111111101111011101100101101001111011011110011001110111100011111011011111100111110111101111000011101111101110111111101101111110110011011011110101011110101111011011111011111011110011110111011101110111111100111100110110110110110011111101100110111000111110101101111110111111101111110101111110111111110111111111111111011110111001011111001111011101110011101011111011111111111101110100111010111101100100011111101111010111101001111100110101111110001001111101011,b1789824143e341c19c00479f13a76a19b16492319fab4d5d59410bd23c044ce,bernoulli,bernoulli|conj|p=0.7|zero=allow_iid|rng=MT19937-RandomState,0.7,allow_iid,0.0009154612198472023,8.101202547550201e-05,0.0013465629890561104,0.0010105408728122711,20.5600078497082,20.563371740281582,0.003353577107191086,30,81,1,6,SAT_unsat_identifiable,1,boolean_factorization,exclude_x,exclude_x,0,2660,6814,0,1,0,1,0,0,0,1,1,1,0,0,0.005416542291641235
4,50,10,100,2427644565,7,conj,glucose42,MT19937-RandomState,5.404837429523468e-05,11111101101011110010100011011101110111111110101110011010101111101110001111100010100111010011111111111011110111011001111111101010110111111001011110111100001111110111010110101111011111111110111110010100100111110011111100011111110001010110101101111100010111101011111011101110010110111111111001101111111110101111101110111111101111011111011011111100111111111111010101110011011011110111000100110101010100110000100111011101111111001010011111110111111001111111111101110101111111101111111110011110111111011111,7fe48b570d5abd097126870cc09564981b532bee9acf75e1915c08a4c650f6b4,bernoulli,bernoulli|conj|p=0.7|zero=allow_iid|rng=MT19937-RandomState,0.7,allow_iid,0.00086253322660923,7.349718362092972e-05,0.0011164043098688126,0.0009855367243289948,0.14613791648298502,0.1491858148947358,0.003037971444427967,24,97,1,6,SAT_unsat_identifiable,1,boolean_factorization,exclude_x,exclude_x,0,1976,5257,0,1,0,1,0,0,0,1,1,1,0,0,0.00508231483399868
4,50,10,100,2427644565,8,conj,glucose42,MT19937-RandomState,5.0877220928668976e-05,11110111111110101001101111011111110111110100011010110111111110111100110011010001011011011111010011101111111111110111111001011001001111000110111101110111111101110101001011101101101100111111000111111111011110111110101110101110011100000101110111010111110011111111001111101110110011100111001100101001111001010101011111111111011011111000100100111111111011101101100001000111111010011111111111100111111101101111111001100101001111110111101111101111101011110011110111111010010001111110011011101110011001010101,7d47eab32a2087a484f9989414c25d92a6d341319dff69ba29602731ba1db451,bernoulli,bernoulli|conj|p=0.7|zero=allow_iid|rng=MT19937-RandomState,0.7,allow_iid,0.0010219728574156761,7.745809853076935e-05,0.001234235242009163,0.000981433317065239,0.11271077487617731,0.11603412684053183,0.0033150995150208473,27,135,1,6,SAT_unsat_identifiable,1,boolean_factorization,exclude_x,exclude_x,0,2123,5821,0,1,0,1,0,0,0,1,1,1,0,0,0.005399161018431187
4,50,10,100,2427644565,9,conj,glucose42,MT19937-RandomState,4.84539195895195e-05,01101110101111100101111001101010111111100111111101011010111011011010101100111101111111111101111110110010101011111001111111111011011011110011000101111100000111111111111111011111111010111110011100010111100000110011010100110111111110010111111110111011110111111111010101111111110001101111011110011101111101110100101101101111111111110101111110111110011011111111111101111110101111101011011110111101110110011001111111111110111111110101110111010111111110001111010110111101101111001101111001000110111111110111,252cd6d3a60cbe92e7b49f0aed733f29bb0063ab15096b20fea43c3c34434ea6,bernoulli,bernoulli|conj|p=0.7|zero=allow_iid|rng=MT19937-RandomState,0.7,allow_iid,0.0009408937767148018,7.664971053600311e-05,0.0012723160907626152,0.001039157621562481,0.6740692835301161,0.677406114526093,0.003329017199575901,28,93,1,6,SAT_unsat_identifiable,1,boolean_factorization,exclude_x,exclude_x,0,2442,6306,0,1,0,1,0,0,0,1,1,1,0,0,0.005271240137517452
4,50,10,100,2427644565,10,conj,glucose42,MT19937-RandomState,9.402073919773102e-05,01111110111011011011101001110111111011111010111101100101110011110111011111011010111111100111011111010100011011101110101111110010111100101000000101111101110011110101101101001000110001101100000101110011011111010011111111001111011101110111111101101101100011010101001101010010111011111111101110111101100111111001101111110011111101100111101100111001110010011111111110011111111111111101111011111111011110001101110111111111111110111100111110011110110101111110111111001101011111110111111111010111011011011011,b0380fda120b2dab630ac4821776cc39316e73f6e7bd13f9951216bd4ae809f6,bernoulli,bernoulli|conj|p=0.7|zero=allow_iid|rng=MT19937-RandomState,0.7,allow_iid,0.0009797941893339157,8.828379213809967e-05,0.0012721475213766098,0.0009850868955254555,0.09235785063356161,0.09569128137081861,0.0033253123983740807,28,106,1,6,SAT_unsat_identifiable,1,boolean_factorization,exclude_x,exclude_x,0,2332,6185,0,1,0,1,0,0,0,1,1,1,0,0,0.005352484993636608
4,50,10,100,2427644565,11,conj,glucose42,MT19937-RandomState,4.978664219379425e-05,00001111111101111110011011001011010111100111111011101001110011011111101001111110111011010100110110011111110001111011110111110101110111100111011101111011111111110100001110111110011111100010110111100111111111000010100010010101101110110001111110011111011101010101011111111110011011010110011110111001110111111111100110011111110111111010111011111111011001111101111101100011111011001011010111011010011111101101111010011111001011111001111110011000110010110111000011101111111100101011110001111101010101111111,b2fc9817f5f2a749ca29e0443f84d535025de7a87cb5be338cb9b97a681c64b2,bernoulli,bernoulli|conj|p=0.7|zero=allow_iid|rng=MT19937-RandomState,0.7,allow_iid,0.000968126580119133,8.284114301204681e-05,0.0014161309227347374,0.0009957877919077873,0.6121604079380631,0.6156324818730354,0.0034628864377737045,32,109,1,6,SAT_unsat_identifiable,1,boolean_factorization,exclude_x,exclude_x,0,2678,7102,0,1,0,1,0,0,0,1,1,1,0,0,0.0056435540318489075
4,50,10,100,2427644565,12,conj,glucose42,MT19937-RandomState,5.1754526793956757e-05,01111000111110010111101110010011111011000011100011010011111111011011111111001111000011110111110110010011111111101101101111101111101110111111100101111001110110111111110110111101111111110101100101111110010111101111101011110111111101111101111101100101101111101101111111110001111111101100000111100101011101011010111100111011110101111101101011111001101110110101101111111101110101111111111011011010110101011111111011011010111111011110101111110111101010111010011110010111101111111011110111110001111111111010,edd4c33327fe93428b66c6502cd7a0c524a455e54801ee5bf6de26668b2116a8,bernoulli,bernoulli|conj|p=0.7|zero=allow_iid|rng=MT19937-RandomState,0.7,allow_iid,0.0009766491129994392,8.638482540845871e-05,0.0014748713001608849,0.0010161790996789932,2.8818873250856996,2.885449850000441,0.003554084338247776,33,87,1,6,SAT_unsat_identifiable,1,boolean_factorization,exclude_x,exclude_x,0,2917,7499,0,1,0,1,0,0,0,1,1,1,0,0,0.005547036416828632
4,50,10,100,2427644565,13,conj,glucose42,MT19937-RandomState,4.40916046500206e-05,11111101111110101111011001100011011110011011111111011011101001011011101001111111001101001110111110101110111011011110001011010111111111001001101111001111110111111111111111111101101101000111111101101110000111111110111110111111111110010011111110111101101101111101011110111110111111111011011111101101111111111110111011011011111111110101111111101111111011011100111001011010110111001111011010111011001111110111110111110101110100111110011101110111100111111111111110110110111111100010111101101011110111001110,a5f7dac0b352cca47bd4501582410f3138850b59693f1df4867935b949b84b9c,bernoulli,bernoulli|conj|p=0.7|zero=allow_iid|rng=MT19937-RandomState,0.7,allow_iid,0.0009025018662214279,7.703620940446854e-05,0.001222933642566204,0.0009824680164456367,9.914014887996018,9.917206862010062,0.0031849397346377373,27,77,1,6,SAT_unsat_identifiable,1,boolean_factorization,exclude_x,exclude_x,0,2383,6107,0,1,0,1,0,0,0,1,1,1,0,0,0.00514502078294754
4,50,10,100,2427644565,14,conj,glucose42,MT19937-RandomState,4.5948661863803864e-05,11110100101111111110111111110111101011011111100010110110100010011100111001010001111110101010101011010110111101100110011110101101110111001100001100111000111010101100011111110100111011110111011011111011100111111111101110101111111101111111100110110111101110111100110111110110110111101111111101011111111111100011010111100011110111011111001001001000000001110000011101001111111111101110001011000111111110111010110110010011011100101110110101111111110111001100101011011001101010111001111010111011001111011111,a5a3d1d4c6c3e71c3a01bf07d3f88d2046d19dc3d7f43dff7e4ea16d32d160b9,bernoulli,bernoulli|conj|p=0.7|zero=allow_iid|rng=MT19937-RandomState,0.7,allow_iid,0.0010325340554118156,7.628463208675385e-05,0.0013844817876815796,0.0009855479001998901,0.1370061170309782,0.14049257896840572,0.003478848375380039,31,136,1,6,SAT_unsat_identifiable,1,boolean_factorization,exclude_x,exclude_x,0,2479,6749,0,1,0,1,0,0,0,1,1,1,0,0,0.005610870197415352
4,50,10,100,2427644565,15,conj,glucose42,MT19937-RandomState,4.73465770483017e-05,11111011111110101111110010101111110011111111111111111111111111011111111000101101011011110001110111111100111111110011101001101100011110110011001110011010111100111111000100011101001101111111111101111110101110110000111101110101100111111111111110111111111101011111111110101110011111111110111111111111101011110000110010000111010011110011111110000001101010001110011101010111011111001111010101011111101101110001110111100001011011111001111111110010111101101100011111111110111111010111110001111011101011110101,f946f7987634780123951ffa615f95b9b62055fd735d5ec20127fb31160bc8c8,bernoulli,bernoulli|conj|p=0.7|zero=allow_iid|rng=MT19937-RandomState,0.7,allow_iid,0.0008988268673419952,7.721502333879471e-05,0.0012248111888766289,0.0009716255590319633,0.1621087845414877,0.16528793517500162,0.003172478638589382,27,116,1,6,SAT_unsat_identifiable,1,boolean_factorization,exclude_x,exclude_x,0,2223,5931,0,1,0,1,0,0,0,1,1,1,0,0,0.005714184604585171
4,50,10,100,2427644565,16,conj,glucose42,MT19937-RandomState,6.027985364198685e-05,01010111100100011100011011000001011111101111101110111010111111010100011110111101100110000110110111000011111110011101111001111010110101110111011111111111111101011100010011110011110110001101101011110110011110111011111011001100111110110111001111111000101000011011110111010110111111101110101011101111101101001010111111111111010101110111110101101001111101111111011011101110110010101001010111111011111111000100011110111110101110110111010101111010110110011011111011111001111110010101011010110111111111110101,3618229e0da1953946f0badaaeac53f1c2bd6f49b99e23f975792c30e6c35823,bernoulli,bernoulli|conj|p=0.7|zero=allow_iid|rng=MT19937-RandomState,0.7,allow_iid,0.0010621007531881332,9.458418935537338e-05,0.0013955291360616684,0.0009889369830489159,0.38434410095214844,0.387896123342216,0.003541151061654091,31,122,1,6,SAT_unsat_identifiable,1,boolean_factorization,exclude_x,exclude_x,0,2559,6837,0,1,0,1,0,0,0,1,1,1,0,0,0.005945809185504913
4,50,10,100,2427644565,17,conj,glucose42,MT19937-RandomState,8.627213537693024e-05,01111101001001111110011111100100101111110110011101111110110111011100110110011010110110111110111100111111111110001011001111101001111111111111110011111110101011111111011100011101011111011110110111001110111101011101110011001110101111100111111111111111110111001111110110110010111100010110100010101101001110000010111110001101011110111101111010001111111111111110111011001001010101111111110111010111011111111100111111111111011101111001011110101011100111101011110100110000011100111110010111101101010110101111,9bd5af499f5b885c61b0c235ef28fb6e5b130b6f39b07c2c8670a70191a4e0ea,bernoulli,bernoulli|conj|p=0.7|zero=allow_iid|rng=MT19937-RandomState,0.7,allow_iid,0.0010243672877550125,9.86885279417038e-05,0.0012892922386527061,0.0010402584448456764,0.5852555362507701,0.5887184366583824,0.003452606499195099,28,115,1,6,SAT_unsat_identifiable,1,boolean_factorization,exclude_x,exclude_x,0,2312,6163,0,1,0,1,0,0,0,1,1,1,0,0,0.005365033634006977
4,50,10,100,2427644565,18,conj,glucose42,MT19937-RandomState,4.6790577471256256e-05,11111111111110100111111111110001110011100101000111111011001110111001101111101011101010000110101110110110011111011111110111111001111101100111011010110111111100010100101101010111110101010111111101110110011110011110111111111110010111111011110110000010110001111111011111110100011000011110101111011111011100111101111110011110010011011111110111101110110011111111111111100101111110111001101111110111111110010110001011011110110111111011111011111111110111011011110011100001110111100110010010111111001011001001,57c0e37e49c6c2f208e7b03f84278d7906879df62840a8ba2bbbee7510628a25,bernoulli,bernoulli|conj|p=0.7|zero=allow_iid|rng=MT19937-RandomState,0.7,allow_iid,0.0009564980864524841,8.333474397659302e-05,0.0013339277356863022,0.0009885691106319427,0.5273521365597844,0.5307225873693824,0.003362329676747322,30,105,1,6,SAT_unsat_identifiable,1,boolean_factorization,exclude_x,exclude_x,0,2520,6660,0,1,0,1,0,0,0,1,1,1,0,0,0.0054404959082603455
4,50,10,100,2427644565,19,conj,glucose42,MT19937-RandomState,4.812050610780716e-05,10111101011100110010011101011110111110011111011001010111001011111101111111111110011111111101110111111110100111110010110001110110011001111111001111001100010111111101111110111111110010110100011001011111110011001110111111001100111111111111111111011111001110110111010111101111001001011111001111111011101111101010011101010110001111101110111101110111111111011111001111010101011011011111100011001110000101111111010110111100000101111110110110111111111110110101111111110111111011101111111111010011111011111111,d6c95f03104414d85b8696642f18e89bc5800e82900b555c7ba5b36bc4f859c2,bernoulli,bernoulli|conj|p=0.7|zero=allow_iid|rng=MT19937-RandomState,0.7,allow_iid,0.000874142162501812,6.95185735821724e-05,0.0011428184807300568,0.0010183406993746758,7.649660248309374,7.652772756293416,0.003104819916188717,25,87,1,6,SAT_unsat_identifiable,1,boolean_factorization,exclude_x,exclude_x,0,2115,5544,0,1,0,1,0,0,0,1,1,1,0,0,0.005053481087088585
4,50,10,100,2427644565,20,conj,glucose42,MT19937-RandomState,6.200838834047318e-05,11000011001101100011001100111111101110101111101110110011000010111111011111111110100110111101111001111011111011110111010011011011001111101010110110101100111101011101101010100011110111110010001110101101111111111111111111111111110111111110110110111111011111100111111011110111111110111101110001111001001001111100001111111111010111101011101111111111111101111110101011110111101111110001011111110100101111010111001011000111101010101111010011111011110111001101001001110100011111111001111011111101011011110010,364d1f7bd9e83f4667b61880a0a128b2aca130e1ca5d133fc2a184ca421d8b97,bernoulli,bernoulli|conj|p=0.7|zero=allow_iid|rng=MT19937-RandomState,0.7,allow_iid,0.0009571872651576996,8.012913167476654e-05,0.001148909330368042,0.0009863507002592087,2.4012496219947934,2.4044296089559793,0.003172576427459717,25,105,1,6,SAT_unsat_identifiable,1,boolean_factorization,exclude_x,exclude_x,0,2035,5456,0,1,0,1,0,0,0,1,1,1,0,0,0.005223424173891544
4,50,10,100,2427644565,21,conj,glucose42,MT19937-RandomState,5.040410906076431e-05,10111100111000100101101111111011101000110101011111110011111101110101111101101101111010100100010111110110001010111001111110111111111111111111011111001101111110100110011011011111001111110011110010111111111010111111100101101111111010100001101100101111111111111101101111001011001111011101110101110011111001101111000111010011100111101111011101011100111110111111101100111010101110110101101100111001011001111110111100111011111111011111111110110010101010101111001010110110110110111110010111110110011011111011,67a7f63db9b2ec92be4ddd8fb53d864ab56f6ac8d9c12df78fa8964efd4109c2,bernoulli,bernoulli|conj|p=0.7|zero=allow_iid|rng=MT19937-RandomState,0.7,allow_iid,0.0010734675452113152,9.431131184101105e-05,0.0015485109761357307,0.001010213978588581,8.04033931903541,8.044073516502976,0.003726503811776638,34,108,1,6,SAT_unsat_identifiable,1,boolean_factorization,exclude_x,exclude_x,0,2896,7610,0,1,0,1,0,0,0,1,1,1,0,0,0.005665132775902748
4,50,10,100,2427644565,22,conj,glucose42,MT19937-RandomState,5.446001887321472e-05,11001010001110110111011101101110111101110010100101101111110010011111110101001111011110010111011111111111110010100110011101011111110011011110001101110101111110111110011101101110110111111111101011111110011101111010111111111101010001111111101111011101001111000011001111000001111010111111111001111111010011010100111111111111000101011101101011101001110111111111101100100111111111101110111011011111111001011010011111110011111111100101111111111111100000111110011101101010111011111111111001101011101011111111,e6c78e107bae9e86ee5486c399a5519423b4c92e724057902961c50201b296c9,bernoulli,bernoulli|conj|p=0.7|zero=allow_iid|rng=MT19937-RandomState,0.7,allow_iid,0.0009569218382239342,9.354110807180405e-05,0.0013547120615839958,0.001050674356520176,0.4297027736902237,0.4331658873707056,0.00345584936439991,30,111,1,6,SAT_unsat_identifiable,1,boolean_factorization,exclude_x,exclude_x,0,2540,6682,0,1,0,1,0,0,0,1,1,1,0,0,0.005477956496179104
4,50,10,100,2427644565,23,conj,glucose42,MT19937-RandomState,5.1761046051979065e-05,01111101001011011110110111110111111111111110101011011110111111110001011110011111100001101111111001110110111011001111110111010001001001110111111111110110001111010111001111111011011001110100001011111110110110110110111000111111111101101110110100111011100111010111111111011011101111110001011101110010111101011111101111111111111000011110111100101101100110011010111110111010101011110010111100110111011101111100101111110111010110100110101111101111010111111110111011111011010111110110100011111111111001101010,8523537b0158a65fdf3d6098094f614faa2581e6bc7de4e5c5779d6461bf95ca,bernoulli,bernoulli|conj|p=0.7|zero=allow_iid|rng=MT19937-RandomState,0.7,allow_iid,0.0009670797735452652,8.528213948011398e-05,0.0014416193589568138,0.000996696762740612,3.7025514962151647,3.7060518246144056,0.003490678034722805,32,109,1,6,SAT_unsat_identifiable,1,boolean_factorization,exclude_x,exclude_x,0,2698,7124,0,1,0,1,0,0,0,1,1,1,0,0,0.005716141313314438
4,50,10,100,2427644565,24,conj,glucose42,MT19937-RandomState,5.3291209042072296e-05,10111111111110011110111101111100111111111010001111111111011100011111100001001111111110111111011100000111111110100010101111111110001101111111100110111111101110111111001110000111010111111110110111011110111111010010110101001101111111111111010111110110001101110010111100111011010010010011011100111111010100001001100111111011111011000111011111100110101110001000111111111111011011111101010111101001010001011100101011110110011110110001111111011111111011101111001111110111111100110001101011110011011111111010,6b88629372c798059a157d70b3db75430cf1b2af761a383cdceb101dafc54332,bernoulli,bernoulli|conj|p=0.7|zero=allow_iid|rng=MT19937-RandomState,0.7,allow_iid,0.0009775934740900993,8.757039904594421e-05,0.0012440355494618416,0.0010041706264019012,0.09228440094739199,0.09560649748891592,0.0033133700489997864,27,122,1,6,SAT_unsat_identifiable,1,boolean_factorization,exclude_x,exclude_x,0,2173,5876,0,1,0,1,0,0,0,1,1,1,0,0,0.00544513575732708
4,50,10,100,2427644565,25,conj,glucose42,MT19937-RandomState,5.111377686262131e-05,11100111101011101110110111000110110101111110011111110111111110111100001001000111110101111001011111101011101001110010100111101111100110011111101010101111110111011110110111110011110111111011111001110111111011111101111111011111101001101101101111111011010011111111101101111111111101001001111111101010011111110111110111010011111111011010011111111101111111001111011101110101100101011101011011111111010111001111111111110111011111101000111101111101101100110010100011111111111101111111110111001001110111101000,61ff70e9146e64205a40db0727590cf4b3b628317ec58e67cdf3f89810df53b1,bernoulli,bernoulli|conj|p=0.7|zero=allow_iid|rng=MT19937-RandomState,0.7,allow_iid,0.0010822005569934845,8.348561823368073e-05,0.0014338847249746323,0.000998515635728836,141.42329970095307,141.42690690606833,0.0035980865359306335,32,96,1,6,SAT_unsat_identifiable,1,boolean_factorization,exclude_x,exclude_x,0,2788,7223,0,1,0,1,0,0,0,1,1,1,0,0,0.005525360815227032
4,50,10,100,2427644565,26,conj,glucose42,MT19937-RandomState,4.921015352010727e-05,11111011110111111011011011111011111111111100110011001101111111011101001101000010011101110111010111011111101101111111001011011011011111110100011111110011110111111111100001010111011110001001101111100111011111111111011010111111111110101111111110101111101111011111111101000111101111011111000111111011011111101001101011101110111101111110011010111110100101001111011011111110001111000101111101110101111111111110011110110101110111011001110111111101101101110001011111010111111110110111001111101111101111101111,eef2214e4e5af6db6ef0704013dd0aa59295f417949895976925e755c2cb6563,bernoulli,bernoulli|conj|p=0.7|zero=allow_iid|rng=MT19937-RandomState,0.7,allow_iid,0.0009381910786032677,7.770955562591553e-05,0.0013040276244282722,0.0009970953688025475,22.944087885320187,22.947412801906466,0.003317023627460003,29,85,1,6,SAT_unsat_identifiable,1,boolean_factorization,exclude_x,exclude_x,0,2541,6549,0,1,0,1,0,0,0,1,1,1,0,0,0.005406432785093784
4,50,10,100,2427644565,27,conj,glucose42,MT19937-RandomState,4.9384310841560364e-05,11111111001111011000111110001101111011111011011010111101010011110111101111100101011001110101011111101111111001101011110101111111111101111111111110111000001011111111111111100011111111101111111110101111111111111010010110111110111111010101101010110101011110100011010010110111100110111011101111010111111110001111110101011110011111110111111101111111110001111001000001111111101101011110010100100101011110111011111001010110111110101011011001111110110111111011110001011100110110001111111110101101110111000010,c6404aa7b9cedf0b26e8a684345291fb58b058cca8d6df0487e65444b130ffd4,bernoulli,bernoulli|conj|p=0.7|zero=allow_iid|rng=MT19937-RandomState,0.7,allow_iid,0.00107564777135849,8.48555937409401e-05,0.0014614332467317581,0.0010305112227797508,1.3644302636384964,1.3680924084037542,0.003652447834610939,32,106,1,6,SAT_unsat_identifiable,1,boolean_factorization,exclude_x,exclude_x,0,2728,7157,0,1,0,1,0,0,0,1,1,1,0,0,0.005578967742621899
4,50,10,100,2427644565,28,conj,glucose42,MT19937-RandomState,5.238782614469528e-05,11111101010011011111011011111111100111010111111101101111011110011110101111110101010111001011110100111111101111011000111111101010001000101111110111111111110010111101110011111011111111011011010111111111100111000111101100110101111111111111111111110111101100111111101111111101100101111011110111110111111101000111111100110101010001010110111101010010011111110011111101111100111100011101101101001101111111111011110110110101011111110011101111111101110110100010111111101011011110101011000100100100111101110001,b37c816c4d11025898fbc5d0d975bfb689c654924c63f8d6f0d680fca99ffb41,bernoulli,bernoulli|conj|p=0.7|zero=allow_iid|rng=MT19937-RandomState,0.7,allow_iid,0.0009443033486604691,8.104555308818817e-05,0.0013077547773718834,0.000997796654701233,0.5111696980893612,0.5145083600655198,0.0033309003338217735,29,91,1,6,SAT_unsat_identifiable,1,boolean_factorization,exclude_x,exclude_x,0,2451,6450,0,1,0,1,0,0,0,1,1,1,0,0,0.005315208807587624
4,50,10,100,2427644565,29,conj,glucose42,MT19937-RandomState,4.6314671635627747e-05,01111110100101110111101100110111000100110111110111011111111110011011110111110101101111110111111101101111111101111111010111001110101100111110111110110110011001111001110111101111101010110111011011011110011111111101000111100001011101100101010111101011110110111110010111110111101110011101110111111111111011011111111110110111111111111011111001111111111101110111001001000110111001111110100111000110010111110010101001011111011010111100001110010111110111111011111111101101000111011110101111001101001111000011,bd18d3962f6d680d6e52875af9268bc972ded6f0b6696c0f03cdb81741fc1cbd,bernoulli,bernoulli|conj|p=0.7|zero=allow_iid|rng=MT19937-RandomState,0.7,allow_iid,0.000970686785876751,7.706601172685623e-05,0.001377960667014122,0.0009811492636799812,0.3269642200320959,0.330378414131701,0.0034068627282977104,31,107,1,6,SAT_unsat_identifiable,1,boolean_factorization,exclude_x,exclude_x,0,2629,6914,0,1,0,1,0,0,0,1,1,1,0,0,0.005610175430774689
4,50,10,100,2427644565,30,conj,glucose42,MT19937-RandomState,0.0001025572419166565,11101010111111001100101110010001111110111011110111111110011111111101111111101110111110111101111101110111100011111010111101100111111110101110100110110111111111101010111000101111110111111111111101110011111011111010011010101111100010111010101111111110111111101000011111010011111111111111111111111100111110011011111101011101111100111111010110111111110111111111111011111100101111011011101111111110111111110111111010111110111111111100001110010111101101111011111101011011010101111111111011101011101001100110,1582f3f95541934fb849259db8d80580e7e1a56697fc362b93f3ef898c64c1a2,bernoulli,bernoulli|conj|p=0.7|zero=allow_iid|rng=MT19937-RandomState,0.7,allow_iid,0.0007943306118249893,8.436013013124466e-05,0.0010954700410366058,0.0010162107646465302,0.43819169979542494,0.44173530768603086,0.00299037154763937,23,78,0,5,SAT_found_counterexample,1,boolean_factorization,exclude_x,exclude_x,0,2007,5157,0,1,0,1,0,0,0,1,1,1,0,0,0.004882525652647018
4,50,10,100,2427644565,31,conj,glucose42,MT19937-RandomState,4.797894507646561e-05,01000100101011111010101111111111011110111101110100110011011011111110011001011011101101110111101111011100101000100111101111110001011110101110111111110111010111111100010011010001110111010011111110011011011111100110010100110111101111111110111111011101111111110111111101111011110000111001101111111101011001011101111000111101011011111110111001111111011101101001111101011101111111111011111101111101111011101111111111011011111000111110011011111100101010100100101111110001111111101011111110101111111100011111,7970d6fed95f96cbb6022ef2f8f8768b354ac334824a091b8547e864595e46d0,bernoulli,bernoulli|conj|p=0.7|zero=allow_iid|rng=MT19937-RandomState,0.7,allow_iid,0.0011104624718427658,8.190423250198364e-05,0.0014196597039699554,0.0009951787069439888,9.727045447565615,9.730669216252863,0.0036072051152586937,32,99,1,6,SAT_unsat_identifiable,1,boolean_factorization,exclude_x,exclude_x,0,2748,7179,0,1,0,1,0,0,0,1,1,1,0,0,0.005943823605775833
4,50,10,100,2427644565,32,conj,glucose42,MT19937-RandomState,8.773338049650192e-05,11111000110001011110100111100011010101110111111111111011111110110101011111100101101011010110111001011111111111011010001001001001101010111111110110101011111110010011000111100010111111111110101111111111111010110001110101111111111111110111111110110100110111111111101101111101000111000101100011111101111001111011100011001111011010111101011001110011110101111111101110011010010011001111101011111111111011010101101110011000011010001101111011101011001110011111111111101100101011110111111110101110111111101101,517ef5f0192d5790552a71d710cfdf1fc4de81e847c34e5f59777d5ff44c6171,bernoulli,bernoulli|conj|p=0.7|zero=allow_iid|rng=MT19937-RandomState,0.7,allow_iid,0.00102902390062809,9.362399578094482e-05,0.0014135520905256271,0.0010141581296920776,0.5736453672870994,0.5772072421386838,0.0035503581166267395,31,116,1,6,SAT_unsat_identifiable,1,boolean_factorization,exclude_x,exclude_x,0,2529,6804,0,1,0,1,0,0,0,1,1,1,0,0,0.005572647787630558
4,50,10,100,2427644565,33,conj,glucose42,MT19937-RandomState,4.9318186938762665e-05,00111010011101110011011011011001100111011111101111101110110011111111110111101110001001011110110110001111011110110100111011111011111111100110111110110111111100011111000011111110110111101010100101111110101001100110111100011100011111111111111101101101111111001111110010111111111010111101000101111110010011001100100001101111100111111011111110101111101111001111111010101111111101110111111110111111111110100110101111100111111111101011111111101111111111110110111011101011110101111111001100011011111110111110,c82255a1628beaf1c3ec268bb7c2dfcf725b695af0a1703e9b91371194a34657,bernoulli,bernoulli|conj|p=0.7|zero=allow_iid|rng=MT19937-RandomState,0.7,allow_iid,0.0008812127634882927,7.513817399740219e-05,0.0012681884691119194,0.0009821681305766106,2.6094564804807305,2.612671909853816,0.003206707537174225,28,92,1,6,SAT_unsat_identifiable,1,boolean_factorization,exclude_x,exclude_x,0,2392,6251,0,1,0,1,0,0,0,1,1,1,0,0,0.005277491174638271
4,50,10,100,2427644565,34,conj,glucose42,MT19937-RandomState,4.9748457968235016e-05,11111000110111001010111110001111111010110110011110000111111101110111011011110100001110010111110111000011101111011101101011011110111110111100011110000111111000101111011100110110010111110011111111111111000011001000100100111101111001101101110101111111111011111011000110111011111100011101011111111111111101110111110000011111101101111111111101110111101111111011110111111111110101111000011110111011000111001101001011111011111111110010110101010111111111001101010111011001101010101100111010110111100111010101,5e4db5079042963746dd9b79bf4bad74a75a3408bb28a61cdfe67a9a534d248f,bernoulli,bernoulli|conj|p=0.7|zero=allow_iid|rng=MT19937-RandomState,0.7,allow_iid,0.0009218202903866768,7.836520671844482e-05,0.0012351954355835915,0.0009883614256978035,0.06376570370048285,0.06699800956994295,0.0032237423583865166,27,122,1,6,SAT_unsat_identifiable,1,boolean_factorization,exclude_x,exclude_x,0,2183,5887,0,1,0,1,0,0,0,1,1,1,0,0,0.0054786428809165955
4,50,10,100,2427644565,35,conj,glucose42,MT19937-RandomState,5.2459537982940674e-05,11101101010011101101111110111111011110111101010101111011111011111111111111111101110111011111111110111111011111111111101100111110111011011101011101100000111011110111111110011110010111110000111111011011111111111111110110110001111101011111101101100010111111101101011111111111111000110110101010100100111111111111110111111111111100101101100111111001011111011111111101011101111101101100111111011111111110001101111001111111111111111111111110101110110101011000001010011010110001111100111011110101110100010001,df8d7dec4dc947b927c9734486f944af4da36d8a6f1d2214e963f0899b9eb476,bernoulli,bernoulli|conj|p=0.7|zero=allow_iid|rng=MT19937-RandomState,0.7,allow_iid,0.0010006306692957878,8.475221693515778e-05,0.0013448260724544525,0.0010559707880020142,0.3319187546148896,0.33541465271264315,0.0034861797466874123,29,96,1,6,SAT_unsat_identifiable,1,boolean_factorization,exclude_x,exclude_x,0,2471,6472,0,1,0,1,0,0,0,1,1,1,0,0,0.005490555427968502
4,50,10,100,2427644565,36,conj,glucose42,MT19937-RandomState,5.273893475532532e-05,11111010111110111111111110111111100111011101011111001110011111111100111001000111111111101111111011100111101011110111111011111111001111111111111001001110101011100111111101011101111100111110010010111110111101011100111101111111110111011111110101000111101010111110001111111110001110100101110111011110110111010011011111100001111000110111010110110111011101111101010011111111111111111001101101100010111110010001111111110011110101101001010100110001111110111111111010100010111001011111011111111011110110110101,d560a30194f253c973bc5bd77e451f4034f0d3857bf56dac143ad1129a9f10bb,bernoulli,bernoulli|conj|p=0.7|zero=allow_iid|rng=MT19937-RandomState,0.7,allow_iid,0.0009824223816394806,8.049048483371735e-05,0.0012949751690030098,0.0010338341817259789,4.5772232646122575,4.580624057911336,0.0033917222172021866,28,101,1,6,SAT_unsat_identifiable,1,boolean_factorization,exclude_x,exclude_x,0,2372,6229,0,1,0,1,0,0,0,1,1,1,0,0,0.005434400402009487
4,50,10,100,2427644565,37,conj,glucose42,MT19937-RandomState,5.5692158639431e-05,11011111011100101111101111101010111101011011010111110001111001111110011110100110111101001100110111110101100110011101001111111011011111111110100111011001110101110101101101111100001011001111111110110111101111001011100110110011001111110110001001100110111111111010000111011111110111011111110111011111011010110110101111111111101100011111100101011001111100111001011010110000101011111110111111011111111000000101001111111101000111010111011111111111111001011110110111110111101110011101111111011111111010100011,caa95fed378b1a6d40af8fd15c3c2fdd3bfd199906d179b73919e75abb38fbff,bernoulli,bernoulli|conj|p=0.7|zero=allow_iid|rng=MT19937-RandomState,0.7,allow_iid,0.0010965075343847275,9.132176637649536e-05,0.0014270292595028877,0.0009966762736439705,3.9822869766503572,3.9859074195846915,0.003611534833908081,32,112,1,6,SAT_unsat_identifiable,1,boolean_factorization,exclude_x,exclude_x,0,2658,7080,0,1,0,1,0,0,0,1,1,1,0,0,0.005764356814324856
4,50,10,100,2427644565,38,conj,glucose42,MT19937-RandomState,5.597062408924103e-05,01111111011011001011111001010111111111011111101111000111111011111101110110101011110001011111111111111110111111111111001111111101111001011111111011111011010111110011000111011110111110101111100111110101111110111010111111001001001011100111111111011111100110111101101001111111111010100110111100011111111110100111110111110011110111111101011101111010100111101111011000011111111111111101110011110111011110010001001001101110110011011101111111111110101101010111111101111110011111101001110110011001111100110111,ab71b109d9af045efb447cb82b432a50212203a6f7c23911e0482624fdcd7850,bernoulli,bernoulli|conj|p=0.7|zero=allow_iid|rng=MT19937-RandomState,0.7,allow_iid,0.0010071806609630585,9.566545486450195e-05,0.001319989562034607,0.0010081147775053978,0.5116530656814575,0.5150925097987056,0.003430950455367565,29,84,1,6,SAT_unsat_identifiable,1,boolean_factorization,exclude_x,exclude_x,0,2511,6516,0,1,0,1,0,0,0,1,1,1,0,0,0.005342808552086353
4,50,10,100,2427644565,39,conj,glucose42,MT19937-RandomState,4.977453500032425e-05,11000111101000101001110011111111110110111111111011100000111111111101111101101100111011101111010011110011111011100100111111111111101110101110011111111111101011011001111110011011011011001011101111100110101110111110110111010011011000111010100010010011111111110110011100101000111001111011011110100111011011111111110011111101110011101111011010111110010101010110101111010101100101011010100111111101110111110110111101110100111110100011111000101101111100111101111110111010001111101111111011110011101101110000,c51fba0451329312e716c23f7231120141d9bd2e7fbfb295e91a73d450113a62,bernoulli,bernoulli|conj|p=0.7|zero=allow_iid|rng=MT19937-RandomState,0.7,allow_iid,0.0010440796613693237,8.750800043344498e-05,0.0013990970328450203,0.0010091504082083702,2.833329397253692,2.836877927184105,0.003539835102856159,31,107,1,6,SAT_unsat_identifiable,1,boolean_factorization,exclude_x,exclude_x,0,2589,6870,0,1,0,1,0,0,0,1,1,1,0,0,0.00557114090770483
4,50,10,100,2427644565,40,conj,glucose42,MT19937-RandomState,9.260978549718857e-05,11001111011101111111001011101111001111000010111101111111111111111110101111101100100011111101100011111110101001101000111111111101111011101111110011101111100000101000111111111111111110001111100100010011001111110110100111001101101111000110011110101111011011111001010111100011110111010010101111111001100001010011111101011011111100100111110010011111101111110111010100101111011111110101110110111010111111100011111110101001111011001011111101000101110011110111101101101110110011011111100100101001111010010011,e94b68899fbb46d6685ec67b3ab7b22f9a5aca8c16ebb8f2af3616ad08cc3896,bernoulli,bernoulli|conj|p=0.7|zero=allow_iid|rng=MT19937-RandomState,0.7,allow_iid,0.0010719690471887589,9.638816118240356e-05,0.001586342230439186,0.0010393466800451279,0.5308256112039089,0.5346299838274717,0.0037940461188554764,35,126,1,6,SAT_unsat_identifiable,1,boolean_factorization,exclude_x,exclude_x,0,2915,7765,0,1,0,1,0,0,0,1,1,1,0,0,0.005947500467300415
4,50,10,100,2427644565,41,conj,glucose42,MT19937-RandomState,6.316043436527252e-05,11010111111111110101101111100000110010111011011100110100110111011011111111001111101011110111010101011111111011111011110011111101001000111011100001111111110110111111110110111111011111111111111100001110110110111111011111010011110011111111011111111011111110010110111010100101110001110111111011010111011110101110110010110110111011101111111101111011001111110100011111111011101110111110011101011111111111100110001010111110010101111101111011111110011111010011101111111110101100111101011111001101100101001101,a618ab2f5a173129e1d9403e33200af54f7d5854330b546ed34d91103f5ee4cd,bernoulli,bernoulli|conj|p=0.7|zero=allow_iid|rng=MT19937-RandomState,0.7,allow_iid,0.0011258628219366074,0.00010093953460454941,0.0014158263802528381,0.0010284734889864922,1.253451880067587,1.2571323411539197,0.003671102225780487,31,95,1,6,SAT_unsat_identifiable,1,boolean_factorization,exclude_x,exclude_x,0,2649,6936,0,1,0,1,0,0,0,1,1,1,0,0,0.005556016229093075
4,50,10,100,2427644565,42,conj,glucose42,MT19937-RandomState,5.566980689764023e-05,00011101110010011110010110101111111111010011101010111000110111001101110101111110111110011110111011111011101101110111110101101111111101101010100011011010011111110111111111110100010110111100101010000110011110010111011111111110011101111011010001011111111111011010011010111011111111101110100111111101111101111111111111011111001011111111110110110111110111110110101101110111111111111111110111110011111011100111011101111000001110011100111110110011111101100111110111111110110011100011011010010110111001111111,57e097e75e4415fca090a2b58c40096c305da1b3634527d8b4dfa8d6898640ec,bernoulli,bernoulli|conj|p=0.7|zero=allow_iid|rng=MT19937-RandomState,0.7,allow_iid,0.0008968738839030266,8.38814303278923e-05,0.0012668529525399208,0.0010173553600907326,2.588437051512301,2.5917100375518203,0.0032649636268615723,27,100,1,6,SAT_unsat_identifiable,1,boolean_factorization,exclude_x,exclude_x,0,2273,5986,0,1,0,1,0,0,0,1,1,1,0,0,0.005379646085202694
4,50,10,100,2427644565,43,conj,glucose42,MT19937-RandomState,4.916824400424957e-05,01111111111111111111111111100011111111111111100011011111011011001011001001111111010101111111111011111111111010110111111100111111101111010111100111111111111011011010110011011111101101110110110011111111010110100110110100011111101011011111011111111011011101111110111110011011110011110011111101101011111110101001010101111111001110110101011101111101111111111111001110001101111110111001101011101101101111111111111111011010111011111011101111111111011111101101011011110011011111011111011110101011100111100111,cdc361fd8bed36c506785ef590d37a32209c13d366fbd4f97596ff7923d6d0a2,bernoulli,bernoulli|conj|p=0.7|zero=allow_iid|rng=MT19937-RandomState,0.7,allow_iid,0.0008802367374300957,8.632335811853409e-05,0.0013411277905106544,0.001030314713716507,41.003808377310634,41.00715407170355,0.003338002599775791,29,80,1,6,SAT_unsat_identifiable,1,boolean_factorization,exclude_x,exclude_x,0,2611,6626,0,1,0,1,0,0,0,1,1,1,0,0,0.005244860425591469
4,50,10,100,2427644565,44,conj,glucose42,MT19937-RandomState,4.710908979177475e-05,11001001111100111111101111101011111111101111100011110110010010111000010110011101111111000110111100101010101011000100110111101001111011001111110101010111110100100111111111101011111001011100111111110110010100101111011111001100111101011010011100101011011110110111011111100111101001111011110101111111100111011111111111001011101101101011100111100010011101001110101111110110111101111110100101101111111011100111111110110010111111111111010111100110110110110101111111010101010111110111101010110011110111110110,b6471285afa705ce8c94a3f029355343cae3175618f75bcf8c92186e665c2f1a,bernoulli,bernoulli|conj|p=0.7|zero=allow_iid|rng=MT19937-RandomState,0.7,allow_iid,0.0010787667706608772,9.006820619106293e-05,0.0015330668538808823,0.000984538346529007,0.10412196908146143,0.10781639907509089,0.0036864401772618294,35,118,1,6,SAT_unsat_identifiable,1,boolean_factorization,exclude_x,exclude_x,0,2985,7842,0,1,0,1,0,0,0,1,1,1,0,0,0.005768331699073315
4,50,10,100,2427644565,45,conj,glucose42,MT19937-RandomState,4.603434354066849e-05,11111101001110100111111111111101111111110111010111101111011110111110111101011111110011111011011110001111011111111110011101010100111010101111011011001011111110110011111011100011011110111110110110111111110010111101111110001111111100101110101011111111111111101010101011111011010101111111010111110011110111011111111001010010100111011101111111100101101011011010101111110111101111011000010000111111110011111011101111111111110000110111111111011101111111111010111111111111001101011110100001101110110110111100,b0596e82b9daccc2a73a137b766a245168ac5edd90cb38d0e2226e6f7ec9836f,bernoulli,bernoulli|conj|p=0.7|zero=allow_iid|rng=MT19937-RandomState,0.7,allow_iid,0.0009557195007801056,7.502362132072449e-05,0.0012611029669642448,0.0009832531213760376,16.635073602199554,16.638358277268708,0.0032750992104411125,28,92,1,6,SAT_unsat_identifiable,1,boolean_factorization,exclude_x,exclude_x,0,2432,6295,0,1,0,1,0,0,0,1,1,1,0,0,0.005327054299414158
4,50,10,100,2427644565,46,conj,glucose42,MT19937-RandomState,4.833005368709564e-05,11110111011101111011110101111011010110101111110011111100111101001111111101100010111001111011101111111111111011111011111111011100110011010111111001011100101111101110101101101111111001111111001011100001111101010101111111111111101110010011100110111101011111101111110111011111011011011101111111010101011111010110111011110110110111111100111100111111110001101111110010001101010111110111101011111101001111111001110101110111011000111111111001011110010111110111101101111111111101111010010101111100011110100111,a0f2fa21dbda49130cc316e738dc6acacfde306bebd4cbc5df661ed007a3097b,bernoulli,bernoulli|conj|p=0.7|zero=allow_iid|rng=MT19937-RandomState,0.7,allow_iid,0.0009481748566031456,7.822085171937943e-05,0.001344277523458004,0.001005309633910656,4.11225728970021,4.115641392767429,0.003375982865691185,30,89,1,6,SAT_unsat_identifiable,1,boolean_factorization,exclude_x,exclude_x,0,2630,6781,0,1,0,1,0,0,0,1,1,1,0,0,0.0053971633315086365
4,50,10,100,2427644565,47,conj,glucose42,MT19937-RandomState,4.630815237760544e-05,10111110111010111111101000001110111010111110011000111111011010111111011010101111100111011111110011111101011101111110101111011011111110110100010101111011000111110110011011000111111011111101111110111110110111101110011011101111111010001011110111101110111111011101110111111011110111111111101001111001111101101010101101111101100111100110111000010101010111100001110011011101111111100011001111100101101101101011011000111000011010111101011100111001100100011111111011011100111101001101110011111101111111101111,84beb99925d6f3b3cfd7fab43ad66f57272de33b7da2865d567fae65d3b08c27,bernoulli,bernoulli|conj|p=0.7|zero=allow_iid|rng=MT19937-RandomState,0.7,allow_iid,0.0010796058923006058,9.332969784736633e-05,0.0014494843780994415,0.000991377979516983,2.029453136958182,2.033074681647122,0.0036137979477643967,33,118,1,6,SAT_unsat_identifiable,1,boolean_factorization,exclude_x,exclude_x,0,2777,7345,0,1,0,1,0,0,0,1,1,1,0,0,0.005682324059307575
4,50,10,100,2427644565,48,conj,glucose42,MT19937-RandomState,4.739593714475632e-05,11111111101110101110010111011110111101111111111101111010111010100110000111111100010101010111110001011101010110011110111000111001101010111010111100011111000101111111101011111110101110111111111110111000110111011010100101000111101010001101111111101100101111110011001001011100011011011111011111111001100110011101101010010111001011101111001011100100101111101101111111100011011011110011111011011111100000101110001101110111100111111100100011110110101011111010110001111101011011100011111011011101011101001111,83a333dabf796f6fe414c429a6c492388466631d9c57c7e5049e4b7d6bf47950,bernoulli,bernoulli|conj|p=0.7|zero=allow_iid|rng=MT19937-RandomState,0.7,allow_iid,0.0009921388700604439,8.686073124408722e-05,0.0014611948281526566,0.0009880336001515388,0.8731011217460036,0.8766376739367843,0.0035282280296087265,33,127,1,6,SAT_unsat_identifiable,1,boolean_factorization,exclude_x,exclude_x,0,2717,7279,0,1,0,1,0,0,0,1,1,1,0,0,0.005760945379734039
4,50,10,100,2427644565,49,conj,glucose42,MT19937-RandomState,5.2823685109615326e-05,10110111011110111110111110101011100111100100110010110011111101010101111011010110111101011111011101111011101011100111111111111111111011110111011101100101001011100101111111110111101011011110010001110011101100111111011011111000111111100111110111011100110110111111111101101101111011010011011111110111111111111011110111111010111100010011110110110101110111110100111111101111001101111101000011110101101010111010000111110011101110101111011011101001011011110001011111011011111010111011101101111000011011111111,6508d9bf33fa66541838a6d6e4cc85b8a5c55e5f92a4761a17e7046bb68cb456,bernoulli,bernoulli|conj|p=0.7|zero=allow_iid|rng=MT19937-RandomState,0.7,allow_iid,0.001054803840816021,8.462928235530853e-05,0.0014644283801317215,0.001000220887362957,0.5918444488197565,0.5954572949558496,0.003604082390666008,33,105,1,6,SAT_unsat_identifiable,1,boolean_factorization,exclude_x,exclude_x,0,2837,7411,0,1,0,1,0,0,0,1,1,1,0,0,0.005654182285070419
4,50,10,100,2427644565,50,conj,glucose42,MT19937-RandomState,9.892880916595459e-05,01101010011101011010111111110110001110110111111001101101011110101111010101000011110111000011101110111011110111110000001101111101101111111101100010001101111110001111101111110100110000101101001111101001101111110101110101011101111011011011101110111011010001111100110100011100101111110110111111101110111110101111101010000101101110110101011111001010011101110011110101111111000111011000011111001010111111110100111011100011110110011010110001111111101100001111110111101011111111011111011101111111101110011111,52c735afb7206d08f785cfdb3c42257671f2f95c423e328cdeecad89716e64ac,bernoulli,bernoulli|conj|p=0.7|zero=allow_iid|rng=MT19937-RandomState,0.7,allow_iid,0.0009595630690455437,8.709821850061417e-05,0.001310480758547783,0.000980602577328682,1.2036352148279548,1.206981892697513,0.0033377446234226227,29,134,1,6,SAT_unsat_identifiable,1,boolean_factorization,exclude_x,exclude_x,0,2301,6285,0,1,0,1,0,0,0,1,1,1,0,0,0.005477294325828552
4,50,10,100,2427644565,51,conj,glucose42,MT19937-RandomState,5.335826426744461e-05,11111110100011111111111111100111111101111010101001101111011101011111111100111101111011100111111111111011000110110011111111110111110100001111101111111100111111110101111110110111100111110111010001111001000111111110111001110111111111001111001111010111111010101111011111111011011010111011111111001010000110111011011110111101000001101111111101010100100110111000101110111111010111111011111010101110111101101000111111111110111111111111110011110110111011101111101101100000111110101000110111101101100100011000,95b72b4018e48ab0f64d4743bdf4f13c498e4843f09e7d126461a8951bd89be1,bernoulli,bernoulli|conj|p=0.7|zero=allow_iid|rng=MT19937-RandomState,0.7,allow_iid,0.0009136227890849113,7.763039320707321e-05,0.001144549809396267,0.0009806947782635689,0.05872850771993399,0.061852628365159035,0.0031164977699518204,25,102,1,6,SAT_unsat_identifiable,1,boolean_factorization,exclude_x,exclude_x,0,2075,5500,0,1,0,1,0,0,0,1,1,1,0,0,0.0051579661667346954
4,50,10,100,2427644565,52,conj,glucose42,MT19937-RandomState,4.730653017759323e-05,11110111111010001100110010111111111111001010101001111111111101111000111101101111011111101101011111011110011100111001010100010111111010101111101101111110110111101111111111101110101111111111101111111111111111111111011111111111011110011110111101011010101011100110010101111111011111111100101110111110101100110010001111111111111011000011011101110111010101010111111111111011111110001010110001101111110011111110110101000111110000111011111111111100111111111011111100011001011010111101011011101011111001100111,dad399c84391a509ffc899ae642e739021b65f3118325e01e7835fe1797a5442,bernoulli,bernoulli|conj|p=0.7|zero=allow_iid|rng=MT19937-RandomState,0.7,allow_iid,0.0009216321632266045,7.53132626414299e-05,0.001262676902115345,0.0009786374866962433,0.4761230209842324,0.47936933673918247,0.0032382598146796227,28,114,1,6,SAT_unsat_identifiable,1,boolean_factorization,exclude_x,exclude_x,0,2342,6196,0,1,0,1,0,0,0,1,1,1,0,0,0.005372145213186741
4,50,10,100,2427644565,53,conj,glucose42,MT19937-RandomState,5.1009468734264374e-05,00111111111101010011000111111000010111110011011111001110101001111111111100011000110101001101111111011111110101110101110111110111100011111111111011101111111011011011111010111111101010011011111101110110111111101011111111111111110011111100011001110100001100001100111010011111100111111011101111010011111000101101001101111110101111110111111111111100101111110101111111111010100111011011110111011111011011100100011011011011011111110001011110111100100111111111110011111110101011110100110011111111100101111010,a00794a21b74c6ad06d63633c8dbee039c7ba0ec09b77b494e55f71f1eb92462,bernoulli,bernoulli|conj|p=0.7|zero=allow_iid|rng=MT19937-RandomState,0.7,allow_iid,0.0009788675233721733,7.989536970853806e-05,0.0013475120067596436,0.0009796498343348503,1.41312924772501,1.4165240842849016,0.0033859247341752052,30,100,1,6,SAT_unsat_identifiable,1,boolean_factorization,exclude_x,exclude_x,0,2570,6715,0,1,0,1,0,0,0,1,1,1,0,0,0.005422811955213547
4,50,10,100,2427644565,54,conj,glucose42,MT19937-RandomState,4.8873014748096466e-05,00011111100101000111111111011111011111110111100001111100111111111111111110011100011110011111111100111111100010111011111111101110111010001111011000110111110111111011000111101000001011011011100101011111110101111110011111100010101111011101100011111011010110111001111110111101110111111111110011111011101110101100111110011101100110010010001100111111111001001111010000111101011100011011100111111010010100100011100101010100111001111010001101110101011111100011111101111010101111101110001011001101101110110111,4718ce104b66eb61e1f1c4754c02f9ec583a0f28c495dab607416534bb1e4407,bernoulli,bernoulli|conj|p=0.7|zero=allow_iid|rng=MT19937-RandomState,0.7,allow_iid,0.0009314538910984993,7.316004484891891e-05,0.0011494047939777374,0.000990075059235096,0.7481498839333653,0.7513015894219279,0.0031440937891602516,25,136,1,6,SAT_unsat_identifiable,1,boolean_factorization,exclude_x,exclude_x,0,1945,5357,0,1,0,1,0,0,0,1,1,1,0,0,0.005260162055492401
4,50,10,100,2427644565,55,conj,glucose42,MT19937-RandomState,4.8099085688591003e-05,01111111111010011111101101001111111100101111111111110000111001001111111111100111001010110111110001111101011111101100111010100110111111111101000110001011000011011101100100111110111001111101110111100010101011011111111111011011111011101000110111010110111011001111011111010111101111111111111111111100111110011100111111011100011111111011010111101101110010111101000111111001111011111101111010110101101101010110101111111101111011101100101010011111001111111111110000010110110001000010011111110010011111111110,9bce2780fd9fc1b29da983d3415108df86a3f4a2ca03bf7dc3b41410dcf5b085,bernoulli,bernoulli|conj|p=0.7|zero=allow_iid|rng=MT19937-RandomState,0.7,allow_iid,0.0010125525295734406,8.221529424190521e-05,0.0013437233865261078,0.000985655002295971,0.28552965819835663,0.28896158654242754,0.0034241462126374245,30,114,1,6,SAT_unsat_identifiable,1,boolean_factorization,exclude_x,exclude_x,0,2480,6616,0,1,0,1,0,0,0,1,1,1,0,0,0.005472092889249325
4,50,10,100,2427644565,56,conj,glucose42,MT19937-RandomState,4.7165900468826294e-05,11101001011101100001111111111011100110101101000100110011100111111111111000010111111011100100101000101110011111110011111111100011111001110101110111111110111111001111011000011110101111100010101011011111110110011110101111111101011111111111010000101111111110100101110100110100011111110111111111110010101110001011000010011001100101011011110011111110111011010110010111011110011111010111100111101110010111110001101011101111111110011010011111111111011110110111011110001110011001111111111110101111111100011101,73b9431b4e0ce0672ebe403b071cd22cde3d54e113a0c6cfacaed80545437494,bernoulli,bernoulli|conj|p=0.7|zero=allow_iid|rng=MT19937-RandomState,0.7,allow_iid,0.000996135175228119,8.416641503572464e-05,0.0014201952144503593,0.0009820545092225075,0.6994901346042752,0.7029798934236169,0.0034825513139367104,32,135,1,6,SAT_unsat_identifiable,1,boolean_factorization,exclude_x,exclude_x,0,2588,7003,0,1,0,1,0,0,0,1,1,1,0,0,0.00563428457826376
4,50,10,100,2427644565,57,conj,glucose42,MT19937-RandomState,4.998873919248581e-05,01100111001111110111111101101011011010100001111111001010111101101011111111011011101000110110111111100100011001111111100100111111010101111010110000000111100011111100101011111010010011101011111100010011001000111010011011111110010011101101010101011101011110001111111111111100111111011111011111111111001100000011111111111101111101110111010001111001011111011101111100111110110111111101111111101111100100110010101111110101111111110011100101010100111000001111111011111110111010001111111111011111010111111011,633451634ba75f2bdb49c72753a534b0ec2a2fb8a29b480cba26eb5dd64100fc,bernoulli,bernoulli|conj|p=0.7|zero=allow_iid|rng=MT19937-RandomState,0.7,allow_iid,0.0010023992508649826,8.03917646408081e-05,0.0012986138463020325,0.0009847348555922508,0.2700220150873065,0.2733966400846839,0.003366139717400074,29,119,1,6,SAT_unsat_identifiable,1,boolean_factorization,exclude_x,exclude_x,0,2381,6373,0,1,0,1,0,0,0,1,1,1,0,0,0.0054505933076143265
4,50,10,100,2427644565,58,conj,glucose42,MT19937-RandomState,5.007442086935043e-05,00111101100111011111111011111101010111101101110011110011111110000101111111101001111100010111111011110101100111101001110111111100111010011010111111110101111111101110010101000111010011001110111011111111111111011100000111101110111011011111000111111111101111111110110101101101111111111110111011000110010101111111100111111111111111111110001111111011100111111100101110011001001111011110010111111101111011101000100100011101101101111110111010111101101111111111101101011100100110010111010111101011111111111111,bba5d15d5119acf1be8fcfa2c9511b79d5ddffb4cab4290e5f0cc494d961c34d,bernoulli,bernoulli|conj|p=0.7|zero=allow_iid|rng=MT19937-RandomState,0.7,allow_iid,0.0008968347683548927,7.153302431106567e-05,0.0011466741561889648,0.0009851884096860886,0.07432467024773359,0.077433698810637,0.003100230358541012,25,105,1,6,SAT_unsat_identifiable,1,boolean_factorization,exclude_x,exclude_x,0,2035,5456,0,1,0,1,0,0,0,1,1,1,0,0,0.00516566913574934
4,50,10,100,2427644565,59,conj,glucose42,MT19937-RandomState,5.171727389097214e-05,10111101101011111110100111100101100001011111111111001110100011111000110111111101111110011111110110101100101001101111110011101110111100111111111101111111011101110011001111111110111010011011101111101000101111111111110011111110100111101101011111101111100111000011111110110111111100110111111111111101110110111000001111110001111001011110110011111110101010011111010101101110011111110001100111111111101111001001101111011011111110111101111110011110101101111110111101011100100111011101100110111101111011110111,fc0f5bb2518f35a8c247a201231d0e05e05ee17f8487636434249edbb62617cd,bernoulli,bernoulli|conj|p=0.7|zero=allow_iid|rng=MT19937-RandomState,0.7,allow_iid,0.000967465341091156,7.672794163227081e-05,0.0013029025867581367,0.000990067608654499,0.09267973992973566,0.09651417098939419,0.0033371634781360626,29,94,0,5,SAT_found_counterexample,1,boolean_factorization,exclude_x,exclude_x,0,2511,6516,0,1,0,1,0,0,0,1,1,1,0,0,0.005236436612904072
4,50,10,100,2427644565,60,conj,glucose42,MT19937-RandomState,7.737241685390472e-05,11111010101001111111111110111011111011010011011110111110111111111011100111011111101111101100110011100110011101111111101001000100111001111111110110111111001111100000000010101101111111010110110110101011110011111111111111110101011101110001111111111111101101111101101000111111111001111111111100101011000101010111111110110011000111110111001111111101111110110110110010100001110001101101111100000101011001111111100110100010110001011101011110110101110101111100111111101000101001011101101100100111010010011011,24bebe401d1c9f310a3d303f11e1d9805bdb584ce799bafba56c1d72698a0ca3,bernoulli,bernoulli|conj|p=0.7|zero=allow_iid|rng=MT19937-RandomState,0.7,allow_iid,0.0010842205956578255,8.873920887708664e-05,0.0013848170638084412,0.001010056585073471,0.19005226157605648,0.1936414521187544,0.0035678334534168243,31,119,1,6,SAT_unsat_identifiable,1,boolean_factorization,exclude_x,exclude_x,0,2509,6782,0,1,1,0,0,0,0,1,1,1,0,0,0.0057678185403347015
4,50,10,100,2427644565,61,conj,glucose42,MT19937-RandomState,7.178541272878647e-05,01001100010011111111111011101101011011111111111110111111110010011001101111101101111010010111011111111111000101110001000110001100101110001001011111111111110111111101011110001111111110110100011110111100100111100010011011011011100111011111110111111001011111100001111111111101111101101111011011111001111110111000110111101111011100101111111011010111011111100111011010111011010110110111111101111110111101111101100111110000110111010110011111111110111001011101111110110011111100101111010101111011101111011111,0e808503f1b58e4be4eb9b3af7fb67aa561a400ec4650c9bc6e3e5b18768b09c,bernoulli,bernoulli|conj|p=0.7|zero=allow_iid|rng=MT19937-RandomState,0.7,allow_iid,0.0009402772411704063,8.043088018894196e-05,0.0012612733989953995,0.0009719636291265488,7.968512526713312,7.971776131540537,0.0032539451494812965,28,108,1,6,SAT_unsat_identifiable,1,boolean_factorization,exclude_x,exclude_x,0,2342,6196,0,1,0,1,0,0,0,1,1,1,0,0,0.005319581367075443
4,50,10,100,2427644565,62,conj,glucose42,MT19937-RandomState,4.9740076065063477e-05,11011111101010011101001110001110111111100010101111101110111101101001111110001001110101110101110001111001101111101011001101010111101111111011011111011101111011111111111110111111111110111110111000001011011011111111110111100110010100001111011011101011100111100011111110111011110111111110101111111110110010111101011111010111111010111111110001011010111110101110011111111011111001110110111111100011111111001111011111111100111011101011110101110011111001111011011111011111111100111111111011110110101111111010,b22fff0a0537103539ccf8bfd27dea9eae0663981da67ef11f968fda23c8c427,bernoulli,bernoulli|conj|p=0.7|zero=allow_iid|rng=MT19937-RandomState,0.7,allow_iid,0.0009485566988587379,7.622223347425461e-05,0.0012212693691253662,0.0009761368855834007,1.263537130318582,1.266768273897469,0.0032221851870417595,27,97,1,6,SAT_unsat_identifiable,1,boolean_factorization,exclude_x,exclude_x,0,2303,6019,0,1,0,1,0,0,0,1,1,1,0,0,0.005240981467068195
4,50,10,100,2427644565,63,conj,glucose42,MT19937-RandomState,5.07161021232605e-05,10110111101011111111111111101100011100011101011110111100111111011001101111010111111101111011011110100111101001101101111111101101010111100011101110010111011111101110001111110000011110110001101101111011111110100111100110010111110110011111001001001111100111111010110111101011101110001110011000110111111110011110111100110010111111101111110101110011111111011111101100000001111111011111011111101111111101111110101111101111011001001110101111110101110011101001100000110000111110111111111101111111111000010110,39b06510112d7fa8554a9ee2b929591dc95ae898f4ca8e0bc6d82650def1f6a5,bernoulli,bernoulli|conj|p=0.7|zero=allow_iid|rng=MT19937-RandomState,0.7,allow_iid,0.0009747650474309921,8.127279579639435e-05,0.0012614773586392403,0.000982469879090786,0.10922616254538298,0.11254059430211782,0.0032999850809574127,28,111,1,6,SAT_unsat_identifiable,1,boolean_factorization,exclude_x,exclude_x,0,2292,6141,0,1,0,1,0,0,0,1,1,1,0,0,0.005599798634648323
4,50,10,100,2427644565,64,conj,glucose42,MT19937-RandomState,7.593631744384766e-05,11001011001111101111101111100110111101100111101011011001101110000111000110011110011101100011100101111111001110111011011111111101110000101101111101110011100111111101001011111111111011110110111100101001110100011011011010110110110000111110100010000111011111110101111011011111101111111110101110011000111101110010101111111100101111111111111111100111111001111110111110101111010111111111111111001111010111011110111110101111111101111011101111010111101101111010111001101110111111110111011011111110111001011011,bd0b44866842de39740abeada6c022398ded17ce40fcf886c4a639016e332052,bernoulli,bernoulli|conj|p=0.7|zero=allow_iid|rng=MT19937-RandomState,0.7,allow_iid,0.0010274313390254974,8.616223931312561e-05,0.00130549818277359,0.0009886743500828743,0.5234261509031057,0.5268446430563927,0.0034077661111950874,29,108,1,6,SAT_unsat_identifiable,1,boolean_factorization,exclude_x,exclude_x,0,2421,6417,0,1,0,1,0,0,0,1,1,1,0,0,0.005420330911874771
4,50,10,100,2427644565,65,conj,glucose42,MT19937-RandomState,4.668720066547394e-05,01010101111111111010101111111111001111111101111100011101101011001111101011111101011011111111111111110011101010111011001110111111111000011110000101111101111000111011110110111110011101011110110011111111111111111101111011100101101100001101111111010111101011101110111000111010010111111111100111010011011101010010000100110111001110111111101111011110110111011111111111111111011111111110101101011010101100101111111011111011011110111111010111111111111101110010110110111011111001111111110001110111100011110111,f6a6e16682ea9c1d121d671e040a257e4be272cbd7eca8959f68705dd6f5a458,bernoulli,bernoulli|conj|p=0.7|zero=allow_iid|rng=MT19937-RandomState,0.7,allow_iid,0.0009032636880874634,7.426459342241287e-05,0.001263224519789219,0.0009776074439287186,0.19034176878631115,0.19406815711408854,0.0032183602452278137,28,79,0,5,SAT_found_counterexample,1,boolean_factorization,exclude_x,exclude_x,0,2442,6306,0,1,0,1,0,0,0,1,1,1,0,0,0.005101742222905159
4,50,10,100,2427644565,66,conj,glucose42,MT19937-RandomState,4.6514905989170074e-05,01011001010110111010110100011100101000111111111110111111111111010000010101101101100110110110110111111011110011101100110101111110011101101100101010100110100111011111011111110110011111010110110001100111100100111100001001011101111011101001101110101100111111110110111111101011011111111100101011010101111010111011110111011011011111011100110111110011111011110110111101001101111111110110111101110011000001011001000101100111101111101001011111111111110001111110111110010110111111111110001011111111011101111100,d23f397255d6bbb3d8dc4bd80199698dc0f1e01843dc66a289745b7e146edba7,bernoulli,bernoulli|conj|p=0.7|zero=allow_iid|rng=MT19937-RandomState,0.7,allow_iid,0.0011280002072453499,8.347537368535995e-05,0.0015333909541368484,0.0009743915870785713,0.14168986212462187,0.14541823789477348,0.0037192581221461296,35,126,1,6,SAT_unsat_identifiable,1,boolean_factorization,exclude_x,exclude_x,0,2855,7699,0,1,0,1,0,0,0,1,1,1,0,0,0.005852889269590378
4,50,10,100,2427644565,67,conj,glucose42,MT19937-RandomState,5.628913640975952e-05,10100111111101111011101110111100111111111111110010111111101011010010111110111110110111111111001110111110110011101111111111010001110110010111100011011111101111111111011111110110111100101010101111100111111111101101111111010110011110110111111001101111100010001110001111111010110111010111101101111011111111011110001000101111100111110101111011111111011100110111110110110101101011001111110011011000110111111111011111011010111111110011111111001011110111111111111011010000111101011111110101111111111010100111,71fcfcddbaa18e670a2e5be9411cd3f9597c9a157f3f0a56edc0b879b814375d,bernoulli,bernoulli|conj|p=0.7|zero=allow_iid|rng=MT19937-RandomState,0.7,allow_iid,0.0009164148941636086,8.847564458847046e-05,0.001223570667207241,0.0009834077209234238,0.09085823316127062,0.09458348527550697,0.003211868926882744,27,83,0,5,SAT_found_counterexample,1,boolean_factorization,exclude_x,exclude_x,0,2333,6052,0,1,0,1,0,0,0,1,1,1,0,0,0.0050747208297252655
4,50,10,100,2427644565,68,conj,glucose42,MT19937-RandomState,5.0259754061698914e-05,10011010110110010011101101101000111111011001111111111011101101011111100010111111111111110111010111111001111011101111111110110001010110111011111110100110110010011011111100001111111011111111011011101011101111001111000100101101010101001010111011110101110110011111111111110000111011011111111110011101000000010011110111111011100011001010111110011111101010101101011010100111111111001111111111111111110011111111011111110101111101101110101110100111111111111011101000110100111010111111110101110111000110111010,faf9d321f0ff455cc30a2aaf662079c33fa74a0acb048a5bb1ded9423bc2746b,bernoulli,bernoulli|conj|p=0.7|zero=allow_iid|rng=MT19937-RandomState,0.7,allow_iid,0.0009494563564658165,9.12882387638092e-05,0.0013350853696465492,0.000982091762125492,1.0061613861471415,1.009528168477118,0.003357921727001667,30,109,1,6,SAT_unsat_identifiable,1,boolean_factorization,exclude_x,exclude_x,0,2490,6627,0,1,0,1,0,0,0,1,1,1,0,0,0.0054491059854626656
4,50,10,100,2427644565,69,conj,glucose42,MT19937-RandomState,4.895497113466263e-05,10001110110110011111111111111100011011110110110011111100101110110100111111001101011010111111111110011101101111001011111101111011111111101101111000001111011001010110110111110101011110111110111001001010110101000111101111111111111111100011101111100101101101111111101111111111110001110011111111101100100111111111111101101011110011000001101101101110111001110101011100101111111011110110011100110101111011101110111101101111111111101111100001110111010100110100110111110111101001111110010001001010111000110110,7c954a010f064971a86a151752efabac8eab9ed9dfc629113f40e359c13a68aa,bernoulli,bernoulli|conj|p=0.7|zero=allow_iid|rng=MT19937-RandomState,0.7,allow_iid,0.0009304843842983246,7.674936205148697e-05,0.0013341577723622322,0.0009889323264360428,6.039748564362526,6.0430891290307045,0.0033303238451480865,30,115,1,6,SAT_unsat_identifiable,1,boolean_factorization,exclude_x,exclude_x,0,2500,6638,0,1,0,1,0,0,0,1,1,1,0,0,0.00550161674618721
4,50,10,100,2427644565,70,conj,glucose42,MT19937-RandomState,9.054876863956451e-05,00010111001111101101110011010010101010100001111011111010010011111011111111111111001111111110001001011111111111111011111110101010110110011111100101001101111101101110110111110111100111011001011100110011110110111100001111011110110101110011011101111010111110111101001011011100111111110010011111101111111111111010001101011001110101001111011001110111101011111010111000111111111000011111011110111111111111011001111101110101011100011000101111111110011101110111010001111011110110001111010110010010101101101101,ba6bede61fdf552495674ae929e381e8b4079c613b4a1e22ea27bd6c4c69d3c3,bernoulli,bernoulli|conj|p=0.7|zero=allow_iid|rng=MT19937-RandomState,0.7,allow_iid,0.0010372670367360115,9.17389988899231e-05,0.0013126479461789131,0.0010017724707722664,0.11815440841019154,0.12160742003470659,0.003443426452577114,29,124,1,6,SAT_unsat_identifiable,1,boolean_factorization,exclude_x,exclude_x,0,2341,6329,0,1,0,1,0,0,0,1,1,1,0,0,0.005426093004643917
4,50,10,100,2427644565,71,conj,glucose42,MT19937-RandomState,5.0844624638557434e-05,11111101011101101111111111111111101001000111110110100101111010011011111101111101001010101101110110000001001111101011111111111001010110111101100101111011011111101011111110111110111111100001001100110101111001111110101101110100111110111010111111111111110110111111111101011100111011000010101110101111110101111100010110101110111111111011010101011101101010111111110111001010111101111001111001111111111000111001101101111011101110111101110101111111010110111101011110010110001110101111110100011110110110111111,944c67cb279fe926d977b97d1130f4c38ac8a8aaa9bd46083108aecdf1293eaf,bernoulli,bernoulli|conj|p=0.7|zero=allow_iid|rng=MT19937-RandomState,0.7,allow_iid,0.0009406972676515579,8.237827569246292e-05,0.0013332655653357506,0.000984341837465763,0.30608736258000135,0.30943595338612795,0.0033406829461455345,30,104,1,6,SAT_unsat_identifiable,1,boolean_factorization,exclude_x,exclude_x,0,2550,6693,0,1,0,1,0,0,0,1,1,1,0,0,0.005449935793876648
4,50,10,100,2427644565,72,conj,glucose42,MT19937-RandomState,4.778057336807251e-05,11110110111111111110111110111111111110011110101111101111111011110111100100100111001111111101101110011011000110111111010110011100011011111111111111110101101010111011011111110111010111001110101110110101111011111111110101011110110101101111100001101110110101011000111011111011111111111001011011111111110011111100001111011011011011011111111111110101011001111111011001011110101111111000011100001110101000111111011111110101101101111111011101110101011011111111111111011011111111111101010011111011011111111110,8f3ac6e94468c3f2cf070ace6a0720d51fb2a967b7b995f69897bceb8a1ec3f7,bernoulli,bernoulli|conj|p=0.7|zero=allow_iid|rng=MT19937-RandomState,0.7,allow_iid,0.0008627111092209816,6.721634417772293e-05,0.0010637054219841957,0.0009755911305546761,5.855881113559008,5.85885803680867,0.0029692240059375763,23,87,1,6,SAT_unsat_identifiable,1,boolean_factorization,exclude_x,exclude_x,0,1957,5102,0,1,0,1,0,0,0,1,1,1,0,0,0.005058471113443375
4,50,10,100,2427644565,73,conj,glucose42,MT19937-RandomState,5.0401315093040466e-05,00111111101111111111111001000111111111010010111111010111111111101101111111101001111111011011111000011100010111011100010001110010111010100111101111101000110100101011011111101101010110101101111111110111111111001100101101110111111101110110111101011011101000100111100111011010111101011100001110111101011111111001110111011101111001101100111111101101101111010111110110110101111011110011011110111111111111100111111101110011110101011101111101111101011111111111011110011111011011111010100101101111111110001001,b2b0b152aede8f0f95f1f6b28f7761625f506e47a3fa922fea3a97ffa725a446,bernoulli,bernoulli|conj|p=0.7|zero=allow_iid|rng=MT19937-RandomState,0.7,allow_iid,0.000997813418507576,7.865764200687408e-05,0.001270262524485588,0.0009928559884428978,3.903116228990257,3.9064634991809726,0.003339589573442936,28,99,1,6,SAT_unsat_identifiable,1,boolean_factorization,exclude_x,exclude_x,0,2382,6240,0,1,0,1,0,0,0,1,1,1,0,0,0.005373002961277962
4,50,10,100,2427644565,74,conj,glucose42,MT19937-RandomState,5.5480748414993286e-05,11111111101011010111011111111101011111011111001101110111011101011100111101110100111111111110000111011001111110111010011111111011111110111100101111011001111111001011011101111101011100111110111010100101010111011111010011000011111011011111010001001111100001101111111111011111110111111111101111111111011100110111110110111110111111011111010111000011110111001101101101010110111111111100011001111011101110101111111101111010101011111010110011111100110111111101111101011101110111101111011101101101001111100111,15db06d1d87ef609fbe613283899c72ac15bcd189e278cbcec6bee47439cce75,bernoulli,bernoulli|conj|p=0.7|zero=allow_iid|rng=MT19937-RandomState,0.7,allow_iid,0.0010637696832418442,9.264983236789703e-05,0.0014374004676938057,0.0010087257251143456,9.394664843566716,9.398275789804757,0.0036025457084178925,32,84,1,6,SAT_unsat_identifiable,1,boolean_factorization,exclude_x,exclude_x,0,2788,7223,0,1,0,1,0,0,0,1,1,1,0,0,0.005598000250756741
4,50,10,100,2427644565,75,conj,glucose42,MT19937-RandomState,5.3309835493564606e-05,00110110110100000111111111011001110011010101010011111111111011111101111111111111110011111101001111111111111111110100000111010111110101100011111111111111001111101001100111111111111111001100011010011110100011110111011110101100111110111011110111010011011111101111010001011111011111111101110010111111111100100100111111100110110100011011010111110110111100110111011000110101111010011101111111011101101111011100111011101111101111011111010100010111010011111101000101110100110101111000011110100010000011111100,82143b7feb6188019483dc8cc612b431f7cc8607a8bcf2f8794531c9308d64b3,bernoulli,bernoulli|conj|p=0.7|zero=allow_iid|rng=MT19937-RandomState,0.7,allow_iid,0.0009015770629048347,8.495338261127472e-05,0.0012714248150587082,0.000981300137937069,0.3012500563636422,0.30449867993593216,0.0032392553985118866,28,123,1,6,SAT_unsat_identifiable,1,boolean_factorization,exclude_x,exclude_x,0,2232,6075,0,1,0,1,0,0,0,1,1,1,0,0,0.005452671088278294
4,50,10,100,2427644565,76,conj,glucose42,MT19937-RandomState,4.7480687499046326e-05,11111010111100111111111111101011011111111010110111111100110101011110111011111011110111011111111101110111101001110111110111111111011110101111111011111111110111011111111001111101110011110101111111010101110101011101101110110111101000111111101110110100111110111111100101111101011111100100110110111001011110101111101011001101111110111100110100111011001010011011011011001101001111101101010101111011111001111111110110110100110111110101101110011011101101001000111010111101110000110111110000111111011101011111,17f1e9342bc92d8753568fb3aca43851ac2fcdd4341b59741fb73782c0a2cf72,bernoulli,bernoulli|conj|p=0.7|zero=allow_iid|rng=MT19937-RandomState,0.7,allow_iid,0.0010490166023373604,8.379481732845306e-05,0.0013097524642944336,0.0010042786598205566,2.8312635496258736,2.834724376909435,0.0034468425437808037,29,94,1,6,SAT_unsat_identifiable,1,boolean_factorization,exclude_x,exclude_x,0,2511,6516,0,1,0,1,0,0,0,1,1,1,0,0,0.005536477081477642
4,50,10,100,2427644565,77,conj,glucose42,MT19937-RandomState,6.51869922876358e-05,01110001010001101011100011110011111011011111101011111100011111110100011110010010111011101101110110101101000101110111111101001110101101101000110101111110010111011100100101001111110101101111110110101111111110100111011111111111101110000110101111001000101110011011111101011111011010111111101111110111101110101011110110000100111010111101101110111011001000100110111101011011111111101001111111111111100100111101111111100111111111111111101010000110111111011111000101000010101111011111110011111011010101110111,a9004e39e83f8f64570a45b33dcf71cd5e9a162a87c4a213010d0792e3d63456,bernoulli,bernoulli|conj|p=0.7|zero=allow_iid|rng=MT19937-RandomState,0.7,allow_iid,0.0009999340400099754,8.488260209560394e-05,0.0012356070801615715,0.0009902119636535645,1.3786300271749496,1.3819501651450992,0.0033106356859207153,27,138,1,6,SAT_unsat_identifiable,1,boolean_factorization,exclude_x,exclude_x,0,2143,5843,0,1,0,1,0,0,0,1,1,1,0,0,0.00538200419396162
4,50,10,100,2427644565,78,conj,glucose42,MT19937-RandomState,4.695449024438858e-05,11111100111111011101110101111111011010101110111001101111110100110110100010110111111110111101010111111111011111110111011111100111011110000101000110101111011101001011101111100011000010101111100100001010110111111111110100110110000011111110110101111011110111110111111111100111101111011111011101101101111011111000110111110111111111111011101010111111101111111110011011110011111101011101000001110101110111101011111101101111111101110011011101111011100111110110101101111110110011011111101101101001010110011111,fa0a29242979b6ff4c77bb9f109aa068900f501bf5340368b5cafc65b88a273b,bernoulli,bernoulli|conj|p=0.7|zero=allow_iid|rng=MT19937-RandomState,0.7,allow_iid,0.0009344602003693581,7.301010191440582e-05,0.0012563755735754967,0.0009737731888890266,0.09769924357533455,0.1009454196318984,0.003237619064748287,28,109,1,6,SAT_unsat_identifiable,1,boolean_factorization,exclude_x,exclude_x,0,2382,6240,0,1,0,1,0,0,0,1,1,1,0,0,0.00538763590157032
4,50,10,100,2427644565,79,conj,glucose42,MT19937-RandomState,5.0836242735385895e-05,11101010011000101111010001011100000111111111110110111011111010011010011101110111111001101110111110011111111011111001101101101011111110111100111111111110111001111110111011110111100111111111101110011011101101100110101011110110111111000011111110110111001111110011111010110111111110111111110100110101111011110011111110011101011110111111111100101111111010011010001111100011110110000111111100111011111111111101011111111101011110111001111111011011011110011101110111111111110111100111000001111110111111111001,ec3159c98ff44f3727ff95a15ccdedc3703e9092a133eefff09c8d0787771982,bernoulli,bernoulli|conj|p=0.7|zero=allow_iid|rng=MT19937-RandomState,0.7,allow_iid,0.0009888596832752228,8.940417319536209e-05,0.0013434886932373047,0.0009803157299757004,0.855831366032362,0.8592411065474153,0.00340206827968359,30,84,1,6,SAT_unsat_identifiable,1,boolean_factorization,exclude_x,exclude_x,0,2640,6792,0,1,0,1,0,0,0,1,1,1,0,0,0.005402146838605404
4,50,10,100,2427644565,80,conj,glucose42,MT19937-RandomState,9.246077388525009e-05,11111111111110001111101111011111110111111111101001111011110111101111001110001110001111111111000001101011101001111001111100111101011110101100010111111110000111101100110111110111011110011010101111111010101101111011011111011110111111111011110111000100110111010001111101011110111101111001100010101011111111111001000100101110110011110111111011101111010111101011111000011110111001101101000111101101101101111011101001111110111010111110111011111111110011111000011111111101011001101111111001110011111111101100,e8da1ee22915340f2c94da86293fc888a880e5449ec3ad1eed717435943c0500,bernoulli,bernoulli|conj|p=0.7|zero=allow_iid|rng=MT19937-RandomState,0.7,allow_iid,0.0009002424776554108,8.908752351999283e-05,0.0012369444593787193,0.0009895414113998413,6.943676421418786,6.9469025088474154,0.0032158158719539642,27,96,1,6,SAT_unsat_identifiable,1,boolean_factorization,exclude_x,exclude_x,0,2283,5997,0,1,0,1,0,0,0,1,1,1,0,0,0.005400428548455238
4,50,10,100,2427644565,81,conj,glucose42,MT19937-RandomState,4.973914474248886e-05,01101111101111011111010111100111111111111100101101101101111110101010001010111101111111111111010111110001000011111101001110111010111011111111011111011111111111000100010100111110111011100011111101111110111110010100001111011001010001010111111110111110101110110111101111110011111011111101111100110100011101111011111011111111101111110111110100101111100110001111010101101011001010111001101101111110100101110111011011011111111111001110111011011111111011111101111000011111011110111111110111100000101111110011,9f6af8a2e168c333e7017efb5d1cd27234063f3f9baa0c28fac16e7383b73103,bernoulli,bernoulli|conj|p=0.7|zero=allow_iid|rng=MT19937-RandomState,0.7,allow_iid,0.0010068649426102638,8.14627856016159e-05,0.0013153478503227234,0.0010086065158247948,0.10506703797727823,0.10848810616880655,0.003412282094359398,29,115,1,6,SAT_unsat_identifiable,1,boolean_factorization,exclude_x,exclude_x,0,2431,6428,0,1,0,1,0,0,0,1,1,1,0,0,0.00553759653121233
4,50,10,100,2427644565,82,conj,glucose42,MT19937-RandomState,5.134008824825287e-05,11101011110110110010010001111100011111111001101111111011111111001011011011000111111011111011101101011111110011100100111010111111111111011110111100101111010101101111011001110100101100110111110011111011111011111100110010101101110101110101111101011111111110011110011111111011110110110101010010000101001110100101111111111110111011111110111111111111101001111010000111110111001100011101001100101101111001101111111111111011110110010110011011111111110111110010111111111111100111111111011110111110100111000011,d381098e740b26a2340cb28d6e1c19b25c0fe9f0b71177b97bfe50663f640a54,bernoulli,bernoulli|conj|p=0.7|zero=allow_iid|rng=MT19937-RandomState,0.7,allow_iid,0.0010330798104405403,9.11736860871315e-05,0.0013920217752456665,0.001029682345688343,0.2771430453285575,0.2806982593610883,0.0035459576174616814,30,111,1,6,SAT_unsat_identifiable,1,boolean_factorization,exclude_x,exclude_x,0,2490,6627,0,1,0,1,0,0,0,1,1,1,0,0,0.00551313441246748
4,50,10,100,2427644565,83,conj,glucose42,MT19937-RandomState,5.4506585001945496e-05,01111111111111101100111011111111111111110111011010101011001111010101100010111100011011110011111001011010101100011110011001110111111100111111101100011111100001000101101010110111111101111110111100111111100101100101111111011111101000011100011111111101110101100111001011011110101111101010011100110000110111101110001100010101111110111011000111101100001110110101111111110101011111110100011011111101110011101000111111111111011110011100111011100100011101110110111101011000011110111000001011000110001011011010,c02fe854851b43ecc6f7a6a44e8192d8d2ee88a1b0361850c6b95e07b04eeb70,bernoulli,bernoulli|conj|p=0.7|zero=allow_iid|rng=MT19937-RandomState,0.7,allow_iid,0.0010679224506020546,8.834060281515121e-05,0.001508563756942749,0.001005716621875763,2.6279185758903623,2.6315993424504995,0.0036705434322357178,34,141,1,6,SAT_unsat_identifiable,1,boolean_factorization,exclude_x,exclude_x,0,2706,7401,0,1,0,1,0,0,0,1,1,1,0,0,0.007056493312120438
4,50,10,100,2427644565,84,conj,glucose42,MT19937-RandomState,7.197726517915726e-05,10011101111100111110111111011100110111101111111101110011011000111110101111111111111011001111110110100110100110011011011111110101111111111011010011001111100011111110001111111110111110110101101111001111110011111011110011111111101011110101011111111101011111101111100111111101111101111101001110110011010010111101111011111111111111111100010101111110010111010101111010110110111111100111011100111000101101110111111101111010101110110110011110010101100111111111111111000111111110100111111101110100111101001110,0b97ecddbe92c74cfb4bf7625f4f90b42684e492e5f187ad2e143740902c003b,bernoulli,bernoulli|conj|p=0.7|zero=allow_iid|rng=MT19937-RandomState,0.7,allow_iid,0.000991971231997013,0.00010352581739425659,0.0013963542878627777,0.0010505178943276405,1.7162009598687291,1.7197536062449217,0.003542369231581688,30,87,1,6,SAT_unsat_identifiable,1,boolean_factorization,exclude_x,exclude_x,0,2640,6792,0,1,0,1,0,0,0,1,1,1,0,0,0.006556998006999493
4,50,10,100,2427644565,85,conj,glucose42,MT19937-RandomState,7.077865302562714e-05,11101111011100011110111101111011111111110111111100101111110101110101111011111011111111111111110010101011111001011111001111111111011010001000111101000111110111111011111111111101110111011111010000111101111100110111001101111111001110101111101110011011110111100001100110110110111101111011011100011110011011100111000111101111110101011001111111101001011111110111111011110100111101110111111001111100100101010111010110110110001110011011111101010011101101011011111111111111011101111101111011011111101010111011,a5cf9df47c786f2809c8648d18a6ba460995e7c6f1c5267d020f53a2eef2d9a9,bernoulli,bernoulli|conj|p=0.7|zero=allow_iid|rng=MT19937-RandomState,0.7,allow_iid,0.0011310726404190063,0.00011258572340011597,0.0015481095761060715,0.0012982860207557678,0.47806630190461874,0.4821708295494318,0.004090053960680962,29,96,1,6,SAT_unsat_identifiable,1,boolean_factorization,exclude_x,exclude_x,0,2491,6494,0,1,0,1,0,0,0,1,1,1,0,0,0.005801929160952568
4,50,10,100,2427644565,86,conj,glucose42,MT19937-RandomState,6.980914622545242e-05,11000110011101101111111111101110101111110011011001101011011011111111011011001111110111011101100111110101111011111011111110111001010010011011111111101001010001111011011101111111010100110110011111110100111101011100111100011110111111101000000110101111100111011110001000001110010111111101101110001010101011100111111010011110000101111111111111111001101110111101100110110101111111110101100111111110101111111110101001111111011001110010111011011111111010110110111011111011110110001111101110111100110100100111,3798f37f95e037787368b8dda03b5bc11bb4982af29d44e8520a666917e1ede5,bernoulli,bernoulli|conj|p=0.7|zero=allow_iid|rng=MT19937-RandomState,0.7,allow_iid,0.001048969104886055,9.96217131614685e-05,0.0013602310791611671,0.001077377237379551,0.11645449511706829,0.12005275208503008,0.0035861991345882416,29,117,1,6,SAT_unsat_identifiable,1,boolean_factorization,exclude_x,exclude_x,0,2401,6395,0,1,0,1,0,0,0,1,1,1,0,0,0.005909980274736881
4,50,10,100,2427644565,87,conj,glucose42,MT19937-RandomState,7.324200123548508e-05,10110101011111110101111110011110111110110101111101111111111100010111111111101101100101111001101101111101011111110111101011000111101101111101011111100111010111100001111101010100101111110110111110111111110101110111110001111001001101011101010011100101101111110111011001011101101011001001111010100000111101000001110011111110110110101011111111111010101111111011001001001111101110011111011101111001101110101110110001111110111011011110010110111101111110100100101011001010011110111110100001111101101011001100,0f8a85de419b13bc1301f6d53d5cd212c5819af81cbca335b0cb80ff260ecc90,bernoulli,bernoulli|conj|p=0.7|zero=allow_iid|rng=MT19937-RandomState,0.7,allow_iid,0.0012442125007510185,0.00013419613242149353,0.0016957102343440056,0.0010732226073741913,2.599862395785749,2.6040210966020823,0.004147341474890709,37,127,1,6,SAT_unsat_identifiable,1,boolean_factorization,exclude_x,exclude_x,0,3093,8229,0,1,0,1,0,0,0,1,1,1,0,0,0.0062040286138653755
4,50,10,100,2427644565,88,conj,glucose42,MT19937-RandomState,6.0694292187690735e-05,01111111010010110001111000111010110100110111101011111111111000111011011001110111111101011111100111111111110011111011001111111111101001101100010111110010011101111001001101001111011111111110000110011100111100101001101100111101011111100111011111111111100010100111111111101101111101110111111101111011111111100101011110111011011111101011111011111110101011111010100111111111101111011101001111111010101010111111101111101000110110111111111111111101011101110011111100011110011100001011011001111110111101101101,3fe3c8b0d27fdef0d5cc8db32388a6eb43ab03b0648256f96f059b59735eb524,bernoulli,bernoulli|conj|p=0.7|zero=allow_iid|rng=MT19937-RandomState,0.7,allow_iid,0.000954960472881794,9.195413440465927e-05,0.0013316608965396881,0.0010659731924533844,0.37735103629529476,0.3808165453374386,0.0034445486962795258,28,99,1,6,SAT_unsat_identifiable,1,boolean_factorization,exclude_x,exclude_x,0,2342,6196,0,1,0,1,0,0,0,1,1,1,0,0,0.005482237786054611
4,50,10,100,2427644565,89,conj,glucose42,MT19937-RandomState,5.3316354751586914e-05,10111011001111100010011110101111110101101111110110111011100111111010111111011111001111101100011110100111111111011101000010111001100111111101011111111001011011100011111010110010111111101011011010111111010100111100111111100111111001011010111110011101111111111100000101101011111001101111111111110011001101111000110011001011011001111011001011111100101011111111111010001110101111011111010101111011101111110110101100101111011110000111111010111100111101111111111110011111111111110110110011011000111011000001,a04f8cc9249347621a3e2d4279b2cbcac113d078cc77c69578c7a027404a95fe,bernoulli,bernoulli|conj|p=0.7|zero=allow_iid|rng=MT19937-RandomState,0.7,allow_iid,0.0010199612006545067,9.177438914775848e-05,0.0013679582625627518,0.001018710434436798,0.23717352747917175,0.24068038910627365,0.003498404286801815,30,118,1,6,SAT_unsat_identifiable,1,boolean_factorization,exclude_x,exclude_x,0,2450,6583,0,1,0,1,0,0,0,1,1,1,0,0,0.00567200593650341
4,50,10,100,2427644565,90,conj,glucose42,MT19937-RandomState,0.00010053347796201706,11011001111110111111111011111001111110011111001111111101101011001010110011100111110110111100011111011101111111110111101011011110110011101110111111011111110100111111111101111111001011011111111111011111111110011011101111100011111100111110101101110010111011111111111011100101010111111001111111001110100111111111111111110011101101110011111110111001010100101101111111110111111101111111010111111110111111111110100011101111011101010101101101110111111001011111110111101101101011111111111111001111111111001011,31fc6d039517119be8ed7704fe98c8494105a02689c2cc8d3e7c92de11c55746,bernoulli,bernoulli|conj|p=0.7|zero=allow_iid|rng=MT19937-RandomState,0.7,allow_iid,0.000996539369225502,8.992664515972137e-05,0.0012972671538591385,0.0010151760652661324,0.7138480180874467,0.7177437078207731,0.0033989092335104942,28,76,0,5,SAT_found_counterexample,1,boolean_factorization,exclude_x,exclude_x,0,2492,6361,0,1,0,1,0,0,0,1,1,1,0,0,0.005111148580908775
4,50,10,100,2427644565,91,conj,glucose42,MT19937-RandomState,4.553701728582382e-05,11111111111011000111110111010111011111001111011111110110111111111101110110111110111111011110111101011110110101101110100101101111110101111101000111111011111111100001101011111010111101000001011110110001001111111101001100011101001110000110111101101110111001010010110111111111000011010111110011011111101011001110101111010110001101011110111111011110111101110011010110110111010101111110010101111111111111011100111011101011011110111111001011111111110101111111011111101001001111011110111100110111110110011010,18e8058ec04a5755453d3ffb7a53684bcd3dd9dcfa75f707da0154f77d4f8db3,bernoulli,bernoulli|conj|p=0.7|zero=allow_iid|rng=MT19937-RandomState,0.7,allow_iid,0.0011095209047198296,7.708463817834854e-05,0.001413341611623764,0.000972772017121315,1.0323719615116715,1.0359520195052028,0.003572719171643257,32,105,1,6,SAT_unsat_identifiable,1,boolean_factorization,exclude_x,exclude_x,0,2708,7135,0,1,0,1,0,0,0,1,1,1,0,0,0.005636529065668583
4,50,10,100,2427644565,92,conj,glucose42,MT19937-RandomState,5.1264651119709015e-05,11111101110101000111111001110001111110111001111111101011111011011111111011111100101011100100101111110010001111111111110010011001111101111011110010101101111110101110110101001101111000111111011100111100101111100011111101111100100111111110111111110110110110000111111111110110010111110111000111111101110001111111111010111111000111111111101110111111111111010001011101001111110111101101101010110101010111101011101101110010111110010101000101011111011011111101111111011011110011010110011101001111011111001010,87a8349d0abab2716282163d1f3123f5523d8969e16e9831df73a37c45ee64a4,bernoulli,bernoulli|conj|p=0.7|zero=allow_iid|rng=MT19937-RandomState,0.7,allow_iid,0.001049400307238102,8.248724043369293e-05,0.0013916855677962303,0.001006043516099453,13.971140058711171,13.974678666330874,0.003529616631567478,31,109,1,6,SAT_unsat_identifiable,1,boolean_factorization,exclude_x,exclude_x,0,2649,6936,0,1,0,1,0,0,0,1,1,1,0,0,0.005666039884090424
4,50,10,100,2427644565,93,conj,glucose42,MT19937-RandomState,5.348678678274155e-05,10101010101111110111110000100010111101100111011101100011111101101101111101111111001101011111010110100110001111101111111101111111111001011101100111111101011001011100100010011111101101111111111111101110010111100111001111010101111111010110101110111111110111111111110110111100110111100101010111111111101011100111001110101110111011011110110111111110101111110001110110110101001111011111110110101011010010101100111100110101101011101111111111111111111110111011111011110111101110011111010111110111101111110110,b8161c59c87426899bfa3b1e7a6ab549fb26b58e0392867706501c4776ec32a6,bernoulli,bernoulli|conj|p=0.7|zero=allow_iid|rng=MT19937-RandomState,0.7,allow_iid,0.0009443284943699837,8.926540613174438e-05,0.001171632669866085,0.0010037664324045181,2.4504138603806496,2.453631531447172,0.0032089930027723312,25,96,1,6,SAT_unsat_identifiable,1,boolean_factorization,exclude_x,exclude_x,0,2075,5500,0,1,0,1,0,0,0,1,1,1,0,0,0.0057129571214318275
4,50,10,100,2427644565,94,conj,glucose42,MT19937-RandomState,6.68531283736229e-05,11111111011101111100101101111010111110011111001010010111001111101110111000111011111001011111110001111111100000111101110111111111101100101011110111101111011111110110111111010011101101111101111111110101101001011100111010001111111111110111111101111011111111011111110010111001111111101011111101111101100111111111100011100111111001101011101110111100111111111111111001111101110111100111111011111001110111001011110011111011011110111110001000100011011010101111111010111111110011000101111101111111111101011111,da3db861764b0436c7973e4dcac7f21cbab7a4282d1cf21192dc5013e3769bd6,bernoulli,bernoulli|conj|p=0.7|zero=allow_iid|rng=MT19937-RandomState,0.7,allow_iid,0.0009814789518713951,8.642580360174179e-05,0.0013203499838709831,0.000985986553132534,1.1630888199433684,1.166471242904663,0.003374241292476654,29,91,1,6,SAT_unsat_identifiable,1,boolean_factorization,exclude_x,exclude_x,0,2521,6527,0,1,0,1,0,0,0,1,1,1,0,0,0.005384424701333046
4,50,10,100,2427644565,95,conj,glucose42,MT19937-RandomState,4.776846617460251e-05,00010011100101010110111111110111011011110011110011001011101111111111111111011111110111100111110101111111001010111111110111111001111110111100010111101011011111111101111010011110111111101111000011001001010101010011111111101111111001001011111111111110011100111011110111111110101101110100011100010111011000101001111001111111011011111111110011111011101111111111101111011110111110110010011110111100111111111010101100010111111110111111111111111111100111101101111110111001111111110000111111111000110111100111,af35f99a99e0178be0af0efafc51d2087b6eb1f012f62cba73a24aea3b53fc6d,bernoulli,bernoulli|conj|p=0.7|zero=allow_iid|rng=MT19937-RandomState,0.7,allow_iid,0.0008626850321888924,8.287280797958374e-05,0.0011239172890782356,0.000996938906610012,0.17558038234710693,0.17865435779094696,0.003066414035856724,24,83,1,6,SAT_unsat_identifiable,1,boolean_factorization,exclude_x,exclude_x,0,2016,5301,0,1,0,1,0,0,0,1,1,1,0,0,0.00509115494787693
4,50,10,100,2427644565,96,conj,glucose42,MT19937-RandomState,4.974380135536194e-05,11110111101100111111001010111011011100110110101111001111111100101101111001111100111111111011101110101101001110110111110101111111101110100111111010011000101110010110000101101101011111001111101111110011011000111110111111110111101111001111010111010011111111111111110101010010101010101110100111010011101111101111111011100101111111000111111111011100101111111001110111000110111111001001111111101110101001111100001101010111101000011010111110111111111101111111111111100101111101111011011011101011111111111001,3101fba7f2e61c8aee307a1ff26ef0daec7d98ac4527f85b2ab06b12fa999be1,bernoulli,bernoulli|conj|p=0.7|zero=allow_iid|rng=MT19937-RandomState,0.7,allow_iid,0.0010196929797530174,8.396618068218231e-05,0.0013191718608140945,0.0009863683953881264,0.4170452943071723,0.42046302277594805,0.0034091994166374207,29,113,1,6,SAT_unsat_identifiable,1,boolean_factorization,exclude_x,exclude_x,0,2421,6417,0,1,0,1,0,0,0,1,1,1,0,0,0.00547721516340971
4,50,10,100,2427644565,97,conj,glucose42,MT19937-RandomState,4.952959716320038e-05,01011111001111110110010000111001101010111010111011110111011011111100111011111101001001111011101111101010111111101111111111111101011100011101110001011000001010101111001100011100011101111001101110000111111110110001111111110111011011011100110111011010101110111001111001111110111111111101111101101110110101111110001110010000101110110111110101011010110110011111111111011110101011011011110111111111011111100011111101101001111111110011010101111011001010110101111011111011101111111110000111101100111000110111,3d45df71cc8d366055cac416988f8b4524820acfb453169f8af1ad5a84fd5898,bernoulli,bernoulli|conj|p=0.7|zero=allow_iid|rng=MT19937-RandomState,0.7,allow_iid,0.0009839432314038277,7.933750748634338e-05,0.0014326320961117744,0.0009973440319299698,0.11352309212088585,0.11702512484043837,0.0034932568669319153,32,118,1,6,SAT_unsat_identifiable,1,boolean_factorization,exclude_x,exclude_x,0,2658,7080,0,1,0,1,0,0,0,1,1,1,0,0,0.005665271542966366
4,50,10,100,2427644565,98,conj,glucose42,MT19937-RandomState,4.9534253776073456e-05,11111011111010110011111101111101101111000110001111011001111011111011100111111001100011111111001110000011100010110010100111111100100010100111011111010110010111001111001101000001111111110000000011011100111001111010011111011111111111101111011100011111111101111100111111110101010111011011110101110111110111111101111111111111110111011011110101101111101011111111011011111111101010110111111111111111011111111111101011110111111100101011101111111111101101010111011110101000111111001110100011111110111101011100,d8d5589ad7c3a845aeed879d13435f9f9583ea84b2e6318bf9a4d9537511f4f5,bernoulli,bernoulli|conj|p=0.7|zero=allow_iid|rng=MT19937-RandomState,0.7,allow_iid,0.0010068034753203392,8.370168507099152e-05,0.0012990571558475494,0.000980212353169918,0.9176592454314232,0.9210367053747177,0.0033697746694087982,29,114,1,6,SAT_unsat_identifiable,1,boolean_factorization,exclude_x,exclude_x,0,2381,6373,0,1,0,1,0,0,0,1,1,1,0,0,0.005372690036892891
4,50,10,100,2427644565,99,conj,glucose42,MT19937-RandomState,4.7462061047554016e-05,11101001001000111110111011101101011101111101110111010011011111111010111010110000101000001110110111011111011001101010001111111111100111111101101000001111001110110111111111111000111111011111111000000110010101100111111100111110100111010100111101111010110011111111011101111011011111111101000111101101110101111101100111111101111011001111110101011100111011001011111111111101111111111001111110110111010101111001110111110100111000111111110001110110110111111100111010110111111111111110011101100111110110011011,9427b936d6074085ac792e5681e0beeb2492388310bf260888ff64176d8b4d6f,bernoulli,bernoulli|conj|p=0.7|zero=allow_iid|rng=MT19937-RandomState,0.7,allow_iid,0.0008802358061075211,9.661447256803513e-05,0.0013410858809947968,0.0009784521535038948,2.5490904403850436,2.5523947700858116,0.0032963883131742477,30,100,1,6,SAT_unsat_identifiable,1,boolean_factorization,exclude_x,exclude_x,0,2550,6693,0,1,0,1,0,0,0,1,1,1,0,0,0.005478767678141594
