schema_version,J,K,N,seed,sim,operator,solver_name,rng_engine,generation_time,q_bitstring,q_sha256,design,design_id,p,zero_row_policy,basis_time,identity_check_time,two_col_check_time,three_col_check_time,sat_time,algorithm_time,preprocess_time,J_basis,M_basis,identifiable,branch,branch_label,sat_called,sat_formulation,sat_cardinality_encoding,cardinality_encoding_requested,maximal_candidate_requested,sat_variables,sat_clauses,identity_original,not_complete_original,has_pure_node_original,no_pure_nodes_original,has_zero_row_original,two_col_violation_original,three_col_violation_original,two_column_pass_original,both_necessary_checks_pass_original,I_3c,identity_basis,two_col_violation_basis,diagnostics_time
4,50,10,100,3470338369,0,conj,glucose42,MT19937-RandomState,0.00013120658695697784,11100011110011010111110101111111111110101100111111110010100101110111110011111011111011010110101011111111111000110110101101101011101101100101110000110111010111111011110111101111010010110011111101111110101111001111101111101111011000111111011101100101010101111100111111110111001010101001111110110101110101001111110101110110101000001110001111111101111011011111111001010010011110011111111011001111101110011101100111011110011011001111011011110111101101111110011011101011110011110110111110110101010001110001,75427ddf661d6657351857ef26de50e1fc6acfaf4ba474e85271005d0274da7f,bernoulli,bernoulli|conj|p=0.7|zero=allow_iid|rng=MT19937-RandomState,0.7,allow_iid,0.0009961770847439766,0.00011060107499361038,0.0014709299430251122,0.0010295938700437546,1.1866097059100866,1.190226135775447,0.0036073019728064537,32,115,1,6,SAT_unsat_identifiable,1,boolean_factorization,exclude_x,exclude_x,0,2698,7124,0,1,0,1,0,0,0,1,1,1,0,0,0.005780215375125408
4,50,10,100,3470338369,1,conj,glucose42,MT19937-RandomState,4.9184076488018036e-05,01111111011111110110111011110101111100110010100101100101101111010011010111111111101100111010111000101111010101101111111111111111111011101010111101101111111101111000111001000111101111111011001111100100011101111110111111100111101100010100111100010010111101111111111011010111111101111011111101111110111001100010111101111010110111111011111111111111001101000010110111111001110101011110111111001110101101111110010011101100110111101111100110001101111110011011111001111001101011111111011110111001011111101101,85557cda2e6553a41ca65924041aab9655f951c960058c213babc16b14c6c467,bernoulli,bernoulli|conj|p=0.7|zero=allow_iid|rng=MT19937-RandomState,0.7,allow_iid,0.0010067429393529892,8.27861949801445e-05,0.001318369060754776,0.0010095015168190002,0.08516060747206211,0.08858645986765623,0.00341739971190691,29,104,1,6,SAT_unsat_identifiable,1,boolean_factorization,exclude_x,exclude_x,0,2421,6417,0,1,0,1,0,0,0,1,1,1,0,0,0.005545801483094692
4,50,10,100,3470338369,2,conj,glucose42,MT19937-RandomState,4.6522356569767e-05,01110111011101101111101111000111101011110010010111101111001100011000111111101110011100011111111100010111111110011111010101111110101111011111001011110101111111110111101101110111100110111110011011011111111111110100100101111111101001001010101001111011011111111011111101101111111101011010111111101110110111011001111111011011101101101111001101110111110010111100111101110001111111101111101011111011101101011101110111111110111111001111110111111110011111000111100101101110111110100011001111111001100110111111,587063427bd23309b0de9471e19ff2cd53b209628cc5494a508bd72bd5c3391c,bernoulli,bernoulli|conj|p=0.7|zero=allow_iid|rng=MT19937-RandomState,0.7,allow_iid,0.0009123673662543297,7.644016295671463e-05,0.0013625770807266235,0.001009128987789154,0.12053491454571486,0.1244260286912322,0.003360513597726822,30,81,0,5,SAT_found_counterexample,1,boolean_factorization,exclude_x,exclude_x,0,2680,6836,0,1,0,1,0,0,0,1,1,1,0,0,0.0052537210285663605
4,50,10,100,3470338369,3,conj,glucose42,MT19937-RandomState,4.786066710948944e-05,01101001101101001011111111010010111000111111111110111101100110000001111010110111101011001010110100111100111111110010111110111001111111111010011110111011001011110011110001011011111111110101111111001111011101110111111001001111001111101001011111101011110111110111101010101111011011101001100011111110011111111110110101001111111011110101001101010110111111111011111011101011001110111011000010110101110101011111111110100101000010111011001110111101000101100101111101001111111111011111010110111110110111111111,2845a9f4d1b8fb5b2140dd10ac1884824b3489d223a041077601a0223997310e,bernoulli,bernoulli|conj|p=0.7|zero=allow_iid|rng=MT19937-RandomState,0.7,allow_iid,0.0008982755243778229,7.043592631816864e-05,0.00122777558863163,0.000995994545519352,0.05852441303431988,0.06172466371208429,0.0031924815848469734,27,124,1,6,SAT_unsat_identifiable,1,boolean_factorization,exclude_x,exclude_x,0,2193,5898,0,1,0,1,0,0,0,1,1,1,0,0,0.0053436411544680595
4,50,10,100,3470338369,4,conj,glucose42,MT19937-RandomState,4.721060395240784e-05,11111101000101111101011011111101000111111010111110111010110111011011101100101111111110110001101101011111010101111101011111011110110110111110010011110110011101001001011110111111011011011110111111010101101110111001101101101111011110110111111011111111100110000001111100111011111101111101000111111101001011011110111001111110111010111011111111101111011111101011111111111101111011111111101001111010111110100001001111010110110010111110111011001111010111111101010111011010011111111001111010011110111011100010,dd9a646b29e370e22e137a0d57c60924e6cc777bfabccfd97308c5840c956625,bernoulli,bernoulli|conj|p=0.7|zero=allow_iid|rng=MT19937-RandomState,0.7,allow_iid,0.0009108297526836395,7.619708776473999e-05,0.001385529525578022,0.0009825993329286575,0.8942699674516916,0.8976334910839796,0.003355155698955059,31,97,1,6,SAT_unsat_identifiable,1,boolean_factorization,exclude_x,exclude_x,0,2659,6947,0,1,0,1,0,0,0,1,1,1,0,0,0.005541726015508175
4,50,10,100,3470338369,5,conj,glucose42,MT19937-RandomState,5.133729428052902e-05,11101111100111110101000011101111111011111110001100001110101100110110111110101001110111110100100111110111111101010110111100111000110111111001101110111101101111110111001110101111011010110010110110011101110011111111011111111101101011111101110000101011101011110100000111001111011111111110100110110110001101111110100010011010101101100011111011011110100101011010101001111101111111101111111001111000011010100111110111111111101110100001111111111111011111010110100001111111111101110111110101111111110001000001,84a4c46809fa110bd8a42d9a7bb89163a16b4a09f618e3a6be3b84b01698bf6b,bernoulli,bernoulli|conj|p=0.7|zero=allow_iid|rng=MT19937-RandomState,0.7,allow_iid,0.0008910894393920898,8.152797818183899e-05,0.0012100636959075928,0.0009784763678908348,0.03350966703146696,0.0366795789450407,0.0031611574813723564,26,127,1,6,SAT_unsat_identifiable,1,boolean_factorization,exclude_x,exclude_x,0,2074,5633,0,1,0,1,0,0,0,1,1,1,0,0,0.005280426703393459
4,50,10,100,3470338369,6,conj,glucose42,MT19937-RandomState,4.82071191072464e-05,00110111110110101110101101101111111001010101111101101111000111111111110111101111111111011110110010011101111110010111111010111011100100100100110111111111111111111111110101111111011111010000000101101001110100011111110101111101111111100011011001111101010111100011111011001110010011111011101111101010011111011011111111111100110011110111101111110001111011001100111001101111111111001111010110011110111111011110011100010111111011101000010111110111110111111011100111111001110101000011110100111000011111101111,a725be98889e0c56cda2f12671326cc9f23e33fdffd5816de51601b525149a35,bernoulli,bernoulli|conj|p=0.7|zero=allow_iid|rng=MT19937-RandomState,0.7,allow_iid,0.0009570010006427765,7.285922765731812e-05,0.0012716865167021751,0.000993451103568077,0.4799475995823741,0.48325108271092176,0.003294997848570347,28,121,1,6,SAT_unsat_identifiable,1,boolean_factorization,exclude_x,exclude_x,0,2282,6130,0,1,0,1,0,0,0,1,1,1,0,0,0.005419749766588211
4,50,10,100,3470338369,7,conj,glucose42,MT19937-RandomState,5.063600838184357e-05,01111000011111110011011011111001110111001101101001011111011110111101100101110111101111110110000000110001111011111011111010111011111111111010101111011111111011111001000110111101001111110111101111011101001100110100010101101110111111100110110111110110101110111110110111110110110111000101001111101001001001111111101110101100001101010111100001001011111001011111111111111111111100010111110011011110011111111111101011011111111111101100111101110101100111110001100110110101010111110111011110010111111011110111,d8a84a28edd8b14adfedbc72bef639295000871a6d8eec7ae1c0b7f851369aa4,bernoulli,bernoulli|conj|p=0.7|zero=allow_iid|rng=MT19937-RandomState,0.7,allow_iid,0.001031915657222271,7.629767060279846e-05,0.0013583442196249962,0.0009990446269512177,0.15839901939034462,0.16187461372464895,0.0034656021744012833,30,125,1,6,SAT_unsat_identifiable,1,boolean_factorization,exclude_x,exclude_x,0,2450,6583,0,1,0,1,0,0,0,1,1,1,0,0,0.005561213009059429
4,50,10,100,3470338369,8,conj,glucose42,MT19937-RandomState,4.609953612089157e-05,11110100111010001101101110101011010111111110111011111100111111111011011110111111011110101001111000111111111010000111101001011111011011001101101111110111111110110011011110111011111011111011111111101010111111110010111110111000101011100111101010110011111011111111101111100101101111111011010011100111010000111111101100111101111111111111101110100111111110111100011010110010001001101000111011010000001011111110111111110100110110101111111111011111111110110101111011111110011001011111111111111101011111100110,3f936973f57cc7b760c3a283ad34bfac2bca29dceb3667665520aadaa2c86fe1,bernoulli,bernoulli|conj|p=0.7|zero=allow_iid|rng=MT19937-RandomState,0.7,allow_iid,0.0009731296449899673,7.162895053625107e-05,0.0012497920542955399,0.0009989822283387184,1.1132825147360563,1.1165828434750438,0.0032935328781604767,27,98,1,6,SAT_unsat_identifiable,1,boolean_factorization,exclude_x,exclude_x,0,2293,6008,0,1,0,1,0,0,0,1,1,1,0,0,0.0053221192210912704
4,50,10,100,3470338369,9,conj,glucose42,MT19937-RandomState,4.6780332922935486e-05,11011111111111101101100101111111101011011001101110011111101011100111111111011100111011101110111111111111111111001111110110110111010111011100101110101111011110010001011111100011000111001010100101111111110011111000111011111101110101111101010110110100111001011001111111111100110111111101100101111010110101110111100100000011011110101010000111111101110110011110011101101111111010110111011111110111010000111110111101111011101110011101001011111101111001111111110101101011101101111110111001111111011101011100,fd5c4641910afb4d5123a76cc8f3fe184e74b72b8f342c8d927577595d936b59,bernoulli,bernoulli|conj|p=0.7|zero=allow_iid|rng=MT19937-RandomState,0.7,allow_iid,0.000978252850472927,9.964499622583389e-05,0.0015084398910403252,0.0010037580505013466,3.5124662593007088,3.5160634480416775,0.0035900957882404327,34,107,1,6,SAT_unsat_identifiable,1,boolean_factorization,exclude_x,exclude_x,0,2936,7654,0,1,0,1,0,0,0,1,1,1,0,0,0.005713373422622681
4,50,10,100,3470338369,10,conj,glucose42,MT19937-RandomState,9.369384497404099e-05,10010101110101111110011111010100111111111111011111101111111111111111110101110000111110101101110011000011100001111111111110001011111110111111010110011111011110111010111111110101111010111111111100110111111100001000111111100101111101101011101010101111101100011110011110110111101110110011010011101110000011111111001001110010101100101101111110100010011001100111101100111011000000111100111111001011011111111101111011110110111101110111100111111110010011110111111100110110011011011010101011001101111010011110,c15e3436fb3e8c0663459721bb82417236a429a720abe3e1229181a51aa386d5,bernoulli,bernoulli|conj|p=0.7|zero=allow_iid|rng=MT19937-RandomState,0.7,allow_iid,0.0009752288460731506,8.473079651594162e-05,0.0012586088851094246,0.0010017817839980125,0.05222596414387226,0.0555537324398756,0.0033203503116965294,27,136,1,6,SAT_unsat_identifiable,1,boolean_factorization,exclude_x,exclude_x,0,2143,5843,0,1,0,1,0,0,0,1,1,1,0,0,0.00542506854981184
4,50,10,100,3470338369,11,conj,glucose42,MT19937-RandomState,4.6761706471443176e-05,11111111010111010110001000001010111110101111101111011011111101010110111101010111011011001111010000110011101111110110001111110011111001101111111111110101111011111111111110010110001101011111111101111001001101001101101001100001101111101011111011101111100001111111011111011111110101110111110111110111100010111011101111111101110111101111111011110110101101101111110011010110110111110000111011111010001111111100110111011111100110111101110101011011011111101111000111111111110111101111100010011111010011101011,649eb279aa9dd59b8ba349ab656ca6e288a719cf0a3bb2bd46586309d408a09c,bernoulli,bernoulli|conj|p=0.7|zero=allow_iid|rng=MT19937-RandomState,0.7,allow_iid,0.000872819684445858,7.252395153045654e-05,0.0012851674109697342,0.0010042916983366013,1.372271061874926,1.375512677244842,0.00323480274528265,28,93,1,6,SAT_unsat_identifiable,1,boolean_factorization,exclude_x,exclude_x,0,2382,6240,0,1,0,1,0,0,0,1,1,1,0,0,0.005337121896445751
4,50,10,100,3470338369,12,conj,glucose42,MT19937-RandomState,4.6582892537117004e-05,11010111011111111011101101010111101111110001011011011111101100110111110110110000010011100111110010100011110110000111100001011110111110000111110111011011101111110111111101110011100011110000111101110110101110111110101101001110100000111111011011111011101111110011111111111011110111111011111000111101111011111101011100110001110101001010011011101001011010111111011100101110001000011000111111111111101110111111101011001001111111111101111010101110001110101111110100111111101111111110111101000010011001011011,ce91cd19a62334bc041656ffb120b935afd20a5ed86692b60e96a92d7788fceb,bernoulli,bernoulli|conj|p=0.7|zero=allow_iid|rng=MT19937-RandomState,0.7,allow_iid,0.0010026590898633003,7.12098553776741e-05,0.001239132136106491,0.0010095275938510895,0.13236422929912806,0.1356939608231187,0.003322528675198555,27,135,1,6,SAT_unsat_identifiable,1,boolean_factorization,exclude_x,exclude_x,0,2103,5799,0,1,0,1,0,0,0,1,1,1,0,0,0.005443957634270191
4,50,10,100,3470338369,13,conj,glucose42,MT19937-RandomState,4.769675433635712e-05,00111010010010111100110111001010011111011001111111111010100000010011111110100101010011011010010111110110111111110110111111100010001111011011001110111101011111101111010101011111111011101011110111111011111101111100110110100011101011011001011011001111101111111111111111111111111100101111110011111100110110111101101111011010101010111011101100110110011111010011111111101111110111111101101101011111111001111001111111101011101111111010100101111110111110110011111100100110101110110011110011011011101110111101,5b9020edf2a6c66f4d0951efcb10925122ee2a82ecb47f44a3d2f2b76ccd2f1a,bernoulli,bernoulli|conj|p=0.7|zero=allow_iid|rng=MT19937-RandomState,0.7,allow_iid,0.0009744865819811821,8.493009954690933e-05,0.0014719096943736076,0.0009998427703976631,0.22613140754401684,0.2296695690602064,0.003531169146299362,33,98,1,6,SAT_unsat_identifiable,1,boolean_factorization,exclude_x,exclude_x,0,2847,7422,0,1,0,1,0,0,0,1,1,1,0,0,0.005707255564630032
4,50,10,100,3470338369,14,conj,glucose42,MT19937-RandomState,4.608184099197388e-05,10111101111111111110001111101111001011111111111111100111110101011100111011011011111100001111111100011111111011111011011110010111110100001111001111111101011000111111111011100111101111110111011111001100111010110001111010101011010100110111011111110110011101010111111011110100001011101110001111011111011101111100101110101101111100110100010001011110111101100111100111110101100011011111111001111110111110111001011101111111111110110101111111110111011101000101011101011111011101101111011101011101011011111011,f14d2ab2ebc1e0077f7bf69bc565b4a32d35541332d9c11c09c60ebf2d9001bc,bernoulli,bernoulli|conj|p=0.7|zero=allow_iid|rng=MT19937-RandomState,0.7,allow_iid,0.0009400472044944763,7.82795250415802e-05,0.0014545377343893051,0.0010023703798651695,0.07867317367345095,0.08265320863574743,0.003475234843790531,32,99,0,5,SAT_found_counterexample,1,boolean_factorization,exclude_x,exclude_x,0,2748,7179,0,1,0,1,0,0,0,1,1,1,0,0,0.005423392169177532
4,50,10,100,3470338369,15,conj,glucose42,MT19937-RandomState,4.455447196960449e-05,10101101011010111110111010110110110011101111011111111111111110001101111111110111101011111111011111101111110111110010111111001110111001110011111111101101100101010111011010000111011101101110010001111111010001111111000010010101111011010011110110010011011111101111100010101111111101010111101111111101110100111111111011110110111111110100111111011111111111111111101101101110101111111000110111001001111111110111111111011111101111111101110111110111111000100111101111011101001110111101111101001111010011111101,db2db076ea6198d4c07fb858bdd449134abac769378c7f5ed302fcc60bbe2e0e,bernoulli,bernoulli|conj|p=0.7|zero=allow_iid|rng=MT19937-RandomState,0.7,allow_iid,0.000867004506289959,7.231812924146652e-05,0.001275653950870037,0.0010006427764892578,12.691981790587306,12.695204242132604,0.0032156193628907204,28,97,1,6,SAT_unsat_identifiable,1,boolean_factorization,exclude_x,exclude_x,0,2382,6240,0,1,0,1,0,0,0,1,1,1,0,0,0.005329572595655918
4,50,10,100,3470338369,16,conj,glucose42,MT19937-RandomState,4.536006599664688e-05,11111111111111101011011111100111111111101111101101111111111100101111111111011111011111111111110100001111110111000001001011101000111011101111101111111011111110110111110111101111110110011111011110110111111101011000110100101011111100111011111101010100110111111101100110111111011110110111111011111111011111101011000111111100111110010101111001000111100111110111001110111011111001011011101000111111101111101110011101100101101110001111010111111110101110101111101101111111111111111001011101010111111110011111,dba621393a5cbf90cc5bf6d147629415804e62a196267a56f404bb8233ddffcb,bernoulli,bernoulli|conj|p=0.7|zero=allow_iid|rng=MT19937-RandomState,0.7,allow_iid,0.00086248479783535,6.852857768535614e-05,0.0011238660663366318,0.000997212715446949,0.27500339318066835,0.27806227933615446,0.003052092157304287,24,78,1,6,SAT_unsat_identifiable,1,boolean_factorization,exclude_x,exclude_x,0,2046,5334,0,1,0,1,0,0,0,1,1,1,0,0,0.005039621144533157
4,50,10,100,3470338369,17,conj,glucose42,MT19937-RandomState,4.452653229236603e-05,11101101010100111011111100110110111001101111101101011110011110101110110101101111101111111111001100111111101011101110111100001101111101101111101111101010011110111001111001111111111111010111101111101101111111111011111111111011001110101111010111101111111011111011111111111110111101001111001011010111000111111111111111100111011011000011000111101011111111111000011011111011111111111010111111111110111111011110100010111101011101101110011100110111110111111110110010001111100001111011111111011011110011110110,c3b4610e1213c0edd21b85afb7c8e8e23d8c35ea1e554692dd407732eeba0b08,bernoulli,bernoulli|conj|p=0.7|zero=allow_iid|rng=MT19937-RandomState,0.7,allow_iid,0.0009207352995872498,7.937103509902954e-05,0.001331804320216179,0.0010091131553053856,1.3105852119624615,1.3139326283708215,0.0033410238102078438,29,101,1,6,SAT_unsat_identifiable,1,boolean_factorization,exclude_x,exclude_x,0,2471,6472,0,1,0,1,0,0,0,1,1,1,0,0,0.005421335808932781
4,50,10,100,3470338369,18,conj,glucose42,MT19937-RandomState,4.6076253056526184e-05,10100111111111111110111111111111011001111111010011100011100011101111111101001111111101111111110010111111111100111111111110111101001011100111111010111011100111110101010111011101111111011110111110101011100010101111110011111100011110110100111111101101010001100110010101111111111010110111001101011111010111111110011111101100101111000111011011110101110111000111110111100111101010011011110101111001000011110011110101111111111111101111111011000110101101111011011011111111111011101011010111111110110101110101,a5b6b19095cad2211be972f3019865bb7d5ead22799a21caae0d98b5d78dbfdc,bernoulli,bernoulli|conj|p=0.7|zero=allow_iid|rng=MT19937-RandomState,0.7,allow_iid,0.0009287269786000252,7.640477269887924e-05,0.0013517262414097786,0.0010048365220427513,0.5795114329084754,0.5828806664794683,0.0033616945147514343,30,101,1,6,SAT_unsat_identifiable,1,boolean_factorization,exclude_x,exclude_x,0,2570,6715,0,1,0,1,0,0,0,1,1,1,0,0,0.005485408008098602
4,50,10,100,3470338369,19,conj,glucose42,MT19937-RandomState,4.596635699272156e-05,00011111110011011111011011110110100000001000110101111111111101001001111111111111100111110111111011101111101011011111111101111011100000110111111110000001011111011111011011100101011110111111011000011110100111101011111110001111111000010111110111010001011111011111111111111001111111101111011111011111101111100111101110100111011111101111011111101111101101011101111111110001101001001011111001010110111111110110010101011011111110110011110110001111110111110111000101110110101111110101100010101111110110111111,7454e5724b220432ee7f8e648b7a788f6e5f96fea00d919ff9e322abbcecbaf6,bernoulli,bernoulli|conj|p=0.7|zero=allow_iid|rng=MT19937-RandomState,0.7,allow_iid,0.0008842712268233299,7.069297134876251e-05,0.0011933203786611557,0.0010112244635820389,3.7960958406329155,3.7992616994306445,0.003159509040415287,26,110,1,6,SAT_unsat_identifiable,1,boolean_factorization,exclude_x,exclude_x,0,2164,5732,0,1,0,1,0,0,0,1,1,1,0,0,0.005273398943245411
4,50,10,100,3470338369,20,conj,glucose42,MT19937-RandomState,9.512435644865036e-05,11111111110101111110101011100111001101010110010101111011111001111011110100101111111111101011001100001100101011011110101101001111101000010111100110111110101111000111011110111100101100011101101000010111111111001100101111101111010110101111100110111111101110010110101100111111110101101111011011111010101010010111100111100111111011111110111110111110010101111110110011111100110110111111111111110010010110000011011101100011101011011111011101101011001111001110011110111111111101111111110101001100111111000111,91b3d1adc8a669aa9f0412aba1d300972e5377155e1a3f4ae825ceb15d91228c,bernoulli,bernoulli|conj|p=0.7|zero=allow_iid|rng=MT19937-RandomState,0.7,allow_iid,0.000995558686554432,8.628144860267639e-05,0.001393626444041729,0.000989147461950779,1.2234982242807746,1.2269703894853592,0.0034646140411496162,31,119,1,6,SAT_unsat_identifiable,1,boolean_factorization,exclude_x,exclude_x,0,2569,6848,0,1,0,1,0,0,0,1,1,1,0,0,0.005702326074242592
4,50,10,100,3470338369,21,conj,glucose42,MT19937-RandomState,4.6465545892715454e-05,01110011100111011101110111010011001011111110111111010111011010111101111101111001011110011111100011011101111100101101101101111111010111110111110111111100111111010111010011111111000111111101101010111110101110000110011111111111110001111101111001111011000010001010101101111011110111101100101111011001011101001011111101101100110111101111111111111100111011111111100111011101111110001011010111010100111101111100011111101110101111101011101000111111011111111010011110101110111111011110111010110111101001111111,df2b39b8ce250af224a69099a2a02978dd20ab2c228a566f1aee1c4bc1265b55,bernoulli,bernoulli|conj|p=0.7|zero=allow_iid|rng=MT19937-RandomState,0.7,allow_iid,0.0008822726085782051,7.385481148958206e-05,0.001339079812169075,0.0009975843131542206,6.214033152908087,6.217334107495844,0.0032927915453910828,29,91,1,6,SAT_unsat_identifiable,1,boolean_factorization,exclude_x,exclude_x,0,2511,6516,0,1,0,1,0,0,0,1,1,1,0,0,0.0054871439933776855
4,50,10,100,3470338369,22,conj,glucose42,MT19937-RandomState,4.7538429498672485e-05,11111111011101010001011101011110111111011010111110101111000111010110110011111011001111111111111011111100101110010111000111110011111100010111110101100010111111101101111110011110111010100110100101011101111111101110101111111111110111111111110110100011110110011111111101111101101100011010001011111111100101011011111100100101110111111000111101111011101101100111011110110110111111101001111100111111011111111001001110101111111111111000011101110111101110111101010111111111011101001101101001111000101111000111,1503dc9b5d972bf8001c61a9c09493e50a59246ed6e595d879f7656478703710,bernoulli,bernoulli|conj|p=0.7|zero=allow_iid|rng=MT19937-RandomState,0.7,allow_iid,0.0010180938988924026,7.787160575389862e-05,0.0013536326587200165,0.0010108985006809235,6.026494018733501,6.029961830936372,0.003460496664047241,30,108,1,6,SAT_unsat_identifiable,1,boolean_factorization,exclude_x,exclude_x,0,2520,6660,0,1,0,1,0,0,0,1,1,1,0,0,0.005522849969565868
4,50,10,100,3470338369,23,conj,glucose42,MT19937-RandomState,4.430394619703293e-05,10111101111100101111100111101100011010100001111111111111110011111000111011111110110110011111101111111100111101111000111111100101001011111111111011110101101111101110101100000101011000111001111111111111111111110111101111001110011011011111111111100100111100110110111010111101110101011110111111101111110111110111111110011110110110011010101111011111011010111111110100011110111101111101111100101111110001101100111101011111111111010111110100110111011100111110111011010110110011000111111111101110000011111001,0d93ef18274c3ea4425c3cf7a9ff460f69a4682f5387d318f15cc36fb465e0f1,bernoulli,bernoulli|conj|p=0.7|zero=allow_iid|rng=MT19937-RandomState,0.7,allow_iid,0.0009704288095235825,8.694734424352646e-05,0.001499837264418602,0.0010012900456786156,0.2797115407884121,0.28327800799161196,0.0035585034638643265,34,99,1,6,SAT_unsat_identifiable,1,boolean_factorization,exclude_x,exclude_x,0,2976,7698,0,1,0,1,0,0,0,1,1,1,0,0,0.005811529234051704
4,50,10,100,3470338369,24,conj,glucose42,MT19937-RandomState,4.5991502702236176e-05,11111100101111111101101111111111101111110011111011000111111110111111111011001111101111110111110111101001001001111111001110001011111101010101111101111101010111111110011111011111100111111001110101100111110101000111011101010111011110111011110011111101111111011110111110010111111001011010111111101111111110110111111011000111101111101110111111111110010110101101011110000111101111011010111111111101110110011000110111111111011010111111011111000110001111111101111110101111101011010101111111111111111111011011,2f7062a649d6653b6c4490efce0fe0a5df75de1dce755236128675f96a4e0a21,bernoulli,bernoulli|conj|p=0.7|zero=allow_iid|rng=MT19937-RandomState,0.7,allow_iid,0.0008793948218226433,7.083173841238022e-05,0.0012226784601807594,0.000989861786365509,68.70160946343094,68.70477965287864,0.003162766806781292,27,77,1,6,SAT_unsat_identifiable,1,boolean_factorization,exclude_x,exclude_x,0,2393,6118,0,1,0,1,0,0,0,1,1,1,0,0,0.00530514121055603
4,50,10,100,3470338369,25,conj,glucose42,MT19937-RandomState,4.4284388422966003e-05,01111011000111011010111010100101111011111111011111101101011010010111111011010101111100111110001111111111111010111011110111101001111110101011111101100111010111001101011111111110011111001000010111111110000010010011110011000110001001011110110111010111101011000011011011110111111011100001100111111101111111111111010011010010010111111011111111010110111111110111110110110101001111111110011110111111111111110111100111101110111111111110101101011011101101001011011101101110010100101110111111111111110011111110,8dd99c1d18f05ddbe1a01af0aea7dfb3cde76dde82edfd7d7af749a060e705f6,bernoulli,bernoulli|conj|p=0.7|zero=allow_iid|rng=MT19937-RandomState,0.7,allow_iid,0.000965505838394165,8.147303014993668e-05,0.001362806186079979,0.0009932508692145348,0.11827840469777584,0.12168867234140635,0.0034030359238386154,30,104,1,6,SAT_unsat_identifiable,1,boolean_factorization,exclude_x,exclude_x,0,2520,6660,0,1,0,1,0,0,0,1,1,1,0,0,0.005544271320104599
4,50,10,100,3470338369,26,conj,glucose42,MT19937-RandomState,4.6407803893089294e-05,11110110111111010101011011111011111000011010111101111111111001010011111111111011111111100110011110111111101111111101000011011111111111111101111011010100111001101110101010111101110110111011111011111100111110111111001101011111011011001011110110110010011101011110110110101001111111110001011111100001101100101001101101110011111111111110110000111111101111011011010111100111111111010101111011111111111110100111111111100111110111011010101111101111011001010001111101111111110001011100010101100111111011001011,8b614d84e97d7e70618c33a088b080bab8a74ed8f4c19904fcd826515594849b,bernoulli,bernoulli|conj|p=0.7|zero=allow_iid|rng=MT19937-RandomState,0.7,allow_iid,0.0009020920842885971,6.980355829000473e-05,0.0011236555874347687,0.0009940722957253456,0.559994307346642,0.5630911765620112,0.003089623525738716,24,104,1,6,SAT_unsat_identifiable,1,boolean_factorization,exclude_x,exclude_x,0,1976,5257,0,1,0,1,0,0,0,1,1,1,0,0,0.005094448104500771
4,50,10,100,3470338369,27,conj,glucose42,MT19937-RandomState,4.867464303970337e-05,11110100011100111111101111101111011111100011001111111110011101111101000101110111111010110011010111111011111101100001100010011111110001011011101111111111101011111010110101111110101010101010110001101110011001111110111111111010011110100110101000111111110110111011110101011011011011010000011101111111101111111110111110001100110111111011010111111111110011111100111110110011111111010111001101111110000111011110011001101011101010011111001110110100001011111011011011111101011001011010001111001101111111110101,ef0b5c2370139961e868d78f6edde1d2aa0d6de5ddef0b8868bffb73d1a15fdb,bernoulli,bernoulli|conj|p=0.7|zero=allow_iid|rng=MT19937-RandomState,0.7,allow_iid,0.0009110644459724426,8.30385833978653e-05,0.001315760426223278,0.0009921928867697716,0.12495492864400148,0.12826429400593042,0.0033020563423633575,29,114,1,6,SAT_unsat_identifiable,1,boolean_factorization,exclude_x,exclude_x,0,2381,6373,0,1,0,1,0,0,0,1,1,1,0,0,0.005478874780237675
4,50,10,100,3470338369,28,conj,glucose42,MT19937-RandomState,4.453584551811218e-05,11110101111110111111011110100101111110110011101111111011010111101111101101000111111001011011000011101000011101110111111111000101110111101101110101101010111101001000111111111101101000111111100101101110111011001101110110100010111111011110111011001111101111111111101111111110011101110010100110111011111100011111110111111110111111011011101111111111011110110110011101111111011110111101100110111111111110010010111111011011011111101111111111000111111111101111101111111111111111101100011011101111001111111111,1f34284a4457b64fabdc69fab8cdd0d244ad3398e2865a88ec43975ae6924255,bernoulli,bernoulli|conj|p=0.7|zero=allow_iid|rng=MT19937-RandomState,0.7,allow_iid,0.0009059309959411621,7.868185639381409e-05,0.0012795859947800636,0.001001390628516674,8.80315169878304,8.806425024755299,0.003265589475631714,28,86,1,6,SAT_unsat_identifiable,1,boolean_factorization,exclude_x,exclude_x,0,2442,6306,0,1,0,1,0,0,0,1,1,1,0,0,0.005363628268241882
4,50,10,100,3470338369,29,conj,glucose42,MT19937-RandomState,5.172751843929291e-05,10101111010111101111111101011011110011111110110111111110111001001110111011111011111111010111000111110011111101010111111110011101111111111111101111111010011011011111101110111110110010001101011110111011111111101101110001010011100111011111010001011111001101011111000101111111111111110010111111111010011011111111111100101100111011011111011101011110111001011011110111011101010000111011100111011011011000101011110011110110110001011111111110110110101111111110111101110101101111110100001110011111101100100100,a19fd9958aa9c91c1f8f33e513481f52bb9d39d18bceabfc6a45e5ffe71b3a86,bernoulli,bernoulli|conj|p=0.7|zero=allow_iid|rng=MT19937-RandomState,0.7,allow_iid,0.0009542861953377724,9.390339255332947e-05,0.0014031687751412392,0.0009978106245398521,2.5409728102385998,2.5444291280582547,0.003449168987572193,31,96,1,6,SAT_unsat_identifiable,1,boolean_factorization,exclude_x,exclude_x,0,2639,6925,0,1,0,1,0,0,0,1,1,1,0,0,0.005567149259150028
4,50,10,100,3470338369,30,conj,glucose42,MT19937-RandomState,0.00010677706450223923,11011111011011110111101111100000100111010111111100110111111111000110111010011111101111110101011111111111011100100101110111101100111101111101100111010010110110011110111111000111111111111110111111110100111001100111111111111101010011111111111111011110111111110111100111001110110010111110111011101111111111111111111011110011101000011111111011000111111101101110101111010111111110110010101011011111000111000101101111111111101010101100001111010111111000101111110111011111001011011110111111111110111000111011,00467d7cb7762135aae106ab41c08cda3862191ae4ceb70d8a5c8c0c44c5c289,bernoulli,bernoulli|conj|p=0.7|zero=allow_iid|rng=MT19937-RandomState,0.7,allow_iid,0.0009556422010064125,8.618179708719254e-05,0.001216868869960308,0.0010137753561139107,32.06413281150162,32.06741433870047,0.003272468224167824,25,94,1,6,SAT_unsat_identifiable,1,boolean_factorization,exclude_x,exclude_x,0,2115,5544,0,1,0,1,0,0,0,1,1,1,0,0,0.005180014297366142
4,50,10,100,3470338369,31,conj,glucose42,MT19937-RandomState,4.515796899795532e-05,01011111001101110111011010101111101111101011011111111111110110110111110111111011111111011101101000100101111101011000111010011111111111100101010110011110101111100111010111010101011111101111100101101111111010110110010011011111111011011111101111111011111111101111011001100111111101011001111111111111101110110111111000110110111001011001111110111111111011110111110111110001001000101111110101110110101111101101110101111011111010111110110011101111111011000101101110101101101110110111011111111000011010101111,9fbdb06e7adbe05ef79608fd9ad8948c8c9dff0b1d4a6c80d3d94ca0d234a802,bernoulli,bernoulli|conj|p=0.7|zero=allow_iid|rng=MT19937-RandomState,0.7,allow_iid,0.0007783537730574608,7.256865501403809e-05,0.0012732325121760368,0.0009886445477604866,11.664589311927557,11.667710166424513,0.0031127994880080223,28,94,1,6,SAT_unsat_identifiable,1,boolean_factorization,exclude_x,exclude_x,0,2402,6262,0,1,0,1,0,0,0,1,1,1,0,0,0.005371516570448875
4,50,10,100,3470338369,32,conj,glucose42,MT19937-RandomState,5.483906716108322e-05,01101101000111011110111101111011010111000010001111110011111110111110110010011111001111010111110111011101111101111001111111111010011111100011011001011111010110111111001111110000100111111101011111011010101100111010011111001111011110110101101011110101101011111111110100101011011100110111011000011101011011001100111100110110011101101111011111101101111011001001111101111001011101111110110011111101011111111110100111111111000101110111111100010110110110111101111100001011110111101111111110110101101100111111,1ed640d01368595b06b51e7d95947953ea2e5e728246f399233bbb72ba69341b,bernoulli,bernoulli|conj|p=0.7|zero=allow_iid|rng=MT19937-RandomState,0.7,allow_iid,0.0008778972551226616,9.130965918302536e-05,0.0012970399111509323,0.0010382495820522308,3.9187187869101763,3.922031299211085,0.00330449640750885,28,103,1,6,SAT_unsat_identifiable,1,boolean_factorization,exclude_x,exclude_x,0,2352,6207,0,1,0,1,0,0,0,1,1,1,0,0,0.0054190317168831825
4,50,10,100,3470338369,33,conj,glucose42,MT19937-RandomState,5.0304457545280457e-05,11111111011101011111111101111011101110110011100100010111111101110111101111111101011111000011101101110101101000011011100111101010111111101101110110111000010111111101111010111110010011111101010110110111101111111001011111111010110010011100101011111110010111111111001101111111110111111000011000001111111111101111111111110011110100101111110111011011101100101011101011011000111001111011110010110101110011011111111010011111011100011111110100111101100110001111010111001001101010101101111110011110111110111110,6699a13883690b558a2807a6dcb6782dee75e9fbcdd81f9d555be45f5e5dbe2d,bernoulli,bernoulli|conj|p=0.7|zero=allow_iid|rng=MT19937-RandomState,0.7,allow_iid,0.0009274976328015327,7.278472185134888e-05,0.0012142378836870193,0.0010045329108834267,4.525535553693771,4.528762890025973,0.0032190531492233276,26,114,1,6,SAT_unsat_identifiable,1,boolean_factorization,exclude_x,exclude_x,0,2134,5699,0,1,0,1,0,0,0,1,1,1,0,0,0.005510607734322548
4,50,10,100,3470338369,34,conj,glucose42,MT19937-RandomState,4.978850483894348e-05,11111110011001110001011011111001111101010111111010111100111111101111101110111001011010101111111011101111101111111110111111111110111010100101011101110100111111001110111010101101100010101100111100111111111110111110001111111110111001111111111101111010101111111111111101111111111011100111111111010001111111100111010110011011110110001001011111101111111100110110011001110011111011111011101111010001100101111000000111111111011100001101101010001111101110111110001111100111011111111111001001110111001110101011,3cc4555424bd5cbe0ba4c36cf940ac711c7b03778ca7f2546c0b0ac5aedad4bf,bernoulli,bernoulli|conj|p=0.7|zero=allow_iid|rng=MT19937-RandomState,0.7,allow_iid,0.0010155420750379562,8.3153136074543e-05,0.0013665808364748955,0.0010173777118325233,0.8429533829912543,0.8464455856010318,0.003482653759419918,30,103,1,6,SAT_unsat_identifiable,1,boolean_factorization,exclude_x,exclude_x,0,2520,6660,0,1,0,1,0,0,0,1,1,1,0,0,0.005494332872331142
4,50,10,100,3470338369,35,conj,glucose42,MT19937-RandomState,4.649162292480469e-05,11111101010011111111011001111001111111011111101111101001101010111101111111011110000011111100111001101111000101010101110100110111000110111110111111111110110011111001010110110111011110111111111110111110111001100110011110111011110111111101111001110111100111111110111101111111101111101010111011111101110111011100111011111110101110001111111010111111101010111110111110101011010000111111111100101011111111011001100111011001100010110001111110011111100111100011110011001011110001001111111110101011111110101101,3cccb2df07b4e5d31984bd7d6fc7a9137e0b1d6219e450fd3defcc9578200c04,bernoulli,bernoulli|conj|p=0.7|zero=allow_iid|rng=MT19937-RandomState,0.7,allow_iid,0.0009473944082856178,7.527042180299759e-05,0.0012560859322547913,0.001019362360239029,0.8291452620178461,0.8324517579749227,0.0032981131225824356,27,98,1,6,SAT_unsat_identifiable,1,boolean_factorization,exclude_x,exclude_x,0,2263,5975,0,1,0,1,0,0,0,1,1,1,0,0,0.005307449959218502
4,50,10,100,3470338369,36,conj,glucose42,MT19937-RandomState,5.1614828407764435e-05,01111010111001111110101001011110110111111110011111111111111011010001001111101101111110111101101011111110001111111100101101011100011101111100101101111011110000100101111101111001011111100101011110000111110011011001001110110101111111001010011011111111111110101101000001111111101111111001101111110111001011110101011001111111111100111010011111110100111011111011111000111011111000110010101001101001111111111011101100101011001110011011010111110101000110011111011111100110111010000010101110101011100101111110,531044dfc4d5d4a84fd56253b0a318961f1f56104a4cf2e7f7d1952934a2f151,bernoulli,bernoulli|conj|p=0.7|zero=allow_iid|rng=MT19937-RandomState,0.7,allow_iid,0.0010665208101272583,8.588377386331558e-05,0.0014489386230707169,0.0009995074942708015,0.09314077626913786,0.09675046987831593,0.0036008507013320923,32,126,1,6,SAT_unsat_identifiable,1,boolean_factorization,exclude_x,exclude_x,0,2618,7036,0,1,0,1,0,0,0,1,1,1,0,0,0.005736946128308773
4,50,10,100,3470338369,37,conj,glucose42,MT19937-RandomState,5.692802369594574e-05,01001011101111110101111010101111111111010111110001111111111101100110000010011011111111111101111111011101000011011110011110101000111111110110110100111110111001111110111011101111101111011101111111101111110111011000010110010011100101110011111110111111111101010010000111001111011101111111111011010010111011111100111000001011111111011011011011011111101110111111111001011110101111111101111101111010011100111111110001111111001111111111110111111111111101101101001111001110011110111011010110101111111100111111,72fda0779fa31b81d618c3d8aacbfce27105a4943740c3d8e59209af9e35e2cc,bernoulli,bernoulli|conj|p=0.7|zero=allow_iid|rng=MT19937-RandomState,0.7,allow_iid,0.0008880710229277611,7.476657629013062e-05,0.001159965991973877,0.0010089483112096786,0.08139530569314957,0.08453609608113766,0.0031317519024014473,25,105,1,6,SAT_unsat_identifiable,1,boolean_factorization,exclude_x,exclude_x,0,2075,5500,0,1,0,1,0,0,0,1,1,1,0,0,0.005296727642416954
4,50,10,100,3470338369,38,conj,glucose42,MT19937-RandomState,5.1186420023441315e-05,11011011111111110111101110110011111110110100101111111111110111111111111100101111110011001111100011111111111111111111101111011011110100110111111111010010011110110111111110111000111100111111110011110011111111100011001111110101111001100111111111000011111000010110101010111001011001011001110110100101111011111001111101111101011100111011010101000101001011111111011111111111101100111111111110011001110111010110110110111011011110100111111001111011101001110111101110001110011110011111111001010111011011011010,041671918400e94d37aee017e6f3a969966e7c03ee410fc3ad3fa117dfdc2aab,bernoulli,bernoulli|conj|p=0.7|zero=allow_iid|rng=MT19937-RandomState,0.7,allow_iid,0.0008930768817663193,7.933471351861954e-05,0.0012811580672860146,0.0010142922401428223,20.915514283813536,20.918789632618427,0.0032678619027137756,28,104,1,6,SAT_unsat_identifiable,1,boolean_factorization,exclude_x,exclude_x,0,2352,6207,0,1,0,1,0,0,0,1,1,1,0,0,0.005361164920032024
4,50,10,100,3470338369,39,conj,glucose42,MT19937-RandomState,4.947558045387268e-05,11101111101111111101111111011111110110111110101111010010101111101100110111111011011110111111111111110101110110111101111010111110101000011111010011011111111000011111111110011110011110110100111111100100011100011101110110111010011010111011001101011111111101110011110101111010111110101011100111111010101111011001011010010011010101011110110111111111111111011111101111110110111011011101111011010111111011111100111111110100110011111110110001110111111111000110110011010000111111101101111101100111110111011001,5438ff2ccfb2b7a4917439f39a385758d78f66a4150d16583fbc3faa1f08c830,bernoulli,bernoulli|conj|p=0.7|zero=allow_iid|rng=MT19937-RandomState,0.7,allow_iid,0.0009533120319247246,8.63242894411087e-05,0.0014038346707820892,0.0009988052770495415,3.5751637062057853,3.5786129757761955,0.003442276269197464,31,88,1,6,SAT_unsat_identifiable,1,boolean_factorization,exclude_x,exclude_x,0,2669,6958,0,1,0,1,0,0,0,1,1,1,0,0,0.005436450242996216
4,50,10,100,3470338369,40,conj,glucose42,MT19937-RandomState,7.116701453924179e-05,01010101111101001111010100101111001000111011111111111011001110101101111100101111111011011000011001111111001111101100111111101111110111011111110001101111111111110011110110101011101010011100101111010001111101110110011100010110111001001011011001010110100011101111000111111111110100101110111111100111010111110010101111111111100001000110110110011100110110011111110111111111110111101110110111101001101010110011011101111111000111101010001111100111111011101111111011011100000101111111011111111111110010101110,a2b0abcb3267a957c7b0d4864502c7d72a9dc79d4aff582f49a03686c1e94c65,bernoulli,bernoulli|conj|p=0.7|zero=allow_iid|rng=MT19937-RandomState,0.7,allow_iid,0.000978715717792511,8.652918040752411e-05,0.0014001661911606789,0.0009971372783184052,0.7109351065009832,0.7144049536436796,0.003462548367679119,31,131,1,6,SAT_unsat_identifiable,1,boolean_factorization,exclude_x,exclude_x,0,2499,6771,0,1,0,1,0,0,0,1,1,1,0,0,0.0057103922590613365
4,50,10,100,3470338369,41,conj,glucose42,MT19937-RandomState,4.9464404582977295e-05,11101101110010001101000111111101111011111110001100100010111111110000000111101011101100110110110011101110011011011111100111101011100111111011111010011101110101011100010111110011001111111110100111011111001111000100111011110111110101111011100010111101011111010111010110010111111111110111101010111000100001101110110001111011110111001111101111111110100001011001111010111111111111101011010110111010111001000100101101001100110100110101111011111111110010111111111110010011110011111110001101100011111000111010,0d4b707aad0ce719a057db04ca27e380b0206cd791b60e2d3b908e5a0b4dd15c,bernoulli,bernoulli|conj|p=0.7|zero=allow_iid|rng=MT19937-RandomState,0.7,allow_iid,0.001141441985964775,8.472148329019547e-05,0.0015723379328846931,0.0010147998109459877,1.914412903599441,1.9182331776246428,0.0038133012130856514,35,136,1,6,SAT_unsat_identifiable,1,boolean_factorization,exclude_x,exclude_x,0,2825,7666,0,1,0,1,0,0,0,1,1,1,0,0,0.005937231704592705
4,50,10,100,3470338369,42,conj,glucose42,MT19937-RandomState,4.6484172344207764e-05,01110111111111110010101011101001111011101011111001111101001010111011000101011011110011111011111111010111111100011111011110111010010010101110110001111100111101011111110111111101111111111111111111111010111110110110001011011011111110111111011011011011000101110101111100111010110010111101111111111011011111111101101111011101101110110110110111000111111111111110110101110010111101100110011111101110101101111111101111011111111111101100110111011111111100100100111110110111010100001111101000100111111010110110,01def50dd857dd5c1cd20d393d10a0205ec316ae7a9b9406373f8a7a088dbf66,bernoulli,bernoulli|conj|p=0.7|zero=allow_iid|rng=MT19937-RandomState,0.7,allow_iid,0.0010119304060935974,8.808914572000504e-05,0.0013581439852714539,0.0009891074150800705,2.456280928105116,2.460230490192771,0.003447270952165127,30,96,0,5,SAT_found_counterexample,1,boolean_factorization,exclude_x,exclude_x,0,2560,6704,0,1,0,1,0,0,0,1,1,1,0,0,0.005416888743638992
4,50,10,100,3470338369,43,conj,glucose42,MT19937-RandomState,4.761014133691788e-05,11100011100110111110111111101101011101101101011101011111110111101111111110111001111110110111011011111001111011101011111001111101111011111110111111110111011111001010101110010011101101101110001100001011011010111011111000011101110011111100011011001111110111110110011011111011111101111101010111010001011110110110010110111011110111010100101011111101001110100111100011110011101111101111010111111010101110010111111111111111100001111011110001111111001010111101110110010111111001110111110010011111111111111011,c614f4132307715d2a326cc7c3de80ab824f70b305eb4e796f81874535d05324,bernoulli,bernoulli|conj|p=0.7|zero=allow_iid|rng=MT19937-RandomState,0.7,allow_iid,0.000924922525882721,8.144602179527283e-05,0.0013648401945829391,0.000986953265964985,8.466978128999472,8.470343907363713,0.003358162008225918,30,92,1,6,SAT_unsat_identifiable,1,boolean_factorization,exclude_x,exclude_x,0,2610,6759,0,1,0,1,0,0,0,1,1,1,0,0,0.005531604401767254
4,50,10,100,3470338369,44,conj,glucose42,MT19937-RandomState,4.433467984199524e-05,11111111010011011110111111111111101101011011101111111111111010010110011110111111001010101110001101001110111111011110101001111111111111101011011110110111111111111101101011101111101101110111111000111110111011111011111100101110110011111101011011111111010010110111101100111111011010101111101011110011001001111101011111111111110001111111010000011111100111010101111111110111101111101111011110111011010111111110111101011010110110110111100111010101101010110111111110101010101001110011010010111111011111110110,769b5171933c2beb18cbca81ed37fc9a05817f67b4d3e22cef6bffd0facb651b,bernoulli,bernoulli|conj|p=0.7|zero=allow_iid|rng=MT19937-RandomState,0.7,allow_iid,0.0009636655449867249,8.484907448291779e-05,0.0012945625931024551,0.000994672067463398,2.672212482430041,2.675558216869831,0.0033377492800354958,28,96,1,6,SAT_unsat_identifiable,1,boolean_factorization,exclude_x,exclude_x,0,2372,6229,0,1,0,1,0,0,0,1,1,1,0,0,0.0053630853071808815
4,50,10,100,3470338369,45,conj,glucose42,MT19937-RandomState,4.864763468503952e-05,01110100111111011110001010111011011111011011101111101111000100111101110110001111001110011111111000111111110100111010111100101111110011111101111001111001110111101000110111111111110011010011101110001101110111010101001011011101001111111111101010110011111001001101101111111110110110001101110111111010111111001111010011110111111010110111001111111111011111000101111010011010111100111111110101101111101100011011100010101111111111111111111111011011101111111101100111111111011001011110101111101010111101111111,cabfdbe015d744a46cdd58f5c7b8a3f655b2eaa720d1f004e8bb8f0a7ba13fe5,bernoulli,bernoulli|conj|p=0.7|zero=allow_iid|rng=MT19937-RandomState,0.7,allow_iid,0.0009785788133740425,7.739569991827011e-05,0.001400727778673172,0.0009972332045435905,1.3376088496297598,1.3410706408321857,0.003453935496509075,31,105,1,6,SAT_unsat_identifiable,1,boolean_factorization,exclude_x,exclude_x,0,2659,6947,0,1,0,1,0,0,0,1,1,1,0,0,0.00555000826716423
4,50,10,100,3470338369,46,conj,glucose42,MT19937-RandomState,4.8891641199588776e-05,11111100010101110111101001111011100010100110111111000110111111101000111101111011111011111001111100011001010010010111110100101101111111001110110100100111001111111111110111111110101111111111111100101111001001111001010111111011001001000001111111100110111011111111111100101111011101111110111010110111111011111101110111111111111110011011111111111111010101100111111010111011111111011001101111101100011101011001111101111101110001101100110010100011111111111111010011111001010101100011101101101111111011110001,2727281e226850b5bfecc771565eb41ed1ef05d9d21eaae8ec04e1914689c9de,bernoulli,bernoulli|conj|p=0.7|zero=allow_iid|rng=MT19937-RandomState,0.7,allow_iid,0.0009937314316630363,8.192285895347595e-05,0.0014346325770020485,0.000995473936200142,0.5757579309865832,0.5792707912623882,0.0035057608038187027,32,114,1,6,SAT_unsat_identifiable,1,boolean_factorization,exclude_x,exclude_x,0,2678,7102,0,1,0,1,0,0,0,1,1,1,0,0,0.005654575303196907
4,50,10,100,3470338369,47,conj,glucose42,MT19937-RandomState,4.6407803893089294e-05,10111111011011001010110101111101010110011000111101111110110101011011110111111110111111111111111111001110001011111111111011111111011110111001100101111001000111101111111110011101111100001101111110111111111010101100101101010000111011111011111101111001111111100011111110101111011101111110111111111101011111111100000011101001100010111111011011011111110101010111100011111011111110111011101011100110011101111110001111101111101101110110110011010110111010111111011111011111111110001011110111110110100011110001,56ae1a9bcc6105bb25920dc6c7100ad856b0f347930d23689bdba6c60e1bd6a4,bernoulli,bernoulli|conj|p=0.7|zero=allow_iid|rng=MT19937-RandomState,0.7,allow_iid,0.0010078903287649155,7.845181971788406e-05,0.0013599283993244171,0.000993979163467884,0.3529450334608555,0.35639253724366426,0.0034402497112751007,30,102,1,6,SAT_unsat_identifiable,1,boolean_factorization,exclude_x,exclude_x,0,2530,6671,0,1,0,1,0,0,0,1,1,1,0,0,0.005500246770679951
4,50,10,100,3470338369,48,conj,glucose42,MT19937-RandomState,4.574563354253769e-05,11010000011010111111101101111101111111101100111101110011110100111111111110011110111111111011101101111111101101011100101010101100111101111111111101101101111011111011101001110110011101100111101111111111101101110100111110111111010110001000111111111010011101110001001111111000111101011111001100011101101111111101111001111011011110111111001100110100100110101111111101110010110101101110111111011110011001110011110111110011101111011100101111110100011111110110101110110110111111111101011011110101001001111101,29238bdec9514dfe9ea1f1c61adec3551101bf594bb2eef09b993797d5236cf5,bernoulli,bernoulli|conj|p=0.7|zero=allow_iid|rng=MT19937-RandomState,0.7,allow_iid,0.0009467396885156631,7.552001625299454e-05,0.001359669491648674,0.0009802049025893211,3.182825638912618,3.1861953986808658,0.003362134099006653,30,97,1,6,SAT_unsat_identifiable,1,boolean_factorization,exclude_x,exclude_x,0,2560,6704,0,1,0,1,0,0,0,1,1,1,0,0,0.005466586910188198
4,50,10,100,3470338369,49,conj,glucose42,MT19937-RandomState,5.137734115123749e-05,11010111100101111011111101110100111110110011010111011111111111111101110010110101101011111011111101011101111011111111111101111111111101110111000011111011011111011101001110111111100001100011100011011101110011101101100011101010011111111111011111011111011111101001011111111101011111011110111101111111101001011101111111111110010101011110110111011010011111101111000100111111110101001001011011111110111111000110011110110111111100111100111101111111011111111100011110001011101110000110111111111011111111010001,b77815ab0b0a9340e986dd575c5ad6ddc487101935dc623c77f75866d03dd697,bernoulli,bernoulli|conj|p=0.7|zero=allow_iid|rng=MT19937-RandomState,0.7,allow_iid,0.0009092995896935463,7.927138358354568e-05,0.0013643726706504822,0.0009904317557811737,0.5406618490815163,0.5440152585506439,0.003343375399708748,30,95,1,6,SAT_unsat_identifiable,1,boolean_factorization,exclude_x,exclude_x,0,2600,6748,0,1,0,1,0,0,0,1,1,1,0,0,0.0056425705552101135
4,50,10,100,3470338369,50,conj,glucose42,MT19937-RandomState,0.0001148618757724762,11001001111111101101011111001000011101100011111101011111111011100011111001111001111101010101110010111110110111011111111111101110111110111111011100111001001111101101111001101110101111011101111011101111100101111110001100110111101011111111010111110111111111001011011001111001111110010111111101010011001100010110111111010011111110010011110010001110101111011111101111101011011101111101111101101001111110101001010010011110011011011110111111111110010011111010100111111001110011100101001110110111110101100111,388a6f27f264e763738fa5c148b72fa166846e4c7a6052cc170ffa507bb33c16,bernoulli,bernoulli|conj|p=0.7|zero=allow_iid|rng=MT19937-RandomState,0.7,allow_iid,0.0011145314201712608,9.75215807557106e-05,0.0015257243067026138,0.0010149460285902023,0.5984680047258735,0.6022299081087112,0.0037527233362197876,33,107,1,6,SAT_unsat_identifiable,1,boolean_factorization,exclude_x,exclude_x,0,2827,7400,0,1,0,1,0,0,0,1,1,1,0,0,0.00570005364716053
4,50,10,100,3470338369,51,conj,glucose42,MT19937-RandomState,4.613026976585388e-05,10101110111011010101100010011111010110111111111110101110000111111111110111111110111101111001111111101001011100111110111101111101011111111101011111001110110101101100100110101111011011110111011111110100111100011111011101110001010011111111000111100011111111010111110111101001000111111101100111011111111111111101010111000001011111010111111111110111011110111111111111111100100111111111101011111111011001111010001111101110111110000111111001011101011011111111111101111010011111011011111001100101111011111011,0bcd2d797d5d8fe2e76bc41e5d84f6cef71eeee08307018203a5f7b707ab9f20,bernoulli,bernoulli|conj|p=0.7|zero=allow_iid|rng=MT19937-RandomState,0.7,allow_iid,0.0009015286341309547,7.273443043231964e-05,0.0012260926887392998,0.0010026441887021065,1.2956593530252576,1.2988697923719883,0.0032029999420046806,27,90,1,6,SAT_unsat_identifiable,1,boolean_factorization,exclude_x,exclude_x,0,2293,6008,0,1,0,1,0,0,0,1,1,1,0,0,0.005328516475856304
4,50,10,100,3470338369,52,conj,glucose42,MT19937-RandomState,4.694797098636627e-05,11001010011110111110000000111111011111111101111101111111110111011100111100110101011111111111011011101110110111110100110111110011111011110111111001011111011010111101011111010101000111101111100110100111101101001111111111011111111010111111010111111101011111100101111100001110110010011111010010110001010110111100001010101111101111010101011111001101000100110011101111011111101101000000110110001101011111011011011011101101000010100100101011111111111100111110111111101000101001111111110110111111111111111100,381628d5d7ca0464eb0a429b2aa8067a6ad294986415d1c333286ee23bdef736,bernoulli,bernoulli|conj|p=0.7|zero=allow_iid|rng=MT19937-RandomState,0.7,allow_iid,0.0009011095389723778,7.887743413448334e-05,0.001204758882522583,0.0010260213166475296,0.13668228033930063,0.1399016296491027,0.0032107671722769737,26,117,1,6,SAT_unsat_identifiable,1,boolean_factorization,exclude_x,exclude_x,0,2074,5633,0,1,0,1,0,0,0,1,1,1,0,0,0.005411466583609581
4,50,10,100,3470338369,53,conj,glucose42,MT19937-RandomState,4.6907924115657806e-05,10010110111000001111000100001111111111111000111110010001101001011101001101110101011111110111010110111110101011101111111101110101110000110001101111010111111111000101111111111111111111001101011101110011110110011110100110111111100111110011110111110010000111111101100111000011101111100110011011011011101011010110101111110110111101001101100110110111100010111110111010111010110011100111101011111100110100110101111111101111100111110111110111001111001011011110000000111111000011101001011101101111101110001010,27a23480700842d90092401bcf42c61805bcee7cda7afd355578a68e62d52f10,bernoulli,bernoulli|conj|p=0.7|zero=allow_iid|rng=MT19937-RandomState,0.7,allow_iid,0.001073933206498623,8.949730545282364e-05,0.0015228483825922012,0.0009912298992276192,0.06511131022125483,0.0687967985868454,0.003677508793771267,34,138,1,6,SAT_unsat_identifiable,1,boolean_factorization,exclude_x,exclude_x,0,2736,7434,0,1,0,1,0,0,0,1,1,1,0,0,0.005893725901842117
4,50,10,100,3470338369,54,conj,glucose42,MT19937-RandomState,4.901178181171417e-05,11001111101111111111101111101010111001011111101101011110100101011011011111100110001100111111111111111101101111110101110111111111110010111111011110101011010011000011111111111001010101111110110111001110110111011011111111110100111111100110011110011011111111111111111101011000101010111111101111010001111010111011110011011111101011100011011101110110101010111011111111101101110111111111011110110100101001011011101011011001011111011011000011111010111011110111001011111111010111110010111100110110101010001101,27f0b9dd76a6f0d765daa54a604f6b45876dd3db1fc97f697bd3ae99a051c9ce,bernoulli,bernoulli|conj|p=0.7|zero=allow_iid|rng=MT19937-RandomState,0.7,allow_iid,0.0009487103670835495,8.661765605211258e-05,0.0013183653354644775,0.0009985659271478653,0.6947303712368011,0.6980908429250121,0.003352259285748005,29,109,1,6,SAT_unsat_identifiable,1,boolean_factorization,exclude_x,exclude_x,0,2401,6395,0,1,0,1,0,0,0,1,1,1,0,0,0.00545030552893877
4,50,10,100,3470338369,55,conj,glucose42,MT19937-RandomState,4.760269075632095e-05,01010001100010101100000111111100011011101110011111111110110111111010110101111010110110111110010110010111011111101111011111000100111000011000011100100001011111011011011101111011111111101010100011101001111011111101111101111111101110110110101010011111111001110001110101110101110010111011110111010011011001011010111111001011110011110010010111111111011000001010011111101111111111110000110101111110000010111110001001111101110001100100010111101110101111111111111010111011100001110001011110110101011011111101,1e524c0466f28ea4affb4274e12c306cddfd1afe6a9d688f3c9da2baaae756d0,bernoulli,bernoulli|conj|p=0.7|zero=allow_iid|rng=MT19937-RandomState,0.7,allow_iid,0.0009406320750713348,7.551349699497223e-05,0.0013400493189692497,0.0010003317147493362,0.5120598925277591,0.515423315577209,0.003356526605784893,29,158,1,6,SAT_unsat_identifiable,1,boolean_factorization,exclude_x,exclude_x,0,2221,6197,0,1,0,1,0,0,0,1,1,1,0,0,0.005624307319521904
4,50,10,100,3470338369,56,conj,glucose42,MT19937-RandomState,4.802551120519638e-05,10101011100101111101111011101111111111011101011110111100111101010001111011101100101100001011111011111001100001101110100111011101011111101001101100000001111101100111111010011001111100011011101110111111111110101011101111111110101010101111111001111001111101100000011011010111111100110010100001110000100101111101001110101110111010011111101011101001111111101111001111100111010111111111110010000011110111111101111001001111111111111100011110001101101010111000111011111101001000000100010011110101111010111011,5cc1ada3f3ff2ab5089179a8f79e08a66a64be952e785c3ca9775675f313f060,bernoulli,bernoulli|conj|p=0.7|zero=allow_iid|rng=MT19937-RandomState,0.7,allow_iid,0.00110714603215456,8.723977953195572e-05,0.0015192460268735886,0.000994216650724411,0.10334433894604445,0.10705984197556973,0.0037078484892845154,34,138,1,6,SAT_unsat_identifiable,1,boolean_factorization,exclude_x,exclude_x,0,2736,7434,0,1,0,1,0,0,0,1,1,1,0,0,0.005894680507481098
4,50,10,100,3470338369,57,conj,glucose42,MT19937-RandomState,4.700664430856705e-05,10111101111011101111101110010110100110110011000101111111110110110110110111111111011111111110100010011111110111010010111111111011110010110111011001111010011111100101011111111001110101011101011001101111110111111010010011010100011110011101110001111010101011111111001111011001111110101101010101110001111011110111101101111010101111110111110111111111111001011011111110111110110101110110010010011111001100111101111011111101111111100101001011111110010000101011111001011111100111011001111010111110111001101110,22e5e4f70cfa0c7fa06adf529fe57180a40a168b61714b2670478a8fb6072d4d,bernoulli,bernoulli|conj|p=0.7|zero=allow_iid|rng=MT19937-RandomState,0.7,allow_iid,0.0009723203256726265,8.251983672380447e-05,0.0013150358572602272,0.000998200848698616,0.36212294921278954,0.36549947038292885,0.003368076868355274,29,103,1,6,SAT_unsat_identifiable,1,boolean_factorization,exclude_x,exclude_x,0,2401,6395,0,1,0,1,0,0,0,1,1,1,0,0,0.0054107774049043655
4,50,10,100,3470338369,58,conj,glucose42,MT19937-RandomState,4.649348556995392e-05,10011011111111111001111100110111110011011101111110011110101111011111110011011110101110111011100011100110110111011011010110001110001101111111111111011001101010111111100011111101111011110110101101110110111111011111110111111111011110101110011010000101111100011101111101010011110000111001110011111111111101100010111110111011101111110101111010111111000101001111101111100100111110111111011001001101010101001101011011111101110111111111111111011011100010011101100111001011111111011101111001101001011111111110,98fa18a7d275b3e81efdb4fe7c14b7377768f4a58bf6f53d084fdfcd7a2ea046,bernoulli,bernoulli|conj|p=0.7|zero=allow_iid|rng=MT19937-RandomState,0.7,allow_iid,0.0009980853646993637,7.733702659606934e-05,0.0013551199808716774,0.0009973635897040367,2.4110954888164997,2.4145314786583185,0.003427905961871147,30,114,1,6,SAT_unsat_identifiable,1,boolean_factorization,exclude_x,exclude_x,0,2500,6638,0,1,0,1,0,0,0,1,1,1,0,0,0.005547846667468548
4,50,10,100,3470338369,59,conj,glucose42,MT19937-RandomState,4.5622698962688446e-05,10101111111100111110001111110111001111101111101000101011001111110111111011110111100111111011011101001111100000001110111110110011111111011100001111010100111111010001010111111111111010011001111100111111010000110011001110011101001110010111001111011111111100110111011101111110010011100101111011101111110011111111000001000110011010011011101011111011111011111111111110100001010110110101001011001011001011111101111011110111111111010100101011111111111010111011111111010111111100001001111111111111111111111001,8419b29f5eb57ed1cf307fb400317d39c9a04b7ed3e56a4c04ebe22c6a42017a,bernoulli,bernoulli|conj|p=0.7|zero=allow_iid|rng=MT19937-RandomState,0.7,allow_iid,0.0010276809334754944,8.109770715236664e-05,0.0013760533183813095,0.0010013086721301079,0.10054888017475605,0.10404223203659058,0.0034861406311392784,30,128,1,6,SAT_unsat_identifiable,1,boolean_factorization,exclude_x,exclude_x,0,2450,6583,0,1,0,1,0,0,0,1,1,1,0,0,0.005622589960694313
4,50,10,100,3470338369,60,conj,glucose42,MT19937-RandomState,9.734649211168289e-05,01100101010111010011001100010101110111011110101111011111111111101111011100001110010111101111101111011111001111111011011100110110111101101011110111101111100101010001011111110010111101101110011111101101111100111111111010111101100111001010111111000111110111010010110011111011111111111110101001011110111101100101000111101110010011011011111110111110110001111111111111011010111111110111111101111101111110011101111111001010001111101011110101101111011011010101111101110101110111111111010110110010111010011110,38e0d384d8730b1db0df9b185897262cc7719fc86920e57b108c753af61852a8,bernoulli,bernoulli|conj|p=0.7|zero=allow_iid|rng=MT19937-RandomState,0.7,allow_iid,0.0010481532663106918,9.754300117492676e-05,0.0013098809868097305,0.001039239577949047,0.556356867775321,0.5598590197041631,0.003494816832244396,28,101,1,6,SAT_unsat_identifiable,1,boolean_factorization,exclude_x,exclude_x,0,2312,6163,0,1,0,1,0,0,0,1,1,1,0,0,0.0054032886400818825
4,50,10,100,3470338369,61,conj,glucose42,MT19937-RandomState,4.5418739318847656e-05,11110111111110110111010101000111111101110101101101100110011110011111101111100101001011101101111111011100010010110011011110111011100110001110111100111110000110101101101111111010101110001111011110110111101101101001111110111110111011100011111111100110101111111001011000001111010111101110111111111010101111111111011110101000000110110111110000101111111000111101011001101111110110100011111001000011110110111011111101100111111110110111000101010011110001111111101101101111101111011111111111101110001011110010,582126dd7a2062897c047f86a477e7e12ccc06069ff33c1258d076c092aeb98c,bernoulli,bernoulli|conj|p=0.7|zero=allow_iid|rng=MT19937-RandomState,0.7,allow_iid,0.0009920662268996239,7.475167512893677e-05,0.0012927744537591934,0.0009940806776285172,0.34315874241292477,0.3465197440236807,0.003353673033416271,28,115,1,6,SAT_unsat_identifiable,1,boolean_factorization,exclude_x,exclude_x,0,2262,6108,0,1,0,1,0,0,0,1,1,1,0,0,0.005528264679014683
4,50,10,100,3470338369,62,conj,glucose42,MT19937-RandomState,4.764460027217865e-05,11100001111001010101010000111011111111011000010011101101011100110111111110011101110110111101110110111101011111111010001011100010000111011101110011110110000111100101101001101011101111110101110000111111111111110010001010110110011101010111110111111111111110111100111101101110010101111010011110100010100011111100010001111110110101011110111111011111011111010011111101111011101111101011111110110111001101100101011110111011101111111011100011111110101110011011111110111000101011110111111111111110011101001110,46f012184eaeaddec3e9f12d3bc4093b81068f5bee91eb6f155981d824bc56a0,bernoulli,bernoulli|conj|p=0.7|zero=allow_iid|rng=MT19937-RandomState,0.7,allow_iid,0.001157519407570362,9.127985686063766e-05,0.0014641722664237022,0.001000083051621914,1.5908493380993605,1.5945703499019146,0.003713054582476616,33,126,1,6,SAT_unsat_identifiable,1,boolean_factorization,exclude_x,exclude_x,0,2747,7312,0,1,0,1,0,0,0,1,1,1,0,0,0.0056802257895469666
4,50,10,100,3470338369,63,conj,glucose42,MT19937-RandomState,4.552863538265228e-05,11011111111111101011100110111101010011101110110111011111111111000001110010111011010011111111111011101001101100011011101011110001010111111001111011010101100101110111110011101111011111011110101110101111110000111101111110101111101010100111111001111000101011110001111111100011111111101111110001010000100011011101101001110101110001110111011010110000011101110111100001110111110010111110111111111101110110110111111110100111111111011001111011111100100001111101111011111100111111101101101001111101110111110111,16444c84f01139bcc028c047e9e374bcda3942fa4f9818c39797761552896c8b,bernoulli,bernoulli|conj|p=0.7|zero=allow_iid|rng=MT19937-RandomState,0.7,allow_iid,0.001090141013264656,8.247978985309601e-05,0.0015654200688004494,0.0009863115847110748,0.2640085853636265,0.26774091739207506,0.0037243524566292763,35,106,1,6,SAT_unsat_identifiable,1,boolean_factorization,exclude_x,exclude_x,0,2975,7831,0,1,0,1,0,0,0,1,1,1,0,0,0.0057743508368730545
4,50,10,100,3470338369,64,conj,glucose42,MT19937-RandomState,4.9591995775699615e-05,00101011111100110111111111100001111101111110101010111111110100010111011100011111001110110110010101111010011001010101111100110110101011001111101101111100111001000111100111111101111111101011011111111101101111111111110010111111101111000111111011101111100001101010101101011111011110111111101011110111111010111111001111100011111100111011011110011111100110011010101001110111011110011111110110110111111001111001111011001100110111110111100111111111111011111010111110110011111011010111110011111101111101001111,579b7c65c0449d2bb801dc463e7e0bba4fae2ac1f76c2cc411541ed09cadf770,bernoulli,bernoulli|conj|p=0.7|zero=allow_iid|rng=MT19937-RandomState,0.7,allow_iid,0.0010667499154806137,9.020697325468063e-05,0.001549459993839264,0.0010101860389113426,0.2997426837682724,0.3034665882587433,0.003716602921485901,34,102,1,6,SAT_unsat_identifiable,1,boolean_factorization,exclude_x,exclude_x,0,2946,7665,0,1,0,1,0,0,0,1,1,1,0,0,0.0056679509580135345
4,50,10,100,3470338369,65,conj,glucose42,MT19937-RandomState,4.462432116270065e-05,01001100110110110111110101110111111011111110111101011100110000010110101010101111110110110010011110011110100111111111111111101111100111011100111111111111111010100001010001100101011111100111011110011000110000110111111010101110111011011111010111111110100001111111110001011111001111111110101111001110111111101101110111110111111011001110100001010111001110101111111101100001011111101111111110110111101011111111111111111001111111110110110101000100101111011101100110101111110111101100101110101101010011110011,2acd459eab13cf36c544f1fc755bd0e901e19b62b1145ce7775b2b6877951583,bernoulli,bernoulli|conj|p=0.7|zero=allow_iid|rng=MT19937-RandomState,0.7,allow_iid,0.0009616687893867493,7.134117186069489e-05,0.0012388797476887703,0.000996236689388752,0.17954247072339058,0.18281726259738207,0.0032681263983249664,27,125,1,6,SAT_unsat_identifiable,1,boolean_factorization,exclude_x,exclude_x,0,2153,5854,0,1,0,1,0,0,0,1,1,1,0,0,0.005442110821604729
4,50,10,100,3470338369,66,conj,glucose42,MT19937-RandomState,5.0265341997146606e-05,10111111111011111101110101110101101001110111001111111111011111111110110010101011110111111111011011010100011101111100111110111110011101110100110100100011011101110001011111100101101111111110111110111111110110100111101011111000111110101100111111110110111111010001100111011101111111110011111101110101011111111110111111111000011101100100110111100110110001110011111011011111110010000111011110010111101111111110001010010110101110111011111111101111110110111001000101001111011001010110110010100011100011010010,b6d54e3bcf0d640b07b3506c4246cc3a85129027cd76806c00b000b4908ab88e,bernoulli,bernoulli|conj|p=0.7|zero=allow_iid|rng=MT19937-RandomState,0.7,allow_iid,0.0009813392534852028,8.089467883110046e-05,0.0013100886717438698,0.0009870650246739388,0.22030731197446585,0.2236738195642829,0.003359387628734112,29,134,1,6,SAT_unsat_identifiable,1,boolean_factorization,exclude_x,exclude_x,0,2321,6307,0,1,0,1,0,0,0,1,1,1,0,0,0.0055862292647361755
4,50,10,100,3470338369,67,conj,glucose42,MT19937-RandomState,4.553887993097305e-05,11101111111110111001111111111111011110101111111100111111010111111111110111101111011111011010101111110011111111111101111110111011101111111011111011111011101111101001011101111111111100001101111101110111101101010111001010111111111111001111100011001001111100101111001110111101100110111111101101001101011011111111110111110111111110011011110101101011010110111101111101111010101111110110011111110011011011011111111111001110111111001100110011011111111111011111111110101101111011111111111111111111111110100101,290ab88b8f482b3014908a4adda84bf37418c2c71230f85dc79982fcc9aededb,bernoulli,bernoulli|conj|p=0.7|zero=allow_iid|rng=MT19937-RandomState,0.7,allow_iid,0.0008067302405834198,7.110182195901871e-05,0.0012029055505990982,0.001002466306090355,3.5838597770780325,3.5869510853663087,0.0030832039192318916,26,77,1,6,SAT_unsat_identifiable,1,boolean_factorization,exclude_x,exclude_x,0,2304,5886,0,1,0,1,0,0,0,1,1,1,0,0,0.00517493300139904
4,50,10,100,3470338369,68,conj,glucose42,MT19937-RandomState,4.922226071357727e-05,11111111011111011110000110011001001010101111011101011001101111111110111110010110101110101011110101101111011110111010001111000101111001101111111000001111110101101001111100111101101100001111111101011001011110111011111011101101111001101111110011101111010111101111011101011011000110011010110000100100101111111110110111011111001111010011111001011001111101011101110111111111011111111011101011001111110111110100111111101011011011111101110100011111010010101111011111101011000011101111001011111101010101101000,36aedb8cfcaaa7f545039d49ae2ec63c5d66a151d7e8067d698961d0adf2bd2d,bernoulli,bernoulli|conj|p=0.7|zero=allow_iid|rng=MT19937-RandomState,0.7,allow_iid,0.0009345263242721558,9.936001151800156e-05,0.0013134963810443878,0.0009881295263767242,0.3580002496019006,0.3613477787002921,0.0033355122432112694,29,122,1,6,SAT_unsat_identifiable,1,boolean_factorization,exclude_x,exclude_x,0,2331,6318,0,1,0,1,0,0,0,1,1,1,0,0,0.005522090010344982
4,50,10,100,3470338369,69,conj,glucose42,MT19937-RandomState,4.827417433261871e-05,01011111011011011011111101111111000111100111011111111011101011010001111110011101110100101101111111011110101100100001110000110000111101110100101111111110100110000111110111111110101111011100111110111111111111100011001011010110111111011111010111101010011111011110101000111011001010101011111101011000001011101011111111111111111001011011010011011010110001110010111110011111010111111111111011111111111101011011101110000111101110111111101001000000101100110011011111110111111111010011101111011111111010111111,7c2b8fd55c479d527f15668f7dfb809fd83ea0f7ada366e95696887f187fbd37,bernoulli,bernoulli|conj|p=0.7|zero=allow_iid|rng=MT19937-RandomState,0.7,allow_iid,0.0009900229051709175,8.132588118314743e-05,0.0013152118772268295,0.0009952019900083542,0.8976470585912466,0.9010364580899477,0.0033817626535892487,29,132,1,6,SAT_unsat_identifiable,1,boolean_factorization,exclude_x,exclude_x,0,2331,6318,0,1,0,1,0,0,0,1,1,1,0,0,0.005558152683079243
4,50,10,100,3470338369,70,conj,glucose42,MT19937-RandomState,7.113814353942871e-05,10011010010110111100101110001111101101110111101111010111111100101110110100101110111111011011111010101101111001010101101100101111111111101111011010110111101101111011101111111111110011111010101101010011111110111111001111101010011001110001110111110001111110010110111010111101001101111110101010111101011110111001101110100111111111010111111000010111100011110111110101111111001110101111001111110111111011011011010111111110110011110011110001011011111011101110001110011101100010111111111111111111111001111110,040980735c09cc45cf83b3c0b1c35a127ed3afe8f058527d7896180f480f2981,bernoulli,bernoulli|conj|p=0.7|zero=allow_iid|rng=MT19937-RandomState,0.7,allow_iid,0.00097724050283432,8.29547643661499e-05,0.0014476822689175606,0.0009952448308467865,3.3453857135027647,3.3488961420953274,0.003503122366964817,31,106,1,6,SAT_unsat_identifiable,1,boolean_factorization,exclude_x,exclude_x,0,2629,6914,0,1,0,1,0,0,0,1,1,1,0,0,0.005619929172098637
4,50,10,100,3470338369,71,conj,glucose42,MT19937-RandomState,4.420895129442215e-05,11001111101111111110101111111001110011110100110101110011011101010111111101001111111010101101010011111111010110001111011011111111110111001011011011110111101111111111101011111010111011111111101000011110101110110111011110011110101011010101010111001111111111000011001111111110100111000111111101101011110101011100010111110011011011110111011000110011110111110011110111001110001010110111011111001001111101011111110001101111110101110111110001110110111111110110111011111010001101111111101101110101110110001110,f6eb8d47f40f8cc42eb7b1a85ed861d1096efdf4a3c741df17e50dc0ee262bc5,bernoulli,bernoulli|conj|p=0.7|zero=allow_iid|rng=MT19937-RandomState,0.7,allow_iid,0.0009732292965054512,7.548276335000992e-05,0.0013497332111001015,0.0009871851652860641,2.0108805168420076,2.0142728500068188,0.0033856304362416267,30,95,1,6,SAT_unsat_identifiable,1,boolean_factorization,exclude_x,exclude_x,0,2550,6693,0,1,0,1,0,0,0,1,1,1,0,0,0.005430622957646847
4,50,10,100,3470338369,72,conj,glucose42,MT19937-RandomState,4.700664430856705e-05,11111111111101011100001110101111100100111101111111111110111001011111111111101011101010101110111111010111111100111011101110001111111111111100011110111111011111101110111111011000101110110110011110101010101001110000111011011111110111111110100111111000110111111010011101110111011111000101011010111111101101101010110110001110111101110110101111101111111100111011001001111111011111100101001101011111011000101111110111111111111001111111111111011110111110011111111111110110110111010111111111111110111111111101,104a6b01cf35855d39a37b0b52a0cea62f292d7367217c3625f31fd7ec733d2d,bernoulli,bernoulli|conj|p=0.7|zero=allow_iid|rng=MT19937-RandomState,0.7,allow_iid,0.0009757094085216522,7.396843284368515e-05,0.0012227268889546394,0.0010022865608334541,0.4965574285015464,0.5003447290509939,0.003274691291153431,26,88,0,5,SAT_found_counterexample,1,boolean_factorization,exclude_x,exclude_x,0,2224,5798,0,1,0,1,0,0,0,1,1,1,0,0,0.005097429268062115
4,50,10,100,3470338369,73,conj,glucose42,MT19937-RandomState,4.8891641199588776e-05,01011101111110110011110101011110011011111110010111110001001101110101111101111111000001010100100010100111011111111010001100110111101101110111110011111101111101010111101111111011010111110110111101010111111110101101111101111111101101110111110111001001001100010100010111111111101110110010111111111111100011100111110111000111011101110110010111011110111110011011111110101011111101111100010111010111011101111111110000101110111001100111101111101111011111001101100010111010111000100100011111011001001110111010,c51c7d0b25acb79a964c5febae0187e826c67518e804b0ff8bfa5900ddca303d,bernoulli,bernoulli|conj|p=0.7|zero=allow_iid|rng=MT19937-RandomState,0.7,allow_iid,0.0010631084442138672,8.289236575365067e-05,0.0015232041478157043,0.0010028202086687088,0.40939654782414436,0.4130775285884738,0.003672025166451931,34,109,1,6,SAT_unsat_identifiable,1,boolean_factorization,exclude_x,exclude_x,0,2876,7588,0,1,0,1,0,0,0,1,1,1,0,0,0.005793413147330284
4,50,10,100,3470338369,74,conj,glucose42,MT19937-RandomState,5.0570815801620483e-05,01011110110101110101111101111101111110011011101111010111110001001100001111111110100111111011110011101010111111111011000011000111101010111111011111101111111111100101110110111101111110111001110100101110110111110011111111101110010111010111100111001100001111111111111011100110110010101001001111011111101111011101111101111001110010111100001100001101011010111100111011111010011111101100001111111011101111011110111110101001111011111110111111110000111101011011101011010101111111101111101010001000111101010101,fe05dd46f0d57fe9d8937558355bba7ac4c5aa6b09bb58a860ebd1302ef7a4b8,bernoulli,bernoulli|conj|p=0.7|zero=allow_iid|rng=MT19937-RandomState,0.7,allow_iid,0.0009497404098510742,8.005835115909576e-05,0.001333417370915413,0.0009843045845627785,0.16691523976624012,0.17027103248983622,0.0033475207164883614,29,100,1,6,SAT_unsat_identifiable,1,boolean_factorization,exclude_x,exclude_x,0,2371,6362,0,1,0,1,0,0,0,1,1,1,0,0,0.005477999337017536
4,50,10,100,3470338369,75,conj,glucose42,MT19937-RandomState,4.66005876660347e-05,10011101111110011111110111101111001101111110111111100011100111111101110110111000001111010110111111000011100110100111000111010010101011110101111100001101011111011000100101111111010110011010110101110111111010100010101100001111101001011111111111111100111011011011111011100111111101000101101110111111111100101110000001110111111111111011111111110011110111110111111101111111110110010111110111101111011111111011110101111111101111000111100001110110011111111110110111011111011101111011100110101110110101000110,9da7a873496ad51e16a24fa515fb43601f767853b9794202ffe5769b069d699e,bernoulli,bernoulli|conj|p=0.7|zero=allow_iid|rng=MT19937-RandomState,0.7,allow_iid,0.0009069535881280899,7.574167102575302e-05,0.0012654159218072891,0.0009966539219021797,0.5598637396469712,0.5631178487092257,0.0032447651028633118,27,115,1,6,SAT_unsat_identifiable,1,boolean_factorization,exclude_x,exclude_x,0,2183,5887,0,1,0,1,0,0,0,1,1,1,0,0,0.005460104905068874
4,50,10,100,3470338369,76,conj,glucose42,MT19937-RandomState,4.872400313615799e-05,11011111011111011111011101101111100111111101100110011111001010101011110111000110101110110010111100111011110011011111111011011110111010111110110110101101110110111111111010110101010001101011111110011101111111101111001011110111010001110110000011101101011001101111111111111111001011110111011111101001111101111110111001101111111011110111111111100001010111111111011001111111111101100001101111111111011111111011100100101111110111110111101111110010111111011111011111111011111101101011111111111101101100111111,2efc154482e9f17ee3d40c08ccae9faddfe97ccbac2400a443dac9d4689e348f,bernoulli,bernoulli|conj|p=0.7|zero=allow_iid|rng=MT19937-RandomState,0.7,allow_iid,0.0009014550596475601,7.608719170093536e-05,0.001289927400648594,0.0009950008243322372,2.061767477542162,2.0650378353893757,0.0032624704763293266,28,81,1,6,SAT_unsat_identifiable,1,boolean_factorization,exclude_x,exclude_x,0,2482,6350,0,1,0,1,0,0,0,1,1,1,0,0,0.00535048171877861
4,50,10,100,3470338369,77,conj,glucose42,MT19937-RandomState,6.155762821435928e-05,11111011111110011101111111111011010101110011111111111011110111001111010010110100101011111111111101011100110111110010111111011011001111110001100111011101101111111001111110101011010011011011111111001110010110101010111011111011001001110111011100111001101101111101100111111011101110101111111111111110111100011011011111011011110101100011110110101100111111011111101110010111010011100111001001111111100111001101111101101110011100111100001111111011011111111101011011001111110111000111100001001001111011111101,2c36e88c99a8722f01287a7cf1402ab80464131e74fdebb6275a97264c331693,bernoulli,bernoulli|conj|p=0.7|zero=allow_iid|rng=MT19937-RandomState,0.7,allow_iid,0.0010207686573266983,7.944274693727493e-05,0.001327168196439743,0.001001979224383831,0.1202253308147192,0.12366338260471821,0.0034293588250875473,29,116,1,6,SAT_unsat_identifiable,1,boolean_factorization,exclude_x,exclude_x,0,2391,6384,0,1,0,1,0,0,0,1,1,1,0,0,0.005590707063674927
4,50,10,100,3470338369,78,conj,glucose42,MT19937-RandomState,6.0240738093853e-05,01100001011100011101010000110011011111110011111111111001111111111111100011111101100011010110110001000010111111110111111110011101001111010110111101101111111011011101101111101110110111111010111111010110111111010111111101101000111100111011111001111111110110011110111011111011111111101011111011011111011110011100111011111110111101101110110011111010111110011011111110011011101111100111010101100100110111101000011101100110111001110001011110011110110111101110110110111011011111111001000101010110111111111111,6bf302337c4c7a1697a5cd0e844aa1b10e55a7f3375f30bc2829978b5e0f2ebf,bernoulli,bernoulli|conj|p=0.7|zero=allow_iid|rng=MT19937-RandomState,0.7,allow_iid,0.0009244838729500771,8.260644972324371e-05,0.0012608980759978294,0.0010107476264238358,6.458040948025882,6.461327706463635,0.003278736025094986,27,102,1,6,SAT_unsat_identifiable,1,boolean_factorization,exclude_x,exclude_x,0,2253,5964,0,1,0,1,0,0,0,1,1,1,0,0,0.00533788837492466
4,50,10,100,3470338369,79,conj,glucose42,MT19937-RandomState,4.70280647277832e-05,11111101111101111111101001011100101010110011000101110111101111111111010101011111101011101010100010000110111101111100011111000001111110011111111101111100110010111111111101010111111110011111111010111101011111111011101111111111110110111111111011111011111110001110111101100111000010001111000011110101111111111011111111111111111111111110111100010111010101111110111000111101110111011100110110111111011100011111001101101101111111111011101111011110101110110100100111100111110111100011111101111101111100010111,6d170a4d9c1b02b09cba7ca8b67720fc5919b232fef75dd212047764e7f57073,bernoulli,bernoulli|conj|p=0.7|zero=allow_iid|rng=MT19937-RandomState,0.7,allow_iid,0.00102328322827816,7.865019142627716e-05,0.0013706441968679428,0.0009985323995351791,0.25703812297433615,0.26051730941981077,0.003471110016107559,30,104,1,6,SAT_unsat_identifiable,1,boolean_factorization,exclude_x,exclude_x,0,2560,6704,0,1,0,1,0,0,0,1,1,1,0,0,0.005548322573304176
4,50,10,100,3470338369,80,conj,glucose42,MT19937-RandomState,0.00010567717254161835,11111111110001101010110100111110001111110111101101011010000001011110011111101011111111110100000111110111001111101001001111101011111111111100111111100100111111110101111011111111111101111110111111100100000100111101111111111010111111110101010111101110111011011100111111111100111011001101001110111101010111010111111110111111111100111011101110111101010110101101111100011111101111100100001110111100001111110101110011100101011001111111000110100010101111101100111111010110010101101101011110001111111101101100,f894a4dd14f2586ecfea4416fb30dd98074efa6d3531ed463b2324397be85c30,bernoulli,bernoulli|conj|p=0.7|zero=allow_iid|rng=MT19937-RandomState,0.7,allow_iid,0.0009563900530338287,8.57766717672348e-05,0.0014153309166431427,0.0010221293196082115,0.5111799435690045,0.5146683100610971,0.0034796269610524178,29,103,1,6,SAT_unsat_identifiable,1,boolean_factorization,exclude_x,exclude_x,0,2401,6395,0,1,0,1,0,0,0,1,1,1,0,0,0.005530945025384426
4,50,10,100,3470338369,81,conj,glucose42,MT19937-RandomState,5.001761019229889e-05,01111111101111111110111110100110101000101110011111111101111101001100111001111101110101010010111110111111111111111111010110110011100111011110010110111110011111111110111011101101111011110111111110111100111110111011011011001111111010011111011111011111100011011011011001111110010110011101000011111110011011000111110010111111111010100010011111011101011110011101000100111111101111010011011111111111111101110110001111111101111111101111101111111101100110111001010000100111111111101111111111011011111010001111,e3795fa47702c68c74e5fb3a4e9a61b30203c982d319dd4406be71de0534427c,bernoulli,bernoulli|conj|p=0.7|zero=allow_iid|rng=MT19937-RandomState,0.7,allow_iid,0.0010099336504936218,8.317921310663223e-05,0.0013378961011767387,0.001003475859761238,6.54488177690655,6.548323628492653,0.003434484824538231,29,105,1,6,SAT_unsat_identifiable,1,boolean_factorization,exclude_x,exclude_x,0,2461,6461,0,1,0,1,0,0,0,1,1,1,0,0,0.0054300203919410706
4,50,10,100,3470338369,82,conj,glucose42,MT19937-RandomState,4.631001502275467e-05,10101101110111011011011010110011011000000111010010111101101101011111111011011111111011111110101101100011111110111001001011011101111111011101111011011111111101100111001011001011110111111011111011110111011111100111011110010110101111101101110101111011110110101000101011110101110110001010000110101111111110011111010110101100111000111111101010000011011000001111010111111110111110111111011001011111111101000111101011110010111110001111101011001111111011001111110101000111100111111010110111111110101001000000,e054de3de0242605abfc839f07ee9ac069d59cd633bdd0b86dcd282a7d3c7e22,bernoulli,bernoulli|conj|p=0.7|zero=allow_iid|rng=MT19937-RandomState,0.7,allow_iid,0.001099785789847374,8.801277726888657e-05,0.0015039704740047455,0.000998757779598236,1.6918422440066934,1.6955399867147207,0.003690526820719242,33,118,1,6,SAT_unsat_identifiable,1,boolean_factorization,exclude_x,exclude_x,0,2717,7279,0,1,0,1,0,0,0,1,1,1,0,0,0.005824807099997997
4,50,10,100,3470338369,83,conj,glucose42,MT19937-RandomState,4.5386143028736115e-05,01011001111101110010110100111010111001101100101011111110011101010111001011111101011100001111111101001011001101101111111010011111110111111110101101100110111111111001100110111111111100111110111111111111011101111100011101111111111001101011001100001110111111101111001100100011101011011100111111111001111111011111011100111101111110111011110101111010101110101101000101101011010111101111111011111110110111111111111101000111011000110111100011011101101011010011001000011101101101111111111111011111110010111110,2db4b75f77297896b5c3c30967b7a3c882470367b9b01009d38d7d84f9731619,bernoulli,bernoulli|conj|p=0.7|zero=allow_iid|rng=MT19937-RandomState,0.7,allow_iid,0.0010042591020464897,8.07642936706543e-05,0.0012384150177240372,0.001001671887934208,0.41548453737050295,0.4188170274719596,0.003325110301375389,27,119,1,6,SAT_unsat_identifiable,1,boolean_factorization,exclude_x,exclude_x,0,2183,5887,0,1,0,1,0,0,0,1,1,1,0,0,0.005368392914533615
4,50,10,100,3470338369,84,conj,glucose42,MT19937-RandomState,4.752166569232941e-05,00010110010111011100111011011101010110110110011000101110111011111111111111011111110101110100011011111111110101111011110110111111111110011110111100011111111001000111110111101101110110101111111010001111101111101110010101111111000110111100111111101010101110011110011111111111011111111111110111110101001100111101010101110111101110111110111101111110001000111110110100011010011110101101110111111011111011110111110100011001111111010010101010011101101110001000001011111111101101011111111001111100111111101110,6b21f739d71d0ce1fa0c183022a73b8f96589a112df0fb458bdcbe4588425616,bernoulli,bernoulli|conj|p=0.7|zero=allow_iid|rng=MT19937-RandomState,0.7,allow_iid,0.0010322080925107002,7.587391883134842e-05,0.0012893462553620338,0.0009900815784931183,0.1255382038652897,0.1289340602234006,0.0033875098451972008,29,112,1,6,SAT_unsat_identifiable,1,boolean_factorization,exclude_x,exclude_x,0,2421,6417,0,1,0,1,0,0,0,1,1,1,0,0,0.005406906828284264
4,50,10,100,3470338369,85,conj,glucose42,MT19937-RandomState,4.509836435317993e-05,01011110111100101110100111000010010111011010111111101011100110110101100110011101111111111111110101111111100101111111010111011100011100010111101110110011111010011011111101101100110111111101101101101111111001100011110001011110111111011110111111001111111010101110011111111100011111101111111101101110111011011110111101110111100111110101111111111111010000000110110111110110111011001000111111010010111101011101111101111011111011100101110101011110111101101110111011001111111110111000010011111111001111011011,4a702df1ed90034adc070ea5f0511485c03ff3f2645552e6c56ef784c5886d5c,bernoulli,bernoulli|conj|p=0.7|zero=allow_iid|rng=MT19937-RandomState,0.7,allow_iid,0.0009138109162449837,7.652956992387772e-05,0.0011688284575939178,0.000976569950580597,1.9913559276610613,1.994499135762453,0.003135738894343376,25,95,1,6,SAT_unsat_identifiable,1,boolean_factorization,exclude_x,exclude_x,0,2065,5489,0,1,0,1,0,0,0,1,1,1,0,0,0.005189829505980015
4,50,10,100,3470338369,86,conj,glucose42,MT19937-RandomState,4.5591965317726135e-05,11101110001111110111111101111111111111111111100111111001111111111111010111111110111101110001111110110111001110010111111111010100011001111001100011111111000001111100010010111010001111101110101011001111010111000011001101111111101000011001111110101010111111100111011111011111001110111011100011111111001010100110111101010100101111111111001000011001000110111110101101111110100111011111011101101010010100110111111011110111011110110010011110101110111011111001101101111111011111111011111111011100110111101010,c53b1636efad5d94bb7efb1fe3e3be84546177bac507f7bb98e9b64c3941c75d,bernoulli,bernoulli|conj|p=0.7|zero=allow_iid|rng=MT19937-RandomState,0.7,allow_iid,0.000951496884226799,7.833074778318405e-05,0.0012816116213798523,0.0010086148977279663,3.832970989868045,3.8362984862178564,0.0033200541511178017,28,113,1,6,SAT_unsat_identifiable,1,boolean_factorization,exclude_x,exclude_x,0,2292,6141,0,1,0,1,0,0,0,1,1,1,0,0,0.005427374504506588
4,50,10,100,3470338369,87,conj,glucose42,MT19937-RandomState,4.6751461923122406e-05,11011111110110011111111110100101111111011111110000101011011111111111011101111111011111111100110100011111101111111110111110011110110110001110111111001111110111011111111011110111011111110111100111110001101101111111101111111111111011110011011101011110110101111010101111111011011101110111011110111011001111111101001100011111101001001011111011111101000101101111110111111010111111111111001010100110101011111011000110111011111111111111001001011011011101101111110000101101110110101101110011011100111111101100,c64588e2e9a0560654247ef9b419632ea60783712ed1e113735857abf1cdaae8,bernoulli,bernoulli|conj|p=0.7|zero=allow_iid|rng=MT19937-RandomState,0.7,allow_iid,0.0009666597470641136,8.222833275794983e-05,0.0013207951560616493,0.00099865160882473,0.7169647105038166,0.7203411180526018,0.0033683348447084427,29,94,1,6,SAT_unsat_identifiable,1,boolean_factorization,exclude_x,exclude_x,0,2481,6483,0,1,0,1,0,0,0,1,1,1,0,0,0.0054236846044659615
4,50,10,100,3470338369,88,conj,glucose42,MT19937-RandomState,4.81950119137764e-05,11101000111111011110100101011110100100110110111101011000010011011010100110011011001101101111100110001111011111000111111111111101101011111110111100110001110110101011101110001111110110111101101111010111000101111101100111101111101010111011100101011110111011011100101111110110110111011111111111110111011011111101011011111111100000111101001101000110101111001111111110110111101111011011011100110011111011111111101111111001000110110110101111101011011001001111010110110110110101011111011100111111101111110001,75581738b6c3b91dc8e2734db43693b4a1b27e41232d70c37591928c860e36c1,bernoulli,bernoulli|conj|p=0.7|zero=allow_iid|rng=MT19937-RandomState,0.7,allow_iid,0.0011418173089623451,8.8496133685112e-05,0.0015679672360420227,0.0009939325973391533,3.4068542448803782,3.4106532596051693,0.003792213276028633,35,115,1,6,SAT_unsat_identifiable,1,boolean_factorization,exclude_x,exclude_x,0,2915,7765,0,1,0,1,0,0,0,1,1,1,0,0,0.005842029117047787
4,50,10,100,3470338369,89,conj,glucose42,MT19937-RandomState,4.785880446434021e-05,11110001110111100011010111001101101010111111111111011111111100011100001110110001010111001111111111111011011011110001011101100011111010100101101111110000110001010111101111111011100111110111001101001010100111111101111011111111111101111001110110011110101010111110110111110011011110110100010100110110100110111011010111001100011101010111111111001101111011011010111111100001111111110011111111011111001111101011111001111010001111101111110111101111101101111111001110111100101011010111010111111000011101010011,2f6070df16d1b7b1f96136e73d4308e49e6b6737910552e2d55d8eb7fcd4baef,bernoulli,bernoulli|conj|p=0.7|zero=allow_iid|rng=MT19937-RandomState,0.7,allow_iid,0.0009885942563414574,8.68840143084526e-05,0.0014336975291371346,0.0010079452767968178,0.10893329326063395,0.11245820485055447,0.0035171210765838623,32,115,1,6,SAT_unsat_identifiable,1,boolean_factorization,exclude_x,exclude_x,0,2648,7069,0,1,0,1,0,0,0,1,1,1,0,0,0.005765017122030258
4,50,10,100,3470338369,90,conj,glucose42,MT19937-RandomState,0.00010745972394943237,11110010011101110110001111011111101101111101101111111100011011011111110111010111011110111011101011100000111101001101111111110111111110011010100101001110111001111000111010001111111111100011111111111100111101011111111010001110111111111001111000011100100100000111111110011110111110111111101011111110111011111111111110111110101010010111111101001110101110011010011010111110111111011010111011101010011111111011011110010111111111110111011001111111100111111101111010001100111111111100111101000111111011010110,8a453b805063164906c0cd27d14d5840894845425d0d66f4b132335f98f3406d,bernoulli,bernoulli|conj|p=0.7|zero=allow_iid|rng=MT19937-RandomState,0.7,allow_iid,0.001058025285601616,9.479094296693802e-05,0.001402832567691803,0.001012491062283516,0.9423855114728212,0.9459626460447907,0.003568139858543873,30,94,1,6,SAT_unsat_identifiable,1,boolean_factorization,exclude_x,exclude_x,0,2580,6726,0,1,0,1,0,0,0,1,1,1,0,0,0.005498971790075302
4,50,10,100,3470338369,91,conj,glucose42,MT19937-RandomState,4.738848656415939e-05,11110110110100111111011010110001111010101101100101111111011111111111101111101101011011110011010010111111111111101110111011110001011010101110011110010011111110001011101011111011111111011001011001101111110001011110110011100110001100101111101001000111111001111111101101111111000010100011110101101001111001111101001110111011011110011111111101111111101011111011101001011111110001111111011111001111101101111001010111110011111110111001011110110110010111011111101101010111111111110011111010111111100011011110,f16fd5bd9a816c01c1b44b68c2fd52ba6de06ee71729936eaa0a0cd77b0b1816,bernoulli,bernoulli|conj|p=0.7|zero=allow_iid|rng=MT19937-RandomState,0.7,allow_iid,0.001072123646736145,8.505769073963165e-05,0.0015439260751008987,0.0010013673454523087,12.787228051573038,12.790937684476376,0.003702474758028984,34,99,1,6,SAT_unsat_identifiable,1,boolean_factorization,exclude_x,exclude_x,0,2896,7610,0,1,0,1,0,0,0,1,1,1,0,0,0.005664629861712456
4,50,10,100,3470338369,92,conj,glucose42,MT19937-RandomState,4.6162866055965424e-05,11111111111110001000110100111110111111101110100111011111000100001111111111011011111101011011111100101010110011010010001111110111101011110001100111101111111111111110111100111010111101110111100101111000110001111111111100111000110101010000111100100100111111000011111110111110100100111111110110001111110001111110000111100010100111101111001010101010111101101110101101011011011101001111010101110001010011111010110111101010111111111011011100011111111110011011101110111111100111111101111110010010111101111111,c35d6cb57dcb483c4d464ae59f8f30f776c793e19a56ea5f0849cb0dc6443422,bernoulli,bernoulli|conj|p=0.7|zero=allow_iid|rng=MT19937-RandomState,0.7,allow_iid,0.0010561337694525719,7.917825132608414e-05,0.0014408165588974953,0.0010035410523414612,0.5859782481566072,0.5895668668672442,0.0035796696320176125,32,122,1,6,SAT_unsat_identifiable,1,boolean_factorization,exclude_x,exclude_x,0,2618,7036,0,1,0,1,0,0,0,1,1,1,0,0,0.005694875493645668
4,50,10,100,3470338369,93,conj,glucose42,MT19937-RandomState,4.749186336994171e-05,11011111100111101011111110011011101111011111101010111011111011111111011101100101101110111011011111101110101111011111010110011111000000110111011111101111001011111100001111010111111110110101001010111101111100010110110100101111111111110011011100111101110011001111010101101100111101101011001101111010100011100010111110011011111011111111111111111001100001111110111001100011111110111111010101001111111011010111101111001110011101111011111111111111001011111111101111001101111001101110111111111111110011011101,6dfded0634aa5c926fd8f8a7dffe1e0e0c6472b7444393bf05c7a3da14524f72,bernoulli,bernoulli|conj|p=0.7|zero=allow_iid|rng=MT19937-RandomState,0.7,allow_iid,0.000932842493057251,8.483696728944778e-05,0.001479928381741047,0.0009933533146977425,3.0393863692879677,3.042885472998023,0.003490961156785488,32,107,1,6,SAT_unsat_identifiable,1,boolean_factorization,exclude_x,exclude_x,0,2718,7146,0,1,0,1,0,0,0,1,1,1,0,0,0.005627174861729145
4,50,10,100,3470338369,94,conj,glucose42,MT19937-RandomState,4.664622247219086e-05,10011101000111111011111001111101100111101111101111111100111111111111101011111111011110110000111101110010101111111011101110011101111111111001111001111000111111111000111111010111100101101010111111101101001111111011010001110011000001101101110110101101110000110111100110111111110111110010110110011111011110010001010101111110011111101101111111011010111111101011111100011111111011001101110101010001001101011111100111111010111101101101111111001100101111100101011111111111011111001001001111001110110110111111,e4f8277993325eb3b2ca666b5336933a883ea51c12e87061a1730fae2eb13b99,bernoulli,bernoulli|conj|p=0.7|zero=allow_iid|rng=MT19937-RandomState,0.7,allow_iid,0.0009680241346359253,7.867161184549332e-05,0.001292250119149685,0.0010006297379732132,0.621482809074223,0.6248296005651355,0.0033395756036043167,28,107,1,6,SAT_unsat_identifiable,1,boolean_factorization,exclude_x,exclude_x,0,2332,6185,0,1,0,1,0,0,0,1,1,1,0,0,0.00538239162415266
4,50,10,100,3470338369,95,conj,glucose42,MT19937-RandomState,4.899967461824417e-05,10100111101010110111111111000111010100111111011111111110111010110010111111111111100001110011011110111011111010110111110111100101111101010111101011011100111111111101111110101110110010000000101011011110000101111011111100111001101111101001001110101111010110001111110001111111110111011000010111101100111111111001111011111101000001110110110111111111011100010101111100011010101111011110110111111111111111101111010101011111011111111111101111110111111011100111011010100111101111100111010110110110111110111001,a9dc9778ecbc3d05b26621e604697e1a0b6da949cf6a052a5efa745da3f9320b,bernoulli,bernoulli|conj|p=0.7|zero=allow_iid|rng=MT19937-RandomState,0.7,allow_iid,0.0010765008628368378,7.986929267644882e-05,0.0013438723981380463,0.000999155454337597,0.37865609116852283,0.3821648918092251,0.0034993980079889297,30,97,1,6,SAT_unsat_identifiable,1,boolean_factorization,exclude_x,exclude_x,0,2540,6682,0,1,0,1,0,0,0,1,1,1,0,0,0.005486411973834038
4,50,10,100,3470338369,96,conj,glucose42,MT19937-RandomState,4.66005876660347e-05,01111111101011111111001111111011101111111111111100110100110111001101111101111001101001110101100000101111110101101111101111110011111011110101111011111111011111100011110111110011111101110111111101111101111111011011111101111001100111011110111110011111110111011111111110110111110111011101101100100101101111101110101011111101011011111110110010110101100011101110011011101011101110101011101011111100110111111111101101110111100011111110110011000011101101001110111010111010111111100101010111101001101110011111,f921b0f85c8937f965e50b2e3a668310102e809dc10e99d5d17cdcd332332fb7,bernoulli,bernoulli|conj|p=0.7|zero=allow_iid|rng=MT19937-RandomState,0.7,allow_iid,0.0009765271097421646,8.677691221237183e-05,0.001480385661125183,0.0010060109198093414,2.5717150513082743,2.5752715710550547,0.003549700602889061,33,90,1,6,SAT_unsat_identifiable,1,boolean_factorization,exclude_x,exclude_x,0,2917,7499,0,1,0,1,0,0,0,1,1,1,0,0,0.005633169785141945
4,50,10,100,3470338369,97,conj,glucose42,MT19937-RandomState,4.795752465724945e-05,11111011111101011000111111101111001110100001110111111111110011010101001110011101110011101110111001100011101111100111110100001110110111100001111011011011111100101000001101110101001011111111111110101010110010111110111011111111011101111111101011111110111101101111010101111011011010111001100100011111111100011111111111111111111111100110111111101011110010001101111101111101001111001010111100001011111111101010111101110110011111001110000000111011101001101101110001111011100111101111011010101111111101110111,6a497830bc46027a08c9d831a5c9808b03abbe1c3230a76435c29d618e8b212d,bernoulli,bernoulli|conj|p=0.7|zero=allow_iid|rng=MT19937-RandomState,0.7,allow_iid,0.001034061424434185,8.066371083259583e-05,0.0013880664482712746,0.0010117124766111374,4.493507441133261,4.4970314940437675,0.003514504060149193,30,115,1,6,SAT_unsat_identifiable,1,boolean_factorization,exclude_x,exclude_x,0,2480,6616,0,1,0,1,0,0,0,1,1,1,0,0,0.005686286836862564
4,50,10,100,3470338369,98,conj,glucose42,MT19937-RandomState,4.797615110874176e-05,01011111111011101110010111100101111010111110100111110100111000110111101011011101111011101101101110101110001010101111010110100001011101110101001111111110111100101110101111010111101111000101011111111111011101011011111111111100001110100111101011100011000011111111011111110111011100111011011011001000011101111111010111001111111111111101111111110110110110111101001011110111110111101000101110011101100110100111111111111111010010111111010101111101100001110111011010111011101101111111111011111101011111011011,bc864e60247b8740e20de29bc0f7c717f5e0f73fa2a2647950bc75e19a4395cd,bernoulli,bernoulli|conj|p=0.7|zero=allow_iid|rng=MT19937-RandomState,0.7,allow_iid,0.001015004701912403,8.882209658622742e-05,0.0015874849632382393,0.0010261591523885727,2.6759106582030654,2.679636290296912,0.0037174709141254425,35,116,1,6,SAT_unsat_identifiable,1,boolean_factorization,exclude_x,exclude_x,0,2945,7798,0,1,0,1,0,0,0,1,1,1,0,0,0.005865473300218582
4,50,10,100,3470338369,99,conj,glucose42,MT19937-RandomState,5.1952898502349854e-05,11001011111111111010101001101110111101111011111111101110001100111010111111010001111101111010111110001101001100111111100111111101101101011011110010111111101101111110110101011011111110011001110100101111111001111001111010111101101111101000111111101110111101111010011111111101111111011100111011110111111101111111001110011011101011001111110111111011110111000101010101100111010101111011101010101111011111111011101111011101101010111111110111111111011111010111111111101110111101000111110111111111011111001111,382125a324d785f9abc17cf6203b3fc748297f0e0b150197b8edd106ea512375,bernoulli,bernoulli|conj|p=0.7|zero=allow_iid|rng=MT19937-RandomState,0.7,allow_iid,0.000920749269425869,8.261948823928833e-05,0.0012601837515830994,0.000989401713013649,0.9183937991037965,0.9216558570042253,0.0032529542222619057,27,85,1,6,SAT_unsat_identifiable,1,boolean_factorization,exclude_x,exclude_x,0,2333,6052,0,1,0,1,0,0,0,1,1,1,0,0,0.0053317965939641
