schema_version,J,K,N,seed,sim,operator,solver_name,rng_engine,generation_time,q_bitstring,q_sha256,design,design_id,p,zero_row_policy,basis_time,identity_check_time,two_col_check_time,three_col_check_time,sat_time,algorithm_time,preprocess_time,J_basis,M_basis,identifiable,branch,branch_label,sat_called,sat_formulation,sat_cardinality_encoding,cardinality_encoding_requested,maximal_candidate_requested,sat_variables,sat_clauses,identity_original,not_complete_original,has_pure_node_original,no_pure_nodes_original,has_zero_row_original,two_col_violation_original,three_col_violation_original,two_column_pass_original,both_necessary_checks_pass_original,I_3c,identity_basis,two_col_violation_basis,diagnostics_time
4,50,10,100,2452119728,0,conj,glucose42,MT19937-RandomState,0.0007501104846596718,11001111110111011110101010111011111101111011101111010001101110011110111111011111100110101110111010110111111011000011111001100001011111001111101111101110101101011111110111111001111110011100111111111101110111010001101010011111111110011111111001100100111111110101011001111000111000101011101110010100110101010111100110111001001111011111101101101011001011001111111000111111111111111011101111011011011111101100101101100001101110011110101110111101101111111111111011111010011000011111110000101001011100111011,1630abf77dfc08ad0fb2ee1688a8668c464eb2702232883727cf5d2c9587c231,bernoulli,bernoulli|conj|p=0.7|zero=allow_iid|rng=MT19937-RandomState,0.7,allow_iid,0.0010481849312782288,0.00011543743312358856,0.0012140162289142609,0.002212902531027794,0.18513826839625835,0.18973905127495527,0.004590541124343872,26,117,1,6,SAT_unsat_identifiable,1,boolean_factorization,exclude_x,exclude_x,0,2064,5622,0,1,0,1,0,0,0,1,1,1,0,0,0.005347361788153648
4,50,10,100,2452119728,1,conj,glucose42,MT19937-RandomState,5.4963864386081696e-05,01100011010010010011111110011111011011000001001011111110101011001101101011101111101010101001001111111111110011011101111010111111110110100101111000011111101101101101111110110110010001100011111111101001010110101100111111111111001011111110010111011010011011001101111111101111101111110110110110111001011110111111111011101111111101111111001110011001111111111100111101110111111101110101100111101011111101100010111001011111110100011111110110101111101111101011110101100110111000101110110011110100111111001010,51c947ca610db92de7b68ba1ec74466a333250f1f9083e977bdcdd0d6253a71f,bernoulli,bernoulli|conj|p=0.7|zero=allow_iid|rng=MT19937-RandomState,0.7,allow_iid,0.0009761992841959,0.00010714959353208542,0.001323183998465538,0.0010084658861160278,0.3148330766707659,0.31825838796794415,0.0034149987623095512,29,113,1,6,SAT_unsat_identifiable,1,boolean_factorization,exclude_x,exclude_x,0,2401,6395,0,1,0,1,0,0,0,1,1,1,0,0,0.00560427363961935
4,50,10,100,2452119728,2,conj,glucose42,MT19937-RandomState,5.418248474597931e-05,11100111001110111111111111110110110111111111000111011111001111111101111010101011110010001000110111101010111010111101011011111011111110110101110101110011111111111111111101101101111000011111100100101110111111011110110111111011010111010110100111110101110101111101100111111100111111011011011111100011111111101111010110111101101010010110111101111111000011111111110101111111001111100000101100101111001111011000111101111110110111111101101110111111011001111110101110111100111011111111111111010110101001010111,919f351382417b7baecbec98bfa83d0f467bd55bee97f9d53814563112b8d303,bernoulli,bernoulli|conj|p=0.7|zero=allow_iid|rng=MT19937-RandomState,0.7,allow_iid,0.0009395312517881393,8.329935371875763e-05,0.0013629049062728882,0.0009965384379029274,4.729652933776379,4.73304533585906,0.0033822739496827126,30,103,1,6,SAT_unsat_identifiable,1,boolean_factorization,exclude_x,exclude_x,0,2550,6693,0,1,0,1,0,0,0,1,1,1,0,0,0.005456468090415001
4,50,10,100,2452119728,3,conj,glucose42,MT19937-RandomState,5.329027771949768e-05,10110011110111111101100000111111111011111101101101100111111011011011011111011111000110101111001111011110110101111001111101101110011010111111001010111110101111111111111101111011111111111111111111110100110011001110011101101111000110011100111101110111011010101101100011001111011111111001111111111110111011011011111001001111001001001011111111011111011100111011011111110110110111100111011101110101111100101110001111001100111011101100111010000101101101101111110011011111101100010110111001111000111111110111,b41c93a537e67e0dfc3aa55f98a28bd62335e80fff0fb256e922c08357fe975c,bernoulli,bernoulli|conj|p=0.7|zero=allow_iid|rng=MT19937-RandomState,0.7,allow_iid,0.001020527444779873,8.97115096449852e-05,0.001357007771730423,0.0009721703827381134,0.1917228978127241,0.19517129100859165,0.0034394171088933945,30,104,1,6,SAT_unsat_identifiable,1,boolean_factorization,exclude_x,exclude_x,0,2530,6671,0,1,0,1,0,0,0,1,1,1,0,0,0.005544982850551605
4,50,10,100,2452119728,4,conj,glucose42,MT19937-RandomState,5.693640559911728e-05,01000101001111001011110111011111110111110001111100011101111111100111101101000111110010111010111111111111111111001111011110111101111011111111011110101110010001000110111110011111111111111011011111111110111111000010110110101110111111111011011111010001111111001101110111010011101010111110010101101111100111101111111110101111110000111011111111111011100011100101111111001111001110011011101101111111110100100111011111000110100010011110011011111101011101110111010110111011101101011101110010111100000111101111,706936f4b340e4b6abdbe3eccd975f4490a5c45b91a106a4e27c6c293a8260a1,bernoulli,bernoulli|conj|p=0.7|zero=allow_iid|rng=MT19937-RandomState,0.7,allow_iid,0.0009948061779141426,8.733384311199188e-05,0.0014413008466362953,0.0010228734463453293,0.17336579132825136,0.1769232265651226,0.003546314314007759,32,110,1,6,SAT_unsat_identifiable,1,boolean_factorization,exclude_x,exclude_x,0,2688,7113,0,1,0,1,0,0,0,1,1,1,0,0,0.005728770978748798
4,50,10,100,2452119728,5,conj,glucose42,MT19937-RandomState,5.3753145039081573e-05,11110011100101110110001001011111010000010111101001111011101111111111101101011110101110010011110111111110101111001001111111111111100010011111111111110111010011000010011011111011001101011111111111111011101100010110111000101111011011110110110101101011110111010001100111111110110111001110011111111111111101111110110101111111001001110111111110001010011101111101011001101011001011001110111010111001101111010111101111011111110111101111110101111111111110001100011111111110010110101111011101111011011110011100,0d5408f5cc1cdf8c138470c56d03026ec188af97d7fb06d14b035525e70910a0,bernoulli,bernoulli|conj|p=0.7|zero=allow_iid|rng=MT19937-RandomState,0.7,allow_iid,0.0009150533005595207,7.739756256341934e-05,0.0012013735249638557,0.0009922124445438385,1.3639267878606915,1.3671238087117672,0.0031860368326306343,26,109,1,6,SAT_unsat_identifiable,1,boolean_factorization,exclude_x,exclude_x,0,2144,5710,0,1,0,1,0,0,0,1,1,1,0,0,0.0053361086174845695
4,50,10,100,2452119728,6,conj,glucose42,MT19937-RandomState,5.349982529878616e-05,11111110100001011010111010101110111111110111111111111111101111110111100111001010101111111111001111000011111111111010001111101111010111011101110011101111110110111101111111111111000011101111110111011111101010111111111101101111111110110001110110110011110111101011110111110011011110101000110011111111100110111011010101110100011111101010111011101111100111111001001100110100011111110111010111111110110010111010110111011011110111110111010111011111011111111011111010011111111101100000101110110111111101110110,79793665b21c83c9623cfe3c2cc49524cdb203f747907f8d881df0ae6e0d24da,bernoulli,bernoulli|conj|p=0.7|zero=allow_iid|rng=MT19937-RandomState,0.7,allow_iid,0.0010528825223445892,8.406955748796463e-05,0.001330554485321045,0.000990930013358593,0.9783662501722574,0.9818349592387676,0.0034584365785121918,29,95,1,6,SAT_unsat_identifiable,1,boolean_factorization,exclude_x,exclude_x,0,2511,6516,0,1,0,1,0,0,0,1,1,1,0,0,0.005370837636291981
4,50,10,100,2452119728,7,conj,glucose42,MT19937-RandomState,5.3903087973594666e-05,00110010100010110101111001111111111011100111101010010111110101110111111001011110011111011100010101000101100011100101111101111011011101110100111100101101011100011111110110011100110110001111101111111111111101110011011111011000011010011101111000110111101111001010110110011101101111111110010111101100101111111111001101110100100010001101111011111111111011111110100111111110111111110011111010111011100100011111111010110111110111010111100101001010010111011001101011111111110111111011010110001101111111110111,56fa99fa175d64c6a8ae8c3a88a7a39252a85c9497212d55e0d5b0401c51a541,bernoulli,bernoulli|conj|p=0.7|zero=allow_iid|rng=MT19937-RandomState,0.7,allow_iid,0.0009328806772828102,7.435120642185211e-05,0.0012438921257853508,0.0009877122938632965,0.06476161628961563,0.06800954788923264,0.0032388363033533096,27,118,1,6,SAT_unsat_identifiable,1,boolean_factorization,exclude_x,exclude_x,0,2193,5898,0,1,0,1,0,0,0,1,1,1,0,0,0.005321228876709938
4,50,10,100,2452119728,8,conj,glucose42,MT19937-RandomState,5.026813596487045e-05,11110110101010011111111111110111111111001010110100111111110011110111011010101011101111110111101111011001011101111001011111110111101111111011000000010101111011110000000100101101111111101110111001111100111101100000011010011100001111111011011011110111100101010101011001001100011000101111111111101011111001101011011001110111011110111100111001111111010011111111110011011101111011010100111111000111110111111110010110110001111111110100111011000111101111111011100110101011111111011111111111101000100111111111,e80b2f023b4525d97fefad0ff8a576a5a784a3a2b8c0a2c8b69024ce6fd77916,bernoulli,bernoulli|conj|p=0.7|zero=allow_iid|rng=MT19937-RandomState,0.7,allow_iid,0.0009509054943919182,8.336175233125687e-05,0.0011523626744747162,0.0009959898889064789,0.01224410068243742,0.015433664433658123,0.00318261981010437,25,114,1,6,SAT_unsat_identifiable,1,boolean_factorization,exclude_x,exclude_x,0,1945,5357,0,1,1,0,0,0,0,1,1,1,0,0,0.005194727331399918
4,50,10,100,2452119728,9,conj,glucose42,MT19937-RandomState,4.546996206045151e-05,11011001110111001101111110001100101111110110011011111001111100110101110110111010101010101101110111100100001111111111111011111001111111100001101001111111111010101111001010101111011011111101101101001100100011111001111011111101111010101111011111010111110000111110011110110110111111011000011111110011111101110000011011110011100111111011010110000110101001011011111100110111111110111110011110110001010101101011011101101101010110111011011101100111000111101111111010101111101010010111111010100011111111110111,f23e554761e91e8fc9566638aca0d25d5e677c0931b454b2de300c16040858ed,bernoulli,bernoulli|conj|p=0.7|zero=allow_iid|rng=MT19937-RandomState,0.7,allow_iid,0.0009596617892384529,8.701998740434647e-05,0.0014442186802625656,0.0009949123486876488,1.881744546815753,1.8852394111454487,0.0034858128055930138,32,115,1,6,SAT_unsat_identifiable,1,boolean_factorization,exclude_x,exclude_x,0,2668,7091,0,1,0,1,0,0,0,1,1,1,0,0,0.005687725730240345
4,50,10,100,2452119728,10,conj,glucose42,MT19937-RandomState,9.786244481801987e-05,01010100111111011111100110101111111110111000111111101101011110101111101001110111011011111111110111110010101111011011111111011111011010110101110111111111101101011111010110010101111110011101101100110011000110110110111111011101110101110110110111011000101001100111100111000110100110001111010101110100001011111001011110101111111011111110111001011001110101011111110101110011101111110110101001111110011110101011011011111111111111111101001111111111101011101111011101110111110111111111110110111101111100111111,de4590615917c0498537131f3814af49d4b0ac5a54c2be371942ad00c19ec774,bernoulli,bernoulli|conj|p=0.7|zero=allow_iid|rng=MT19937-RandomState,0.7,allow_iid,0.0011333711445331573,0.00011171773076057434,0.0015437370166182518,0.0010136319324374199,2.8760841209441423,2.8798945946618915,0.0038024578243494034,34,98,1,6,SAT_unsat_identifiable,1,boolean_factorization,exclude_x,exclude_x,0,2926,7643,0,1,0,1,0,0,0,1,1,1,0,0,0.0056364452466368675
4,50,10,100,2452119728,11,conj,glucose42,MT19937-RandomState,4.706811159849167e-05,11011111111110000100111111111011011111110010101011100010001111110111111110110110011101110101100111111010011110010111101110111010110001001111111101011110101111110001100111111111111100111111011100001111001111010101011000101101111111110110011101010001000101111001011011010010101111110111111011111011101101101111010011100111101111110001101111001011111010101010101100111100111101011111011001011100001111111011011111111001111001101110111110111010111111111011101011111111110111111111111011011011111010101111,be5557d98cbd927d50c27bc99439adf9d7eaee9fa7b91d3cf8fc2a3149ef909d,bernoulli,bernoulli|conj|p=0.7|zero=allow_iid|rng=MT19937-RandomState,0.7,allow_iid,0.0009571872651576996,8.481834083795547e-05,0.0013069426640868187,0.0009882161393761635,0.4920564405620098,0.49540448375046253,0.0033371644094586372,29,118,1,6,SAT_unsat_identifiable,1,boolean_factorization,exclude_x,exclude_x,0,2391,6384,0,1,0,1,0,0,0,1,1,1,0,0,0.005668907426297665
4,50,10,100,2452119728,12,conj,glucose42,MT19937-RandomState,7.115863263607025e-05,01100110111110010100101101111111101011111110111111111111111111110010111101100111111101001010101110101111100101101011000001001101100111011011111111110110111111010111101111110110001011111111110101111101111101111111100011110111110111011101101101111101001011001111010110100111101011111010111111111101101101111001011101111001111111101111100101011101011010110001010011111111001101101101110101001011010101111101111111010111011101111111111110001111110011100111110101110111111010010100001111110011111010111010,0446bf75207512a759f80db95cc69d8beef7653d7744603a5c8ef8ca65541054,bernoulli,bernoulli|conj|p=0.7|zero=allow_iid|rng=MT19937-RandomState,0.7,allow_iid,0.0009656297042965889,9.015761315822601e-05,0.001343349926173687,0.0010213619098067284,0.25911873020231724,0.26254852861166,0.0034204991534352303,29,102,1,6,SAT_unsat_identifiable,1,boolean_factorization,exclude_x,exclude_x,0,2461,6461,0,1,0,1,0,0,0,1,1,1,0,0,0.005376147106289864
4,50,10,100,2452119728,13,conj,glucose42,MT19937-RandomState,4.601757973432541e-05,10110110111111111011011001001111011101111101111111011100101101010110010100111111111100110111101101111111010101011111011110110111110111111101110111010111110011111011111111110100101111101110101111101001011111111100111110100111111111011111000101011110101111110111011111110100110100111111111011011100111011111110100111001111111101111100111110111111010100010001101100110010011100111111101011101001111110011011110110100010111001111010000111101101110111110111011111110111111101111011111101000111101101111111,52b7bbbcacb27cd83ee94f3c67fff1589d4a465aa10cbac54140b8e9d4785742,bernoulli,bernoulli|conj|p=0.7|zero=allow_iid|rng=MT19937-RandomState,0.7,allow_iid,0.0009145243093371391,8.27321782708168e-05,0.0013126293197274208,0.000983896665275097,0.05143750924617052,0.05526562128216028,0.0032937824726104736,29,98,0,5,SAT_found_counterexample,1,boolean_factorization,exclude_x,exclude_x,0,2471,6472,0,1,0,1,0,0,0,1,1,1,0,0,0.005160807631909847
4,50,10,100,2452119728,14,conj,glucose42,MT19937-RandomState,4.522223025560379e-05,01111110100101011111110111011110011101010001010011110010011001100001101011111111110011111110101010100101111110111111011110101000011111001101010111111011110111011100000111100011010111110111100111111111100101110111111111100011111111101101110111101110001000111010010101100110110111011101111011110111011011001111101111111000011111010111011111101100111011111110000010111100111111101111000110111111001111010001011111110110101110110001101101111110110011101111111011111111100100110110100111101111110011001011,06d4031efeacaf02d55d1f9e52659c60149ac9b72e82a0d26518240a537f26a2,bernoulli,bernoulli|conj|p=0.7|zero=allow_iid|rng=MT19937-RandomState,0.7,allow_iid,0.0009178547188639641,7.367413491010666e-05,0.0013085650280117989,0.0009783050045371056,0.3145759366452694,0.31786084175109863,0.003278398886322975,29,127,1,6,SAT_unsat_identifiable,1,boolean_factorization,exclude_x,exclude_x,0,2351,6340,0,1,0,1,0,0,0,1,1,1,0,0,0.005502021871507168
4,50,10,100,2452119728,15,conj,glucose42,MT19937-RandomState,4.697684198617935e-05,11110011000111001111111001110111100111011011010101010100111101010111110111100010110000010011111101111011110001100011111101101101111111111001101111111101100111001110100110101111101011110100111110011011111011010001011110011111100110010011011110001101111101111100011111100101110110111110111111110111111111101001001111100110011111111101100111101101111101011111011010110111010001101101110110001110111110001101101000111011011111101011010100011110001010111001101111110101101111111111010000100110011111111111,7092c84facdaf093737b47c69df2ee2617773fef5fc266a493b402955f6c2297,bernoulli,bernoulli|conj|p=0.7|zero=allow_iid|rng=MT19937-RandomState,0.7,allow_iid,0.000988195650279522,8.479505777359009e-05,0.0013875728473067284,0.0009784232825040817,0.13413385394960642,0.13757907412946224,0.003438986837863922,31,122,1,6,SAT_unsat_identifiable,1,boolean_factorization,exclude_x,exclude_x,0,2539,6815,0,1,0,1,0,0,0,1,1,1,0,0,0.005784752778708935
4,50,10,100,2452119728,16,conj,glucose42,MT19937-RandomState,5.063693970441818e-05,11111100111101110101111101001011011011101011011111110101001001110111111011111111110011110111110111111011111011110110000011100011011100011101111010111000111011111001101011101010111011011110110111010111111100101110111101010010111011011101100101111010111110110101111101111101011111111100110111111111110111111011001110111111100011111111111001000100011111110011111101011111101110011111100101011111111100011001100110011111111111110011110011110101111101111000001110100101111111110101100111101101111101011001,a092be1f4d6c713fba36cedafe8d798c891b9bd423759396dbe171197771bd13,bernoulli,bernoulli|conj|p=0.7|zero=allow_iid|rng=MT19937-RandomState,0.7,allow_iid,0.0010079685598611832,9.633414447307587e-05,0.001515958458185196,0.0010464955121278763,1.5888525834307075,1.5925275962799788,0.0036667566746473312,33,104,1,6,SAT_unsat_identifiable,1,boolean_factorization,exclude_x,exclude_x,0,2837,7411,0,1,0,1,0,0,0,1,1,1,0,0,0.005800012499094009
4,50,10,100,2452119728,17,conj,glucose42,MT19937-RandomState,5.482509732246399e-05,01000001101011111101111000100011111111110011011110111110101111111110010011011101100011110111110001010010110010111001011011111110001011100110111011010001101111110010100010110111111111110111000110111111111001001101111011110111111111111110111010111110011111001110110111111110101111010100110010101101101111011011010100101101101001111101111111110010111110111001011111101101011111110111110110011111111111111111101110110111111111000101001111111111110111111111111111010111101110111110101010011011011111011111,ca8f48631588ae8458d4fa7977772e78d96dcb6246e17fedd68e41a34b4db386,bernoulli,bernoulli|conj|p=0.7|zero=allow_iid|rng=MT19937-RandomState,0.7,allow_iid,0.0009216619655489922,8.292682468891144e-05,0.0013395994901657104,0.000993441790342331,0.04849560931324959,0.051842096261680126,0.003337630070745945,29,109,1,6,SAT_unsat_identifiable,1,boolean_factorization,exclude_x,exclude_x,0,2371,6362,0,1,0,1,0,0,0,1,1,1,0,0,0.005552668124437332
4,50,10,100,2452119728,18,conj,glucose42,MT19937-RandomState,5.914364010095596e-05,11100011111001011101111111110111011110111111111101101010111001010011111011011100010001011110110110111011011111010011111111101010011110101001111000100010011011101100110100100010111011101111101001101111101100011001111101110111100111000110101111001101100011101111011100111111010111111101101101100110111100111001111101111111100110110111001111100011110101110101110111101111110111101011111111101011101110100001101111111111111111010110000101010110100101110011111111110111011101010111111101111100111101101001,8ae55d764e1c7090f69c1809f6666d87096e7ce8e65d81f1b8f1b06c518767ad,bernoulli,bernoulli|conj|p=0.7|zero=allow_iid|rng=MT19937-RandomState,0.7,allow_iid,0.000978030264377594,9.239371865987778e-05,0.0013725394383072853,0.001006346195936203,1.3706454206258059,1.374106453731656,0.00344930961728096,30,111,1,6,SAT_unsat_identifiable,1,boolean_factorization,exclude_x,exclude_x,0,2460,6594,0,1,0,1,0,0,0,1,1,1,0,0,0.005645886063575745
4,50,10,100,2452119728,19,conj,glucose42,MT19937-RandomState,6.970390677452087e-05,11111011111101100111111100110110111011001110111101101001101110111111111101111111000111101110111011110001101111100000011011101011111001111011010100111010101010001111010111001011001101111111101011101111111111110001100111111110111011100110011111111010110101010111101111111011010111110000110111011011001100111110011110111000100100110111111001001011000101001100111010111101111000011111111111011011101110111011100011111011001111101011101101101111011111111101110001001011110010110111110001111101011110111111,03c6f51036ae9c286ad9a44ccfe94b9a5f4fd7a178babba475de53c6d5c95c40,bernoulli,bernoulli|conj|p=0.7|zero=allow_iid|rng=MT19937-RandomState,0.7,allow_iid,0.0011141002178192139,9.580980986356735e-05,0.0014820750802755356,0.0009974129498004913,0.9764170441776514,0.9801144432276487,0.003689398057758808,33,124,1,6,SAT_unsat_identifiable,1,boolean_factorization,exclude_x,exclude_x,0,2727,7290,0,1,0,1,0,0,0,1,1,1,0,0,0.005811271257698536
4,50,10,100,2452119728,20,conj,glucose42,MT19937-RandomState,9.221211075782776e-05,00101101111111100101100101111111101110111101101100111111111111001110101111111011010100111011001011011111011000111110001011110111111100110111111111111111101011011111111101101100101111100110101111100011111110101100111111011011101000100111100111111111010001111101101111111111011101110111111111111100110001011101111101010100011111111111111011010111100110100101011110001111111111001110100110101111111101111111100001101101111111111111101111111111011011110111111100011111110101110101111111101001111110001011,f998959d6a00fcd6164060a5a3faf8c1062c8c12aff5ac83703d842c788291a3,bernoulli,bernoulli|conj|p=0.7|zero=allow_iid|rng=MT19937-RandomState,0.7,allow_iid,0.0010396838188171387,0.00010102707892656326,0.0013379212468862534,0.0009983917698264122,10.026001979596913,10.029487069696188,0.0034770239144563675,29,98,1,6,SAT_unsat_identifiable,1,boolean_factorization,exclude_x,exclude_x,0,2461,6461,0,1,0,1,0,0,0,1,1,1,0,0,0.005400379188358784
4,50,10,100,2452119728,21,conj,glucose42,MT19937-RandomState,4.882924258708954e-05,11011111111100011111111100011100000111111111010010111100110100111111111011100100101110111110111111011010101111000001111011101101111110110111110010111101101011101111101110001111111111010010100010111110111110110101100100011100101111111110101101111101001011111101111011110111001011100110101101011010010111010010001101110001101111001111110101110100111110101111111101010111110011111110111101110000111000101111111000100111111100010110100000001110110100111001110011111101001010000001101111111101111011010011,e602cb4677f2582e17c26b7d62b2684c98c6aa717ea21777bc6fe2c5ce22f6b3,bernoulli,bernoulli|conj|p=0.7|zero=allow_iid|rng=MT19937-RandomState,0.7,allow_iid,0.0009543430060148239,8.83815810084343e-05,0.0014687292277812958,0.0009930497035384178,0.035460663959383965,0.03897310234606266,0.003504503518342972,33,126,1,6,SAT_unsat_identifiable,1,boolean_factorization,exclude_x,exclude_x,0,2717,7279,0,1,0,1,0,0,0,1,1,1,0,0,0.005746566690504551
4,50,10,100,2452119728,22,conj,glucose42,MT19937-RandomState,4.9035996198654175e-05,00101011100111101001010101011111111111011111111100111111110110100011010111011111110001111001110101111111111110111111101011110101111110011011101011010111010111111101000101111100011111111111110110010011110110111111101111111001011011110111001111111111011100100110111111100100111111111101010101000011110111110101011111111111001111111111110111111100100111111111001011100001101011111100110111110111111111110100111111101111101111111111110111111111011110111110101001011011101111101111011101011101111110010111,9a32a5a87bc0f399c73e7e70dc0d76e8934a9224d27cf81620f3f8c1cabeaa88,bernoulli,bernoulli|conj|p=0.7|zero=allow_iid|rng=MT19937-RandomState,0.7,allow_iid,0.0009516393765807152,8.4693543612957e-05,0.0013964995741844177,0.0009871069341897964,4.3877911772578955,4.391218610107899,0.0034199394285678864,31,89,1,6,SAT_unsat_identifiable,1,boolean_factorization,exclude_x,exclude_x,0,2719,7013,0,1,0,1,0,0,0,1,1,1,0,0,0.005410078912973404
4,50,10,100,2452119728,23,conj,glucose42,MT19937-RandomState,5.518924444913864e-05,10111101011101011110011111010111101011101111111111010110111111110000001011011111111001010100111110110110111011101111111111111010011111100011101101011111100101111101111101101111111001101011110100110111110100011011011100101111101111111011110110110111010111001011110111101110011101001000001101001110101101110100011101011111011111100110111001100111011110011110111111011010110111011111101111101111110010010100100111011110100011111111111011111111110101101111110110111111001111101111111111111110111110011101,1c89bdb905ef349c00525d1d6b63e02f09f143d71843eb20e6230ccd79ee75ce,bernoulli,bernoulli|conj|p=0.7|zero=allow_iid|rng=MT19937-RandomState,0.7,allow_iid,0.0010020136833190918,8.816830813884735e-05,0.0014687106013298035,0.0009802784770727158,8.174588670954108,8.178136486560106,0.0035391710698604584,33,102,1,6,SAT_unsat_identifiable,1,boolean_factorization,exclude_x,exclude_x,0,2847,7422,0,1,0,1,0,0,0,1,1,1,0,0,0.005756254307925701
4,50,10,100,2452119728,24,conj,glucose42,MT19937-RandomState,5.791895091533661e-05,01001110100010011101111111110111111011111101100110100110110101101011011110101101011110111001111101001111111111101100000111001111111111111111011111011010101010110010110111111111111110010110010011010110101110111000011111101111111100110110011111101110111111111110111001011110111001111111101000111111010111011100110111110101111111111010101000010111001111111101011010111101111111001111110111101101111111110000111111101011010001111111010011111110110111111111010111000110111010101111100111110011010111011111,423a76deb40b9ff3335bbfa3656ae72868875ee8fb26b8a7050cbe10bf614777,bernoulli,bernoulli|conj|p=0.7|zero=allow_iid|rng=MT19937-RandomState,0.7,allow_iid,0.0010335007682442665,8.470937609672546e-05,0.0013382453471422195,0.0009906347841024399,2.3674613358452916,2.370919931679964,0.0034470902755856514,29,108,1,6,SAT_unsat_identifiable,1,boolean_factorization,exclude_x,exclude_x,0,2421,6417,0,1,0,1,0,0,0,1,1,1,0,0,0.0055043986067175865
4,50,10,100,2452119728,25,conj,glucose42,MT19937-RandomState,5.23887574672699e-05,11101110011110101110110101110010101001111100011111111111111111011101101101111110111011101010001111101011110001111011111000100000011111111111110101010111111111111111101011110011110111111101111111110111010111111000000011011011101111101111101111101111000111000111110111011111111111110111111011111111100110111001010111111110011100001011100100000111110010111111011011111011001111111101111111010110111101011000101110011010111111111110011101111001111111101011110011111011111111001100111011110011101110100011,577eec9805fca3d60427e172597fc2999f13e945e6c5cbdea2d7bf006ccee238,bernoulli,bernoulli|conj|p=0.7|zero=allow_iid|rng=MT19937-RandomState,0.7,allow_iid,0.0010190466418862343,8.846074342727661e-05,0.0014206496998667717,0.0011117048561573029,0.10418388620018959,0.10783310420811176,0.0036398619413375854,30,100,1,6,SAT_unsat_identifiable,1,boolean_factorization,exclude_x,exclude_x,0,2520,6660,0,1,0,1,0,0,0,1,1,1,0,0,0.005459276959300041
4,50,10,100,2452119728,26,conj,glucose42,MT19937-RandomState,4.985742270946503e-05,11101110011111111100110011010111110111011111111111101101101010111111101111101001110010101011010110110000101101011011111101111001111110010111111101110010111110110111010110111100110101001011100100101110011001111111001101101001010111110101110111101111011111111111111010111110111000011110101111110110100111111101111011101011111011111100111011011001111111110011001011111000011111101001111111111110111101111011111000111110111011111111001111111111111111111001101111110010111011010001111111010011111101010111,7b9e1154ce59dc450df09902ff167d020d6d1b12fc87db67664479a645d3f05e,bernoulli,bernoulli|conj|p=0.7|zero=allow_iid|rng=MT19937-RandomState,0.7,allow_iid,0.0008849948644638062,7.979199290275574e-05,0.0013493280857801437,0.0009929332882165909,0.9665847914293408,0.9698995873332024,0.0033070482313632965,30,93,1,6,SAT_unsat_identifiable,1,boolean_factorization,exclude_x,exclude_x,0,2580,6726,0,1,0,1,0,0,0,1,1,1,0,0,0.0054140109568834305
4,50,10,100,2452119728,27,conj,glucose42,MT19937-RandomState,4.716403782367706e-05,11111011111111001111111101111111110001010011110011111100111111111101111101101101001011001000001100101111111111010101011111101010110100111111110101111110011111111111111000100110111101110011001110110111110000101100011011011111100110111011100111110110011111111000011100111001111110111111001110000111110011101100111101111000100111100101110101110011000011111011111110101110110111111010111110001110111111001110001010111011111010111111011101111110111011011011111111100001110101000111110111101110110101011011,fd5fdda626aac2da631aa2cef1d94c7c8667031430fb9e378c4324558b91d99e,bernoulli,bernoulli|conj|p=0.7|zero=allow_iid|rng=MT19937-RandomState,0.7,allow_iid,0.0010028425604104996,8.108559995889664e-05,0.0013070795685052872,0.0009699678048491478,0.10665565449744463,0.11002582497894764,0.003360975533723831,29,107,1,6,SAT_unsat_identifiable,1,boolean_factorization,exclude_x,exclude_x,0,2401,6395,0,1,0,1,0,0,0,1,1,1,0,0,0.005590986460447311
4,50,10,100,2452119728,28,conj,glucose42,MT19937-RandomState,6.976444274187088e-05,11101010111101111011000111101111111111110011001001111011101110110011011011110111101010110111110001110100011110111100101101110001101001110011001101011100011111011111110101110011101011110101001111110111110111011111101000011111111110111010111000011000100111100000110111011110010111101010111111111011011000011110001011111001110110111111110101110101101100111111011111101101101111001111000011100101111000011100110100100110001001110101010110011110100001001110110110110001011111010011111000000101110100100011,a8d55e9c8621c598b04bfb6e8abd3faada76d70d4ff4ab1214bca74c29b97e8c,bernoulli,bernoulli|conj|p=0.7|zero=allow_iid|rng=MT19937-RandomState,0.7,allow_iid,0.0010679103434085846,9.882450103759766e-05,0.001460351049900055,0.0010196734219789505,0.04559672623872757,0.04925362579524517,0.0036467593163251877,32,173,1,6,SAT_unsat_identifiable,1,boolean_factorization,exclude_x,exclude_x,0,2438,6838,0,1,0,1,0,0,0,1,1,1,0,0,0.0059657711535692215
4,50,10,100,2452119728,29,conj,glucose42,MT19937-RandomState,5.880184471607208e-05,00111011010111111001011111111010101101100011010101101011111101100111111110100111110110111011111011101000111111110111110111011101110110111111001110011100000011101110111101111111001010100010111111110011110110100111010101111011011001011010011100111101011101001101101111010010001111111111100101110111101101111111111011101111000011111110111111111110101111110110101001111101111100010111011010101111101111111010111111111011011011111111010011011110111100111111101101111101011111011010101111011110011011101111,f2fa34f52d278e9883e2c8ac3159d622afdc190c72a2d8667c35bd673b6a63a4,bernoulli,bernoulli|conj|p=0.7|zero=allow_iid|rng=MT19937-RandomState,0.7,allow_iid,0.0009530987590551376,8.291471749544144e-05,0.0014148270711302757,0.0009870612993836403,0.3207693938165903,0.3242162112146616,0.003437901847064495,31,93,1,6,SAT_unsat_identifiable,1,boolean_factorization,exclude_x,exclude_x,0,2689,6980,0,1,0,1,0,0,0,1,1,1,0,0,0.005483587272465229
4,50,10,100,2452119728,30,conj,glucose42,MT19937-RandomState,8.524302393198013e-05,00111110111110110111101010110010111110110100010110100110011111111111111101111011100011111111011101111111011110011111011100110111111111111101110010100101100011100010100010011110111110111101110001001111110011011111110011111111110000111001110000011101111101011111111001011011111101111111101011110100101011010111010010111111010101111100101010110111100011111111110010111011111011011111100011110111111110011001001100111101111100111111011101111011010010111010110111111011010111101010011111011101011010111111,5179ab9ff02a9cbc50f8366e748f6af1770f1f3785b52a8156ec5169c2955b8f,bernoulli,bernoulli|conj|p=0.7|zero=allow_iid|rng=MT19937-RandomState,0.7,allow_iid,0.001046929508447647,8.640345185995102e-05,0.001314074732363224,0.0009695608168840408,0.2158809844404459,0.21930643916130066,0.003416968509554863,29,120,1,6,SAT_unsat_identifiable,1,boolean_factorization,exclude_x,exclude_x,0,2381,6373,0,1,0,1,0,0,0,1,1,1,0,0,0.005554037168622017
4,50,10,100,2452119728,31,conj,glucose42,MT19937-RandomState,5.524326115846634e-05,10101011100011111111010011111111110111111111001111101001110110110111111111001110111010000111011010010011011001010111110101111000101011101010111011111011110111111110100101111011011111111110101111011011111000010100111110111111100011011110110011110110101110101011010111011111111001011110111010101111110001100111111010111110000010101111100111111010111100010110111111111110011111011110111000101011101110101011101111001111111101001111011111110011110111111101001011001111111111011111111111111101110111111110,3b1d2c10cc191ec34ddab5188ea508eeac2dad59bcfc1e3b13ed5c669c2615bb,bernoulli,bernoulli|conj|p=0.7|zero=allow_iid|rng=MT19937-RandomState,0.7,allow_iid,0.0009818188846111298,8.252263069152832e-05,0.0013034455478191376,0.0010094307363033295,0.5714171770960093,0.5753443408757448,0.003377217799425125,28,93,0,5,SAT_found_counterexample,1,boolean_factorization,exclude_x,exclude_x,0,2412,6273,0,1,0,1,0,0,0,1,1,1,0,0,0.005259915255010128
4,50,10,100,2452119728,32,conj,glucose42,MT19937-RandomState,5.403812974691391e-05,10011101001010101110011110111110111111101110011101111011111111101111110110110110111111010010010111110010101101011011101111110111101111111011100011110111110111111011110111111110110011111111101101101010100001110010110110111111101111110111011111101111011100001001101110010101111001111110100001111011110100110111110111111100100011110000011000100000001111111011101110111101101100111111111101011010101111110011010111111011011111111111111001111101110111111111111101101011111111000111101001110011110101110011,73dec00db8bff058737cb6eaa7a8721c6c8bc75676b0d4d2942da23dbecc0504,bernoulli,bernoulli|conj|p=0.7|zero=allow_iid|rng=MT19937-RandomState,0.7,allow_iid,0.0010320516303181648,8.19135457277298e-05,0.001236853189766407,0.0009717447683215141,0.07555061485618353,0.07888074032962322,0.0033225631341338158,27,112,1,6,SAT_unsat_identifiable,1,boolean_factorization,exclude_x,exclude_x,0,2203,5909,0,1,0,1,0,0,0,1,1,1,0,0,0.005367697216570377
4,50,10,100,2452119728,33,conj,glucose42,MT19937-RandomState,5.4931268095970154e-05,01111111111100111110111111111101111101111111101111101111110111110100111010111111100110010011110101101101111010110110110101111010111110111111011011010011101111110111111011011111101111010111100111110111011111110111111010011100011100101110000111111110101111110011111110111101010111111011101101101111101011101111111110111111110100111100101011101000111111111110111111011001001111101001011011111111111111110111010100011011101011110110100110111000000011101111001100101011111111100111111101111011111100100111,37c58100d722db1488bdf8bffc29d139823401ac3a3cf8e8796ab158cb4fab46,bernoulli,bernoulli|conj|p=0.7|zero=allow_iid|rng=MT19937-RandomState,0.7,allow_iid,0.0008187424391508102,7.83754512667656e-05,0.0012744404375553131,0.0009940508753061295,1.1244927356019616,1.1276676086708903,0.0031656092032790184,28,95,1,6,SAT_unsat_identifiable,1,boolean_factorization,exclude_x,exclude_x,0,2392,6251,0,1,0,1,0,0,0,1,1,1,0,0,0.005421879701316357
4,50,10,100,2452119728,34,conj,glucose42,MT19937-RandomState,5.443580448627472e-05,01111011011110011101101111111011111101101111010100111110011011101110111111101111011110011110110110111111111101111001100111011111101010110010111101110001011001111111111111111111101111111011111011001111111011101111101110101101100011110111011011011011111111111111110110001011010101100111111100111110010111011011111101110011110111001000111011011111010011111010110011100111110011111011110111011101111011101100101111110101111100101111011110100111111000110111111100011100111101101101111110111101100101111111,98645126490e3b8087361ec194278999f1d56f6d597ab338f0d61b24e658c07c,bernoulli,bernoulli|conj|p=0.7|zero=allow_iid|rng=MT19937-RandomState,0.7,allow_iid,0.0010364847257733345,9.742192924022675e-05,0.0015270384028553963,0.0010347962379455566,14.04643716942519,14.05066661722958,0.003695741295814514,34,84,0,5,SAT_found_counterexample,1,boolean_factorization,exclude_x,exclude_x,0,3036,7764,0,1,0,1,0,0,0,1,1,1,0,0,0.005529481917619705
4,50,10,100,2452119728,35,conj,glucose42,MT19937-RandomState,4.8308633267879486e-05,00011100011111011111000101011010011111111111110110110111111111100001111110111110111110110011101101011000110101001111101011011101000111011010101011011111100111011101110111110101111011110111011100111111111001111110011001011111101111001010110011000011111010011110001101101111111111110001101111111101110110111111110101111111111111111110101100111111101100110000110110010101111101101101100110011111010101001101111011011110111111011011110110011000100110000111101111011011010101011110010101111111101010001101,ad3a75f1ac1c610ba83c1db2fe27ac32bf0c24e7d4ac260e3303f6fcf07eeefe,bernoulli,bernoulli|conj|p=0.7|zero=allow_iid|rng=MT19937-RandomState,0.7,allow_iid,0.001011192798614502,7.828976958990097e-05,0.0013223979622125626,0.0010064523667097092,0.12459407839924097,0.12802072800695896,0.0034183328971266747,29,120,1,6,SAT_unsat_identifiable,1,boolean_factorization,exclude_x,exclude_x,0,2331,6318,0,1,0,1,0,0,0,1,1,1,0,0,0.005585553124547005
4,50,10,100,2452119728,36,conj,glucose42,MT19937-RandomState,5.458202213048935e-05,11110000010111000110111111101111110111101111100101110110011111100111111111111011110011111101001111111111011011111111100111001101110100000101111111001111110111101101001010101111011101101110111111111111111111101111110111010101111110011101111001101010010001111111100011111110111001111100101111011101010101110001110011111111111111011110110101001101011111000110111011011111011010100111001100111101101010101101110100011111110010110110101010011111100001111110011111001111111011101111111111101101011011111101,247797ff4e17c260a1b93d2d16492b7b5df53520057ca267405cdf8bfa1ca5ab,bernoulli,bernoulli|conj|p=0.7|zero=allow_iid|rng=MT19937-RandomState,0.7,allow_iid,0.0010203775018453598,8.805468678474426e-05,0.0014818748459219933,0.0009885570034384727,1.4802514528855681,1.4838387304916978,0.00357886403799057,33,108,1,6,SAT_unsat_identifiable,1,boolean_factorization,exclude_x,exclude_x,0,2827,7400,0,1,0,1,0,0,0,1,1,1,0,0,0.0056442562490701675
4,50,10,100,2452119728,37,conj,glucose42,MT19937-RandomState,4.979502409696579e-05,10000111111101111111111111000111011110111111010101101110011110111111111110101011110010011111111101101101111010101101101111010111111111001010111111111111111111011110111110010101111110111111000100111011111011011011111111011010110100011111011111101110111110100111101101001011110011001111001101100101101101110111100110111111110101011011110010101011101111111100101110001010111101001111010101101100111111110111111000101111110110100110011101001000110100111111010111111010011011110011001101101111001010011110,61d7499791951868814569e3a9d9ddd5c64ccc2f10008f5440e202f70d0e33ed,bernoulli,bernoulli|conj|p=0.7|zero=allow_iid|rng=MT19937-RandomState,0.7,allow_iid,0.0009998437017202377,9.324867278337479e-05,0.001484590582549572,0.0010100770741701126,23.975229383446276,23.978826287202537,0.003587760031223297,33,106,1,6,SAT_unsat_identifiable,1,boolean_factorization,exclude_x,exclude_x,0,2817,7389,0,1,0,1,0,0,0,1,1,1,0,0,0.005649887025356293
4,50,10,100,2452119728,38,conj,glucose42,MT19937-RandomState,5.107466131448746e-05,11111111011110111111111001110001011011101011111110111011101111111111101000100110011111011100110011101101101010111111001111101111011111111011111011111100101111000111100111010111111110101111011111100111011100111100111001011001011001100110110111111101110001100011000111101110111101111101111101101111011101111111101100011101010110110000110101011110001011101101100111100011011111010111110101100011000111100110100111110100111111110111111101111110111100011111101110111111110001100111000111110011111011001111,f7a8ce9c11d03fcfdbaa447d85353de3cc27eecc9df914a1a15fd07372f95867,bernoulli,bernoulli|conj|p=0.7|zero=allow_iid|rng=MT19937-RandomState,0.7,allow_iid,0.0009960299357771873,8.313450962305069e-05,0.0012738155201077461,0.0009971801191568375,0.21513152215629816,0.2184889931231737,0.0033501600846648216,28,123,1,6,SAT_unsat_identifiable,1,boolean_factorization,exclude_x,exclude_x,0,2272,6119,0,1,0,1,0,0,0,1,1,1,0,0,0.005420195870101452
4,50,10,100,2452119728,39,conj,glucose42,MT19937-RandomState,4.9783848226070404e-05,10110011101011011010010111111010010100110101101111111011111001101101001110111011110110001110011111101111100101110111110001110111110101111011111101110110101101110101111001100101001101111111111011110010111011111110010000101010001101110011011000001110011101110111011111111011111111110011100110010011111101010101101011101111010100111101101111111111111011110111010110111011100011111101111010111101101111011011110011001011101111100110111010111111101111101011111111010111110001111110011001110111011101111110,71cfccc42323e8fa7db54131e018ff149d4e50441cf3f64a28601bb3030e6f02,bernoulli,bernoulli|conj|p=0.7|zero=allow_iid|rng=MT19937-RandomState,0.7,allow_iid,0.0010417494922876358,8.048303425312042e-05,0.0013804994523525238,0.0009776270017027855,1.1802135864272714,1.1837019314989448,0.0034803589805960655,31,103,1,6,SAT_unsat_identifiable,1,boolean_factorization,exclude_x,exclude_x,0,2619,6903,0,1,0,1,0,0,0,1,1,1,0,0,0.005676816217601299
4,50,10,100,2452119728,40,conj,glucose42,MT19937-RandomState,9.51271504163742e-05,01111001011000101110101011111001100110001111111101110010110010101010111110011110100010010001111011110101100111010100111110111100010011110111110010011001011111101111110011111101010011011111011110111111011111110111101111110111011111011010100011001110101100111011110011011101010001110101110101110101001111110100110110011110100110011110111001111101111110101111110010010001011111101111110011100111111111011010100011100001100111110111101111101010111101111111101011100110001011101110111101111111111111101111,1d4aa00db6468e64293c4a40991501e8611ecae0137f05dccfb3aa6fc36858d2,bernoulli,bernoulli|conj|p=0.7|zero=allow_iid|rng=MT19937-RandomState,0.7,allow_iid,0.0010326588526368141,8.613988757133484e-05,0.0014129402115941048,0.001004091463983059,2.5435570310801268,2.5471025332808495,0.0035358304157853127,31,134,1,6,SAT_unsat_identifiable,1,boolean_factorization,exclude_x,exclude_x,0,2459,6727,0,1,0,1,0,0,0,1,1,1,0,0,0.005775452591478825
4,50,10,100,2452119728,41,conj,glucose42,MT19937-RandomState,5.53010031580925e-05,00111111111111111110010010110001101101010010011010110111011111010110010111011111011101101111011100101111011110101011000101111110010101010111111111010111111111111100011010011100111111111011111001011101100001011001010101011010101001111111111010111111011111110111010111011110111101111110111101111101111111111111011111011111010110110011111101011111100110111110110111110110111101110011111011100001110110011101111101111111111110111101111110111100110111011100111010111111110111110111111111011101101111101111,fe9cb8b7a162ac96a7ae8e1b3f734be60e0921bd36e245caf7df1b54dab5cd8e,bernoulli,bernoulli|conj|p=0.7|zero=allow_iid|rng=MT19937-RandomState,0.7,allow_iid,0.000886848196387291,7.570907473564148e-05,0.0011321119964122772,0.0009998604655265808,2.0249526230618358,2.0280554788187146,0.0030945297330617905,24,95,1,6,SAT_unsat_identifiable,1,boolean_factorization,exclude_x,exclude_x,0,1996,5279,0,1,0,1,0,0,0,1,1,1,0,0,0.005058154463768005
4,50,10,100,2452119728,42,conj,glucose42,MT19937-RandomState,5.073193460702896e-05,11010111101011111111010101111111110011101011111100101100110011111100011011101110101101111000100111101111111011011111111101110101010011111111000011101100111111111101001111010111110101110110010111111111111111110011111110111011111001101111111110110101010001111100011011111111111101110100101101111011010101111111011001011110110011101110101111111110011001000111101101111110101101111011110011101101111001001101110011111100111001111111111101001001111111110111110010110110110011101111001111101011111110110111,0db6cdf9349f8413b4382a3c5f09bb6ee576ce3026140bdfa21b4d05c2054ef8,bernoulli,bernoulli|conj|p=0.7|zero=allow_iid|rng=MT19937-RandomState,0.7,allow_iid,0.000844898633658886,8.239131420850754e-05,0.0013165296986699104,0.0009782537817955017,0.9293641140684485,0.9325939416885376,0.0032220734283328056,29,94,1,6,SAT_unsat_identifiable,1,boolean_factorization,exclude_x,exclude_x,0,2491,6494,0,1,0,1,0,0,0,1,1,1,0,0,0.005396712571382523
4,50,10,100,2452119728,43,conj,glucose42,MT19937-RandomState,5.230586975812912e-05,01001101101001110111001100110010111101111111001111000111101100011110111100011111111000111011010011111001101001011101100100001111011111111001110101111111101110111111110011011110100010100011101101110111110101111111001111011101111101111101011111011111011110010110011101010110110101001010110010110110011001110111111011011111111000011000100001100101010111111011111101010110010111100011111111101111101001101111111110111101111101100101110011111101110111011000011010100111001111111010111010011111111111110111,e47477767d6e83ced3d444eb14c63a636ed4f1fc38ca50032d935bd4330098a7,bernoulli,bernoulli|conj|p=0.7|zero=allow_iid|rng=MT19937-RandomState,0.7,allow_iid,0.0010248459875583649,8.232053369283676e-05,0.0012648077681660652,0.0010124975815415382,0.13030929118394852,0.13370270188897848,0.003384471870958805,28,126,1,6,SAT_unsat_identifiable,1,boolean_factorization,exclude_x,exclude_x,0,2242,6086,0,1,0,1,0,0,0,1,1,1,0,0,0.005497856065630913
4,50,10,100,2452119728,44,conj,glucose42,MT19937-RandomState,5.58244064450264e-05,11101101011111111111111111111011100011111110011001111011010110011110111101110111011111111111101101101000100001101010011111000001110111001101001011111100111011011111111110011111111010001111111011110110101110111101111011110011101011111101001010101001100101110111100111111110011011011010111101110010101101110111000100101101110111011101011110011000100111110111110111111011011001110101111111111011111011111111111111011111100111111111010101011011101010111101001111001111111111001111111110111111110010101110,38696e984a8d58fb5644d9d6619902d946ea45428f7bee08f40ead936b5d1ae4,bernoulli,bernoulli|conj|p=0.7|zero=allow_iid|rng=MT19937-RandomState,0.7,allow_iid,0.0009318636730313301,8.71121883392334e-05,0.001301703043282032,0.0009949961677193642,1.6994060650467873,1.7027305215597153,0.0033156750723719597,28,103,1,6,SAT_unsat_identifiable,1,boolean_factorization,exclude_x,exclude_x,0,2322,6174,0,1,0,1,0,0,0,1,1,1,0,0,0.005347986705601215
4,50,10,100,2452119728,45,conj,glucose42,MT19937-RandomState,5.001947283744812e-05,11011100101110111111110000101110000101011101111100111111001101100101110111010110111010111101111111100110011111100100111100111110011111010001110101111101000100110000111110010101000011111001111011110101001010111100110101100111011111001111010001101011111111110000110101000011010101011011011101011111111111111100100111110111110100110101011110111110111101110110110111111111111111010001111101101110101101010100111001001111111110111100111101101000111110111111111011111111101111110111011101101011111111111110,af7c03ce30c90b063f9514dc05d240c42a6cf74386a5641b84e2c02f35964361,bernoulli,bernoulli|conj|p=0.7|zero=allow_iid|rng=MT19937-RandomState,0.7,allow_iid,0.000928027555346489,7.819756865501404e-05,0.00117452722042799,0.000989316962659359,0.32394221518188715,0.327119842171669,0.003170069307088852,25,116,1,6,SAT_unsat_identifiable,1,boolean_factorization,exclude_x,exclude_x,0,1995,5412,0,1,0,1,0,0,0,1,1,1,0,0,0.005305777303874493
4,50,10,100,2452119728,46,conj,glucose42,MT19937-RandomState,5.5233947932720184e-05,01011011001110001101111110111011111111011111011110100101011111101111101011100110111010111011101101101111011100011100110100111110011111111001111111010010011111110110011101100001111110101111111110111101110111100011110111100101110111100111111111101100111111110011011111111100111011100110111111101111101110100011110001111111010111111110011011101001101110010111111111111011111111011111110110011000011111101110110011011111111011110111100100110110101111011111111111011111100101011010101111110010111101011101,b647c8fa55d3bd22e5693ced5dba515523e2157b4d5579aa75b92aa07df3262b,bernoulli,bernoulli|conj|p=0.7|zero=allow_iid|rng=MT19937-RandomState,0.7,allow_iid,0.0008819801732897758,8.208956569433212e-05,0.0014001866802573204,0.000986945815384388,16.56358438450843,16.56694434583187,0.0033512022346258163,31,91,1,6,SAT_unsat_identifiable,1,boolean_factorization,exclude_x,exclude_x,0,2729,7024,0,1,0,1,0,0,0,1,1,1,0,0,0.005489871837198734
4,50,10,100,2452119728,47,conj,glucose42,MT19937-RandomState,4.665181040763855e-05,10111101101100101011011111010000011101111001101110100111111011011111110111110100111110111110100101111111100111100011011111001110110001101101111111011111011111100111111110110000110100110111101101000111111101010111110101001101011100100111101110101110101100111110111111111011101101101101001111110110111101110000111101011010101101001001111100111011110111011011100111110110111111011100001101111011110111111110110011011110001111011100101111111111100011011111011011101011111111111101100111111111011001110101,0d283a83880f9abfea2bd01513d5236407edf802a0076111f64c42730417d1b4,bernoulli,bernoulli|conj|p=0.7|zero=allow_iid|rng=MT19937-RandomState,0.7,allow_iid,0.001064280979335308,9.834486991167068e-05,0.0013864049687981606,0.0009856624528765678,2.0319034745916724,2.035447308793664,0.003534693270921707,31,102,1,6,SAT_unsat_identifiable,1,boolean_factorization,exclude_x,exclude_x,0,2619,6903,0,1,0,1,0,0,0,1,1,1,0,0,0.005670095793902874
4,50,10,100,2452119728,48,conj,glucose42,MT19937-RandomState,5.9167854487895966e-05,11111001111111011110101011111111111111011110111010101101111110010011111100011100011111111111011111011011011111011111101100111101101111011111011011111110110011110100110100011110011111011111110101110111010011111100010111011011111110000000100110110101111101101111110111101110100010111101011111011111000101010011111111111001111111111001011111011101100000111111110101111011101001010111011110111101010111111111010111011011110111111101110110110011010111101011010011011011011111100000111101110100111101000101,376f8a923bf1ea3bb27ddf8f39da4ad0fafb663ddc7cce6110056edc2ecb9fe5,bernoulli,bernoulli|conj|p=0.7|zero=allow_iid|rng=MT19937-RandomState,0.7,allow_iid,0.000979134812951088,8.694455027580261e-05,0.0012190882116556168,0.0009911591187119484,0.1442034849897027,0.14748722780495882,0.0032763266935944557,26,102,1,6,SAT_unsat_identifiable,1,boolean_factorization,exclude_x,exclude_x,0,2154,5721,0,1,0,1,0,0,0,1,1,1,0,0,0.005226980894804001
4,50,10,100,2452119728,49,conj,glucose42,MT19937-RandomState,5.520600825548172e-05,00111101111111011110101110110100011000100011111000001101111101101111011110101101100011001011111010011001001001111111111110111110111111010010100101101111101101111100111110100011010111010010101101111111101010111110101101011110111101101111111101111111111001111101111001100101000111010110110101111010111001110011011110001100001111101110111111000011111111111111110011111000101111011110010101001111011011011110011110111011111111011111111101111101110111011100101101111000111110011011110010110110101111101111,278a4299ca792dd49778d20b0b8067a7f8002fdbecae002f36416508defb22fe,bernoulli,bernoulli|conj|p=0.7|zero=allow_iid|rng=MT19937-RandomState,0.7,allow_iid,0.0010344646871089935,8.960254490375519e-05,0.0014126291498541832,0.0010091029107570648,0.8916299873962998,0.8951840959489346,0.0035457992926239967,31,122,1,6,SAT_unsat_identifiable,1,boolean_factorization,exclude_x,exclude_x,0,2529,6804,0,1,0,1,0,0,0,1,1,1,0,0,0.0057215141132473946
4,50,10,100,2452119728,50,conj,glucose42,MT19937-RandomState,0.00010276772081851959,10110001001010010101000111111010110101111110111001111111011011111101011000111101110011100001111111111111111101111111011111111110011110111111111111110110101111101111111011111001101010111111011111011100111010111111101011011111101111011011000111001000010111011111111011011010011101111110011011111110100001111111011111010110111101111111100111110111101111110111011101111111111010111100111011011010111110111101111001110111011011101111110011110111101111111100011111111011111011010101110111111110011011010010,cb8c8c2f99a522c82f39533bd8dc3d67e9c4d1ea9b01b911cae6f71cb85f886c,bernoulli,bernoulli|conj|p=0.7|zero=allow_iid|rng=MT19937-RandomState,0.7,allow_iid,0.0009561935439705849,8.817296475172043e-05,0.0012563234195113182,0.000999312847852707,11.56251817010343,11.565826882608235,0.0033000027760863304,27,84,1,6,SAT_unsat_identifiable,1,boolean_factorization,exclude_x,exclude_x,0,2343,6063,0,1,0,1,0,0,0,1,1,1,0,0,0.0052665891125798225
4,50,10,100,2452119728,51,conj,glucose42,MT19937-RandomState,4.7147274017333984e-05,01010001101010011111011111001001011111111111111101101111111011111101011111101100110111110111110111011010100011110111111111011011111111010100011111001111111110110111101010100100110111111111001011011111101110111100011010111110011110100111111101111011101111011111001010011111010101111100111111111110111011100000001100110111100111011011001111111111111110111011110101101111011101111101101111110111000011111111101110101011111110111011011100111101111111110110011100101111111011001111011110101101110101111101,2ec3629af3eac234cc23cff7fe6c1fd97196d94e7a95a8e00ed447d7af3f5e02,bernoulli,bernoulli|conj|p=0.7|zero=allow_iid|rng=MT19937-RandomState,0.7,allow_iid,0.0009008441120386124,8.211005479097366e-05,0.0012507550418376923,0.0009929081425070763,0.7827637773007154,0.7859980938956141,0.0032266173511743546,27,96,1,6,SAT_unsat_identifiable,1,boolean_factorization,exclude_x,exclude_x,0,2313,6030,0,1,0,1,0,0,0,1,1,1,0,0,0.005247480235993862
4,50,10,100,2452119728,52,conj,glucose42,MT19937-RandomState,4.521384835243225e-05,11111111111111110110000011110011010111111101001111101111111001010111111111101111101110011011111101001010001010111011111101011101101111011000011000101111110111111110101111101001100100110001100110001010011110100101001101111111110110110111110110110111100101101111111111111110110011101110111110110110111111011001111001110100001101011001111111010011111110100111101110111111011000010111111111111111111110111110101001101011111101111101100101100110101101111111100101110111110001011011101111111011111001101111,737355a4bf63360d4b3c3a06c7265bf3f53aea113afd39dd59f9002366b2df9f,bernoulli,bernoulli|conj|p=0.7|zero=allow_iid|rng=MT19937-RandomState,0.7,allow_iid,0.0009496519342064857,7.646344602108002e-05,0.0012715356424450874,0.000993248075246811,0.14690458308905363,0.1502042543143034,0.003290899097919464,28,114,1,6,SAT_unsat_identifiable,1,boolean_factorization,exclude_x,exclude_x,0,2302,6152,0,1,0,1,0,0,0,1,1,1,0,0,0.005507888272404671
4,50,10,100,2452119728,53,conj,glucose42,MT19937-RandomState,5.181785672903061e-05,01110111110011111111010111101011111110111110110001011111011000110110111001101110110111111111101100111011101101111111101101101001100111100001111001011111111011101111101011111011001011101110010011111111001110110110011010111000111101111111010011000111110111101100111011111000100011101111011101111011110111101010111101101000011101100110101111011100110111111111110010111101111111011101111111011100111000111111100111111101111111111101000111111011001001110111111101110100100010101000100111101101011110100111,9ec3270fc8ce1d6762fec2ab040249330f85b5b40a557c82ee4f50851dff80a3,bernoulli,bernoulli|conj|p=0.7|zero=allow_iid|rng=MT19937-RandomState,0.7,allow_iid,0.0009272173047065735,7.698871195316315e-05,0.0012015961110591888,0.0009808624163269997,0.11148280557245016,0.11467845737934113,0.003186664544045925,26,109,1,6,SAT_unsat_identifiable,1,boolean_factorization,exclude_x,exclude_x,0,2124,5688,0,1,0,1,0,0,0,1,1,1,0,0,0.005408287979662418
4,50,10,100,2452119728,54,conj,glucose42,MT19937-RandomState,5.3658150136470795e-05,00011101101111111101111010110011110110010001111111111111101101111100110101011110101110011110001110111101111111110101011011010111111101011011011110111101111111100010111111101111010101001010100011101110111011100011110111111110110011111101111101110011011111100111111110011111110111111101001111111001110011101111011111111111011111011001111101001100110011111011111111011111011101011101111111011011111101010100011000101011011011010111111111110111011101010000111100100101111110111111101111011011111011100001,635346b7f2f00ab73bb08cc7d7b2e3c35eaadb5c98d4bd86252e991a3352402d,bernoulli,bernoulli|conj|p=0.7|zero=allow_iid|rng=MT19937-RandomState,0.7,allow_iid,0.0010115960612893105,9.20882448554039e-05,0.0013741385191679,0.0009902352467179298,2.1649879794567823,2.168463625945151,0.0034680580720305443,30,99,1,6,SAT_unsat_identifiable,1,boolean_factorization,exclude_x,exclude_x,0,2540,6682,0,1,0,1,0,0,0,1,1,1,0,0,0.0055242180824279785
4,50,10,100,2452119728,55,conj,glucose42,MT19937-RandomState,5.773920565843582e-05,00111011111110101110111111110010101111111110011010010101010011101011111101100111110101100111010010111110110111110001010000011111110100111110111111100111011101001101010111111110110011110101111111101111110110010111111111000101101110000110110111111111010111111010111111101111110111001111011110111011001001011111011101011001111011011100111111111010111011111111001011011100101111111101010111010100111011101111111101011111101111111000111111110010010010101110110110111011111011100111010101011101011111011101,fb740e8ab82b84ab310ac8ede83eea0a92855bbb4c6317522e9811800058a83b,bernoulli,bernoulli|conj|p=0.7|zero=allow_iid|rng=MT19937-RandomState,0.7,allow_iid,0.000881880521774292,9.209010750055313e-05,0.001376892440021038,0.001008511520922184,1.195930472575128,1.1992969326674938,0.003359374590218067,30,89,1,6,SAT_unsat_identifiable,1,boolean_factorization,exclude_x,exclude_x,0,2590,6737,0,1,0,1,0,0,0,1,1,1,0,0,0.005397230386734009
4,50,10,100,2452119728,56,conj,glucose42,MT19937-RandomState,4.478916525840759e-05,11101001110101111001111111111001011110100101101111001110111011110110111101111001101110111011111101101110011101010010101011101111110111011111111011011111110011101111001011111111111110101100111010111011111101011111111010111101111111111011011011111101100101110111111101010101011100000111111101101001111110110001111011101101110111011101011101010111111110011111011111101110111001101111110110111011111101111001011100111111111101100110100111111000001101111101111011110010110101111011110110111101111110100011,6deceac099421afbf7a0d5b56f4e56e8473cc5344b0b094fa01759064a662c9a,bernoulli,bernoulli|conj|p=0.7|zero=allow_iid|rng=MT19937-RandomState,0.7,allow_iid,0.0009846463799476624,8.158106356859207e-05,0.0013050585985183716,0.0009734202176332474,3.0585649255663157,3.0619203820824623,0.0033447062596678734,29,92,1,6,SAT_unsat_identifiable,1,boolean_factorization,exclude_x,exclude_x,0,2501,6505,0,1,0,1,0,0,0,1,1,1,0,0,0.005490036681294441
4,50,10,100,2452119728,57,conj,glucose42,MT19937-RandomState,5.309656262397766e-05,01111010110101001110010001111011101111110111111101011111001001110011101101110011111011001111111111011111001111010011110111101111101111101100111111101110111111111111110111011110110010110100110111101011111110000111100110101110111011111111101111110111111011111110111011101100100111101101111100001111101100101111111010101101010011011111111010111100101101111111111110111111111100110100101111111111101101110111001110011001111000100111110110111101111110100110111111101100000111010111110110100101111111101100,0d684133984a45666d5edc6447c4a492b8b2ec179f9397dd78597caa439dbe3f,bernoulli,bernoulli|conj|p=0.7|zero=allow_iid|rng=MT19937-RandomState,0.7,allow_iid,0.0009251795709133148,8.251238614320755e-05,0.0013285623863339424,0.0009959954768419266,2.368857264518738,2.3727266788482666,0.0033322498202323914,28,94,0,5,SAT_found_counterexample,1,boolean_factorization,exclude_x,exclude_x,0,2382,6240,0,1,0,1,0,0,0,1,1,1,0,0,0.005173554643988609
4,50,10,100,2452119728,58,conj,glucose42,MT19937-RandomState,5.10653480887413e-05,01011010111100001111111101010110100000111001011110001111000111111010111001111011110011111111111011111111111101001111011010111010011110000101101101011110010000111111011111011101111111110111001000011111111111111111110011001101001101111110011011101101110111111111101101101011111111110011111101001111110011101111010111001011111111011111101100111111111011001011111110110101101101100111111111101100110010111110111111101111111111110010111101111111111101101000001010100100111101111100001110110111011011011110,80f0772972a9af05edf53104f651124322b99887ddba37c1a4d8173e8f1f349b,bernoulli,bernoulli|conj|p=0.7|zero=allow_iid|rng=MT19937-RandomState,0.7,allow_iid,0.0010671447962522507,8.215662091970444e-05,0.0013529341667890549,0.0009749205783009529,0.3245415547862649,0.3280256921425462,0.003477156162261963,30,110,1,6,SAT_unsat_identifiable,1,boolean_factorization,exclude_x,exclude_x,0,2480,6616,0,1,0,1,0,0,0,1,1,1,0,0,0.005495523102581501
4,50,10,100,2452119728,59,conj,glucose42,MT19937-RandomState,4.642922431230545e-05,01011010101101100110011111011111011010111111111111011111110111011101100111101111111101101111101111111100101001110111010101101111111111101101001101101111010011111101111111101100110011111111111011010111110100100100011001111110011000111011101111111100110101001001101111101010101111110111011111111110111101011111111101100111010111000000011111110101111101111110111010111111111100111011111111001111101010111010011110111011111011101011111111110111111110011010011101101101100111111110111101111110110111111001,5ccd31b48eae5bd269aecb2e86815ded82f669672b3ee3fb4142aaf58f147be7,bernoulli,bernoulli|conj|p=0.7|zero=allow_iid|rng=MT19937-RandomState,0.7,allow_iid,0.00099223293364048,8.243601769208908e-05,0.0013492312282323837,0.0009921034798026085,1.1909516733139753,1.194375935010612,0.0034160036593675613,30,91,1,6,SAT_unsat_identifiable,1,boolean_factorization,exclude_x,exclude_x,0,2630,6781,0,1,0,1,0,0,0,1,1,1,0,0,0.00547888595610857
4,50,10,100,2452119728,60,conj,glucose42,MT19937-RandomState,9.968504309654236e-05,11011001011111011001100111110110110110101000101111101110111111111111111011001110011111011101000111101111111010101100000101111111110100111001101111111011011011101001111111100001111111011001101111011101011011100111010111000011110111110011001101111000011000100110111111111011110111111110111111110001111111111111010110111101010001011110111110111111110011100010111101010111110111101101001101110011010111101011000111000110111110011100101101101110111110111110101111111101001101001111110110010011100111111110,bca561e380301fa3d0092b298ba2475f54ab0e96db94217c9f6ba92bca6060fa,bernoulli,bernoulli|conj|p=0.7|zero=allow_iid|rng=MT19937-RandomState,0.7,allow_iid,0.0011035921052098274,9.50787216424942e-05,0.0014111567288637161,0.0009971782565116882,3.6115980949252844,3.6152136139571667,0.003607005812227726,31,109,1,6,SAT_unsat_identifiable,1,boolean_factorization,exclude_x,exclude_x,0,2569,6848,0,1,0,1,0,0,0,1,1,1,0,0,0.0055891890078783035
4,50,10,100,2452119728,61,conj,glucose42,MT19937-RandomState,4.649348556995392e-05,01011111111111111101001111111111100111111111111101100010000111111101101001111111111011100111100110110100101111010101100101111010110111101101111011111011010100110011011111111111011110101110111011110111111111011111111111100011110111011110111111111111101110111010110011110000010110111001011110111111101011011011011100101100011111111111001011111100110101111011011010101110111110110111011110111111111111101000011111101000111101111101110111011011111111010100000000111011010011100111111111101111110111111000,fb1bcfdbbacb5ebb799aeeeb57f8ee7ef7adc1a64ab178efc72fab3d35565b68,bernoulli,bernoulli|conj|p=0.7|zero=allow_iid|rng=MT19937-RandomState,0.7,allow_iid,0.0008921623229980469,7.494073361158371e-05,0.0012858174741268158,0.000998789444565773,0.3151162602007389,0.31837553158402443,0.0032517099753022194,28,89,1,6,SAT_unsat_identifiable,1,boolean_factorization,exclude_x,exclude_x,0,2382,6240,0,1,0,1,0,0,0,1,1,1,0,0,0.005302349105477333
4,50,10,100,2452119728,62,conj,glucose42,MT19937-RandomState,4.649162292480469e-05,01110000010111111011111110011101010111011110110100001100111111111110111111111101111111110110001100011101111001110111011111011000101111101010110101110111011101011011111101111111011011010011011100110010100001110110101010000010110010101101001111111101100011100011111111111101101011111001111110111011011011011011111101111111111100111111101111010000111111101111110111111111111111101010111001011100110011101000011010011111101110000110110110111011111011011011111100100110101011000111111111111111011111100011,9594c457c9084ec4ab6b68c1799cf3db6c50722870601a7104f8245816b92fc9,bernoulli,bernoulli|conj|p=0.7|zero=allow_iid|rng=MT19937-RandomState,0.7,allow_iid,0.0008942289277911186,8.162856101989746e-05,0.0012028226628899574,0.0009932201355695724,2.188896793872118,2.1920764772221446,0.003171900287270546,26,120,1,6,SAT_unsat_identifiable,1,boolean_factorization,exclude_x,exclude_x,0,2094,5655,0,1,0,1,0,0,0,1,1,1,0,0,0.005399566143751144
4,50,10,100,2452119728,63,conj,glucose42,MT19937-RandomState,5.499646067619324e-05,00110000010011111111101110011111110111110011111111101111000011111010101111101001111011111001010010111111110101111011111110011101110011001111111010011100011111101000101111111111111111111111111001100101101100011101110110110111111111111101100101000101111110011010110101010001011001010101111110111111111011111111101100111010111010111010110010100111111101011010111111110011011001111111111110111110111100001111111111011111001001110110101101010111111011110111101000110100110110100011111010001000001110111111,55dbeb78efd22eadcb807b75134509e914042469e3c01143f7b7f1785d4ceab3,bernoulli,bernoulli|conj|p=0.7|zero=allow_iid|rng=MT19937-RandomState,0.7,allow_iid,0.0009565083310008049,8.955784142017365e-05,0.0013770973309874535,0.000993848778307438,0.4193570278584957,0.4227816015481949,0.00341701228171587,30,123,1,6,SAT_unsat_identifiable,1,boolean_factorization,exclude_x,exclude_x,0,2440,6572,0,1,0,1,0,0,0,1,1,1,0,0,0.005562438629567623
4,50,10,100,2452119728,64,conj,glucose42,MT19937-RandomState,5.014985799789429e-05,11100010110111111110101111000111111110101101011101101111111101011111110111010101101100111011111011110111010101101011101010110111011111111111101111101101000111110011010011100101101101100100001111000111111110000111111111000110101001110111011011111110101101010111101101011111111100111111011010101111100011001010001111110010011110110111111111111111000101100011111110111100010110111111111101010101111111111010011110011111101111111001011111111101110111111000011010111111111101110111010100101011110101011011,45a4e0ef3a2568da4da6356d4017c923b6368df18864bf8a0ff7a8e4b10ed93a,bernoulli,bernoulli|conj|p=0.7|zero=allow_iid|rng=MT19937-RandomState,0.7,allow_iid,0.0009682141244411469,8.14441591501236e-05,0.001398094929754734,0.0009925095364451408,0.5054961973801255,0.50894386600703,0.0034402627497911453,31,114,1,6,SAT_unsat_identifiable,1,boolean_factorization,exclude_x,exclude_x,0,2619,6903,0,1,0,1,0,0,0,1,1,1,0,0,0.005596107803285122
4,50,10,100,2452119728,65,conj,glucose42,MT19937-RandomState,4.853680729866028e-05,11110110111111101100101100001011111111010111110101111110111111010111111111011111010010001100011111111110111010101111011110101101011011111111101110110111011110101110111011011111111111110101001001011111000111011111110111010011101101100111010111111101011111111111011111111001111111011111111110010101011011100110000011011110101110001110111010011111001001111100101001101101111010001011100100011010011111111111011101110111000111111010111111110111101111011000101100011111111100101011110010110010111110110110,47ff524d47479210c46f384508c876d522970b36534172a6375ce4c5b1a641d4,bernoulli,bernoulli|conj|p=0.7|zero=allow_iid|rng=MT19937-RandomState,0.7,allow_iid,0.0011159759014844894,7.941294461488724e-05,0.0013218112289905548,0.0009889816865324974,3.507696042768657,3.511209844611585,0.003506181761622429,29,111,1,6,SAT_unsat_identifiable,1,boolean_factorization,exclude_x,exclude_x,0,2391,6384,0,1,0,1,0,0,0,1,1,1,0,0,0.005489218980073929
4,50,10,100,2452119728,66,conj,glucose42,MT19937-RandomState,5.5198557674884796e-05,01010111111100101100111111111111110110111111111111100110100100101100100110111100011100111101000111001111111101110110101111011111001111010011100111110011101000111111010100111111110100011111111101110101101111101011001001111111111101111110110111110011111100111111111010101110000011001001011101110111111001111111110011111111000110110110111110110010110111001111101011111011001001101010010110100011111011001101011101111111111100000101100111111101001111111011011111011011100111110111010000110110111111110111,a57b2d9dc7b318387e909b677d600790fba8d7e85236e5a5ee4da2cf9e132c9a,bernoulli,bernoulli|conj|p=0.7|zero=allow_iid|rng=MT19937-RandomState,0.7,allow_iid,0.0009236056357622147,7.875356823205948e-05,0.0012214155867695808,0.0009873183444142342,0.1118416404351592,0.11506148427724838,0.003211093135178089,26,121,1,6,SAT_unsat_identifiable,1,boolean_factorization,exclude_x,exclude_x,0,2064,5622,0,1,0,1,0,0,0,1,1,1,0,0,0.005334371700882912
4,50,10,100,2452119728,67,conj,glucose42,MT19937-RandomState,5.741044878959656e-05,11111111111001111111111110110111011110110011111101101011110111110101111001001000110101111111111101110101011001000111011110110101001011111011011101111111011000010101101111010101111110111100111011111101100101011110111001011011011110010101101101100010111100100110010001111111110101111110000101111101111101111111111001111011110000101100110110111111101011111011100011111101111101101111101111001111111111101111010101111001101111111111110111101110110011110011111101100011111011110110110110110111110011001011,c07b3302aceaa759dd86fcd4544b579daf7d85b0c1a1c6553b59e76a885bdfe6,bernoulli,bernoulli|conj|p=0.7|zero=allow_iid|rng=MT19937-RandomState,0.7,allow_iid,0.0009758947417140007,8.797179907560349e-05,0.001269092783331871,0.0010080710053443909,1.478957119397819,1.4823060352355242,0.003341030329465866,27,109,1,6,SAT_unsat_identifiable,1,boolean_factorization,exclude_x,exclude_x,0,2223,5931,0,1,0,1,0,0,0,1,1,1,0,0,0.0053605614230036736
4,50,10,100,2452119728,68,conj,glucose42,MT19937-RandomState,4.7128647565841675e-05,01000111111110100100110111111110010110101111111010011111011111100010110100011011000101011101111111011111001111010110001001001111011011111010101110011111111101101111111100110101011100111111001111111110100110111111101101011011001100000111110101101011101101111101101111101010011100011111011001101010111101111010110111001110101010111010111011011111110111011010000111111111111111001110111111101111000101110100111111011011010101001111111011011110011110100101111110010110110000111011011111100110011111111001,5ed9a66985f5f6b417663a0df7d68939d477486f8188cbd210e235a8c5c77a7f,bernoulli,bernoulli|conj|p=0.7|zero=allow_iid|rng=MT19937-RandomState,0.7,allow_iid,0.001027919352054596,7.671210914850235e-05,0.0012530013918876648,0.0009992169216275215,0.7463086061179638,0.7496738024055958,0.0033568497747182846,27,123,1,6,SAT_unsat_identifiable,1,boolean_factorization,exclude_x,exclude_x,0,2173,5876,0,1,0,1,0,0,0,1,1,1,0,0,0.005442528985440731
4,50,10,100,2452119728,69,conj,glucose42,MT19937-RandomState,4.934612661600113e-05,10111101111111101111011101111110101111110111100110001110111010111111011000110110111111110101011011010110101111001101011100100110001111101110100111011010111111110001011111010011111111010101001010111100111001110101111011111001110101100011111011110111111101111011111111101110111110110001101101111101001110011110111100011010110111010111111101001110111111001111110111010101111110001110110100100101111001101101001101101111111111111010101010111110011111011011111011010111001011101011100110111111111101110001,f926ae9b164099051e1085232e5d71931dc85e484942053aee767da742abb93a,bernoulli,bernoulli|conj|p=0.7|zero=allow_iid|rng=MT19937-RandomState,0.7,allow_iid,0.000971626490354538,7.783342152833939e-05,0.0013664159923791885,0.0009976867586374283,0.5330315846949816,0.536452810280025,0.003413562662899494,30,105,1,6,SAT_unsat_identifiable,1,boolean_factorization,exclude_x,exclude_x,0,2500,6638,0,1,0,1,0,0,0,1,1,1,0,0,0.005519167520105839
4,50,10,100,2452119728,70,conj,glucose42,MT19937-RandomState,7.961131632328033e-05,10001000011111111111111111111101000100001111111111010111111100100011111011011010011001111110111111111001111101111101111001111111100111100110111011110110101111101101110111111111111111111111011111000111111011010011101011000110111100001111111101010111001001001011001011110100111111111011110101111100000111111110111111001001110110101111110011101111111110100011110011111011110111000111111111110100011000111011010110111111000101111100111001001110111101110111111111001101100101000011111110011111011111011101,9ba57b8702222dcd69e93a5b9eae84db06209480535938b3a1c98a423c4abc7a,bernoulli,bernoulli|conj|p=0.7|zero=allow_iid|rng=MT19937-RandomState,0.7,allow_iid,0.000926898792386055,7.669907063245773e-05,0.0012150947004556656,0.000994090922176838,0.33712019585072994,0.34033980686217546,0.0032127834856510162,26,125,1,6,SAT_unsat_identifiable,1,boolean_factorization,exclude_x,exclude_x,0,2064,5622,0,1,0,1,0,0,0,1,1,1,0,0,0.005282524973154068
4,50,10,100,2452119728,71,conj,glucose42,MT19937-RandomState,4.66248020529747e-05,11111111111010001110100111001111111011101111111110100111110011111000101111101101111111110101110001011110010001110010111111111001010101101111010111001001001111011111101101010011111101111111101100001111110111111111101100101011110010100101110011111111011111001110101110111110111101011100111111111111110101110111111111010001111011011110001111101111101011111111001110111110111001100101001110011011011011011111101100111010111100111111011111110110101110110101110011110001010110110111110110011111011101001111,b6d77538ac9dfa7ffb9110b1c598cfd6474f885d8b32268f22e01bcc11d8384f,bernoulli,bernoulli|conj|p=0.7|zero=allow_iid|rng=MT19937-RandomState,0.7,allow_iid,0.0010448228567838669,8.372031152248383e-05,0.0014286534860730171,0.0009716134518384933,0.6424334449693561,0.6459710840135813,0.003528810106217861,32,98,1,6,SAT_unsat_identifiable,1,boolean_factorization,exclude_x,exclude_x,0,2728,7157,0,1,0,1,0,0,0,1,1,1,0,0,0.005658362992107868
4,50,10,100,2452119728,72,conj,glucose42,MT19937-RandomState,5.398225039243698e-05,10110111111111110110101110011111110101100101100111010011111010011111110101110101000001110011110111010110001000001111000111010111101101011000100011100011101011111110001111011001110111111011111000000101100111111111101110110111110010110111101101111010011101010111111111010110110111110111111011011100100110111100111101101101101111111111101011111110111010011110111100111111101111110010011011110001010111100101111110101110110011001101001011111011000100101111100101110100101111100110111111101100111111100010,93afc841e92081c3cdf75bca0e60cb938733ac2eea945216b12ada265aac50d2,bernoulli,bernoulli|conj|p=0.7|zero=allow_iid|rng=MT19937-RandomState,0.7,allow_iid,0.0010090721771121025,9.19075682759285e-05,0.0014590946957468987,0.0009851986542344093,0.17202234268188477,0.175579946488142,0.003545273095369339,32,143,1,6,SAT_unsat_identifiable,1,boolean_factorization,exclude_x,exclude_x,0,2588,7003,0,1,0,1,0,0,0,1,1,1,0,0,0.005939311347901821
4,50,10,100,2452119728,73,conj,glucose42,MT19937-RandomState,6.231013685464859e-05,10101111001011111001011111101111101111101110110001111001111101010111111111001110111110101111110101000101110111101010010011001111111010111010111111111000101101111101001101010111111011111001111111111111101001111011011111111110110011110101111111111111101100111101101001100111111010111100011011111101111101111111011010000111011011010011111111110111111101101111111100011111110110100111110110111110110111010111011111011110001011010101111111001101111110111000111010101111001111111011010111110111110111111010,569b0307e9dc3e7d2bbc028f2656e73912a6d80574ef10fb621da9d8e005ef55,bernoulli,bernoulli|conj|p=0.7|zero=allow_iid|rng=MT19937-RandomState,0.7,allow_iid,0.0010141627863049507,0.00010021217167377472,0.0014770543202757835,0.0009875139221549034,12.469988900236785,12.473577634431422,0.0035789432004094124,32,97,1,6,SAT_unsat_identifiable,1,boolean_factorization,exclude_x,exclude_x,0,2778,7212,0,1,0,1,0,0,0,1,1,1,0,0,0.005674304440617561
4,50,10,100,2452119728,74,conj,glucose42,MT19937-RandomState,6.194785237312317e-05,01110011010001111111110010011001110111111111111111110111111101110110111111100100111111010000101100110011011111110111111011111111111111111111100110111001111111100101111111111111111010111001010111010111111111011111111100110111110011101001111100001101111101101010000101011111111111111110111000011011111111100111110111111111010111111101101111101111011101111011111011101100110000001111011111011010111110011100000010100110111010111111111101101111101101101111101010100110011100001001111110111111101011011011,cc5120bdb82e1b1d720d2c6d9f867d1c7fc3533440c0154e29f7e970cb756be4,bernoulli,bernoulli|conj|p=0.7|zero=allow_iid|rng=MT19937-RandomState,0.7,allow_iid,0.0009428784251213074,8.027907460927963e-05,0.0012834807857871056,0.0009970096871256828,0.1612234953790903,0.16453837603330612,0.0033036479726433754,28,99,1,6,SAT_unsat_identifiable,1,boolean_factorization,exclude_x,exclude_x,0,2382,6240,0,1,0,1,0,0,0,1,1,1,0,0,0.005422777496278286
4,50,10,100,2452119728,75,conj,glucose42,MT19937-RandomState,5.093961954116821e-05,01110111000110100011110110111111101111001011111111111001101101110011110010011111111101011011100110001110110001111011101001001101001111111111111010111111101101011010001011101111111010111111011101111101111110011000110101010111111111001101110110111011111111110011001111111011101111011011010011111110111001111101001101111101101110101110101100111111111110110011110001101111111111101101111110111011011011111101111110111111011011111011011001101111111001110001111111101111111001111111110011001110111101011010,e57749c17929d6873123eaf96551a658a1329076fed0bcb5b07c7b2733a63ca5,bernoulli,bernoulli|conj|p=0.7|zero=allow_iid|rng=MT19937-RandomState,0.7,allow_iid,0.0009965654462575912,8.738972246646881e-05,0.0014128144830465317,0.0010022381320595741,1.8109018271788955,1.8144082678481936,0.003499007783830166,31,93,1,6,SAT_unsat_identifiable,1,boolean_factorization,exclude_x,exclude_x,0,2729,7024,0,1,0,1,0,0,0,1,1,1,0,0,0.005522094666957855
4,50,10,100,2452119728,76,conj,glucose42,MT19937-RandomState,5.427654832601547e-05,00010111111111111111111101010101100100111111010110000111101011110111011111011101001101010110111001011101111101100101110111111111011011111101111011111010010101111101101001111111111111011010111111111110011010101111100101111111110110110111001011111101111010111110110110111110101001111111001011011111111011001101101110010011111110111111101111111110011000110110011111000111111110001110100011111011100111011110111111011111111001011111101101111111111111111111111110111011010001110111110111110101111010110101,653b18fd1762961a42c07df479bb821bfef254a3e9f87008840d6bd1b566c948,bernoulli,bernoulli|conj|p=0.7|zero=allow_iid|rng=MT19937-RandomState,0.7,allow_iid,0.000997314229607582,8.419156074523926e-05,0.0012945514172315598,0.0009894976392388344,2.1047049509361386,2.10807884298265,0.0033655548468232155,29,97,1,6,SAT_unsat_identifiable,1,boolean_factorization,exclude_x,exclude_x,0,2461,6461,0,1,0,1,0,0,0,1,1,1,0,0,0.005425050854682922
4,50,10,100,2452119728,77,conj,glucose42,MT19937-RandomState,5.0222501158714294e-05,10001011110111111110011110111100111010111101101111110101100100010010101110111101111011101101100000101110110111010010001011111111101011111101101101111111100101111111111101011111010000111111111111011010110110011110100111101101101111101110101001110111011100111111101110111110101010110111100111111101111011100000111111111001010110101010111101111111011110001110101011001111110101110011111001111010101011011100111011000111111011111111111101010111101110101100101010111011011011011110001111010111111111101111,d7d65fe9fe365d43019df787ca3c96756c0424a6895593a684839eddbf786c62,bernoulli,bernoulli|conj|p=0.7|zero=allow_iid|rng=MT19937-RandomState,0.7,allow_iid,0.0009573744609951973,8.568447083234787e-05,0.001272766850888729,0.0009783022105693817,0.07451319228857756,0.07781511917710304,0.003294127993285656,28,96,1,6,SAT_unsat_identifiable,1,boolean_factorization,exclude_x,exclude_x,0,2352,6207,0,1,0,1,0,0,0,1,1,1,0,0,0.005362562835216522
4,50,10,100,2452119728,78,conj,glucose42,MT19937-RandomState,5.1866285502910614e-05,01111110111011111000000110101011000001101111101110101111111111010111111101111101100011100000011000111111111100101111111011100001111010111111100011101011111101110011111110011001111111010111100111111111001001101101001101101011101110011011000111010111110011111101111110010111111111111100011111111110010111111111000101011110111111101001110011111111000111100111011010011011101110111001101100011101000100000101011101101110111101111100010111101001110111111110010100111110011100110000001011111010111011111010,334eb1671af3f281d5859a4794605077b3ae88c2d53f5936cab52a3fc1af714f,bernoulli,bernoulli|conj|p=0.7|zero=allow_iid|rng=MT19937-RandomState,0.7,allow_iid,0.001074361614882946,7.962435483932495e-05,0.0013323118910193443,0.0010027820244431496,0.11143010389059782,0.11492782179266214,0.003489079885184765,29,133,1,6,SAT_unsat_identifiable,1,boolean_factorization,exclude_x,exclude_x,0,2281,6263,0,1,0,1,0,0,0,1,1,1,0,0,0.005615273490548134
4,50,10,100,2452119728,79,conj,glucose42,MT19937-RandomState,5.383975803852081e-05,01110100011011111110110010101101111111101111100111011011100111011011111111101011111011111011000110111101001111111101010101100111001110111110111110111011010110110001110100001010111111101101101111011110110111101111000111111110000101111011011011110101111001011110111111111100011110111101111110111111010111111101010111111111101111111001010110111111111101101100011111110100011111001111111111011011110010101001100111111010110111100111111100100111101011111011001010101010101001011111000101100111111111111101,8cf69177671b3ed31a0e4a49b290b08b3e75377f6d57ed0df8325c22c1288fd1,bernoulli,bernoulli|conj|p=0.7|zero=allow_iid|rng=MT19937-RandomState,0.7,allow_iid,0.0009501595050096512,8.313637226819992e-05,0.001197480596601963,0.0009909477084875107,0.9904866088181734,0.99371581338346,0.003221724182367325,26,99,1,6,SAT_unsat_identifiable,1,boolean_factorization,exclude_x,exclude_x,0,2174,5743,0,1,0,1,0,0,0,1,1,1,0,0,0.005244755186140537
4,50,10,100,2452119728,80,conj,glucose42,MT19937-RandomState,0.0001047896221280098,11101001110101101110110111101110010001111111111101011011011111110101111100110101101001110110111111111111111111110101111111111111101111111101111101110001111111101101111011010111110010100011011101110100111111101111011010111111111001111110101110111101011111111101111010111011111001111111100111010111010111110111111110111110011111010100111110111111101101111111111011011101110000011101110011111001101011001101011011011010111110111111001111011010011111101011010011110111111111011111111011110101111111011011,5f58368ba71b02aaae3bb839277a39a7f8efc94a46286e3d58e91166a9573bbf,bernoulli,bernoulli|conj|p=0.7|zero=allow_iid|rng=MT19937-RandomState,0.7,allow_iid,0.0009228168055415154,9.531620889902115e-05,0.0013047875836491585,0.0010065305978059769,2.5191543949767947,2.522492998279631,0.003329451195895672,28,83,1,6,SAT_unsat_identifiable,1,boolean_factorization,exclude_x,exclude_x,0,2492,6361,0,1,0,1,0,0,0,1,1,1,0,0,0.005280468612909317
4,50,10,100,2452119728,81,conj,glucose42,MT19937-RandomState,4.606228321790695e-05,10111010111101111111110100100010100111001111111111011000111110101101111110010110011111101101110111111101111111101110110110111010111011111010001101101111100101111101101001101111101110101010111001110110000011110111011100110111111111100001011111100011011001011101101111111010111111011001101000101111110001100101011111111001011001011010000110010011111111110111000111111110111011111011010001111111111111110101001011111101111100001011111000010110110110110100111101111110111001110111011100010100001111111111,e968045387895ad9ace6a9f27beeab84d026b206294a29cf1e4464c20d4a6a9d,bernoulli,bernoulli|conj|p=0.7|zero=allow_iid|rng=MT19937-RandomState,0.7,allow_iid,0.0009765196591615677,8.509401232004166e-05,0.0013107387349009514,0.0009852536022663116,0.19231279753148556,0.1956784538924694,0.0033576060086488724,29,140,1,6,SAT_unsat_identifiable,1,boolean_factorization,exclude_x,exclude_x,0,2291,6274,0,1,0,1,0,0,0,1,1,1,0,0,0.005658639594912529
4,50,10,100,2452119728,82,conj,glucose42,MT19937-RandomState,5.676783621311188e-05,10111110011011111111101011111111110110101110101011111000111111101010111100101101001011011111001111011011110000011111011110001000011001111111101111110111001101111001111111111111101110111110111001111001110001101111111011110111100111111111011001010111110000110001010100111101010011111111011110110010011011111111110111101111111111001110111111101010001111110010011110111101111111101110111011010000111011111111111111110101101010011000010111111010011010101010010110101011001111111001101010011111011111011110,10e6d5f470f6cb70f92a1a6f7086ec853f4705586bc3750b7768a55d72d83493,bernoulli,bernoulli|conj|p=0.7|zero=allow_iid|rng=MT19937-RandomState,0.7,allow_iid,0.0009363973513245583,7.792003452777863e-05,0.0012270482257008553,0.0009840112179517746,0.9753113202750683,0.978544432669878,0.0032253768295049667,27,97,1,6,SAT_unsat_identifiable,1,boolean_factorization,exclude_x,exclude_x,0,2263,5975,0,1,0,1,0,0,0,1,1,1,0,0,0.005359036847949028
4,50,10,100,2452119728,83,conj,glucose42,MT19937-RandomState,4.743877798318863e-05,10011001011100111101011011000111011110110111110111101111111111111110011001110111111011111110101110110111011110110100110011100110100001111111101101111111100011110110101101011111111111110000011110111101011011111111001110111111111100111110011101111001101101111111000111110111101011111011001001110001100001111110111111110111011111111111101101111101100010111011111011111111101111010110110111010110100011111111011110111110011100011001111111101110110111111000100111111111111000111001011011101111111010111111,27f7ec6cfe42a4f32e5f45db45b717ec45e34850cc087e7242fbad03d534c916,bernoulli,bernoulli|conj|p=0.7|zero=allow_iid|rng=MT19937-RandomState,0.7,allow_iid,0.0009254654869437218,7.464364171028137e-05,0.001205197535455227,0.000987001694738865,1.1193826701492071,1.1225844779983163,0.003192308358848095,26,99,1,6,SAT_unsat_identifiable,1,boolean_factorization,exclude_x,exclude_x,0,2194,5765,0,1,0,1,0,0,0,1,1,1,0,0,0.00533467810600996
4,50,10,100,2452119728,84,conj,glucose42,MT19937-RandomState,5.70518895983696e-05,01111110100101110111101101101111111110111101101101011111111000101110000001011101011000111011100111100100011111101101011001110111011100101101111111111111111111111111011110101101111110000010011011011001100111110011110110010111001000001110100110011010110011010111111110111001101111101101100111111010011110011111011010011101111001111101011111110110110000111111111111011111111111110110110111111110111001110001110111111011011111111111011100101111111011111111001111111111010111101011111000110111100101010011,70c2294126d6f923d0ad8b3f6d5d248bb4fa37a0d7ca3091fc088c73c37cc4d9,bernoulli,bernoulli|conj|p=0.7|zero=allow_iid|rng=MT19937-RandomState,0.7,allow_iid,0.000990358181297779,8.31475481390953e-05,0.0012826034799218178,0.0009845402091741562,0.3155686594545841,0.31891755759716034,0.0033406494185328484,28,117,1,6,SAT_unsat_identifiable,1,boolean_factorization,exclude_x,exclude_x,0,2292,6141,0,1,0,1,0,0,0,1,1,1,0,0,0.005539241246879101
4,50,10,100,2452119728,85,conj,glucose42,MT19937-RandomState,5.117896944284439e-05,10101110110111111110101111010011111111111111111110001010011011010110001000111110110111000100010101110110101011010111010111011110111110111111111000111111001101100111111110111011001111110011011110110101111111111101111111111101110111111111111111001101001111010101110111111100011011111111011111111011011011111100110011011101010001110010011011011111001011110111100101011001011111110111111101110111110111111110111110111110011101001101111111011111100111011001111010110101001111111111010011101111100111011110,6950e935d8244c081dae2dcdd02b949ecddec4e135e76c54b26817ca4cef47ae,bernoulli,bernoulli|conj|p=0.7|zero=allow_iid|rng=MT19937-RandomState,0.7,allow_iid,0.0010035987943410873,9.109359234571457e-05,0.0013403911143541336,0.0009940415620803833,0.27946437429636717,0.28290139604359865,0.003429125063121319,29,108,1,6,SAT_unsat_identifiable,1,boolean_factorization,exclude_x,exclude_x,0,2441,6439,0,1,0,1,0,0,0,1,1,1,0,0,0.005520010367035866
4,50,10,100,2452119728,86,conj,glucose42,MT19937-RandomState,5.103927105665207e-05,10101001111111111100101000110101011111101111110111100100111010101001110010010011110111110001111110110101101110110111111100110011010111101111111101100100011110111010101111111111011011111011101101011111011110111111000101101111001111101100101111111111110011011000001111010110111010010011101110101101101011111011101110011100001100101111110111101010111101111010010001100101010111011010011110010111110110111101010111001011111011111001001001110001000101111111101111101001001101011101011111110011010111101110,7f71b4b945219b0dcaaf2d505717894f85b6cf81c069e57bc236b49c37d7d4d3,bernoulli,bernoulli|conj|p=0.7|zero=allow_iid|rng=MT19937-RandomState,0.7,allow_iid,0.0010595610365271568,8.368771523237228e-05,0.0014526620507240295,0.0009890934452414513,1.1240662811324,1.1276585580781102,0.00358500424772501,32,131,1,6,SAT_unsat_identifiable,1,boolean_factorization,exclude_x,exclude_x,0,2568,6981,0,1,0,1,0,0,0,1,1,1,0,0,0.005761106498539448
4,50,10,100,2452119728,87,conj,glucose42,MT19937-RandomState,5.0786882638931274e-05,10111010111111010101110110110101111111101111110100111111111110110111111111111111111101101110100111110100111111000110101001101111110111110010111110011011101001111111100111110001001111111101101111101111011010001100011101111011101111111111111010111011111111001110011101101011001001111111111100111100110110111101110111100111010101101010100111110101011010111111111011111110001011001111010101111110110101111010111100110111011011111001110010100110100111111110011110111101111101100100011111111110011100001000,1674a37f825752554b8a9dd982ac78b480615659ec5bae274e6b0614833a5d9f,bernoulli,bernoulli|conj|p=0.7|zero=allow_iid|rng=MT19937-RandomState,0.7,allow_iid,0.000937129370868206,7.931143045425415e-05,0.0013528307899832726,0.0009762905538082123,0.3454912267625332,0.3488439563661814,0.003345562145113945,30,111,1,6,SAT_unsat_identifiable,1,boolean_factorization,exclude_x,exclude_x,0,2560,6704,0,1,0,1,0,0,0,1,1,1,0,0,0.005476013757288456
4,50,10,100,2452119728,88,conj,glucose42,MT19937-RandomState,4.610791802406311e-05,01111101011111111110111110010011110001110100111101001111111001111111001100111111111111110111010101111111111101110100100111011111011101010111101011111001000101111001011010010101111100101111110001101111010111111110111111010011000111111111111111111011001100111100011111111000011001111111100110010111010111100000001011011011101111111111111011111011011011111010111111110011101001110011111111111001101001111010101111011011111100111110011111000001011101110010111110111101011110011001110011101101100011010111,fb9de3e8d57bac868c11287c983e06d4d511b9d4ec06e770e9a42d688f7046e5,bernoulli,bernoulli|conj|p=0.7|zero=allow_iid|rng=MT19937-RandomState,0.7,allow_iid,0.0010284222662448883,8.912384510040283e-05,0.0014712540432810783,0.0009745610877871513,1.6185945747420192,1.6221656389534473,0.003563361242413521,33,109,1,6,SAT_unsat_identifiable,1,boolean_factorization,exclude_x,exclude_x,0,2767,7334,0,1,0,1,0,0,0,1,1,1,0,0,0.005692377686500549
4,50,10,100,2452119728,89,conj,glucose42,MT19937-RandomState,4.6368688344955444e-05,11100111100011111111001111101100110111110101010111111110010111101000011111110010011001100001111111001111111011111111111111011111011111111111101111000101111011010110111011111011010010011110110111001111111101111111101110101111110111111111001011001000111100111010101111101111101111111111111011100010111111001011111111110011101111101101111011101111110110111011010001111011111111111010111110011111100100001111110010110101011011111111011111101110111000011111001011001111011101110101011111111110000111101001,ff3ea4a57a12a678d014cdfd4dda70563f85bfbd2508096b225ed87c9beb003a,bernoulli,bernoulli|conj|p=0.7|zero=allow_iid|rng=MT19937-RandomState,0.7,allow_iid,0.0009332522749900818,8.15168023109436e-05,0.0012329136952757835,0.0009880559518933296,21.082321754656732,21.085564780049026,0.0032357387244701385,27,89,1,6,SAT_unsat_identifiable,1,boolean_factorization,exclude_x,exclude_x,0,2323,6041,0,1,0,1,0,0,0,1,1,1,0,0,0.005267944186925888
4,50,10,100,2452119728,90,conj,glucose42,MT19937-RandomState,0.00010428950190544128,11111110111111111110111110110011100001110100011101101111001111011111101011011111101111111000010111111010010110111010111110111111010101111011111110011101110111101111101101101111110111010100010101011111111110101011110011110100011101111011111101111101101001100111101111111111111111101101111011111100111011110101110111011101100110011101100110111001001011011011110011001111111111111111111110011111011010111001110111001111110111001011110111111101011011011111111111011111011011011101111011111111111101101111,3e9bf766a67e7a688f3e943aeda7abb9bdd6d45d6c7790938e3f77385bdc358b,bernoulli,bernoulli|conj|p=0.7|zero=allow_iid|rng=MT19937-RandomState,0.7,allow_iid,0.0008936841040849686,8.229631930589676e-05,0.0012115640565752983,0.0009701717644929886,8.690067609772086,8.693233675323427,0.0031577162444591522,26,78,1,6,SAT_unsat_identifiable,1,boolean_factorization,exclude_x,exclude_x,0,2324,5908,0,1,0,1,0,0,0,1,1,1,0,0,0.005167398601770401
4,50,10,100,2452119728,91,conj,glucose42,MT19937-RandomState,5.146581679582596e-05,01111111111111110110011100111011111111111111100111111001111111001000010101110111101110111111111011011110111001110001101011101101111011001101011010011111111110110000101110111000110111111001010111111000011110111111101101101101111100010111111110111101011111010100110100011011101111011111101100011101111101011111110000011110011111111110110011111111110101101011101111110001100011001111111111101111101110110101101101111011111110001111011011101111101011101010010011011111111111011010010111001101011111110111,e07dfa9b7f6d1bcee2cd9e19d05bcb99a15732dfc46fc36649919db7dcad8fc8,bernoulli,bernoulli|conj|p=0.7|zero=allow_iid|rng=MT19937-RandomState,0.7,allow_iid,0.000944049097597599,7.610488682985306e-05,0.0012329760938882828,0.0009770933538675308,0.2244724240154028,0.2277109120041132,0.0032302234321832657,27,108,1,6,SAT_unsat_identifiable,1,boolean_factorization,exclude_x,exclude_x,0,2213,5920,0,1,0,1,0,0,0,1,1,1,0,0,0.00631865207105875
4,50,10,100,2452119728,92,conj,glucose42,MT19937-RandomState,4.9075111746788025e-05,10111101101001011011111101000101011101111001111011100100001001111101011011111110010100010111101011111111011111101100110111011110111111110101111101111111101001111111100111111000001110110111110101111011100111101111110110111110111111001111110111011110111110110111110010001101101100111101111110101110110111111001101111011101111011011011010010111111111111110111110010100110011111010101010111101111111101101111111111110110111011011111010111100100111110010010011111100101111100111100001011011111101011110101,8ae13bbc6d9068a93b45be260a26893292d9d2113f8f48310517dbb646b67206,bernoulli,bernoulli|conj|p=0.7|zero=allow_iid|rng=MT19937-RandomState,0.7,allow_iid,0.0009748442098498344,8.667446672916412e-05,0.0012786071747541428,0.000994594767689705,3.760127505287528,3.763472342863679,0.0033347206190228462,28,96,1,6,SAT_unsat_identifiable,1,boolean_factorization,exclude_x,exclude_x,0,2362,6218,0,1,0,1,0,0,0,1,1,1,0,0,0.005395402200520039
4,50,10,100,2452119728,93,conj,glucose42,MT19937-RandomState,5.9808604419231415e-05,00111111111011111111111101111111111111111110001000110111111111111111101101111100111101110101011101110011100001011111101100111011111100110111010011110111101011111010001111001011111011111111110111111001111111111111101111101101111101010001111010110011010110010111110111001011011101011111111101011001111110111000001111111110110111010110100110011111111011111110111111111111101101110100011110110111111010110111011010011111111111101100101101001110111110101101101111110111010111011111001111111011110010110000,d14fbe7dd1832d560ff51b82a9ab82614758f4ac01e347a90894d4551783e09f,bernoulli,bernoulli|conj|p=0.7|zero=allow_iid|rng=MT19937-RandomState,0.7,allow_iid,0.000932866707444191,8.807051926851273e-05,0.0012542158365249634,0.0010161148384213448,0.551116761751473,0.5544170839712024,0.003291267901659012,27,107,1,6,SAT_unsat_identifiable,1,boolean_factorization,exclude_x,exclude_x,0,2253,5964,0,1,0,1,0,0,0,1,1,1,0,0,0.005284260958433151
4,50,10,100,2452119728,94,conj,glucose42,MT19937-RandomState,4.589930176734924e-05,11110111110111101110111110101011011111101111111011010111111111001011010010011011000111101111011111111011100001111001111010111011111001111011010111111110111011101110011111000100111111001111111110100011000001010111100111110011111111111111110110000001111010010111111011100111111101111100011100111111000010001110010111100101110011111111011111111011110111110011101011111011101111110011101010001001101111111101100111100100101110101000111101110111001110011000111110110111101111111100110101110110101111111110,09feb2e586eb74ea868624a491c61bfe311b7a4ccb8a9723fe1b74c7ffdf425e,bernoulli,bernoulli|conj|p=0.7|zero=allow_iid|rng=MT19937-RandomState,0.7,allow_iid,0.0009668553248047829,8.152052760124207e-05,0.001308477483689785,0.0009721629321575165,0.1035996526479721,0.1069354172796011,0.0033290162682533264,29,118,1,6,SAT_unsat_identifiable,1,boolean_factorization,exclude_x,exclude_x,0,2371,6362,0,1,0,1,0,0,0,1,1,1,0,0,0.005417204461991787
4,50,10,100,2452119728,95,conj,glucose42,MT19937-RandomState,4.484783858060837e-05,10001101101011101111111111001101011001111110110100011111101111111111111100101011110111010001110100110111110101011111011010110101101011101111100010111111111111111100110101010111110111010111111011111100011001010111111101111111101101010011010111100111011101111111111100111111111111001110111111011111011111111110000101100110101101000000110101010010101011011101111011111110001111111111111110011101010111010101010011101111001110111111011001110101111111110101000111001111101011010111101101100111111000110011,7f4ff49beb3c6827db49882d35509d9b84da789988abccbfb3a94de18d0986c3,bernoulli,bernoulli|conj|p=0.7|zero=allow_iid|rng=MT19937-RandomState,0.7,allow_iid,0.0010267924517393112,7.992144674062729e-05,0.0014560706913471222,0.0009633703157305717,0.1382835963740945,0.1418167892843485,0.0035261549055576324,33,118,1,6,SAT_unsat_identifiable,1,boolean_factorization,exclude_x,exclude_x,0,2777,7345,0,1,0,1,0,0,0,1,1,1,0,0,0.005677325651049614
4,50,10,100,2452119728,96,conj,glucose42,MT19937-RandomState,4.448648542165756e-05,11110011110010100111110111101110110110011111110111011101011101011101000110001110001111010110110001111111101111111101011010111111111111001111111110111101011111110111101001001101011111101011001011111110111010111111111111101111011111111011110111110111110111111001110000111001110110011010100100010111111011000110111011011101111011010101101111110111111111101110011001100101110011000110101011101111010000001111110011110111011000110111011001010111001111110111111010111110110100011111110011110111111101111000,6d8a2f01f5f4993ef110cc8b7b13dc0d189b5402404dcd90614732f7789622c2,bernoulli,bernoulli|conj|p=0.7|zero=allow_iid|rng=MT19937-RandomState,0.7,allow_iid,0.0009345291182398796,7.504411041736603e-05,0.0013350583612918854,0.0009803315624594688,0.15086187608540058,0.15419485978782177,0.0033249631524086,30,113,1,6,SAT_unsat_identifiable,1,boolean_factorization,exclude_x,exclude_x,0,2500,6638,0,1,0,1,0,0,0,1,1,1,0,0,0.005497939884662628
4,50,10,100,2452119728,97,conj,glucose42,MT19937-RandomState,4.759710282087326e-05,11110011000111111011011111110111111001111101111111100010100101110001111100101011111101111111110101111101111101111111000110111111110100111010010010101011110011011011001111001101011100110110001101010111110111101001100011111011111111010001111011100010111101111111111101011111111011010001110101101111101011111010111100111111011101101111110111111111110011010001101100010101111011001001101110101100000011110111111111111111001110001101010111110111110011111111010101011111011111111001111100110101111111100110,3f8ea77cad88e2490342f16ce8c3b78ce6946d4a6e682cd94a5bc205a5ad20b7,bernoulli,bernoulli|conj|p=0.7|zero=allow_iid|rng=MT19937-RandomState,0.7,allow_iid,0.0008005127310752869,7.12396577000618e-05,0.0011109551414847374,0.0009665787220001221,0.06064513884484768,0.06360157299786806,0.002949286252260208,24,111,1,6,SAT_unsat_identifiable,1,boolean_factorization,exclude_x,exclude_x,0,1936,5213,0,1,0,1,0,0,0,1,1,1,0,0,0.005105749703943729
4,50,10,100,2452119728,98,conj,glucose42,MT19937-RandomState,4.720780998468399e-05,10000110101001100011101110110111111001001111111011111110011000001100111010111111010110111010010111100000111111011110001001111111001111001001111101010011111011111111011101110010100111011110011110011111011011000111101001100110011111101001011110111000001111011101001110110000011111111101111110001011110011111100111111010110001110111110110101111110110111110011111110011111111111111111101001111011100110110011001101010111111011011100111001010110110111011111011111110011110111111111111111110010111111011010,47937479ec2d61fb0d18c25201724456c866a45a0758b81aaebb81325ddfe143,bernoulli,bernoulli|conj|p=0.7|zero=allow_iid|rng=MT19937-RandomState,0.7,allow_iid,0.0010292697697877884,7.692165672779083e-05,0.0013391254469752312,0.000974913127720356,0.41962432116270065,0.42305272817611694,0.0034202300012111664,30,122,1,6,SAT_unsat_identifiable,1,boolean_factorization,exclude_x,exclude_x,0,2440,6572,0,1,0,1,0,0,0,1,1,1,0,0,0.005562020465731621
4,50,10,100,2452119728,99,conj,glucose42,MT19937-RandomState,4.9483031034469604e-05,11111111111111110000111011110101111000111010111101100101111100100111111011111001111011111111110011101110110110100111111101011110111111100110111001101110001101011101110011011011011011101111111011111011011110111110010001011110111011111110001111111101010101101111111111011111111111110111010110100111111110101010110010111111110011100111010111110111011010111111101111110110111110111100000010011000111111011010111100101011010110011101001110111101110101101111111101111101111111111010101001011111110111101110,8ee9cd1bb6fbd353e6c3dbba2c0c18653d846973dab66554bda859264a5d0dd3,bernoulli,bernoulli|conj|p=0.7|zero=allow_iid|rng=MT19937-RandomState,0.7,allow_iid,0.000935661606490612,8.467026054859161e-05,0.0013130689039826393,0.0009763920679688454,1.863294712267816,1.866613881662488,0.0033097928389906883,29,101,1,6,SAT_unsat_identifiable,1,boolean_factorization,exclude_x,exclude_x,0,2461,6461,0,1,0,1,0,0,0,1,1,1,0,0,0.005508337169885635
