schema_version,J,K,N,seed,sim,operator,solver_name,rng_engine,generation_time,q_bitstring,q_sha256,design,design_id,p,zero_row_policy,basis_time,identity_check_time,two_col_check_time,three_col_check_time,sat_time,algorithm_time,preprocess_time,J_basis,M_basis,identifiable,branch,branch_label,sat_called,sat_formulation,sat_cardinality_encoding,cardinality_encoding_requested,maximal_candidate_requested,sat_variables,sat_clauses,identity_original,not_complete_original,has_pure_node_original,no_pure_nodes_original,has_zero_row_original,two_col_violation_original,three_col_violation_original,two_column_pass_original,both_necessary_checks_pass_original,I_3c,identity_basis,two_col_violation_basis,diagnostics_time
4,50,10,100,3991971823,0,conj,glucose42,MT19937-RandomState,0.0001648925244808197,10110010111110100011111110111101111011101011001010111110111111100111101011111111001011111111101110110001110111111011011001101010101100101100011100111111000111101110011101001000110110110010100011111111111001101100111011010010110111101111111111111111110110110111111101010101100011001111101111111101001110111111111110010011110011011111001000101111100010111111111011101000111111011110111111100110011111111111001101111010101110110110111101111111011111111111101100100100111101010111110111111111100110011101,95fc0bd7b83f2ca10ddead414a16ae01d43d3a9754ad24e20c2bf65c69a3eb38,bernoulli,bernoulli|conj|p=0.7|zero=allow_iid|rng=MT19937-RandomState,0.7,allow_iid,0.0009900713339447975,0.00012512598186731339,0.0014353357255458832,0.0011342428624629974,0.8266079165041447,0.8303026352077723,0.0036847759038209915,31,95,1,6,SAT_unsat_identifiable,1,boolean_factorization,exclude_x,exclude_x,0,2619,6903,0,1,0,1,0,0,0,1,1,1,0,0,0.00553662795573473
4,50,10,100,3991971823,1,conj,glucose42,MT19937-RandomState,5.11733815073967e-05,11111111111011011111010100011111001010101110111011110101011110111100001010011011111011011100111101011010110111001111110011110100010110110110110101011011111101111111110111111110111010110011110111111111111111101111010110100111111001110110110110110101111111111110111111100111111111101001101111101011111111111011111111110110111011101101111111001111001111111101110111100111111000010010001011011111111111110100101110101111011101110111011011111010100100100110101111100111100111010110111111111101101101110101,a88138cdfa909c773caafe0030eaf0bac8cbd8a2d0ec4101ff686985d5c43379,bernoulli,bernoulli|conj|p=0.7|zero=allow_iid|rng=MT19937-RandomState,0.7,allow_iid,0.0009549735113978386,7.47954472899437e-05,0.0012399079278111458,0.0010090824216604233,2.7032878268510103,2.7065764172002673,0.0032787593081593513,27,98,1,6,SAT_unsat_identifiable,1,boolean_factorization,exclude_x,exclude_x,0,2293,6008,0,1,0,1,0,0,0,1,1,1,0,0,0.005358854308724403
4,50,10,100,3991971823,2,conj,glucose42,MT19937-RandomState,5.2638351917266846e-05,11101011110110111111000001011111111111011111010110111001011111111100101110011111111100011111011010101111011011101110110011101101010111001111111010101101010011011101011111111111011110111011010111111100110010011011000010001100011110001101111111111010011111010111111101001110111111011111110110111111101101110001111110111100011110111111101111101011111101110011001101111111110111111111010011101111101110111011111101111000011101110111101111101000011101111110010101110111111101011000011111110010111111111010,0c2f808b25ae686c7ead9baeee483a53b2f908dcd2c9806591b20a73943595ca,bernoulli,bernoulli|conj|p=0.7|zero=allow_iid|rng=MT19937-RandomState,0.7,allow_iid,0.0009877122938632965,7.647648453712463e-05,0.0012442255392670631,0.0010272478684782982,0.7499023200944066,0.7532467478886247,0.0033356621861457825,28,88,1,6,SAT_unsat_identifiable,1,boolean_factorization,exclude_x,exclude_x,0,2392,6251,0,1,0,1,0,0,0,1,1,1,0,0,0.0053250836208462715
4,50,10,100,3991971823,3,conj,glucose42,MT19937-RandomState,5.270075052976608e-05,11111110111110111001110111011011011110011011011111111110100111101100111111010101101111101111011111011101111111110110110010111010111111101110100100111011111101011011110101001110111101111111111011010001011111011110001111110011110100111100001101110111110011111001011111101110011011111110111100001111101101111001111011010010101111111111110011001001110101111110101000100100110011111111111011111111101100101110111101011011111011101110111001111100011111100101011111110111011111111000101011010111110111101110,ce2c3390fd2491b2a2d1a7cfdc86cd1f80905a85aa23e5e5fe5299c315620421,bernoulli,bernoulli|conj|p=0.7|zero=allow_iid|rng=MT19937-RandomState,0.7,allow_iid,0.0009805569425225258,8.560344576835632e-05,0.0013987179845571518,0.0010340102016925812,1.7824265034869313,1.7859351318329573,0.003498888574540615,31,102,1,6,SAT_unsat_identifiable,1,boolean_factorization,exclude_x,exclude_x,0,2689,6980,0,1,0,1,0,0,0,1,1,1,0,0,0.005527210421860218
4,50,10,100,3991971823,4,conj,glucose42,MT19937-RandomState,5.173496901988983e-05,00011111111101100111010001111111011111101110011010111111011010101011111111110111101011110001101011111110110001111111100011110111011111101111101111011110011011111110111111101011111111111011111111111101111111111100111011011011011111110101111111010110111110101011100111011100001001000011111010111101100111111111011111111101100011110110111101110110010111111100110001011111001000111001111111111001011111010110001010111000110111011101100111111111111101100001111001111100011010111111011011101111111001111111,e784d29e08a3ffc1aff9be9aa5d3bcf9b1ad75d55437780884ae6de799a21deb,bernoulli,bernoulli|conj|p=0.7|zero=allow_iid|rng=MT19937-RandomState,0.7,allow_iid,0.0009661130607128143,0.00011023133993148804,0.0013211099430918694,0.0010156314820051193,1.1398417362943292,1.1432638205587864,0.003413085825741291,30,99,1,6,SAT_unsat_identifiable,1,boolean_factorization,exclude_x,exclude_x,0,2580,6726,0,1,0,1,0,0,0,1,1,1,0,0,0.005498809739947319
4,50,10,100,3991971823,5,conj,glucose42,MT19937-RandomState,5.5276788771152496e-05,11011111111010000110111011111100110101001111111101111010110110111001101001011110101011111010100011110101011011111011111110010111111100110001111110100111101110100011111110101111011110111111011111110110111001111011111110101010101110111111110110111011111111011011101110111111101111011110001100111100111111011001001101111110001110101011001001111011011010110110111111110110010111111110111101110110110111100011011001101111110010000101100110111011011000000111101111110111001111111011011001110001110011111101,c72f40c4fe4d39d450ea8349a39d207bd0e50c63d5932e660eff8caccd11b7c4,bernoulli,bernoulli|conj|p=0.7|zero=allow_iid|rng=MT19937-RandomState,0.7,allow_iid,0.0009961305186152458,7.733236998319626e-05,0.0013432884588837624,0.0010081231594085693,0.2064398666843772,0.2098741065710783,0.0034248745068907738,30,115,1,6,SAT_unsat_identifiable,1,boolean_factorization,exclude_x,exclude_x,0,2490,6627,0,1,0,1,0,0,0,1,1,1,0,0,0.005517478100955486
4,50,10,100,3991971823,6,conj,glucose42,MT19937-RandomState,5.517899990081787e-05,10011101110110101111010010101110111111111001111111111100011011111111111001110110111100111001011111110101000011011111010111111011111110001111110101100110111111101100011111011111001110011010011111011110100111100101111111110110100111111111110011111101111111001101101010010101111101110100111011101111111011110011111111111011101110111111111110110110010100111101111111111110111111101110111110110101111111101110111111101101011110101101111111111000110110110111011110111000110011000001111011010111001011111110,0d55299e44e8afd2137ee6d997f35eb4314e8df057c906cd01958efc95e5ad2b,bernoulli,bernoulli|conj|p=0.7|zero=allow_iid|rng=MT19937-RandomState,0.7,allow_iid,0.0009550591930747032,7.543060928583145e-05,0.0012294873595237732,0.0010162796825170517,0.18866497837007046,0.1919502131640911,0.0032762568444013596,27,98,1,6,SAT_unsat_identifiable,1,boolean_factorization,exclude_x,exclude_x,0,2303,6019,0,1,0,1,0,0,0,1,1,1,0,0,0.0053802067413926125
4,50,10,100,3991971823,7,conj,glucose42,MT19937-RandomState,5.354359745979309e-05,01011101110110011101111111111111100100011011101111010101111011011110111101010111110010101111001111110110101111101110100100111110000011011010011110111010111010001111001110111111011011110111110011011101101010110101101011011011101111100010110101110111001011111111011111111101011000111011101111111111110101111001101100001111011101011110111110111011010000101011011011111011011101111111111110111101110010111111011100110011100011111111010111100100110110100101110011111001011111001010111101111101111110110101,6850cbc2aec005ec56d01156ee6b9c9b89d2e8b42b0554f53bd3427d0294e997,bernoulli,bernoulli|conj|p=0.7|zero=allow_iid|rng=MT19937-RandomState,0.7,allow_iid,0.0010495316237211227,8.619483560323715e-05,0.001378251239657402,0.0010286672040820122,0.8605927359312773,0.8641460360959172,0.003542644903063774,31,121,1,6,SAT_unsat_identifiable,1,boolean_factorization,exclude_x,exclude_x,0,2529,6804,0,1,0,1,0,0,0,1,1,1,0,0,0.0056166090071201324
4,50,10,100,3991971823,8,conj,glucose42,MT19937-RandomState,6.117112934589386e-05,10111100111101110000010100011100001101100101100111101101100111110111011101000101111111110111111110010111100101000110110100011111111111111111100101110110011111001111000110111100101111010110101111011100111111101101101101010111010011011100110001111111011111011111110011010100110111010011100111001011111101011101110100111001100111011010011111111111010011011111111100110111111111111111111010100111010101111100011101111111101111011110101100101101111110111101011010110011000101110110111101011011001101110111,92ab155e56fe0906416f1ad0f9a56bd91dabd4547bdf529bc55cf5098e8f2f28,bernoulli,bernoulli|conj|p=0.7|zero=allow_iid|rng=MT19937-RandomState,0.7,allow_iid,0.0010920707136392593,8.843746036291122e-05,0.0014678705483675003,0.0010395348072052002,0.24295794032514095,0.24665350001305342,0.003687913529574871,33,127,1,6,SAT_unsat_identifiable,1,boolean_factorization,exclude_x,exclude_x,0,2667,7224,0,1,0,1,0,0,0,1,1,1,0,0,0.005733024328947067
4,50,10,100,3991971823,9,conj,glucose42,MT19937-RandomState,5.041435360908508e-05,11101100111110110000111111101110110010111111101111100110111100101111100011111111111110111010111001100111011110011111011110100111111100110101111111111011101111110011101111011110110111111110100111110111111111111010100001010011110101100111111110111110101100101111010010110101010101110111110110111001110110101001111011110000010111101100011011111010111101011111110111010111001111111111111111011010001011101100000101111111110011111100111011011100101110111110111101110110100011001111001111101001111100011111,450b7a7eae67452e2a37ad1e35c8fa8fae8359b0663dedfb31909567df91e853,bernoulli,bernoulli|conj|p=0.7|zero=allow_iid|rng=MT19937-RandomState,0.7,allow_iid,0.0010876748710870743,8.368957787752151e-05,0.0013327635824680328,0.0010365946218371391,5.061467899940908,5.065015893429518,0.0035407226532697678,30,108,1,6,SAT_unsat_identifiable,1,boolean_factorization,exclude_x,exclude_x,0,2520,6660,0,1,0,1,0,0,0,1,1,1,0,0,0.005472184158861637
4,50,10,100,3991971823,10,conj,glucose42,MT19937-RandomState,9.163655340671539e-05,11110111000010010011110111101010110111111111110111111100100111110101111101000111111001000111101001001111100110111111110111001111001010011100011110111111011111101011110111100111000111110101101000011111010001110111110111010011010101011101111010111101110110111011111010110110101111010000001110111111101010011101110111101111010101101110111110110011011111010001111111100111110011000001111111010100001011111111111111001100010101111111100111101101000111111100011110111010101110010010011110100111011101111111,dd68d210779244e82326b9d6d0c049bc61292ea70e4c3abdf9391ffa52c8e057,bernoulli,bernoulli|conj|p=0.7|zero=allow_iid|rng=MT19937-RandomState,0.7,allow_iid,0.0010878220200538635,8.989591151475906e-05,0.0014207353815436363,0.0010189218446612358,0.03608359768986702,0.03970921132713556,0.0036173751577734947,32,133,1,6,SAT_unsat_identifiable,1,boolean_factorization,exclude_x,exclude_x,0,2588,7003,0,1,0,1,0,0,0,1,1,1,0,0,0.005701521411538124
4,50,10,100,3991971823,11,conj,glucose42,MT19937-RandomState,5.069095641374588e-05,10001111101010000001111001101000110111101101110010111111101110111100111111101011001101111110111101101110110011110111110110110011111111010111100001111101001111100011111011001010110011010011111010111110011111011101010110111101111101001111111110101101101111111111100111111110100110111010101010110101101111100101111111010110010111101010001100111111110100111011111101100100111111110010011110010000110001111111101100111011110111011010101110011101011111011111110111111110101110111111111011100101111011111101,d3a0d226589fc7e67ab21d1826ca5b6cac4d1518912a75beb16f85bfda7d90e1,bernoulli,bernoulli|conj|p=0.7|zero=allow_iid|rng=MT19937-RandomState,0.7,allow_iid,0.0010629510506987572,0.00010816100984811783,0.0014820760115981102,0.0010709036141633987,0.5368900038301945,0.5406217696145177,0.003724091686308384,34,114,1,6,SAT_unsat_identifiable,1,boolean_factorization,exclude_x,exclude_x,0,2876,7588,0,1,0,1,0,0,0,1,1,1,0,0,0.0057562170550227165
4,50,10,100,3991971823,12,conj,glucose42,MT19937-RandomState,5.331076681613922e-05,10101101111111111101011110010000111110111110111001110000011111000111101101111111011010011101110111101101101001111101011111110010010011111101011011011111011110111011001011110101011111111101011001101010111111001101110110111111101011111011110110001110111001111111010111111001101111011011110111010111110111100100111111101110111010110010111010000000111111011101001011011110011001001011110010010001111010110111101111001101100111111111110101000000111111111101110110101011010101000111110111101110001110111110,3d4892a1819b08da24e319ba84f71e53b99cff2df076fe371f5d63606e9becc6,bernoulli,bernoulli|conj|p=0.7|zero=allow_iid|rng=MT19937-RandomState,0.7,allow_iid,0.0010815346613526344,9.472854435443878e-05,0.0014406144618988037,0.001012609340250492,2.0220237988978624,2.025661241263151,0.003629487007856369,33,128,1,6,SAT_unsat_identifiable,1,boolean_factorization,exclude_x,exclude_x,0,2697,7257,0,1,0,1,0,0,0,1,1,1,0,0,0.005729290656745434
4,50,10,100,3991971823,13,conj,glucose42,MT19937-RandomState,5.086977034807205e-05,01101101111110011101100111101111111110101111111010111011100001111111101110100101111110010110110011101111111100111011001111110111011111110110101111111111010111101110110111101111011011011111001111011011001100011111011111101100111100111100110011101011111111110001111011111111001010110110111111001111000101111011111111101110010111111100110101011000111110101111010111111111101000011001111110111011111110101110111001111101100101111001010011111011000010101101101110111101011000111011111101111111011101011111,daa7a82153273ec2a0fa20177b4ac1f8a6ad8219b31925967d4ecb096e003429,bernoulli,bernoulli|conj|p=0.7|zero=allow_iid|rng=MT19937-RandomState,0.7,allow_iid,0.000965493731200695,7.972586899995804e-05,0.001370568759739399,0.001010817475616932,0.3002466969192028,0.3036813074722886,0.003426605835556984,31,97,1,6,SAT_unsat_identifiable,1,boolean_factorization,exclude_x,exclude_x,0,2709,7002,0,1,0,1,0,0,0,1,1,1,0,0,0.005455896258354187
4,50,10,100,3991971823,14,conj,glucose42,MT19937-RandomState,4.837941378355026e-05,11011110010111001101011111110010111111111011110111111101011111111001110111101110011110100111111111110110001011110100101010101100010110101110111111111111110011110111001011100111111111111111110111011011100110111111011110011011110101001111101110001010110001001110111110001111000100001111100110011100101111101110110011010101001101111111011000011111001110101110111111110011101110111111111001111111110101101011110111001101111111111111111111111101010101110011111110100111111110100111011011111010011111100101,3abe55a536035cd9eaea06a7c7dcc7293ca61e7bacc3605f3da6f4e0cbe0995c,bernoulli,bernoulli|conj|p=0.7|zero=allow_iid|rng=MT19937-RandomState,0.7,allow_iid,0.0008082594722509384,7.215701043605804e-05,0.0011762036010622978,0.0010111704468727112,0.4340904848650098,0.4371661925688386,0.0030677905306220055,26,96,1,6,SAT_unsat_identifiable,1,boolean_factorization,exclude_x,exclude_x,0,2184,5754,0,1,0,1,0,0,0,1,1,1,0,0,0.005195450969040394
4,50,10,100,3991971823,15,conj,glucose42,MT19937-RandomState,4.819408059120178e-05,00011110110110110111110000011110001010100111011111111000011110111111001111010011011111100011111011111100111110010111010111001101111111101001110111111110110001011111110110111011101111101110110111101101101011011111011001110011101000111011010010111110111111111111011011111111111110011111111110101110011011111111011100111111101111111111101101110101001111011011101111100111111011111101111111001101011111110101110000011011001110111111111111111101100001111011011010101110110110011110111111111110101101111100,01ccfdd898c3bdffb6d17f8ee14268e80224716df5df8989d030177e10e1f689,bernoulli,bernoulli|conj|p=0.7|zero=allow_iid|rng=MT19937-RandomState,0.7,allow_iid,0.0009750621393322945,7.263105362653732e-05,0.0012241853401064873,0.001036645844578743,0.6142907766625285,0.6176070347428322,0.003308524377644062,27,94,1,6,SAT_unsat_identifiable,1,boolean_factorization,exclude_x,exclude_x,0,2283,5997,0,1,0,1,0,0,0,1,1,1,0,0,0.005289329215884209
4,50,10,100,3991971823,16,conj,glucose42,MT19937-RandomState,5.110912024974823e-05,11011101000001001111010111111010111110010010110001101101111010110110100111101010100001101111111011100111110111101011111011111111111111111111111011011111011101111110111011001110000011111101111111001100111101011111111111111110011111010111111111100001010011010011001010100111010111111010101101111111111110111111010101011101001111010110011111010011110001101100011010111100101111011111011001110111111010111111101011100111111011001111111111100111110111111101100111101000111111101111101010100110010011001111,2857f7000126d96ccfb4e541a2a978cf35abd7cf71a402d6f31f32a38948e6c1,bernoulli,bernoulli|conj|p=0.7|zero=allow_iid|rng=MT19937-RandomState,0.7,allow_iid,0.0010092416778206825,8.40499997138977e-05,0.0013594813644886017,0.0010318811982870102,0.12677381746470928,0.1302675874903798,0.003484654240310192,31,115,1,6,SAT_unsat_identifiable,1,boolean_factorization,exclude_x,exclude_x,0,2589,6870,0,1,0,1,0,0,0,1,1,1,0,0,0.005557882599532604
4,50,10,100,3991971823,17,conj,glucose42,MT19937-RandomState,4.83514741063118e-05,10000111111101011010111111111101111111111111101111111001011111111010110111001110010111110010111111101010111110111011001001101110101011110001111101101101001000001111101111100111011111011111110110111110011101111011100110101111011100111011001111101111001010111011101011100110011101111101011111101110111101111010101010111001111001111011101110111110101101011110101111111000001011101111111010111001111011111111101111101111011111010000011111100111111011111111100110011101101011100010101111110111011010101111,fb63803b3e953ca0271a448f5a88614ad5b588ba8aa67ff0626fec0187a9ae37,bernoulli,bernoulli|conj|p=0.7|zero=allow_iid|rng=MT19937-RandomState,0.7,allow_iid,0.0009576566517353058,8.450262248516083e-05,0.001368044875562191,0.0010399343445897102,0.4486879678443074,0.45214575435966253,0.003450138494372368,31,93,1,6,SAT_unsat_identifiable,1,boolean_factorization,exclude_x,exclude_x,0,2659,6947,0,1,0,1,0,0,0,1,1,1,0,0,0.005457699298858643
4,50,10,100,3991971823,18,conj,glucose42,MT19937-RandomState,5.034636706113815e-05,11111111101111010101111101110110101001011011010001011111111110111101111001110101111111000101011110110111100011111111110100011101101111111011111110111111011101000011011111000111111111011111111011010111011111101011111111100101111101111010110111101101100001111101011000111111011111111110011011001110011110111111111111110101001011001101011111000110001010111110111111001001110110011111010011111011101101011111000101011111010101011001111111101001011011110111101111001101110110011111011111111110101111011100,130f22e25f425303271181117649a0c8585c8ce0ddbb519c3dc5b7801a098b67,bernoulli,bernoulli|conj|p=0.7|zero=allow_iid|rng=MT19937-RandomState,0.7,allow_iid,0.0010221824049949646,8.563976734876633e-05,0.0014075329527258873,0.001068255864083767,1.648689609952271,1.6522801453247666,0.003583610989153385,32,103,1,6,SAT_unsat_identifiable,1,boolean_factorization,exclude_x,exclude_x,0,2738,7168,0,1,0,1,0,0,0,1,1,1,0,0,0.005591819062829018
4,50,10,100,3991971823,19,conj,glucose42,MT19937-RandomState,5.499832332134247e-05,11111111111111101100011101111011111110111011110111110110111111011100100110011111110110110101001111010110001111100111110010011011011000111110011110111011111110111111001000011010011011111110010101111110111111011111111011001111111010100011100101000111111000101010001111111000111111011101111100110100110011001101011100101011111100011110111100111111100111001010000010111101101101111010111111100001011000110110101111011101101011101110011100110101111101111100111000110111111001011011111111010101111000111100,5c399162899766d9773ae0bbcea385d5bb70c97623121a57d97b9050f06f434f,bernoulli,bernoulli|conj|p=0.7|zero=allow_iid|rng=MT19937-RandomState,0.7,allow_iid,0.0010201241821050644,8.65282490849495e-05,0.001345003955066204,0.001013769768178463,0.5024305805563927,0.5059041976928711,0.003465426154434681,30,121,1,6,SAT_unsat_identifiable,1,boolean_factorization,exclude_x,exclude_x,0,2460,6594,0,1,0,1,0,0,0,1,1,1,0,0,0.005587248131632805
4,50,10,100,3991971823,20,conj,glucose42,MT19937-RandomState,9.990204125642776e-05,11110011101110111101000010110111111111111010011101111011011010011111011011111111101110100101101111101100110000100111100101100011111111011101010111011011111110110101101110011111110111011101001111101010101101110000111111110111001110011111111010110111101111100111101011110011111111111111101111011111110110011101110010001100111101111111110011111101110111100111111100111110111111001011110111000111111110101111000001101111011111111110011011111111111101111001111010001011111111111001011111111011110100111011,f504761e8b1a625434d29676c461c0d18d079e26b0d5d802c743acd475f88cc7,bernoulli,bernoulli|conj|p=0.7|zero=allow_iid|rng=MT19937-RandomState,0.7,allow_iid,0.001007676124572754,8.943211287260056e-05,0.0013286778703331947,0.0010124966502189636,0.23853618185967207,0.24198229797184467,0.003438282757997513,29,98,1,6,SAT_unsat_identifiable,1,boolean_factorization,exclude_x,exclude_x,0,2451,6450,0,1,0,1,0,0,0,1,1,1,0,0,0.005417948588728905
4,50,10,100,3991971823,21,conj,glucose42,MT19937-RandomState,5.012005567550659e-05,01100101110100001000001101111111010010110111101111111011010101011110101111111010110111101111100111111011010011001111111111111110011110000101110101110101011111101110011010010011111111111101110100011111011101111111010101101010011010101101011011011110111111110010111011111011101011111010001101110111001011111110111101111101111111001111110111011010001111001111110111111001111101110110111110111011100110101011101111010111111010111111110011111110101001111100011111111110011110100110100101011101110111111110,bc527052520e956a52a0b7dda69839c0e851a84aa8eeee09c7c5a3cdf7789675,bernoulli,bernoulli|conj|p=0.7|zero=allow_iid|rng=MT19937-RandomState,0.7,allow_iid,0.001003357581794262,7.83819705247879e-05,0.0013722190633416176,0.0010117534548044205,27.42480811290443,27.42828241828829,0.003465712070465088,31,89,1,6,SAT_unsat_identifiable,1,boolean_factorization,exclude_x,exclude_x,0,2699,6991,0,1,0,1,0,0,0,1,1,1,0,0,0.005449334159493446
4,50,10,100,3991971823,22,conj,glucose42,MT19937-RandomState,4.8492103815078735e-05,11110010110111101101011110111111111111010110111100110101111111011110101100011111011011010011100001111000101110111111110111111111111111011111101011100010001011111111110000001100111100011101010111010101111101001111111011010111111000111110111110110100100110001111101011101111101011111010011100101101111111111111111011110110001110101001110111110010001111111011111111111111100110111010111111110111111101111111111101111110101101111110100100101101110111100100001010110111101010100110011101101111111011010000,65ed09afbbc272ab0941ec1d75cc1a0bb8e492d891276ffc93b1d81643ea3b9d,bernoulli,bernoulli|conj|p=0.7|zero=allow_iid|rng=MT19937-RandomState,0.7,allow_iid,0.0010272515937685966,8.005276322364807e-05,0.0013536950573325157,0.0010184356942772865,0.13656378351151943,0.14005137886852026,0.003479435108602047,30,120,1,6,SAT_unsat_identifiable,1,boolean_factorization,exclude_x,exclude_x,0,2450,6583,0,1,0,1,0,0,0,1,1,1,0,0,0.005577779375016689
4,50,10,100,3991971823,23,conj,glucose42,MT19937-RandomState,4.889443516731262e-05,00111011111100011011110111111111011111010010111001111011011101111100010110010111101011111111011111000011111101011011100001111111011110111011111001111100111110101100111101111111011010110111110110100001101101011011011101010111111111011011111111000111101110100001011010111110110010011011111100101111111111111101110001011101111111101110101110110110111011111111101111100100111101111111110101111011010011111101101111111111011111110111110011110101111000110101111111111011111111001100111010100111101111101111,8d85fc1ddc1222fde1e0b5d17b01bc5d14a97491cb42f9d6195aafcb815d7545,bernoulli,bernoulli|conj|p=0.7|zero=allow_iid|rng=MT19937-RandomState,0.7,allow_iid,0.0009378185495734215,7.519405335187912e-05,0.001281864009797573,0.0010089213028550148,0.813237814232707,0.8165485933423042,0.0033037979155778885,29,99,1,6,SAT_unsat_identifiable,1,boolean_factorization,exclude_x,exclude_x,0,2451,6450,0,1,0,1,0,0,0,1,1,1,0,0,0.005374054424464703
4,50,10,100,3991971823,24,conj,glucose42,MT19937-RandomState,5.022995173931122e-05,11101100001111101101101111111101010010111010111011111110111101101100101000111111110000111000110111110110010110111101101110001001111011110100111111111110110110111111111101100111111100101111110110010111001110011111101101110011111101101111010110111111111110110110110111101111111011110111101111010111010111111110110011110111101110101010011001011111111111111111011011010001111011111011000111101010001111111111101110111100010111011101111110110111101011110111110110110110011111010101111111010111100111111110,0e1452afcc2851a78b89500d30523a03260ffe90d932ef37abc7341ac080e756,bernoulli,bernoulli|conj|p=0.7|zero=allow_iid|rng=MT19937-RandomState,0.7,allow_iid,0.0009572757408022881,7.64559954404831e-05,0.0012610768899321556,0.0010298797860741615,4.481447699479759,4.484780739061534,0.0033246884122490883,28,95,1,6,SAT_unsat_identifiable,1,boolean_factorization,exclude_x,exclude_x,0,2382,6240,0,1,0,1,0,0,0,1,1,1,0,0,0.005279711447656155
4,50,10,100,3991971823,25,conj,glucose42,MT19937-RandomState,5.133822560310364e-05,00101111111111110111110111000110111110110010110101101011010110110011110111111100011101110101111011010110001111010101111100111100101101111011001111001011101101011111010110101111101111111111100001111010010111110110011010011111101111101111110010010110110011001010111010100001111110001101101010101010110100000011110010011011111100110010111111101111101011011111010111110001011100111110100010111011101101101011110111101001111111011100111111110110010011011100110000001110101101111111011101011010111111111111,edfa980bbd0d911179141a9c0243f0a77240f6b9eeb1ec9d668aae5842998604,bernoulli,bernoulli|conj|p=0.7|zero=allow_iid|rng=MT19937-RandomState,0.7,allow_iid,0.00109920185059309,9.202864021062851e-05,0.001508793793618679,0.00103685911744833,0.06722658686339855,0.07097205240279436,0.0037368834018707275,35,135,1,6,SAT_unsat_identifiable,1,boolean_factorization,exclude_x,exclude_x,0,2855,7699,0,1,0,1,0,0,0,1,1,1,0,0,0.005858361721038818
4,50,10,100,3991971823,26,conj,glucose42,MT19937-RandomState,4.935264587402344e-05,10000110110010011111011011010010111011110101111111111111101010111100000100111010111011111111001010111010111010011111111011111111111101010000111011010001111111111111101000110001111110101110101101101111101011110000110001011110110011111011111001011011011111101011111100001011111101110111001111101110111001001000101011100100111001111111000110001001011111100101101011111010111101110111110011001011011101010111111011011011111111011111111101011111101101101101101111010100111111111011111101111110111100000111,5785c43536178b7827c781c50a946b7747d3afc86f30a7d9c909b4401aaa9371,bernoulli,bernoulli|conj|p=0.7|zero=allow_iid|rng=MT19937-RandomState,0.7,allow_iid,0.0010156510397791862,8.56136903166771e-05,0.0013369247317314148,0.0010576201602816582,0.5060157803818583,0.5095186736434698,0.0034958096221089363,30,122,1,6,SAT_unsat_identifiable,1,boolean_factorization,exclude_x,exclude_x,0,2410,6539,0,1,0,1,0,0,0,1,1,1,0,0,0.0056812455877661705
4,50,10,100,3991971823,27,conj,glucose42,MT19937-RandomState,5.7345256209373474e-05,11011011011000111111011101101110011100110111111101111111011101111000001100011111011010111111110111100011101111010100111111110101110111111011111011111011111001111111101110100011111001111110100111001111111001011111111111111111011111101111111101111110111011111111111111111110111101010010111111100111001011001101101111111111000100110000111111111100101111010010111111011111101110110011111111101111111100111111111001100110111111111111010010111111111111100111011100111010100111011111010110110111110101111001,3cd303b5127958b5c0bd101371d3b99aa5e67118877cb90e50fb681388fd5e69,bernoulli,bernoulli|conj|p=0.7|zero=allow_iid|rng=MT19937-RandomState,0.7,allow_iid,0.001028573140501976,8.432473987340927e-05,0.0014074444770812988,0.001029709354043007,4.89965405408293,4.903212455101311,0.003550051711499691,32,81,1,6,SAT_unsat_identifiable,1,boolean_factorization,exclude_x,exclude_x,0,2848,7289,0,1,0,1,0,0,0,1,1,1,0,0,0.005472931079566479
4,50,10,100,3991971823,28,conj,glucose42,MT19937-RandomState,5.171261727809906e-05,10011111100110101110111111111101111101100001111111111001110011011101110010101111011110110011111110100010111101111010011100110110101111001110001111110100011111011010011011111011101111101111011010110001000111011111110111111001010011011100111110001001000111110111101111111101110100111111111111100110111001011101001010001101100111111110100011111110000111101000011100101111101111001011100011111100111111101110010011110100011010100001011101101111001111001011101010011101101011111110111101111111111110110111,3a5e2f84266af5f7a8500202358d0820c91e83af2469ab9ce9b572bb59540094,bernoulli,bernoulli|conj|p=0.7|zero=allow_iid|rng=MT19937-RandomState,0.7,allow_iid,0.0010424265637993813,8.110795170068741e-05,0.00141068734228611,0.0010093580931425095,1.8469112971797585,1.8504637638106942,0.003543579950928688,31,133,1,6,SAT_unsat_identifiable,1,boolean_factorization,exclude_x,exclude_x,0,2499,6771,0,1,0,1,0,0,0,1,1,1,0,0,0.005649619735777378
4,50,10,100,3991971823,29,conj,glucose42,MT19937-RandomState,5.0955452024936676e-05,10011111110111110011110111011011100111111101010110011110010011110011001101110111111001100110110010111111011001100111111101111111111101011101110111011101011010110101111101111001010111111111111010010110011101000111100011111111010010001001101110011111010111111110111111100010110101001111110111101111011110011111011111111011110101111011101100001100111111011000111101110110110101110111100111110011110011110011101001011111111101011111111111011011011100000111111101111111110101101011111111111011011011001101,d95c122ce83cfe57bde225b6836ae01fe0fd34817e11d70c631aa2f467fc1255,bernoulli,bernoulli|conj|p=0.7|zero=allow_iid|rng=MT19937-RandomState,0.7,allow_iid,0.0010006539523601532,9.245611727237701e-05,0.0014061322435736656,0.0010116593912243843,0.8188522215932608,0.8223700877279043,0.00351090170443058,32,111,1,6,SAT_unsat_identifiable,1,boolean_factorization,exclude_x,exclude_x,0,2728,7157,0,1,0,1,0,0,0,1,1,1,0,0,0.005634860135614872
4,50,10,100,3991971823,30,conj,glucose42,MT19937-RandomState,0.00010644830763339996,00110100111101011101110011101001011111111100111110101111101101111000111111101111010011011111100011011110011011111110011100111101101011011111111111011010011101101101100101111101011111011101010111111100101110111101010001011110111111001111111001111011111110001111110101111111110011110011101111111111111111010011110111100110110100111010111110111110111101011111101101000111110111110011011101110111111011111011001111011101111111111111011011111100011011101111111111111000111000101111010111111111100111110011,0c0931ae0ee2bd570b72fd6ebe15d67130cd562dda3b73b2214201d38c8de271,bernoulli,bernoulli|conj|p=0.7|zero=allow_iid|rng=MT19937-RandomState,0.7,allow_iid,0.0009443322196602821,8.324254304170609e-05,0.0012317197397351265,0.0010232171043753624,1.0376458605751395,1.0414833053946495,0.003282511606812477,27,84,0,5,SAT_found_counterexample,1,boolean_factorization,exclude_x,exclude_x,0,2333,6052,0,1,0,1,0,0,0,1,1,1,0,0,0.005100013688206673
4,50,10,100,3991971823,31,conj,glucose42,MT19937-RandomState,5.151517689228058e-05,10011111100111011000110101100011111101111110111111110001111111110100111000110010110011111111011110111010101111111110101010111101111111011001111011010111001000011001011100111100011011110111111110001111111101110110110101111110010010011101001101101011010000101111100111101011011100011011110101110110101101111100101111101111111000011011111100001111110111101111110110110110111000101111011101111111111001011111001011000111111000011111110111110111111101111001111011011101110111111110111110010111111011011011,368d32b779b726d6a1c50919fcdb6d462e0bb2284f930e0292aa967722a1f08a,bernoulli,bernoulli|conj|p=0.7|zero=allow_iid|rng=MT19937-RandomState,0.7,allow_iid,0.0010285945609211922,8.218083530664444e-05,0.0014763949438929558,0.0010094894096255302,3.3079022355377674,3.3115074587985873,0.0035966597497463226,34,108,1,6,SAT_unsat_identifiable,1,boolean_factorization,exclude_x,exclude_x,0,2886,7599,0,1,0,1,0,0,0,1,1,1,0,0,0.005762902088463306
4,50,10,100,3991971823,32,conj,glucose42,MT19937-RandomState,5.184486508369446e-05,11011111100111010101011111110111111010110011010001111101101111111111001011001101011111110111011111111111011111110101011100111111111111111110111111011101101100011111100100111010111010011111111001011111001110011111111011111011111100011111011001101010101110011100100111000111111111101001111111011111000101110001101001110111101110110001101111001011100111111011101101100111111010101110111011011111101110110010011010101101101011110111101011100011110111110111110010111101010110011111110110011101101011010111,469591b77fb309fb87b51cb8e1be4fbfe1a9838bc17bbec82cfb70cf69f7020b,bernoulli,bernoulli|conj|p=0.7|zero=allow_iid|rng=MT19937-RandomState,0.7,allow_iid,0.0009390246123075485,8.169375360012054e-05,0.0012834575027227402,0.0010178880766034126,0.1772597711533308,0.18059012480080128,0.003322063945233822,29,104,1,6,SAT_unsat_identifiable,1,boolean_factorization,exclude_x,exclude_x,0,2461,6461,0,1,0,1,0,0,0,1,1,1,0,0,0.005386934615671635
4,50,10,100,3991971823,33,conj,glucose42,MT19937-RandomState,5.2519142627716064e-05,11111000101010111101010111011111101110010111111101111101111110011111111011110011111111011101101011111001101111011101110001110000111011100011110111101111001101011110010001111101111111111101110111101011100101001101011011001010110101000000111111111111111101011111011101111001011111110111011111110111111000111111011011111011101111110010010101101111111010111111110011000111011101110110110011011111111110001110101110110010001011011101111101110101100101101101010111011100110111100111001111011000101011110101,7d80e8670f09db279de44ef4d4765ace888d451f72805490983d1bf9e4bb8b15,bernoulli,bernoulli|conj|p=0.7|zero=allow_iid|rng=MT19937-RandomState,0.7,allow_iid,0.0010104849934577942,7.685460150241852e-05,0.0013431534171104431,0.0010195644572377205,1.374445118010044,1.3779035350307822,0.0034500574693083763,30,104,1,6,SAT_unsat_identifiable,1,boolean_factorization,exclude_x,exclude_x,0,2500,6638,0,1,0,1,0,0,0,1,1,1,0,0,0.005461420863866806
4,50,10,100,3991971823,34,conj,glucose42,MT19937-RandomState,5.061831325292587e-05,11110101111110111101111000001111010100110001011110011110111101111111110100111111111011111101111110011011111111110111101101101111111110110011110110111000110101111011111010011011000010100110110100111011110011111111111111010110110111011110111111111101111101110111111010011111010101111011100111111111110110011000110011101111100101010001111110101110111101111110111010111011000101111110111110111111011111011110110111110111110111111111111111000111011011111101110111110001001110011111111111101101111100101111,df04ff54b817439d9066cff14ce69e1ffa39334cba455e3c67be49dddb12caa3,bernoulli,bernoulli|conj|p=0.7|zero=allow_iid|rng=MT19937-RandomState,0.7,allow_iid,0.000920991413295269,8.004158735275269e-05,0.001225283369421959,0.0010198382660746574,1.3343387497588992,1.3375930562615395,0.003246154636144638,27,83,1,6,SAT_unsat_identifiable,1,boolean_factorization,exclude_x,exclude_x,0,2343,6063,0,1,0,1,0,0,0,1,1,1,0,0,0.005174046382308006
4,50,10,100,3991971823,35,conj,glucose42,MT19937-RandomState,4.915613681077957e-05,01101101011110111111110110101011101011110111101011101001100111000111101111110101101001111000011111001101110111101111111101101011010101111101001011111111100100100110011111001111111110111110100001101010110111111001111100100101111111111011110111111101110001110101010111111011111101010101111111110100111101110101101101010011110011111111111111111111110101101011100101110010111101001111000100010101001110100111111111010010101111111111101101110001001001111001011111010111011111110011110111111101111011111111,5b659224ff5edfe3d1bef28f82e553c35969dcf1edf10ff45ee5ddc9d3edeaff,bernoulli,bernoulli|conj|p=0.7|zero=allow_iid|rng=MT19937-RandomState,0.7,allow_iid,0.0008989395573735237,7.909443229436874e-05,0.0012383703142404556,0.0010114265605807304,0.05697786994278431,0.0602132948115468,0.0032278308644890785,27,112,1,6,SAT_unsat_identifiable,1,boolean_factorization,exclude_x,exclude_x,0,2193,5898,0,1,0,1,0,0,0,1,1,1,0,0,0.005341227166354656
4,50,10,100,3991971823,36,conj,glucose42,MT19937-RandomState,4.770047962665558e-05,00111100011110100111011001101111111111001100010101111110111010111011010101111111111110110110110000011111001111010011111101111111111011111001110110111110011111100100101111000011100111011101111111110111101111110100001111110011011111110111101110111111011011111101101010101101110101110011011111101111101111101011010110111101111111111110111010011110110111111011111111110111110010101110100001000111001001100111010110100001101101111111100110001111111111010111001101101101111111001101011111100010001110110001,1b298d2edf5a57fc1efc4b19eca384beb4d23ca83262d67357fc560a7681e007,bernoulli,bernoulli|conj|p=0.7|zero=allow_iid|rng=MT19937-RandomState,0.7,allow_iid,0.0010568751022219658,8.323974907398224e-05,0.0013734102249145508,0.00102192722260952,0.3523620292544365,0.3559043286368251,0.0035354522988200188,31,113,1,6,SAT_unsat_identifiable,1,boolean_factorization,exclude_x,exclude_x,0,2589,6870,0,1,0,1,0,0,0,1,1,1,0,0,0.005575825460255146
4,50,10,100,3991971823,37,conj,glucose42,MT19937-RandomState,4.691537469625473e-05,00111101101010111001111111111011010111101111111101111110011100101011111111110111011111111111011110111001011011011001100111101010000011111010111101001101110011111111000111011110110110001011011011111110011111111111111000000111111011111101111101111110100011101011110101111110101101100001111011111100110001111111101011010111111111111101111111011111101101101011111111111011110101011111111101111110111111111110111111111111101111001100111111111111110011011111111111100101011110111111100111101110111000110111,a878aef60d281b64635ace6f5c61d0a34d2f41b099d9bb78200dcfc0f99d630c,bernoulli,bernoulli|conj|p=0.7|zero=allow_iid|rng=MT19937-RandomState,0.7,allow_iid,0.000958404503762722,7.613096386194229e-05,0.0011132145300507545,0.00106012262403965,5.4186505526304245,5.421865892596543,0.003207872621715069,24,85,1,6,SAT_unsat_identifiable,1,boolean_factorization,exclude_x,exclude_x,0,2036,5323,0,1,0,1,0,0,0,1,1,1,0,0,0.005068526603281498
4,50,10,100,3991971823,38,conj,glucose42,MT19937-RandomState,5.4263509809970856e-05,11110011101101111111101110110111011110010101101110111100101101000010110111101111110111101111001110011011110111010111110011111010101100110011010111011111110101111111011001111111110101001000110010101111101111011100101101111010010111000011111110011011111111011100111111101010110101001110111110101111010111101111111000011101111101011111111011111111111111111111010111011011011011011110010110000111111101111101111101111101100111100011111010001101101111001101001110011111001011011111111011001000101110101111,ac82d607ea5c96bf6368013b6ba0e138da370679f33653e37e9deb7dc35ac141,bernoulli,bernoulli|conj|p=0.7|zero=allow_iid|rng=MT19937-RandomState,0.7,allow_iid,0.0010518478229641914,8.731894195079803e-05,0.001400034874677658,0.001042235642671585,1.456753165461123,1.4603427955880761,0.0035814372822642326,32,107,1,6,SAT_unsat_identifiable,1,boolean_factorization,exclude_x,exclude_x,0,2708,7135,0,1,0,1,0,0,0,1,1,1,0,0,0.0056519415229558945
4,50,10,100,3991971823,39,conj,glucose42,MT19937-RandomState,5.1637180149555206e-05,01111011010011011101111011101101101111011010111101111111100111101111111011100000110110011111110111011100001111001111110111111111101110110111110110111001110101111011101111111111111101110101111001111001111011110111010111111011011100100001111110111111001010111111101110011101011111101111010111110111101001111110100100010111111110101100010110101111101111111101111110111010101101101011101110111001111001100110110111011000110110110111100101111110010001111110100011111101101111011111111010010110111011101111,8dae32e0f0a1cac214bcc0ee0adb897dd56af001e38973e72d28aaa1dd1e100b,bernoulli,bernoulli|conj|p=0.7|zero=allow_iid|rng=MT19937-RandomState,0.7,allow_iid,0.00105344969779253,7.855426520109177e-05,0.0014151576906442642,0.0010184673592448235,2.7460256768390536,2.749598507769406,0.0035656290128827095,32,87,1,6,SAT_unsat_identifiable,1,boolean_factorization,exclude_x,exclude_x,0,2788,7223,0,1,0,1,0,0,0,1,1,1,0,0,0.005546390078961849
4,50,10,100,3991971823,40,conj,glucose42,MT19937-RandomState,0.00010178983211517334,11111111011111101111111001011000111100011001111111111110011011111100111110100010111111101111111111011110111011111110011111110010111111100011011111011001101110111111111111100101110101100111101111111111111110111110111110110101111101111110011111101110111011111011111010011110100111111110101111011111111101110111101111001011111111001110111011001011011111110001111111101101010111000011011001100111101111011100111111111111101011101110110111111001111110100011111111100100111111011011111100111110101111111111,a5b0d78fe5071bed55e96ccea2c9976909f6ad03a4d1219a06a19c7be7fd9b3d,bernoulli,bernoulli|conj|p=0.7|zero=allow_iid|rng=MT19937-RandomState,0.7,allow_iid,0.0008281748741865158,7.861386984586716e-05,0.001112387515604496,0.001012951135635376,5.274789578281343,5.2778302216902375,0.003032127395272255,24,76,1,6,SAT_unsat_identifiable,1,boolean_factorization,exclude_x,exclude_x,0,2126,5422,0,1,0,1,0,0,0,1,1,1,0,0,0.005107593722641468
4,50,10,100,3991971823,41,conj,glucose42,MT19937-RandomState,5.1909126341342926e-05,11011010111001111110110111110000101111111100110111011011011111101100110111111111101101011111110110011111101110011111111100111100110111101111101111010111111001101100001111111010101111110111111101110100101110010010001011001111011100011101111010011010100111111011101111001111111111011111111110110010111000010001101110111010111001001111100111111101110111101111111011100001011110111100111110001111000111111111101110111111110111110010101011110110010111110111001111111001110010101111111111011101110011111111,606c16bac808fb2ccf964964ac7bff1c3befbc32ff34edc79c57d90b14b172e2,bernoulli,bernoulli|conj|p=0.7|zero=allow_iid|rng=MT19937-RandomState,0.7,allow_iid,0.0009231483563780785,8.397642523050308e-05,0.0013624560087919235,0.0010034022852778435,3.840591480024159,3.8439724650233984,0.0033729830756783485,31,102,1,6,SAT_unsat_identifiable,1,boolean_factorization,exclude_x,exclude_x,0,2669,6958,0,1,0,1,0,0,0,1,1,1,0,0,0.005599933676421642
4,50,10,100,3991971823,42,conj,glucose42,MT19937-RandomState,5.344022065401077e-05,10110011111101111011001110111101111110011001110010111011101101001111110101111111111110011110001111110111111110111111100110111111111110111111101110111111111010100111101110101101011011011001000101110111111110111111000001101100000110011011111111111011010111111111011011000011111110101110111011101111101111010111111101111110111110111100011110101110110011100101101111001100110101001110010111110101101000011110111111101000111111100011010111101111111101001111101011101101100111101011111111111101111111011111,f938d0bade95abfb228d337bf21340489e95b8135d398b6da947a3c879fcc61c,bernoulli,bernoulli|conj|p=0.7|zero=allow_iid|rng=MT19937-RandomState,0.7,allow_iid,0.0009366944432258606,8.002948015928268e-05,0.0012059733271598816,0.000998084433376789,3.290696849115193,3.2939259447157383,0.003220781683921814,27,96,1,6,SAT_unsat_identifiable,1,boolean_factorization,exclude_x,exclude_x,0,2313,6030,0,1,0,1,0,0,0,1,1,1,0,0,0.005211878567934036
4,50,10,100,3991971823,43,conj,glucose42,MT19937-RandomState,5.169957876205444e-05,11101011101011110011001100111101011111010010111111010100111100110101111101111011011010110011001111001111111011110011111110110011111100111011110111101111111111111010111001101110111010111101111110010111111011111111110111101110100111100011011101001111110110101001000010111001111011101101111101101111100100111000011011110010011101110001010111001011111011010111011111111111111011010111011111011111111110100011001011111110111011011110111101111111011111010111011111111111011011111111001101110111110001001100,154bbb407f98e60e42b4860ded6d05432817effc3d77028f4ea6caf05328232e,bernoulli,bernoulli|conj|p=0.7|zero=allow_iid|rng=MT19937-RandomState,0.7,allow_iid,0.0009755101054906845,7.825344800949097e-05,0.0013778917491436005,0.0010097017511725426,0.1666428754106164,0.17009273637086153,0.0034413570538163185,31,101,1,6,SAT_unsat_identifiable,1,boolean_factorization,exclude_x,exclude_x,0,2659,6947,0,1,0,1,0,0,0,1,1,1,0,0,0.005537794902920723
4,50,10,100,3991971823,44,conj,glucose42,MT19937-RandomState,4.976056516170502e-05,11110001001111111010111101010110101111001111111101100101111011101111111010110101101011110001100111111111110100111111010111100111011100111101011100111101011111110110110011001111100100111110111101111111011101101110111101101100111111111101011110111101001111111111011110011101111101101101011110111011100110000001101111111010111001111101111111111000111010010001111000101011001101111001100001101011110011101110110111111111111111111111001101001010011110001011001110011111010111110111011111010011011111000111,73b189acba3fd0040709520349e0a8648f4ad7ba79a6cfb52c20653c6e2f9017,bernoulli,bernoulli|conj|p=0.7|zero=allow_iid|rng=MT19937-RandomState,0.7,allow_iid,0.0010382374748587608,7.796473801136017e-05,0.0013186605647206306,0.0010146647691726685,1.5319094834849238,1.5353675009682775,0.00344952754676342,30,106,1,6,SAT_unsat_identifiable,1,boolean_factorization,exclude_x,exclude_x,0,2510,6649,0,1,0,1,0,0,0,1,1,1,0,0,0.005470794625580311
4,50,10,100,3991971823,45,conj,glucose42,MT19937-RandomState,5.09088858962059e-05,01101011010111111011101110110110011010111111100110101111100011100111100100111110010010111011101100111011111011100111111111110011110010011111110110111010000101110110110011111001011111101100010010101010111110100111010111111111011011011101111111110111011101111111000001110101101110111100111111111111011110111110010110100000000111011111001111011011101101111001101011011110111011111111100000111110101111100010101011110000111111101000011110100011110101101101101011100101100010111111110111000101111101111101,a5ce68d23a681675070c3ee776621329f7321c29a889a6e705cc8bd44c6b0054,bernoulli,bernoulli|conj|p=0.7|zero=allow_iid|rng=MT19937-RandomState,0.7,allow_iid,0.0010737571865320206,8.251145482063293e-05,0.001524261198937893,0.0010211635380983353,0.22851703222841024,0.23222692124545574,0.0037016933783888817,35,114,1,6,SAT_unsat_identifiable,1,boolean_factorization,exclude_x,exclude_x,0,2905,7754,0,1,0,1,0,0,0,1,1,1,0,0,0.005816158838570118
4,50,10,100,3991971823,46,conj,glucose42,MT19937-RandomState,4.903692752122879e-05,00011111001101110111011011011111111111101100101001111111111110001111101011011111001111001110010111111111101001011101011111111000011111111111111100010100110110110010111100101111110010111110111110000111111111010011011101110110010001101110101011001111101011111110101101101111100110011011101110101011010101011111100111100110011101110111111110101101001110111111100111110111111011101101100011111110101011110110111100011111101111011111110111111100111110111011101101111110110011100111101011100011011001001111,bc64ab259cdd057958ec64ba45e4f7236694d5f30d6353e0966eb9c125aa0d85,bernoulli,bernoulli|conj|p=0.7|zero=allow_iid|rng=MT19937-RandomState,0.7,allow_iid,0.0010974640026688576,9.166169911623001e-05,0.0015064217150211334,0.0010197609663009644,0.7539006806910038,0.7576231956481934,0.0037153083831071854,35,110,1,6,SAT_unsat_identifiable,1,boolean_factorization,exclude_x,exclude_x,0,2995,7853,0,1,0,1,0,0,0,1,1,1,0,0,0.005755806341767311
4,50,10,100,3991971823,47,conj,glucose42,MT19937-RandomState,5.11733815073967e-05,11011010011000111010111001111111111010110011001011101111010111111111100011111110011111010101011111101110110000110110111011011101110110101100101110111110101111111110001101101110101110011111111110111101110111100110011111111111101111111110111111100111110010010110010110010111110111001111101110110110001001001010111111111101000110001111100101001110111111111111011111001101010101101111001111111111111111011000001011000011111010100111101111011101111010100001101111011111111111010110001010100111111110111101,a783dfdb2ba7dd6e937905d469e86f88f3261d7adda83c4a79693edcb9756107,bernoulli,bernoulli|conj|p=0.7|zero=allow_iid|rng=MT19937-RandomState,0.7,allow_iid,0.0009485678747296333,7.304176688194275e-05,0.0011814739555120468,0.0010008523240685463,0.07290612440556288,0.07611848134547472,0.003203935921192169,26,125,1,6,SAT_unsat_identifiable,1,boolean_factorization,exclude_x,exclude_x,0,2064,5622,0,1,0,1,0,0,0,1,1,1,0,0,0.005313580855727196
4,50,10,100,3991971823,48,conj,glucose42,MT19937-RandomState,5.662254989147186e-05,01111111111001110011110001110101111110111111010111111111100101111101110011111111111111111110111001100111111110101111101011011101011010111001001011001110111111101010011010101111110111110100001111101010100101101011111100011011111101101100110110101100111011111110111110101101101010000101111101110110101110101111101111010110011111111111111011001111001110110101001110111101111110110111110011100001001111011111110000110101110111111110011101000110010110001110101011101111110011111110101111011111111111110110,70f5310c2d84e6e141c03e209fae85487430dddb4a325a2017d354f5d4c1f2ed,bernoulli,bernoulli|conj|p=0.7|zero=allow_iid|rng=MT19937-RandomState,0.7,allow_iid,0.0009594708681106567,8.341856300830841e-05,0.0013685114681720734,0.0010124212130904198,4.675025430507958,4.67845624499023,0.0034238221123814583,31,105,1,6,SAT_unsat_identifiable,1,boolean_factorization,exclude_x,exclude_x,0,2629,6914,0,1,0,1,0,0,0,1,1,1,0,0,0.005542566068470478
4,50,10,100,3991971823,49,conj,glucose42,MT19937-RandomState,4.931911826133728e-05,01111111111101011011010111000101111101100101001100001110110101101110111001111101100110001111011101001011011000101101101111111001111001111111111101011110111111111001110111010101111011011011111101100011101111101010001111100100101111111111100111101011111000011000111111110111111101111111111111111111010001001111110111101111110101001011111110001111101001111011010111111111011111101111111110101010011011010111111011111101111001011111111111111001011001001110111011011100010010110111111111010101111111110111,8d92fab0d06a42b678289084e0410f1ade6077d57249bf80e744df6741697a47,bernoulli,bernoulli|conj|p=0.7|zero=allow_iid|rng=MT19937-RandomState,0.7,allow_iid,0.0010083317756652832,7.610302418470383e-05,0.0013176733627915382,0.0010214652866125107,3.0774391116574407,3.080870782956481,0.003423573449254036,30,101,1,6,SAT_unsat_identifiable,1,boolean_factorization,exclude_x,exclude_x,0,2520,6660,0,1,0,1,0,0,0,1,1,1,0,0,0.005473650060594082
4,50,10,100,3991971823,50,conj,glucose42,MT19937-RandomState,0.00010541919618844986,11011111011111011011111110111110111101010011111110101111110111111100101011101100111111010100101011101101111111011111011011101101111100101111101111110110010101111001011101011110101101111101011111100111101101000111111000100100100110111011111111110110111101110111110110110101011011111101101011110100011111111111001011010000010001111111011111000110111111011010101111110111111100110011111100111101100101110010010011101111001101111111110100110111011011100101110111100111011001111011010111011011110011011001,862577af65a514aac50a1c7a12a6091523d39f3827098a8b5de156578634147f,bernoulli,bernoulli|conj|p=0.7|zero=allow_iid|rng=MT19937-RandomState,0.7,allow_iid,0.001110275276005268,9.256787598133087e-05,0.0014356989413499832,0.0010479670017957687,0.47086893673986197,0.4745643427595496,0.003686509095132351,32,107,1,6,SAT_unsat_identifiable,1,boolean_factorization,exclude_x,exclude_x,0,2688,7113,0,1,0,1,0,0,0,1,1,1,0,0,0.005592054687440395
4,50,10,100,3991971823,51,conj,glucose42,MT19937-RandomState,5.25452196598053e-05,11100110011100111110011011111000111111100111110010110111111111111111111100101011111011010001101101101111110100111001100011111101011011001111011010011111111000111001111000111011011101101111111110001101110101100111011110011011101111111100110100111111110100111011111110111010110001111000111110001111111101101011011110110101101100111111111001100110101001001111101001100010011001101111011011010101111111101111111111101110011000101110011100110111011101111001111111101101111011110011110111101101110011001110,368381b2204a4cc844b65313a4e8af26576fafe12caf4f239f66ae94b917eb46,bernoulli,bernoulli|conj|p=0.7|zero=allow_iid|rng=MT19937-RandomState,0.7,allow_iid,0.0009028716012835503,7.726158946752548e-05,0.001337873749434948,0.001025589182972908,0.6077550146728754,0.611105720512569,0.0033435961231589317,30,105,1,6,SAT_unsat_identifiable,1,boolean_factorization,exclude_x,exclude_x,0,2500,6638,0,1,0,1,0,0,0,1,1,1,0,0,0.005685584619641304
4,50,10,100,3991971823,52,conj,glucose42,MT19937-RandomState,5.687586963176727e-05,01111110000111110110101110011010100110111111011011110101111111011111100100101111111010111101111011100111011000010101111010110011100011111111110011111011011111110111100111011111100111011110101101100010111111001111111011010110011000010111110111111111111010011011100111011101100110111011111100011001011011110111101011111101111111010001001111101101111011111110100111111101000100011001111011110111111110100101111000110010110101110011111101100011110101101011101011110111101110110110100110010101011111111111,77b58947591e8dbf89c19e246454255501337d07d326fa27e6178d8bfbefb6a1,bernoulli,bernoulli|conj|p=0.7|zero=allow_iid|rng=MT19937-RandomState,0.7,allow_iid,0.0010230131447315216,0.00010195933282375336,0.0014087948948144913,0.001064595766365528,6.496442209929228,6.5000486597418785,0.0035983631387352943,31,105,1,6,SAT_unsat_identifiable,1,boolean_factorization,exclude_x,exclude_x,0,2619,6903,0,1,0,1,0,0,0,1,1,1,0,0,0.005598267540335655
4,50,10,100,3991971823,53,conj,glucose42,MT19937-RandomState,5.143415182828903e-05,11011011111101101001101000111011010011101101101101101110111111111011111011010101111101100100111010011010010011111001110111001111011111100011010111111111010111101111100111011111110010011111001001110000111110111111111101011010111111100111011110000011111110011111010111101100110001111100101110011000011111111011111010010111011111101001101111011110110011000100101001101101110001111111111111111100100101111110001010111000101110111111111000111101110101011111001011111111101101110111001101001011110011000011,5427437c9640d99173a5b74648904bf5e05aad79144b206d16df01645a43b80e,bernoulli,bernoulli|conj|p=0.7|zero=allow_iid|rng=MT19937-RandomState,0.7,allow_iid,0.0010778577998280525,8.629821240901947e-05,0.0015729544684290886,0.0010712239891290665,0.13237925618886948,0.1361964102834463,0.003808334469795227,36,132,1,6,SAT_unsat_identifiable,1,boolean_factorization,exclude_x,exclude_x,0,2974,7964,0,1,0,1,0,0,0,1,1,1,0,0,0.00595584511756897
4,50,10,100,3991971823,54,conj,glucose42,MT19937-RandomState,4.996359348297119e-05,00101001111100000111111101111101110111101111100111000111001110110111111111011111110110110111110111100011100100111111010111010111100111101011101111000111111101111010001100111111101100111101011111111011110111110111011011011100101111111111111010110110111110101011011111100111101111111101011110011101011100011101111010011110111100111111110010101111110001011100011101111111111101111010011101111110111111010110101111001001101100101100111000111011111111101011001101101110110011100111011011010101111111110010,0a129fe293737244888b63eb140775ef4d4074322629d05817c0c5bee923ecac,bernoulli,bernoulli|conj|p=0.7|zero=allow_iid|rng=MT19937-RandomState,0.7,allow_iid,0.0010423799976706505,8.636713027954102e-05,0.0014265161007642746,0.00101462472230196,0.6594944298267365,0.663072032853961,0.003569887951016426,32,107,1,6,SAT_unsat_identifiable,1,boolean_factorization,exclude_x,exclude_x,0,2708,7135,0,1,0,1,0,0,0,1,1,1,0,0,0.005694870837032795
4,50,10,100,3991971823,55,conj,glucose42,MT19937-RandomState,5.7353638112545013e-05,11011100110111011010111010010111111110001111010010111001110100101111011111011110111101000011001101101110011011011011011010001110100110111111100101111011010110101111011011111101101101111111010111111111110111010111101111010100111111011010111110011110011111111101111111111110110110111110110111111110011011101111111111111010111011101011111100111111101101111110110110001101110110101111100111111111011101000011010101101111011111010111100111110101111011101111111110111111110101110111011110001111110101011110,1a738fa95b257870176c6d308c9a05ed5d8812559647e66342b0d3c529b17f98,bernoulli,bernoulli|conj|p=0.7|zero=allow_iid|rng=MT19937-RandomState,0.7,allow_iid,0.0009689144790172577,7.552467286586761e-05,0.0012031057849526405,0.0010246923193335533,0.41239514760673046,0.4161904016509652,0.003272237256169319,27,87,0,5,SAT_found_counterexample,1,boolean_factorization,exclude_x,exclude_x,0,2333,6052,0,1,0,1,0,0,0,1,1,1,0,0,0.005150088109076023
4,50,10,100,3991971823,56,conj,glucose42,MT19937-RandomState,5.3758732974529266e-05,11111100011101100111101111101001101101010011111111101111110111010101010010100100101100100101110110111111101101011100111011011000111110110110110011011111111111010111011101110011111111111111110101111111011011101111011110101111100111111111110111111111101001011011111110111111011110110111110011101110111111111001111101101011111010111010100101101111111011111100011101010001111110001011110111100111001111111011111111011000111011111111101111110110110010101110111111101110101101111110111111110010001111011011,99b3093ca351bff11490f9b4f9479024beea459d93e6fc14edf36db4d0f7c468,bernoulli,bernoulli|conj|p=0.7|zero=allow_iid|rng=MT19937-RandomState,0.7,allow_iid,0.0010018199682235718,8.776690810918808e-05,0.0013581253588199615,0.0010189767926931381,6.673929834738374,6.677408902905881,0.0034666890278458595,31,94,1,6,SAT_unsat_identifiable,1,boolean_factorization,exclude_x,exclude_x,0,2699,6991,0,1,0,1,0,0,0,1,1,1,0,0,0.005477147176861763
4,50,10,100,3991971823,57,conj,glucose42,MT19937-RandomState,5.07822260260582e-05,01110111111111111111111011101111111011111111111110110011100001111111111111110011010110110111010111110111111110110100101101110111100101111101111110010011111011110111001001110010100101110011110101011101111100111110100001100011000111101010110111010110111111101111111011110111111111101101001101110110011010111100010111111111101111111011111101101001111111100000111011111111111111111101111101111100111110111110111010111101011101111001001000010000111111011111110110001011010111101111101011001101101000011111,5f8ff711879575b50e67be1c5c4840f222cf08aeede05af0edcd3c516448004d,bernoulli,bernoulli|conj|p=0.7|zero=allow_iid|rng=MT19937-RandomState,0.7,allow_iid,0.0009275032207369804,8.05901363492012e-05,0.0011717211455106735,0.0010178182274103165,1.3611602848395705,1.3643649788573384,0.0031976327300071716,26,108,1,6,SAT_unsat_identifiable,1,boolean_factorization,exclude_x,exclude_x,0,2124,5688,0,1,0,1,0,0,0,1,1,1,0,0,0.005266197957098484
4,50,10,100,3991971823,58,conj,glucose42,MT19937-RandomState,6.21965155005455e-05,11111110111011011110111011010111111110110111111100111110111011110110010001110111111100011111101111010010111011011001100110001011101111101111110101001111111000110110011011100110111011111111111011101111011010100011111111111101101111110101101110101101111111011111011101111001111010101101110111111100111011011101111011111100111111001101111101101111111111100111101110110011001000011110110110011111111101100011110111110000011100110111011111011111110100101111111101010111100110011101101111110101011011011001,80a51666946df7d8a5e8217958390afbe7060373b693694ea34141d0033c484e,bernoulli,bernoulli|conj|p=0.7|zero=allow_iid|rng=MT19937-RandomState,0.7,allow_iid,0.0010358784347772598,8.016731590032578e-05,0.001388348639011383,0.0009965430945158005,6.475259115919471,6.478767739608884,0.003500937484204769,32,96,1,6,SAT_unsat_identifiable,1,boolean_factorization,exclude_x,exclude_x,0,2738,7168,0,1,0,1,0,0,0,1,1,1,0,0,0.005506162531673908
4,50,10,100,3991971823,59,conj,glucose42,MT19937-RandomState,5.05596399307251e-05,01100111011110111110111110110100111111011110111100001111010111111111010011111110100011111000110111001011011111110110110010110110101111110111010111111001001111011111111111010110111101011001100101110011101100110101111111010011111101111111111110111011111111000101111111101110110011101101110100111101110101111111010111111010010101010111011111100011110011110111111101111101100010111111101101011110111111111011111011011110111111011111111010110101111111110111111100110110111111011101100110111101100011111110,50fe3231f90de5dbecb9249f81485fce607dd9abd4039215cdfa3fc00fb43c98,bernoulli,bernoulli|conj|p=0.7|zero=allow_iid|rng=MT19937-RandomState,0.7,allow_iid,0.0009606983512639999,7.755681872367859e-05,0.0012729540467262268,0.0007780026644468307,0.0,0.003100961446762085,0.003089211881160736,29,90,0,3,three_column_check_failed,0,,,exclude_x,0,0,0,0,1,0,1,0,0,1,1,0,0,0,0,0.004901222884654999
4,50,10,100,3991971823,60,conj,glucose42,MT19937-RandomState,0.0001031411811709404,11110001111111001111111101011111111001111001110110011111111000110010111110111111110100111101011111011111011101111101001111010111010110001100111011111011111110100101111011111111111011111100111111110101111111110101100101111110111111011111011101011100011001100001110111111011100001111001010110101111110010111101111110111001010100001110010111000010011111100111111100100101101110111111000111100111000001011101101011111001011011110011111111000110101101001111111111101110011111101100111011101010011011111110,978af7f1cedd4ffd233282bcee4e03750356bc814f2927af309bfbf00965b744,bernoulli,bernoulli|conj|p=0.7|zero=allow_iid|rng=MT19937-RandomState,0.7,allow_iid,0.0010050823912024498,9.157601743936539e-05,0.0012928023934364319,0.0010142838582396507,0.20021066907793283,0.20362346526235342,0.003403744660317898,29,118,1,6,SAT_unsat_identifiable,1,boolean_factorization,exclude_x,exclude_x,0,2391,6384,0,1,0,1,0,0,0,1,1,1,0,0,0.005456290207803249
4,50,10,100,3991971823,61,conj,glucose42,MT19937-RandomState,5.023740231990814e-05,11101010111111011011111010111100110101101011101101110111101010111111001110011111001111001011101010110111101111011101101111110101010011110100101001011101100111111101110011111100101011111110111101111011001101100100001110010001101010101110001101111111110001011111110011001111010010110111111111111010001110111110011111010111111000101100101011010111101110111110110110101111011111111100111111111110011111111111100010011110010100001011100111011110000101110111111110111011001011010101011111001111001111101101,f8198ccc9dc469ab2b47a8876824eadbaf0d4219f7c005a8b6631d3206b7b54f,bernoulli,bernoulli|conj|p=0.7|zero=allow_iid|rng=MT19937-RandomState,0.7,allow_iid,0.0010683396831154823,8.82856547832489e-05,0.0014830231666564941,0.0010099057108163834,0.04641917999833822,0.0500769279897213,0.0036495542153716087,34,122,1,6,SAT_unsat_identifiable,1,boolean_factorization,exclude_x,exclude_x,0,2796,7500,0,1,0,1,0,0,0,1,1,1,0,0,0.005712266080081463
4,50,10,100,3991971823,62,conj,glucose42,MT19937-RandomState,4.97596338391304e-05,01111111111100001111101010111110101111111111111101110011100111010010000111111011101010111001111110111011111111100111111111100110011100110001111110011101110101111011111111111111101110001111011101111110111111111011101110111111110001111101101011001011011011011101011011010110111101011111100101001111001110111010111110011111101101100000111111101011011111011111111111111111100111011111111110110111100111010110111001001001110100110101111101011111111110111100000111000111111111111011101110110101101001111011,5e475fceaaf23c45b9a354ad81667ebcd4e2fe2b78c917a18f48d6e5bb08c7c5,bernoulli,bernoulli|conj|p=0.7|zero=allow_iid|rng=MT19937-RandomState,0.7,allow_iid,0.0008808765560388565,7.984507828950882e-05,0.0012464644387364388,0.0010148212313652039,0.30671175103634596,0.3099422734230757,0.003222007304430008,28,92,1,6,SAT_unsat_identifiable,1,boolean_factorization,exclude_x,exclude_x,0,2382,6240,0,1,0,1,0,0,0,1,1,1,0,0,0.005276026204228401
4,50,10,100,3991971823,63,conj,glucose42,MT19937-RandomState,5.092751234769821e-05,01110101111101101110011111101001110011011011001011011010111111100011111001101001111010111001110101001110111111001001110101011111100111111111011101111110000100111011011011011100111010001010111000100001111011111111110100111111001101110101111111011011111011011110101010011111111001011111110110111111111110111111111111111111101110000101011111101011111100100101111000101000110111011111011111110110110111100101000111111000011111111011111111101101101101101011111100101011111100111110101111110101011101011111,f37ade3a21957bfeac4776e469fa147fd12a6a96dffb362b155c25daf5cf9014,bernoulli,bernoulli|conj|p=0.7|zero=allow_iid|rng=MT19937-RandomState,0.7,allow_iid,0.0009128032252192497,7.567740976810455e-05,0.0013097543269395828,0.0009984876960515976,0.36480300035327673,0.36810842994600534,0.0032967226579785347,30,108,1,6,SAT_unsat_identifiable,1,boolean_factorization,exclude_x,exclude_x,0,2500,6638,0,1,0,1,0,0,0,1,1,1,0,0,0.0055358316749334335
4,50,10,100,3991971823,64,conj,glucose42,MT19937-RandomState,5.1478855311870575e-05,11101110011100110101111110111111110010111100001000110110011110111111110111101011111110111100111101100111111110111111100000111111001011011101111111100110011111110011111001101110000011101101101100110011111111000111111011110111001101011111001101111101111111110111111100011110011101111000110111110110000111111110101001111111100001111111110111111111101101111000011111101111010111111111111101011100101111111111110110011011101011110011111011010110100111001111111111111111111110111110111111111101100101100110,9bc4936511e0ba48a03f468301a84798f2cd97ed57aff045a98b3581d59fde76,bernoulli,bernoulli|conj|p=0.7|zero=allow_iid|rng=MT19937-RandomState,0.7,allow_iid,0.0009381687268614769,7.238145917654037e-05,0.0011755656450986862,0.0010406691581010818,7.497261600568891,7.500497993081808,0.0032267849892377853,26,101,1,6,SAT_unsat_identifiable,1,boolean_factorization,exclude_x,exclude_x,0,2184,5754,0,1,0,1,0,0,0,1,1,1,0,0,0.0052391039207577705
4,50,10,100,3991971823,65,conj,glucose42,MT19937-RandomState,4.9659982323646545e-05,11101010111001101011101010111100111110011101101011111111100110001111110111110011110101111110101111100111111000111110100101110110111011100111001111101111110111000111100100011110111010001011101101111101101011110011011110101011111101111011011111110111110011001101110100111111111010011011011100111111000011101111110110111101111001111010110111011100110011111111111111111011101011111111101101101000111111110001011011110101101111111000011101011001101110110100001111010111110111111110100110111011110111111111,0d31758890586b56f1d6f35d8a77ba10452c9db5ede1d738f651ced8a3aa3b5a,bernoulli,bernoulli|conj|p=0.7|zero=allow_iid|rng=MT19937-RandomState,0.7,allow_iid,0.0009600827470421791,7.795915007591248e-05,0.0013387622311711311,0.0010134130716323853,0.4724179832264781,0.4758173590525985,0.003390217199921608,30,100,1,6,SAT_unsat_identifiable,1,boolean_factorization,exclude_x,exclude_x,0,2580,6726,0,1,0,1,0,0,0,1,1,1,0,0,0.0054455650970339775
4,50,10,100,3991971823,66,conj,glucose42,MT19937-RandomState,4.95370477437973e-05,11111000100011111010111001011010111111110110110011110110110011100111000100110011110110100110011101111011010111100111111111110111111010010111101111000011110101111100011001101011100011111110001111110111101100101111100110011101011111111110011010101110001011111111111011111011110110111111100100110101010111101110111101110111101101111001110010100001011110111111111111011011000111101111011111100110011100101101110111110000011111101011101101001011100010101110101110011011001110111010111111111111000001011111,15e7a9d7326b4799180093b93a1ccc865b5f7aa5628667dd720d1760ad39b5b7,bernoulli,bernoulli|conj|p=0.7|zero=allow_iid|rng=MT19937-RandomState,0.7,allow_iid,0.0010157870128750801,9.066704660654068e-05,0.001356705091893673,0.0010011624544858932,1.1099170967936516,1.113389345817268,0.003464321605861187,31,120,1,6,SAT_unsat_identifiable,1,boolean_factorization,exclude_x,exclude_x,0,2529,6804,0,1,0,1,0,0,0,1,1,1,0,0,0.005629722960293293
4,50,10,100,3991971823,67,conj,glucose42,MT19937-RandomState,4.9345195293426514e-05,10111110111011101000111110110001001011111100000111101010101101111101111111101100110110010110110110111111111111101100011111011100111111101000001111111010111111011111010111011011001111111111110100011111011011000011110101011011111111111011110110011110010111110011111001111101011011111011011011011100011111100111110111000111111110011110111101110101011111101110111111101111011111110100110110101100000110110011000010110110110111101101111011111111110111110010111100111111101111101111100010010011011111100101,c6afb8f2f79b070fec71ed7d707c8ebe8ec30c1da8bee830d22971779fc40db8,bernoulli,bernoulli|conj|p=0.7|zero=allow_iid|rng=MT19937-RandomState,0.7,allow_iid,0.0009199632331728935,7.576867938041687e-05,0.001344572752714157,0.0010127974674105644,0.059760766103863716,0.06362486910074949,0.003353102132678032,30,102,0,5,SAT_found_counterexample,1,boolean_factorization,exclude_x,exclude_x,0,2530,6671,0,1,0,1,0,0,0,1,1,1,0,0,0.005402933806180954
4,50,10,100,3991971823,68,conj,glucose42,MT19937-RandomState,5.085021257400513e-05,10101110111110110001100110011111010010011111011111111010101100100011111111110110101010111100001111111111011111111011110110011100111111111100111100111101110111110010001111010110111100110000010011101111111001110011110100101111110100101110111100011011110011011111011111111111110110011101111101011111111110101111110110111111110101101111101111111111001001111101110011110111111110101101101011101011010011110111000000011001111100001001111011110111111110110001001101000010110111111101110111011101110110110110,2febddb946f7f84bbe51dc30da9faee70aa016db81b0d64453a5bd5cf572517d,bernoulli,bernoulli|conj|p=0.7|zero=allow_iid|rng=MT19937-RandomState,0.7,allow_iid,0.0009518507868051529,7.362104952335358e-05,0.0012578116729855537,0.0010063368827104568,0.3208240522071719,0.3241218002513051,0.003289620392024517,28,101,1,6,SAT_unsat_identifiable,1,boolean_factorization,exclude_x,exclude_x,0,2312,6163,0,1,0,1,0,0,0,1,1,1,0,0,0.005432488396763802
4,50,10,100,3991971823,69,conj,glucose42,MT19937-RandomState,4.972238093614578e-05,10100111111110001011101110101001111010111111101011101101101100111101111111111001011110001111101110001011110110111110111100100111110001011011111101111111010110111111110001100100011111111010011000111000011010110010001100110100011011101111101111011111110011101111111111110101100000101111111111010111111000111101110111110101111111110010011000010110111110111111011111111111110000111101011111101011101111010101111000110011011011011110111101000101100111101010111011110101111100101101001010011101100111111111,d005ae71aa7d4994829ef4eb4035e9f55412c21c2c423bf442c44f2b172c81cc,bernoulli,bernoulli|conj|p=0.7|zero=allow_iid|rng=MT19937-RandomState,0.7,allow_iid,0.0011224737390875816,7.98916444182396e-05,0.0013822363689541817,0.0010392367839813232,0.6672274973243475,0.6708601592108607,0.003623838536441326,31,136,1,6,SAT_unsat_identifiable,1,boolean_factorization,exclude_x,exclude_x,0,2489,6760,0,1,0,1,0,0,0,1,1,1,0,0,0.00565444678068161
4,50,10,100,3991971823,70,conj,glucose42,MT19937-RandomState,0.0001069260761141777,10111110111111100111010010111111110110110111011011101110010110011001110110111100011110110000101101110010111111011111111000001010111011111111111101101111000111111101100101111100110011110111011110101001011001100011111001011111110101011010111110111010111100110101110001111101111111111111111011111111111111111011110111011110101100111111111111100111110010101011010111101011110110111111001111111111111111111101111100111010100111011011101011101111110011110111100111111100110101011001101110110011111111111100,07103b54cd1d621fe2ec4718e988720881a74d3767c8ebcde01276bbdab5a2aa,bernoulli,bernoulli|conj|p=0.7|zero=allow_iid|rng=MT19937-RandomState,0.7,allow_iid,0.0009584957733750343,9.073875844478607e-05,0.001254483126103878,0.0010296078398823738,0.15502364933490753,0.15887644700706005,0.0033333254978060722,28,83,0,5,SAT_found_counterexample,1,boolean_factorization,exclude_x,exclude_x,0,2442,6306,0,1,0,1,0,0,0,1,1,1,0,0,0.005126873962581158
4,50,10,100,3991971823,71,conj,glucose42,MT19937-RandomState,4.90313395857811e-05,11011111101111001001110111111111000110111101011101100011010100111011111011111111111111111110011111011011101100111011111011010111111100111111111000110101011111110001111001011011010000110101011010111010110101101110011110101111100101111110000011101101011111010101111010111111011011011111000111011111111011011010111111111111111111101111111111100111101111111101110101110001110010101111010100100111111011111011001110101111111110111111100110101111101101111110100101010101110101101000111011010011110111000111,8dffe5f4db261a817975478464b9942b967bf293f8413a82260a20a9017190d4,bernoulli,bernoulli|conj|p=0.7|zero=allow_iid|rng=MT19937-RandomState,0.7,allow_iid,0.0010227616876363754,7.846485823392868e-05,0.0013387631624937057,0.0010163579136133194,0.9906683666631579,0.9941325457766652,0.0034563476219773293,30,103,1,6,SAT_unsat_identifiable,1,boolean_factorization,exclude_x,exclude_x,0,2530,6671,0,1,0,1,0,0,0,1,1,1,0,0,0.005476330406963825
4,50,10,100,3991971823,72,conj,glucose42,MT19937-RandomState,4.974380135536194e-05,11100111101011110010111011111101100111111111111111100100111011110001101111111001001011111111101101101110111101010111100100110111001011111111100000011111111010101111111111111010111101011110110010011111110010010110111111111011111111111110001110110101111111110110001101101111111111001111111011111111101101101101111111110111011111100010011100101111110101010111001111110111110011101111100000110001111110001110110001010110011010101111111011100111111001001100111101100111110011111001110111111111110110010100,2aa76831cb3121c596cf9fa9e7db0f7fd62a6c87cecb639e17e952e525a14a4f,bernoulli,bernoulli|conj|p=0.7|zero=allow_iid|rng=MT19937-RandomState,0.7,allow_iid,0.0010291719809174538,8.032377809286118e-05,0.001385718584060669,0.0010007265955209732,5.354155673645437,5.357658912427723,0.003495940938591957,31,114,1,6,SAT_unsat_identifiable,1,boolean_factorization,exclude_x,exclude_x,0,2579,6859,0,1,0,1,0,0,0,1,1,1,0,0,0.005666808225214481
4,50,10,100,3991971823,73,conj,glucose42,MT19937-RandomState,4.837755113840103e-05,11111110111101110110101100011111111100111111101111110101111000010111111010100101110011101111010101000101111001111011011110011111011111111111011111011111111111101001011111111111110011000000000111000111111110111110101101100101100010101110001111111111111110111110111011001011001011110101111101111111101101111101011011111111011011101111111010111111110110111111010111011101010110010011111111000011111111110110111110110111111000111100110110101110011111111111110111111110101101111101001110111011101000010011,3bcfaa1df4ef9617a6a3f0f008b29a33dde637aa41dd6928d4646cfb6dbde2a0,bernoulli,bernoulli|conj|p=0.7|zero=allow_iid|rng=MT19937-RandomState,0.7,allow_iid,0.0010658558458089828,8.490681648254395e-05,0.0013294639065861702,0.001038903370499611,1.0147525193169713,1.0182793121784925,0.003519129939377308,30,100,1,6,SAT_unsat_identifiable,1,boolean_factorization,exclude_x,exclude_x,0,2520,6660,0,1,0,1,0,0,0,1,1,1,0,0,0.005457357503473759
4,50,10,100,3991971823,74,conj,glucose42,MT19937-RandomState,4.908069968223572e-05,11011011101011111001111111111111111111111110110010101111100010111111110011011111101101101111111111010111111110101110000011011111011011111111101101110111100110111101111010011110011011111111111111011011100010100100110110110111101111101111100110011111111100011101111100011111111011110011010111010101110111110110011101110110111101111111101110101011101111111011100110111001110110111011110111101110101101111110110011111100001101100110011010011010111100000011100011000100100011111011101101111101100001101101,c4cea5d654cbd25354daec8a00acc6aefb307449ac136cd349d28c9746d222b4,bernoulli,bernoulli|conj|p=0.7|zero=allow_iid|rng=MT19937-RandomState,0.7,allow_iid,0.0009341100230813026,8.292216807603836e-05,0.0011974815279245377,0.0009963279590010643,0.6871588351204991,0.6903779236599803,0.003210841678082943,26,111,1,6,SAT_unsat_identifiable,1,boolean_factorization,exclude_x,exclude_x,0,2154,5721,0,1,0,1,0,0,0,1,1,1,0,0,0.005238671787083149
4,50,10,100,3991971823,75,conj,glucose42,MT19937-RandomState,4.8226676881313324e-05,11111100111011010011100010111100010110111011111111011001011111101111111011111111111101011011110111111000111011111111111101111100001011101111001111111101111111111110000110011011110001001111011100111001111011111111111110101111011011001111100001101011110100011100111111101111111110111110111111110110100111000110101011111111101111111111011011111110111011011111111100110101111111011011011111001010011001011010100110111010101111111001110101110010111110111111011010101101100001110110101101111101101100011100,4ea0e47d7ec75abb9b5fed28e5ba37598980d09120358891b8c4b9fe2d481192,bernoulli,bernoulli|conj|p=0.7|zero=allow_iid|rng=MT19937-RandomState,0.7,allow_iid,0.0008842712268233299,7.651746273040771e-05,0.0011309962719678879,0.0010112766176462173,0.23546047788113356,0.23857173509895802,0.003103061579167843,25,112,1,6,SAT_unsat_identifiable,1,boolean_factorization,exclude_x,exclude_x,0,1995,5412,0,1,0,1,0,0,0,1,1,1,0,0,0.005182410590350628
4,50,10,100,3991971823,76,conj,glucose42,MT19937-RandomState,4.9311667680740356e-05,11011100101110110111110101000011010011110011110111111101110100111011111111110011111110100111111010101101111110001111111111011101100111011001111111111110101111111001101101101111110111100111010011111000110001101000111011101111101101111111101101111111101101011111011110111110001111111111010011100010111101111111111010100110110101111110000111101111110111011111110101101001111101111011011111110000011000111111110011011011111110110110101011001111111101110010101101111101111101001100011111010011100110111011,10b1694ef597e2b7bf0428aad291dd38635fe60c8977e6314b33a1f6c173e88a,bernoulli,bernoulli|conj|p=0.7|zero=allow_iid|rng=MT19937-RandomState,0.7,allow_iid,0.0009366655722260475,8.015520870685577e-05,0.0012091677635908127,0.00102139450609684,0.3301846720278263,0.3334400812163949,0.003247383050620556,27,104,1,6,SAT_unsat_identifiable,1,boolean_factorization,exclude_x,exclude_x,0,2263,5975,0,1,0,1,0,0,0,1,1,1,0,0,0.005419641733169556
4,50,10,100,3991971823,77,conj,glucose42,MT19937-RandomState,5.135592073202133e-05,10010110010110111011010010111111100101111101111010111101111011110011100001111011111110010111001101111101111110011101101101101011111111111111110011111111111110100101111111110010001111011101011110010110010011100111110000111011000111111101010111101111011111111100110011011011001010111101111111010001001110001111001101111000000111111111101101100111011111010010111111100110111110101110011110001111111111001010111101101111110110101110010111001101011010101110111111111111100110111101000111110111011000101010,a18b535973c9afb9871220b4d4ddad23cf95be338c7dd3455930d7051e33ccf4,bernoulli,bernoulli|conj|p=0.7|zero=allow_iid|rng=MT19937-RandomState,0.7,allow_iid,0.0009356718510389328,8.306186646223068e-05,0.001283404417335987,0.0009982632473111153,3.6954029770568013,3.6987114883959293,0.003300401382148266,29,109,1,6,SAT_unsat_identifiable,1,boolean_factorization,exclude_x,exclude_x,0,2441,6439,0,1,0,1,0,0,0,1,1,1,0,0,0.0055426619946956635
4,50,10,100,3991971823,78,conj,glucose42,MT19937-RandomState,4.901271313428879e-05,11111011011000101111101111111011111011011000111100111101111111111011010110011000111110100111111010111110100110101110111100101100101010011100111111100111011111111011010011011001101111101101011101011101101101111101101101111011101001011001001101110111110111110100011110111111001000100111010111111101011010001111101111010110110110011111111110001101110110101011011010111111100001101100100110111111101100011111101101011101110110111110111111000001110100101101110110101001011001001100110101111111111110001110,0c6989b3910cee55134fcc4f96e0b49f8009f2c59d95f320ca922775ef248c2d,bernoulli,bernoulli|conj|p=0.7|zero=allow_iid|rng=MT19937-RandomState,0.7,allow_iid,0.0009055137634277344,7.802434265613556e-05,0.0013463301584124565,0.0010151593014597893,0.11451389919966459,0.11786684393882751,0.0033450275659561157,30,130,1,6,SAT_unsat_identifiable,1,boolean_factorization,exclude_x,exclude_x,0,2430,6561,0,1,0,1,0,0,0,1,1,1,0,0,0.005648136138916016
4,50,10,100,3991971823,79,conj,glucose42,MT19937-RandomState,5.311332643032074e-05,11011110111101011010001011110011110101110101110110000100110111110111011111111011110101011111101000111110111110110111111110000011110111110110101101111011110001010101101001111111111101001111010001101011001110111001010101011101001001011111110111111101000011011010100110001010110100011001111100111111111101011001110101111001111001110111100111111010111011011010110111111011111001111011101101001101111011101110111111101111000101111110101111011011101101010111111001100111110110101010111011101101111011111101,bde9d2a4e2b2da37f12e83d0af47300f5a2eb464b7c60673a376f55f7d2e5285,bernoulli,bernoulli|conj|p=0.7|zero=allow_iid|rng=MT19937-RandomState,0.7,allow_iid,0.0011666398495435715,8.655432611703873e-05,0.0015570921823382378,0.0010250769555568695,0.10007020737975836,0.10391389485448599,0.0038353633135557175,36,136,1,6,SAT_unsat_identifiable,1,boolean_factorization,exclude_x,exclude_x,0,2964,7953,0,1,0,1,0,0,0,1,1,1,0,0,0.005915598012506962
4,50,10,100,3991971823,80,conj,glucose42,MT19937-RandomState,9.231362491846085e-05,11110111110111111011011101111010011101101100111111001110011111111101100111011010011111111101001111011011100011100111101110111011111111010111011110111111111111110110111011111100011011011110111111110100101011111110011101101111101101110101110101100011111101010101001101111101111111011110111111100111110111110101110001111000010101010101110111111111011100010010011111101111111001001100111001111010010111011011101001111011111111011011111111101101111010011111111001100111101111110010101101001011111010111100,447f206650cecfd9aa512b88d1d4918f2e286adf9179dca57a377f9812ece144,bernoulli,bernoulli|conj|p=0.7|zero=allow_iid|rng=MT19937-RandomState,0.7,allow_iid,0.0009157368913292885,9.37487930059433e-05,0.001304691657423973,0.0010103071108460426,1.1105922795832157,1.1139253191649914,0.0033244844526052475,29,93,1,6,SAT_unsat_identifiable,1,boolean_factorization,exclude_x,exclude_x,0,2481,6483,0,1,0,1,0,0,0,1,1,1,0,0,0.0053660934790968895
4,50,10,100,3991971823,81,conj,glucose42,MT19937-RandomState,4.978198558092117e-05,11111011010111110111011110111110111010110111110001000110111111110101110100001110111111111110111110111010111011011001101111100100111011111111111101011011111011001001001011111001011111111111110111111001101010011111111011111001100101101111111000011111111101011011111101111010010110111101101101101010101001110111111111111110110101111111101111011011111100101011011001111010110001110011101101011110011111111110110111101010001010111011011111111111100010111111111111011111111110001111111010100101111101101111,4a65c2c9641f3df539292221b3c7e4f2279d840b86f326b669b905c5f23d9d73,bernoulli,bernoulli|conj|p=0.7|zero=allow_iid|rng=MT19937-RandomState,0.7,allow_iid,0.0010537076741456985,7.57407397031784e-05,0.0012821285054087639,0.0010127583518624306,2.430978528223932,2.4344103392213583,0.0034243352711200714,29,91,1,6,SAT_unsat_identifiable,1,boolean_factorization,exclude_x,exclude_x,0,2481,6483,0,1,0,1,0,0,0,1,1,1,0,0,0.005472661927342415
4,50,10,100,3991971823,82,conj,glucose42,MT19937-RandomState,4.97596338391304e-05,11011101111011100110011101010110100111011100001111101111011111110111111011011101101001101111011001100001111100111111101100010110111001100101111111011001110110011111111111001111110111100110101010111111011011001000111111101110111000110010100011111110010101111111111111110101110010101101111001011011101110011011110011001111010111010111010110111111111001111110111111101110111111011101101001101101000111111110111010010111010101110010010101111110111101000110110101011011011110101101111010000000111100111011,2bdfa88c3b5b52cab4ecbeadd74b578960048c85c2ca6baf29690fe6d5b84dbf,bernoulli,bernoulli|conj|p=0.7|zero=allow_iid|rng=MT19937-RandomState,0.7,allow_iid,0.0010761534795165062,8.615851402282715e-05,0.0014272499829530716,0.0010268278419971466,1.0820369999855757,1.0856612622737885,0.0036163898184895515,32,122,1,6,SAT_unsat_identifiable,1,boolean_factorization,exclude_x,exclude_x,0,2628,7047,0,1,0,1,0,0,0,1,1,1,0,0,0.005659518763422966
4,50,10,100,3991971823,83,conj,glucose42,MT19937-RandomState,5.158130079507828e-05,00111100011001110001101111110111111100111011110111010110111000011010000110111101110001111011101110010111111111110111011110111101111101001111110111110111011111111111011111011111111111110011111111111111100101111111111110110101010011110110110111110011110100011110111110000000111110110010110110111100110110111111111111110001111011101101110101011110011101111111111110011010110011011101011111110011011111110100111000001011001111111101111101011010111111111110110111011001111111011101011000110110111111111011,33931d5d6b379e40e380fc650b42618bcb196a12a4cb53b34628e2280156aa4b,bernoulli,bernoulli|conj|p=0.7|zero=allow_iid|rng=MT19937-RandomState,0.7,allow_iid,0.0009226324036717415,7.465202361345291e-05,0.0012116990983486176,0.0010160459205508232,0.13399882707744837,0.13723149616271257,0.003225029446184635,27,111,1,6,SAT_unsat_identifiable,1,boolean_factorization,exclude_x,exclude_x,0,2223,5931,0,1,0,1,0,0,0,1,1,1,0,0,0.005332033149898052
4,50,10,100,3991971823,84,conj,glucose42,MT19937-RandomState,5.6527554988861084e-05,01000010111111100111111010111111110011111111111010101111000111110011110011111111101111111011011111101010111110000111100011111010110111010101110111010111101101101101111111010111111010111000111110011111001111100100111101011011111010001111001111010010100001110110111101111101111110111111101111101011010101100111100101011110101101111001111111111001111111111111100101111101111110001111111001110111110101111101111110110111001011111110100111110100000101100111110110110111000001100111110010011100010110111111,cecf90314253dc57776ba2260042606c5c88ed78bb3653cc5e082848d6ff8e35,bernoulli,bernoulli|conj|p=0.7|zero=allow_iid|rng=MT19937-RandomState,0.7,allow_iid,0.0009870799258351326,7.761642336845398e-05,0.0013475213199853897,0.0010089278221130371,0.12432760186493397,0.12775607034564018,0.0034211454913020134,30,113,1,6,SAT_unsat_identifiable,1,boolean_factorization,exclude_x,exclude_x,0,2510,6649,0,1,0,1,0,0,0,1,1,1,0,0,0.005537987686693668
4,50,10,100,3991971823,85,conj,glucose42,MT19937-RandomState,4.942994564771652e-05,00101010111011100110100100001011111111110101111011111011011101101101011101101101011111010111111111110111110110101111111111110001101111111110011111000111011011011111111011101111111111001111011001101111101100110011111101110101111110011111111011101011101101010110111110001001011101110111011011111110011101001111011010010110011110010101100111010100100111110111111111010111111000111111101111111011001101101011111111111011011100011110111100101111011111100001111010011110101110011101011100011011101110001111,ca736acc9b156ec0c5523ed21d5b2cfd0d73690e4f4c4ba0086b569fe0f9ac76,bernoulli,bernoulli|conj|p=0.7|zero=allow_iid|rng=MT19937-RandomState,0.7,allow_iid,0.0010084724053740501,9.03857871890068e-05,0.0014615897089242935,0.0010099438950419426,0.36873182468116283,0.37231072038412094,0.003570391796529293,33,111,1,6,SAT_unsat_identifiable,1,boolean_factorization,exclude_x,exclude_x,0,2777,7345,0,1,0,1,0,0,0,1,1,1,0,0,0.0056617846712470055
4,50,10,100,3991971823,86,conj,glucose42,MT19937-RandomState,5.089025944471359e-05,10101010111101010011101110111111101111010110011111111111111111110011101111001111011011110110011111100111111110110101101001100100111101001100110010001101110111111101010001111000111011101011101010111011001110100111010110101111101110111001011111011110011101111010001110111110010110011111111011111101011111011100111111111110000011110101011111101110110010010101010011100010100111101111100111000111110111101111110100110101101111001111001100110001111001111111000100111111100111110101000011110110011111011011,4fa4b33e355de609a2f74b2e1994cb0a776539d96dd63a6696796667b1440137,bernoulli,bernoulli|conj|p=0.7|zero=allow_iid|rng=MT19937-RandomState,0.7,allow_iid,0.001133553683757782,8.489377796649933e-05,0.0014350730925798416,0.0010260986164212227,1.0140753583982587,1.0177627159282565,0.0036796191707253456,33,114,1,6,SAT_unsat_identifiable,1,boolean_factorization,exclude_x,exclude_x,0,2747,7312,0,1,0,1,0,0,0,1,1,1,0,0,0.0057021500542759895
4,50,10,100,3991971823,87,conj,glucose42,MT19937-RandomState,5.253218114376068e-05,11010010010101111101010011111011000011101110011111111111111001111111011100101111111110111111010010111111011100101100101111111111110111000111110111111000111011101011111111110110011010011111111011110100101010001010000101101010101111011110101111110110110110011111100001111111111010001110000111011111100010111110100111001101111010011101111111101111101111110111110011111001110011101000110111101011110110110010101011000011100110110101001000111101011101101111101011001110111111110110111111110011011110110111,7fbc0bdf3a6232f7031fd79025babf36d470ea3e4809e801a9110fb9bbc923ab,bernoulli,bernoulli|conj|p=0.7|zero=allow_iid|rng=MT19937-RandomState,0.7,allow_iid,0.0011169454082846642,8.948519825935364e-05,0.0014572003856301308,0.0010031918063759804,0.10756588354706764,0.11124088056385517,0.003666822798550129,33,121,1,6,SAT_unsat_identifiable,1,boolean_factorization,exclude_x,exclude_x,0,2707,7268,0,1,0,1,0,0,0,1,1,1,0,0,0.005690213292837143
4,50,10,100,3991971823,88,conj,glucose42,MT19937-RandomState,4.914682358503342e-05,10110111110011111101111110111111111011011111010101111111101000100111011111011011011101111111111111110000110101011110110010101011110001111101110101101101111110101110110111111101111011001111011111111111111111111011111101111110111111111111110100011110001010110100010001111111001111001111101011110100111100111110011111111111111110110100111110111110111011011001010111110111111110101011111011111111111101100001111111111111000111100111111111011110111111100111100101001111110111101101101111011111010111111111,7cdbeb4afc2a40ef8d87543a99639e968fa5beb4b11b8475e3bfbfe47c407799,bernoulli,bernoulli|conj|p=0.7|zero=allow_iid|rng=MT19937-RandomState,0.7,allow_iid,0.0009392444044351578,7.981434464454651e-05,0.001257290132343769,0.0010089343413710594,0.3589470228180289,0.36223980970680714,0.0032852832227945328,28,81,1,6,SAT_unsat_identifiable,1,boolean_factorization,exclude_x,exclude_x,0,2492,6361,0,1,0,1,0,0,0,1,1,1,0,0,0.005242393352091312
4,50,10,100,3991971823,89,conj,glucose42,MT19937-RandomState,4.958733916282654e-05,11001101111111101001111110111111101000001111011111101110111010111110100101101111010101010101111011101101001110010111111101111111010100001110001100011110111100000001101111111100011101011111110010111011111101111111110111010101101101111001111000101011110010101001101110011101100111110011101111111110110010110111011110111110111010001110011011001011111101101101111010100101111011100101001111000111010111111010010111111111010110111110011101111111011100011101011111111101111100111110111110011110111111100101,942dbbce80f23a867e520191984adef94f69a1dbfc7c85ea603a7a94de491e7a,bernoulli,bernoulli|conj|p=0.7|zero=allow_iid|rng=MT19937-RandomState,0.7,allow_iid,0.000914132222533226,7.580593228340149e-05,0.0013032453134655952,0.0009981859475374222,0.5580763230100274,0.5613753106445074,0.003291369415819645,29,110,1,6,SAT_unsat_identifiable,1,boolean_factorization,exclude_x,exclude_x,0,2401,6395,0,1,0,1,0,0,0,1,1,1,0,0,0.005436117760837078
4,50,10,100,3991971823,90,conj,glucose42,MT19937-RandomState,8.430704474449158e-05,11110101010011110111101001110111011001110101111111001101000011100011101001101111101011110011010111110111111111001011000011010111111101010110111101011111111100110111100001010100111101111101111111110111010100110010100101111001101100110011011111111100101111111110110001100011110111110111101000110000110101010011100111110111111011011111111111111101011111111111111100111111010111011110000110011101111111111010111111001001110111101111011111000110101110111011110111110101111101111111111010110101111110110110,ceef4b9c4a6eb650b13a3ae8e1764f59f2f001384278ea8fc803eb8641805dd9,bernoulli,bernoulli|conj|p=0.7|zero=allow_iid|rng=MT19937-RandomState,0.7,allow_iid,0.0008569192141294479,7.815100252628326e-05,0.0011349571868777275,0.0010125478729605675,0.06278212368488312,0.06587180402129889,0.003082575276494026,25,119,1,6,SAT_unsat_identifiable,1,boolean_factorization,exclude_x,exclude_x,0,1975,5390,0,1,0,1,0,0,0,1,1,1,0,0,0.005280093289911747
4,50,10,100,3991971823,91,conj,glucose42,MT19937-RandomState,4.8857182264328e-05,11011111111011011001011011111001111001110111001010010100101111110111101111010111011111001110011111111010010110111111110111011011011110110111011111101000011111111111111010111000011101101100111111111111010111100101111101110111110110110001111100111111111111100001101111010101101011111111111101111101111111111101111000001111110111011011011111111010111110110011011100100010001010110111111110111011001110010011011000011100101101011111111111010111011011110111001111110111011111111010111101111101111110111111,94022db4ddc367400583d798f95a94c10caa30fe584188d6f858eb4d78fa933b,bernoulli,bernoulli|conj|p=0.7|zero=allow_iid|rng=MT19937-RandomState,0.7,allow_iid,0.0010046614333987236,8.38693231344223e-05,0.0014294106513261795,0.0010189423337578773,0.20045980997383595,0.20449857600033283,0.0035368837416172028,31,95,0,5,SAT_found_counterexample,1,boolean_factorization,exclude_x,exclude_x,0,2679,6969,0,1,0,1,0,0,0,1,1,1,0,0,0.005356254987418652
4,50,10,100,3991971823,92,conj,glucose42,MT19937-RandomState,5.17573207616806e-05,11101110001110111111101011111111010011111011011110110000111111011111010000110010101111111111011111111111110101001011111100011101110111000110011111001111111100111111111101111111101111101101011110111110000111100100011101011001111000001101111010001110101101111101110011101110111101110111111011100111011010101111111111101000111011111110010010100001101111101001111011010110011010111010111001111111110101110101011100101011110111111011101011110101101111011111111011110101101111100011101111001111111000111111,89b6ae41e956c779f5974f596f8449d1330fff871ad10134a99100971580a052,bernoulli,bernoulli|conj|p=0.7|zero=allow_iid|rng=MT19937-RandomState,0.7,allow_iid,0.0009977007284760475,7.306784391403198e-05,0.0012381859123706818,0.0010043662041425705,0.2187769403681159,0.22209805715829134,0.0033133206889033318,28,101,1,6,SAT_unsat_identifiable,1,boolean_factorization,exclude_x,exclude_x,0,2322,6174,0,1,0,1,0,0,0,1,1,1,0,0,0.005364309065043926
4,50,10,100,3991971823,93,conj,glucose42,MT19937-RandomState,6.0146674513816833e-05,10111010101111110110111110001111111111110101101101110111011001001110110111110101111111101111010011011101111111101111110111100101011101110111110110100010111101111101001001111110110110011111101011010101111111111010111111011011101111011100111111101110111110111111100110111111111110110111100110111011001111001011011110111110111010101110001111111110000010111101110011011011111100101100110101110111101110101011111000101011010101111111111110101110010111111111110111111010011110111111101110011111111010110011,a2faefb1a5e141ab1f066cdb15fc1c37e80745898f15d0f6918534f2f84547bf,bernoulli,bernoulli|conj|p=0.7|zero=allow_iid|rng=MT19937-RandomState,0.7,allow_iid,0.0009794384241104126,8.273962885141373e-05,0.0012962734326720238,0.0010316213592886925,11.866507284343243,11.869905643165112,0.0033900728449225426,29,93,1,6,SAT_unsat_identifiable,1,boolean_factorization,exclude_x,exclude_x,0,2491,6494,0,1,0,1,0,0,0,1,1,1,0,0,0.005387450568377972
4,50,10,100,3991971823,94,conj,glucose42,MT19937-RandomState,5.27380034327507e-05,01001010101010011101001111110110110110111111111011110111110011111111111110001111010101011101100000110001100101101110100010101100100011001110001010111110111111001011111111111111100001010001111101110011111011110010111110111110111100011111111110011101111111111111010000100111110111011101010110101011100010111111101010101111111111111111100010111110101111011101100011010111110010101010111111100110110011101110111011110111100111110100111110001111111110111010110110010111110111101111111110101101011111000110,b2bf104488bbae34695e200fbd874586b8f208a35ded4b4571e76af359bbba94,bernoulli,bernoulli|conj|p=0.7|zero=allow_iid|rng=MT19937-RandomState,0.7,allow_iid,0.0010219123214483261,0.00010556168854236603,0.0013869060203433037,0.0010418659076094627,0.09076838940382004,0.09434084128588438,0.0035562459379434586,31,129,1,6,SAT_unsat_identifiable,1,boolean_factorization,exclude_x,exclude_x,0,2489,6760,0,1,0,1,0,0,0,1,1,1,0,0,0.006103658117353916
4,50,10,100,3991971823,95,conj,glucose42,MT19937-RandomState,4.759151488542557e-05,01000011110011111000001111110111111101110011011111111011100110111010110111111111010010111111000101110101111111101100111011111010011111011111011111110010110111101111001110111111111110101111111111110101000111100001000100111111100111111001101111011111101111110011111101101111110010011111111110111001101111100101111111100000111111010111110101111111011000111101111011101111111011011101111000111101011111011111111101011011101110110011100111111110011111110100001110111111110111110001001111011011011111110110,4fe8079b13edb83f501cfe5cd9d2f4216ad886555a57e04ee329cb2ed40f0675,bernoulli,bernoulli|conj|p=0.7|zero=allow_iid|rng=MT19937-RandomState,0.7,allow_iid,0.0010996535420417786,7.986370474100113e-05,0.001435600221157074,0.0009949896484613419,0.2508075963705778,0.2549355188384652,0.0036101071164011955,33,84,0,5,SAT_found_counterexample,1,boolean_factorization,exclude_x,exclude_x,0,2897,7477,0,1,0,1,0,0,0,1,1,1,0,0,0.0054010059684515
4,50,10,100,3991971823,96,conj,glucose42,MT19937-RandomState,5.937553942203522e-05,11011111000101111111110101111111001101111011101110111111111110001011111101001110011111101011111111111110111111111111110010011111101101111101011111111001010111011101111011001001001110011011110110101001011111101101100101111111111111111111110111111111011100101110001011010101011011001110010010111101101111110011101011011110110010111111111001111111101111111101111001100111111100110010011111111010111111011011101101011010111101111101111111111110111111111101100101101110010111101011110011010000110101011111,7bf6ed470c33f617079553f0d9e556a5a5f86e1a31ae96fd12b0e21083cc6bd1,bernoulli,bernoulli|conj|p=0.7|zero=allow_iid|rng=MT19937-RandomState,0.7,allow_iid,0.0009337160736322403,8.749403059482574e-05,0.001280912198126316,0.00100760068744421,0.6594178089872003,0.6627361830323935,0.003309722989797592,29,95,1,6,SAT_unsat_identifiable,1,boolean_factorization,exclude_x,exclude_x,0,2501,6505,0,1,0,1,0,0,0,1,1,1,0,0,0.005373051390051842
4,50,10,100,3991971823,97,conj,glucose42,MT19937-RandomState,5.2887946367263794e-05,11001111101111001001010111110011000000101000111111001111011111111111011101110110100101111111011111111110010111011110111111111100101111100111010110100111011110101100110111111111101111110011011011111111001001111011100111100011011111011111011000011000100010011101111111001011111111001011100111011111111101111111101111110001111101111001001011010011111111101001100110010111001100011011111110101111111101011101111011101110010011001101110110101011001111011011001011111101110111010111111010001101111101110111,9ae1417b82feade3e8343bb509e33c6cff7597230ffcecf4fd66656e7fffd31f,bernoulli,bernoulli|conj|p=0.7|zero=allow_iid|rng=MT19937-RandomState,0.7,allow_iid,0.0009768912568688393,7.747858762741089e-05,0.0012355940416455269,0.0010072747245430946,0.38207539543509483,0.38538059033453465,0.0032972386106848717,28,112,1,6,SAT_unsat_identifiable,1,boolean_factorization,exclude_x,exclude_x,0,2312,6163,0,1,0,1,0,0,0,1,1,1,0,0,0.005344747565686703
4,50,10,100,3991971823,98,conj,glucose42,MT19937-RandomState,5.045626312494278e-05,11110100111010100111111110110101111111111110010110100101011111011111010111001010001110001001000110100101111011011100011111101011001010111000001011011111111111010100111111100011100111101011101110101110111101011100101111101111110111111111111111110100111101001011111000100011111111001110011010011101111100101111111011111100101001011101011111011111110111111010110111110001101101100000111111101011101111111011111101111111110000110110101111110111110101101010101100111111101111111011111010001011011110101111,ac397b6bbf9cb7e056ddcfa7e779428560f6c4387775e3b679c3d5fe8dcea68b,bernoulli,bernoulli|conj|p=0.7|zero=allow_iid|rng=MT19937-RandomState,0.7,allow_iid,0.0009719543159008026,7.406249642372131e-05,0.0012039616703987122,0.000999346375465393,0.7224986208602786,0.7257557651028037,0.003249324858188629,27,127,1,6,SAT_unsat_identifiable,1,boolean_factorization,exclude_x,exclude_x,0,2163,5865,0,1,0,1,0,0,0,1,1,1,0,0,0.005335953086614609
4,50,10,100,3991971823,99,conj,glucose42,MT19937-RandomState,5.0185248255729675e-05,11111011111111110111101101110111110111110111110110111100100001101100111101100111111111101111101100011100111110101111101011011110011011010001010010110111000111111100011111110011111110101010111101111111001111110111111101011111100101110111111111110101110000110110111011100111011110011111100111010110111111001111101100110110110101111111100101110101011111111011111111101111111111100101111111110101101011101111111111001000101100111111111101011110111111111010111111111101001111101111101111111111111011111011,244a5f08183ff040e740e1c9120dfec7196b8e077f52581a1f7375c944753674,bernoulli,bernoulli|conj|p=0.7|zero=allow_iid|rng=MT19937-RandomState,0.7,allow_iid,0.0008922237902879715,7.731281220912933e-05,0.0011242534965276718,0.0010333443060517311,0.39774108305573463,0.40087604708969593,0.0031271344050765038,25,88,1,6,SAT_unsat_identifiable,1,boolean_factorization,exclude_x,exclude_x,0,2155,5588,0,1,0,1,0,0,0,1,1,1,0,0,0.0050971247255802155
