schema_version,J,K,N,seed,sim,operator,solver_name,rng_engine,generation_time,q_bitstring,q_sha256,design,design_id,p,zero_row_policy,basis_time,identity_check_time,two_col_check_time,three_col_check_time,sat_time,algorithm_time,preprocess_time,J_basis,M_basis,identifiable,branch,branch_label,sat_called,sat_formulation,sat_cardinality_encoding,cardinality_encoding_requested,maximal_candidate_requested,sat_variables,sat_clauses,identity_original,not_complete_original,has_pure_node_original,no_pure_nodes_original,has_zero_row_original,two_col_violation_original,three_col_violation_original,two_column_pass_original,both_necessary_checks_pass_original,I_3c,identity_basis,two_col_violation_basis,diagnostics_time
4,50,10,100,75988610,0,conj,glucose42,MT19937-RandomState,0.00015661772340536118,01010100101010000011001000000000000011000010111001111000100110000001011001000000100000100110110000000010000110010101000001001010001111010010001001000000100010000000000000001011100101000000001000010100101011001000000100001000111011101100000010101000101000010000100011110100110000010000000111000000000001101000001000001001000011101010000001000100010000000010100000000001001110001000010000000000111000100100001001000011000001000110101101010000000001001001110100001000000000000000100000100110000110000000,ed094b4f4e4504b8b2fb5ea6dd22c7cf84fb8838ae7b0e53939190dc8e8de9e1,bernoulli,bernoulli|conj|p=0.3|zero=allow_iid|rng=MT19937-RandomState,0.3,allow_iid,0.0008434318006038666,0.00010230299085378647,0.0011414848268032074,0.001429947093129158,0.02248387038707733,0.026019848883152008,0.0035171667113900185,22,662,1,6,SAT_unsat_identifiable,1,boolean_factorization,exclude_x,exclude_x,0,1068,3990,0,1,1,0,1,0,0,1,1,1,0,0,0.0066033657640218735
4,50,10,100,75988610,1,conj,glucose42,MT19937-RandomState,5.3610652685165405e-05,00110110010001000100000000000000000010011001010011001100000100100000011001111001000000000001000001001001011000101110110100000001000100101010000100110001010000000000011000000100000010100010101000010000010010100101110010000010001001010101001100001001100000001110001010000011010010000000011000000001000001000000100000100100000000001010100000000001000010011000011001000000000001010100001000010000000011000010000001010100010010000110001001001100111000101000000000001110000101000100000000111001000000000000,eb08db7377821111de21d3bd140ca16bc395fd61ff4ff833186109e3446e265c,bernoulli,bernoulli|conj|p=0.3|zero=allow_iid|rng=MT19937-RandomState,0.3,allow_iid,0.0007391283288598061,9.442493319511414e-05,0.0010783001780509949,0.0010088877752423286,0.007312591187655926,0.010243715718388557,0.0029207412153482437,23,733,1,6,SAT_unsat_identifiable,1,boolean_factorization,exclude_x,exclude_x,0,1167,4233,0,1,1,0,1,0,0,1,1,1,0,0,0.0069372765719890594
4,50,10,100,75988610,2,conj,glucose42,MT19937-RandomState,5.957111716270447e-05,01100100000000001000000101110000110100011111001001000000000011100000000111001000000100001010101001100001101110000011010000010001000011100011001100010000000101001001100000000011010100010010100100000001000010110110000011000000000001000001001000100100010000001000010010101111101011000100010100100000100100001000100000000000001011000110001111000110100000000000000001001101011110000010011001100000001100100000000000011010011010000000100101100001100010110000000100000011000011100001000100000000000010010010,f946ca8e69f28bf333d166a027f135fe0726c6dffa127ee26e3dd7d85bd6daa5,bernoulli,bernoulli|conj|p=0.3|zero=allow_iid|rng=MT19937-RandomState,0.3,allow_iid,0.0008826702833175659,9.74368304014206e-05,0.0013829423114657402,0.0010255882516503334,0.00880004558712244,0.012198410928249359,0.00338863767683506,31,666,1,6,SAT_unsat_identifiable,1,boolean_factorization,exclude_x,exclude_x,0,1599,5781,0,1,1,0,1,0,0,1,1,1,0,0,0.007573986425995827
4,50,10,100,75988610,3,conj,glucose42,MT19937-RandomState,6.195716559886932e-05,00100000010110100000001000000100000000001001100000100010100100001001001000000111101110110010101100110110100100001111110100011000001011000000000010011100010000100011001010000000001000101001101101000100011001001011000010001000111000010000001100000000110010001010010100000001000000000101001000001100000101010010000000100010001100000101001100000101000000000001101010100000000100100100000000010000100111000100000000010000101101100010110000110000000010001100000110101000001100111011000000001000101000000000,b04575108f551e91139533dcb6815c9576b4e9cc64a9bbac7266941bc1b85c11,bernoulli,bernoulli|conj|p=0.3|zero=allow_iid|rng=MT19937-RandomState,0.3,allow_iid,0.000828910619020462,7.492303848266602e-05,0.001221449114382267,0.0010417802259325981,0.00834841188043356,0.011524352245032787,0.003167062997817993,27,656,1,6,SAT_unsat_identifiable,1,boolean_factorization,exclude_x,exclude_x,0,1313,4930,0,1,1,0,1,0,0,1,1,1,0,0,0.007083345204591751
4,50,10,100,75988610,4,conj,glucose42,MT19937-RandomState,5.613919347524643e-05,01010100000010001001001001000000000001011000100101000001010010000101000111000000000001000111000001001000000010010010001001001100000001100001001000100000001000000001000000001000011101000100001101110001011000101001010010011000110010010011100010001000001000000010111001001011011000100000011001000010001001001010000100000010100000100000010001100000001001001000001100000100100000100100111010000100010010010000000001100110101000110000011000000000000100000010010000010110000001111101101100001001101000000011,4ee5d31d078c03482e362ab2c66f4927895281c6b607056805f5416495cf1dcb,bernoulli,bernoulli|conj|p=0.3|zero=allow_iid|rng=MT19937-RandomState,0.3,allow_iid,0.0009530233219265938,8.095335215330124e-05,0.001132868230342865,0.0010153334587812424,0.007535566575825214,0.01072625257074833,0.0031821783632040024,25,847,1,6,SAT_unsat_identifiable,1,boolean_factorization,exclude_x,exclude_x,0,1125,4455,0,1,1,0,0,0,0,1,1,1,0,0,0.0073370905593037605
4,50,10,100,75988610,5,conj,glucose42,MT19937-RandomState,6.304308772087097e-05,01000110001100111100001000011000001100010000000000011001000000000001001010110000011101100001100000011101010000001000000100011000100000010100101010000001010010101001000000000000110000000010000000100000010010000000010000000100110110100000111010010000100110101001000100001000001010100000110110010000101110001000000000000011000011100100010101000001110000111000101101011100001110011110100100001010100001000000100001001100000011110001000001000001111000000110011000000000001000001010100110011011010000000000,9796a46976f84f732bab7ffd05d39b250f7d71c6dab9c403178e6e1078e251cd,bernoulli,bernoulli|conj|p=0.3|zero=allow_iid|rng=MT19937-RandomState,0.3,allow_iid,0.0009638601914048195,9.264238178730011e-05,0.0013994676992297173,0.0010564420372247696,0.01821873988956213,0.021740619093179703,0.0035124123096466064,31,751,1,6,SAT_unsat_identifiable,1,boolean_factorization,exclude_x,exclude_x,0,1529,5704,0,1,1,0,1,0,0,1,1,1,0,0,0.00779242068529129
4,50,10,100,75988610,6,conj,glucose42,MT19937-RandomState,6.0879625380039215e-05,00011001001100000000000011111000000000000010000010011101000010010000010110000000000000110111000100111001100111101110010000000000000000000000010010000000110100110010000001000000001100000001100001100101000101100010010110001001001010111001010100000010100110000000100011001001110010101010011100100100001110100000001010001010000001000100001010010000010000000010010010011000000011000110000010000000010011101000000000000011010000000001100010010110110000011100100000101000000001000010110000000000000000000010,e894a6043783ab56dc619234359775eadd4917886316ccafafe9d69b68ad65f1,bernoulli,bernoulli|conj|p=0.3|zero=allow_iid|rng=MT19937-RandomState,0.3,allow_iid,0.0009512975811958313,9.076204150915146e-05,0.0014397399500012398,0.001081543043255806,0.008114838041365147,0.011687669903039932,0.0035633426159620285,32,712,1,6,SAT_unsat_identifiable,1,boolean_factorization,exclude_x,exclude_x,0,1608,5925,0,1,1,0,1,0,0,1,1,1,0,0,0.0076904697343707085
4,50,10,100,75988610,7,conj,glucose42,MT19937-RandomState,5.58486208319664e-05,10100010010001000001010100011010100000010000000000000110000101000100000000000000100010010001100000001100000101001000000100000011110000000110100110001100000001100000000000110000010010010100001001000011000010000011000010000001000010100100100000000010001001100000000100010000010000000000101010000100000000001010100010101011001111000111011000011110100001000000000100000110000101000000000010110001000001001100100001101000001011010001001100000010110100011001010100000000101000100000000000001100111011110010,8a24a4da721f4e965912aca8e6d05a813718fd7a93cbe633e2b4371350c277a0,bernoulli,bernoulli|conj|p=0.3|zero=allow_iid|rng=MT19937-RandomState,0.3,allow_iid,0.0008597010746598244,7.984600961208344e-05,0.0011100266128778458,0.001036328263580799,0.007281512953341007,0.010376728139817715,0.0030859019607305527,24,790,1,6,SAT_unsat_identifiable,1,boolean_factorization,exclude_x,exclude_x,0,1126,4322,0,1,1,0,1,0,0,1,1,1,0,0,0.007110019214451313
4,50,10,100,75988610,8,conj,glucose42,MT19937-RandomState,5.0154514610767365e-05,11100000110000011110011000000001000000100100110000000100010011000010100000100010100000000010110101000010001000100101000000000101000001111000011000100000010001010000011000000101100101011100100000001000000001010000010011010010001110001011010000000000001011100000010001010100110000101010010000110000110000000001000000000011000101100010101000100100000000001010001000001000010100110001100000000001100010000010001011110000100000010001000000010000100101101010000000011000000011010100000010001000000100010000,1705ba5b6c6ac6c3197cd1b1a5238860def0d0255424bdbc8ac9c37d3283893a,bernoulli,bernoulli|conj|p=0.3|zero=allow_iid|rng=MT19937-RandomState,0.3,allow_iid,0.0009180260822176933,8.559692651033401e-05,0.001345546916127205,0.0010631661862134933,0.008509578183293343,0.011928625404834747,0.0034123361110687256,30,837,1,6,SAT_unsat_identifiable,1,boolean_factorization,exclude_x,exclude_x,0,1460,5494,0,1,1,0,1,0,0,1,1,1,0,0,0.007964614778757095
4,50,10,100,75988610,9,conj,glucose42,MT19937-RandomState,5.385279655456543e-05,01011111010100100100000000010100110010100001110010000001000110010001000010100011101001111000110000100000010000001001010110001000000000001010000000010010101000100001001100110100000001010100000010001000100000010100100010101101001011000001001001010000000000000100000010010100010000001000100010001010000000000110100000000100001010000000000010010000011010010010110010001000001010110010100001000010110111011001000001001000000000010010100011010111100000000001000000000001101000010001000000101000101001100100,ee0ffc05c29beb07cc89ed5d125c4d4ed6ae8a6787949bd4e8b35d912c735c0e,bernoulli,bernoulli|conj|p=0.3|zero=allow_iid|rng=MT19937-RandomState,0.3,allow_iid,0.0009198961779475212,8.001644164323807e-05,0.0011468036100268364,0.0010193362832069397,0.007920484989881516,0.011093808338046074,0.0031660525128245354,25,861,1,6,SAT_unsat_identifiable,1,boolean_factorization,exclude_x,exclude_x,0,1155,4488,0,1,1,0,0,0,0,1,1,1,0,0,0.007423232309520245
4,50,10,100,75988610,10,conj,glucose42,MT19937-RandomState,0.00010118633508682251,01000000001001001101100000000100001000000011111111010011110010111001010100010101000010000000000011011101001000010010011101011100010011101001010011000010001000100010000100101000001001101100011101000100000100100100010000110011010110000100100100010000001100000010000001000000100011010101000110010000100000000100010000010001001100100011000001110010001101000000101001010001000000100001001000101000100011010000001000010111010011011000001000000001000111000000100000001000000000000011110111101000010010100011,0e86a439a36766ee80173039ff60f16e9bee3ff2122406f6c0e7ee82b4c8e836,bernoulli,bernoulli|conj|p=0.3|zero=allow_iid|rng=MT19937-RandomState,0.3,allow_iid,0.0009427499026060104,8.627306669950485e-05,0.0012222463265061378,0.001035444438457489,0.00822391826659441,0.011518318206071854,0.003286713734269142,26,809,1,6,SAT_unsat_identifiable,1,boolean_factorization,exclude_x,exclude_x,0,1294,4775,0,1,1,0,0,0,0,1,1,1,0,0,0.007292221300303936
4,50,10,100,75988610,11,conj,glucose42,MT19937-RandomState,4.9590133130550385e-05,01001000001010101000000001011001100100011000010010000010000100110100110111111110011000001000001010001000100100110001000000011000010101010001001110000000010111000010100001101000000101001100010010011000000110010000101010100000001101010000000101111000110010011000100000000100001000111000000010100100000100001000001100000000001110110000011010101001110000000000111010000001010100000101001000110000110100100010110010000100000110001110001000000000000100000100100100000000100100000101110000000000101010001000,3178a2ab90da0c491c11355e6e53f0fdbd08d01899acd41b241de9b17577e479,bernoulli,bernoulli|conj|p=0.3|zero=allow_iid|rng=MT19937-RandomState,0.3,allow_iid,0.0009935945272445679,9.240768849849701e-05,0.0015289261937141418,0.0010269330814480782,0.012583183124661446,0.01623430009931326,0.003641861490905285,35,704,1,6,SAT_unsat_identifiable,1,boolean_factorization,exclude_x,exclude_x,0,1745,6478,0,1,1,0,0,0,0,1,1,1,0,0,0.008008630946278572
4,50,10,100,75988610,12,conj,glucose42,MT19937-RandomState,5.124695599079132e-05,01100010010000000010100000100101010000000001111011101000000101101011010000100000010001100000000010000000101000000101001000000001100110010001100001000010010100000000110011010110000010000000001100100100001000000011001101001000100001001001000010000001100001100001100011011100000000011000001001100000000010000010000000101110100110000010100011100100000011100000000011000010000000000000100010011110001100000100111011110010011010010001110000100000011000111010010000100001101001100000010000000100000000001111,57d01dd60843ceb4b1e5131cf055ac1d542672519662c586ad42ff750a929bc0,bernoulli,bernoulli|conj|p=0.3|zero=allow_iid|rng=MT19937-RandomState,0.3,allow_iid,0.000814393162727356,7.541663944721222e-05,0.0010704603046178818,0.0010182149708271027,0.006593180820345879,0.00957905687391758,0.0029784850776195526,23,761,1,6,SAT_unsat_identifiable,1,boolean_factorization,exclude_x,exclude_x,0,1137,4200,0,1,1,0,1,0,0,1,1,1,0,0,0.006984565407037735
4,50,10,100,75988610,13,conj,glucose42,MT19937-RandomState,5.030818283557892e-05,01000010000010101000000010001010000000000110000010011101100001110001011100000000001000001000110111000110010000001001011010001001000000110000000111100001011000001100000000001010001000101000100000101100101100100100010001100100000101000100010000000000101010000101001001100110101101010001010100000001000001000010001000001000000100000001111011000100111010110000000110001001011000111000001100000000101000001000000100101001100000000010011001000111000100100010100010001111111110000100011000000100000000100000,ce68f67d82bd9c224a18225091b87e4569b131b6c0d82ee51d378af1105eb9ea,bernoulli,bernoulli|conj|p=0.3|zero=allow_iid|rng=MT19937-RandomState,0.3,allow_iid,0.0008834358304738998,7.961038500070572e-05,0.001260995864868164,0.0010463548824191093,0.0077420854941010475,0.011020177975296974,0.003270396962761879,28,794,1,6,SAT_unsat_identifiable,1,boolean_factorization,exclude_x,exclude_x,0,1332,5085,0,1,1,0,0,0,0,1,1,1,0,0,0.007609749212861061
4,50,10,100,75988610,14,conj,glucose42,MT19937-RandomState,5.57461753487587e-05,10110111000000011111010001000010000000000000010100000000100000001000100000001010000000000000101000000011100000111000100000001101000010000110101000011000110100100000000000000110000001100000000110001101010000100111111010000001010000000000010011000010001000000000000000001000001010001111000110101100001011000001010101100001000100011110000000000000100101100011010010000001110000101001101000000111000000001000001011100000100010000010000011110000100001001111011000000100110000110000010000000100101110110010,9b28fab5f435da8ee21d9b70f13fd32bfff805b01352b90cc604b26242a287e8,bernoulli,bernoulli|conj|p=0.3|zero=allow_iid|rng=MT19937-RandomState,0.3,allow_iid,0.0009870771318674088,8.327048271894455e-05,0.0013871816918253899,0.0010223230347037315,0.008744552731513977,0.012230925261974335,0.0034798523411154747,31,727,1,6,SAT_unsat_identifiable,1,boolean_factorization,exclude_x,exclude_x,0,1569,5748,0,1,1,0,1,0,0,1,1,1,0,0,0.007870305329561234
4,50,10,100,75988610,15,conj,glucose42,MT19937-RandomState,5.1315873861312866e-05,00010000010000110010010100001001001100010001000101110000100100010010010001100001000011011100010000000000111001001010011011101000001000000000100000000100100001000000000010101100010101010001001000110000000001110000110111000010100001100001101011010000111100010000000011010110000000100000000000101000011100101100001010001011000100011010101100101110100010000000011100000010000000001000101101001100000000000000110000001000010110101010000000000000000011010010110001100000011010000000000011001000000001100000,92e80583912b5e23959162983606f9487e729004f744495b6025444a64e26a99,bernoulli,bernoulli|conj|p=0.3|zero=allow_iid|rng=MT19937-RandomState,0.3,allow_iid,0.0009445194154977798,8.30385833978653e-05,0.00138168316334486,0.0010339543223381042,0.009728961624205112,0.013179449364542961,0.0034431954845786095,31,617,1,6,SAT_unsat_identifiable,1,boolean_factorization,exclude_x,exclude_x,0,1609,5792,0,1,1,0,1,0,0,1,1,1,0,0,0.007330706343054771
4,50,10,100,75988610,16,conj,glucose42,MT19937-RandomState,5.139503628015518e-05,01100111000001101101010100001000000000110000110000011001110000101000000000000001110001010000110000000011010000100000000000100000000101100101101100001000100000001000001000110011000001010111010101001001000000100100001010100001000100001100010100000011110110011000010111000000100011010010000001111100000101101100101011000000000000101001010111100110000000001010101001000011100000100001100000011011010000010110110110100010010111010001001010000000100001100110100000000000110110001100000000001000100001000011,0c93b59d272227dac5fb30085596873400404275cf07fcde15ae4a0e7ad6ea2c,bernoulli,bernoulli|conj|p=0.3|zero=allow_iid|rng=MT19937-RandomState,0.3,allow_iid,0.000996636226773262,9.814836084842682e-05,0.0015731081366539001,0.0010440144687891006,0.009951362386345863,0.013672204688191414,0.0037119071930646896,36,653,1,6,SAT_unsat_identifiable,1,boolean_factorization,exclude_x,exclude_x,0,1934,6820,0,1,1,0,0,0,0,1,1,1,0,0,0.008001064881682396
4,50,10,100,75988610,17,conj,glucose42,MT19937-RandomState,5.5536627769470215e-05,10100011000000100001000111001011001001100110000001100000110000001100000010100001101100000010000101001000010001001010100100110001000000001100010100010100001011110010001000000100010000001000010011010000011110100001000100011010001000000000100011000101000110110000000100000100010101100000011000001000010000111000001001000001110001000001110111011010101110000000110100110100100001000000000010000000000001000000101111011001100100100000110110000010000100000000001010000001101100010000110100011011000000001001,391c1cb517d7ba4f18f595cac721e6010b28c2abaebed9c252bceb3ee5d2a304,bernoulli,bernoulli|conj|p=0.3|zero=allow_iid|rng=MT19937-RandomState,0.3,allow_iid,0.0009744828566908836,0.00010240636765956879,0.0015809861943125725,0.0010530389845371246,0.019345725886523724,0.02306526154279709,0.0037109144032001495,35,603,1,6,SAT_unsat_identifiable,1,boolean_factorization,exclude_x,exclude_x,0,1815,6555,0,1,1,0,0,0,0,1,1,1,0,0,0.007606136612594128
4,50,10,100,75988610,18,conj,glucose42,MT19937-RandomState,6.140861660242081e-05,00001001011011001001001100000000001110000110011000110010001011000011011001000000000001010010010000100100001010100001110110101010000001001000101000101000000001110000010010010011000000000010010001000010000000010010000001110000111000001001100010011001100010101110001110000000100010110100100101111111100011011000100011110000000001001010000010100000010000100101011001000010010010101000100000100110100100100001101100011011101010101100100001001000111000110000110010001101001101000000100000001000101000000001,693994577195785bc113979c2368e7b388308e6f8b3b88ca7c61cc82dddaf3d4,bernoulli,bernoulli|conj|p=0.3|zero=allow_iid|rng=MT19937-RandomState,0.3,allow_iid,0.0010039759799838066,8.55838879942894e-05,0.0013292161747813225,0.0010012676939368248,0.008594626560807228,0.01202230341732502,0.0034200437366962433,30,623,1,6,SAT_unsat_identifiable,1,boolean_factorization,exclude_x,exclude_x,0,1530,5571,0,1,1,0,0,0,0,1,1,1,0,0,0.0071310969069600105
4,50,10,100,75988610,19,conj,glucose42,MT19937-RandomState,5.89052215218544e-05,00000011100000000000100000010010100101000100010101000000000000100010000001001000111100001010100000010000101000001000001001000110100000001110000001000010011101000100010010100000100000000000010010001001000001100111000101100100101000011000001001010111010000010010011000110001100101000000110001010110100000100000011010000000000010101001010001000000000000101001101000001100110110100011110110000000100000001010000000111110010000000100010001000001001100010000100111111001011010001000000000100101000010001100,d67298b7b9c59aace5c8fe60f771b65daf0d438da660beb1c164df3bbd34c7a1,bernoulli,bernoulli|conj|p=0.3|zero=allow_iid|rng=MT19937-RandomState,0.3,allow_iid,0.0009116446599364281,8.644256740808487e-05,0.0014066975563764572,0.0010324185714125633,0.010890179313719273,0.014336169697344303,0.0034372033551335335,31,639,1,6,SAT_unsat_identifiable,1,boolean_factorization,exclude_x,exclude_x,0,1579,5759,0,1,1,0,1,0,0,1,1,1,0,0,0.007598010823130608
4,50,10,100,75988610,20,conj,glucose42,MT19937-RandomState,8.501112461090088e-05,11000000010001101010000000000011100000010001001000110000000110010001000110000000110001000110001000000000010000001001000010001010010000010000010011011000000100101100000000001110010010000000001010011011010100010101001100111111100000000100111010100010000100100010100011000000011000100000000000000000010010000000100000000001010100000100000000100001001001100000100000100000000000000010000010010000010000000110010000000010000000001100000010001111010101001000000010001010100001100000010110100000100010000010,737a543d45de3adc53a0069988b2763c40d454331de690af3525f04f288084df,bernoulli,bernoulli|conj|p=0.3|zero=allow_iid|rng=MT19937-RandomState,0.3,allow_iid,0.000707521103322506,7.187668234109879e-05,0.0007402608171105385,0.001151341013610363,0.004136179573833942,0.006815365515649319,0.0026709996163845062,14,956,1,6,SAT_unsat_identifiable,1,boolean_factorization,exclude_x,exclude_x,0,596,2398,0,1,1,0,1,0,0,1,1,1,0,0,0.006238305009901524
4,50,10,100,75988610,21,conj,glucose42,MT19937-RandomState,5.235709249973297e-05,10000000000110110010001001111010011000100000101001001100100000000101100001010000000010000000100000111001000101000100001011001011000100000111001010110001100101000001000110000101011100010010110100100100010100000000000010010010110000100001111010110010010100010011010000100000100010010011010101011000000000001100000000110110101000100100000001000000000000010011100000110011010001001101110100011000001000010000010001000001001010000100000101000001010100100001010100100000000010100011110000100000000110001000,c88447a7c17dfd8f67d423c2659be574548bc9e6dc5d3f8d6d648234245bc0ab,bernoulli,bernoulli|conj|p=0.3|zero=allow_iid|rng=MT19937-RandomState,0.3,allow_iid,0.0009864438325166702,9.090360254049301e-05,0.0013114670291543007,0.0010621752589941025,0.008258059620857239,0.011716161854565144,0.0034509897232055664,29,845,1,6,SAT_unsat_identifiable,1,boolean_factorization,exclude_x,exclude_x,0,1431,5328,0,1,1,0,1,0,0,1,1,1,0,0,0.007761434651911259
4,50,10,100,75988610,22,conj,glucose42,MT19937-RandomState,4.91579994559288e-05,00000101000011100000000000000001111110110111000000100000000010010001000001010110110000001100010010100100000001010000000001000100000000011100000000000000000001000000011000000100100000000101001110110000110110010111001100000000110011011010000000011010110001000010001110100101010100111011000100100010000010100010001100001000000001000000110001000111000000111000000000001000010000100100100000011000001100010001101000001110010010010100100000011000000100100010000010001000000000001000000000000101010010010001,6cc6afb25f50b5a3080ec1fd9544e40dbb7b168f8b53da5a894ee046d5936bca,bernoulli,bernoulli|conj|p=0.3|zero=allow_iid|rng=MT19937-RandomState,0.3,allow_iid,0.0008188318461179733,8.040200918912888e-05,0.00112831499427557,0.0010654181241989136,0.007245499640703201,0.010345684364438057,0.0030929669737815857,24,714,1,6,SAT_unsat_identifiable,1,boolean_factorization,exclude_x,exclude_x,0,1116,4311,0,1,1,0,1,0,0,1,1,1,0,0,0.006864582188427448
4,50,10,100,75988610,23,conj,glucose42,MT19937-RandomState,4.9690715968608856e-05,01100010000001000001010000100000010000000110001000000100000000100000000010111100111011100101001000001110100011000010010110100001000000000001000000001000011001000100110001000000100111000100101000000010000001100010100110000001110000100010000100011000000010000011100000100010001101111100000111000001100010000000000001010000100101001101110001001010100000000000010000100000101001010011100100000101000100110110000010011101110001011000000000001101010000010000101010000000000110010010000100001100000011001001,0dbe6ef31535f5796d2c11087e5d7d8239d7f49905b10cb94677634d05388b4c,bernoulli,bernoulli|conj|p=0.3|zero=allow_iid|rng=MT19937-RandomState,0.3,allow_iid,0.0008446071296930313,7.146131247282028e-05,0.0010241782292723656,0.0010340837761759758,0.005851147696375847,0.00883360207080841,0.002974330447614193,22,893,1,6,SAT_unsat_identifiable,1,boolean_factorization,exclude_x,exclude_x,0,988,3902,0,1,1,0,0,0,0,1,1,1,0,0,0.0071882400661706924
4,50,10,100,75988610,24,conj,glucose42,MT19937-RandomState,4.849955439567566e-05,11011010011110000100101111001100000001001011000000000010010000010110010110110110011000010000000000100010010000000100000000000010010101110000100111000010010100010101100100000000000100001100000000001000100000010000111010001011010100000001100001000000011101110000110000010000000110100010110010000100011000000001100100100010010101100000000001100000001110100000100000011101101000000000010110100010001101110110000000001010000000100000010000001010100010001110000100000000000100110001000001000101001110000000,86443480fa5d5dd4b615cf8d37bb61ab9e59410732ab51595f0e66609e050e3b,bernoulli,bernoulli|conj|p=0.3|zero=allow_iid|rng=MT19937-RandomState,0.3,allow_iid,0.0008920328691601753,7.689651101827621e-05,0.0011525815352797508,0.0010472079738974571,0.006531698629260063,0.00970748532563448,0.0031687188893556595,25,906,1,6,SAT_unsat_identifiable,1,boolean_factorization,exclude_x,exclude_x,0,1165,4499,0,1,1,0,0,0,0,1,1,1,0,0,0.007595393806695938
4,50,10,100,75988610,25,conj,glucose42,MT19937-RandomState,5.729310214519501e-05,10101100000000010000001000111011100110001100100000100011000110011001000111000000101000011100111001000100010001100010100111000000011010111101010010001000000101001010001000001111001000100100000110011001000001001101110000010010000000000001000000010001001000010001000100010000010100110000010010010001010100010001011010001100001001000000000100011100011010001000110010010100001101001101010100001111100000010101001110010001001000000100110010000101010000100001000000100100000010000101000111000000010100100000,8fb535f25cac8209b084eba2c3ded108a0ec73733340735804e22bab52d0c4a6,bernoulli,bernoulli|conj|p=0.3|zero=allow_iid|rng=MT19937-RandomState,0.3,allow_iid,0.0008892808109521866,9.518023580312729e-05,0.0013880729675292969,0.0010318225249648094,0.00998585857450962,0.013398127630352974,0.00340435653924942,31,570,1,6,SAT_unsat_identifiable,1,boolean_factorization,exclude_x,exclude_x,0,1649,5836,0,1,1,0,0,0,0,1,1,1,0,0,0.00726686418056488
4,50,10,100,75988610,26,conj,glucose42,MT19937-RandomState,5.3433701395988464e-05,00001101100001000000000101001100110000000000010011100010001001100001001111001000101000010100010000111010000010110100000000100100000101000101010000010101100100010000000010010010001000111100000010000001011101000111100100001000100000001100000101111001110000000001000000110000100001001100000111010011011100000001000000011010000001000011010000000010000000001000101100100010011000110110011010010000001110100000000001000100001100001010101010100100100100001001000000000010001000111010100010000000000001101100,c4871179661c13e4eb77294855c3535e43e511c4d5d06fef887dca1112c30afa,bernoulli,bernoulli|conj|p=0.3|zero=allow_iid|rng=MT19937-RandomState,0.3,allow_iid,0.0008412301540374756,0.00010212697088718414,0.000891534611582756,0.0010454170405864716,0.005764135159552097,0.00865190289914608,0.0028803087770938873,18,848,1,6,SAT_unsat_identifiable,1,boolean_factorization,exclude_x,exclude_x,0,832,3194,0,1,1,0,0,0,0,1,1,1,0,0,0.006490984000265598
4,50,10,100,75988610,27,conj,glucose42,MT19937-RandomState,4.739128053188324e-05,00000000011000011000101100000010000010100000100000001010010000010000011100010100000000010010000101000000011000001000000010000100000101000110000111010000110010000000101100000001010000110000010000000000000100010101001001000010001110001101001000011000000000000111100101000110000010101000001000000101001000000000011101010011011010001010001000101000001010011010110011010100001000101101000010010010001001000000000001000011000000001100110000000000000000001000001100110011000000111010110001010010100000001000,7bb8cb5f027512718a56a1db80b0389983eaba3191e6c215b19f408ebe5e18bf,bernoulli,bernoulli|conj|p=0.3|zero=allow_iid|rng=MT19937-RandomState,0.3,allow_iid,0.0007782904431223869,7.645878940820694e-05,0.001095253974199295,0.0010167742148041725,0.006449099630117416,0.009422188624739647,0.0029667774215340614,24,711,1,6,SAT_unsat_identifiable,1,boolean_factorization,exclude_x,exclude_x,0,1126,4322,0,1,1,0,1,0,0,1,1,1,0,0,0.006882138550281525
4,50,10,100,75988610,28,conj,glucose42,MT19937-RandomState,5.3141266107559204e-05,00000000000000001001011001001101000000101011000000001011010000100001010000000010000000000100000000110100010101100000110100100101000000001000000101010000000100011001010010010011000001010001110101000000110000010100010100001000000010100010010100000000110100110000001000001101000000011100100010000000100000110101010000000011010000100110000010001100010000001001101100000100010000100001100010000100000010001000101001000010000011001011010000010010100000101101110110101101010000000110000010000101101111110010,af5dc4c90086dca132a0988994a5511ab7d6ad79d8c95d659b3c132466a9ae17,bernoulli,bernoulli|conj|p=0.3|zero=allow_iid|rng=MT19937-RandomState,0.3,allow_iid,0.0008659819141030312,9.71127301454544e-05,0.0012876177206635475,0.0009856373071670532,0.008667666465044022,0.011911939829587936,0.0032363496720790863,28,626,1,6,SAT_unsat_identifiable,1,boolean_factorization,exclude_x,exclude_x,0,1402,5162,0,1,1,0,1,0,0,1,1,1,0,0,0.007114126347005367
4,50,10,100,75988610,29,conj,glucose42,MT19937-RandomState,5.4756179451942444e-05,00110000001001000100000101100000101000110001010000000100001000001110000100111010000000110010000000000100000100000001011000111001000000000010000000101000010101000111110010001011000010000000001100001001011010010100000101000000100101010001011100001100000110000110010000001010101000101100000111000101110000010110100000000000100010000110000000100100001010110000000000011101011000100000011001101111010000100101111000001000010100000000000000101010010000000100001010000000100110000000010101110000010001000110,9bbc45822c639b80f78252eca94e374ef039ecf6b8a9331cf74d92cb625a5985,bernoulli,bernoulli|conj|p=0.3|zero=allow_iid|rng=MT19937-RandomState,0.3,allow_iid,0.0009592678397893906,9.022001177072525e-05,0.001388569362461567,0.0009919432923197746,0.008897334337234497,0.012335286475718021,0.0034300005063414574,31,726,1,6,SAT_unsat_identifiable,1,boolean_factorization,exclude_x,exclude_x,0,1539,5715,0,1,1,0,1,0,0,1,1,1,0,0,0.007693871855735779
4,50,10,100,75988610,30,conj,glucose42,MT19937-RandomState,9.098276495933533e-05,10000101000000000011000000110000010000000000100000011110101000100110000001111001010000110011010010000000000100000100100010000000000100011000000100010000000100100010001000110100010000000010000010001000110000110101010100010001000100000000001001000001000000000001000110001100010110000111100000000000100000101001010100000010000101000010100010011110101100111000000000011010001000000110000000010001000001010001100001000000011100110101000100011100010000000001000000000000001010110000000010001000010000100010,515c11601ebaa51b7ebae3441bb67a3a4ba588cbda39e48ab8496cd5b917ea4c,bernoulli,bernoulli|conj|p=0.3|zero=allow_iid|rng=MT19937-RandomState,0.3,allow_iid,0.0007679294794797897,8.373986929655075e-05,0.0008700378239154816,0.0010217195376753807,0.005593671463429928,0.008345071226358414,0.0027434267103672028,18,842,1,6,SAT_unsat_identifiable,1,boolean_factorization,exclude_x,exclude_x,0,822,3183,0,1,1,0,0,0,0,1,1,1,0,0,0.006556401029229164
4,50,10,100,75988610,31,conj,glucose42,MT19937-RandomState,5.250982940196991e-05,10000000010011001100000010010101001010000001100111000001100110100100110101101110010010100100101000101000000000111000000100001000100010000110010001010000001000110010000100000010010000010011101010111000000100100111010000010001101110010010010000000000000111110011000100111000110100010100000001110001110010000000010000001000001100100000010111001100011010010010001000000000000010100010010001100000001010010010000000001101010100100100100000110110000010001001101000011000010000100010000000110001000100100000,caec1c888c7520846de232655d6c9a0a833f7b830a67df4cab9b0f77f2288003,bernoulli,bernoulli|conj|p=0.3|zero=allow_iid|rng=MT19937-RandomState,0.3,allow_iid,0.0009194165468215942,8.588284254074097e-05,0.0013410216197371483,0.0010406803339719772,0.02042662724852562,0.02382281981408596,0.0033870013430714607,29,619,1,6,SAT_unsat_identifiable,1,boolean_factorization,exclude_x,exclude_x,0,1471,5372,0,1,1,0,1,0,0,1,1,1,0,0,0.007060632109642029
4,50,10,100,75988610,32,conj,glucose42,MT19937-RandomState,5.6342221796512604e-05,01001010100001011100000001100000010011010110000001100110000000101000000000001000110010000100000000010011001010100100111000100010010111110100000001000100011101001100000000111000000100000001000001110001000000001100100001100110110110010000010000011000000000000011000011000011001000000000100100001001100011000000010000000001001011000100010010110000010000010000101010000100000110101111100111000111000000000111100100111010000000010000011111100011010001010100100100010010000100001000100011010000001000101000,9da48b438196721f75648b5d473ea0a87d4ccfd57f23459e96ec778ad15c0ee2,bernoulli,bernoulli|conj|p=0.3|zero=allow_iid|rng=MT19937-RandomState,0.3,allow_iid,0.0009238915517926216,7.945671677589417e-05,0.0013567041605710983,0.0011471053585410118,0.008200287818908691,0.011715179309248924,0.003507157787680626,27,722,1,6,SAT_unsat_identifiable,1,boolean_factorization,exclude_x,exclude_x,0,1283,4897,0,1,1,0,0,0,0,1,1,1,0,0,0.007201588712632656
4,50,10,100,75988610,33,conj,glucose42,MT19937-RandomState,5.832687020301819e-05,10001000000000001001000100001001100001010010110000100111001100100000010000000001000101000000100000001000001010000000000000001000010000110111000011000010010001010010000100101110011110111000100010000110001000001001000000000010001010000001000001000010110000001011100000010000001100100010000001000000000000000110010000100100000000010110001100000100000000000101001010000000010010100100100000010100010010001000011010010000010010000000101110110001000100001001010000010010010100111001001000001010100001011111,b75e8d34207b2089b771316dfe73f6f202ecb55f79bf0d1e5aa5cbe1ec29ae26,bernoulli,bernoulli|conj|p=0.3|zero=allow_iid|rng=MT19937-RandomState,0.3,allow_iid,0.0009126486256718636,8.185207843780518e-05,0.0012140283361077309,0.0010191379114985466,0.006399486213922501,0.009634595364332199,0.003227666951715946,26,841,1,6,SAT_unsat_identifiable,1,boolean_factorization,exclude_x,exclude_x,0,1154,4621,0,1,1,0,1,0,0,1,1,1,0,0,0.007453905418515205
4,50,10,100,75988610,34,conj,glucose42,MT19937-RandomState,5.430541932582855e-05,01000000101000101000000000011100101101000001101100110000000100000000011000100010000100001001101110011001101111010001101000001001001000100000000010000101000000010010001100010111101100001000000100101110110100000101110000010000101001000000010001100000010100000000110010000000000000100000000000000100110000001101100000110100110010000100001011111001100001000001000110110000010001000000000010001000000010000000001100000000000000100100100000010000010000000000000100001011011110001000001001000010000000010000,e1d8ce72f0ad40ad2f08e69d5700c2c81f51027b2d1e5589d7525585657325a1,bernoulli,bernoulli|conj|p=0.3|zero=allow_iid|rng=MT19937-RandomState,0.3,allow_iid,0.0006779171526432037,6.451644003391266e-05,0.0008021332323551178,0.0010148780420422554,0.004446669481694698,0.007013146765530109,0.0025594448670744896,16,759,1,6,SAT_unsat_identifiable,1,boolean_factorization,exclude_x,exclude_x,0,764,2851,0,1,1,0,1,0,0,1,1,1,0,0,0.006111507304012775
4,50,10,100,75988610,35,conj,glucose42,MT19937-RandomState,4.83756884932518e-05,00000001010000001111000000100000100000000100000010110000110000101000000000010101000000101101100000000000010110101101001000000001100110001010100011111110001110000001001010100000000010010010001100000000000000100010001011000010100100111000010101100000101001000010010110100010000001000000010101000110001010100000010000000100001000001110001000100000000000000010000100000101110110001000010000100000000000000000001011010010000000111000000000101100000000001001000111000011000000100001101000100010000101000010,4e49fdb95db80c214adc61d52569b945b7f853f97e7701cad447ccca8ee377e6,bernoulli,bernoulli|conj|p=0.3|zero=allow_iid|rng=MT19937-RandomState,0.3,allow_iid,0.0009238310158252716,8.404906839132309e-05,0.001398509368300438,0.0010074954479932785,0.012651110999286175,0.016072053462266922,0.003413884900510311,31,678,1,6,SAT_unsat_identifiable,1,boolean_factorization,exclude_x,exclude_x,0,1489,5660,0,1,1,0,1,0,0,1,1,1,0,0,0.00764728058129549
4,50,10,100,75988610,36,conj,glucose42,MT19937-RandomState,5.3102150559425354e-05,01001010111001000000101110001001100000001011001000100000001000100000010000110001000000101100001100000000010001010010010101100001000010001110000011010111100100010110010010010101000100110010101000010000000101000000011000001001001010100000010000010000100010000010100001010001101100001000100000111000000001010100000110001010011101100110110000000000010100000100010001100011010010000000000010000000110110001010100000101010000110100110000010010101000001001100000001010111000110001001110010011000000001110000,1f16cf57947283cd7319bff05e2499731fb8af8eb04cc16a2218b974b6a95c82,bernoulli,bernoulli|conj|p=0.3|zero=allow_iid|rng=MT19937-RandomState,0.3,allow_iid,0.0010922206565737724,9.137112647294998e-05,0.0015286533161997795,0.0010086093097925186,0.013525730930268764,0.017254500649869442,0.0037208544090390205,35,647,1,6,SAT_unsat_identifiable,1,boolean_factorization,exclude_x,exclude_x,0,1755,6489,0,1,1,0,0,0,0,1,1,1,0,0,0.007853828370571136
4,50,10,100,75988610,37,conj,glucose42,MT19937-RandomState,5.580391734838486e-05,01010001000010000000100101011001010001100000100000110110001010111000100000110000010100000000000000100100001100010001000000000100011100000000000011110001000001100100011000110000000001100000011111000000000000100000101010100000101100001000000100001000010010110111000011001110010110011100100100000101000011010110000100110100000000000110000110100001001010000010100000110010101000010000000000110000101011100111001100011001100000011000110010010001000010001101100001101001000110100010101011000101110001000010,d7d0feef3964632e31dad8e0a8f3abe8d39b61ffbc81ffbbca109e50dcd41abc,bernoulli,bernoulli|conj|p=0.3|zero=allow_iid|rng=MT19937-RandomState,0.3,allow_iid,0.0008703991770744324,7.77198001742363e-05,0.001111423596739769,0.0010390318930149078,0.006815226748585701,0.009921465069055557,0.0030985744670033455,24,761,1,6,SAT_unsat_identifiable,1,boolean_factorization,exclude_x,exclude_x,0,1176,4377,0,1,1,0,0,0,0,1,1,1,0,0,0.00703108124434948
4,50,10,100,75988610,38,conj,glucose42,MT19937-RandomState,5.474034696817398e-05,00010000000010101000101010000110010010010000000010000000010101000000101001010000010000100010011110010000001000001000000000001010000010000010100010101010101000011100001101010001000000110000010010011000100110110111001000000000001000001000100001100000101010000000001001001000000010000000101000001000001001000110100000011000100001101010001001011000000100100000110000000000100111110000000000000000000001001110010110111011000100100000000100010010011001000111100000101010100011000000010100100001000101000010,0760c0c8f4b3f076a2ea22ca845c4e61ba264ded9616573aa7f6a3ae8bcba64e,bernoulli,bernoulli|conj|p=0.3|zero=allow_iid|rng=MT19937-RandomState,0.3,allow_iid,0.0007744459435343742,7.605645805597305e-05,0.001105508767068386,0.0010033473372459412,0.007532878778874874,0.010498696006834507,0.0029593585059046745,24,667,1,6,SAT_unsat_identifiable,1,boolean_factorization,exclude_x,exclude_x,0,1176,4377,0,1,1,0,1,0,0,1,1,1,0,0,0.006820266135036945
4,50,10,100,75988610,39,conj,glucose42,MT19937-RandomState,5.517248064279556e-05,00010101011111101001000000000101001011010011111000001001001100100101000001010000100010010101000001001000100101000001010010000010110000011110000110110000000110100000101001000010000010010110010000010001011110110000000000110100000001001100100001100010000000000010010100100001000100000000000010000110000110001101110000000111100001100000111100010001001010010001001000001100001110100000100000010010010001011001010000110010100010000101000010000001001001001100000010000111011000000011001000000111101000000011,d537e7cafb708b991578f2a7a501af859e78d76b92a2c631cbd0ccb9d41d739e,bernoulli,bernoulli|conj|p=0.3|zero=allow_iid|rng=MT19937-RandomState,0.3,allow_iid,0.000911688432097435,8.905678987503052e-05,0.0012774867936968803,0.0010223118588328362,0.00966788548976183,0.012976852245628834,0.003300543874502182,28,752,1,6,SAT_unsat_identifiable,1,boolean_factorization,exclude_x,exclude_x,0,1342,5096,0,1,1,0,0,0,0,1,1,1,0,0,0.007377036847174168
4,50,10,100,75988610,40,conj,glucose42,MT19937-RandomState,9.318254888057709e-05,01000100000000101110000100101100001011000010011000010000000110100100000010010100100000000000001001110000000000011001100001001011000010000100001001000000000101001000100100000100000000001010000010000010000000111101001110110000100000000000001001000100100100010000001011000001000000000010111010000100010001100001001010010010000000000010110011001110100001000001000000001000010011101111000000000110011000001000100101001000001000000000110001000000110110010000000000100100000101011101000100101000000100101100,b228f6a664a8a96123fa5ab549aaacc3f5c2d412f13ee70eb8d75b64363b5670,bernoulli,bernoulli|conj|p=0.3|zero=allow_iid|rng=MT19937-RandomState,0.3,allow_iid,0.0008625192567706108,8.65831971168518e-05,0.0010428503155708313,0.0010022018104791641,0.006639784201979637,0.009642560966312885,0.002994154579937458,22,841,1,6,SAT_unsat_identifiable,1,boolean_factorization,exclude_x,exclude_x,0,1018,3935,0,1,1,0,1,0,0,1,1,1,0,0,0.007192689925432205
4,50,10,100,75988610,41,conj,glucose42,MT19937-RandomState,5.029793828725815e-05,00011000100111101000000100010101011100001000000000011100001000101000111000000011000001010010001011000010000100000100001000110110001001100100110000000000001000010001010100110110011010101000111000100000001100111000000001000001110010000111100000000111100101000001101001000010000000000011110100000000110010010101000000010101000000010110110000000001010101000000101000001010010101000001010000000000001000000100000000000000100000001100000000010101011000000000100100010000000010100001100000001011000011011101,d1acd34cee84d43fea33ae87b6604c00fd431e4613342948a548c37f788d279b,bernoulli,bernoulli|conj|p=0.3|zero=allow_iid|rng=MT19937-RandomState,0.3,allow_iid,0.0008805543184280396,9.625498205423355e-05,0.00122857466340065,0.0010069143027067184,0.008267397992312908,0.011487993411719799,0.0032122982665896416,27,837,1,6,SAT_unsat_identifiable,1,boolean_factorization,exclude_x,exclude_x,0,1303,4919,0,1,1,0,0,0,0,1,1,1,0,0,0.007588084787130356
4,50,10,100,75988610,42,conj,glucose42,MT19937-RandomState,5.398225039243698e-05,00100000101100001000000001110000110100010101010000110001000000000001000000001000011110100010000101101000001011111001100100010000000010000011101010001010000000100000000011000100100010101101010101100000000000110100010001110000000000101100001001010000010100011100000001011001000001011000100001100000100000000001010010100000010111000000010000000000001000100000100000000010100111110000000000000000110000110000100010100100000001000101111000000010000001100100001001000010011101010100011000010001000001010100,89ee01f9344b0390c128d1de1402eabd9675d95f6361ba8dd4e2edc1c7257265,bernoulli,bernoulli|conj|p=0.3|zero=allow_iid|rng=MT19937-RandomState,0.3,allow_iid,0.0009007453918457031,9.475275874137878e-05,0.0013505266979336739,0.0010164538398385048,0.011521566659212112,0.014891637489199638,0.0033624786883592606,30,672,1,6,SAT_unsat_identifiable,1,boolean_factorization,exclude_x,exclude_x,0,1520,5560,0,1,1,0,1,0,0,1,1,1,0,0,0.007472694851458073
4,50,10,100,75988610,43,conj,glucose42,MT19937-RandomState,5.934759974479675e-05,10000010001000000000010110100000000100000000000000000000100100000010000000100110000011000010001101000001000000000000000100010011001010100000110110000100000000000001101000100001000000100101000000111000111000000110110110100000011000000000010010001100100111001010000010000001101001011010100001001001000000010000000101010010101101100010000001000000100000100000110100000000000100001000000001101100010000110000000000000110000010000001100000010000000000001000100110110000100000000000100000010100000110110000,4f49f48b41f077ca647c97901e02811fb112305fc7ce5fd4b154970584a09db7,bernoulli,bernoulli|conj|p=0.3|zero=allow_iid|rng=MT19937-RandomState,0.3,allow_iid,0.000663374550640583,7.837824523448944e-05,0.0008612573146820068,0.0010421192273497581,0.0046803951263427734,0.00733310729265213,0.0026451293379068375,17,733,1,6,SAT_unsat_identifiable,1,boolean_factorization,exclude_x,exclude_x,0,843,3072,0,1,1,0,1,0,0,1,1,1,0,0,0.006175624206662178
4,50,10,100,75988610,44,conj,glucose42,MT19937-RandomState,5.758274346590042e-05,00000100000001000101000000101001000100000001110011000010010100000000011000011001011000000100000000101001000000011000000000011100000000000101100100010001001000000010110110000000000111000000110001000000101110001011011010000000010101100011000010100100010100000001000000010100100110010011001011000101100001110010000000000101001111101000011101001110100000000010010100000101000000100110001100000011000010100101000100000100000000001000000000100000100011000101101110000010110100000001000100010001110011100010,6a5023902d9e80cf321d2a5a009335622c681541820b7cda7529278fb3c5ff38,bernoulli,bernoulli|conj|p=0.3|zero=allow_iid|rng=MT19937-RandomState,0.3,allow_iid,0.0008266018703579903,8.148513734340668e-05,0.0013170959427952766,0.0010166149586439133,0.018426978960633278,0.021676190197467804,0.003241797909140587,29,715,1,6,SAT_unsat_identifiable,1,boolean_factorization,exclude_x,exclude_x,0,1451,5350,0,1,1,0,0,0,0,1,1,1,0,0,0.007520281709730625
4,50,10,100,75988610,45,conj,glucose42,MT19937-RandomState,5.0570815801620483e-05,00001000011000100100110010100001000100110000000000100010101100001000000001000010000000000011111000001011101000000001010000000000000000110000011000100010010100001011001000000001000100100001000000000011101111000100101001000110100111101000100111000000110110001110101101001000000100100001101010010000111100001001000100000010010010010100111101000100101011101010001000100010100001001000000010100101000110001000000100010111000000100100101010101001001000000001010100010000010011000001011000000001010110001000,21b01d2c312f267b4f1049d9243e46327dd8f3830c07eb866c263e96b7f4b666,bernoulli,bernoulli|conj|p=0.3|zero=allow_iid|rng=MT19937-RandomState,0.3,allow_iid,0.0009465562179684639,8.932594209909439e-05,0.0014219293370842934,0.0010412679985165596,0.01321796141564846,0.016724884510040283,0.0034990794956684113,32,698,1,6,SAT_unsat_identifiable,1,boolean_factorization,exclude_x,exclude_x,0,1658,5980,0,1,1,0,1,0,0,1,1,1,0,0,0.007672874256968498
4,50,10,100,75988610,46,conj,glucose42,MT19937-RandomState,5.295407027006149e-05,11010000000100001000110100000100000010000110110010000010000010100111000000000100100010000110010000000000010000000000010110011000111000000000010100100100010001010000000010101000000000000010110010001100100000000000001101010000011000000100000011111010010010000101100100100110010000101010000000110101100110100010100011101011000000010000000110000000000010000100000100101000000000000010000111010100000000010110010010000100000000001001000001100110000000001001010001010001011001010101010000001100000100110000,542d1e323b3527a26dd97a8f742280cd47f1d3c0405993105e077a1425ac31f2,bernoulli,bernoulli|conj|p=0.3|zero=allow_iid|rng=MT19937-RandomState,0.3,allow_iid,0.0006895717233419418,6.879586726427078e-05,0.0008917022496461868,0.0010316381230950356,0.00488867424428463,0.00757793802767992,0.002681707963347435,18,853,1,6,SAT_unsat_identifiable,1,boolean_factorization,exclude_x,exclude_x,0,822,3183,0,1,1,0,0,0,0,1,1,1,0,0,0.006537452340126038
4,50,10,100,75988610,47,conj,glucose42,MT19937-RandomState,5.4144300520420074e-05,10100101011000100000010001110000010011011010100011100000000110000100101000010000001100001011100010000010001101110111000000000000011100000010010000001001100111100000011000000010000100001100101010010000000000000000010101010100000000001101000000011110100000110010000011000001110001100100000001000101011010000000010010001000001010000000001000001001001000100000101001000000000011010000001000000000100010110010010001000001001010010001000010000001000000000010000011100100100000011010001010101010010010100000,1a4c28327c3f77d96961525934f8ffdff86323925697338e23a96ac3dd22fd2b,bernoulli,bernoulli|conj|p=0.3|zero=allow_iid|rng=MT19937-RandomState,0.3,allow_iid,0.0008624782785773277,8.979346603155136e-05,0.001430504024028778,0.0009974129498004913,0.009744739159941673,0.013132546097040176,0.0033801887184381485,32,623,1,6,SAT_unsat_identifiable,1,boolean_factorization,exclude_x,exclude_x,0,1688,6013,0,1,1,0,1,0,0,1,1,1,0,0,0.007525061257183552
4,50,10,100,75988610,48,conj,glucose42,MT19937-RandomState,5.7602301239967346e-05,00101000000001010100000001000101010100001100100111100011000000001000000110000000010001010101001010111011000000110100110001001101000010010000010000001001000100011000010000000000100010001000111101010100001010010110100011001110001100111001000100110000001110001001101001100010100011001001011000001000000000010000010101010010000000111000001100010001101001001100001001111000100011010010100011101000000000000110000101111100111000010000010001000100000110000111000100100000001000000100000001101111010101010010,e9114c824911d6cb1d63a80d53a9aa4cf79f8012c8f1d80210cd1dd30e501fc0,bernoulli,bernoulli|conj|p=0.3|zero=allow_iid|rng=MT19937-RandomState,0.3,allow_iid,0.0009062699973583221,8.440017700195312e-05,0.0012858491390943527,0.001041795127093792,0.007912006229162216,0.011237166821956635,0.00331831444054842,28,643,1,6,SAT_unsat_identifiable,1,boolean_factorization,exclude_x,exclude_x,0,1492,5261,0,1,1,0,1,0,0,1,1,1,0,0,0.007213533855974674
4,50,10,100,75988610,49,conj,glucose42,MT19937-RandomState,4.899781197309494e-05,10000000000110000001010010011000101110001000101000000001010000000000000000110011001000001101100000000000100000000100011000001000110000000000001011110000010001010000010000001010010000000010000001010000100100000001001010101011110010100010000110010001000100010000000001001000000000011110110100110101010001100100100001100101000000001111001110110100010101000101001011000001000000100000011010000000100000010011000111110000111010011010110000000000010010011000000010110000110111100000101100001001100000000101,6884b10e4d3d12379f06415b668c2a7ddd2f19afd507c0a9b0d22f689454ff40,bernoulli,bernoulli|conj|p=0.3|zero=allow_iid|rng=MT19937-RandomState,0.3,allow_iid,0.0008902167901396751,8.852314203977585e-05,0.0011736098676919937,0.000984666869044304,0.007631401531398296,0.010775371454656124,0.0031370166689157486,25,766,1,6,SAT_unsat_identifiable,1,boolean_factorization,exclude_x,exclude_x,0,1215,4554,0,1,1,0,1,0,0,1,1,1,0,0,0.0071013132110238075
4,50,10,100,75988610,50,conj,glucose42,MT19937-RandomState,9.756907820701599e-05,00001110011101010000001000100001110100001000111111000000010000000100010100000100000011100010101011010000000010011101110101011100001000000000000000000000001001010000010000000000000000001001101010111100001010011101100001000101001000010000000000000001001001011000000100100001000000000100011000111000000000101101000001100010001010000110001010000000110100101000010000000101101000001000000000001100001001000000000000001000100011010001000100001100000000010101000010000001100011010000100111000101000000001000,414d7ab3b5307f9f3638ce14d8fd50c7eab2899ec0dd12f4a2b1f3c550fe9dce,bernoulli,bernoulli|conj|p=0.3|zero=allow_iid|rng=MT19937-RandomState,0.3,allow_iid,0.0008601900190114975,8.485838770866394e-05,0.0011590197682380676,0.0010595964267849922,0.013064431957900524,0.01623625587671995,0.0031636646017432213,25,763,1,6,SAT_unsat_identifiable,1,boolean_factorization,exclude_x,exclude_x,0,1195,4532,0,1,1,0,1,0,0,1,1,1,0,0,0.007665435783565044
4,50,10,100,75988610,51,conj,glucose42,MT19937-RandomState,4.983879625797272e-05,00000010000000000100000111001100000001010110000110000110000110100001100000101000010000100011001001110000011001010000000001100110010100001000001001000010100011100000100011000100101000001000000010001110000010100100000110001011100010110000011000010110001100000000001000000100111100011000011011010000001011110000000001000001000110011111000100000000000010001100001000000001011010101000010001101000100110001001011100010011010000010000000000110001000000000000000011010001010011000000000010000000001000001000,70e7c48b024901dc213fbc3639cd893a7777f1ad18231cdc49f40bf7a1b40e34,bernoulli,bernoulli|conj|p=0.3|zero=allow_iid|rng=MT19937-RandomState,0.3,allow_iid,0.000897550955414772,7.78762623667717e-05,0.001148211769759655,0.0010021813213825226,0.011196143925189972,0.014328730292618275,0.0031258203089237213,25,874,1,6,SAT_unsat_identifiable,1,boolean_factorization,exclude_x,exclude_x,0,1205,4543,0,1,1,0,1,0,0,1,1,1,0,0,0.00758117251098156
4,50,10,100,75988610,52,conj,glucose42,MT19937-RandomState,7.398705929517746e-05,00100101110110000000000110100101101000000001000000000000110000011000000000000010010010100000000111010101000011001100100100100110000110000100000000101010100011000000000110000010000001000000110000011110010000000000110110010100000000110001110110000100000101011010100110010000000011110111111001000001110000100101000000010001011000100110000000000000101000010000101010000010010100011000001110110101000000011000111100001000101001100100000000000111100011000001010100001000011011100110001001001101000101000010,4e1d83831fe404b733882a671abbee8d19f7a49d04aea9c76b0a4a5a20dc642c,bernoulli,bernoulli|conj|p=0.3|zero=allow_iid|rng=MT19937-RandomState,0.3,allow_iid,0.000987805426120758,8.539576083421707e-05,0.0013106446713209152,0.0010097343474626541,0.00888103898614645,0.012281833216547966,0.0033935802057385445,29,789,1,6,SAT_unsat_identifiable,1,boolean_factorization,exclude_x,exclude_x,0,1401,5295,0,1,1,0,0,0,0,1,1,1,0,0,0.007787387818098068
4,50,10,100,75988610,53,conj,glucose42,MT19937-RandomState,5.1674433052539825e-05,00101010001000010000010001001100010100001100001010010001000101011100000010011100010100010000000000000100010000110000100101001101000001001101001001100010001000001000011100010000010001110001000000100110000010101000001000010011100001110000010100000000101110010010100101101000100110100010100000011101100010000000000100000010000010000110110010001001000100111010001000000000101011010110001001001101101000010001011001001100001101100110000001100000001000001000100001010001001001000000010000100001101000000001,cec7e4e0f265273881db9826eafe1dd397c4227fe6b72c33973a21014b9ba654,bernoulli,bernoulli|conj|p=0.3|zero=allow_iid|rng=MT19937-RandomState,0.3,allow_iid,0.0009569386020302773,9.48859378695488e-05,0.0014717234298586845,0.0010281205177307129,0.009429517202079296,0.012988708913326263,0.0035516684874892235,33,731,1,6,SAT_unsat_identifiable,1,boolean_factorization,exclude_x,exclude_x,0,1657,6113,0,1,1,0,1,0,0,1,1,1,0,0,0.008012168109416962
4,50,10,100,75988610,54,conj,glucose42,MT19937-RandomState,5.0123780965805054e-05,00101000100001101010000000010010100010001010000100101100010010000000000101010000010010010000010100000001100001000011101001000110000000000110100100000010110100011001100000000000000000101100110010011100011000010111010000000001010000010000001100100110001000000000100100000100100111010111000000000000000010110000110001100000000000000010000010100010100001001001000010000010000011011100101001000001101000100100000000001000000101001011100010000001100101110001001110000000000101001000101000010101011000001000,b1927fbe8aba3349e9745307ab2285f07d18b8120effffde70805381d8791d56,bernoulli,bernoulli|conj|p=0.3|zero=allow_iid|rng=MT19937-RandomState,0.3,allow_iid,0.0008670743554830551,8.178874850273132e-05,0.0013192351907491684,0.0010481281206011772,0.008153991773724556,0.011477425694465637,0.003316226415336132,29,677,1,6,SAT_unsat_identifiable,1,boolean_factorization,exclude_x,exclude_x,0,1451,5350,0,1,1,0,1,0,0,1,1,1,0,0,0.007500792853534222
4,50,10,100,75988610,55,conj,glucose42,MT19937-RandomState,5.919020622968674e-05,11000100111000000011010000100000010001000000001010000100000010010000011010001111010011010001100000100100000010010000000011101101001100110001010000101001001000100011000000000010010010100100010000000010000000110001101111001100001010001000000011010100000000001000001100010111001000000000110001101110101000010000101000000000100001000000000011000000000011010000011110111000000000000100001110010010011011010000101000100010010000001010000110000000000000001101000000000011100000100010000010000100000010100101,ba3d85970328e9be8c89522cfefcd0a56049707d700ca9f6dee487f6c8bbbe7a,bernoulli,bernoulli|conj|p=0.3|zero=allow_iid|rng=MT19937-RandomState,0.3,allow_iid,0.0008249422535300255,9.644497185945511e-05,0.0009975722059607506,0.0010884227231144905,0.006475100293755531,0.009490655735135078,0.0030073821544647217,20,748,1,6,SAT_unsat_identifiable,1,boolean_factorization,exclude_x,exclude_x,0,930,3570,0,1,1,0,0,0,0,1,1,1,0,0,0.0066271452233195305
4,50,10,100,75988610,56,conj,glucose42,MT19937-RandomState,5.205720663070679e-05,00001100000100101001110010110010011000010100010100000000000101010100100000010000000000000001001011000100011110000101110100100000000001000001000000000100001001011000101100000000000001000000011011101111000001001000000001100000000000001000100000000000100001000100001001011010010000000000000001101110000101111100001000010100010000100001001010100100011100000000110000000000100000000000000100000110001001000001000111110001010000000110011000100100001000010010000001011100000101000010000100110100100110010010,0b2f884c832bba5c3ef70db1ee74dd27190497078af5c20bf285e88f65f00708,bernoulli,bernoulli|conj|p=0.3|zero=allow_iid|rng=MT19937-RandomState,0.3,allow_iid,0.0008392045274376869,7.581338286399841e-05,0.001220046542584896,0.0010089213028550148,0.008339990861713886,0.011491687968373299,0.0031439857557415962,27,711,1,6,SAT_unsat_identifiable,1,boolean_factorization,exclude_x,exclude_x,0,1303,4919,0,1,1,0,1,0,0,1,1,1,0,0,0.007183878682553768
4,50,10,100,75988610,57,conj,glucose42,MT19937-RandomState,4.901085048913956e-05,00010110010000101010010001001110010100010101010101000000000111000001111000000000010011100100011000000001001000100000011000000100000010000000101010000000001000110010000010000000010001000000000000100001000000011010100000001110000010100000001100011010000100000000000001100001001001101111000100011011001000000011001001101001110011000000000010001000000001010011001000000110101101000001000001101001010010000101001000000010000000000000001101000010000111011000010001000000100000010110000100100000011000010010,45224f46c7b892013caa4888c9a06ec8c33e17c1b16cd6a4948d9b1c880ced09,bernoulli,bernoulli|conj|p=0.3|zero=allow_iid|rng=MT19937-RandomState,0.3,allow_iid,0.000840919092297554,7.103104144334793e-05,0.0010852264240384102,0.0010460512712597847,0.007081889547407627,0.01013233046978712,0.003043227829039097,23,947,1,6,SAT_unsat_identifiable,1,boolean_factorization,exclude_x,exclude_x,0,1067,4123,0,1,1,0,1,0,0,1,1,1,0,0,0.00761011429131031
4,50,10,100,75988610,58,conj,glucose42,MT19937-RandomState,5.485210567712784e-05,10001101000110000000000100001000100101110100000001000000110000010001000000111000001001010001100001010011010110000000000000010000000000000011100110001000100000100001101010101001100000001101001000000000000011000011000000010101110001000100001100000000000101000000000000100000000010100001011100001000000001000000010101110001001001001100011000001100000101000010101100100000000011001001010000010110111010000000000001001000000110010100000100001000110000100000100100100001000100110000100001000011111100001010,14aa3df74f67e6acfd59b7204e5d0db9961e1dd648c8ad74c791a4e4ec9166c6,bernoulli,bernoulli|conj|p=0.3|zero=allow_iid|rng=MT19937-RandomState,0.3,allow_iid,0.000867859460413456,7.46212899684906e-05,0.0011447221040725708,0.0010423259809613228,0.014729800634086132,0.017867347225546837,0.00312952883541584,25,762,1,6,SAT_unsat_identifiable,1,boolean_factorization,exclude_x,exclude_x,0,1135,4466,0,1,1,0,1,0,0,1,1,1,0,0,0.0069497935473918915
4,50,10,100,75988610,59,conj,glucose42,MT19937-RandomState,4.903320223093033e-05,00100111000000000011011001001111000010010000001101010000000101000100000000000000010000000100000000100000100001000100010110101000100010000100001001100000000000100000100110100110101010001010000110000100011010000100011000010001000100000100111000010010011001110011001101010000000000001010000111000010000010100000101000001000000000010001100001010011000010000001010000100000001010100000011110100000000000001010111010000010101100000011000000000010000000001000001101011000011001000001000000000100001000100000,687f7408ba31c0a1b03130a6abeae4eaa4f5c9319d5464da236637341d4245d5,bernoulli,bernoulli|conj|p=0.3|zero=allow_iid|rng=MT19937-RandomState,0.3,allow_iid,0.0008354810997843742,7.206853479146957e-05,0.001134549267590046,0.0010209288448095322,0.006813340820372105,0.00988305825740099,0.003063027746975422,25,729,1,6,SAT_unsat_identifiable,1,boolean_factorization,exclude_x,exclude_x,0,1205,4543,0,1,1,0,1,0,0,1,1,1,0,0,0.006931421346962452
4,50,10,100,75988610,60,conj,glucose42,MT19937-RandomState,9.912252426147461e-05,00101000011001010000000000101000000000001000000110100101101000000000010100001111010010000100000101011110000011010101100111000000000010010000010010100010011100000100000111001111010010000010001111111100000100001000000001010100000000101000001001110000001010011000010011011100101100101010001101110100010100000000001100010010100101101101101000100001001011000000000101110000000101000000001000010010000010011000010110110100101000000000001100010010100000110010100000010011000000110000010011100101100000000010,67f625a3bb76be0754dd0f59966d129a04b97b47b5ba74fad3365140624a221b,bernoulli,bernoulli|conj|p=0.3|zero=allow_iid|rng=MT19937-RandomState,0.3,allow_iid,0.0009516598656773567,0.00010410137474536896,0.001302703283727169,0.0010766582563519478,0.007688579149544239,0.011131533421576023,0.0034351227805018425,29,629,1,6,SAT_unsat_identifiable,1,boolean_factorization,exclude_x,exclude_x,0,1461,5361,0,1,1,0,1,0,0,1,1,1,0,0,0.007277555763721466
4,50,10,100,75988610,61,conj,glucose42,MT19937-RandomState,0.00017008930444717407,10000100100010001011001001010000100010011000101000000001001001010000100110000011000000101000111010100001011000000001010000101000011010000001110010000100000001001110111000000001000101101000010010000010010110000010000010000001100000000100000010101001100001101001000010000000001100011011100001001101101010111000100100001000010000000000000100011001000010010011000111001100001110101110000010001010111111101000110101110100011100000010000000000100000000001111000100110001000000000100111000001100001000000001,5406f4f7a8344218136c3cd5fa5cad6647b054ed7047369c16713f2c14da0784,bernoulli,bernoulli|conj|p=0.3|zero=allow_iid|rng=MT19937-RandomState,0.3,allow_iid,0.0010025259107351303,9.501632302999496e-05,0.0012310128659009933,0.001122262328863144,0.009238229133188725,0.012697299011051655,0.0034508174285292625,27,828,1,6,SAT_unsat_identifiable,1,boolean_factorization,exclude_x,exclude_x,0,1293,4908,0,1,1,0,0,0,0,1,1,1,0,0,0.007613330148160458
4,50,10,100,75988610,62,conj,glucose42,MT19937-RandomState,4.782434552907944e-05,01101010001000001101110000001010001100111000000111000010111110110010000000010110001011001011010001111000100111000001101001000010100000010000110010100000000110100000010100100000001110100011101000110010100010000000100001001111010100010010001000001000101100011100000000000000000000001001010010000000111001000000111010100100000001000010000100101100100001000110000110001000000010010000100001100001000000010100110000011000000100001000000000010100001000110000001000100100010000000001101101000010000100111000,77500afc460958e37f73d67a230a24486117ed9e1c9b3f2a868d7ffa7c6730ee,bernoulli,bernoulli|conj|p=0.3|zero=allow_iid|rng=MT19937-RandomState,0.3,allow_iid,0.000933527946472168,8.412078022956848e-05,0.0014687245711684227,0.0010051410645246506,0.012651607394218445,0.01615176722407341,0.0034915143623948097,33,507,1,6,SAT_unsat_identifiable,1,boolean_factorization,exclude_x,exclude_x,0,1757,6223,0,1,1,0,1,0,0,1,1,1,0,0,0.007497149519622326
4,50,10,100,75988610,63,conj,glucose42,MT19937-RandomState,5.8407895267009735e-05,01010001101100100101100000001011000100010011000100010001000011000011001101011010001000011000110000011010000000011000000001100100100100000010001010000100001111100010000000011110100101101010001011010001010011110011010000000100001010001001000000000001010010010010000010000010011001001111000001000101100110000010100001110000000011001111010001001001100011010110000110000110001000100000000100100010000011100001010001000011100011101101000000010110011000001100001010110000100001010000100001000000000001000010,22bf2b4dedf1b3846fd761a02ee17bd0bc6d01a2c0b9e5bce2cbc1435c410f29,bernoulli,bernoulli|conj|p=0.3|zero=allow_iid|rng=MT19937-RandomState,0.3,allow_iid,0.0011492539197206497,0.00010843202471733093,0.0015966445207595825,0.001027560792863369,0.012677629478275776,0.01656727958470583,0.003881891258060932,37,770,1,6,SAT_unsat_identifiable,1,boolean_factorization,exclude_x,exclude_x,0,1893,6909,0,1,1,0,0,0,0,1,1,1,0,0,0.008680382743477821
4,50,10,100,75988610,64,conj,glucose42,MT19937-RandomState,5.218386650085449e-05,10100010111000011010000000001000000010000101010000010001101000110101000000001010100001100000001000001100110100000010011000010010000000001000010100000000101000100011000000100000010100100010110010000101010110000101111010000000000000000010011010110001000000100010000000110000000011010011001100000000000010001001010101100011010010001011110100011000010010101000100010101100011001110000000000001000000000001111000000000010010001001000000010000001000000010011100100001000110001100001100000000000001010111000,747a44111713133320d9c490f0258edf05115c2e16a0625cb37d5a8068db0581,bernoulli,bernoulli|conj|p=0.3|zero=allow_iid|rng=MT19937-RandomState,0.3,allow_iid,0.0007324432954192162,7.524341344833374e-05,0.0011557843536138535,0.001042037270963192,0.006710943765938282,0.009723395109176636,0.0030055083334445953,25,567,1,6,SAT_unsat_identifiable,1,boolean_factorization,exclude_x,exclude_x,0,1295,4642,0,1,1,0,1,0,0,1,1,1,0,0,0.006812445819377899
4,50,10,100,75988610,65,conj,glucose42,MT19937-RandomState,5.9827230870723724e-05,10010000001100100110001010100010010000000000001010100101001100100000111100100000000101010000000001000000110100000001100111000001000001001010011100000001000100100001110110000010000010001010110110000010000000000101100100011001000010000100111010001000111100000000001100010000010000000110000100100101010110000000000010100000001110000111101010001000010110000010001010000100001110001010001010100001100000000001101110000010001000010110100001010000001000000000000001000000000000000101110000010001000011000001,d3020d2bc37030cf83e4845fdb9a7e6e7e1d9036bbd9fc1cdf9489b5a5872aee,bernoulli,bernoulli|conj|p=0.3|zero=allow_iid|rng=MT19937-RandomState,0.3,allow_iid,0.0008316105231642723,8.066277951002121e-05,0.0010547982528805733,0.0010003214702010155,0.006479518488049507,0.00945498887449503,0.0029673930257558823,22,752,1,6,SAT_unsat_identifiable,1,boolean_factorization,exclude_x,exclude_x,0,1028,3946,0,1,1,0,1,0,0,1,1,1,0,0,0.006749343127012253
4,50,10,100,75988610,66,conj,glucose42,MT19937-RandomState,5.203858017921448e-05,10010100101000001000010000000010010011000001101001000101000110000000001100010000001001000010101110000000000100000001000010000000101010001000000101100000000010100110011100000100000110100100110001110001000010110100001010000000010101000100000000000111001010110000001101010000011100110001000000110000001111000011111100000011001010000000011100011100100000000000110000001000001110001100000110000011010001101110000000110010000010010001100010000100110001000001010001000100000100100001100100010010100010000010,3cbb73f15ab26a74f45406b31bfe8db37f3957de39ffe34407df7a64089f829e,bernoulli,bernoulli|conj|p=0.3|zero=allow_iid|rng=MT19937-RandomState,0.3,allow_iid,0.0008893562480807304,8.010677993297577e-05,0.0011731227859854698,0.0010281885042786598,0.008225420489907265,0.011403055861592293,0.003170774318277836,25,811,1,6,SAT_unsat_identifiable,1,boolean_factorization,exclude_x,exclude_x,0,1175,4510,0,1,1,0,0,0,0,1,1,1,0,0,0.007307187654078007
4,50,10,100,75988610,67,conj,glucose42,MT19937-RandomState,5.632173269987106e-05,01100010001010010010000010101000010000000001000000010000001101000011001010100101101001000010010010000000010000100011001000000100111001100100111001000010100001000100110101000000100000001011101100000001000100010001001010000000001001000110000000101000011000001010010001001000101010001000101001101000100001110001000000010010010001101100110110010000000110000010011010001100011011101000110010000010000100000010011000000101000000000000100001110100110001000000010111100110011001010000000100011000000000110011,45ee32ed684813b3a06456039316c2518222b8fcbcfe11cb28d6f708c4279bf2,bernoulli,bernoulli|conj|p=0.3|zero=allow_iid|rng=MT19937-RandomState,0.3,allow_iid,0.0010146638378500938,9.82498750090599e-05,0.001561199314892292,0.0010751858353614807,0.009307247586548328,0.013065171428024769,0.0037492988631129265,35,724,1,6,SAT_unsat_identifiable,1,boolean_factorization,exclude_x,exclude_x,0,1755,6489,0,1,1,0,0,0,0,1,1,1,0,0,0.008234689012169838
4,50,10,100,75988610,68,conj,glucose42,MT19937-RandomState,5.362369120121002e-05,01001100100000000011011000000010000001010000000010010001100100101000000010001000110001000101111110010000001010000000001010111111100010111000010011010001111001001100000100000101010001100000000011010000000100000000000100110000001000010000101010000000010100000000110101001001000000011000100100011100000110000001100101010000000010000100000011110000010000110000000010000000000100001000011000110000100001010101010101001000001010000001001100000000101001110000001000010110000100001000000100010000000010100100,aba3c1468e2b0c551dc4198bee22736bae6921082380b55b1663b70f7c7d1d12,bernoulli,bernoulli|conj|p=0.3|zero=allow_iid|rng=MT19937-RandomState,0.3,allow_iid,0.0009161317721009254,8.725002408027649e-05,0.0011854739859700203,0.0010797102004289627,0.007027327083051205,0.010303664021193981,0.003268565982580185,25,856,1,6,SAT_unsat_identifiable,1,boolean_factorization,exclude_x,exclude_x,0,1135,4466,0,1,1,0,0,0,0,1,1,1,0,0,0.007489735260605812
4,50,10,100,75988610,69,conj,glucose42,MT19937-RandomState,5.43324276804924e-05,11010010100000001000000011001001001001000000000010001000111000100010000000001000010001000100000000101010100000001000100010000110011000000100001010100111000100100010000000000000011011000110100100000010000000000110000100000000110000010001101010000101101011111010000010100000100101001000000000000100000010110000011000000101110000010010010000000100000001001100000001000010000000000000001001110111100111011000000010100000110000000100000100001100010101100111100100001100010000001100111010000000000010101100,a80d00d7966447fc7051452c18f95c109796af718cfd29a61e4dc7afeb0b90f3,bernoulli,bernoulli|conj|p=0.3|zero=allow_iid|rng=MT19937-RandomState,0.3,allow_iid,0.0008526826277375221,8.7762251496315e-05,0.0009966455399990082,0.0010147970169782639,0.00705169141292572,0.010011089034378529,0.002951887436211109,21,884,1,6,SAT_unsat_identifiable,1,boolean_factorization,exclude_x,exclude_x,0,929,3703,0,1,1,0,1,0,0,1,1,1,0,0,0.0070122964680194855
4,50,10,100,75988610,70,conj,glucose42,MT19937-RandomState,8.210353553295135e-05,00000001000000000000101001000000100000011000000010000110010110000100000000010100000111000100000011000000000000010101001011000001000110000010100000011000110011110000100010100000001001001000000000101010000100111001010000000000000001100100000001010100000000011000001100010001000010100010001010100000000001000101000011101010000100010001011000000011100001011010010111010000011100010000000010001111010100000010010001101100011011000000010001000000000010010100000000100001010000001001000000010000100100000010,ace041c21da95bd845ee90ea0a436450f88f1ee31c3deac660e55cd2c63cb526,bernoulli,bernoulli|conj|p=0.3|zero=allow_iid|rng=MT19937-RandomState,0.3,allow_iid,0.0009583821520209312,8.74735414981842e-05,0.0012573059648275375,0.0010357629507780075,0.00717280525714159,0.010519200935959816,0.0033389246091246605,28,816,1,6,SAT_unsat_identifiable,1,boolean_factorization,exclude_x,exclude_x,0,1282,5030,0,1,1,0,1,0,0,1,1,1,0,0,0.007611198350787163
4,50,10,100,75988610,71,conj,glucose42,MT19937-RandomState,6.433948874473572e-05,10100010110001100100000001000000000000110000110010100111111000010000010100000000101000110000100100010101000010100100000010100010000011011000100101000000000100010000100000010000110000001010010000000000100000000010001000000000100000010100100000010000100100000001000000010000000100000100110100001000001000001001000010000111100000010110010000010100000001000001000100100101001001100000001010000001000001101000000000011000010000100001000010110000101110001111000001000011010110111000110010100010000100111000,7ca644c3056fddf96397c012d0bc58db460fd877d2d0c9a07d0250653b255c52,bernoulli,bernoulli|conj|p=0.3|zero=allow_iid|rng=MT19937-RandomState,0.3,allow_iid,0.0008651036769151688,9.932555258274078e-05,0.001173003576695919,0.0010112356394529343,0.015651746653020382,0.018808668479323387,0.003148668445646763,26,788,1,6,SAT_unsat_identifiable,1,boolean_factorization,exclude_x,exclude_x,0,1244,4720,0,1,1,0,1,0,0,1,1,1,0,0,0.007538766600191593
4,50,10,100,75988610,72,conj,glucose42,MT19937-RandomState,5.1089562475681305e-05,00000100010000000100000101111001001000100000000000000000100000010100010001000001000000000010000100000000100010001011010000001010000010100000000000000000000111000000011000110110000010000001001111001100010000001110101101000110100010101000101000001000001100000000000000101000101000000101000000100010011001101011000100010000010001100000100000000001000100001101001011000110101101000001100000010100100100000000000101010111001001000001100100011001110000101011000010000010010001000000010111100010000000000000,a453a083bf13a02fca84932432bfc1050e6a9726e4f8fad3060c9047c2bddd3e,bernoulli,bernoulli|conj|p=0.3|zero=allow_iid|rng=MT19937-RandomState,0.3,allow_iid,0.0008400548249483109,7.312651723623276e-05,0.0010666372254490852,0.001005636528134346,0.006319737993180752,0.009312835521996021,0.002985455095767975,23,803,1,6,SAT_unsat_identifiable,1,boolean_factorization,exclude_x,exclude_x,0,1057,4112,0,1,1,0,1,0,0,1,1,1,0,0,0.006977582350373268
4,50,10,100,75988610,73,conj,glucose42,MT19937-RandomState,5.237851291894913e-05,00110000010100001100100000000101000000001001011000100010001101000010100010000010000000000101010001011000100001100110111000101000010100000001001110010000001110011100100001011000000001000010000000000000100001101000111000000000100000101000100000001000010010000011100101110010100000000100001001000101010001110000001000101010000000100100100001110000000010100001100000001100100001000000011011110000001010000010001100000100100000000000010000011101001011100010000000010010000000100000000010101010000011000000,1a10f9c1064a8783b8508811dc8238df2b35559b278960cdfbe0e74f42f3157f,bernoulli,bernoulli|conj|p=0.3|zero=allow_iid|rng=MT19937-RandomState,0.3,allow_iid,0.000904357060790062,7.517542690038681e-05,0.0011417856439948082,0.0010539451614022255,0.011670169420540333,0.014853729866445065,0.0031752632930874825,24,691,1,6,SAT_unsat_identifiable,1,boolean_factorization,exclude_x,exclude_x,0,1186,4388,0,1,1,0,1,0,0,1,1,1,0,0,0.0067816684022545815
4,50,10,100,75988610,74,conj,glucose42,MT19937-RandomState,5.256105214357376e-05,01010000011000001000011011010000000100000000001010001010000001100010000001100010100000000010101001000001010010001010010000001001001011100011100010110010010010011000011100010111000010010100000110110000100010001000110010100001001001111000000100000001000000000100101001011001000001101000110000010001100000000010001011101100000011011000010000010000001001000010110110010011010000001111000001101000001010110010001010000010000001000100110100011000000100000001000000010000001011000010010000000001010100010100,f2cd19962c6857e4e9e62188f1ad7c441a1ffc1493976dd3b2b516e30d550328,bernoulli,bernoulli|conj|p=0.3|zero=allow_iid|rng=MT19937-RandomState,0.3,allow_iid,0.0009036073461174965,7.560569792985916e-05,0.0011828728020191193,0.0010036276653409004,0.00803748331964016,0.011213753372430801,0.0031657135114073753,26,753,1,6,SAT_unsat_identifiable,1,boolean_factorization,exclude_x,exclude_x,0,1264,4742,0,1,1,0,0,0,0,1,1,1,0,0,0.007031401619315147
4,50,10,100,75988610,75,conj,glucose42,MT19937-RandomState,4.4288113713264465e-05,00000010100000000001110001000001011100000010000000010011011101000000100011010000110001000010100011001100000011010110010010110100000110000100011001000110000001000100010100000000010111100101000001110000000100000010000010100100110000100010000101001000000000000001010000000001000000010100100000100001000111001110010110100000000100000100101001100001010100000111101010100101111000100000001000110000010000001011010100010000000010001011000110100010011101010001100011010111100000011011100100001100000001010011,b75718282773f11b92a62eefddee273448aced42bee68eb349360127c681afe3,bernoulli,bernoulli|conj|p=0.3|zero=allow_iid|rng=MT19937-RandomState,0.3,allow_iid,0.0008643502369523048,7.454585283994675e-05,0.0012862291187047958,0.0009961873292922974,0.009565041400492191,0.012793469242751598,0.003221312537789345,29,642,1,6,SAT_unsat_identifiable,1,boolean_factorization,exclude_x,exclude_x,0,1531,5438,0,1,1,0,0,0,0,1,1,1,0,0,0.007380046881735325
4,50,10,100,75988610,76,conj,glucose42,MT19937-RandomState,5.0708651542663574e-05,01110000000011110010010011000000001010101100000001010000001011001000100001100011101111000001101001100000011110001110000010001000000001100000100101001000000100101100010100000000011001000001010001001101000001001000100001001001100000000100011000101000001101000010101001110000100001100011100010000000010001110001001001000001000000000101000000000010000000001001100001000110000100000000110010000000011000010010111001011000000101100000000001001100110000100100100000000100100101010100000010100010000011010000,aad6932bdc2bc0125c0932a9ed40ebfe17106c5623c40379b4e2ade2c971a6e5,bernoulli,bernoulli|conj|p=0.3|zero=allow_iid|rng=MT19937-RandomState,0.3,allow_iid,0.0009203404188156128,8.126255124807358e-05,0.0013036355376243591,0.0009775878861546516,0.008872178383171558,0.012162251397967339,0.003282826393842697,29,711,1,6,SAT_unsat_identifiable,1,boolean_factorization,exclude_x,exclude_x,0,1451,5350,0,1,1,0,0,0,0,1,1,1,0,0,0.00747494213283062
4,50,10,100,75988610,77,conj,glucose42,MT19937-RandomState,4.911050200462341e-05,00000110110010001000000111001001010101000010100000101010000000100110011001001010101001000000000000000000000001100000001011101010111111100000010110011001100000010111100100000000001000000101000000100100000000110100000010101000000010000000000110110000111010001100100100000011000100101000100100001100010010000000000100010000100111000000100000110010000010001001000011100000000001010010100001001111000110110000000010001000010001011000000001100100010000001000100101101100010111000000100100001000000011010101,a67fb7a5a5d4335a7d8da99ff41729d50b0c14f1c5f3dbe2bcc769aea52d3d22,bernoulli,bernoulli|conj|p=0.3|zero=allow_iid|rng=MT19937-RandomState,0.3,allow_iid,0.0009876042604446411,9.193923324346542e-05,0.0012416131794452667,0.0009888065978884697,0.007720256224274635,0.011036332696676254,0.003309963271021843,27,782,1,6,SAT_unsat_identifiable,1,boolean_factorization,exclude_x,exclude_x,0,1263,4875,0,1,1,0,1,0,0,1,1,1,0,0,0.0073470668867230415
4,50,10,100,75988610,78,conj,glucose42,MT19937-RandomState,4.808604717254639e-05,10100100000000000010100010000000000000000000010101011000001011011000000010101010000001000100101100100000011001000100001010001001000000100000110001111001011000100000000100010010100110011001000000010000000100000001000011000001000010000001000011000000001111100001000010001100010100010000010101000001100100010011001001011000000010100101010001010000001000010010010100110000000101000000111101101110000000001010100010100010010000100010000000001000011001100001010001111101000000000010001110100011001010100000,e5d4a67b0d7859c6e115bf283294ccfd1360bbd250819e5dc76f521f555e1e38,bernoulli,bernoulli|conj|p=0.3|zero=allow_iid|rng=MT19937-RandomState,0.3,allow_iid,0.0008193561807274818,7.001031190156937e-05,0.0011102110147476196,0.0009837988764047623,0.00630822591483593,0.009300250560045242,0.002983376383781433,24,813,1,6,SAT_unsat_identifiable,1,boolean_factorization,exclude_x,exclude_x,0,1166,4366,0,1,1,0,1,0,0,1,1,1,0,0,0.007296805270016193
4,50,10,100,75988610,79,conj,glucose42,MT19937-RandomState,4.643294960260391e-05,00000000000000000000100100100100001011100100100010010000001000010101010011000001010100000000001000000010010111000011001010001000000100010000001101001100000110100100100010001010000010000010000101110000000100100000100101100000110010100000000110110111010100100000001100011100110111101101000000000101001010001101000000010010000000111001000100001110010000001001000000000101000101000101101000001100100000010110001010000011000001000000101100100011001100000000110001101100011000000000000001000001100000100010,f1566a237c3f99edd40edd02f9e4498b569ec2732d56db5d9218aee9b3d36745,bernoulli,bernoulli|conj|p=0.3|zero=allow_iid|rng=MT19937-RandomState,0.3,allow_iid,0.0008200574666261673,7.68592581152916e-05,0.0012675458565354347,0.0010310420766472816,0.011165282689034939,0.014368108473718166,0.0031955046579241753,28,666,1,6,SAT_unsat_identifiable,1,boolean_factorization,exclude_x,exclude_x,0,1352,5107,0,1,1,0,1,0,0,1,1,1,0,0,0.007227797992527485
4,50,10,100,75988610,80,conj,glucose42,MT19937-RandomState,8.926354348659515e-05,10001000000111000000000000010000100000000010000100000000010000000010110001001000011100001010100000100100100100001000100100100001000111000011000010000000011010010011000000110000001000111001000010001000010010100000000001010100101011000000010000000100000100000000000011000001100100100011001101000011000110110000100000000000000000100100101000011000001001000000011000000000000001000000111010010000010010001010000111010001011000100101010001000010001010100000100000000100010001000000000010100100000110010101,70270f285fc8ecf20d0b9fed53b49404fb7d6bac35cfff0d08a3397480d97ab2,bernoulli,bernoulli|conj|p=0.3|zero=allow_iid|rng=MT19937-RandomState,0.3,allow_iid,0.0008158395066857338,8.890870958566666e-05,0.0011400626972317696,0.0010640379041433334,0.007147239521145821,0.010264822281897068,0.0031088488176465034,24,813,1,6,SAT_unsat_identifiable,1,boolean_factorization,exclude_x,exclude_x,0,1116,4311,0,1,1,0,1,0,0,1,1,1,0,0,0.007343273609876633
4,50,10,100,75988610,81,conj,glucose42,MT19937-RandomState,6.64740800857544e-05,00101010100000011001100100011000100010001000001000000000100001100000010100000000110000110000100001101000100001010001001101001110100001010100010011000111000001011000001000000001010100000101000001100011000010001101001100000101010000011001000001000110100100110000110000000101000000000000111001001111001000000000000100110000000010000111010001110000111010000000011001100010100110001011000000000011101000001101010100000000011000010000010000011000000000100000001000000001000110100000011011001000000010010011,a771996e4005ec5ef07bdcf7a537076a35f2d8874d9840d4a1b3897abdb948e1,bernoulli,bernoulli|conj|p=0.3|zero=allow_iid|rng=MT19937-RandomState,0.3,allow_iid,0.0009081996977329254,8.507631719112396e-05,0.0015477361157536507,0.001018068753182888,0.01587800495326519,0.019444520585238934,0.003559080883860588,35,633,1,6,SAT_unsat_identifiable,1,boolean_factorization,exclude_x,exclude_x,0,1815,6555,0,1,1,0,1,0,0,1,1,1,0,0,0.007853381335735321
4,50,10,100,75988610,82,conj,glucose42,MT19937-RandomState,5.5555254220962524e-05,10110000001010000000000100101100000010111001001100010111000100011100000000001011010110000110011100101001000110011101000000010000000010110001000000101100010000000000010000010110000100110001001000001001000001001001010000000000100000010110000100000111000100010000000001110010100000110001100001010000101010100000001000001000000110010001000110010000001111100110001001000000001001000010000010110000100101001010011011101010010000001000000000000100000000010010111000001100000001110100001000001001101000001110,b2818e3a605f79f5806127a10d2a1b45b5bf6f6c00e08762a746f1c6e84658f0,bernoulli,bernoulli|conj|p=0.3|zero=allow_iid|rng=MT19937-RandomState,0.3,allow_iid,0.0007757032290101051,8.213985711336136e-05,0.0011415742337703705,0.0010344833135604858,0.009820361621677876,0.012861579656600952,0.003033900633454323,24,653,1,6,SAT_unsat_identifiable,1,boolean_factorization,exclude_x,exclude_x,0,1196,4399,0,1,1,0,0,0,0,1,1,1,0,0,0.006805377081036568
4,50,10,100,75988610,83,conj,glucose42,MT19937-RandomState,4.991795867681503e-05,01001000000001001100001010101101000110000101010000010101101111001010000000101000000010000100010100100000100000101000001001010000100001101101001010010100111000001000111010101010110101100001100010000110100000000000011000000000000000000110001110000010000110110000000000000001100000111011000100001110000010100100010011010010000101010001111100101010000000010000010000000010010011101100000010100010000100100000001010010000000010100110010001000101110001011001111001000010000110010100000001100000001000000100,0b36f75af51b4b87691dfa881268a01f7364852895ea77ebb827843e4405f5de,bernoulli,bernoulli|conj|p=0.3|zero=allow_iid|rng=MT19937-RandomState,0.3,allow_iid,0.000982365570962429,8.9278444647789e-05,0.0014789896085858345,0.001018669456243515,0.010493221692740917,0.014071245677769184,0.0035693030804395676,33,709,1,6,SAT_unsat_identifiable,1,boolean_factorization,exclude_x,exclude_x,0,1637,6091,0,1,1,0,1,0,0,1,1,1,0,0,0.008066680282354355
4,50,10,100,75988610,84,conj,glucose42,MT19937-RandomState,5.579739809036255e-05,10001000100100100001100001011000010111110010010001100110000011010101010110010000100001100100000011010000100110010000011101000010100000001101000000111000100110000011011010101100010110000001100011000000000101010000010000000001011000100001000110100011000100001000000111001001001000000101000110101010000001001000000001000000100100000000010010010000001010100111010010001000100000000110001010000110000110000010110110101110001000101000101000000110101010010000111000101000110000100000000110100001000000000100,349303026f7e52af78b1ae4b8a571a1c9522da9c4953bb5ae5f74187bf8c07d9,bernoulli,bernoulli|conj|p=0.3|zero=allow_iid|rng=MT19937-RandomState,0.3,allow_iid,0.0009590107947587967,8.882489055395126e-05,0.0015565315261483192,0.0010460447520017624,0.016779094003140926,0.02043792698532343,0.0036504119634628296,35,692,1,6,SAT_unsat_identifiable,1,boolean_factorization,exclude_x,exclude_x,0,1805,6544,0,1,1,0,0,0,0,1,1,1,0,0,0.00814827997237444
4,50,10,100,75988610,85,conj,glucose42,MT19937-RandomState,5.716923624277115e-05,00000000000100101000101000110111001100111011000011000000010000011111011001000001000100100000001000100101101011000001101000000010101101010000010000010000010000111011000010001001101001000000001000100000101111100011001000010000010001011000000100011000101000000000000000000100010110100100100110000110000100000011000000010100010000010110010010110001000000010111110000000110000011110010001010111011000000001000101101110010110000000000000100100000100111110100010011000000010101000100000010100000000000010010,972a25199930c16935d2673f36c0864c74fa34fc4fafc4d42d639a0c211aeaa9,bernoulli,bernoulli|conj|p=0.3|zero=allow_iid|rng=MT19937-RandomState,0.3,allow_iid,0.000952521339058876,8.917972445487976e-05,0.0011311229318380356,0.0010244837030768394,0.007597462274134159,0.010802160017192364,0.003197307698428631,25,775,1,6,SAT_unsat_identifiable,1,boolean_factorization,exclude_x,exclude_x,0,1185,4521,0,1,1,0,1,0,0,1,1,1,0,0,0.007224376313388348
4,50,10,100,75988610,86,conj,glucose42,MT19937-RandomState,5.3853727877140045e-05,01001101001100000000110100100001001001000100000101010010010001001100110000000100001110010001000101000100000010100000001000100100000000010010010000100010001000000000101000100011010101001100110110011000001100001000100000000100011000100000100101010010000000001110011100101001000000000100100001000101000011000000110001111000000001101000000001000000010000001000000001010101101000001101000011000000010001000000100011001001000011000010000000000100010001010001000011000001101000000000001101001100010000101000,8284d6827dd1981a04e20a2fea4813753a0de5ed3472ad028988604e18e6800e,bernoulli,bernoulli|conj|p=0.3|zero=allow_iid|rng=MT19937-RandomState,0.3,allow_iid,0.0008586598560214043,8.017104119062424e-05,0.0012351861223578453,0.0010113073512911797,0.00862179882824421,0.011814774945378304,0.0031853243708610535,27,787,1,6,SAT_unsat_identifiable,1,boolean_factorization,exclude_x,exclude_x,0,1263,4875,0,1,1,0,0,0,0,1,1,1,0,0,0.007444298826158047
4,50,10,100,75988610,87,conj,glucose42,MT19937-RandomState,5.790404975414276e-05,01001001111000000001100110000010010000001001000110001110010000000001001000000000010100001110010000100011000010001100101001101101010100010100001111011000000100010111110001000100100011000001000000100010100000001101000100001010001000000001100001101011011000000000000010000011000100010010001110111000100101111110010011100100000000000011100000010100000100101001010000100001001111101000000000100101000000110110000111100000000011001001000100101110001000110010001000010000000001000010000000000010000001000101,c67678f15e374cafba3a65a73b10e493b7b6bd504d64edd526cc8fbd32499b49,bernoulli,bernoulli|conj|p=0.3|zero=allow_iid|rng=MT19937-RandomState,0.3,allow_iid,0.0009186603128910065,9.377952665090561e-05,0.0012286854907870293,0.0010212259367108345,0.008241800591349602,0.01151107344776392,0.003262351267039776,27,701,1,6,SAT_unsat_identifiable,1,boolean_factorization,exclude_x,exclude_x,0,1383,5007,0,1,1,0,1,0,0,1,1,1,0,0,0.007298815064132214
4,50,10,100,75988610,88,conj,glucose42,MT19937-RandomState,5.069654434919357e-05,10100011001000101001110011000111001100001000000010000010000000000000001100010000100100010010011100000000000100000000111001111000000001110000010110000000000001110000000001000011000100010000000000010110011001100100001000000100000000001000100100011001011000000100000010100001001010011111000000110000100110011011110010000001100010110011100101000000010001100000010000010101001010110000110110101000000101010001000000010001100001000000011010000000000000000000010000000000001001000101100001100101000000111000,a2355e3ca43e70ce646c3c13ee070162e7bc463e9f9d5b7d09b2f306817a77d0,bernoulli,bernoulli|conj|p=0.3|zero=allow_iid|rng=MT19937-RandomState,0.3,allow_iid,0.0009079454466700554,8.504558354616165e-05,0.00125176552683115,0.001082535833120346,0.007964441552758217,0.01129866298288107,0.003327292390167713,28,727,1,6,SAT_unsat_identifiable,1,boolean_factorization,exclude_x,exclude_x,0,1372,5129,0,1,1,0,1,0,0,1,1,1,0,0,0.007365536876022816
4,50,10,100,75988610,89,conj,glucose42,MT19937-RandomState,5.168840289115906e-05,00100000000011000010001110000110000001001000000100100110000000010000000100000010010101100101100100000100010010100100000000101000100000100100100101110011101000000000000001010001000000110001000000000010000110000100000001010011001000000000110001000000000000011100000000000000100011000000100000101000000010100010000100000000000000010000000001010000000000100110010100001000100000001110000001000000001000000100010001000010101011010001111101000001000000000010101000100100100011110000001000000100101001100000,4518961b4d4434b6a3a1264abf36732d1163c79f5981eca3388c1468e9afd54f,bernoulli,bernoulli|conj|p=0.3|zero=allow_iid|rng=MT19937-RandomState,0.3,allow_iid,0.0006588539108633995,6.463751196861267e-05,0.0008548237383365631,0.001025475561618805,0.00574631430208683,0.008356282487511635,0.0026037907227873802,17,882,1,6,SAT_unsat_identifiable,1,boolean_factorization,exclude_x,exclude_x,0,753,2973,0,1,1,0,1,0,0,1,1,1,0,0,0.006591483950614929
4,50,10,100,75988610,90,conj,glucose42,MT19937-RandomState,9.870156645774841e-05,01010000110100010101111001010000110000010010010010010001100111000000001100101000100010001000100100110000001000110001100010011010101010011011000000101001000001000001001101110000001010010010010100001101000001110001101000000000100010000111001001000011100001001000010000001000000100011010000100101010000100000000000001100000001000000100001000100011000001010100011011000100001011000100001100100100000100001100001001011001000001011100000100101110000100000000000100001101000000000000001100011001001000000100,3d8abca1d73c9ed8f5ab7a87479c372736857a1bfb0d14054fb2a493f7f8589b,bernoulli,bernoulli|conj|p=0.3|zero=allow_iid|rng=MT19937-RandomState,0.3,allow_iid,0.0009466307237744331,9.173061698675156e-05,0.0013059116899967194,0.0010371003299951553,0.013049215078353882,0.016439481638371944,0.0033813733607530594,29,715,1,6,SAT_unsat_identifiable,1,boolean_factorization,exclude_x,exclude_x,0,1471,5372,0,1,1,0,1,0,0,1,1,1,0,0,0.007595498114824295
4,50,10,100,75988610,91,conj,glucose42,MT19937-RandomState,5.361810326576233e-05,00000000001000001000001000100110010000011101000100010111010010001101010000100000010000011000000110100000000001000010100000110010010010000010011001001110110000000001110000010001100010000000001001111000110000110000000000000100000001000101010010000010000100000010000100000000011000010000100001001011010100000000010110010110000101000001011100000100100101110000010010110010101100000010001000001011100000110000100100011110000110000100010011010000000100000101000000000000000000111000000001100110001000000000,4b92c1f4ac3ac5c0e55400c88cc159ba0ec3a426217c9a342d4c4b761c916903,bernoulli,bernoulli|conj|p=0.3|zero=allow_iid|rng=MT19937-RandomState,0.3,allow_iid,0.0008353302255272865,8.069723844528198e-05,0.0012807734310626984,0.0010362537577748299,0.00931512750685215,0.01255635917186737,0.0032330546528100967,26,678,1,6,SAT_unsat_identifiable,1,boolean_factorization,exclude_x,exclude_x,0,1304,4786,0,1,1,0,1,0,0,1,1,1,0,0,0.007446278817951679
4,50,10,100,75988610,92,conj,glucose42,MT19937-RandomState,5.46751543879509e-05,00001001000010110000000100000010001010100111000110100010000101001001001101100010010000010001010110000111101011000010110000000000000101001000011010011000100100000101110001100010000000001101000011000000101100100001101010000000101001100110010011011001001000000111011000000001001100010010010110100001000100011100100011101010011000011100100000000100000000000000000000100000010010000001001010001101000001100001000001011001000100001101100110000010000011000000001010101000000001000110010000010001100000010100,04e7bf6b6a04aa93bbad4e3bca6a7ea4b51a274760deabe3c472e15a51fc23a9,bernoulli,bernoulli|conj|p=0.3|zero=allow_iid|rng=MT19937-RandomState,0.3,allow_iid,0.0009841704741120338,8.490122854709625e-05,0.0013429829850792885,0.00103086419403553,0.009515173733234406,0.012965361587703228,0.0034429188817739487,30,619,1,6,SAT_unsat_identifiable,1,boolean_factorization,exclude_x,exclude_x,0,1530,5571,0,1,1,0,1,0,0,1,1,1,0,0,0.007318466901779175
4,50,10,100,75988610,93,conj,glucose42,MT19937-RandomState,5.7783909142017365e-05,11010010001111110100001000100001000000000001001000000110000101000000000111011010100000010011110110101000001100000010100000011010000000000000111100001111100000001100000110111010101000010111011000110100000101000001100000010000100000011000010000010000001001000100000001001000000010100111100000000100000100000011000101110100100010100001000001000110000010010110000010011100100000000100000000001000000110110010010010101100111010111110001100000000000010010001111000000010001000000000001000001000000000001100,b78e7c859da2b5c82cce01060728b892fdea028b1673fc5dc25e0f9ee7e13f58,bernoulli,bernoulli|conj|p=0.3|zero=allow_iid|rng=MT19937-RandomState,0.3,allow_iid,0.0009136395528912544,8.020363748073578e-05,0.001219385303556919,0.0010421955958008766,0.009004421532154083,0.012267322279512882,0.003255424089729786,25,666,1,6,SAT_unsat_identifiable,1,boolean_factorization,exclude_x,exclude_x,0,1175,4510,0,1,1,0,1,0,0,1,1,1,0,0,0.006994396448135376
4,50,10,100,75988610,94,conj,glucose42,MT19937-RandomState,5.488283932209015e-05,00000000110100011000000100100110000000000101100100010001110110000000010001011000000100000101100000001110001011011111100100000000000011001001010011010001001000110100100000110000001000000000000001000000001000001001111100001001000010000010010011011100001000010111010100001011001001001010100100000011000111010100101001000100000010000101100000000000011001000010000001000010000111110001011000000000101001001010011010000101000000001110101000000100011001001100010100010000011100100000010100100010100110100010,23787e14ab5c2a9de0f462e63c101791d2224851b0775d941bb946df41e8c2ce,bernoulli,bernoulli|conj|p=0.3|zero=allow_iid|rng=MT19937-RandomState,0.3,allow_iid,0.001042417250573635,0.00010390207171440125,0.0014397557824850082,0.0010518431663513184,0.010093479417264462,0.013738562352955341,0.003637918271124363,31,693,1,6,SAT_unsat_identifiable,1,boolean_factorization,exclude_x,exclude_x,0,1539,5715,0,1,1,0,1,0,0,1,1,1,0,0,0.007682402618229389
4,50,10,100,75988610,95,conj,glucose42,MT19937-RandomState,5.783047527074814e-05,00000000000001010000000101100000001110111010001000010010010100000100011001000100000001101001101111100010100000010000000000111001000000000000000010100100000001000110000101100011100000001000001001010000000110000111100010000001000000100000000000000110000000100001010000000010000001101000001000101000000100111000000101010111000101000100100100000000000000001100000110101000110100000101011010001110000110000101110001001000001100001000001000101001100111110000000011010010001100000000010010000101000110000001,7c95f8036e848d94eb0f9210f94e0f8be0c86421bbee8e7ff8e63a685e59e2aa,bernoulli,bernoulli|conj|p=0.3|zero=allow_iid|rng=MT19937-RandomState,0.3,allow_iid,0.000863887369632721,7.775332778692245e-05,0.0011613685637712479,0.0010254411026835442,0.007699695415794849,0.010835194028913975,0.0031284503638744354,25,722,1,6,SAT_unsat_identifiable,1,boolean_factorization,exclude_x,exclude_x,0,1185,4521,0,1,1,0,1,0,0,1,1,1,0,0,0.006995454430580139
4,50,10,100,75988610,96,conj,glucose42,MT19937-RandomState,4.716496914625168e-05,10000001001010001001010001011010001000000011000000000010001001001001100010000100010011000000000100001000111000000001000000001100000100101011110011001001010100000000001000110110100101110000001100000000000001000010010010001110100000000111100000010011000001100100001100100001000000010111100000001000010110110010101000100000000000000000100101010000010001000010101000000010010100000000000001100001011010100110011000101001111110010100100100101100011000100101001011011000100001000100010000010000000011001000,835c26a0f4b950e7a80da845c7156c567bc0ac185d5a2cd4b0d055ab4c880ff7,bernoulli,bernoulli|conj|p=0.3|zero=allow_iid|rng=MT19937-RandomState,0.3,allow_iid,0.0008867867290973663,7.940363138914108e-05,0.001365101896226406,0.000991297885775566,0.010146431624889374,0.013477232307195663,0.0033225901424884796,30,681,1,6,SAT_unsat_identifiable,1,boolean_factorization,exclude_x,exclude_x,0,1530,5571,0,1,1,0,1,0,0,1,1,1,0,0,0.007722540758550167
4,50,10,100,75988610,97,conj,glucose42,MT19937-RandomState,5.55478036403656e-05,00111000101000010111001100010111010000110000000110000100000000000101000000011000101000000010101111010000010000100100000100011000001010100000110100011000000000000101001010010101000010000000101000010000100010000010100010001100100000000100100001000001000100000000000001110000100010000010010000001000100100010000101000000010000000010000101000000110000100100001100010110000001000010000000001011000010110111001000010000001001100000000010000000100010000011001000000110001110000101001000000001101011100010101,cd271790befd4c0fc765634dc3ab66b33d0e03f8d3595cc1fd1f0ca0cbeabb15,bernoulli,bernoulli|conj|p=0.3|zero=allow_iid|rng=MT19937-RandomState,0.3,allow_iid,0.0008835727348923683,7.625389844179153e-05,0.0010654432699084282,0.0010698940604925156,0.014874973334372044,0.017976852133870125,0.0030951639637351036,23,858,1,6,SAT_unsat_identifiable,1,boolean_factorization,exclude_x,exclude_x,0,1027,4079,0,1,1,0,1,0,0,1,1,1,0,0,0.007098058238625526
4,50,10,100,75988610,98,conj,glucose42,MT19937-RandomState,5.418062210083008e-05,00000001010010111001011010001000001000001000001001100001000000001010000000010000110000000000000010011001000001001000001010100100000000010000100001010000000100000010100001101101000110011000011010111000010100000011100110000111000001110100001001111100001000001011100110101001010010000010010001010000001000100000010001100000100000010111001000000010000010001000000100010000001010000000000000100000000000001000000001010001100100111010011001000100011100000000010000000000000001010001011001010001000000100010,5c91942b9520b458c8ce7319a8becc8afa576ecf327416a71b810943a662f41d,bernoulli,bernoulli|conj|p=0.3|zero=allow_iid|rng=MT19937-RandomState,0.3,allow_iid,0.0007950961589813232,7.362198084592819e-05,0.0010840417817234993,0.0010070009157061577,0.007257937453687191,0.010224931873381138,0.0029597608372569084,23,791,1,6,SAT_unsat_identifiable,1,boolean_factorization,exclude_x,exclude_x,0,1077,4134,0,1,1,0,1,0,0,1,1,1,0,0,0.006986149586737156
4,50,10,100,75988610,99,conj,glucose42,MT19937-RandomState,5.4652802646160126e-05,10111010110000000000110101000100001001011011000100001000000100001111101010010100000010001100110011000000100011000000010000100011001011100000101000000000110011010100110110000000110000000000110100000000010001100100001001110101100100001000001001000000000100010001100100110110011000110011010100000001001001000111100110000100101110010110100101100111010010111100010000100100001010000001000010000000000000100000001111000000010111011010101001110000000000000001000010000100101110000001010011001000000000111000,ebe860e46761c5ca24af16d75ffae0558839e3626edba29642084693e2cbdfb0,bernoulli,bernoulli|conj|p=0.3|zero=allow_iid|rng=MT19937-RandomState,0.3,allow_iid,0.0009490083903074265,9.138975292444229e-05,0.0013765087351202965,0.0010470598936080933,0.010290202684700489,0.013760673813521862,0.0034639667719602585,31,589,1,6,SAT_unsat_identifiable,1,boolean_factorization,exclude_x,exclude_x,0,1649,5836,0,1,1,0,1,0,0,1,1,1,0,0,0.0073219602927565575
