schema_version,J,K,N,seed,sim,operator,solver_name,rng_engine,generation_time,q_bitstring,q_sha256,design,design_id,p,zero_row_policy,basis_time,identity_check_time,two_col_check_time,three_col_check_time,sat_time,algorithm_time,preprocess_time,J_basis,M_basis,identifiable,branch,branch_label,sat_called,sat_formulation,sat_cardinality_encoding,cardinality_encoding_requested,maximal_candidate_requested,sat_variables,sat_clauses,identity_original,not_complete_original,has_pure_node_original,no_pure_nodes_original,has_zero_row_original,two_col_violation_original,three_col_violation_original,two_column_pass_original,both_necessary_checks_pass_original,I_3c,identity_basis,two_col_violation_basis,diagnostics_time
4,50,10,100,1514328487,0,conj,glucose42,MT19937-RandomState,0.0001826416701078415,00001001000001000100010100001000100100100110000100100100100100100100001100000001000101011011001000001000000110001000110000000001010100111001001010000100101001001000000101000100101111001010000010011001001001011110000000000010000001000000100100000101000100000111000010001000000000001001100000011100000000010110000000110100011000000001100100010000001101000001010000001010001000000001100010000011100001100100000110001000000010000001000001000100000011011101001000010000000100100100000001011001000111000001,314a33e6485789a7050e678346232a702d06cdadbd43716044a4a75f7766bb66,bernoulli,bernoulli|conj|p=0.3|zero=allow_iid|rng=MT19937-RandomState,0.3,allow_iid,0.0011140592396259308,0.0001417212188243866,0.0017363158985972404,0.001202262006700039,0.021549466997385025,0.0257538091391325,0.004194358363747597,31,738,1,6,SAT_unsat_identifiable,1,boolean_factorization,exclude_x,exclude_x,0,1479,5649,0,1,1,0,1,0,0,1,1,1,0,0,0.008041075430810452
4,50,10,100,1514328487,1,conj,glucose42,MT19937-RandomState,5.4933130741119385e-05,10000010101101110010000000010010000101001111000010000000001001010000100010110001001000000011001010001010000000111010001001110001001000000001110100001000010001110010101100010100011010100010010000011110100100011100000010011000000000001000001000111000010001100001000110000100001110000011000100011001000010000100000000001011111010000010010101000000010010000100111100101000100000001000010010101000000000101100000101011000000101010001101100100000000111010000001001001000001000011011111000000000111000000000,dcc141e51619b3ba4d46f40b47fb5a921a11eab711b477f061a1c092d2439b0f,bernoulli,bernoulli|conj|p=0.3|zero=allow_iid|rng=MT19937-RandomState,0.3,allow_iid,0.0009323293343186378,8.541811257600784e-05,0.0012392625212669373,0.0010012341663241386,0.00789844710379839,0.011165066622197628,0.0032582441344857216,26,654,1,6,SAT_unsat_identifiable,1,boolean_factorization,exclude_x,exclude_x,0,1284,4764,0,1,1,0,0,0,0,1,1,1,0,0,0.007034645415842533
4,50,10,100,1514328487,2,conj,glucose42,MT19937-RandomState,5.1750801503658295e-05,01101001100001101011000001010000100100001010000000100100100100101100110000000111000100110000000000100000000010100011101100000000101011000100001000000110010101001010010100000000101000100101010101000100100001010101100001000010011000000010101110000011010001100010011000000001010000000001000100100101010000010110001001100000010001000011001000001100100001100111001100011010100101000000001000010000010000100111001001000110000001010010100101100001110001000100000011001110110000000010100100101100001100001000,68892de54d5b1300557387a312b8865277277ed712869a4b31ec8b42c276f8c1,bernoulli,bernoulli|conj|p=0.3|zero=allow_iid|rng=MT19937-RandomState,0.3,allow_iid,0.0009063240140676498,8.696131408214569e-05,0.0015697469934821129,0.0009955810382962227,0.010090283118188381,0.013658487237989902,0.003558613359928131,33,722,1,6,SAT_unsat_identifiable,1,boolean_factorization,exclude_x,exclude_x,0,1737,6201,0,1,1,0,0,0,0,1,1,1,0,0,0.008202917873859406
4,50,10,100,1514328487,3,conj,glucose42,MT19937-RandomState,5.0965696573257446e-05,11001011000000000010001000100001100000101100000011001110100010001000000100000101110000010001010001000000001000110000000011001100011000110000010000101101000000010010000101100000010000000010010111000000000101000011001001000001000000100001010110001000000011000000110000110100001100001011010110000000010010100011000000000110000000100000100100100100010101001100000100010000000010000111001100100100111110100010010010001000101000001011100000000000110100100010000101000110110000100000000000000010100000010001,d44b6bf737e6270a5960acc81249c5d65a6658cbaea594e3068574dfba787cda,bernoulli,bernoulli|conj|p=0.3|zero=allow_iid|rng=MT19937-RandomState,0.3,allow_iid,0.0008591869845986366,7.257051765918732e-05,0.0011717230081558228,0.0010056579485535622,0.006334916688501835,0.009453116916120052,0.003109138458967209,24,794,1,6,SAT_unsat_identifiable,1,boolean_factorization,exclude_x,exclude_x,0,1116,4311,0,1,1,0,1,0,0,1,1,1,0,0,0.007212544791400433
4,50,10,100,1514328487,4,conj,glucose42,MT19937-RandomState,5.210656672716141e-05,10100101010001100000100000000100000000000000000000100000100100001001000011011000100110100001110100000101010110010000010011001000100000001010000000000100000000010000000000010100110000111101001100110001101010000010000001111110010011001000101000000011100001000000010001100010001001000011001011000110110010011001010100000100101000001101010100011010000000000001001001001010010101000100010010001110010010000101010000001001001100000100010100000100100000010000100000000101110000010100101011101111001101100100,37055ddec8219f3dea9ed10b1008360ee323017b5b16709d849a146dd05f37f1,bernoulli,bernoulli|conj|p=0.3|zero=allow_iid|rng=MT19937-RandomState,0.3,allow_iid,0.00089312344789505,7.926579564809799e-05,0.0014180876314640045,0.0009982921183109283,0.017659991979599,0.021057832054793835,0.003388768993318081,30,659,1,6,SAT_unsat_identifiable,1,boolean_factorization,exclude_x,exclude_x,0,1580,5626,0,1,1,0,1,0,0,1,1,1,0,0,0.007650456391274929
4,50,10,100,1514328487,5,conj,glucose42,MT19937-RandomState,5.22024929523468e-05,01100001100100101000000000011110000000000100000100010000100000110000001100010010000001000010000110000000000001010010010010010110000010000100011000110001110000000100100000001110001011111101101010101001000010000000000010000110100001011000100100100010101000010010001000000010000000010101000010000010000110001001000000101101011010000010000010110000010110000111101010000000000101100000011000111000000000000100000000011100000010000000001101001100001000001000000000000000001000011000000001001000000000010110,afe1d4339c13bac3e4f54e23e4533b8fd16790ac2f096bd4eb4c43a2d68ee06e,bernoulli,bernoulli|conj|p=0.3|zero=allow_iid|rng=MT19937-RandomState,0.3,allow_iid,0.0007726363837718964,6.813369691371918e-05,0.0010813428089022636,0.000970328226685524,0.009138298220932484,0.012039455585181713,0.002892441116273403,22,806,1,6,SAT_unsat_identifiable,1,boolean_factorization,exclude_x,exclude_x,0,1068,3990,0,1,1,0,1,0,0,1,1,1,0,0,0.007049012929201126
4,50,10,100,1514328487,6,conj,glucose42,MT19937-RandomState,5.386490374803543e-05,00001100001001010000010100100100000110000001001000010101101010001010000110100101010001001000100001001110011010100000001100001111000010110010000110010000000000010010010000101000001000100100000011011000101100100001000100100100000110001100000000101010100010011011010000000000100000001000000110000010000000000010111110001000000101000010000001100010011010011010010000000000001101111110110011000000000011000000001000000000000100010000001000110001010111010100000000010101010000000111100000011001100011001000,9523b5ee2e976c885b08eec355807e8a7bd89b626bf34b13649032869a62292f,bernoulli,bernoulli|conj|p=0.3|zero=allow_iid|rng=MT19937-RandomState,0.3,allow_iid,0.0009008264169096947,8.665304630994797e-05,0.0013785045593976974,0.0010057250037789345,0.00719858892261982,0.010578382760286331,0.0033717090263962746,29,754,1,6,SAT_unsat_identifiable,1,boolean_factorization,exclude_x,exclude_x,0,1421,5317,0,1,1,0,1,0,0,1,1,1,0,0,0.0077780187129974365
4,50,10,100,1514328487,7,conj,glucose42,MT19937-RandomState,5.222950130701065e-05,01001000100101011010100000011010001010100001100110000001011000001101010001000000000001100000000001100110010010000000010101101000000101000000010001001000000101100000000000001010000000110110010010010100001010101101011100101100000000000001000000011001001000001110110010010000100000000100000001110110100011111111010000010010110000000000000000000000000010001101101000000000010001011000000110000000000000010101010100011100100110000000100000010010000010111000001000000000001101001000000000100000001011010001,41240bbeedb4806f688773e46bbbeeb809c894887a98ab20a9a57ade6cefbae6,bernoulli,bernoulli|conj|p=0.3|zero=allow_iid|rng=MT19937-RandomState,0.3,allow_iid,0.0008282186463475227,7.838942110538483e-05,0.001349160447716713,0.000970909371972084,0.007138342596590519,0.01037321425974369,0.0032266778871417046,28,748,1,6,SAT_unsat_identifiable,1,boolean_factorization,exclude_x,exclude_x,0,1412,5173,0,1,1,0,1,0,0,1,1,1,0,0,0.007612062618136406
4,50,10,100,1514328487,8,conj,glucose42,MT19937-RandomState,5.210563540458679e-05,00100010000100000011000000110000010010001000010110100001010000000010100100001110010001010001110000000000000110010001010000001000000100110100001000110010010001100001110011010000010010010001000001010011001010100010010100010010010000010000111101110010000000000000100001000000001000110001010010000000111000000011001000000010000110000000001101011000000000000001111000011000010010000101110111011000010000100001001101010000001000100010000000000001101000010101001000001010001100111010010000010001000101000100,16420af284ec533d5f6abc531ebb6e9b0616c1fab62fd8d410c5c59a565b44e9,bernoulli,bernoulli|conj|p=0.3|zero=allow_iid|rng=MT19937-RandomState,0.3,allow_iid,0.000905095599591732,9.22204926609993e-05,0.0012993477284908295,0.0009783664718270302,0.007605904713273048,0.01088802795857191,0.003275030292570591,27,813,1,6,SAT_unsat_identifiable,1,boolean_factorization,exclude_x,exclude_x,0,1273,4886,0,1,1,0,1,0,0,1,1,1,0,0,0.0076232245191931725
4,50,10,100,1514328487,9,conj,glucose42,MT19937-RandomState,4.9987807869911194e-05,01100000100000010001011111000000000101001000101000000101000011010000001000010001000110101010100000101110010001010100001100000001001100000100011001010000100000100000001110000100000011001001010000000000010010101001101000100000000010000010000001000101101100010100100001100000000011000100010000001000000011010101001011011000000100010100100000010000000110000010000000010001000010101010100100100101101111100010000100010010000001011001111000110001000000001000011001000000010010010000101011000100101101010001,5b062bfca9a320f1c3011899e76cffe2ab9af9671915b15e16cfff224bd5c20c,bernoulli,bernoulli|conj|p=0.3|zero=allow_iid|rng=MT19937-RandomState,0.3,allow_iid,0.0009269248694181442,7.637497037649155e-05,0.0013465778902173042,0.0010103285312652588,0.010897872969508171,0.014265604317188263,0.003360206261277199,28,750,1,6,SAT_unsat_identifiable,1,boolean_factorization,exclude_x,exclude_x,0,1362,5118,0,1,1,0,1,0,0,1,1,1,0,0,0.007649027742445469
4,50,10,100,1514328487,10,conj,glucose42,MT19937-RandomState,9.437836706638336e-05,00000100100000000010001000000100001100001010100000001010000101110000110001100000110010010110010001010100000101101000000000010110000000000010110010100110101010011000011100110011110100110100001111010110101000010011000100000000001011000000010000000000000010101101011000000010000100001000101110010011100001000000010010000000000101001001010001001000001010100000000100000000000000011000111000010100100001100000111100000001000010001010010000011000010101000011000000010001110000001001100000100010001100011100,1c6fb90389daf8483c8ecb0dbfc5b833f292c577ddb98bc10a7ade678fbca644,bernoulli,bernoulli|conj|p=0.3|zero=allow_iid|rng=MT19937-RandomState,0.3,allow_iid,0.0009617507457733154,8.673034608364105e-05,0.0014289328828454018,0.0009818747639656067,0.008202292025089264,0.011668834835290909,0.003459288738667965,30,753,1,6,SAT_unsat_identifiable,1,boolean_factorization,exclude_x,exclude_x,0,1480,5516,0,1,1,0,1,0,0,1,1,1,0,0,0.00793085340410471
4,50,10,100,1514328487,11,conj,glucose42,MT19937-RandomState,5.005672574043274e-05,00100000001011100001000000010000100001000100000100100000100001100010100010000010001100010100110101000000000100001110110000000001011000111010000100100010000001101110100010100001110100001001101010000100011110001100000001000010000011001001000010101000000000011100100001000000010000000000100010100001100000100000100010000010000000010110010000101000110000001100110010100010000000011010111001000001100010000000100100001000000010101001010110001000100010000101101000000100011011000000111001001011010100000010,6b456d87513cd3b3eaa0b7b45c3256d12b6a30be5722d30a483ab2b904a9bdb9,bernoulli,bernoulli|conj|p=0.3|zero=allow_iid|rng=MT19937-RandomState,0.3,allow_iid,0.0008750669658184052,8.12280923128128e-05,0.0013275062665343285,0.0009835036471486092,0.010481280274689198,0.013755959458649158,0.0032673049718141556,28,721,1,6,SAT_unsat_identifiable,1,boolean_factorization,exclude_x,exclude_x,0,1362,5118,0,1,1,0,0,0,0,1,1,1,0,0,0.007545318454504013
4,50,10,100,1514328487,12,conj,glucose42,MT19937-RandomState,4.894658923149109e-05,00010000011100000001100101010001000000000000111110101100100101000110000010000010000001000100001010110100000100100111101010010001010000001011000000101001100010100001000000111001110000000100001100000010001000100111001100001000000110110001100000000000000011010010100010100010010000000000010100010100000000010001100000100001000100000000010000100010000000000000100010100000111100000101010011010000000011000101000101000010101011100000011100100011011000101010000010001000000000010000111000000000001010000110,7c4b8f5a3e20f2e9bf7cb82e38b3a8d7800994c1aa0f8cb689eb279dcf7e4479,bernoulli,bernoulli|conj|p=0.3|zero=allow_iid|rng=MT19937-RandomState,0.3,allow_iid,0.0009476486593484879,8.120853453874588e-05,0.0013040071353316307,0.0009865593165159225,0.009085068479180336,0.01241198182106018,0.003319423645734787,27,820,1,6,SAT_unsat_identifiable,1,boolean_factorization,exclude_x,exclude_x,0,1253,4864,0,1,1,0,1,0,0,1,1,1,0,0,0.007764670066535473
4,50,10,100,1514328487,13,conj,glucose42,MT19937-RandomState,4.927627742290497e-05,01001000100100011001000110000100111101010010000001001000001001000000110100000001100101101000110000000100000001000001101101001000000100100000000001111100100000110000000000010011010010100010001000101000000000111011001000101010000101000000000000010100100000100000100000001000000110001000010110010100001011010110011110001100000100000010111000010100100011000010010010000001000000101001000100001000011000001010000011100011011001100101110111010000001001100111000010000010100101000100010100010011000000101100,a7610fd76cd80a78944aa849948540477f74652867d43824de3456f2e3f8651a,bernoulli,bernoulli|conj|p=0.3|zero=allow_iid|rng=MT19937-RandomState,0.3,allow_iid,0.0009533539414405823,8.5439532995224e-05,0.0015197526663541794,0.0009912149980664253,0.013177908957004547,0.01673553418368101,0.003549761138856411,32,668,1,6,SAT_unsat_identifiable,1,boolean_factorization,exclude_x,exclude_x,0,1648,5969,0,1,1,0,1,0,0,1,1,1,0,0,0.007752719335258007
4,50,10,100,1514328487,14,conj,glucose42,MT19937-RandomState,5.040224641561508e-05,01000101100000001101000001110100111000010000000001100010010001001100010000000000001000111100010001001100110000000000010101100001101011000100010000001001011001010000000000000001100001100000101110100000000001110001000110111101010110101010011000001001000001001100001100000001010101010010101000000000010000001001000001100010011000001101111111010000011100000001000100111010000000000100000011010111100100010001001000000010000000001101000001000000001000110000000011001000111010101100010010000000000100000011,b7559fa46cba3c71635d38ceac24a5ceb50c2357fafa502b081039681ed006b7,bernoulli,bernoulli|conj|p=0.3|zero=allow_iid|rng=MT19937-RandomState,0.3,allow_iid,0.0008050845935940742,7.647555321455002e-05,0.0012471787631511688,0.0010082218796014786,0.007294884882867336,0.010439403355121613,0.0031369607895612717,26,588,1,6,SAT_unsat_identifiable,1,boolean_factorization,exclude_x,exclude_x,0,1374,4863,0,1,1,0,1,0,0,1,1,1,0,0,0.006889299489557743
4,50,10,100,1514328487,15,conj,glucose42,MT19937-RandomState,4.896055907011032e-05,00000100010001000010111101001010000010001000000000101001000010101011000010011011001010000110000000100000110001101010000110010101110010001100110101000000000010000011000001000101011101000010000110010100101100011001101000111010001000110010100100001001110000110000000000000001000000000001110000000000110100000000001000011001011000101001000000000000000101000010010000000110000000000100000000100000110000000010110111110001000011001010000100101010010001100010100001110110000001001011101000001010000000001000,2fa0232f73ccecc7fee36a2ca6cbff821bc2dbc224a2db6e83e2ef22355298f4,bernoulli,bernoulli|conj|p=0.3|zero=allow_iid|rng=MT19937-RandomState,0.3,allow_iid,0.0009319214150309563,8.725561201572418e-05,0.0014722291380167007,0.001005236990749836,0.010548826307058334,0.014053752645850182,0.003496643155813217,31,726,1,6,SAT_unsat_identifiable,1,boolean_factorization,exclude_x,exclude_x,0,1599,5781,0,1,1,0,1,0,0,1,1,1,0,0,0.00786267127841711
4,50,10,100,1514328487,16,conj,glucose42,MT19937-RandomState,5.094613879919052e-05,01111101111000001010000100101010110000011000101001000011000010001101000001100100100101000011000010111000001000001000010100110000100001110010110001100010000010010001001011010001010100100001001011010000010010110010001010010110101000001000100000000010001010000000001010010000110001100100000000001001101010000110000101111001000100000000000001000100011001000101000000001100100000111001011000000001011100110101000000000111000110011000001110000001000100010100100001001100000110100001100111101110000001011001,20e45713597082d4aeb683b22f38aa19b6a89dfea523d1e9fbf36c1a6ec3c081,bernoulli,bernoulli|conj|p=0.3|zero=allow_iid|rng=MT19937-RandomState,0.3,allow_iid,0.0010840129107236862,9.891204535961151e-05,0.0017419122159481049,0.0010090181604027748,0.01097625307738781,0.01491802092641592,0.003933855332434177,37,666,1,6,SAT_unsat_identifiable,1,boolean_factorization,exclude_x,exclude_x,0,1903,6920,0,1,1,0,0,0,0,1,1,1,0,0,0.00837394967675209
4,50,10,100,1514328487,17,conj,glucose42,MT19937-RandomState,4.9950554966926575e-05,01000100011000000001000000111001011000101001000100000100110001000000000000011111011101010010001000010011000000000000001001100000000000000001000001011100001110010001010011110010000101000010100000001111110010000100000000011110000001000000100000010010010010000011010000000101100101001011000000000001110000010100000100100001000000101001000000000010101101010000001001001100000101100100110100000011000100001001000001000000000101110100101000100000000001000010000000100000001000000010000000011110011000100001,f1204e1aa4dbdee89559b895c40430d64379ce22c6baefd7c78ec2b4d3a57ced,bernoulli,bernoulli|conj|p=0.3|zero=allow_iid|rng=MT19937-RandomState,0.3,allow_iid,0.0008172309026122093,7.722899317741394e-05,0.001279241405427456,0.0009818701073527336,0.01526590995490551,0.018428649753332138,0.0031555714085698128,27,755,1,6,SAT_unsat_identifiable,1,boolean_factorization,exclude_x,exclude_x,0,1303,4919,0,1,1,0,0,0,0,1,1,1,0,0,0.007444281131029129
4,50,10,100,1514328487,18,conj,glucose42,MT19937-RandomState,5.161389708518982e-05,01000010010001100000100010000000000001100101010000000101001000100011001000000001000100100001011010001110101101100110001000000010100000011001100011000010000000110001010000110000100000000110011010000100000000000100110010001000010100100000000000000000110011001001111110100000000000100001010101100101010100100000011000100011010010001000000010001000011000010011010010000010110010000100000110010000000100000000011001101000011100011001001110110100010010011000010100000110100011001001110000010100010000100010,02e5b4a0c93f8203c500e02072b992897aaedc13d4e36106cdb78924165fb555,bernoulli,bernoulli|conj|p=0.3|zero=allow_iid|rng=MT19937-RandomState,0.3,allow_iid,0.0008678734302520752,7.815100252628326e-05,0.0011341515928506851,0.0010149311274290085,0.006694278679788113,0.009796706959605217,0.003095107153058052,23,691,1,6,SAT_unsat_identifiable,1,boolean_factorization,exclude_x,exclude_x,0,1077,4134,0,1,1,0,0,0,0,1,1,1,0,0,0.006708555854856968
4,50,10,100,1514328487,19,conj,glucose42,MT19937-RandomState,4.792120307683945e-05,00010000100011000011000010110011000001100101100100101011000000000000000100100001010001100001010010000100001000001100101011000001001100001000011001001000010111001001101100100100000010010110000101001000010110000100010010011100101001000001000010010110010000010001001000010001000000100001010110000010000100111000000000010110010000000011110110000000010000000000001000001010111010010100010000100100100100001100001101001100100101001100000000000001001100010110101000100010010010110100000001000010011100000101,99947d87f2294812adec6165a58b1cc239a4a3c136667e048953c36aad8fed91,bernoulli,bernoulli|conj|p=0.3|zero=allow_iid|rng=MT19937-RandomState,0.3,allow_iid,0.0009316476061940193,8.002948015928268e-05,0.0014142803847789764,0.0009762430563569069,0.007565400563180447,0.010974856093525887,0.0034022005274891853,30,651,1,6,SAT_unsat_identifiable,1,boolean_factorization,exclude_x,exclude_x,0,1550,5593,0,1,1,0,1,0,0,1,1,1,0,0,0.0073987143114209175
4,50,10,100,1514328487,20,conj,glucose42,MT19937-RandomState,9.300652891397476e-05,10010111010000100110100100000000000100001100010011100011010010000000000011000000010010000000000001000011001011000111010110000100100011100101000111001011100000000010001000000011001001111111000001001111100100100001011010000001001000101000100001010000000000011100000000100001101100011100110000100001111000000000010100101011111000001011110000010000100010010100001001100101000100111000010001010001000001000001001000010111101001000000000101001100001000011101011001000000000001010000001001010100100010000101,48db94eb6abd4be013490c4c4d468a578bba6805bd54cb4d9b2ae1a2f9680a16,bernoulli,bernoulli|conj|p=0.3|zero=allow_iid|rng=MT19937-RandomState,0.3,allow_iid,0.0009698076173663139,8.602440357208252e-05,0.001242046244442463,0.0009856382384896278,0.0065310318022966385,0.009821546263992786,0.003283516503870487,26,784,1,6,SAT_unsat_identifiable,1,boolean_factorization,exclude_x,exclude_x,0,1314,4797,0,1,1,0,0,0,0,1,1,1,0,0,0.007405109703540802
4,50,10,100,1514328487,21,conj,glucose42,MT19937-RandomState,5.2072107791900635e-05,10110000001011000010100000000001011000001000000000000000110010001001001000000010000111000001001001001100100101000110000001111000000000000010110100000100000001011000100001000100001010010000001000101000011110000000000000000101000000000000101101110001000100001000100001000001000111000001101000100100000010110100100110110000110000000010111000101000100100000001000010000000000010010111001000111001100110000110001000000111000100001001101110000000100001000100100000000011101111100000001001100100010000110000,495ce35e136e21b3b5dfad0059fab0e156d5104652f6bd69718e4674bec36272,bernoulli,bernoulli|conj|p=0.3|zero=allow_iid|rng=MT19937-RandomState,0.3,allow_iid,0.0008287364616990089,7.558334618806839e-05,0.0012397021055221558,0.0009960997849702835,0.00885566882789135,0.012003723531961441,0.0031401216983795166,26,761,1,6,SAT_unsat_identifiable,1,boolean_factorization,exclude_x,exclude_x,0,1254,4731,0,1,1,0,1,0,0,1,1,1,0,0,0.007445634342730045
4,50,10,100,1514328487,22,conj,glucose42,MT19937-RandomState,4.877988249063492e-05,00010000001100110100100001100000011000010101100001111010000100100001000000111000000001000101010001000010010110000001010010011001100000000110001001000010000000100100101001011000001000110000100010100000111000000000000110001101000000000010110010001011011000001000110101110000001001010000100100000000000001000000011010000000100010100001001100100110000000011000010000001010010110000000001100011101000000000010001000101000000010101111000000001000001000010100000000000101000001100100101010000101001010010010,7907fc3e7f5f54e5e76056aef85d7a10226bd4993c66a9ae2daeb866211035a5,bernoulli,bernoulli|conj|p=0.3|zero=allow_iid|rng=MT19937-RandomState,0.3,allow_iid,0.0009581716731190681,7.71665945649147e-05,0.0013649621978402138,0.0009749643504619598,0.010248308070003986,0.013631554320454597,0.0033752648159861565,29,825,1,6,SAT_unsat_identifiable,1,boolean_factorization,exclude_x,exclude_x,0,1331,5218,0,1,1,0,1,0,0,1,1,1,0,0,0.007837144657969475
4,50,10,100,1514328487,23,conj,glucose42,MT19937-RandomState,5.1128678023815155e-05,00011110001000001000000100001011000001010001000010100000000100000011110100101001001000000010000100000010100100100110001101100000000011100001011000001000000000011010000100100010000000010000100010001010000001010001010000010000101000001010000100000001000001010110110011010110010101010010100011000101000000101000000000001010010101010101011110001111000010010010111000000100000100100000100010001000011000001000010000010001011000011001000000101010001000011101000000001000010111001000101000000010000000011011,b124384df77050dc56c214574de662f5014ce04fdaebac463ea43114f2d020c2,bernoulli,bernoulli|conj|p=0.3|zero=allow_iid|rng=MT19937-RandomState,0.3,allow_iid,0.0008231243118643761,8.504930883646011e-05,0.0012560440227389336,0.0009943973273038864,0.007355832494795322,0.010521935299038887,0.003158614970743656,26,899,1,6,SAT_unsat_identifiable,1,boolean_factorization,exclude_x,exclude_x,0,1214,4687,0,1,1,0,0,0,0,1,1,1,0,0,0.007960117422044277
4,50,10,100,1514328487,24,conj,glucose42,MT19937-RandomState,4.9103982746601105e-05,00100101100100010100111101011001110000000100000100011000001010001000111010100001100100100010100000011010000100000000100100001100001101110010000100010000000000101000100000101000000010000111001000010000010000101010000000000100010010000100010010011000001000001100000110010010000000000100000111001010001110000000000010010001000000000001011011100000110100100000101110000101000000000001100000010010110000011001000100010000110011110001000001111000010000000000010000110000000000010010000000000000111001100001,87131a50716d16e5ef796a02ce1134e358066f3f6b3bbc760a71679d4da39908,bernoulli,bernoulli|conj|p=0.3|zero=allow_iid|rng=MT19937-RandomState,0.3,allow_iid,0.0009536780416965485,8.75396654009819e-05,0.0014211935922503471,0.0009967535734176636,0.008245500735938549,0.011712546460330486,0.003459164872765541,30,755,1,6,SAT_unsat_identifiable,1,boolean_factorization,exclude_x,exclude_x,0,1440,5472,0,1,1,0,1,0,0,1,1,1,0,0,0.007813716307282448
4,50,10,100,1514328487,25,conj,glucose42,MT19937-RandomState,5.113333463668823e-05,00110000110011000001100010000000001100100001000010000100100100001001001000000100000101010001000000001101010010000000000011010000100101001000000101001111000101100011001100010100000100000001001101110000001000110000001000100100001000000100000100010001110010011111000010001100000000001010001001101000001100001001000100001000000000011010001011000000010001000010010000100000000001001001111000110010101010000000011000110010100011011000000100011010111010101100001100001000001000000010100011111010000001000000,b263c572941e94f00e229d9da436866ef65a47747db0f2b8df7458b8f9bde458,bernoulli,bernoulli|conj|p=0.3|zero=allow_iid|rng=MT19937-RandomState,0.3,allow_iid,0.0009077172726392746,7.722526788711548e-05,0.0013066986575722694,0.0009906208142638206,0.007789775729179382,0.011079446412622929,0.00328226201236248,27,825,1,6,SAT_unsat_identifiable,1,boolean_factorization,exclude_x,exclude_x,0,1293,4908,0,1,1,0,1,0,0,1,1,1,0,0,0.0077538276091217995
4,50,10,100,1514328487,26,conj,glucose42,MT19937-RandomState,4.9579888582229614e-05,00001000000000011011000010100010000111100100000010000100110011100000100000001000000000000000000111010000001001100001111111100110110100000100000010110010000100000000100001000001000100000001100010001000010100000010110111000010001100000000001010100101100010010011000000010011001000101000100010000110101000000001000001111000000000011001001001001011011011010011000101010100011010000000001000010000110000001101001000001000100011000101011100100110000000000001100010011100011110000110000100100110011111000001,41f9b64100a2b88f54246d3ee1e94a7480b8624653ebfae0aa07e3f853241f76,bernoulli,bernoulli|conj|p=0.3|zero=allow_iid|rng=MT19937-RandomState,0.3,allow_iid,0.0008506709709763527,7.194187492132187e-05,0.001237751916050911,0.000985979102551937,0.007339169271290302,0.010493308305740356,0.0031463438645005226,25,704,1,6,SAT_unsat_identifiable,1,boolean_factorization,exclude_x,exclude_x,0,1215,4554,0,1,1,0,1,0,0,1,1,1,0,0,0.007161651737987995
4,50,10,100,1514328487,27,conj,glucose42,MT19937-RandomState,5.0220638513565063e-05,00010001101011101000000100010100000001010010101000000000100000001001001001000110100100110100100100011001101001000000001011011010010011010000010011101000100101000000101000001100000001000000011011100100011000000010100001101010010010000001011101000110000000010010100101011100001010001011101000100010011100100000010010001000010101011101011001101110011110011110001100100100010010000100000001000000010000101000010100100000010000001100011001010000100000001100001000000011100100010000010000000000001011000011,aa60f6b05e098c4bdf94911b37f5290cada61d0ba70be68718a52a4a328e5c6e,bernoulli,bernoulli|conj|p=0.3|zero=allow_iid|rng=MT19937-RandomState,0.3,allow_iid,0.0008752038702368736,7.179751992225647e-05,0.0011594556272029877,0.0009793732315301895,0.0064873965457081795,0.009580867365002632,0.0030858302488923073,24,782,1,6,SAT_unsat_identifiable,1,boolean_factorization,exclude_x,exclude_x,0,1136,4333,0,1,1,0,1,0,0,1,1,1,0,0,0.007240163162350655
4,50,10,100,1514328487,28,conj,glucose42,MT19937-RandomState,4.9184076488018036e-05,00100010010100000000000000011101010001001100001100000111010100000100001100000001100000001010100000101010001110110000100001000110000101101011001011101000011111101101101100010101010000010000100100011000101000101000010010001000001010001111000101100010100000001000010000100100000101000000000001000000110011000000000011001000000011101110000100110000000011011111001101110000100010000001001100101110011001000100000000010010000010110101001111010010000111000000000000000100000000100001000000001000100001001000,397bdbec01a920b1852ada0372caa9bf9109496dbfb3c26de16641bb94180117,bernoulli,bernoulli|conj|p=0.3|zero=allow_iid|rng=MT19937-RandomState,0.3,allow_iid,0.0009028902277350426,8.626189082860947e-05,0.0012099863961338997,0.0009791972115635872,0.008054827339947224,0.011240081861615181,0.003178335726261139,25,727,1,6,SAT_unsat_identifiable,1,boolean_factorization,exclude_x,exclude_x,0,1205,4543,0,1,1,0,1,0,0,1,1,1,0,0,0.007181782275438309
4,50,10,100,1514328487,29,conj,glucose42,MT19937-RandomState,4.915054887533188e-05,00000101001000010111001000001001100000000101000010000010010101001000000010001001001001000011001000000101010000001110000001001010100111001000111100000001001010000001000010001100001000001000100001000111010101000001000010000011100000000100101000001100001000000100010000000011101000000000000111000001010110100010001101110000010001000000100001010001000001010001111100000000000100011101000011001100100110010010000000000001100000101101110000001110000010000100000100000000100000100001100000010100000100010110,afb574b11a59105684a5795d596f9aa28aa5a57fa5f60acf20445734928eec68,bernoulli,bernoulli|conj|p=0.3|zero=allow_iid|rng=MT19937-RandomState,0.3,allow_iid,0.000948706641793251,7.718056440353394e-05,0.0013253428041934967,0.000997447408735752,0.011132748797535896,0.01448972336947918,0.0033486774191260338,28,767,1,6,SAT_unsat_identifiable,1,boolean_factorization,exclude_x,exclude_x,0,1322,5074,0,1,1,0,1,0,0,1,1,1,0,0,0.00755712017416954
4,50,10,100,1514328487,30,conj,glucose42,MT19937-RandomState,7.31348991394043e-05,00000100000001111000110000001100001010000000001000001010001010010000101100010010010100001010000000001001101001000010101000010111110000001010001100110001000011000010011000110000100100010000101101101010000000011010101010010100100010000000010010000010110100000100000000001000000101101000110001001000011100010011000100000010000101000010010000101010100110100100000010011001010100111101101111000100001000100110001110001010010000010000111001000010000010110010001100111000000010100000000010010100111110000000,6298e39675c8ebc73b99d875ff5bb8ce33e6f88d9f600adb27f408edf599282a,bernoulli,bernoulli|conj|p=0.3|zero=allow_iid|rng=MT19937-RandomState,0.3,allow_iid,0.0009210333228111267,8.248258382081985e-05,0.0014021480455994606,0.0009934436529874802,0.015380118042230606,0.018787209875881672,0.0033991076052188873,30,615,1,6,SAT_unsat_identifiable,1,boolean_factorization,exclude_x,exclude_x,0,1600,5648,0,1,1,0,0,0,0,1,1,1,0,0,0.007500823587179184
4,50,10,100,1514328487,31,conj,glucose42,MT19937-RandomState,5.298946052789688e-05,10000100010000000100100010101010100011000000000011000100100010100000100000010000100010000001100000100100100000000000001000000000000100001110010000000010100000000000000101000011011100000100000100011101000000010001101001101110000011110000000000111000100000000000001001001000001100010000100110100101010101001000101001011101000011100000100110000001010000001011001001000010001101111101100000010000010000000010011000000100000010100010000001001000000010000001000100000000001010001001111000110100000001000000,14de112bd6ee4bba8df57c9b3a4280ec611ed47dbacf29b413e6709b9b92fd26,bernoulli,bernoulli|conj|p=0.3|zero=allow_iid|rng=MT19937-RandomState,0.3,allow_iid,0.0008030729368329048,7.061287760734558e-05,0.0011733025312423706,0.0010050367563962936,0.00851813331246376,0.011576822027564049,0.0030520251020789146,24,821,1,6,SAT_unsat_identifiable,1,boolean_factorization,exclude_x,exclude_x,0,1076,4267,0,1,1,0,1,0,0,1,1,1,0,0,0.007345368154346943
4,50,10,100,1514328487,32,conj,glucose42,MT19937-RandomState,4.990864545106888e-05,01100000011000010000011011100111010000000001001010100010100011110101001011000001100001000100100100000001001101101000010011011010100000001001001010010101000101010000010011000010000000001100001000001001100010011000101000001000101001100100001000100000100000010010010000101101100111011111000010010000111000011010111000001000001001010111000010101000000100111010000000100011000010110000000001001001001110110010001000100001111101110000000010000101000110000000100000100000101000001000011010001111000001001010,ddf484e13778ac59fb38ada0f48833f5c90d670dd8132e0e2a764d0919ba9fd1,bernoulli,bernoulli|conj|p=0.3|zero=allow_iid|rng=MT19937-RandomState,0.3,allow_iid,0.0009721042588353157,8.117221295833588e-05,0.0015106452628970146,0.000986292026937008,0.01162524800747633,0.015182881616055965,0.003550213761627674,32,649,1,6,SAT_unsat_identifiable,1,boolean_factorization,exclude_x,exclude_x,0,1608,5925,0,1,1,0,0,0,0,1,1,1,0,0,0.0077879661694169044
4,50,10,100,1514328487,33,conj,glucose42,MT19937-RandomState,5.2675604820251465e-05,00010001011010100110010100100100000001000010010101010100000000011000000000111100000100001001011101000000010110101000000011001001000000101010100111010011000001100111010000011000001010010000001010000000100000001000001000100000000000010010000000000001000010100000010010100001101000100000101010010100000000001001001000011000001000000001000001000010100100000101100001110000000110000101010101010011001011100000001000101100000011110100001000000010011101001001000000000100001000010011000100110100000000001000,a9d733002e4c2731be2ccf3084af22e5f27cd16b1259a12a7a600c3fa2fbead0,bernoulli,bernoulli|conj|p=0.3|zero=allow_iid|rng=MT19937-RandomState,0.3,allow_iid,0.0008760374039411545,7.944833487272263e-05,0.0013160603120923042,0.0009796377271413803,0.007380674593150616,0.010638878680765629,0.0032511837780475616,28,624,1,6,SAT_unsat_identifiable,1,boolean_factorization,exclude_x,exclude_x,0,1382,5140,0,1,1,0,1,0,0,1,1,1,0,0,0.0071867359802126884
4,50,10,100,1514328487,34,conj,glucose42,MT19937-RandomState,4.950258880853653e-05,11000010000001010100000001000100100000110001100000011000000010001010000000001000110000010010001000010000000110000000100000100100000000011100010100000011011001010100000010010010001110010011011000011010101001000110000000101000010010100110000001000000001100000010010010010001001010000000001000010001100010110000000001011001001001100000000000001000000101100101000000010000000100000000000010011110000010101000111000110010010110000000000100000010000110011000110010011011011010010011110000010000100011100110,ee9bb7561752bd37140b2bc725d45510471a038bc1f24ca9d7effe9f633f3580,bernoulli,bernoulli|conj|p=0.3|zero=allow_iid|rng=MT19937-RandomState,0.3,allow_iid,0.0009329626336693764,8.261110633611679e-05,0.001428760588169098,0.0009984858334064484,0.009542964398860931,0.012992911972105503,0.0034428201615810394,30,735,1,6,SAT_unsat_identifiable,1,boolean_factorization,exclude_x,exclude_x,0,1470,5505,0,1,1,0,1,0,0,1,1,1,0,0,0.0077997250482439995
4,50,10,100,1514328487,35,conj,glucose42,MT19937-RandomState,4.947558045387268e-05,00000100000001100000010010101000101101110001010110100000010010000000110000001010111100100110001100010000001011010100000010010110000101101000001010000000010000100000000001100110110011100000110000000101000110000000110000101001100001110011101000111000000111010011000010100000001101000000010100000000000000100011000000000000000000001011100101010000000001100000000000001000110000000000110110000000010001001001101010010010110100001000110100000100010000000000000010000001101000001011000000100000000100001001,6d8061ee111f70537f1924dfb179be724c471f6c76cc97ee840a8ac57f3fe3d9,bernoulli,bernoulli|conj|p=0.3|zero=allow_iid|rng=MT19937-RandomState,0.3,allow_iid,0.0008455505594611168,7.387716323137283e-05,0.0010904110968112946,0.000989820808172226,0.006255206651985645,0.009261245839297771,0.00299965962767601,22,952,1,6,SAT_unsat_identifiable,1,boolean_factorization,exclude_x,exclude_x,0,958,3869,0,1,1,0,1,0,0,1,1,1,0,0,0.007262185215950012
4,50,10,100,1514328487,36,conj,glucose42,MT19937-RandomState,4.9754977226257324e-05,10011000000000000001100111000010000110010000110001000001000110010100011000110000001001000000100110010001101110000010011100000110000010001000100000010000100000000001000010001100001100010100011010010010000111001100110110001110110110011000011000101010000011100010000001011000000000000010010000000110100010001010000000100010011000100100000000000001000101110000000000100001000010001111010111011000000010100100000100000000000101000010100010001101001000000000000010000001011100000001001100110100000000001000,d93dbf23481a289ea062ed45e201b223c2087298cca5969909374fa0c2ca8614,bernoulli,bernoulli|conj|p=0.3|zero=allow_iid|rng=MT19937-RandomState,0.3,allow_iid,0.0009429082274436951,8.555222302675247e-05,0.0015370221808552742,0.0009958567097783089,0.011244137771427631,0.01481399592012167,0.0035613393411040306,33,733,1,6,SAT_unsat_identifiable,1,boolean_factorization,exclude_x,exclude_x,0,1647,6102,0,1,1,0,1,0,0,1,1,1,0,0,0.008106510154902935
4,50,10,100,1514328487,37,conj,glucose42,MT19937-RandomState,5.0613656640052795e-05,00010110000000000101000000101000001000001001000001010000000100000110000011000111000101000010110001010000110010111010010111000000011000001100010011010000000010111011101001000100000000001111001001100100101101010010010011010100110000000100100100110101010000000000000001010000000000000110110000111001000000010001000000111001010100000000000100010000010000001000100010011001000101000000100100000100001000000000100000110100010010000101101010101100000001000000000100010000001100100011110010000100001000000001,44169b33a0eabc781ca082dabcb8908a79f2bf70caac68a6c83b9a3472198151,bernoulli,bernoulli|conj|p=0.3|zero=allow_iid|rng=MT19937-RandomState,0.3,allow_iid,0.0008545732125639915,8.069165050983429e-05,0.0014326339587569237,0.0009916415438055992,0.018884421326220036,0.022251786664128304,0.0033595403656363487,30,639,1,6,SAT_unsat_identifiable,1,boolean_factorization,exclude_x,exclude_x,0,1550,5593,0,1,1,0,1,0,0,1,1,1,0,0,0.007552643306553364
4,50,10,100,1514328487,38,conj,glucose42,MT19937-RandomState,5.096476525068283e-05,01100100110000000000000011001000010010010000000110001110100000000000000000101011001011100000010000000001000001001001101110000000110010000000011010110001101001100001110111101000110100100000101010101001000000100100100000001100001000010000101101010010000010000000011000000000000110111000100000010100001010011010000010100100001010000000001000001001010000000000001001101000001011100000011110101000101110000001010100100111101010001000000000000100010100000101001100001000000011000000001011000101001000001000,f8cd1f9c6b60365701577256e25c51322d64326177c9f48a1652d49f6d554018,bernoulli,bernoulli|conj|p=0.3|zero=allow_iid|rng=MT19937-RandomState,0.3,allow_iid,0.0007789488881826401,7.43502750992775e-05,0.0012483438476920128,0.0009793201461434364,0.007822683081030846,0.010910337790846825,0.003080963157117367,26,685,1,6,SAT_unsat_identifiable,1,boolean_factorization,exclude_x,exclude_x,0,1314,4797,0,1,1,0,1,0,0,1,1,1,0,0,0.007130500860512257
4,50,10,100,1514328487,39,conj,glucose42,MT19937-RandomState,5.234126001596451e-05,01110110000001000011011001010000001101011000010100000000000000001111010101101110001001000001110101000000010010111000010001010010000000000110100110001101010100001000010011010000100000000101000001111010110000000001100101001011001010010001010010001010110000000000011011000001000100001000001101011011000001001000100000001110000010000000011100000000001011000011010000000000001111010101000000000110000000000110000111010001100000000001000001001001001001010001100000100001100001100000010110000100001011001000,0f1c5b391fb2a3f5f9581f234b0ca0f92077cb66b25f1780e6a9077e09e0c2e2,bernoulli,bernoulli|conj|p=0.3|zero=allow_iid|rng=MT19937-RandomState,0.3,allow_iid,0.0009074388071894646,7.65584409236908e-05,0.0013107042759656906,0.001000797376036644,0.0070903850719332695,0.010393258184194565,0.00329549890011549,28,672,1,6,SAT_unsat_identifiable,1,boolean_factorization,exclude_x,exclude_x,0,1402,5162,0,1,1,0,1,0,0,1,1,1,0,0,0.007331375032663345
4,50,10,100,1514328487,40,conj,glucose42,MT19937-RandomState,8.983537554740906e-05,11110000001010111100100100000001011100001010111100101101000100001000100100000000101111010100001111110000000000000001010001010001000000011100010000010001000000001010100110000010010000000010000000010000000000101100000000010011001001000001000000000000010000000001000110000101010010000101001000100000000001000000010011100100110110000000000011100100000000001110110110000000000001011111100000100100001010000000010100100001110000011001011000010100010101001001011100001001010000010001000000000001101101000011,b7ae63bf0798b5aacbc4ea441680c08281dce7f37addae18709d68f7c1675c68,bernoulli,bernoulli|conj|p=0.3|zero=allow_iid|rng=MT19937-RandomState,0.3,allow_iid,0.0007630437612533569,8.10595229268074e-05,0.0012799669057130814,0.0009806463494896889,0.01277964562177658,0.01589283999055624,0.0031047165393829346,27,563,1,6,SAT_unsat_identifiable,1,boolean_factorization,exclude_x,exclude_x,0,1433,5062,0,1,1,0,1,0,0,1,1,1,0,0,0.006994493305683136
4,50,10,100,1514328487,41,conj,glucose42,MT19937-RandomState,5.0445087254047394e-05,00000110100010001100010000011000000011001010101010110000000011000000010000100011001011110010000001001001101100010001100100111000100000010000101001000111100001010001010100011001111000010100000000100100010110001110100000010010100000000010000111001000101000011000001000100111010000001000000000110000000001100000100000100000011011111101000011001010000011000100100000000000101110010100011000000100000001011100000100000000001011010010000010110010010100110001010100001011001000001101000100100110000110000000,9fb57b3b9a4a9e3ccc049950842475060045ad213d84e9864c77e744c34ac17f,bernoulli,bernoulli|conj|p=0.3|zero=allow_iid|rng=MT19937-RandomState,0.3,allow_iid,0.0010559754446148872,9.09632071852684e-05,0.001539887860417366,0.0009830519556999207,0.00898666400462389,0.01266337651759386,0.0036698784679174423,33,792,1,6,SAT_unsat_identifiable,1,boolean_factorization,exclude_x,exclude_x,0,1617,6069,0,1,1,0,0,0,0,1,1,1,0,0,0.00831584632396698
4,50,10,100,1514328487,42,conj,glucose42,MT19937-RandomState,5.0819478929042816e-05,00100001000000010001010100001101001000011000101000101111101000000111000000000110001110100000000100000010111000111000010101001000000000000000000100000110010001101001100010010110100111010000001000100000010000011101010000100100001100001000000000001000000000101010001010001010000000001100000001000000010000101100100001101000011000000000001000000010000010000000000100001100000001011000000011000000001000001010001000000000001000011000100000110001010001010111100000010111110000001000011110010011010100011110,9532a25ad7b044cc9b8f5709762e3bcee4e582ba2d8ce5babc6d8986905a7817,bernoulli,bernoulli|conj|p=0.3|zero=allow_iid|rng=MT19937-RandomState,0.3,allow_iid,0.0008556833490729332,7.686391472816467e-05,0.0012866128236055374,0.0009882757440209389,0.0067872898653149605,0.010001147165894508,0.003207435831427574,27,825,1,6,SAT_unsat_identifiable,1,boolean_factorization,exclude_x,exclude_x,0,1333,4952,0,1,1,0,1,0,0,1,1,1,0,0,0.007706888951361179
4,50,10,100,1514328487,43,conj,glucose42,MT19937-RandomState,5.240272730588913e-05,00000010100010011110010001001000001000010000110001000100000001000010001000110010001000001010011100000101100000110000001101111011000100001001000100100000000101111000100000101000000010100010111001000100000000000010001010111000110000000101000000100110000110010000000000000000010010000011000000101001010101000001001111000100010000000000010000110111010110000000001001111100010011001110000000001000001010000000110000100000000000110100100010101000000101000010100000000100000100100111001001011011000100010000,53597b41f643f655ab51a65023a36ca445506cda952b33aea6a3e78b8244da23,bernoulli,bernoulli|conj|p=0.3|zero=allow_iid|rng=MT19937-RandomState,0.3,allow_iid,0.0009205760434269905,7.966812700033188e-05,0.0014254208654165268,0.0009810589253902435,0.018430624157190323,0.021845093928277493,0.0034067239612340927,30,738,1,6,SAT_unsat_identifiable,1,boolean_factorization,exclude_x,exclude_x,0,1460,5494,0,1,1,0,1,0,0,1,1,1,0,0,0.007729656063020229
4,50,10,100,1514328487,44,conj,glucose42,MT19937-RandomState,5.313381552696228e-05,01001100000111110000000000001010000001001000010100101100001000100100001000000110100101001111001010000001000110110001110010011001011010010100000010011100010000100010101001001000010100001001101010010101010010010101000011000010000000000001000100000001000010000100110000100001110100000000100010000000000001001110101010100010100100000100100011000101000101001110000010011001100000100000000000000000000100000100010001001101000000010000000000000001101011111101000001000001000000001001010000000010000011101000,25040a10be39188867b3b46a57949522f17de5a40e2f56931f887d4d5c4e7d1c,bernoulli,bernoulli|conj|p=0.3|zero=allow_iid|rng=MT19937-RandomState,0.3,allow_iid,0.0007344260811805725,6.471388041973114e-05,0.0008776495233178139,0.0009873323142528534,0.0043802084401249886,0.007050754502415657,0.002664121799170971,17,816,1,6,SAT_unsat_identifiable,1,boolean_factorization,exclude_x,exclude_x,0,783,3006,0,1,1,0,1,0,0,1,1,1,0,0,0.00652509368956089
4,50,10,100,1514328487,45,conj,glucose42,MT19937-RandomState,4.849489778280258e-05,00000000011111001010011010010011100110100110000000010000001101000010000000110000011000010100001100010010100000110000100001100100010100001001001000000101001000001100010111010100010110000110000000001101011110101101010010100100110100001110000101010100000000101000000000011011101000000100100100001001010011000000000010001100111000000000110000000110001001000100000100100000001110010111010011000001011000101000011101000110011100100110000110100100110010100100000110010001000011000001101001110110000000000110,61fde440bc7e7996ed1ea9b5e91b45bfc643ef665c33c266178ffa662d1b68b5,bernoulli,bernoulli|conj|p=0.3|zero=allow_iid|rng=MT19937-RandomState,0.3,allow_iid,0.0010344190523028374,8.987355977296829e-05,0.0013748249039053917,0.00098468828946352,0.011724636889994144,0.015215049497783184,0.0034838058054447174,30,621,1,6,SAT_unsat_identifiable,1,boolean_factorization,exclude_x,exclude_x,0,1530,5571,0,1,1,0,0,0,0,1,1,1,0,0,0.007399231195449829
4,50,10,100,1514328487,46,conj,glucose42,MT19937-RandomState,4.924647510051727e-05,10000101000010000000000000000010011010010000010000110100100000001000010010010000100000000001010101001000001001001001000000011100010100000100000110101000000010100000010010110111000000110010000001000010001101001110100000000001011001001000001001000011010001000000000000010000100101001000100100101000010010000010101100000010100100001000000101101001001000100000001001000000000011000100000100000010101010100000100000110001000001000101100000010110101010001001000000100000100000101101001000101000100000000010,4ed50f841bfe8415b3db86cd3efcacc1d8b6127bc601e9a129aeb61f17419a67,bernoulli,bernoulli|conj|p=0.3|zero=allow_iid|rng=MT19937-RandomState,0.3,allow_iid,0.0007252097129821777,5.9196725487709045e-05,0.0008255653083324432,0.0009681247174739838,0.004275095649063587,0.006859801709651947,0.0025780964642763138,16,773,1,6,SAT_unsat_identifiable,1,boolean_factorization,exclude_x,exclude_x,0,744,2829,0,1,1,0,1,0,0,1,1,1,0,0,0.006227407604455948
4,50,10,100,1514328487,47,conj,glucose42,MT19937-RandomState,4.784669727087021e-05,01110010100000000110111000000001011010101010001100010101000001000110000011000111000010000000000000011010001010111010100011000100010100001001000001000000010000000010010101010100110000000000000000100001000000100000101001100010001010010001100010000001000010001010000101010101110100000100011000000000111010001110011001000010001100000011100000000010000110000100100000000101010010000001001000011010000100011011000101000000010001000100000000101010011000010110010000000110000001100001001010011010110000011001,0a701607f23551e413759c9b118f347f0cbf1fa8d01e7e1ed438e8ecf05d6946,bernoulli,bernoulli|conj|p=0.3|zero=allow_iid|rng=MT19937-RandomState,0.3,allow_iid,0.0008078897371888161,7.563922554254532e-05,0.0012489669024944305,0.0009997421875596046,0.006848352029919624,0.00998807791620493,0.0031322380527853966,26,768,1,6,SAT_unsat_identifiable,1,boolean_factorization,exclude_x,exclude_x,0,1264,4742,0,1,1,0,1,0,0,1,1,1,0,0,0.007576389238238335
4,50,10,100,1514328487,48,conj,glucose42,MT19937-RandomState,5.3280964493751526e-05,10110000110100010000000001000100010001000100100000001001111000001100100100000010100010100101000001101001001001000100001100000000111000000000000111100111011010000011011000000100010100010100000000100000001100000010101000010001001000000110000001000000000001001101000100010010011001000001000000100000010000110100010010000101100100111000100001000011111000000001010101000001001001001011101000101110110010100001100000000000010000010000000010000000000101000100000000000100000000001100000100001010110100111001,b7e000972d27be6db9b103a90f08c824330a1453d73b411cb475642937e34ed8,bernoulli,bernoulli|conj|p=0.3|zero=allow_iid|rng=MT19937-RandomState,0.3,allow_iid,0.0007901089265942574,7.240567356348038e-05,0.0012221531942486763,0.00097715575248003,0.007514201104640961,0.010583569295704365,0.003061823546886444,25,726,1,6,SAT_unsat_identifiable,1,boolean_factorization,exclude_x,exclude_x,0,1285,4631,0,1,1,0,1,0,0,1,1,1,0,0,0.007245806977152824
4,50,10,100,1514328487,49,conj,glucose42,MT19937-RandomState,4.978012293577194e-05,00111101011000000001011001001010000111000000000001100000010000000000000011011000010001001001000000110010000000000001001100100000011010100000011100101000010000001111000111000101000001000001010010100000010001000110001001000000000001000000010001000010000000001110000001000101100010000010001001011110001100000001001000110010010101100000001101100100000000110001000000000000100001000101010101111000000000000100010100100010010100101001000001101000000100110111100010001111000011100100010011100101001000000111,bdcf1ffe59832e525fea337e440da3e683e933bf87e512cc0bae68abd381dd34,bernoulli,bernoulli|conj|p=0.3|zero=allow_iid|rng=MT19937-RandomState,0.3,allow_iid,0.0009058210998773575,7.611047476530075e-05,0.0012757638469338417,0.0009799925610423088,0.007165826857089996,0.010411041788756847,0.0032376879826188087,26,770,1,6,SAT_unsat_identifiable,1,boolean_factorization,exclude_x,exclude_x,0,1254,4731,0,1,1,0,1,0,0,1,1,1,0,0,0.007455362938344479
4,50,10,100,1514328487,50,conj,glucose42,MT19937-RandomState,8.67936760187149e-05,00000001000000001000100001010101000000010010100000001000010000001001000000001000010001001000000011010100100000000010100100010011000110000000110111100010100001001001001100000101000100001010000000001101100001110001011110100110100101011000000010000011110101010110001101010001100001001000101001000010001000010000011110011110000011010000000010001001000001110000000000000101000001000000100001000100100010001111000000100000100000001000001001110010000000110000000100011000100000010010000000000000010000001100,c3eaffd79e67d0245c0fc98f4748873d98719086c44cdd4becc9afd3c0c7d382,bernoulli,bernoulli|conj|p=0.3|zero=allow_iid|rng=MT19937-RandomState,0.3,allow_iid,0.0007715579122304916,7.404480129480362e-05,0.0011900952085852623,0.0009964779019355774,0.007331923581659794,0.01037176139652729,0.003032175824046135,24,738,1,6,SAT_unsat_identifiable,1,boolean_factorization,exclude_x,exclude_x,0,1126,4322,0,1,1,0,0,0,0,1,1,1,0,0,0.00723531749099493
4,50,10,100,1514328487,51,conj,glucose42,MT19937-RandomState,5.1233917474746704e-05,00110010000001110000100001000001010000011110111010000000000011011000000000101010100010110001000100001000000000000001000000001000010100000111000000010000100000000100011000000001000000100000111000101000000000000100100010000000010011111000100001010000100000010000000001010000001000100010000100010100110011011000000010000010010010010100100000100110000000101000100011010101111010001010000000010000000100001000100000100100011100010100111111001000010000010010010010011000100001011100000010100010000000001101,252ba60c365f9e58736b62954b53e84dfe7e8ef9e0cae14cba4379d2a54485ae,bernoulli,bernoulli|conj|p=0.3|zero=allow_iid|rng=MT19937-RandomState,0.3,allow_iid,0.0008954238146543503,7.938407361507416e-05,0.001397252082824707,0.0010129883885383606,0.007607227191329002,0.011000613681972027,0.003385048359632492,29,758,1,6,SAT_unsat_identifiable,1,boolean_factorization,exclude_x,exclude_x,0,1411,5306,0,1,1,0,1,0,0,1,1,1,0,0,0.007769722491502762
4,50,10,100,1514328487,52,conj,glucose42,MT19937-RandomState,5.523022264242172e-05,11000101100000000010010000100001011000001100010000000110100000010000101010010101110001010101010110101010000000101000000000001000000000010000100000000011010100010111000001101000100010010101000010101011100110000000100000000000010000010011100000010101100101000010000001101010001000001110000100111000010010001000000100010000000000100000110111010101001111001000000000011001101110100000100100001000001001111000000111101000000100000100010100010000100000000110100001000000001011001001010010100100000100000000,b49aa07a19a805ea0f744ddf311e331c74aa856e70101a88a9ec98e1c913af13,bernoulli,bernoulli|conj|p=0.3|zero=allow_iid|rng=MT19937-RandomState,0.3,allow_iid,0.0008809175342321396,8.162669837474823e-05,0.0013045081868767738,0.0009837038815021515,0.009545939974486828,0.012804551050066948,0.003250756300985813,27,709,1,6,SAT_unsat_identifiable,1,boolean_factorization,exclude_x,exclude_x,0,1433,5062,0,1,1,0,0,0,0,1,1,1,0,0,0.007419961504638195
4,50,10,100,1514328487,53,conj,glucose42,MT19937-RandomState,4.7575682401657104e-05,10001000010011001101010000100101100001100111110010010100010000001000001000000000001010110000001100100001110110100100000000100010000011100000000100000000111000100011001111011000100000000100000000001010000010011000100100000001010101011001100001000000000010000001000111000000000001001000010000011100001010011000010000100100100110100000001101011000101000000000000100101010000001000011011100000000000001100111001000001100000001000000011000001010011011010001000100110000010100000101100101000010100000110100,1decf014f07394ffda8dc54160a2169c9667a2d21199deb7b7860d96d281040c,bernoulli,bernoulli|conj|p=0.3|zero=allow_iid|rng=MT19937-RandomState,0.3,allow_iid,0.000899583101272583,7.0926733314991e-05,0.0010912548750638962,0.0009792698547244072,0.006463139317929745,0.009511173702776432,0.0030410345643758774,22,878,1,6,SAT_unsat_identifiable,1,boolean_factorization,exclude_x,exclude_x,0,1028,3946,0,1,1,0,0,0,0,1,1,1,0,0,0.007172636687755585
4,50,10,100,1514328487,54,conj,glucose42,MT19937-RandomState,5.0457194447517395e-05,10000000010001001010000011010001010001011100010100110000110000110100010000001001000000101000000010000101111111001001001000000001001100111111010010001000000000101000010001100010000101000101000000010101000000100110000000000001100010101011000101000000010010101100101101101010010110010000000010110110000100100011000010000001001000001100001010010000000001000010000010000101010010000000000100010000110000001000010101100011011010001010000000100000111010000011100000001100011101101010000000011100000100100011,420b352a265ac9389f062325fecc76c0b2fc0d485da2e79904d0c21e42a14fa2,bernoulli,bernoulli|conj|p=0.3|zero=allow_iid|rng=MT19937-RandomState,0.3,allow_iid,0.0008892891928553581,7.508974522352219e-05,0.001166030764579773,0.0009803259745240211,0.0066324323415756226,0.00975017063319683,0.0031107356771826744,24,788,1,6,SAT_unsat_identifiable,1,boolean_factorization,exclude_x,exclude_x,0,1166,4366,0,1,1,0,0,0,0,1,1,1,0,0,0.007225926034152508
4,50,10,100,1514328487,55,conj,glucose42,MT19937-RandomState,4.920549690723419e-05,01001101110000101100000000010011101010011011010110110000000011000000010010011000010000000000000000000100000011010000001000001000010100100000101101000010000100100000000000110000110101101100000001110000000100111001000011101011001100000100010000000011000110000001000000101000000001000010010000101100010000100000100010001011100100111000000010001000100100111011000000100000010000010101000100011000010001001000000000000000111011110000000100010000100010000001010001001010010000000000010000010100001010000110,f2f2f5a8eb7a93a2e6e566b041ecee3a9e24ffbe149579edf5f5b11c2d2b4afd,bernoulli,bernoulli|conj|p=0.3|zero=allow_iid|rng=MT19937-RandomState,0.3,allow_iid,0.0008576521649956703,7.179472595453262e-05,0.0011605201289057732,0.0009888317435979843,0.00933751743286848,0.012423334643244743,0.0030787987634539604,24,759,1,6,SAT_unsat_identifiable,1,boolean_factorization,exclude_x,exclude_x,0,1106,4300,0,1,1,0,1,0,0,1,1,1,0,0,0.007199151441454887
4,50,10,100,1514328487,56,conj,glucose42,MT19937-RandomState,4.98918816447258e-05,00000101100100101000000001010100000000100000000111101000000011010000000000000010001010001100011010100010011001101000000000001000001000100001010100001001010010010000000000000011000000100010100101001000100001010000000000100100010010000001110000001011010000001000000010010101001010010111010000000000001001010001110001000000001000000101000000001011111011100100100110100000010011000001110001000000000000001001000000001001110000000100001010100001000000000110100001100000010000000010001000011000011101100101,5128e731c9e32ba1b3c4718bfe71c7ce4b35bde0efef55dd2ebac069852ce16b,bernoulli,bernoulli|conj|p=0.3|zero=allow_iid|rng=MT19937-RandomState,0.3,allow_iid,0.000798763707280159,6.971415132284164e-05,0.0010821707546710968,0.0009842701256275177,0.007515428587794304,0.010458569973707199,0.002934918738901615,22,776,1,6,SAT_unsat_identifiable,1,boolean_factorization,exclude_x,exclude_x,0,1038,3957,0,1,1,0,1,0,0,1,1,1,0,0,0.006909634917974472
4,50,10,100,1514328487,57,conj,glucose42,MT19937-RandomState,4.872865974903107e-05,00011010011010000011110110001101101000100000001100000000011101011000101000001111101001010100001101000001011010000010000000101001000001001000001000000010001010001000000100001000001011001100100000000000000011001100101000001100000010110110010000000010010011100110010100010010001010011101000001000000000111010110010001001100101001100100011011000101001111110011100000011010010000001000001010010001001111100000000000000000101000001101101010000101100001000000100110001001001001000110100000100010100000010010,66ffaf818e0a1122c025818c0e24e741fa023cdb149efbfaf4b21801bb700d9a,bernoulli,bernoulli|conj|p=0.3|zero=allow_iid|rng=MT19937-RandomState,0.3,allow_iid,0.0008552595973014832,7.457006722688675e-05,0.0012544868513941765,0.0009708143770694733,0.007400587201118469,0.010563009418547153,0.0031551308929920197,26,599,1,6,SAT_unsat_identifiable,1,boolean_factorization,exclude_x,exclude_x,0,1344,4830,0,1,1,0,1,0,0,1,1,1,0,0,0.00700110848993063
4,50,10,100,1514328487,58,conj,glucose42,MT19937-RandomState,5.031470209360123e-05,10000001110000000100110010110000100000101010011000000100101001001000001000110001000000010100100000000000000000000010001100100001001101000010000000101111010001000000000100100000010000100000010100000010001011010100100100000000100010101000000011010001000000101110000110001110000010011111000101010100000000000000000010010101010000101000011011010110101001101101101000001000000011100101101100000110000110001000000011000000000001001101000000100001001101001010000000010011000001100010010000011011110001010100,5b435c40d9ee50316e56b0b2eef9a62addf4ce7ccd66b28558a44b6c69a02e9a,bernoulli,bernoulli|conj|p=0.3|zero=allow_iid|rng=MT19937-RandomState,0.3,allow_iid,0.0009536873549222946,8.681043982505798e-05,0.0014792578294873238,0.0009858319535851479,0.017419995740056038,0.020932617597281933,0.0035055875778198242,32,646,1,6,SAT_unsat_identifiable,1,boolean_factorization,exclude_x,exclude_x,0,1608,5925,0,1,1,0,1,0,0,1,1,1,0,0,0.007692568004131317
4,50,10,100,1514328487,59,conj,glucose42,MT19937-RandomState,5.166139453649521e-05,01111000000001000010010011010000000000000100000011011101000000000000010000000100000001010010001000110001000001000010000000000010000010000000001110000100110000100101100000001000000100100001001000001110000011010001010010101100100011010110000001110000010001111001011001001010001000011000011100000011000011000000001000100000100001101000001000110110000010011000101000000000000000000000000101011101100010000001000011010110000101100011001101100000110011100001010011010010010000101001110110000100111001000000,d8958d0d140f16df8d381cf714fc99a9bfc6026031652f2a08c3d8cdea3d7ae9,bernoulli,bernoulli|conj|p=0.3|zero=allow_iid|rng=MT19937-RandomState,0.3,allow_iid,0.0008796621114015579,9.159091860055923e-05,0.0012887809425592422,0.000996660441160202,0.007014756090939045,0.010278403759002686,0.0032566944137215614,27,771,1,6,SAT_unsat_identifiable,1,boolean_factorization,exclude_x,exclude_x,0,1343,4963,0,1,1,0,1,0,0,1,1,1,0,0,0.007502184249460697
4,50,10,100,1514328487,60,conj,glucose42,MT19937-RandomState,8.669029921293259e-05,00011000110100010000000001110000100001010000000000100011010000110000100100001100100000110001000100101001001000110000011000000100100000001001100110011101001000100010101000000010001110000000110000010010000110010010110000000001101000000010000000011000000100011010100000010000010001111100000000011001100000000100000000001110000101100100010100000000001001011100000001000000111010011000011001010000101100011101010111010111101001001110001001000010000010010100000010010011000100000100000000100000100100001000,dc9741d8cc566f31cd78e44ba5073dd8be8fc632de82e4061a118a57ccf53ddb,bernoulli,bernoulli|conj|p=0.3|zero=allow_iid|rng=MT19937-RandomState,0.3,allow_iid,0.0009533446282148361,0.00010214373469352722,0.0015875175595283508,0.0009967414662241936,0.011821814812719822,0.015469618141651154,0.0036397473886609077,34,777,1,6,SAT_unsat_identifiable,1,boolean_factorization,exclude_x,exclude_x,0,1696,6290,0,1,1,0,1,0,0,1,1,1,0,0,0.008365513756871223
4,50,10,100,1514328487,61,conj,glucose42,MT19937-RandomState,4.9229711294174194e-05,00000011101100000000001000000100000101100001000101111100000000001000101000011011000100000001000000001000100000000110000001100110000001001010110000101011101000100000001000001000001000001001000100011110111000001000000010011000101111000010000010000100110001010111110010100001000011010001100101100010011100010010001000000001001000110100110000000001000000010100000100001000100000011001010000001010111000000010010100110000000010000000110101000000100000000010100010000101000000001110100000110110110000000000,65bba258aafab7394c497cb85684b741bcc61f29f1be41955dc78a9019798e07,bernoulli,bernoulli|conj|p=0.3|zero=allow_iid|rng=MT19937-RandomState,0.3,allow_iid,0.000918656587600708,8.313450962305069e-05,0.0012439209967851639,0.0009986637160182,0.008103483356535435,0.011356327682733536,0.0032443758100271225,26,701,1,6,SAT_unsat_identifiable,1,boolean_factorization,exclude_x,exclude_x,0,1234,4709,0,1,1,0,1,0,0,1,1,1,0,0,0.007169393822550774
4,50,10,100,1514328487,62,conj,glucose42,MT19937-RandomState,5.05717471241951e-05,00001000001000000011000000000000000000010000000000101001100010010100000000010100010010010010000001101000000101010011001010001000100000100000001001000101011011110000101010000000110000100011000010100101001000100000011000100011000011011101010100001110010110100110010010101000101110010101000010000000101100000000001010000100100100000000100000010010010000101100000000010011000010010000101100010110010000010001000101001000000100100000001000111000000100001000001100000100000010101101001000001010011010000010,8945c6141ad45fdcc26c3ace8f767caf0ca85a5d3e367fcb15a01ff9007ac718,bernoulli,bernoulli|conj|p=0.3|zero=allow_iid|rng=MT19937-RandomState,0.3,allow_iid,0.0008615106344223022,8.485466241836548e-05,0.0013433396816253662,0.0009840652346611023,0.007911327295005322,0.011193144135177135,0.0032737702131271362,28,652,1,6,SAT_unsat_identifiable,1,boolean_factorization,exclude_x,exclude_x,0,1392,5151,0,1,1,0,1,0,0,1,1,1,0,0,0.007286498323082924
4,50,10,100,1514328487,63,conj,glucose42,MT19937-RandomState,5.069095641374588e-05,10100000100100100110101000000001011001011110000100000101111000101100000000000010101101101001000001000000110100100001000100000010000110011000101001000000000000011010100010111101000010101011000000001010000111001010000101000000000110000001000011000011111000001100001000101100010101000010010101101000001011000000011010000100000101010010010000001000001001011110000000000000001100100000010000000111000000000110000101000000010001000010000010000000100010000000100110011000001000010100101100001001001010110110,040572d6cba571058f7503969bae8fc04b18fca26a7a151e826a3fac534bdcb5,bernoulli,bernoulli|conj|p=0.3|zero=allow_iid|rng=MT19937-RandomState,0.3,allow_iid,0.0008776281028985977,7.298588752746582e-05,0.0011308463290333748,0.0009864959865808487,0.0058525605127215385,0.008928021416068077,0.003067956306040287,23,809,1,6,SAT_unsat_identifiable,1,boolean_factorization,exclude_x,exclude_x,0,1077,4134,0,1,1,0,1,0,0,1,1,1,0,0,0.007096674293279648
4,50,10,100,1514328487,64,conj,glucose42,MT19937-RandomState,5.05298376083374e-05,10010100100000110100100000000001000100111000101100001000000010100001000000111000000101101011000000001000000001100101000011100001000110100000000000010010101000101000010000000001100001100001010000000001001000010000000101000000000010010001011001000010111010000101010001011010000101101000111001000001011100101000010011101000000011001000000000010101001000001111010000100000000100000000100000000010101010011010100000001110100001110000010100011010000100001000000111010000000001010001010000110010000100011000,a0f669dea509c235151bf7511fde330108889aebb6945d35a87c09dd59cbd12d,bernoulli,bernoulli|conj|p=0.3|zero=allow_iid|rng=MT19937-RandomState,0.3,allow_iid,0.0008499706164002419,8.486025035381317e-05,0.0012564873322844505,0.0010156640782952309,0.007201065309345722,0.010415253229439259,0.0032069822773337364,26,703,1,6,SAT_unsat_identifiable,1,boolean_factorization,exclude_x,exclude_x,0,1304,4786,0,1,1,0,0,0,0,1,1,1,0,0,0.007253019139170647
4,50,10,100,1514328487,65,conj,glucose42,MT19937-RandomState,4.789140075445175e-05,00101100000011011100000101010011100100010000000000000101000111001001001111000000010010101111010000100101001000000100101000001101100000011000000000000010000000001100010001000000000101001010100010001100001001001010100000010001000001110100000000100000000011000011101011100000000011100000100000000001110000010010111111001110010000000000000000000000110110100001010100110110100100111110100011111100001111010000000000000000000101001001000010100011111100010001001000110100000001000000100100110011001100000001,ec1ab8c33f841c3f3812f2c20c6f3eb1f44c31da698ba9284f7723933f2bebfe,bernoulli,bernoulli|conj|p=0.3|zero=allow_iid|rng=MT19937-RandomState,0.3,allow_iid,0.000937286764383316,8.570123463869095e-05,0.0013756882399320602,0.0009841574355959892,0.009533711709082127,0.012924489565193653,0.0033828336745500565,29,666,1,6,SAT_unsat_identifiable,1,boolean_factorization,exclude_x,exclude_x,0,1501,5405,0,1,1,0,1,0,0,1,1,1,0,0,0.007475194521248341
4,50,10,100,1514328487,66,conj,glucose42,MT19937-RandomState,5.089491605758667e-05,10000001100110000000001100000100000010010000010000101110000000000000010000000000011000000000011000001101010000000100001100010001100000000100000011100011010000110110000110111100011000001000010010010011010010111100011000100001010100000000001011001101100110111001111000100000000000100000000000000000100001000001100000001101011101001001100000001000100000010100111011011100010010101010100000010000001010110011001111001110000100011000000100000010100001011110010100000000000001101000100110000100000011011101,fcdd65152c275e84b825a2009fd8039447d15894086c97c5a0efd70c9454ff21,bernoulli,bernoulli|conj|p=0.3|zero=allow_iid|rng=MT19937-RandomState,0.3,allow_iid,0.00083191879093647,7.444247603416443e-05,0.001251792535185814,0.001003003679215908,0.006619672290980816,0.009788081049919128,0.0031611574813723564,26,683,1,6,SAT_unsat_identifiable,1,boolean_factorization,exclude_x,exclude_x,0,1304,4786,0,1,1,0,1,0,0,1,1,1,0,0,0.007282725535333157
4,50,10,100,1514328487,67,conj,glucose42,MT19937-RandomState,4.9610622227191925e-05,01000001011010100011010100011001000010010110011101011000010000001100011100000100100000000001010000100010010111010000110001001000001011011000100100000001001000001001000000001001010100001111100000110001001101101100100100000000001010100000000100000010000000001000000000110001010001101010100000001100001010000011100000011010000001000000011000000011000000100001000100100000001010010000001000000001010001100000000000100101000000001000001000101000001001010011110010011110010111001010000010000000010000100000,bafb05b52a0dd342c8540e9e39311c001bdf2dcfacf0d9919a182aa22b7c6df5,bernoulli,bernoulli|conj|p=0.3|zero=allow_iid|rng=MT19937-RandomState,0.3,allow_iid,0.0007862020283937454,7.153116166591644e-05,0.0012455089017748833,0.0009810179471969604,0.009413901716470718,0.012505029328167439,0.0030842600390315056,26,671,1,6,SAT_unsat_identifiable,1,boolean_factorization,exclude_x,exclude_x,0,1294,4775,0,1,1,0,1,0,0,1,1,1,0,0,0.007098443806171417
4,50,10,100,1514328487,68,conj,glucose42,MT19937-RandomState,5.0224363803863525e-05,01100101100001010100110010100000000001001101001100110111010000110110011000011001100001000001110000000000010010000111000000100100100010000000000010100000000000001001100000101111000010010010001010110000100100000000101100101100000000000100101100000110100000000000000000101000010000010001000101001001000101000000000010110000111010111101001000010101110110000000101000000110000110100000000010111110001000001000010011000000001000000000000010010100000111010001000000000001100000000000000000000001111000000010,ce4ac4c27cd1fee9afa45d116aeb2c862e19afddf8105a5015efe9f3ee65def1,bernoulli,bernoulli|conj|p=0.3|zero=allow_iid|rng=MT19937-RandomState,0.3,allow_iid,0.0008783852681517601,8.319877088069916e-05,0.001287589780986309,0.0009971726685762405,0.007019431330263615,0.010273127816617489,0.003246346488595009,27,828,1,6,SAT_unsat_identifiable,1,boolean_factorization,exclude_x,exclude_x,0,1253,4864,0,1,1,0,1,0,0,1,1,1,0,0,0.007640695199370384
4,50,10,100,1514328487,69,conj,glucose42,MT19937-RandomState,5.2240677177906036e-05,10010001011011101000000011000111110000010101011001001110001000011000010000110000100010000110101010001001101100000000000000101001100000000110010100010000010100111101010001000010000001011011101101000000011000000001000000000011100110000000100011000111000000001000100000000000000001100111000000100001010000010000110100001101000000010100000010111001101010101101010010001000001100000100100010110110101011100000010001110000001000000101000000101101011010000000011010101000000111010100100001000000100100000010,9de7dfafaeb0cad0fd0bff8f0389ff6cf034b59c077231c0e7f03d35659bf115,bernoulli,bernoulli|conj|p=0.3|zero=allow_iid|rng=MT19937-RandomState,0.3,allow_iid,0.000903962180018425,9.222980588674545e-05,0.00138787180185318,0.0009932825341820717,0.008629189804196358,0.012013880535960197,0.003377346321940422,29,664,1,6,SAT_unsat_identifiable,1,boolean_factorization,exclude_x,exclude_x,0,1501,5405,0,1,1,0,1,0,0,1,1,1,0,0,0.007535227574408054
4,50,10,100,1514328487,70,conj,glucose42,MT19937-RandomState,8.638296276330948e-05,00010001001100100000101001100000000000110000010000101100000011000100001001010000101000100000001010000101001001001100001101000000000100000000000000101100011000101000010100010000000011000010000000110000000100000100010110000101100001010110000011011001000000000100001000000000011001010000000101000010100010110001001100000100100100010010000001010001100010000100000100000111001001001000001100000100000000000110000010001010100101100010100000000000100001000000000000011101000000001000101010001000100100101011,c03555fa8e75ffb97913950a2a7e15d3f43947b64358c9279cb3bff804430f24,bernoulli,bernoulli|conj|p=0.3|zero=allow_iid|rng=MT19937-RandomState,0.3,allow_iid,0.0008877124637365341,8.52774828672409e-05,0.0014578485861420631,0.000986989587545395,0.007918726652860641,0.011343816295266151,0.003417828120291233,31,798,1,6,SAT_unsat_identifiable,1,boolean_factorization,exclude_x,exclude_x,0,1479,5649,0,1,1,0,1,0,0,1,1,1,0,0,0.008207611739635468
4,50,10,100,1514328487,71,conj,glucose42,MT19937-RandomState,5.0644390285015106e-05,10001000000101001000000100100001000100101000101010000000010010101000101100100100100000111000100000110011001010101101000001100000000000010011000000110100010100000001101001000000000000100011010000000010011000001000000000100100110101010100100010111110100011000110011101010100000000100100100010000000000001111001100000000001000010100100000100100010011010010100000001100101000010101100001010000100010110001000000011111100001101110000010011110000100000000100000100100010001000010000010100010001010100101000,326c22d6d5ffbf96a106193af0d6c5b1be3ca086a283470e09d7796f0a709b0a,bernoulli,bernoulli|conj|p=0.3|zero=allow_iid|rng=MT19937-RandomState,0.3,allow_iid,0.0008738003671169281,7.958710193634033e-05,0.0014234576374292374,0.0009927498176693916,0.015003296546638012,0.01837953645735979,0.0033695949241518974,30,675,1,6,SAT_unsat_identifiable,1,boolean_factorization,exclude_x,exclude_x,0,1540,5582,0,1,1,0,1,0,0,1,1,1,0,0,0.007570755667984486
4,50,10,100,1514328487,72,conj,glucose42,MT19937-RandomState,4.8716552555561066e-05,10100000111010000000100011110001011001100010000010000001010100110001010001000000110001011000010010011001001010011110000001010001100111001000000000000000111100001000000100001010110001000000010010010000001100101100110001000001010000001000101100000011000011110101000100010010010001001000010000110010000000101110010000000000101000000001010001010010001010010000000100010001001000100001100000100000101001001011000100010000111110100101011101101100100101001100001100011000100000100100000101001000010100000000,eb0c789e2564a8bb54b7d38947ef49eb367643bfb29e67393427b88030faf163,bernoulli,bernoulli|conj|p=0.3|zero=allow_iid|rng=MT19937-RandomState,0.3,allow_iid,0.0009780442342162132,8.608214557170868e-05,0.0016624480485916138,0.000991305336356163,0.012853805907070637,0.016579726710915565,0.0037178797647356987,35,679,1,6,SAT_unsat_identifiable,1,boolean_factorization,exclude_x,exclude_x,0,1845,6588,0,1,1,0,1,0,0,1,1,1,0,0,0.008257856592535973
4,50,10,100,1514328487,73,conj,glucose42,MT19937-RandomState,5.2548013627529144e-05,10000001010000111010000001001111100100010101100100010000000000000000101000110100010000100000000010000000000000110110010010001011001100001000100000010100001000001001011000101100000000010011001001101011100000010111010010000111000001100001000110010000100010110100000110100000001001100000010110001000010000010001100101000101110111000100010100000000000001011011000010001001000001010001101000101001001101000000100100101000010000011010001000010000010000001010011011101010001000011101000010100011000100000000,8d96b1c4d905ab0553963ced551ffddc63fd8eb8f20ca558f50517421ef46cb0,bernoulli,bernoulli|conj|p=0.3|zero=allow_iid|rng=MT19937-RandomState,0.3,allow_iid,0.0009372644126415253,8.877553045749664e-05,0.0014748629182577133,0.0009884219616651535,0.008515291847288609,0.012011713348329067,0.0034893248230218887,31,751,1,6,SAT_unsat_identifiable,1,boolean_factorization,exclude_x,exclude_x,0,1589,5770,0,1,1,0,1,0,0,1,1,1,0,0,0.007922767661511898
4,50,10,100,1514328487,74,conj,glucose42,MT19937-RandomState,5.5660493671894073e-05,01010000100000101000000100100000010000000010000000001010000000010011010100000000001110001011000100000110000100011000000000001110010000011010000100100110100000100000000010100100011011100100010010101100000000000001000010000000010001001000010010001000000110000100100001000000010110000001000100010010110000000010010001010000100000111100001110111001000010000011101101001001001010000000000000110010000001000000001010000001000011001010000000000000000101101000100010010100011000110101001000001100101000101000,e3f51d2ace3e79a43aba6c8e9ecbce00fdef3f2ef4b50e0b87be2d026c05d559,bernoulli,bernoulli|conj|p=0.3|zero=allow_iid|rng=MT19937-RandomState,0.3,allow_iid,0.0008144574239850044,6.767455488443375e-05,0.0010854760184884071,0.0009840400889515877,0.00808093324303627,0.011040945537388325,0.002951648086309433,22,833,1,6,SAT_unsat_identifiable,1,boolean_factorization,exclude_x,exclude_x,0,938,3847,0,1,1,0,1,0,0,1,1,1,0,0,0.00726470910012722
4,50,10,100,1514328487,75,conj,glucose42,MT19937-RandomState,4.98676672577858e-05,00010100001010000000010100010000001000100110000000010100011001110110010000000010100000000010100000000001001100000000111000100001100010110000000100000010000011000111010000010101000100001010000000100110010001000100000000000001001000000011010000000000010000001000000000000000000010000010000110000000010101000000101000100001101010000000011000100100000000010001100000001001000001010100101101101110001001100010110010001000011000111001100110000100001000010011101110110010000000100010001001010000110001010000,e0f5425cd9e5e35627aeeec992ea3737f0b754b93f88c3c921a449c06928b708,bernoulli,bernoulli|conj|p=0.3|zero=allow_iid|rng=MT19937-RandomState,0.3,allow_iid,0.0008383439853787422,7.036048918962479e-05,0.0011587850749492645,0.0009620450437068939,0.011402108706533909,0.014439291320741177,0.0030295345932245255,24,882,1,6,SAT_unsat_identifiable,1,boolean_factorization,exclude_x,exclude_x,0,1076,4267,0,1,1,0,1,0,0,1,1,1,0,0,0.007391556166112423
4,50,10,100,1514328487,76,conj,glucose42,MT19937-RandomState,5.023926496505737e-05,00100010000110001010101000001010001001010101110100100100011010000101000100001000010100001001000111000000100100000101001010101000000010001011000101100101010110011000011010101100000000001100000011010001000000010110011000101011010001000010101101000110010100011010001110000000100000000111000000001000000110000010100010010001110000010100111100111101110000010001100000001001011000000011000000100000000111000000101000000001110001000101001000001100001100100000111011000000000100101010011111010010000011100001,046f0dde1016de48bf6c8d6e79e5d591b5a85d09df42d64aa91036048bbe0093,bernoulli,bernoulli|conj|p=0.3|zero=allow_iid|rng=MT19937-RandomState,0.3,allow_iid,0.0010917363688349724,0.00010224990546703339,0.0018567536026239395,0.0010035503655672073,0.010129089467227459,0.014191226102411747,0.004054290242493153,40,644,1,6,SAT_unsat_identifiable,1,boolean_factorization,exclude_x,exclude_x,0,2110,7550,0,1,1,0,0,0,0,1,1,1,0,0,0.00860505923628807
4,50,10,100,1514328487,77,conj,glucose42,MT19937-RandomState,5.42420893907547e-05,11000000000000000100001100011100000110100010110000100100110001000000011100110010010000111000100100000010000000001000000011010010000000000000000001101000010010011100010110000110101100010100000110000000100100000000001111001000100010000000000001000110001001110001011001010100000111000000000010101111000011000101110000100100110110001000001001100010000000011010100000000000100000000100000000000010100000000001100101011101110000100000001110010111000101011001010010100101100000011000001010010010110010010000,1d405bfb88c02ddc0173a8138abd1ca6165beb0751411b01cfcc8adaf95c318a,bernoulli,bernoulli|conj|p=0.3|zero=allow_iid|rng=MT19937-RandomState,0.3,allow_iid,0.0007976079359650612,7.805880159139633e-05,0.0013798745349049568,0.000986909493803978,0.008291879668831825,0.011542299762368202,0.0032424507662653923,29,614,1,6,SAT_unsat_identifiable,1,boolean_factorization,exclude_x,exclude_x,0,1541,5449,0,1,1,0,1,0,0,1,1,1,0,0,0.007214760407805443
4,50,10,100,1514328487,78,conj,glucose42,MT19937-RandomState,5.052145570516586e-05,00001000000001100011011001100000010000001000000000000000001000010000010000001111000000000000000000000101100101010101000000000000100000000110000001111011000001100001000000100101101010001001000101011001010010000010100110100100100110001010101100000100010100100001000110000100001001000100000001011011010000110100100101001111110001000010100010110110111110000110000010010010010010010111000000100000100010000000000000000011000110000010100101111000101101100000100000001101001000000100100001000011010000100000,28a07cc6058febb0965bb6003de245c558b42b9d47bb8b8e78603cc99813491b,bernoulli,bernoulli|conj|p=0.3|zero=allow_iid|rng=MT19937-RandomState,0.3,allow_iid,0.0008464409038424492,8.41580331325531e-05,0.00130547396838665,0.00099257193505764,0.007759218104183674,0.01099490374326706,0.0032286448404192924,27,736,1,6,SAT_unsat_identifiable,1,boolean_factorization,exclude_x,exclude_x,0,1433,5062,0,1,1,0,1,0,0,1,1,1,0,0,0.0075247278437018394
4,50,10,100,1514328487,79,conj,glucose42,MT19937-RandomState,5.0037167966365814e-05,01101010110000010000001000000101011100000110100100100001010001010010000011001011010010110110001000010111000110000100000000010010010010100100110011000110110100001100100011110110000010000010010000010000110100001010010000101000000100100101011001001001100001100000000000010101000100100000110000010001101000000000101000000110000100100110001011000100000101000100110000000101000101110010001001010001001110001001010110000000110010010000010110100010000011100000011000010000100001001010000100100010010011000011,43ff4257c401c59b13824c63ef8849c5347478f9d437614bd46f53f970487d13,bernoulli,bernoulli|conj|p=0.3|zero=allow_iid|rng=MT19937-RandomState,0.3,allow_iid,0.0009931819513440132,0.00010044965893030167,0.001689448021352291,0.000993611291050911,0.009525335393846035,0.013309648260474205,0.003776690922677517,36,695,1,6,SAT_unsat_identifiable,1,boolean_factorization,exclude_x,exclude_x,0,1884,6765,0,1,1,0,0,0,0,1,1,1,0,0,0.00844630692154169
4,50,10,100,1514328487,80,conj,glucose42,MT19937-RandomState,9.03857871890068e-05,10100011110010010000000001000000000101101100100001100000001000000100011010110011010000000001000000000011010000010100000111100100010000000110101010100000001000100000110001100110101000000100000110010010011001000010100000000010011011110111000001000000000000101100010100001000100000010000000000000011010000001100000001000000000011010010110001000000010101010000100111000001001100100010011000011010000011100001001000101110000010000110001110011001000000000100000110001001100001010010000000100000010000100110,955d53d04f5d9b804048e6824f8f228faf5ed49a2bb8ac3858d733c8ff3754cc,bernoulli,bernoulli|conj|p=0.3|zero=allow_iid|rng=MT19937-RandomState,0.3,allow_iid,0.0009106220677495003,8.89049842953682e-05,0.001450221985578537,0.0010093310847878456,0.009434374049305916,0.01290145330131054,0.003459080122411251,31,768,1,6,SAT_unsat_identifiable,1,boolean_factorization,exclude_x,exclude_x,0,1559,5737,0,1,1,0,1,0,0,1,1,1,0,0,0.008076061494648457
4,50,10,100,1514328487,81,conj,glucose42,MT19937-RandomState,5.27678057551384e-05,10100100011100001000000100000011000100101010101001001001000001000110001001001100010100001000011100000010010000001001100110100110000000000000010010000100000010000000001001111000001010000110001001001000011001000010111100000000000000100010000111001100100110000010100000100000010001101111000011000010000000100110000000010100000100000101101010001010100010111001000010000100110000001100000000101000001011001000101010000000111000000011110110000010001000001101000000001110101000000101001100101110010000100000,d61e3ba824bd4b5ffae234aa9a4535b7422684f5def152b2ee065b16e31d3f48,bernoulli,bernoulli|conj|p=0.3|zero=allow_iid|rng=MT19937-RandomState,0.3,allow_iid,0.0008975593373179436,8.114520460367203e-05,0.001429467462003231,0.0009823786094784737,0.011224834248423576,0.014624044299125671,0.0033905506134033203,30,679,1,6,SAT_unsat_identifiable,1,boolean_factorization,exclude_x,exclude_x,0,1540,5582,0,1,1,0,1,0,0,1,1,1,0,0,0.007836394011974335
4,50,10,100,1514328487,82,conj,glucose42,MT19937-RandomState,5.05596399307251e-05,10100001101101000010001000000010100100000000100100000100110011001000001000001000110101000000000100000001110110001000000000100001001001100111001000000100010000110011101100000001001010100000000100110100010010000100101010000001000100100001001000000000001010001001001001101000100001100001101010001000100101000110101000100000010011000001111010000000100000001000100001111010000110000100101000110100000001100110101010100000001000110110000001000011000000000100010011000001101000011010100010100001011011100010,bb3a49741fb3d116dddb175bad0e199295084256669b990ded099add3c2ed965,bernoulli,bernoulli|conj|p=0.3|zero=allow_iid|rng=MT19937-RandomState,0.3,allow_iid,0.0009052306413650513,7.805600762367249e-05,0.0013772090896964073,0.001004728488624096,0.019678544253110886,0.023051445372402668,0.003365224227309227,29,713,1,6,SAT_unsat_identifiable,1,boolean_factorization,exclude_x,exclude_x,0,1441,5339,0,1,1,0,1,0,0,1,1,1,0,0,0.007641964592039585
4,50,10,100,1514328487,83,conj,glucose42,MT19937-RandomState,5.228724330663681e-05,01001011000000000000010110101110001010100100101101001100001100000011000100000000100000001100010010101001110100000100010011010000000100000100010001001100000101010001001000011000000100000001001001000000110011001010101000001010101101000010100010000010000010101000000000100001000000100011100111011000100000010010010010000000001000010001000001000010111010100001000100001000011100000000100001000001001100000001001000010000110001010010101000000001100100000000010011000000000100001100000100011000110100111101,8dca6a434aabbe55f52ea1b84c0c2d2f974c774b05de9036b2a97af60a259e45,bernoulli,bernoulli|conj|p=0.3|zero=allow_iid|rng=MT19937-RandomState,0.3,allow_iid,0.0008651046082377434,7.658358663320541e-05,0.0013223737478256226,0.0009926427155733109,0.007137889042496681,0.010401812382042408,0.003256704658269882,28,725,1,6,SAT_unsat_identifiable,1,boolean_factorization,exclude_x,exclude_x,0,1372,5129,0,1,1,0,1,0,0,1,1,1,0,0,0.007483173161745071
4,50,10,100,1514328487,84,conj,glucose42,MT19937-RandomState,5.142576992511749e-05,10000010011000000100011001011010101011000001000011000001011100011001000000000000110010101000110000010010000110010011000001001001100000000000100100100010110000100000000001011000000001000011000100000010001000110000100001000100010000000010000100001011000110010001010000000110010000010111010001100000000010011000100000000100001000010100010000010000000001101000100100000000011110111010001101010010000100010001111010110010101100010111000100011100101010000101010100000001100010000000000010100010101000000010,c6d63f3bdb84bec77aa86fc8af1c05a8110db5d41a01480fc39afc29a6b13c70,bernoulli,bernoulli|conj|p=0.3|zero=allow_iid|rng=MT19937-RandomState,0.3,allow_iid,0.0009827110916376114,8.550286293029785e-05,0.0015839505940675735,0.0009963475167751312,0.010448847897350788,0.014104918576776981,0.003648512065410614,34,659,1,6,SAT_unsat_identifiable,1,boolean_factorization,exclude_x,exclude_x,0,1746,6345,0,1,1,0,1,0,0,1,1,1,0,0,0.008018416352570057
4,50,10,100,1514328487,85,conj,glucose42,MT19937-RandomState,4.81531023979187e-05,00110001001010010001010101000000000000110000000100000001000000111000110010100000100001110101001000111000000011001000001100011000101010001110010000100110001000001001010000010001001000010100000011000000110000000000001000001111100000100111010010110000000101010001100000010010000000110000011100100001101000001010100100000001000101011011001100000000101101000010000110111100010000000100000000000100010000100110000101000000011000000000100001000110100010100110100100011011110000100000000000000000000000111000,452cd3b9ee0ced6f72651f504a268c8cf266d3e8eb2aa30c7f733ce061311b4e,bernoulli,bernoulli|conj|p=0.3|zero=allow_iid|rng=MT19937-RandomState,0.3,allow_iid,0.0008848886936903,8.417479693889618e-05,0.001188734546303749,0.0009944159537553787,0.006771801970899105,0.009931707754731178,0.003152213990688324,25,723,1,6,SAT_unsat_identifiable,1,boolean_factorization,exclude_x,exclude_x,0,1215,4554,0,1,1,0,1,0,0,1,1,1,0,0,0.007176969200372696
4,50,10,100,1514328487,86,conj,glucose42,MT19937-RandomState,5.0292350351810455e-05,01100000100000101001000111100100000111100010000010000001001000100100010100000000010010010010000001000000000001110011110100000001011100110000010100010001001010000000000001100010000000111101000010000100011010110000000000010011000000101001101110000000000010100000001001001101001110000100010110010100001101111010000001000000000000000000000010000100011001011111010010101000010110100011001000010010000111100000110000110000000101000100001010100010100010101001010010000100000000001000010110001000000010101000,9c0ec6072ceb3ec41358408c867cca7aa1dd8f25571d7f80561680e576936943,bernoulli,bernoulli|conj|p=0.3|zero=allow_iid|rng=MT19937-RandomState,0.3,allow_iid,0.0008821059018373489,7.529556751251221e-05,0.0011648358777165413,0.0009918967261910439,0.008640400134027004,0.011761673726141453,0.0031141340732574463,24,825,1,6,SAT_unsat_identifiable,1,boolean_factorization,exclude_x,exclude_x,0,1116,4311,0,1,1,0,1,0,0,1,1,1,0,0,0.007390504702925682
4,50,10,100,1514328487,87,conj,glucose42,MT19937-RandomState,5.266256630420685e-05,00000111001100000001000101111000000000100111110101010000100000000000100100000000000001000001000001001000000100010001100010000000010010000000000010110100011101000100000010000000010000001110010000010000001000011010010010110110000011000000010101001011000000100100000000100010010000101001000000100100000100110001010101101100101101100101010101010000000010000100101100110000011000011110001100100000111011010100101101000100000001000011100000000011100010101100000001000000001101000001100001010010001100000000,398ace970fbe136db8a5794fb7548677405b7e480f9a7d30d8fbce5dd3dd9899,bernoulli,bernoulli|conj|p=0.3|zero=allow_iid|rng=MT19937-RandomState,0.3,allow_iid,0.0007647555321455002,6.417743861675262e-05,0.0008775927126407623,0.0009902305901050568,0.005142534151673317,0.00784592516720295,0.002696756273508072,17,768,1,6,SAT_unsat_identifiable,1,boolean_factorization,exclude_x,exclude_x,0,753,2973,0,1,1,0,0,0,0,1,1,1,0,0,0.006354879587888718
4,50,10,100,1514328487,88,conj,glucose42,MT19937-RandomState,5.140341818332672e-05,10001000000011000100000001001101001001000000100000010001000101110000000101000011001000011000011011100100010000000100101000000100010000010100000001010000000010000111010100100011100110110101111101000000000000001011000100101010100010100000010010100000001010110101000000100001010110001101000111000000100011010011000000011100010110011010000101000111100010000110001110111000001000101010001001010000000001000010100001010101101000011000110011000100100100110011000000001000000000000011001000001000101000110001,dd32da967cd4830ebc61d96faaa52d598a4a327443154efddef3b085a7ab6ed1,bernoulli,bernoulli|conj|p=0.3|zero=allow_iid|rng=MT19937-RandomState,0.3,allow_iid,0.0008602747693657875,7.486995309591293e-05,0.0012135058641433716,0.0009932918474078178,0.006990117020905018,0.010139617137610912,0.00314194243401289,25,655,1,6,SAT_unsat_identifiable,1,boolean_factorization,exclude_x,exclude_x,0,1245,4587,0,1,1,0,0,0,0,1,1,1,0,0,0.00694731529802084
4,50,10,100,1514328487,89,conj,glucose42,MT19937-RandomState,4.899222403764725e-05,00101010100000000011000000000110000010010010000100100001010010010100000001000000001100010000000100000110100001010010000000000001100000100000100110111111000010000010010100000100000110001001000000010000000000011110011000001100001111100100100000010000010001100010010000110101001011000110000100010101001010000000000011100000000000100000000110011110011000000000111000000000101101001001001001000010000110100001100000001000001000000100101010100000010010110101111010000000011111011001001001000100001101011000,2c82a6d61bd3397b9228167723a979dcbd391eeab446fa77d68f618fa5095484,bernoulli,bernoulli|conj|p=0.3|zero=allow_iid|rng=MT19937-RandomState,0.3,allow_iid,0.0008249115198850632,6.884895265102386e-05,0.0010731425136327744,0.0009781531989574432,0.0067153312265872955,0.00966701004654169,0.0029450561851263046,22,874,1,6,SAT_unsat_identifiable,1,boolean_factorization,exclude_x,exclude_x,0,1008,3924,0,1,1,0,0,0,0,1,1,1,0,0,0.007314103655517101
4,50,10,100,1514328487,90,conj,glucose42,MT19937-RandomState,8.775293827056885e-05,01001000000010011010000000000001100110000011100011111011111100001110110111001000000000110011101000000110011000100010000101000111010010000000000000000111101100111000010100000101100010010001101011000000010000000001001110010001000000001000000001011000000110100110000110010000010100001101000110000100110010001010001010100001010010001000100000100000000000000001010000100111111111001001010000000100010110110000110000010000000000000001010010100010010000011110100000010100001001010100011001010000101110100000,aa6d9ac609ef01c1f0c46f3a638f9d1ee752c385523622650125ddff3676394f,bernoulli,bernoulli|conj|p=0.3|zero=allow_iid|rng=MT19937-RandomState,0.3,allow_iid,0.0009747138246893883,8.736178278923035e-05,0.001514640636742115,0.0009949654340744019,0.010635502636432648,0.014216304756700993,0.0035716816782951355,32,687,1,6,SAT_unsat_identifiable,1,boolean_factorization,exclude_x,exclude_x,0,1648,5969,0,1,1,0,1,0,0,1,1,1,0,0,0.00837146956473589
4,50,10,100,1514328487,91,conj,glucose42,MT19937-RandomState,4.84539195895195e-05,00000010000100000101100100001101100000011010111000000000001001010010110001010001100010000000000000100001010110101010000111100100100000000010011000001101000000000100000001000000110111011001000001010000001000001000000000111110010000000000100110000100111000100100000000000101010111011101101000100001010100001001000010000001100000011010000001110000011110000001001001100011000000001010001101000000010000001000101100011110000011101010010000000000100010100010110110000000000001010001010000100000000110000000,ca89b7b25b7851a2971d95ac7ce4e592ee4ee746524f05d14e8c804d03dc9ad2,bernoulli,bernoulli|conj|p=0.3|zero=allow_iid|rng=MT19937-RandomState,0.3,allow_iid,0.0008275378495454788,7.079541683197021e-05,0.0011809645220637321,0.000984356738626957,0.0064232125878334045,0.009494055993855,0.003063654527068138,24,688,1,6,SAT_unsat_identifiable,1,boolean_factorization,exclude_x,exclude_x,0,1236,4443,0,1,1,0,1,0,0,1,1,1,0,0,0.0070350924506783485
4,50,10,100,1514328487,92,conj,glucose42,MT19937-RandomState,4.8168934881687164e-05,10000100001100000101000100000000011100100000010000000110001101100000001101000000110000100000000010110110000000001000100001110101000000010000010010000001000001000010100001000000000000110100100100000000011001001010000010001000010011100000000000010000001000001111001000001000010000000001010010100001001000001110110010001000000001000100000000110000000010110000011101001000010000000001100000010001100001001101000001000010111000000010111010000110100010000100011000000110000000000101111000000000010100000000,e97e4326f05fe29dce731f3082c14b545fdabc84e45fd0601dc9a83ec4787f78,bernoulli,bernoulli|conj|p=0.3|zero=allow_iid|rng=MT19937-RandomState,0.3,allow_iid,0.0007046125829219818,7.821712642908096e-05,0.0009981468319892883,0.0009794710204005241,0.0055029187351465225,0.008270666934549809,0.0027604475617408752,20,774,1,6,SAT_unsat_identifiable,1,boolean_factorization,exclude_x,exclude_x,0,930,3570,0,1,1,0,1,0,0,1,1,1,0,0,0.006721664220094681
4,50,10,100,1514328487,93,conj,glucose42,MT19937-RandomState,4.87547367811203e-05,00100000110000110010000100010100000010101100001010110000010000011111100000100001100101000000101000000001000000101000001000101000000000000111000100011010010001101000011110000011101001100010010000000100000001001000000000010001000010000101000000001010110100000000011000000100000000001001000100000000000000000000000111011000100101011110000001100000011000100100000000000000100110100101000000111001000000010100100000011100001100101010000000100010011010100100000001000100010100011010100101110110000010100101,656ee46645c6862ed9c6a6f421af4abf8eb23b75899b3dc68a8da624378b874d,bernoulli,bernoulli|conj|p=0.3|zero=allow_iid|rng=MT19937-RandomState,0.3,allow_iid,0.00078534334897995,7.427297532558441e-05,0.0011848853901028633,0.0010073576122522354,0.006963241845369339,0.010022778064012527,0.003051859326660633,24,715,1,6,SAT_unsat_identifiable,1,boolean_factorization,exclude_x,exclude_x,0,1126,4322,0,1,1,0,1,0,0,1,1,1,0,0,0.007039419375360012
4,50,10,100,1514328487,94,conj,glucose42,MT19937-RandomState,4.9931928515434265e-05,00011011010001101001001011001011100000010000100011110011001000000001000010001101000000010100011110111100010000000100100001000010010001100000100001000111110001000001000001011000101010001000001000010000000011001111100000010000100010010000100111000100110000000000010001001001000110101011000010000100000000100000001100011000000010001101001000101110001010101100000001000100010010000101000011001100001001101001111000000001001001010000010001101010000001000000010000110000111000010011100110000011100000001100,f42b110ab8d31f9c30f16c58c895b6d9c851bb621d033d2488787b05907aa2fb,bernoulli,bernoulli|conj|p=0.3|zero=allow_iid|rng=MT19937-RandomState,0.3,allow_iid,0.0009388132020831108,8.897855877876282e-05,0.0015122098848223686,0.0009884368628263474,0.011978461407124996,0.015515852719545364,0.0035284385085105896,32,735,1,6,SAT_unsat_identifiable,1,boolean_factorization,exclude_x,exclude_x,0,1598,5914,0,1,1,0,1,0,0,1,1,1,0,0,0.008158247917890549
4,50,10,100,1514328487,95,conj,glucose42,MT19937-RandomState,4.9058347940444946e-05,00000100100110100000100010000011010001110001001000110000011000000000000000000011000010101001000101100101001010000111001000101000010000110000100100001001100100000001000011000000100110110001000000000000000100001011000101000001000000110100110011100000010010110000100101001001000101001101011000010111000000000000100001000001000100000000100010000100000000000010000000010000001010010010100111000101001000101100100010000100011101101100000001001010100001000000000010001001000001110100000100101000001000001011,e67d22fe39cf87b19d24673beda26799a9f9297d5a68ea26683065b0882f996e,bernoulli,bernoulli|conj|p=0.3|zero=allow_iid|rng=MT19937-RandomState,0.3,allow_iid,0.0008835680782794952,8.200947195291519e-05,0.0012918366119265556,0.0009976048022508621,0.012991364113986492,0.016254509799182415,0.003255018964409828,26,641,1,6,SAT_unsat_identifiable,1,boolean_factorization,exclude_x,exclude_x,0,1264,4742,0,1,1,0,1,0,0,1,1,1,0,0,0.007112094201147556
4,50,10,100,1514328487,96,conj,glucose42,MT19937-RandomState,4.904251545667648e-05,00100011100000000100111000010000000000000010001000101001001001000000110110000110001100110110100010011000111011110110001010001010000000100010100000010000100110111000010100001011010011000010011000000000000001000000001110010100110001001100100100000010000000010001000000100001000001101001000110010100001110010100000010010000001000001101000001001000010000000000010010011100001001000000010010100000010100111000010001000010100000101001110101010110010001010000000101001010100100001101011111000010101000010001,541e1f55599d3e76b7f8b0ca16895556706e290873dda449f423602017f5b421,bernoulli,bernoulli|conj|p=0.3|zero=allow_iid|rng=MT19937-RandomState,0.3,allow_iid,0.0008943919092416763,7.91763886809349e-05,0.0015206187963485718,0.0009711654856801033,0.016222001053392887,0.019694029353559017,0.0034653525799512863,32,598,1,6,SAT_unsat_identifiable,1,boolean_factorization,exclude_x,exclude_x,0,1708,6035,0,1,1,0,1,0,0,1,1,1,0,0,0.007642700336873531
4,50,10,100,1514328487,97,conj,glucose42,MT19937-RandomState,5.02951443195343e-05,11000100001000011111100000001000000100010000000010010100000010111000000001010000000000000001110011011110110001000101011000010000010001010101010010000110001001100000100001000100000101101000000101100000000100000010011001010000001010010011000100000110010000000100000001100001000000100000000110000110000010000101001011011001000100010001001011000001000001000100001100000010000001000010100001101110000101010000100001000110010000000100010000101001010010110000010011010100111010001100010010010010100101100000,de0eb58a197c4a328dd39cc6ccbb25ec437eadae65cfd367da0befa088e0f878,bernoulli,bernoulli|conj|p=0.3|zero=allow_iid|rng=MT19937-RandomState,0.3,allow_iid,0.0007274849340319633,7.117632776498795e-05,0.0011774012818932533,0.001043645665049553,0.0070879701524972916,0.010115080513060093,0.0030197082087397575,24,578,1,6,SAT_unsat_identifiable,1,boolean_factorization,exclude_x,exclude_x,0,1206,4410,0,1,1,0,1,0,0,1,1,1,0,0,0.006637336686253548
4,50,10,100,1514328487,98,conj,glucose42,MT19937-RandomState,4.9651600420475006e-05,10011101010000000101100000100000000010100101001000010100000000000010100001010000111000000100001100000001010000010000001000000100000001001000100110000100100000101101101000001010010100001000011000100100000000101100000010010011000001010010001101010001000100000000100001100000101100100000001100101101000100000110000001000100000000111010111001100101001110010110100001110100000010011100000110001100001101000010100001000000001010010010011110010101100000000000100010001001000011010000001000100000010001111110,a64dcc124f6e51e7365f8b57abb1b4e7335a667070b0d90832982a523bd7e175,bernoulli,bernoulli|conj|p=0.3|zero=allow_iid|rng=MT19937-RandomState,0.3,allow_iid,0.0009550200775265694,7.651466876268387e-05,0.001281294971704483,0.0009720148518681526,0.007699117064476013,0.010991232469677925,0.003284844569861889,27,835,1,6,SAT_unsat_identifiable,1,boolean_factorization,exclude_x,exclude_x,0,1243,4853,0,1,1,0,0,0,0,1,1,1,0,0,0.007722658105194569
4,50,10,100,1514328487,99,conj,glucose42,MT19937-RandomState,5.109608173370361e-05,10000001100101000000101110011000001110000000011011111100010101111000100000000001100110000010100000001100010000010100101000010001000000000110100101110000000010100101000001000110000100010001010111001000010010000000001000101000000101000100001101100010010110101000001000010110100111000000111000101001000011001101000100110011000001110000000110010011100011000000000000100011000000100000111000100100000001010000000001110000100110100101110110110000001001110101000100000110100101000010010110111000010010101110,6e76252500faec0555858be20c08fffc3a8eba0a6e9442f9345239f7a9ea1f77,bernoulli,bernoulli|conj|p=0.3|zero=allow_iid|rng=MT19937-RandomState,0.3,allow_iid,0.0009766602888703346,8.037220686674118e-05,0.0014983806759119034,0.0009841034188866615,0.009983465075492859,0.01353022176772356,0.0035395165905356407,32,629,1,6,SAT_unsat_identifiable,1,boolean_factorization,exclude_x,exclude_x,0,1668,5991,0,1,1,0,1,0,0,1,1,1,0,0,0.0077001070603728294
