schema_version,J,K,N,seed,sim,operator,solver_name,rng_engine,generation_time,q_bitstring,q_sha256,design,design_id,p,zero_row_policy,basis_time,identity_check_time,two_col_check_time,three_col_check_time,sat_time,algorithm_time,preprocess_time,J_basis,M_basis,identifiable,branch,branch_label,sat_called,sat_formulation,sat_cardinality_encoding,cardinality_encoding_requested,maximal_candidate_requested,sat_variables,sat_clauses,identity_original,not_complete_original,has_pure_node_original,no_pure_nodes_original,has_zero_row_original,two_col_violation_original,three_col_violation_original,two_column_pass_original,both_necessary_checks_pass_original,I_3c,identity_basis,two_col_violation_basis,diagnostics_time
4,50,10,100,2416016651,0,conj,glucose42,MT19937-RandomState,0.00017781276255846024,00101011011110000100010001000001101000000100000011100101101010010110010110001001001000100000100100010111101000010000010000111001100010000010001100000000001000000000001101010001001010011001110000100010000111001001101100000100010110010000000000001110010011000010000000111010010100000000000100010011100010111000100001010010000000000110101100000010000000011000110000010100100011100000000110000000011010111010100100001000011110111000100000000000100011000100000000101000111110000010010100010010110000000100,2d282fd250aa37c6c00e0a3c8d292ae03a6199f8ce56c120214d12c273c4f208,bernoulli,bernoulli|conj|p=0.3|zero=allow_iid|rng=MT19937-RandomState,0.3,allow_iid,0.0008898181840777397,0.00011901929974555969,0.0013008499518036842,0.0010963063687086105,0.02382548339664936,0.027241263538599014,0.003405993804335594,27,614,1,6,SAT_unsat_identifiable,1,boolean_factorization,exclude_x,exclude_x,0,1453,5084,0,1,1,0,1,0,0,1,1,1,0,0,0.007231957279145718
4,50,10,100,2416016651,1,conj,glucose42,MT19937-RandomState,5.7456083595752716e-05,10000010101000000000111000000001000000100001110000000111001000110010011110001111000000111000010001000010000100011011001000101100001100000000000011001010001000000010010110000000000110001001110000100101010010011100000100010000011001001000010010100010001000000110010100000000100100000011000001101001000010100010010000000000001100010101000110110000001111100100001000011010100010011110001000101000000000001011100000101000110110000101111010111010000100001010010000000001101010110001001010100110000000011110,532bbc28908e8ffa7f2fb335ffceab8a183d9d3aac9f8aca785beef89eb80fa5,bernoulli,bernoulli|conj|p=0.3|zero=allow_iid|rng=MT19937-RandomState,0.3,allow_iid,0.0009573362767696381,9.857583791017532e-05,0.0013621002435684204,0.0010699257254600525,0.012618990615010262,0.016116028651595116,0.0034879380837082863,30,678,1,6,SAT_unsat_identifiable,1,boolean_factorization,exclude_x,exclude_x,0,1490,5527,0,1,1,0,1,0,0,1,1,1,0,0,0.007571683265268803
4,50,10,100,2416016651,2,conj,glucose42,MT19937-RandomState,5.736295133829117e-05,10010000010110010011100000000100000100100000110001001000000010110000100010000000010000000101101000000001000001000001001000100000100100100000000100010000000000000000100001010001101000101001101100011110010000000010000110100101000111111100000010000000111100000000001010010011001000110111000010000111000100110011010101000001001101000000001010010000001101010110000000110011011101000011000100010000000001101100111101001000000100111101011110000111011011110001010110000010000011000001110010100010001110010001,68dfc645cc00117898c54ee81e11d7683815d40b26ea3d61ebb1b6616202b39a,bernoulli,bernoulli|conj|p=0.3|zero=allow_iid|rng=MT19937-RandomState,0.3,allow_iid,0.0009238859638571739,9.502749890089035e-05,0.0013408446684479713,0.0010991375893354416,0.009993442334234715,0.013459838926792145,0.003458895720541477,29,642,1,6,SAT_unsat_identifiable,1,boolean_factorization,exclude_x,exclude_x,0,1451,5350,0,1,1,0,1,0,0,1,1,1,0,0,0.007531970739364624
4,50,10,100,2416016651,3,conj,glucose42,MT19937-RandomState,5.744490772485733e-05,01011010010010000100000001010000001001011010111001000000010010100000010000110101010000100100010001001001011111110000101000000011101000000000000010010000000011000010100000000111001000000010000000010000100111101111000000001010000100110001001110101000011000000001100100011001001011101001100100011000000000101101000011100101011100001001001000100000100101010010000000001000000001011000000010110011000000000100110100101011000001000011000101100010001000000010110110110100001000001101010110001000110000101011,06f6db81e3e62fe0448e3edd5c5d2906124e6484ff540e12c137b75417bda68f,bernoulli,bernoulli|conj|p=0.3|zero=allow_iid|rng=MT19937-RandomState,0.3,allow_iid,0.0009341612458229065,9.565521031618118e-05,0.0013477271422743797,0.0010830434039235115,0.008652242831885815,0.012122495099902153,0.003460587002336979,28,664,1,6,SAT_unsat_identifiable,1,boolean_factorization,exclude_x,exclude_x,0,1462,5228,0,1,1,0,0,0,0,1,1,1,0,0,0.007540457881987095
4,50,10,100,2416016651,4,conj,glucose42,MT19937-RandomState,5.8560632169246674e-05,10001010001100001010100111000000100000111101001001000000001000110011100110110000000010001000000111010001001000001000001110001000001010000000101111111100000010010100011000000000101100010000000100110010110100000001010001001000011100000001000101000100010100010111000010010100000000011000100110110000000100000011010100010100000011101100010000011110010000010000011011000000000000001011000011100100000110100000010001100001000000001001000010010010110000100110001000001010001100110110010000000001100100010101,3aa5905c174993d0d2ab810f65d910fc778e5c1390d6f1b8e730845e69af42f5,bernoulli,bernoulli|conj|p=0.3|zero=allow_iid|rng=MT19937-RandomState,0.3,allow_iid,0.000999978743493557,9.045656770467758e-05,0.001416606828570366,0.001091785728931427,0.009348372928798199,0.012957020662724972,0.0035988278687000275,30,719,1,6,SAT_unsat_identifiable,1,boolean_factorization,exclude_x,exclude_x,0,1490,5527,0,1,1,0,0,0,0,1,1,1,0,0,0.007809193804860115
4,50,10,100,2416016651,5,conj,glucose42,MT19937-RandomState,6.118044257164001e-05,10000100001000110000101000011010100111000100011100001011010101001000100010110101000010100000001001111100001010010100001101100011000101100010100000100000000010000110010000100010001011001000011010000101001000000011001001010011000010111000000011010010000001100100000110000000100011101010000001010000011000000000010010010110001001010100000000000001110001000000000100010101101010000010100001001000000110001000000000111010000011000100000100011010001010010000101000100101010010011000111101000000000010010000,e878bb74243b81b05dda0de6f84a5c849c904a85e4c3fd8e0c4853e169de9a9e,bernoulli,bernoulli|conj|p=0.3|zero=allow_iid|rng=MT19937-RandomState,0.3,allow_iid,0.0010986030101776123,0.00012619979679584503,0.0017584338784217834,0.0010903766378760338,0.01894218660891056,0.023027118295431137,0.004073613323271275,39,697,1,6,SAT_unsat_identifiable,1,boolean_factorization,exclude_x,exclude_x,0,2071,7373,0,1,1,0,1,0,0,1,1,1,0,0,0.008688447065651417
4,50,10,100,2416016651,6,conj,glucose42,MT19937-RandomState,6.0480087995529175e-05,01010000000000100111001011011101000010101000000001000111110010110101100001000110110100001011011000001100000001000000010100110000101001110000000000001000100000000010001000000100100100101010110000101101010001100000000100100010000001100010010001101000011011101011000010000000000000100010000000100100100000100100100010000001000000111000010000100011001010010010010100000000000001011100100001000000010000001010110100000000000101010001000101000110100001010100000100110101000000000111001001000000010000000000,28164dd331b6a59c4c7e3630df1069936a27d45436c409a8d4cc2e09143a873f,bernoulli,bernoulli|conj|p=0.3|zero=allow_iid|rng=MT19937-RandomState,0.3,allow_iid,0.0008135596290230751,8.088909089565277e-05,0.0011388221755623817,0.001122649759054184,0.006537868641316891,0.009701693430542946,0.0031559206545352936,24,733,1,6,SAT_unsat_identifiable,1,boolean_factorization,exclude_x,exclude_x,0,1146,4344,0,1,1,0,1,0,0,1,1,1,0,0,0.0069566452875733376
4,50,10,100,2416016651,7,conj,glucose42,MT19937-RandomState,5.690939724445343e-05,10100000100000000111001110100110011100101000010000110100001101110001001110010111000010001000001010000110001100001110100010000101010000010000001010001000011100001000000100110000000110000010000101001110111010001001010000010000000000001110010010000100010001010011001000000100000100000001001000010010110010001010100011110010000010101000000001100001000001001000001110101001000010000100011010110000000010001000011001011110100000100000100110101000100100001101001010011101000000010000100100000010000101000000,aca4b6c549c10369defb03d6363906d91362b957032cfe1c831570ebb2a2dc04,bernoulli,bernoulli|conj|p=0.3|zero=allow_iid|rng=MT19937-RandomState,0.3,allow_iid,0.0009520696476101875,8.546095341444016e-05,0.0013943267986178398,0.0011056652292609215,0.010116475634276867,0.01366372313350439,0.003537522628903389,30,679,1,6,SAT_unsat_identifiable,1,boolean_factorization,exclude_x,exclude_x,0,1510,5549,0,1,1,0,1,0,0,1,1,1,0,0,0.007634558714926243
4,50,10,100,2416016651,8,conj,glucose42,MT19937-RandomState,5.59510663151741e-05,00001000000101110000011010100011101000101000010001011100000100000010101010000001101010000100101100000001100000010101000111100011000110001100011000001010000111000000000110000010100010110001001000101011101000000001101111010010001001001010111011011100001101010010110100011011000000000100100000000001101110000010000000001000100000001010000000001100101001010000000000000001110101000011000000010100011100001000011110000010000000010000011110111001001111001010001000000010000001010001000110110001000100000100,d1235ea76df9256abd36ce3aaf947a0ccfab450639fbf762e48d6d7e25a760da,bernoulli,bernoulli|conj|p=0.3|zero=allow_iid|rng=MT19937-RandomState,0.3,allow_iid,0.0009982073679566383,8.660275489091873e-05,0.0013304417952895164,0.0010905973613262177,0.009463794529438019,0.012977058067917824,0.003505849279463291,30,702,1,6,SAT_unsat_identifiable,1,boolean_factorization,exclude_x,exclude_x,0,1580,5626,0,1,1,0,0,0,0,1,1,1,0,0,0.007748306728899479
4,50,10,100,2416016651,9,conj,glucose42,MT19937-RandomState,6.059091538190842e-05,00010100000111001010010001101110110100100010000000001000010010001000100000100000011100010000100100000000101000011001000001111010000000100000000110100000001000100100110101000000010011000100000010000001000110100000001000110010100001010110100000011000000001011000011001111100011000000100001000000000000010011000001000010001100001000011100000000010100000110001000110000110001000000000000000010001000010001100000000100000000000000110100010100010001010000000111000000000001100100010100000100010100100010100,6ff0c4d9d66e89f9e8efa5b7fa7ac207be2a8b669e98063112e757e9b22ddbeb,bernoulli,bernoulli|conj|p=0.3|zero=allow_iid|rng=MT19937-RandomState,0.3,allow_iid,0.0008318647742271423,9.034108370542526e-05,0.0012580202892422676,0.0010450966656208038,0.0095896041020751,0.01283069234341383,0.003225322812795639,27,668,1,6,SAT_unsat_identifiable,1,boolean_factorization,exclude_x,exclude_x,0,1333,4952,0,1,1,0,1,0,0,1,1,1,0,0,0.007041437551379204
4,50,10,100,2416016651,10,conj,glucose42,MT19937-RandomState,7.234141230583191e-05,00001000010010100000010000101111100010010011011010110100010100011000000001010000011110100111110000000101000000010000000010011001111001101000001011000011110010000100000001000001001101001111100011100001110000110101011101100111000000011010001101011000000100110001011010000100000000010110000100001000001101100010100100110100111001111011010000010000100001101100000101010000001000000010010110110001010010110000000001010101010000001000101000101111001010010000000100010000000001110110000000001000000101011001,832b3fbccbe984bab6e90b0d4b265d1f74d280daa7210d20fe8b2a3890727a30,bernoulli,bernoulli|conj|p=0.3|zero=allow_iid|rng=MT19937-RandomState,0.3,allow_iid,0.0009956927970051765,0.00010152999311685562,0.0016284910961985588,0.0010382458567619324,0.014155608601868153,0.017927082255482674,0.0037639597430825233,37,448,1,6,SAT_unsat_identifiable,1,boolean_factorization,exclude_x,exclude_x,0,2173,7217,0,1,1,0,0,0,0,1,1,1,0,0,0.007523681037127972
4,50,10,100,2416016651,11,conj,glucose42,MT19937-RandomState,5.395151674747467e-05,00001000010101100000000101001000101011000100010100010001100000101111000001101000001010000000000001000000010000010010011010000000100000100001001011001000001101001010000000000000100001010001000001100100100010001000010011010001110000000000010000010001001100100000010010110000100100010010000100100000000000111000100010001010000110001000000011000000001010111001100010010000100000010000010100000101000010000010010000001010011001010111010000110111001111100010010001101111010001100000000010011100010100000001,d310f534ff576272940aa36fdfb6194b044b6638c1c5574f68f6e4bd39379be5,bernoulli,bernoulli|conj|p=0.3|zero=allow_iid|rng=MT19937-RandomState,0.3,allow_iid,0.0010142447426915169,0.00010563991963863373,0.0015829261392354965,0.0010540178045630455,0.009589217603206635,0.013354096561670303,0.0037568286061286926,35,782,1,6,SAT_unsat_identifiable,1,boolean_factorization,exclude_x,exclude_x,0,1705,6434,0,1,1,0,0,0,0,1,1,1,0,0,0.008309978991746902
4,50,10,100,2416016651,12,conj,glucose42,MT19937-RandomState,4.5746564865112305e-05,00000100000100110000000000000100001000010010100101000000001010001010010000100000000010000000011100001010100010010011100110010111100011001101011000101001000011110000001000010110100000000000000101110010000000100000101000010000000001010010000010100000110000000000001000010001110111000001000111000010001100001010100000000000101000101101000100001001010000010111100100100001001010011010011000000001111000000010010010011000100111010011001001100000100010001010000101000000001100001100000111000001000000110000,567cc51d2d0254f9951698da03341bc33c96454c05faf9e8f8699d4429afb82a,bernoulli,bernoulli|conj|p=0.3|zero=allow_iid|rng=MT19937-RandomState,0.3,allow_iid,0.0008140364661812782,8.167140185832977e-05,0.0013442113995552063,0.0010637082159519196,0.007791308686137199,0.01110184658318758,0.003303627483546734,29,683,1,6,SAT_unsat_identifiable,1,boolean_factorization,exclude_x,exclude_x,0,1521,5427,0,1,1,0,1,0,0,1,1,1,0,0,0.007532128132879734
4,50,10,100,2416016651,13,conj,glucose42,MT19937-RandomState,4.7184526920318604e-05,00000000001000000010100011010011010001101000000000110010000100000001000101000001011010110000001111101000000100010000010010100011000001110000111100000001001100001010001010011100101000010000010010000100010110000000000110100001000000000101001000101001101001001000100000000010001100000001000000100100001101000000000110010001000000001000100000101000000000110100011001010000110001000110101001011000000010000100011000000100001000000100010101110001010000001001000010100001000000101010100010000000000011000001,d703aec2355f9ac82019ccf426bb6b02a4bfec67e0cb32fb0149c018b5e3228d,bernoulli,bernoulli|conj|p=0.3|zero=allow_iid|rng=MT19937-RandomState,0.3,allow_iid,0.0008294209837913513,7.943343371152878e-05,0.0012007588520646095,0.0010644877329468727,0.00741240382194519,0.010592969134449959,0.0031741010025143623,26,690,1,6,SAT_unsat_identifiable,1,boolean_factorization,exclude_x,exclude_x,0,1324,4808,0,1,1,0,1,0,0,1,1,1,0,0,0.007199566811323166
4,50,10,100,2416016651,14,conj,glucose42,MT19937-RandomState,5.289074033498764e-05,00001100000010100000001000011000000000100000100100010000000100000010010000000001110100000000100000010111000001001010000100000000000110100100110001001000000100111011101100010100000010000011111011010100001010000100000000001010010000001110010000000000000100010000011001000000110100100001001000001101101100000010001000000000000100110100001001000000010000100000001001000000100001100000000100110000110100010111000000000010001010000000000010011101001100110110110000000100110101110000101010001010000100100110,b1b1c659b8d01e322b186799d071efbe254ccd33c1ef86f3f5c9e611f709e47a,bernoulli,bernoulli|conj|p=0.3|zero=allow_iid|rng=MT19937-RandomState,0.3,allow_iid,0.0008882107213139534,8.378084748983383e-05,0.0013298830017447472,0.0010889582335948944,0.007363638840615749,0.010761755518615246,0.003390832804143429,29,819,1,6,SAT_unsat_identifiable,1,boolean_factorization,exclude_x,exclude_x,0,1401,5295,0,1,1,0,1,0,0,1,1,1,0,0,0.007882305420935154
4,50,10,100,2416016651,15,conj,glucose42,MT19937-RandomState,5.5705197155475616e-05,00000000101011000000011001101000010001001001010100010011000100000000101111000100000010101000101000001001100010010000000101100000000001000010000100011001100100110110000101000000010100000101100000001000100001001000100010001011001000001001101001000000000000001000110000000111100000110001001100011011000110100000100101001100000000001001000100000010011100000000010001001010001011000010110100000000101001000101001110000100000010000001100000000011111000001000000000001010110000010000100010000111100010000111,d69a3c0cfc4e723cf22b31f685bb663b171e952cec26c78841e5a2686c664d5b,bernoulli,bernoulli|conj|p=0.3|zero=allow_iid|rng=MT19937-RandomState,0.3,allow_iid,0.0009302226826548576,8.540693670511246e-05,0.0013003088533878326,0.0010745087638497353,0.009831341914832592,0.01322958804666996,0.003390447236597538,28,707,1,6,SAT_unsat_identifiable,1,boolean_factorization,exclude_x,exclude_x,0,1372,5129,0,1,1,0,1,0,0,1,1,1,0,0,0.007474502548575401
4,50,10,100,2416016651,16,conj,glucose42,MT19937-RandomState,4.945974797010422e-05,01100000100000001110101011011010000110000011101001000000000100000000101010001001010000000000000110110000010110100011010001000010110010000000001001000001101000000010000000000100001100000000010001000000100001100010101000010000100001000000000110011011010000011000010000000000000000010010010001100001000000010000010101010101001001010010000000010100010000000011011110010001010100000100110010100001001000000100000011101000000101000000000100100000011000100001000000111100110001000011001101100000000000010000,3cf370540949980d76d2aee1e3726ad805015ae1b75c0d56a2ef980bf8a8de5c,bernoulli,bernoulli|conj|p=0.3|zero=allow_iid|rng=MT19937-RandomState,0.3,allow_iid,0.0007377993315458298,7.395725697278976e-05,0.00110576581209898,0.0010913191363215446,0.016140460036695004,0.01915658451616764,0.003008841536939144,23,711,1,6,SAT_unsat_identifiable,1,boolean_factorization,exclude_x,exclude_x,0,1147,4211,0,1,1,0,0,0,0,1,1,1,0,0,0.006973485462367535
4,50,10,100,2416016651,17,conj,glucose42,MT19937-RandomState,5.6723132729530334e-05,00000000100100010000001001000110001100000011011001100000110011000000001010001011100100000000001110110010001000110000011000010100101001000011010000101100011000100000000000000000000000001000000011010000101101000000000000000000000010010000010010010000011011010100110000001000011101011101100101010100010100000000011000100110010100001110001000100001101110000110000010000010110000101000001010100011010000101110000000000100100001000000001010000001000010010100000000000010010001000010001011111000000011111110,f3a3dcec2194504ab96bfd56a1c9fdff1c083083c9ec7095e3ba1ec27dd3d2a1,bernoulli,bernoulli|conj|p=0.3|zero=allow_iid|rng=MT19937-RandomState,0.3,allow_iid,0.0009218119084835052,9.09026712179184e-05,0.001365884207189083,0.0010633505880832672,0.0074692703783512115,0.010917823761701584,0.003441949374973774,30,717,1,6,SAT_unsat_identifiable,1,boolean_factorization,exclude_x,exclude_x,0,1540,5582,0,1,1,0,1,0,0,1,1,1,0,0,0.007583120837807655
4,50,10,100,2416016651,18,conj,glucose42,MT19937-RandomState,5.548354238271713e-05,01000110000000001000100010000101000000100110010010000100011101010001110110001100000010101100000111000010100110000101011001011101000010110110000010000100100001000000010001101000011000000010000100001000000001000001000011101011100000000000000101110111011001000000000011000000001100000001100000010011000100010010100010000001000010000000010100100110001011000101001001010000001100101010000000110001010101111101010000000000100010010011100001100110000000010000010100011000001001000100000100011110100000000101,f61093c195aa87f8698d4aaea6fccbca1b79a4b0518b9b2275280c578822db24,bernoulli,bernoulli|conj|p=0.3|zero=allow_iid|rng=MT19937-RandomState,0.3,allow_iid,0.0008354559540748596,9.821541607379913e-05,0.0012538284063339233,0.001063615083694458,0.006770608015358448,0.010028744116425514,0.00325111486017704,26,709,1,6,SAT_unsat_identifiable,1,boolean_factorization,exclude_x,exclude_x,0,1294,4775,0,1,1,0,0,0,0,1,1,1,0,0,0.0072255972772836685
4,50,10,100,2416016651,19,conj,glucose42,MT19937-RandomState,5.924329161643982e-05,01001001000000010000001001000100110111110101010010110000010000101100000000101000010110100010010010000001010100000000000100001001000000000000001000001001000010110000001100001011100000000010000010100000000001110100001000010000101000000000000100000101000001000101101000000000001000010000010010000001100110001000001000001110000001001011100011010101001111000011000000100001010000010101000110001001010001101001011001011000010001011110010001010100100010000001111001011000010010101011100011010100001110000000,7fa67e0eb40ca9ddeef16fe3a1a1ee0d1cff9a1abf67576a5242ef1bf267adae,bernoulli,bernoulli|conj|p=0.3|zero=allow_iid|rng=MT19937-RandomState,0.3,allow_iid,0.0008881175890564919,9.238254278898239e-05,0.0014843372628092766,0.0011275559663772583,0.00852595642209053,0.01212627999484539,0.003592393361032009,31,689,1,6,SAT_unsat_identifiable,1,boolean_factorization,exclude_x,exclude_x,0,1509,5682,0,1,1,0,1,0,0,1,1,1,0,0,0.007665799930691719
4,50,10,100,2416016651,20,conj,glucose42,MT19937-RandomState,8.028466254472733e-05,00001100011000000100010100100101011010000110111001001000010010110000010000000010000000010011100001100010001010001001010100011100000001110010000000110000110010010110000000101100010010011000110001010001010001010010001000010001001000100010001011010100110000110101010000000111000011110000000010000000001001000000000100110000100101000101001001001010001010011000010100000001010100100100100000100000100000100010100000101111000000011100001001111000000010110000000001011010000000000100001000000000000000001000,f03eb2adc4355d40852b1607f7c60e9552ec03c56dea72ebcdfd9c7c5bebb34a,bernoulli,bernoulli|conj|p=0.3|zero=allow_iid|rng=MT19937-RandomState,0.3,allow_iid,0.0009229611605405807,8.57524573802948e-05,0.0013551628217101097,0.0010569151490926743,0.0077514322474598885,0.011179749853909016,0.0034207915887236595,30,721,1,6,SAT_unsat_identifiable,1,boolean_factorization,exclude_x,exclude_x,0,1440,5472,0,1,1,0,1,0,0,1,1,1,0,0,0.007735501043498516
4,50,10,100,2416016651,21,conj,glucose42,MT19937-RandomState,5.6462362408638e-05,11011000010001010001010001010001100100101100110000010000000000010000000000100001010010111011001100100010101001000000000000100010010100010100000000101000000100110100010100001000100000011011111101000010100011000000001111100000001101101000010100100110110000110100110000001110101000000110000000110110100001001000100011000000010111010001000000001001000010000000000100001100010100110110000001100100110011100100000100011000000001000100000000000000101100000000100011000000010010100101010011010010100001111010,757f6d3103300bc9bffce33fd3ee253075a16f4e1175455087ffb62305877193,bernoulli,bernoulli|conj|p=0.3|zero=allow_iid|rng=MT19937-RandomState,0.3,allow_iid,0.0008520474657416344,8.07764008641243e-05,0.0012857960537075996,0.0010839160531759262,0.009473714046180248,0.012784384191036224,0.0033025359734892845,28,642,1,6,SAT_unsat_identifiable,1,boolean_factorization,exclude_x,exclude_x,0,1422,5184,0,1,1,0,1,0,0,1,1,1,0,0,0.007266862317919731
4,50,10,100,2416016651,22,conj,glucose42,MT19937-RandomState,5.0494447350502014e-05,00100010000000100011001101100010010000100110110100010001100000110101000011000010000110101000001010110100000001001000011000000100010000000101100010000010001010100100011011000010000000000011100001001111100010000100001010100100111010110000100000000010000101000011000000010001001000110000100010000000100000111010101001010000101100000000011000000000000011000101010011011000100001100000100000001010011011100100000000000100010010010011000100000101000100000000000001000110000101011000011010000000011000000000,efd9cdc23afd194646de9895844b91f11608efb58274a4ab8f21d4b52501c7ab,bernoulli,bernoulli|conj|p=0.3|zero=allow_iid|rng=MT19937-RandomState,0.3,allow_iid,0.000904446467757225,8.018594235181808e-05,0.0011903289705514908,0.0010829251259565353,0.010461562313139439,0.013726876117289066,0.0032578865066170692,25,799,1,6,SAT_unsat_identifiable,1,boolean_factorization,exclude_x,exclude_x,0,1175,4510,0,1,1,0,0,0,0,1,1,1,0,0,0.007311034016311169
4,50,10,100,2416016651,23,conj,glucose42,MT19937-RandomState,5.4202042520046234e-05,00000010111000001011100000100110110001000000001111000110100100000001000000100100000101110000010001000001010110001010000010010110001111100001000000100000000000010100010011000111101000001010100000110000000000010001101001000001000100011001001000010100001000010001000010010011100100110010010000010000100011000100100001010001000010010000000100101100000010001110111000010001110001010000000010001010011000000010100000010100001001100111100000001110011101000000100010001011001011000001100001111001011000000110,b62993b61618134cc1060936609d04a9e6b6e4ad4ccd5e5caa07972552df2c9f,bernoulli,bernoulli|conj|p=0.3|zero=allow_iid|rng=MT19937-RandomState,0.3,allow_iid,0.0009142076596617699,9.220186620950699e-05,0.0014470797032117844,0.0010657506063580513,0.008822724223136902,0.012348389253020287,0.0035192398354411125,32,720,1,6,SAT_unsat_identifiable,1,boolean_factorization,exclude_x,exclude_x,0,1638,5958,0,1,1,0,0,0,0,1,1,1,0,0,0.007953467778861523
4,50,10,100,2416016651,24,conj,glucose42,MT19937-RandomState,5.556643009185791e-05,01110011000000100000100100100111100101000000100100011111000000000010010101000100101010001001000001000010100000110011010111000001010101001000100000110001100010100010000010111000001010110001000000100000100000001000111100101000001101101000000001001000110110000001001000110010010001001111100000001000010110100010000000000000100001000011001000011010010101100000010110110110010000101000110001011001010010000100010011000100000000000011011000000000001010001000101000010000111001001001010011000010100011010000,7faa603501dfb480865bf8e1dc174d252e498cdd62f4f88499febad5df8f8fc0,bernoulli,bernoulli|conj|p=0.3|zero=allow_iid|rng=MT19937-RandomState,0.3,allow_iid,0.001025468111038208,0.00010048132389783859,0.0014988435432314873,0.0010530101135373116,0.017014900222420692,0.020699700340628624,0.0036778030917048454,33,696,1,6,SAT_unsat_identifiable,1,boolean_factorization,exclude_x,exclude_x,0,1677,6135,0,1,1,0,1,0,0,1,1,1,0,0,0.00794411264359951
4,50,10,100,2416016651,25,conj,glucose42,MT19937-RandomState,5.545094609260559e-05,10000000000010001001110101100000011001100101000110101110010001000010001000010100000000100100000111000000100011000111000000001100101001000110101000010000100001110100010001000000001110101001001100011000001100000000010101000000001001100000001000000010000000110010110110100100000001000011000001010000000011100001100101000101001000100000000001001010100000000011000000100100000110000100000001010101000001110010100000100110000110100000000001000001000011000010000000100010000101100000000110001000000000111100,f2be827248f9b1b763225d0363dc8a7de9bedd3e3da24e053aaa0265181934f9,bernoulli,bernoulli|conj|p=0.3|zero=allow_iid|rng=MT19937-RandomState,0.3,allow_iid,0.0009530344977974892,9.565148502588272e-05,0.001458771526813507,0.0010780403390526772,0.008858748711645603,0.012450892478227615,0.003585497848689556,31,826,1,6,SAT_unsat_identifiable,1,boolean_factorization,exclude_x,exclude_x,0,1479,5649,0,1,1,0,0,0,0,1,1,1,0,0,0.008112476207315922
4,50,10,100,2416016651,26,conj,glucose42,MT19937-RandomState,5.591847002506256e-05,00001100000001101000000000001001001110001010000000010101000010011101100100110100100001010100010100001101001010000001000010010101000001100100000010010001001000000000110000001000100000000110001011101000001010001000100000011100010010100010100001100010011000010011011100001000000100110001011001001001101011011010000010000000110010010100100000000111000101001000000001000100100101111000000000000010001000100001000100000000010100000000000000011000000101100000100001000100011000000001000001100101000001100101,5ac47d235fe3e8f6746d6a36d18fe6db501cfcddb96fb2c0eff1043004bffff3,bernoulli,bernoulli|conj|p=0.3|zero=allow_iid|rng=MT19937-RandomState,0.3,allow_iid,0.0009090295061469078,9.401887655258179e-05,0.0015277964994311333,0.001066543161869049,0.009221607819199562,0.012826683931052685,0.003597388043999672,33,708,1,6,SAT_unsat_identifiable,1,boolean_factorization,exclude_x,exclude_x,0,1687,6146,0,1,1,0,1,0,0,1,1,1,0,0,0.008003531023859978
4,50,10,100,2416016651,27,conj,glucose42,MT19937-RandomState,5.282275378704071e-05,01100001000111101000100100110000100001110101000010010100110110101100100101100000110001001000100100001010000001000100001100100000101100000110010110000000000000010000110000001000000110001110010010001000000100000111110010100110000010000100001110000001000000010000100100000001000110000000010010000100100111110101000000100100100000010010110101000110000001100010000000000010010000010000010100000000010000011000000010011001001110010010101111000000000111100101010010001001000000000100100011000011010000001110,746db86bee865953e18f24c24c3259b8dc28a2c8592f514d1ea83dcab00a3455,bernoulli,bernoulli|conj|p=0.3|zero=allow_iid|rng=MT19937-RandomState,0.3,allow_iid,0.0009486619383096695,9.029172360897064e-05,0.0014412691816687584,0.0010986505076289177,0.01769138779491186,0.021277137100696564,0.0035788733512163162,32,770,1,6,SAT_unsat_identifiable,1,boolean_factorization,exclude_x,exclude_x,0,1558,5870,0,1,1,0,0,0,0,1,1,1,0,0,0.008145241998136044
4,50,10,100,2416016651,28,conj,glucose42,MT19937-RandomState,5.452148616313934e-05,00000100111000100010001000001100100000000000000101011100000111000010001000000110100100000001111000001001110011000000000101100100000000100010011011100010000000100100010010010000000000010000001000001000010110100000110000101101000000000010000011001100011000010111100010010110000000011110011111010011000000011101010010000111100000000100100101000000001000010100010010000001100000100101100000001110011010000111010100011000010001110010100000011000001000101010000000101011000000000000110000110110000101111100,0ea37b33501c4040954e6c9418782df16f13e1cb242fb0cca7bbc8b1e89efd19,bernoulli,bernoulli|conj|p=0.3|zero=allow_iid|rng=MT19937-RandomState,0.3,allow_iid,0.0010123448446393013,8.356291800737381e-05,0.0012054052203893661,0.001109166070818901,0.011507777497172356,0.014925749972462654,0.0034104790538549423,26,850,1,6,SAT_unsat_identifiable,1,boolean_factorization,exclude_x,exclude_x,0,1194,4665,0,1,1,0,0,0,0,1,1,1,0,0,0.007640776224434376
4,50,10,100,2416016651,29,conj,glucose42,MT19937-RandomState,6.414949893951416e-05,00010100011000000100100110111000010101001000011100000001010001000100100000010010010001000001001010000000010100011001000010001010010001100010000000110000111000111001000000010100100101000110010011010100100000001000000000000010101000010011001000000000000100100000000000011000010000001000001100101100001111000100100110010000000101001001100000001001000000000101100001101000001101000000011010001010000001001100000110010011000100011000110000101000100100101000011001000000000101000010100001100000000100000000,c0f403027e1c3236972e6cbd1ceb5fef82e8b25143d981b4edaa8cfbf303fb50,bernoulli,bernoulli|conj|p=0.3|zero=allow_iid|rng=MT19937-RandomState,0.3,allow_iid,0.000843382440507412,8.769426494836807e-05,0.0013446537777781487,0.001085769385099411,0.008141645230352879,0.011510766111314297,0.0033614998683333397,29,665,1,6,SAT_unsat_identifiable,1,boolean_factorization,exclude_x,exclude_x,0,1481,5383,0,1,1,0,1,0,0,1,1,1,0,0,0.0073776934295892715
4,50,10,100,2416016651,30,conj,glucose42,MT19937-RandomState,9.194668382406235e-05,00101100011000100000110100000101000110011000101000110000101010001010010001001000001001000101000010001011000101000010000101011010000100000001001101010000000100110001001000101000101101001000100110010100011011001001001000010000010010010000110001100000001000111000000110111010110101010101100000110011000011000001101101100010000110101100000000100000000110000100101000001011000001110001101001000001001000000011010001000001111000000011010010001000000100001001001000100011000111000001100000011110000001000000,e39acfa941d200be7239b709a3610109a33a6c91d52fdd745292b09e4f80f920,bernoulli,bernoulli|conj|p=0.3|zero=allow_iid|rng=MT19937-RandomState,0.3,allow_iid,0.0009390702471137047,0.00010463595390319824,0.0014169029891490936,0.0010917671024799347,0.009786258451640606,0.013346811756491661,0.0035523762926459312,31,682,1,6,SAT_unsat_identifiable,1,boolean_factorization,exclude_x,exclude_x,0,1609,5792,0,1,1,0,0,0,0,1,1,1,0,0,0.007702149450778961
4,50,10,100,2416016651,31,conj,glucose42,MT19937-RandomState,5.397479981184006e-05,01111000101000000001000001010000000001000001001100000000100111111001000100010010110111001010011000101011110001001100000000011001100000001001010110110100001000100000101000000100001010010000000000011010000000101011011010010100100000000010000110000001111100000000001011000000010000000110100110000000001001000110010010000000110110111000010011100010101000011010000010001110010001000110001000011110000000100000011110001010111001010011000001110000100000100000100100000001000001100001100001000110000000001000,51692e8f44594395ae7a5faf754cdb358f1ffc779a7735e6cd2ee356aa31bfc7,bernoulli,bernoulli|conj|p=0.3|zero=allow_iid|rng=MT19937-RandomState,0.3,allow_iid,0.0009891940280795097,8.596200495958328e-05,0.0012091388925909996,0.0010577794164419174,0.0069324178621172905,0.010280769318342209,0.00334207434207201,26,872,1,6,SAT_unsat_identifiable,1,boolean_factorization,exclude_x,exclude_x,0,1164,4632,0,1,1,0,0,0,0,1,1,1,0,0,0.007671934552490711
4,50,10,100,2416016651,32,conj,glucose42,MT19937-RandomState,5.099549889564514e-05,00001000000000111000010000010000011001010010010110100000000000100100000000000000101010000100010000100101010000000010000110001010000100001000010100100000110010110000100100100011000010000100000010011101000110000000110000000100000101000000110000001000000000110001010001101001100010101000010100100000000000100100000001100011101100100011000101110010101010000111000100010011000000110000100000001011000010110000000000001011000011111100100000111001100001000100100100000101001001000100000110100000000001101000,6c3ee692fad75aa2e04c49250caaef10ae839c0b45ce2513c56209326971d2e7,bernoulli,bernoulli|conj|p=0.3|zero=allow_iid|rng=MT19937-RandomState,0.3,allow_iid,0.0008858600631356239,8.393824100494385e-05,0.0015055621042847633,0.0010733893141150475,0.011427237652242184,0.014982583932578564,0.0035487497225403786,33,705,1,6,SAT_unsat_identifiable,1,boolean_factorization,exclude_x,exclude_x,0,1647,6102,0,1,1,0,1,0,0,1,1,1,0,0,0.008019043132662773
4,50,10,100,2416016651,33,conj,glucose42,MT19937-RandomState,4.9306079745292664e-05,00000010000000000001000001100000100100101000011010010000010000110010000000100011000001000001000001100110000000001010000000010101110010001010010001000001011010000110000000010000100000010101101000000000000100010111101110110011100010000000000000101101001110000000000000000000000010110100011011000010100101000001100001000000000001010000101010011010000001101110000110100000010000010000000000100010100101001111011000000100101110010001101000101000000000010000001001000010000000100000010000100000110000011101,9496a7136c02250540a443bb846a49442cc01872c84ebb930334804044c36d5f,bernoulli,bernoulli|conj|p=0.3|zero=allow_iid|rng=MT19937-RandomState,0.3,allow_iid,0.0008572330698370934,9.109172970056534e-05,0.0012436667457222939,0.0010844850912690163,0.006806585006415844,0.010091369040310383,0.003276476636528969,26,862,1,6,SAT_unsat_identifiable,1,boolean_factorization,exclude_x,exclude_x,0,1224,4698,0,1,1,0,1,0,0,1,1,1,0,0,0.007671831175684929
4,50,10,100,2416016651,34,conj,glucose42,MT19937-RandomState,5.706865340471268e-05,00010000000010011010000100000010100010000101010000000101001000000000000100000001001000100011000100110101000001110000000000011100000000011000000011001000100000010010101001100000010010101000010000010001100000000100010110110101100000010011110000000000000100011010010000100000100100010110010000000011000010101001001010000000000000010010100100100011000000111000011000010000000001011010000100000000001110000001001000011001010110101010100101101100000100000000100010000000000100101100100111000001111001000100,ea98c6181defe15e3413fa26fe66434f20cab8660bd91636b88cb9271c455519,bernoulli,bernoulli|conj|p=0.3|zero=allow_iid|rng=MT19937-RandomState,0.3,allow_iid,0.0007995236665010452,8.860789239406586e-05,0.0013961130753159523,0.0011255508288741112,0.008870352059602737,0.012288542464375496,0.0034097954630851746,30,633,1,6,SAT_unsat_identifiable,1,boolean_factorization,exclude_x,exclude_x,0,1540,5582,0,1,1,0,1,0,0,1,1,1,0,0,0.007567428983747959
4,50,10,100,2416016651,35,conj,glucose42,MT19937-RandomState,5.263183265924454e-05,10100101000010000010101000110011010000100000000000000001000001111001000001000000100010001001100000110000001000011010000000100101100000000100010001000010111000000100100000100000000000001000010100100001000111000100010101010100001110000000001000010001001000010111000000101100000011001010000001000000101011000011000111001001010001000100001000000010011000010001101000101000101011000000001010100010000001110100000010001010010000000010010000111000000000101100000010110100110010001000010011100101110010011001,eacf90f21b6236ff622690ee7f2b579d5111f578d779e296d04ee99b68458fef,bernoulli,bernoulli|conj|p=0.3|zero=allow_iid|rng=MT19937-RandomState,0.3,allow_iid,0.0008691661059856415,9.795092046260834e-05,0.0012036627158522606,0.0011004209518432617,0.0069451844319701195,0.010223137214779854,0.003271200694143772,25,900,1,6,SAT_unsat_identifiable,1,boolean_factorization,exclude_x,exclude_x,0,1175,4510,0,1,1,0,1,0,0,1,1,1,0,0,0.007755286060273647
4,50,10,100,2416016651,36,conj,glucose42,MT19937-RandomState,5.716085433959961e-05,00000000001110010110100001110010100000001010001010010110000010001110000100111000011001000100000100001001001100010010001000001010000011100001011001011000011100000100011000001000011001001001010110000000010000000000011001010010011100000000100000010010110100110001010000000000010000100100001100000000010010000000000100000001000000001110000000111000000000000111000001001000000100010001010001010000010000011000000000110000000010000010111010100000001000111110000110000000010001000000101000000000100100011000,c3b597641025ad6f73eca683c9190738fc23be88dbab7fc0030de4c29aefe140,bernoulli,bernoulli|conj|p=0.3|zero=allow_iid|rng=MT19937-RandomState,0.3,allow_iid,0.0008340068161487579,8.14264640212059e-05,0.0010940292850136757,0.0010677846148610115,0.007522827014327049,0.010607022792100906,0.003077247180044651,23,823,1,6,SAT_unsat_identifiable,1,boolean_factorization,exclude_x,exclude_x,0,1057,4112,0,1,1,0,1,0,0,1,1,1,0,0,0.00722301471978426
4,50,10,100,2416016651,37,conj,glucose42,MT19937-RandomState,5.2605755627155304e-05,10001100010000000000000000001100001110010010100000010100100110010000100000101101000000001010000000101000101000110001001000000100000000110100100100000100100100011101000000010000000000100001010000100001110001000101000111000100000000010000100100000000000111110000100101000010001000011000001010010000001000000110000010000110011000000011101111011000010000000010001001101000110010010010001001001000000000001011000110010000100111010001100000000000000001100010100000100000001000110000100000001100000000000000,814c476c59b8e272464aebab7a29014c899bfb7edcb36483598fa19687d8cc9a,bernoulli,bernoulli|conj|p=0.3|zero=allow_iid|rng=MT19937-RandomState,0.3,allow_iid,0.0008657574653625488,9.460374712944031e-05,0.0014542695134878159,0.0011187568306922913,0.008656426332890987,0.012197110801935196,0.0035333875566720963,32,609,1,6,SAT_unsat_identifiable,1,boolean_factorization,exclude_x,exclude_x,0,1588,5903,0,1,1,0,1,0,0,1,1,1,0,0,0.007586031220853329
4,50,10,100,2416016651,38,conj,glucose42,MT19937-RandomState,5.245022475719452e-05,01001101000000000011001100000100010000010000000010100000000100100000010011010110000010010101011001100001011000010000001000001000000010010010001100000001001110110011000010100000100101010010000110001000110010110011011000001100010010010000100100011010001001111000100011000101100001000000000110100110010010001110011000001000000010000010000000011000100110101000000000000101110000000000001101100000000010010000101010000101011100110000001000110010100000000000000100000110000011010100010000110010010100001000,e5c91a5d0019b7fdd4893b3542091451dc939ae5d00757550169a74deacbf72c,bernoulli,bernoulli|conj|p=0.3|zero=allow_iid|rng=MT19937-RandomState,0.3,allow_iid,0.0009003262966871262,7.713586091995239e-05,0.0012862291187047958,0.0010728966444730759,0.008404838852584362,0.011748725548386574,0.0033365879207849503,28,790,1,6,SAT_unsat_identifiable,1,boolean_factorization,exclude_x,exclude_x,0,1332,5085,0,1,1,0,1,0,0,1,1,1,0,0,0.007770515978336334
4,50,10,100,2416016651,39,conj,glucose42,MT19937-RandomState,5.979929119348526e-05,11011010100101010000000100011000011000010000101000101000000001000101000100001100011111010001101110000001000100010000100101110100100001000011000100010000010101001000000000011100101000000000110100101001000011010000000000010000000011000000111011100000000000000000010011000000101110001110000100001010000010111000000000010110000101100000110011010010001000000001010100101010011100010000001010000000011001100000010100100001101000011000001000001011000001000000011001010000110111100000000010000000000100101000,dc6a35e0d6a1c9619e1a266595b4ca8f4d312ed54bdab2ba8c6a7a7950f99dbc,bernoulli,bernoulli|conj|p=0.3|zero=allow_iid|rng=MT19937-RandomState,0.3,allow_iid,0.0008593732491135597,8.840207010507584e-05,0.0014083301648497581,0.0010981671512126923,0.010897061787545681,0.014358914457261562,0.003454272635281086,31,684,1,6,SAT_unsat_identifiable,1,boolean_factorization,exclude_x,exclude_x,0,1579,5759,0,1,1,0,1,0,0,1,1,1,0,0,0.0076758479699492455
4,50,10,100,2416016651,40,conj,glucose42,MT19937-RandomState,8.553266525268555e-05,10110010000001101111011100000100000010010110001000000101001000000000001001110100001000000001100011100000000000001000110000000010010000100001000011010000001100000101100011000001010110010110011000010000001101101011100010000001000000000101100001101110100000011000001000100010001100000000101001010010110101000001111000001000000100110000001000100000001010010000000001001000000000110100010011101010000011000000000000000101000101101010000000100100010001000001000000110011001001101001000001000001010001000000,210a57474926c39f6a8f424dcb0155b4e18bf477d255b8b41d27d047514f2ea2,bernoulli,bernoulli|conj|p=0.3|zero=allow_iid|rng=MT19937-RandomState,0.3,allow_iid,0.0008745491504669189,8.29305499792099e-05,0.0011139269918203354,0.001048048958182335,0.015610030852258205,0.01873690541833639,0.003119455650448799,24,763,1,6,SAT_unsat_identifiable,1,boolean_factorization,exclude_x,exclude_x,0,1106,4300,0,1,1,0,1,0,0,1,1,1,0,0,0.007019214332103729
4,50,10,100,2416016651,41,conj,glucose42,MT19937-RandomState,4.6108849346637726e-05,01000000010001001000000001110011010110001000000000000100001010001111100010010100110000010001000010001100110000111001000011100000000100000010010000000000001000000010010000000100011110000001001011000001000111000111000010000100000010000000100111110001000010010010001100000000100000010101000000010011010101001000001101001100100000000001110000010100000001100010000000000000000000000100000000001000001010100000011010110001011101011000011001010000000111000000001110010010001110000000110000000101101000000000,7d767cf7aac83ed49df401918cb2ac58e140ebc6e4aae20330abf362bc2d15bc,bernoulli,bernoulli|conj|p=0.3|zero=allow_iid|rng=MT19937-RandomState,0.3,allow_iid,0.0009766044095158577,8.005276322364807e-05,0.0012986864894628525,0.0011104969307780266,0.008417526260018349,0.011892841197550297,0.003465840592980385,28,861,1,6,SAT_unsat_identifiable,1,boolean_factorization,exclude_x,exclude_x,0,1342,5096,0,1,1,0,1,0,0,1,1,1,0,0,0.007800190709531307
4,50,10,100,2416016651,42,conj,glucose42,MT19937-RandomState,5.067698657512665e-05,00100011001000000000000001000110011000110000001010110101100000110100011000010001000011100000001001101010110011001101101110000000000100010000101100000010000111101000100001011001000010010000001010010001000000100000000000011000010001000000100010001000110011001000000000000010100111001000000000000000000010010000001100010110001100100000100101000000000000000100000000100010010101101100000100010010011010100100101000001100010000101001001000100001010101011100010010100101001100000001010001100000000010000101,9c177b9d1301e2ecd9ecb77218120c7bb81e999bdbe8ffc4849410eb6262e0d7,bernoulli,bernoulli|conj|p=0.3|zero=allow_iid|rng=MT19937-RandomState,0.3,allow_iid,0.0008341707289218903,8.408352732658386e-05,0.0013313787057995796,0.0011152168735861778,0.007719826884567738,0.011092049069702625,0.0033648498356342316,29,641,1,6,SAT_unsat_identifiable,1,boolean_factorization,exclude_x,exclude_x,0,1491,5394,0,1,1,0,1,0,0,1,1,1,0,0,0.007314207032322884
4,50,10,100,2416016651,43,conj,glucose42,MT19937-RandomState,6.010383367538452e-05,00010100110000100000010100100000010101000000000001000100010001000000010100001110000010011011000000000001000000001010000000100001101100010000001000001001000100111000110110000101010000010110101001001010000001011000001100011010010000000000001000000110100011011001001000000000110100010101000111000010001000001000000100000001010001101100010110000110000000101010110001100100101001101101100001000000000010000001010010100000001001010000001101000000100101000000100100011110000001000110101100001000011110101010,a65b226591c89533ff4e78b2b80e3a737d18058a4687399a7abc95b392189220,bernoulli,bernoulli|conj|p=0.3|zero=allow_iid|rng=MT19937-RandomState,0.3,allow_iid,0.0009292159229516983,8.458830416202545e-05,0.0012794258072972298,0.0011086203157901764,0.006963682360947132,0.010373087599873543,0.00340185035020113,27,797,1,6,SAT_unsat_identifiable,1,boolean_factorization,exclude_x,exclude_x,0,1313,4930,0,1,1,0,0,0,0,1,1,1,0,0,0.00755913183093071
4,50,10,100,2416016651,44,conj,glucose42,MT19937-RandomState,5.118921399116516e-05,00001000100111010001010101011010000000000010000000000000001110010000000011001000111011000011000001101000010000010001000000001000011001001101010000000100100100010010001110100010000000000001000001011001100000100000100010000000001011000010100000010000010010001000001101000000001000011000011000000000000000100000010000010000101001100000010101100011010111100011001011000011010110000010000011000000000000101010110101000000011000000011000000100000010001110010100000000010000110100010000000000000111100101100,36242ccb657c31033e2e21998007471ef7e1807bec9d2263a848b3881b0a5a79,bernoulli,bernoulli|conj|p=0.3|zero=allow_iid|rng=MT19937-RandomState,0.3,allow_iid,0.000878429040312767,7.874425500631332e-05,0.0011558625847101212,0.001055884175002575,0.0075372615829110146,0.01071462407708168,0.0031689200550317764,25,862,1,6,SAT_unsat_identifiable,1,boolean_factorization,exclude_x,exclude_x,0,1145,4477,0,1,1,0,1,0,0,1,1,1,0,0,0.007485637441277504
4,50,10,100,2416016651,45,conj,glucose42,MT19937-RandomState,5.36404550075531e-05,00000001010000000000100010110011000000110000100000000010001011100100011100100001011010000011001110000000100010000110011010001001000000111000111011000011010110011000100100001100101000001001000010100011100000110010000101000000001101010000000001110101100001001100010011001000101001000001000000011001100010001100000010101110000101010000101010001100001001000000000000011001000001001000010000000000000000000010001000100000001111010010000001110001110100000010110000111000000100110010110000000011011001000010,1d036c2c3c250f194a0310d5e3fc77562712f4106731f0cca133cab8f0e264fa,bernoulli,bernoulli|conj|p=0.3|zero=allow_iid|rng=MT19937-RandomState,0.3,allow_iid,0.0008934978395700455,9.948108345270157e-05,0.0014423877000808716,0.0010993489995598793,0.010615793988108635,0.01415729708969593,0.003534715622663498,32,583,1,6,SAT_unsat_identifiable,1,boolean_factorization,exclude_x,exclude_x,0,1718,6046,0,1,1,0,1,0,0,1,1,1,0,0,0.007491355761885643
4,50,10,100,2416016651,46,conj,glucose42,MT19937-RandomState,6.333552300930023e-05,01100100000100000000100110000000010100000001110000100001000000100110111001010000010000000000001111011000000001001100001001010010010001000001000010110001000001011100100000100110001000110110010001101001000010000000001001110010010000000110000111101000100000100010000011000010001110000000000001100001000010000101000000010000000011000101001101000110100000000100100100001001010000110101000010001000001001000010001010001000101101000000001010010001001101001000001001001001111010001010100000110010000001010010,58ab16b69fd36f2a70083b6f788ed21635cd86766f5db18de251467dd7f82343,bernoulli,bernoulli|conj|p=0.3|zero=allow_iid|rng=MT19937-RandomState,0.3,allow_iid,0.000784117728471756,7.389858365058899e-05,0.0011213375255465508,0.0010646004229784012,0.00675373338162899,0.009805138222873211,0.003043954260647297,24,611,1,6,SAT_unsat_identifiable,1,boolean_factorization,exclude_x,exclude_x,0,1136,4333,0,1,1,0,0,0,0,1,1,1,0,0,0.006729039363563061
4,50,10,100,2416016651,47,conj,glucose42,MT19937-RandomState,5.344953387975693e-05,00000000100100001001101100001100100110010011100110000000100101110100000001100100100110100110101001100100001100011110001000001001000001101000001001110101010001011000001110100110000000111100100000010011100011000000000000000001000100000000110000100000010010011000000000000000001001010001010001010001001100100000000000000010010110000110000011001101100101000001000000001000001100110110001000000100010000110100000100101100101000000011001000011100001001011000011000001100111000111011101101110000011100011001,96be50f21f693482231f485729f037117f50b19f47d7abed77ce2fda3384fe4c,bernoulli,bernoulli|conj|p=0.3|zero=allow_iid|rng=MT19937-RandomState,0.3,allow_iid,0.000998486764729023,9.952858090400696e-05,0.0015081604942679405,0.001069433055818081,0.010545467957854271,0.014228695072233677,0.0036756088957190514,33,665,1,6,SAT_unsat_identifiable,1,boolean_factorization,exclude_x,exclude_x,0,1747,6212,0,1,1,0,1,0,0,1,1,1,0,0,0.00802977941930294
4,50,10,100,2416016651,48,conj,glucose42,MT19937-RandomState,5.4255127906799316e-05,10011000110010010101001000001010011101010001000000001000001011001000100000101000110010110000000000001100000000100100100000000111011010000000011000000000000011011110110100100100000010100001000010000000001010000010000000001010100000110010000000000000000001011000000000000001010010001011010001011101001000000001101001010000100010011000001011000101010001000001110101001000111000001100000011010100001100100000011100100001101100000100000110010000100001001101011010001000100001100001010000000000001110010000,e9c74c721f41663332d2bf9bc116e61a6c5b1aa937250c9021ef69e2009c5de5,bernoulli,bernoulli|conj|p=0.3|zero=allow_iid|rng=MT19937-RandomState,0.3,allow_iid,0.0009435871616005898,8.545722812414169e-05,0.0014666859060525894,0.0011214995756745338,0.011082069016993046,0.014707567170262337,0.0036172298714518547,32,648,1,6,SAT_unsat_identifiable,1,boolean_factorization,exclude_x,exclude_x,0,1658,5980,0,1,1,0,1,0,0,1,1,1,0,0,0.007760681211948395
4,50,10,100,2416016651,49,conj,glucose42,MT19937-RandomState,5.5485405027866364e-05,11000010000000001000001000010000010000001101110001001000110010000010010101001010000001001101000000000000101000101100110010000100010000000011001101000001001010001000111000100000001000000011000000000101001100011001010000000110010011000000010111100100100000001011110000000010010000101010000011000000000000001010000000100001001110001000000010111000000000000001000000100000000000110010101111010001010000001000000100110100010010001100000001100111000010110010001000010011000001111010001000000000000000100110,82dc965615a14cedf5b81c58d96188b7bbae46ce23c5dbdf82cbfaa0b1532daa,bernoulli,bernoulli|conj|p=0.3|zero=allow_iid|rng=MT19937-RandomState,0.3,allow_iid,0.0008574565872550011,8.695106953382492e-05,0.0011221440508961678,0.0010674959048628807,0.011766546405851841,0.014907649718225002,0.0031340476125478745,24,872,1,6,SAT_unsat_identifiable,1,boolean_factorization,exclude_x,exclude_x,0,1126,4322,0,1,1,0,1,0,0,1,1,1,0,0,0.00748094916343689
4,50,10,100,2416016651,50,conj,glucose42,MT19937-RandomState,8.259061723947525e-05,10010001010000000001101100000101101000001100010000101101001010100100000000100110000100000000101001101001000101100000000010000000000100100011000011000000101001100001100000110011100010000111110001011001001000010001100000100100011001110100001000000010111110001001000000100100000010011110001010011001110100010011000100010001000000011010010010110001001010011100000011000100101101101100110010010111101001101000000010010000000010000100000000001001110100000100010100100001011100110010001100000000001000100011,cfc6fffc6ff256eda6b01e55e4cc0ee45b5b2791cc597813a237d89dfec9ebd2,bernoulli,bernoulli|conj|p=0.3|zero=allow_iid|rng=MT19937-RandomState,0.3,allow_iid,0.0009974641725420952,8.735619485378265e-05,0.0014115311205387115,0.0010788533836603165,0.011247077956795692,0.014829639345407486,0.003575204871594906,31,666,1,6,SAT_unsat_identifiable,1,boolean_factorization,exclude_x,exclude_x,0,1609,5792,0,1,1,0,1,0,0,1,1,1,0,0,0.007735570892691612
4,50,10,100,2416016651,51,conj,glucose42,MT19937-RandomState,5.186162889003754e-05,11000010101100010011001101001111010100110000100010000100001000010100010010101000011010001100001000000000000010001011011000010100100000001011010000010000100101001111010001001000000100100100010000000110001000011111101011101001000011000111110010100001101001000010010000000100000000000110000110001010000001000011010010000011000000011000110000001000011101010100000010111010010000000000000011100100001000000111101000011101010001010100000001101001001000100110100010000110100010000001000010000100010000001000,96d5ec23c142cb084928ab8044ab02f792a7108b6e6d82d8d793ac139d3cb8bc,bernoulli,bernoulli|conj|p=0.3|zero=allow_iid|rng=MT19937-RandomState,0.3,allow_iid,0.0009100288152694702,7.754284888505936e-05,0.001276862807571888,0.0011044023558497429,0.007172287441790104,0.010547895915806293,0.0033688368275761604,27,700,1,6,SAT_unsat_identifiable,1,boolean_factorization,exclude_x,exclude_x,0,1373,4996,0,1,1,0,1,0,0,1,1,1,0,0,0.007357712835073471
4,50,10,100,2416016651,52,conj,glucose42,MT19937-RandomState,6.035715341567993e-05,10000000000100100010001000000000000010000001000101100001000011001000000001011011010000111001000000000100000001011001001000100000011100110101001000001001100100011011000000100001000000110001000001100001010111011100000001000101000011100101010011010000000000000000000000000000100000100000001000110000001110100101111011100100000000010110101000101001010010110101010000000000010100011000000100000001001111110010100000001001001001000110000010110010001100001001100101001000000011010010011000101011010010000000,6dfa48a75cd893d308b2be8bca400aae8a6180b8928e99a52d587288330de9ae,bernoulli,bernoulli|conj|p=0.3|zero=allow_iid|rng=MT19937-RandomState,0.3,allow_iid,0.0007951008155941963,7.226690649986267e-05,0.0010842178016901016,0.0010789688676595688,0.014423735439777374,0.01746205147355795,0.0030305543914437294,23,754,1,6,SAT_unsat_identifiable,1,boolean_factorization,exclude_x,exclude_x,0,1167,4233,0,1,1,0,1,0,0,1,1,1,0,0,0.007142689079046249
4,50,10,100,2416016651,53,conj,glucose42,MT19937-RandomState,4.572048783302307e-05,00100011010000000000001001000010100111011100011011010001000010100110101100011000100100101111010011000001100110100000111100111001000001000010001000010000000110001000010010110010010000000100111010100010010010010101000000101010000001010001111011001000000000000000000100110100000000001010010000101100111100111011110100010010000101100010011011010100010000000000010110100011000100100000001000100100010010010000001000101001010010010001000011100001110101010000010000011111001010010001010000010011001101000001,9c461e5bfc9d2838724744dbe8a707a68600a7ce15c43f7a1a755936de51ed14,bernoulli,bernoulli|conj|p=0.3|zero=allow_iid|rng=MT19937-RandomState,0.3,allow_iid,0.000956307165324688,8.449796587228775e-05,0.001486598514020443,0.0010762158781290054,0.012137231417000294,0.015748132951557636,0.003603619523346424,33,610,1,6,SAT_unsat_identifiable,1,boolean_factorization,exclude_x,exclude_x,0,1807,6278,0,1,1,0,1,0,0,1,1,1,0,0,0.0077252695336937904
4,50,10,100,2416016651,54,conj,glucose42,MT19937-RandomState,5.005858838558197e-05,10111001010101000001111010111000001001101011101000001110000010101011010100000011010100011010110000010001000100100001000110000001000001011011001000000000000100000000110010011000000001001000000110010000011010000000100101100110000010111000000000000000000111100001000000100000000000101110100110000000111000100100000001000000100101010010000000100010101000000111010111110001101000110001000100100100100100101000000100000010000000100000000000010100001101000010000011101111000010001001011001011010010111100111,f524018b87b71e17e9a9b9f8fdf9a53c4de122532bec168c36898679e15f6426,bernoulli,bernoulli|conj|p=0.3|zero=allow_iid|rng=MT19937-RandomState,0.3,allow_iid,0.0008935127407312393,7.217936217784882e-05,0.0011359741911292076,0.0010880297049880028,0.007464215159416199,0.010660788044333458,0.0031896959990262985,24,724,1,6,SAT_unsat_identifiable,1,boolean_factorization,exclude_x,exclude_x,0,1186,4388,0,1,1,0,1,0,0,1,1,1,0,0,0.007149307057261467
4,50,10,100,2416016651,55,conj,glucose42,MT19937-RandomState,5.8766454458236694e-05,00000000010000001100000101000101001100100110100000001110000110000010001000101000010000100010110100000101100110100000001101000110011101000000000001100000000110000001100100001011110010000101111010010100010011100100000000011010000000001100010000001000100110010001010000010010111000100001000001100001001101000001011010000101011110010011001011010010100010000010000000101000000010000001010000100001101000000100000111000010000011010001100000010000100000001000000000011001000010010110000110011100100000011000,1184bbd1cf6cf6e8a0877d03c12fa71338ef4085f74ffef57c63e5ec7c7136c3,bernoulli,bernoulli|conj|p=0.3|zero=allow_iid|rng=MT19937-RandomState,0.3,allow_iid,0.0008339313790202141,9.74796712398529e-05,0.0012813573703169823,0.001137848012149334,0.007595413364470005,0.010953657329082489,0.003350616432726383,27,702,1,6,SAT_unsat_identifiable,1,boolean_factorization,exclude_x,exclude_x,0,1343,4963,0,1,1,0,0,0,0,1,1,1,0,0,0.007394762709736824
4,50,10,100,2416016651,56,conj,glucose42,MT19937-RandomState,5.881302058696747e-05,01110100000001000100000011101000101000000010001110110010100101010111010110000001110000100101010010100001001001110000000000000110011010010010001000001001100011000010001000000000101100000001000000000001010100001001101101010010010100011000111000010000000111100100110101001110000101100000001000000000111001000010100100110100000000111001100110001000010000111001100101000001000100010010000010101100001100001001010000001000100000100010001000010011010010010100001000000000110100000000000000100100000101010000,9055ed3f9606c404492c1a43e19688433f5d6d3fc1acfef8ec361d2aef41950b,bernoulli,bernoulli|conj|p=0.3|zero=allow_iid|rng=MT19937-RandomState,0.3,allow_iid,0.0009052520617842674,8.699670433998108e-05,0.0011577485129237175,0.0010700579732656479,0.007453959435224533,0.010680492036044598,0.003220055252313614,25,769,1,6,SAT_unsat_identifiable,1,boolean_factorization,exclude_x,exclude_x,0,1185,4521,0,1,1,0,1,0,0,1,1,1,0,0,0.007301813922822475
4,50,10,100,2416016651,57,conj,glucose42,MT19937-RandomState,5.615502595901489e-05,00000000111000111010010001100100010001010110010000000000010000011111001000101000001010000000010000000000010111001001001001110001111010110001000000000001001001000000101000100001010010010110001110010110001101100001000011000111011110000111000100000111000001000111011000100001100011000101100100110110000000001100100100000000010000000000001101100000000001010001000111000000001010100000000000010011011000000010100010010000110000000001010000000010101000101000000101000000101111010001000100000110010111010010,c052b876c8d68edcae5c4f3af268241f1962c5412bb45710784b7a1c0768d990,bernoulli,bernoulli|conj|p=0.3|zero=allow_iid|rng=MT19937-RandomState,0.3,allow_iid,0.000829644501209259,9.205751121044159e-05,0.001314840279519558,0.0010985014960169792,0.010041900910437107,0.013384556397795677,0.003335043787956238,28,727,1,6,SAT_unsat_identifiable,1,boolean_factorization,exclude_x,exclude_x,0,1432,5195,0,1,1,0,1,0,0,1,1,1,0,0,0.007523517124354839
4,50,10,100,2416016651,58,conj,glucose42,MT19937-RandomState,5.1748938858509064e-05,01000100010010011011100001101110101000000100010100000100010010100010010100000010011001010101110010101010101011101000110010101110110000100000000000111010000000000000000000000000001100010001010110001111110000100100000000010010000001010101000011110010011100001010010100000010100000010000010011011000011000010010000000111000111110001000100100001000000001010000000110110100000001100000000100000001001010000011000100011001000000010110001010000100001011000101000000110010011101100010111001010000001100101010,04bf66f173f996450a66a4724c87bab2c9a39c6a7d70770d26e33c6504f007b5,bernoulli,bernoulli|conj|p=0.3|zero=allow_iid|rng=MT19937-RandomState,0.3,allow_iid,0.001059107482433319,9.087752550840378e-05,0.0014909524470567703,0.0010831169784069061,0.009754039347171783,0.013485629111528397,0.0037240544334053993,33,715,1,6,SAT_unsat_identifiable,1,boolean_factorization,exclude_x,exclude_x,0,1687,6146,0,1,1,0,1,0,0,1,1,1,0,0,0.008109440095722675
4,50,10,100,2416016651,59,conj,glucose42,MT19937-RandomState,6.103143095970154e-05,11011010000010000100001000110111011000000001110010001101101000110001011100010000001000000000000011100100100000001001000110010000011100100001000111001010000110100101100000000100000110001100001001111001000100101001000100101100000101010000000010001010111100000000100000000000001101100101100000000001000000011100010000011010001000101000100011110110101000011110001100011000011101010001000001100011010001101010000100100101100010100011000001100000010000010001101010011000010010110000100011010101010001110000,bb06c46be89caa08d5225f60436b2f508750c59afbb935074f09dd0c1ac84e20,bernoulli,bernoulli|conj|p=0.3|zero=allow_iid|rng=MT19937-RandomState,0.3,allow_iid,0.0009967219084501266,9.241700172424316e-05,0.0014057625085115433,0.0010626837611198425,0.012820244766771793,0.016387118957936764,0.0035575851798057556,31,597,1,6,SAT_unsat_identifiable,1,boolean_factorization,exclude_x,exclude_x,0,1649,5836,0,1,1,0,0,0,0,1,1,1,0,0,0.007481652311980724
4,50,10,100,2416016651,60,conj,glucose42,MT19937-RandomState,7.531698793172836e-05,11010001010100000111000000010000000100100010000001101110010010010100000001001001000110000001000000101100000000111000000010000100101010000000000001101100101100101100110101001110000011001100011110001110100100100000000000100101110100011100000000000011000000001000000100111000100011001010000010001100101000000100011101100001100000000000100100010000100011001000001001110000000100011001000000001101111000010000000011111100001000010010000110101100010000010000011010100001111101010001010110010000010000111010,b8aa68ae5f4d92a59649fc940617d1251b5f004792cffb804add6aba2139639a,bernoulli,bernoulli|conj|p=0.3|zero=allow_iid|rng=MT19937-RandomState,0.3,allow_iid,0.0010207267478108406,9.138043969869614e-05,0.0012880833819508553,0.0010699816048145294,0.009121924638748169,0.012600114569067955,0.0034701721742749214,28,718,1,6,SAT_unsat_identifiable,1,boolean_factorization,exclude_x,exclude_x,0,1372,5129,0,1,1,0,0,0,0,1,1,1,0,0,0.007478252984583378
4,50,10,100,2416016651,61,conj,glucose42,MT19937-RandomState,5.280878394842148e-05,00000000110111010010010010100010000000100001000000111101100100010011101101100000011111001100000000001100000010101011000000110000000011110001011010101101110100000000001101000101000000000001011011001000011100000001111011010000000000101001010001000011000100000101110000010001101001000000000100110110001000010010100010010000100011010000010000001000000000000001101111100001100000000000001000110000100101010000100011000110100000010000000100100010010000101001000000010011000000010100001110101001110001001001,a39b589464a35bf2fbfd323de24fc86653b32c8d085afe076a48e7af43825775,bernoulli,bernoulli|conj|p=0.3|zero=allow_iid|rng=MT19937-RandomState,0.3,allow_iid,0.0009683696553111076,0.0001024194061756134,0.0015357714146375656,0.001082753762602806,0.009789255447685719,0.013487739488482475,0.0036893142387270927,34,644,1,6,SAT_unsat_identifiable,1,boolean_factorization,exclude_x,exclude_x,0,1816,6422,0,1,1,0,1,0,0,1,1,1,0,0,0.00802717637270689
4,50,10,100,2416016651,62,conj,glucose42,MT19937-RandomState,5.122646689414978e-05,01010000001010010000100001101000100000000000100100000101000100000000100101010000000000000000100110111000000010010000100000000110000110001011000100100001101011011010111001010001010000000010000000001001010000010110010010110000010000000001001000000010000101000000000010110101101001010000100010001010110001000000001100000000011001010100001010001010010000000000001000000000000110010011100000110011011011001000100011011000010011100100011111010110001010110111010000000110010011001110010011010101001000000000,2d819980ff1ce5ca869189ae8677fd79101cb6ac0d4eee501bb009df4b2912de,bernoulli,bernoulli|conj|p=0.3|zero=allow_iid|rng=MT19937-RandomState,0.3,allow_iid,0.0007910169661045074,6.893742829561234e-05,0.0009802263230085373,0.0010556746274232864,0.006657887250185013,0.009560232050716877,0.0028958553448319435,21,743,1,6,SAT_unsat_identifiable,1,boolean_factorization,exclude_x,exclude_x,0,1009,3791,0,1,1,0,1,0,0,1,1,1,0,0,0.006701994687318802
4,50,10,100,2416016651,63,conj,glucose42,MT19937-RandomState,5.326792597770691e-05,00010000000100000001000010001100010100001000001000000000001101110010000000000000100000000001001001000000000010001100001100100000000010100000100100000000001001001110000001010000000000100000011000100100111000001000001000000011000001000001101000000011011010100111100010001001000000100110100101101000001001000100000100000000010000100011000101011000010000100111000100010101100000010010000000010101010010010100010000000100000001000001000000011001010010100100000010011011010000000001000110110000101100001000,a1ec6ccd8488618e434ea4d9651a6c3437763100b9da64886807b8f2e2f01ad3,bernoulli,bernoulli|conj|p=0.3|zero=allow_iid|rng=MT19937-RandomState,0.3,allow_iid,0.0008929818868637085,7.812678813934326e-05,0.0010651396587491035,0.0010514911264181137,0.007640792056918144,0.010735895484685898,0.003087739460170269,22,918,1,6,SAT_unsat_identifiable,1,boolean_factorization,exclude_x,exclude_x,0,928,3836,0,1,1,0,1,0,0,1,1,1,0,0,0.007208272814750671
4,50,10,100,2416016651,64,conj,glucose42,MT19937-RandomState,5.140621215105057e-05,00000000100110010000001110000000010010100011000100000110010101001000000000000010000001100000001000000100010001101000001000100001011100000000100000000001100011101000010000000010000001000010010010000000010010011110001110000011001100010101111000001100100100101000100000100010000010000100010000101000010111000000010100000100010110000101001000000000100000110000000000000010000001010010111011001100001001000110100000000101010011010010010010001001000100001000100111001001110101101010000100110000110001000100,3ba0dadcbd695278d507ad6ef35ef6bc173bda717cd0046042056f9419e87909,bernoulli,bernoulli|conj|p=0.3|zero=allow_iid|rng=MT19937-RandomState,0.3,allow_iid,0.000925782136619091,8.66912305355072e-05,0.0014057829976081848,0.0011094333603978157,0.008786462247371674,0.012321947142481804,0.0035276897251605988,30,763,1,6,SAT_unsat_identifiable,1,boolean_factorization,exclude_x,exclude_x,0,1470,5505,0,1,1,0,0,0,0,1,1,1,0,0,0.007816702127456665
4,50,10,100,2416016651,65,conj,glucose42,MT19937-RandomState,6.078556180000305e-05,10000110000110010000001010111101100100001010001010100000010101010010100000100000010110110000010100011001100011011010011100100000001010001000000011001001100000000101010010010100001100001111000010000000100001000010001010001101010001000110000010101000100011001101011110010101000100000010000001100011000000000110000110001001010110101010010011000000000101110011000000000001000000001100001010000100110010000011010000111000000001000000100000010001001100000000010001111100000001000110000000101000010110110000,4f8587ee4824337189e1ed608d44d911f0649600c2d58a1881b4b46f26faa80e,bernoulli,bernoulli|conj|p=0.3|zero=allow_iid|rng=MT19937-RandomState,0.3,allow_iid,0.0009903861209750175,9.701959788799286e-05,0.0015574358403682709,0.0011332444846630096,0.019479106180369854,0.023264755494892597,0.003778086043894291,34,737,1,6,SAT_unsat_identifiable,1,boolean_factorization,exclude_x,exclude_x,0,1746,6345,0,1,1,0,0,0,0,1,1,1,0,0,0.0082349618896842
4,50,10,100,2416016651,66,conj,glucose42,MT19937-RandomState,4.6848319470882416e-05,10111101000010000101100000010001100110011010100101000001000100001010100000100000001010011001000100111000100101110100001010000101100101010100001000001001000100001010000100100010000000000000010100001111000000100100000001001010001010010000000000000010000001000000111000011000111111001100100001000010101000010101000000010010100100010000100000011000110010000010101001001100000100000001011000010000001001110111000010000001110001000101001000001000010101100000010011010000000000100110010010000000000010000010,bd72e556252d49bd5c51a67e26ba112cf364ca3f998aedd026f8239393525d83,bernoulli,bernoulli|conj|p=0.3|zero=allow_iid|rng=MT19937-RandomState,0.3,allow_iid,0.0008675400167703629,7.551629096269608e-05,0.0010220259428024292,0.0010796664282679558,0.006568973883986473,0.0096212700009346,0.003044748678803444,21,849,1,6,SAT_unsat_identifiable,1,boolean_factorization,exclude_x,exclude_x,0,1009,3791,0,1,1,0,1,0,0,1,1,1,0,0,0.0069732218980789185
4,50,10,100,2416016651,67,conj,glucose42,MT19937-RandomState,5.23468479514122e-05,10010010000111110111100001000001000010100000000100000100000100101110110000010010101000011000011100010001000001110000000000100001100101010000001110000000110011100000011111101100110000011010010000001001001000000000010010000100100001010100010101000100000111000000010000000110000000100000111001010001000010100111000010000000000001010010100000101011000001010100010000100011000000000000100001000000000011000100010010101000001001010001010100101010000000000000001001000000111000000000000001110010000000100011,f703e94730b08fe4b331c36ffb3912ce3ffb8846893727f514db503da178059b,bernoulli,bernoulli|conj|p=0.3|zero=allow_iid|rng=MT19937-RandomState,0.3,allow_iid,0.0008031940087676048,8.353311568498611e-05,0.0012966273352503777,0.0011511985212564468,0.00843848567456007,0.01178122591227293,0.0033345529809594154,28,756,1,6,SAT_unsat_identifiable,1,boolean_factorization,exclude_x,exclude_x,0,1352,5107,0,1,1,0,1,0,0,1,1,1,0,0,0.007612111046910286
4,50,10,100,2416016651,68,conj,glucose42,MT19937-RandomState,6.480421870946884e-05,10101100100100011010000010100010100000100001011000000000010000000001000000001000100000000001011100000000000010100001100010100000111011100010001100100011110010000001100111000110010100000001011000110011010000100000101101000101000000100010000010001000100100100000010011010100101010010000111111000000000100001010000100010110100100000000110100100000000001001010001000010000010000000000010010000100000000010110001000100010000001110111000000000011101101101100001000101000100010010100001010110010011010100010,a8cb3f91a28e1991a5fa46f2ad815a4ee0553215d2983d23ad493a497bf721d7,bernoulli,bernoulli|conj|p=0.3|zero=allow_iid|rng=MT19937-RandomState,0.3,allow_iid,0.0009117741137742996,8.711777627468109e-05,0.0013536466285586357,0.0010652542114257812,0.007935412228107452,0.011360472068190575,0.0034177927300333977,30,680,1,6,SAT_unsat_identifiable,1,boolean_factorization,exclude_x,exclude_x,0,1550,5593,0,1,1,0,1,0,0,1,1,1,0,0,0.007579830475151539
4,50,10,100,2416016651,69,conj,glucose42,MT19937-RandomState,4.799105226993561e-05,00011000110001000001100101011000001001000001000010010000000100010000000001011001110100011100100001011010010000001010010100001000010100000001010001000010100000000010010011010111001010010000010110100000011000001101000000110010011100001000001100100001001000011000000110000000011110010001110100000000001001010000011110010000000100010000001110000110000100000111110011001000000100010000010100100100000100000001110000100000100011110110101010000000010100000100000100110100000000000010011001100000000111101000,919d93e883db530f997d980a9656b23fe962186b4588578cf4941fdb55c4a8aa,bernoulli,bernoulli|conj|p=0.3|zero=allow_iid|rng=MT19937-RandomState,0.3,allow_iid,0.0008726073428988457,7.451418787240982e-05,0.0012103226035833359,0.0010648630559444427,0.007529815658926964,0.01075984537601471,0.003222307190299034,26,722,1,6,SAT_unsat_identifiable,1,boolean_factorization,exclude_x,exclude_x,0,1264,4742,0,1,1,0,0,0,0,1,1,1,0,0,0.007143089547753334
4,50,10,100,2416016651,70,conj,glucose42,MT19937-RandomState,7.751211524009705e-05,11001010010000000000100100000101000000000000000010000100001000010000101000010100001010010000000110000000001000001011100001110000000000010001000000000000000000000001010000000101110000001000000000000000100011100000000101010100111010000010110001000010000000011010010010010001000010011010010101001101001010001100001100100010101100000011001110000100000100011001000100000100001111000000000100000110001100000001000010010001100011000001010000000000011111110001101000000000000001100001001101000110001010100000,b5a0fd93b2a292a789b3a5d1bd6ba118b98fb2a013796d1765162fbea30ae4c0,bernoulli,bernoulli|conj|p=0.3|zero=allow_iid|rng=MT19937-RandomState,0.3,allow_iid,0.0008240267634391785,8.834153413772583e-05,0.0013272101059556007,0.0010804524645209312,0.0076528275385499,0.0109803332015872,0.0033200308680534363,29,707,1,6,SAT_unsat_identifiable,1,boolean_factorization,exclude_x,exclude_x,0,1471,5372,0,1,1,0,1,0,0,1,1,1,0,0,0.007650087587535381
4,50,10,100,2416016651,71,conj,glucose42,MT19937-RandomState,5.0304457545280457e-05,00000110100000001001010000001001100110101000000011000000010000100100000010100011010001000100110000000100110010001101000000001010000100000110000000001000110101110000100001000001001101010001100000000001100001011110000101000000000011000110011101010100010011000100010110011001000000000010000101001100010001000011000001101000001010100000000100100000010100101101010100001000000100011001100110100000100001000010000000000000000100010101001000000000000000100000100010000100000000000001000000011100100011000001,18e7f71edf3dd65979cfed3cabb7e21a71abe73766edc5c611ecb4c8a3f2cbf3,bernoulli,bernoulli|conj|p=0.3|zero=allow_iid|rng=MT19937-RandomState,0.3,allow_iid,0.0007297415286302567,6.509944796562195e-05,0.0008040592074394226,0.0010439641773700714,0.004392927512526512,0.007043472491204739,0.0026428643614053726,16,912,1,6,SAT_unsat_identifiable,1,boolean_factorization,exclude_x,exclude_x,0,744,2829,0,1,1,0,0,0,0,1,1,1,0,0,0.006335508078336716
4,50,10,100,2416016651,72,conj,glucose42,MT19937-RandomState,4.832632839679718e-05,11010001010000110010100110101100000000110000001000000000101001000000000010000000000001000000000101001000000000010001100110000000000100001001110000010010010100010001111000001000000000001000010000011000000100110000000000000001100101011001100000000110101000010000000100000110101001010000000000001011001000000101100000100100100100010000010000000010000000001100100000100110101010100000010011000000101000000010100000110001011010001010001000000001000100000100111100000111100001111010000000111000110110101100,eb94e37efb3fd84721d46b4d7157f55d5772f2381ebbbcfb991d6f6926ab123c,bernoulli,bernoulli|conj|p=0.3|zero=allow_iid|rng=MT19937-RandomState,0.3,allow_iid,0.0008185254409909248,7.213093340396881e-05,0.0010717213153839111,0.001050380989909172,0.00904229748994112,0.01206201035529375,0.003012758679687977,23,851,1,6,SAT_unsat_identifiable,1,boolean_factorization,exclude_x,exclude_x,0,1037,4090,0,1,1,0,1,0,0,1,1,1,0,0,0.00733735878020525
4,50,10,100,2416016651,73,conj,glucose42,MT19937-RandomState,4.9307942390441895e-05,01000101100000010001101000000001011000110010000000000110000110000100001001000010010001110100010011001010000000001110000000001100000010111100000010000100010000001100001100011001010100000101001100000100000001100001000011100000000101000000000010000010001000100101000110100000100100001000110010000000011000110100001000001000101010001001000000111000101101100011101000000100000010010000001101010100100000000101001001000000000100000000000000011110000000111100010110010010100010110100011001000000001100000101,8bd67aa26ef7d834bb38dcd77c6e86e776f9f24d8093733e7f1c680fd0880ca7,bernoulli,bernoulli|conj|p=0.3|zero=allow_iid|rng=MT19937-RandomState,0.3,allow_iid,0.0008559189736843109,9.007193148136139e-05,0.0012252135202288628,0.001079721376299858,0.008084840141236782,0.011344263330101967,0.003250925801694393,26,793,1,6,SAT_unsat_identifiable,1,boolean_factorization,exclude_x,exclude_x,0,1234,4709,0,1,1,0,1,0,0,1,1,1,0,0,0.0075567541643977165
4,50,10,100,2416016651,74,conj,glucose42,MT19937-RandomState,5.550216883420944e-05,11000000000101010110100010100110100000010000010101100111001100000011011100000011000000001001000001000000110001010111011001001011001100000010010111001100010000011001001000011001000101000100010010010100010001000001010100000100010011101001100000001000000100010000000001100011010000000001010111001000001000000101010010010010110000000100000010100100000010110001001100010100001011000100001100010001000000011000000010001100010011011101000000010010101010000000000100010001000000000010001000100000010000010001,6d99a86fc320cffd2f90e6e8a0ebc11f853688970b5b253c990b5542d5250f8c,bernoulli,bernoulli|conj|p=0.3|zero=allow_iid|rng=MT19937-RandomState,0.3,allow_iid,0.0009575411677360535,8.232798427343369e-05,0.0012974115088582039,0.0010636094957590103,0.010443012230098248,0.013851524330675602,0.0034008901566267014,28,788,1,6,SAT_unsat_identifiable,1,boolean_factorization,exclude_x,exclude_x,0,1312,5063,0,1,1,0,0,0,0,1,1,1,0,0,0.0077796075493097305
4,50,10,100,2416016651,75,conj,glucose42,MT19937-RandomState,5.534011870622635e-05,11001100110100000100010011000010100010000010010000001100100000100010001001001000011000000110011100100000000000000101110010001100000100101001000010010101000111001110000001101000010100110101000001010001101000001110000101110001000001111110000101000010011000000000010010000000000001000001101010011100000010000101011111010101010000001100000000010101100001100001010000010011100000000000110000011101011011000010110101100000000000010100000000000000001011001101101000000000000100000000010101010100000001011010,785a2d6edff8535b05092eca07495fe597031fe719685eb964b9c7b05f94d105,bernoulli,bernoulli|conj|p=0.3|zero=allow_iid|rng=MT19937-RandomState,0.3,allow_iid,0.0009414572268724442,8.385162800550461e-05,0.0014606667682528496,0.001060575246810913,0.012406851164996624,0.015960763208568096,0.0035465508699417114,32,581,1,6,SAT_unsat_identifiable,1,boolean_factorization,exclude_x,exclude_x,0,1698,6024,0,1,1,0,1,0,0,1,1,1,0,0,0.007494435645639896
4,50,10,100,2416016651,76,conj,glucose42,MT19937-RandomState,5.32371923327446e-05,00011010000110110100000101000000011000000110011101010000100001101100010010000010010000010011000010001000010101000100010100101000011110101000001001100001000000000000100100100010000110010000000010010111110011000010110000010000011000000010000110111000111001010100011010000000000010001100000001000000110000000001110100100100000100001000011000111000000000000000100010000001010001010100011110110000000000010000001000000000101000010001100011010000001000010010001100000000000011010100011001010101010101011000,8b9ca8f84e9c9090b86c95a4af00dda1ca334ea1e069a20dfc54b8f39d6f0c80,bernoulli,bernoulli|conj|p=0.3|zero=allow_iid|rng=MT19937-RandomState,0.3,allow_iid,0.0011089909821748734,9.200163185596466e-05,0.0014444729313254356,0.0010734256356954575,0.00903373770415783,0.012760033831000328,0.003718891181051731,32,846,1,6,SAT_unsat_identifiable,1,boolean_factorization,exclude_x,exclude_x,0,1538,5848,0,1,1,0,0,0,0,1,1,1,0,0,0.008200104348361492
4,50,10,100,2416016651,77,conj,glucose42,MT19937-RandomState,5.618669092655182e-05,00010010110011111001001100010100001001000100001111001001001100011001100000110001010010000001010000000000010011011000000010010110100000011010010000010001000001011000010100000010101111000010001101010111000100000100010000000100100101000101010100100000100000011001001110010000001000000001101101000100101000010011101000010011100000101000100101000011100000001000101000100100001001000000000010101100001000101000100001101000001000010001011100000110000100010100010010100000100000010100000010000000010010000100,34c66d956d086e75fadda87fe8803f72fcaeb3c3aedc2475ecf799b40aba2354,bernoulli,bernoulli|conj|p=0.3|zero=allow_iid|rng=MT19937-RandomState,0.3,allow_iid,0.0009571248665452003,9.597651660442352e-05,0.0015203515067696571,0.0011127078905701637,0.011587496846914291,0.015281308442354202,0.0036861607804894447,33,708,1,6,SAT_unsat_identifiable,1,boolean_factorization,exclude_x,exclude_x,0,1637,6091,0,1,1,0,0,0,0,1,1,1,0,0,0.007969185709953308
4,50,10,100,2416016651,78,conj,glucose42,MT19937-RandomState,5.502905696630478e-05,01010000000101000000100000110010010001100110001100000100001010010000001000000000000000100001110110010001001010000100010001001000100000011001000000001100000000000010000111000010101000000000101100110000100000000010000010011000011010010001110000000000000000100000100001000011010000101000010001111010011000000000001000001010011111000000001001000110100000001000001100100010001101001001010100100010001010000000100000011000001000000000011100010000000000100000001000000100000000001001100010101010011100110100,d3b3c51720acecd938e2a1bde0b1e2b74330e3f6eee18bc30ef79e07feb88c0b,bernoulli,bernoulli|conj|p=0.3|zero=allow_iid|rng=MT19937-RandomState,0.3,allow_iid,0.0008357185870409012,7.407739758491516e-05,0.0010916348546743393,0.0011241016909480095,0.013887230306863785,0.017020384781062603,0.003125532530248165,23,723,1,6,SAT_unsat_identifiable,1,boolean_factorization,exclude_x,exclude_x,0,1087,4145,0,1,1,0,1,0,0,1,1,1,0,0,0.006847198121249676
4,50,10,100,2416016651,79,conj,glucose42,MT19937-RandomState,4.85740602016449e-05,00010101000000000000001001000010000001000100111000100001000000001000110100001001000011001010000100000100010000000101001110101010100010000100001000100100000010001011011001010100100001101011000000001001100010000111111000101001001100000101010001000001111100000000000001011100100011011001010000001100011000010001000101011000000101100101100001100001001100001010010111111111100010110100011000001001100000000101100000000100000000000000001010001100010000010000000000110100110000110000110000000001000000001000,007cccf84cecb5c3b152a8e776c9a7dc9d233ff974fc296f905d112cea2e11c5,bernoulli,bernoulli|conj|p=0.3|zero=allow_iid|rng=MT19937-RandomState,0.3,allow_iid,0.0009686676785349846,9.277276694774628e-05,0.001407385803759098,0.0010429490357637405,0.00988974329084158,0.013408606871962547,0.0035117752850055695,31,666,1,6,SAT_unsat_identifiable,1,boolean_factorization,exclude_x,exclude_x,0,1559,5737,0,1,1,0,1,0,0,1,1,1,0,0,0.007532163523137569
4,50,10,100,2416016651,80,conj,glucose42,MT19937-RandomState,7.509253919124603e-05,00000000000000000100000000000100110110001000000000001000010011010000000011100010100010010000110000000001010110000001010111011100000100111000001011000011000000100010000101110010000000100000110010000011100001000000000010001000010001000101001000100100001001010000111000000000000000000010010001000111101011000000001001000000110100010000000001110101101011011000000011100100100000011000000111001101101001100011000100001001010010000100000001100011100100001000010000011100111001011000001000000010111001101100,2ed38786c0f82d214344d65cfe5b73dfe8f5de74a2cc2f13b1fc16e7afe6a9ff,bernoulli,bernoulli|conj|p=0.3|zero=allow_iid|rng=MT19937-RandomState,0.3,allow_iid,0.0009759636595845222,9.63900238275528e-05,0.0013959631323814392,0.0011201053857803345,0.011663136072456837,0.015260247513651848,0.0035884222015738487,30,694,1,6,SAT_unsat_identifiable,1,boolean_factorization,exclude_x,exclude_x,0,1500,5538,0,1,1,0,1,0,0,1,1,1,0,0,0.007696844637393951
4,50,10,100,2416016651,81,conj,glucose42,MT19937-RandomState,6.326194852590561e-05,00000000000110100011000100000100100000010000100000100111011100010000000100000000000000000101010001110010101000000111000000010001000100101000000010110000011000000010111000010010000000010101000010100000010000101100000001000001000000010001001001110011011000110001000000001010011000001110111010011100000000100010100000110100010101011100100100000100010000100010001110000000010000000001000010011100100110100110000000100100000000010111101010101010000000111011000001010000100111010010111000000000001110001110,974f2772ff4595d9794ea074da07486a164c58bc3bbc4cc270e121222143c5ec,bernoulli,bernoulli|conj|p=0.3|zero=allow_iid|rng=MT19937-RandomState,0.3,allow_iid,0.0009132055565714836,8.61315056681633e-05,0.0012708427384495735,0.0011618947610259056,0.00786572601646185,0.011305497959256172,0.003432074561715126,26,711,1,6,SAT_unsat_identifiable,1,boolean_factorization,exclude_x,exclude_x,0,1284,4764,0,1,1,0,1,0,0,1,1,1,0,0,0.007341258227825165
4,50,10,100,2416016651,82,conj,glucose42,MT19937-RandomState,7.800199091434479e-05,11001000001010101000011000011100010000000000000010110011100000011000010000000100000001000000001000100000101000100010101000001100011001001011100000010001110100010011100001101110001010000101011000000110101101001001100000010100101001000000001100001001000001000000100010011010001010100101000110001011110110010000100100000011101100101000100000001011010000000000001000011011000101010000001110000010110000100000010101000000101111010000000010010001110000100000110000000100000000000010001010101000100000100100,2418a7d8e914f58544ca10c1a3f6b0768c81233f4cf2d2343112520ab75fd378,bernoulli,bernoulli|conj|p=0.3|zero=allow_iid|rng=MT19937-RandomState,0.3,allow_iid,0.0009257989004254341,8.436013013124466e-05,0.001307581551373005,0.0010393215343356133,0.008278288878500462,0.011643439531326294,0.003357062116265297,28,756,1,6,SAT_unsat_identifiable,1,boolean_factorization,exclude_x,exclude_x,0,1372,5129,0,1,1,0,0,0,0,1,1,1,0,0,0.007816179655492306
4,50,10,100,2416016651,83,conj,glucose42,MT19937-RandomState,6.010569632053375e-05,11000000000000001011001010111100010101001100000011010110101010000100010110000000000101010011000100110000000011100000010000100001000010100011000100000000000010000010110100100010001011000000011001010100001000010101010010000010001100010011000000110110000000001000100100000000000001011000100000000000000010100000100001000101010010010001000010000000110101110000110011011000010000000010100000100000010011110001011010110001110010000001000101100001010011000000010000101010011000011000000000011000000000010001,fdd18f0b9366599ab3f2251e9a73268d55798abd54704496d51859d525707080,bernoulli,bernoulli|conj|p=0.3|zero=allow_iid|rng=MT19937-RandomState,0.3,allow_iid,0.0008309874683618546,8.331984281539917e-05,0.001336434856057167,0.001079966314136982,0.00868264865130186,0.012020287103950977,0.0033307084813714027,29,754,1,6,SAT_unsat_identifiable,1,boolean_factorization,exclude_x,exclude_x,0,1431,5328,0,1,1,0,1,0,0,1,1,1,0,0,0.007758717052638531
4,50,10,100,2416016651,84,conj,glucose42,MT19937-RandomState,5.423929542303085e-05,10100001001000000000101011100010001011000010000011000000001001000000000001010011000011000010000100000000000010000100101010101000000101011000000011010000000000001010011010010001011000010110110001110011100000101100110101000101000000001010000000000101110001010000100001001010000001001000000111110110100000000000110000000000000101100110001010100110001001100010100011000100100100000101100011000100001000000000001001000110010111000111000000001010110011000010000001101000000011101110100010111011000000000001,71aee3bb24ab587ef507463eedfc134293446477b7ded2aebc47ac163d1e532b,bernoulli,bernoulli|conj|p=0.3|zero=allow_iid|rng=MT19937-RandomState,0.3,allow_iid,0.0009513339027762413,8.754897862672806e-05,0.0012919595465064049,0.0010656081140041351,0.009825990535318851,0.01322932168841362,0.0033964505419135094,28,707,1,6,SAT_unsat_identifiable,1,boolean_factorization,exclude_x,exclude_x,0,1412,5173,0,1,1,0,1,0,0,1,1,1,0,0,0.007563709281384945
4,50,10,100,2416016651,85,conj,glucose42,MT19937-RandomState,5.276314914226532e-05,00001000011000001111100001000010010110010011010100010100100001100001000000000101110011100011010100000000110100100010110001001000000001001100100010000000001001000001000001101110010100000000100010000010000100010000000000101100101100100010000000110011100110100000100010001011100000011000000011000111000111001000000001010000011000110000000011001010010001000001001100000001000101010010010000100011000000010001000100011001100001000100001000010001000001110000000100100100010100000000000001100001000000000011,d71e7df9e45d94e1c87e67752bcac625ecdd538e67dc3b2f9f1a51f1d584f7a2,bernoulli,bernoulli|conj|p=0.3|zero=allow_iid|rng=MT19937-RandomState,0.3,allow_iid,0.000980740413069725,9.155739098787308e-05,0.0014070449396967888,0.001049247570335865,0.011103188619017601,0.01463925838470459,0.003528590314090252,31,708,1,6,SAT_unsat_identifiable,1,boolean_factorization,exclude_x,exclude_x,0,1519,5693,0,1,1,0,1,0,0,1,1,1,0,0,0.007798207923769951
4,50,10,100,2416016651,86,conj,glucose42,MT19937-RandomState,5.5390410125255585e-05,00001000000100000101001001000001101010011011010000111111000100110000001000110010010100101001001001000000101010010000001000010000100010000000010110100000100001101010000010010110011101000100010010000011000011000000110000001000011010001000110000110010010101001000100011000000101001000010001011001001001000101000100101000000001000010000001111011100000011000100100100100000111010010001001100000110010010001000110001011011100010000010100011001101011000011011000000001111010010000101100100001010000100000001,e1357663657caf99d0faebbb29c6e0a4dd0a87f5cff4211048366014216dc452,bernoulli,bernoulli|conj|p=0.3|zero=allow_iid|rng=MT19937-RandomState,0.3,allow_iid,0.0011056764051318169,0.00010199937969446182,0.0016427906230092049,0.0010681906715035439,0.010182434692978859,0.014108342118561268,0.003918657079339027,37,686,1,6,SAT_unsat_identifiable,1,boolean_factorization,exclude_x,exclude_x,0,1883,6898,0,1,1,0,0,0,0,1,1,1,0,0,0.00833459384739399
4,50,10,100,2416016651,87,conj,glucose42,MT19937-RandomState,4.864111542701721e-05,01000000101100011000000000101010000000010000010000011000010001000001100001001000100010100010011001000010000000110000100000001101100100011100000000000000000010101011000000000000100000001001000010000000011010110011010000000000001000000000101000010000100000100110000000010010111000001010100101000010011010000100000010100000110010011100010000100010001001101010000101100000010000000000000110000001100001001110010011001100001000000010000100001011000010100010001101001011011000001010100000000000101100000110,e27c74a2407d70e270da164eff243041e08099dc618490552dcdc59ed552bfa6,bernoulli,bernoulli|conj|p=0.3|zero=allow_iid|rng=MT19937-RandomState,0.3,allow_iid,0.0007620109245181084,8.503161370754242e-05,0.0012083379551768303,0.0011441484093666077,0.007085450924932957,0.010293894447386265,0.0031995289027690887,25,741,1,6,SAT_unsat_identifiable,1,boolean_factorization,exclude_x,exclude_x,0,1175,4510,0,1,1,0,1,0,0,1,1,1,0,0,0.0075692348182201385
4,50,10,100,2416016651,88,conj,glucose42,MT19937-RandomState,5.4683536291122437e-05,00001100001100111010011010110001000000010010101001000110000000000100000100000010010000000000100100000001110000100110001000010001001010001100010010101000011000010000101000100010101110000100000111100110010000000000010000101000110000100110001101000111000000001110000000100001110000010001010000001010000101100000110100001000000010100010000000010000000000010100000010000000001000001100000001100010001100000100001010000001101001010001000001001100010010001000000000101101101011010000000101001001000101001000,21f65a7a4ff0730c6846735d7d1b9ab5a071a76c4ec5112b6a500b61115d4864,bernoulli,bernoulli|conj|p=0.3|zero=allow_iid|rng=MT19937-RandomState,0.3,allow_iid,0.0008841808885335922,9.854603558778763e-05,0.0012828316539525986,0.0010833945125341415,0.008937730453908443,0.012293839827179909,0.00334895309060812,27,725,1,6,SAT_unsat_identifiable,1,boolean_factorization,exclude_x,exclude_x,0,1313,4930,0,1,1,0,1,0,0,1,1,1,0,0,0.007416415959596634
4,50,10,100,2416016651,89,conj,glucose42,MT19937-RandomState,5.332473665475845e-05,00000000010000000000010100010001000001010000010010100110000000100000010000000001001000001100000000110110001000000100000101000101101001000000000001000100101000010010110000000000100111010110111000000100000000010000000000011100110100000001110000011111100101100111010000101000000000101010110000101010001000000000001010001001110100100001011001001010000000000000110000010011000100100101100000011100101010000100001110001100101000010101000000011100000001011000000110100000011110000110000101001100000000001000,0f564b677bfd800f3825b611fe964597ef8fc28d36aec768b0800f03027fc2f7,bernoulli,bernoulli|conj|p=0.3|zero=allow_iid|rng=MT19937-RandomState,0.3,allow_iid,0.0009091012179851532,8.61138105392456e-05,0.0014567524194717407,0.0010666009038686752,0.00892123393714428,0.012446971610188484,0.0035185683518648148,31,682,1,6,SAT_unsat_identifiable,1,boolean_factorization,exclude_x,exclude_x,0,1559,5737,0,1,1,0,1,0,0,1,1,1,0,0,0.007730227895081043
4,50,10,100,2416016651,90,conj,glucose42,MT19937-RandomState,8.984096348285675e-05,00101100000011000000110000001000000010000000000000111000010010001000000000000000000101001000001100010000000000000000010010010100110000000000011110000101110101001010100001010110000000001000001011000001100010100000000000110010101100000111000000010000001100000010110000100010010001000011000101000101010100100000000000010000101100011000100010000101000110011000001100001000011011001001101010010110000000110010110110101011001001110001000001111010101010100001100100010000001000010000100110000100010000000110,08e3207a602f6d93c2106448c8dada07731b74cbc97e265c1559abd7a7030791,bernoulli,bernoulli|conj|p=0.3|zero=allow_iid|rng=MT19937-RandomState,0.3,allow_iid,0.0008587734773755074,8.756853640079498e-05,0.001255534589290619,0.0010792901739478111,0.018312073312699795,0.02160109579563141,0.0032811667770147324,27,755,1,6,SAT_unsat_identifiable,1,boolean_factorization,exclude_x,exclude_x,0,1363,4985,0,1,1,0,1,0,0,1,1,1,0,0,0.007651860825717449
4,50,10,100,2416016651,91,conj,glucose42,MT19937-RandomState,5.1800161600112915e-05,00001101001000000010000110010101100110100000101000000110011111110010010110000000001010000001001111000011110000010100010000001001000001010000010100000000000011000100110000001000110000000001010000001100100001100011111100101000010000000000101100000010011010010010100000001000001010000101001000010000100000010110100011010000100000000000100100000010000000010100100101010100000010010101000100111010100100000001010100100100100000000100000001001010000000101101010111001000101010010001001011100100100110100000,d414e02d892229e264b6564e26a48f534d052e0eeabf6b1537b4674fea7bb123,bernoulli,bernoulli|conj|p=0.3|zero=allow_iid|rng=MT19937-RandomState,0.3,allow_iid,0.0008686035871505737,7.578358054161072e-05,0.0011209677904844284,0.0010816603899002075,0.010176663286983967,0.01333119161427021,0.0031470153480768204,24,695,1,6,SAT_unsat_identifiable,1,boolean_factorization,exclude_x,exclude_x,0,1136,4333,0,1,1,0,0,0,0,1,1,1,0,0,0.006816286593675613
4,50,10,100,2416016651,92,conj,glucose42,MT19937-RandomState,5.559995770454407e-05,01010100010010000000000010010000110011000000110001000101011001010011110101000110010010000101100011001000010000000011011110000110001001111001001100110001011011101110010000100011010000011110010001100000100000000010100000001111000001001110001001100001010010000001101000100000000000010100100010001100010000000010110010001100010000000010001000000000011110000000101111101111100000011000000010001001000011000001010000110111000011001011000100100000000001100000100001100010010011010011000010101001001001100000,b08aabfa370a7f48192d29492c332ac224e5f8dc4a4d9b5f08031b6e5b44a70d,bernoulli,bernoulli|conj|p=0.3|zero=allow_iid|rng=MT19937-RandomState,0.3,allow_iid,0.0009715622290968895,9.074248373508453e-05,0.0011971136555075645,0.0010552974417805672,0.007339871488511562,0.010661553591489792,0.0033147158101201057,26,720,1,6,SAT_unsat_identifiable,1,boolean_factorization,exclude_x,exclude_x,0,1284,4764,0,1,1,0,0,0,0,1,1,1,0,0,0.007293981499969959
4,50,10,100,2416016651,93,conj,glucose42,MT19937-RandomState,6.381981074810028e-05,00001010011011101000110000100111010010001001000100010010011000100000000001101010010000101000011000001100010000000010000101100001001001111010000000010000000101000110000100100100000000011100001001010010000010000101000100110000000011001001000100110110010100110000110011110110011101100000001001000001001000010101100101100000110001000101000000000010101001100110001000010101010010000010001010110000101000100000000000010010000011111000000010001001101010111001000000000000100000000010000000000000000110000000,43e33c1ee586955806c59ef0e358b83b5687352bf856103e36f5eedf4c02fec2,bernoulli,bernoulli|conj|p=0.3|zero=allow_iid|rng=MT19937-RandomState,0.3,allow_iid,0.0009234631434082985,9.560398757457733e-05,0.0013860268518328667,0.0010865936055779457,0.010310285724699497,0.013809749856591225,0.003491687588393688,29,622,1,6,SAT_unsat_identifiable,1,boolean_factorization,exclude_x,exclude_x,0,1521,5427,0,1,1,0,1,0,0,1,1,1,0,0,0.007481232285499573
4,50,10,100,2416016651,94,conj,glucose42,MT19937-RandomState,5.550030618906021e-05,00000000010000000101000010001001001110010001100111000100010011100100000000000010011111110011010111111000100001000000000001111010000010000000000101101101000001011000101111100100000100001010010101000011101000110110000001010101011001000011010000010010100000000100001000000110001011010100000100001100000000100100101011001110010000101010101000111000001000001101000110101101010101001101001000101001000000000010100000001001010000000000100000110010011000001101000100010001001010000000011011001000000100011100,5fd1cb71ad296031078f88c87ab93d5e9da4cb8713a5799687b7636ccd95a789,bernoulli,bernoulli|conj|p=0.3|zero=allow_iid|rng=MT19937-RandomState,0.3,allow_iid,0.0010297838598489761,0.00011037103831768036,0.0014439653605222702,0.0010696640238165855,0.008438940159976482,0.012100773863494396,0.0036537842825055122,31,700,1,6,SAT_unsat_identifiable,1,boolean_factorization,exclude_x,exclude_x,0,1589,5770,0,1,1,0,1,0,0,1,1,1,0,0,0.007763314992189407
4,50,10,100,2416016651,95,conj,glucose42,MT19937-RandomState,5.3851865231990814e-05,10001000001100000001100010000101000000100000010010100100100001100010100010000100100001000000001110000001000010000011101001100000000100111011010110111001010000100000100110000000000100000010001010100101000010010100000010010101111000100010001001110100111000001111010100001100010000000000110010100101100000001000010000010000000000000000011110010000010010000100001010001000000101000100000001100001010010000000001011010100100000000001000001100000001000000010001010010010000011000001010001001100001000010110,326c72894755efabcc4894afecc6b16f5b95859ce223a77a50a2f9fc80b37218,bernoulli,bernoulli|conj|p=0.3|zero=allow_iid|rng=MT19937-RandomState,0.3,allow_iid,0.000873887911438942,8.16192477941513e-05,0.001196569763123989,0.001080809161067009,0.007038700394332409,0.010279398411512375,0.0032328860834240913,26,879,1,6,SAT_unsat_identifiable,1,boolean_factorization,exclude_x,exclude_x,0,1194,4665,0,1,1,0,1,0,0,1,1,1,0,0,0.007745527662336826
4,50,10,100,2416016651,96,conj,glucose42,MT19937-RandomState,5.5314041674137115e-05,10000100000000000000100000111000101011000100001100001001001001000111001001101101000000100101000011010001001111000101101000011001100011100001001000100111000000001100101011000011000110010110000000001010000011010010010001001000001110111001100010000001101010011000011011000001010011100001011010001001110011010010011101100001001100001111010110100000000000010000000000000001001100001000000001000000000110000100101111000010000010111001011110000000000000100010001000000001010110001011000000101101000001100110,ff34d0a49bf763164780df1e2ea952bbd69bdb5bb97f0235cf9997c355c06a9a,bernoulli,bernoulli|conj|p=0.3|zero=allow_iid|rng=MT19937-RandomState,0.3,allow_iid,0.0009571462869644165,9.577162563800812e-05,0.0013878662139177322,0.0010990919545292854,0.009090538136661053,0.01263802032917738,0.0035398760810494423,30,578,1,6,SAT_unsat_identifiable,1,boolean_factorization,exclude_x,exclude_x,0,1590,5637,0,1,1,0,1,0,0,1,1,1,0,0,0.007383895106613636
4,50,10,100,2416016651,97,conj,glucose42,MT19937-RandomState,5.679391324520111e-05,01011111100010000000100001000100010010010000001010010100010011000101000100000000000100000010100011011000100001000000000000001000000000000010000111001000001111010101000101000010000110101000001111001000011001001000010010110100000000001111001110100001001010000100000111110001010011111001001000000010000000010100001000000100010000001000100110001100001000100010000010000001000001011000010101000111010100011000000001010111100000000000000101010100100000001001011010000010101001001011011000010001010010000000,5189f77a6e23857703cfb81af4ee67fa7ce86b1aaf0c99e62382502d10165772,bernoulli,bernoulli|conj|p=0.3|zero=allow_iid|rng=MT19937-RandomState,0.3,allow_iid,0.0009081438183784485,8.946377784013748e-05,0.0013839444145560265,0.0011910181492567062,0.00834447331726551,0.011925543658435345,0.0035725701600313187,29,726,1,6,SAT_unsat_identifiable,1,boolean_factorization,exclude_x,exclude_x,0,1481,5383,0,1,1,0,1,0,0,1,1,1,0,0,0.007713786326348782
4,50,10,100,2416016651,98,conj,glucose42,MT19937-RandomState,5.378294736146927e-05,10010010010000110010000101000000010000000010110010100010100001000010011001000011100000000100000110001001000011000010100100111000100010001000000000100010000001010010001001001011000001010000001110011011100001000000010010001000110010110100100100000011000000010000010001100100000000100001110110000101001000110000101100000100100010000100000000011011011100000100000001111011001100011000001000000100101000000101011100000000000000100010100101010100101111010000010100111000110010100010001000000100010001000101,5d44d57ba099c740be57a3c9b238ae05701e44f0acad97d1e1fd41a4a6ab71cd,bernoulli,bernoulli|conj|p=0.3|zero=allow_iid|rng=MT19937-RandomState,0.3,allow_iid,0.0008926447480916977,8.295755833387375e-05,0.0012368159368634224,0.0011361567303538322,0.0072241052985191345,0.010580710135400295,0.003348574973642826,26,698,1,6,SAT_unsat_identifiable,1,boolean_factorization,exclude_x,exclude_x,0,1274,4753,0,1,1,0,1,0,0,1,1,1,0,0,0.007441088557243347
4,50,10,100,2416016651,99,conj,glucose42,MT19937-RandomState,5.627144128084183e-05,00100100010000101001000110000000000011101001000110000010010000000101010001000100100000100001110101100001000000010011000100000100010100001011000100000000000001001100000110101101000001000000010001001000110110010010000001000111111000000000010000100000101111000010000000100011000000100000010000001010010010011110000001100000001000010100100000101100000001000100101010100000000001010110001111000010000001011000111001111000000001101011011000000000000101000000010000000011001101101100010000000101000110000000,2f5b47327cdce552d4aa5902717dd4f4257f554da84f8850d31321500177e84f,bernoulli,bernoulli|conj|p=0.3|zero=allow_iid|rng=MT19937-RandomState,0.3,allow_iid,0.0009255483746528625,8.51871445775032e-05,0.0011985450983047485,0.0010549956932663918,0.010006471537053585,0.01327810250222683,0.003264276310801506,26,727,1,6,SAT_unsat_identifiable,1,boolean_factorization,exclude_x,exclude_x,0,1274,4753,0,1,1,0,0,0,0,1,1,1,0,0,0.007260393351316452
