schema_version,J,K,N,seed,sim,operator,solver_name,rng_engine,generation_time,q_bitstring,q_sha256,design,design_id,p,zero_row_policy,basis_time,identity_check_time,two_col_check_time,three_col_check_time,sat_time,algorithm_time,preprocess_time,J_basis,M_basis,identifiable,branch,branch_label,sat_called,sat_formulation,sat_cardinality_encoding,cardinality_encoding_requested,maximal_candidate_requested,sat_variables,sat_clauses,identity_original,not_complete_original,has_pure_node_original,no_pure_nodes_original,has_zero_row_original,two_col_violation_original,three_col_violation_original,two_column_pass_original,both_necessary_checks_pass_original,I_3c,identity_basis,two_col_violation_basis,diagnostics_time
4,50,10,100,4103533176,0,conj,glucose42,MT19937-RandomState,0.00013463571667671204,01010000000100010000001010001000010001100100001000010100101010010101000010100000000011100011000001000000000100000011000110000001010100001101010001011000001001001110000010000001010000010000001001100000001011001110000010010001000000010100011111000100101010001000100000001111110010000000010100000000000110101000000011010000100100000010110100000010011000001100010000000000000000110010000000010001000101100001100000000000000010101001000010010100010001000111000001010101100100000010010000010110001000000110,76235aef7954eba2ef906b93b968807383e7133084cd64adecaee7fe9cb89750,bernoulli,bernoulli|conj|p=0.3|zero=allow_iid|rng=MT19937-RandomState,0.3,allow_iid,0.0009218873456120491,0.00012900028377771378,0.0014606490731239319,0.001071692444384098,0.022080039605498314,0.025672213174402714,0.003583229146897793,32,712,1,6,SAT_unsat_identifiable,1,boolean_factorization,exclude_x,exclude_x,0,1568,5881,0,1,1,0,1,0,0,1,1,1,0,0,0.00788831152021885
4,50,10,100,4103533176,1,conj,glucose42,MT19937-RandomState,5.2920542657375336e-05,01001110011000000000000000001010000110110100010001010001100110111001111100100011111010000000011010000100100001011101110100000001000101001000100100000001000000111000010000000100100000001010100010010000000010011111001010101000100001100101010110100000010001000100010000010000000001000101110100000010001110110110100000000001000000010001000001010111000100000000100010001111110010001010101001000101100000110000001101010001101000011010100001000000000001000010000000111000000000000011100000000011010001010010,44065f87ac0c9ab95b40244c6fe7a4b84a36ada09369fab2a47baf6be3f06357,bernoulli,bernoulli|conj|p=0.3|zero=allow_iid|rng=MT19937-RandomState,0.3,allow_iid,0.0008951481431722641,8.439645171165466e-05,0.001218755729496479,0.0010348157957196236,0.006855170242488384,0.010095036588609219,0.0032331161201000214,26,759,1,6,SAT_unsat_identifiable,1,boolean_factorization,exclude_x,exclude_x,0,1294,4775,0,1,1,0,0,0,0,1,1,1,0,0,0.007223699241876602
4,50,10,100,4103533176,2,conj,glucose42,MT19937-RandomState,5.553290247917175e-05,10110001100011100000001100100001001000000110000100011000101100110000001010000000110001101100100000000000101000011101100100101000000100110001010011010100000001001111000110010100000100010001101100101000110110100011010000011000001000000010011111000000100111011100111001100100101000000000010000110010001000101010000000000000000001001000010010000000010011001101001010100010110000000011000100010011000100110001001100111010100100000001011000111000010100000001000010110010000101100000001000100000001011010001,c29d220daa5e3bec767561cbd23e1216d77f837253707e3acb78b29bc0ab6848,bernoulli,bernoulli|conj|p=0.3|zero=allow_iid|rng=MT19937-RandomState,0.3,allow_iid,0.0009243376553058624,7.821433246135712e-05,0.0012428062036633492,0.0010116547346115112,0.011709863319993019,0.01497596874833107,0.00325701292604208,27,740,1,6,SAT_unsat_identifiable,1,boolean_factorization,exclude_x,exclude_x,0,1353,4974,0,1,1,0,1,0,0,1,1,1,0,0,0.007409639656543732
4,50,10,100,4103533176,3,conj,glucose42,MT19937-RandomState,5.6556425988674164e-05,10010000011010101010100101010111110100000000101001010000010000001000000001000011000101100000100001100001001101000000100000000100000100000110001101000001000000001011000111100001000001000001000010001000101010001010000011000101000001000011001000000110000110010010000000000010100010000011011100000100100110001000010000011000111111000100110000001000010000000000010000001100010000010010100010000010000100010100011001001011010101100001001001000101001000000000100100011100111010000000000000001000101000010000,8739733c61ec4b84fecfc854e19c8c7fd07b18d8d03fb31f503a76fbb13a43f0,bernoulli,bernoulli|conj|p=0.3|zero=allow_iid|rng=MT19937-RandomState,0.3,allow_iid,0.0008916500955820084,7.99465924501419e-05,0.0012396490201354027,0.001031448133289814,0.006202828139066696,0.009454472921788692,0.003242693841457367,26,777,1,6,SAT_unsat_identifiable,1,boolean_factorization,exclude_x,exclude_x,0,1214,4687,0,1,1,0,1,0,0,1,1,1,0,0,0.007321210578083992
4,50,10,100,4103533176,4,conj,glucose42,MT19937-RandomState,5.287583917379379e-05,00000000000000111001011110000011001100010010100011100001001000000011110000000000000110000000100001000111100100011000000010010001010110000010100000100000100110010101110011000000110000100101000001001100000000110001010000000011100011111110110101001000100101011000000000100001000001001001111101000000000111000100100010001001010011000111101010001010000000010001100101001000111000001000111000100111011011000011110100100000011010100000100101011111100010011101010000000110010000000000000100010011010000100011,f2cae0e1981ab5b2b11dbef5461e1d2d4e825dbc285616f8934df8045d4e8a5d,bernoulli,bernoulli|conj|p=0.3|zero=allow_iid|rng=MT19937-RandomState,0.3,allow_iid,0.000913640484213829,7.914658635854721e-05,0.001402614638209343,0.0010099401697516441,0.00816650316119194,0.011580185033380985,0.0034053418785333633,31,592,1,6,SAT_unsat_identifiable,1,boolean_factorization,exclude_x,exclude_x,0,1629,5814,0,1,1,0,1,0,0,1,1,1,0,0,0.007260425016283989
4,50,10,100,4103533176,5,conj,glucose42,MT19937-RandomState,5.1110051572322845e-05,00000000010000110000001000100101101100110001011000000000101010100001100100000101000000010001000000000011000100000000000000011000000001010100001000010010000100010101000010110010110011000000010101000001000100001000001001100010011001000100001100101100001110000000000000000000000010100011001110100111100000000000010100110000101110010100111111000001000000001000000000001010110100010110000100000001000000010000101110000001000100000110000010000000100111100010100000000001000000010010000001000001110100110001,152796adbc2b6ceb1426b7e2c96bce5d15361a23b04b7e066a1f51eb2d088098,bernoulli,bernoulli|conj|p=0.3|zero=allow_iid|rng=MT19937-RandomState,0.3,allow_iid,0.0007721735164523125,7.16252252459526e-05,0.0011589797213673592,0.0010263388976454735,0.014050407335162163,0.01708818692713976,0.0030291173607110977,25,703,1,6,SAT_unsat_identifiable,1,boolean_factorization,exclude_x,exclude_x,0,1255,4598,0,1,1,0,1,0,0,1,1,1,0,0,0.007032772526144981
4,50,10,100,4103533176,6,conj,glucose42,MT19937-RandomState,5.150306969881058e-05,11000010000001000000100110000010110110100001001001111000010101111011100000000000000000001000111000101001001010110111000010010100100110110000011011100100000100010000010001001010000000111000000011001001001010111001100110110110110010000100100110001001010011100111010011000001010010011000101001000100011000010010001000011100000000100000010010001101000100000101010000101011000001010010100001100010001100001000000100000000000100000100110110100000000101010000000000000110000010001011000000100010010001000111,e8a7d8c6a7b312974bfae772600798d3016a25c4e87f13f5ea62d00f1ac4429f,bernoulli,bernoulli|conj|p=0.3|zero=allow_iid|rng=MT19937-RandomState,0.3,allow_iid,0.0008047614246606827,7.462967187166214e-05,0.0012776730582118034,0.0010017864406108856,0.006844894960522652,0.010010953061282635,0.003158850595355034,28,567,1,6,SAT_unsat_identifiable,1,boolean_factorization,exclude_x,exclude_x,0,1482,5250,0,1,1,0,1,0,0,1,1,1,0,0,0.006886593997478485
4,50,10,100,4103533176,7,conj,glucose42,MT19937-RandomState,5.20218163728714e-05,00101110010010100010100001000000001011110001000000001001001100000111000111000000001100000000001001010001001010001001001100001011000000001001000001010000000000001001000000100000100101110011100000011100010100010100011001000010000110000010000100001010110101100000010010000100000100000000001000000010011000010000001100110100010101000100110110000010100010000001000101101110010001000000000100000000110101000010000000001111000000001000000001100101100000000000001010010000001000101000011100000100010000100000,2d1318f63c5f76c30fa0a4131ee54ec6017f0ace4d9a99e03fd6b24f6f4ce547,bernoulli,bernoulli|conj|p=0.3|zero=allow_iid|rng=MT19937-RandomState,0.3,allow_iid,0.0007757926359772682,7.138215005397797e-05,0.0011991774663329124,0.0009971726685762405,0.00967541616410017,0.01272723451256752,0.003043524920940399,26,634,1,6,SAT_unsat_identifiable,1,boolean_factorization,exclude_x,exclude_x,0,1294,4775,0,1,1,0,1,0,0,1,1,1,0,0,0.006736217066645622
4,50,10,100,4103533176,8,conj,glucose42,MT19937-RandomState,5.0028786063194275e-05,01110001000011100101101101001001000000001000000100000000100011001000101001000010101000010000100110100100010000001001000001001000100000001000100000001001001100000100000001101010000000000000001101111001100001000000000011000000000011011001000111010011001100010100001000000001101101111001000000000000010001101100000000001000100011110000000100111000000100000001000001100100100000100001000000010001010010101001100001100000001000100000000001010110101011000100100010100000101000001001100001000001000000101000,894f906303ce2b44f154f4ed60ba3c322aca2c6eb2ece365b23741e8f3416c67,bernoulli,bernoulli|conj|p=0.3|zero=allow_iid|rng=MT19937-RandomState,0.3,allow_iid,0.0007623396813869476,6.64927065372467e-05,0.0010580290108919144,0.0009981747716665268,0.006991196423768997,0.009882796555757523,0.0028850361704826355,22,714,1,6,SAT_unsat_identifiable,1,boolean_factorization,exclude_x,exclude_x,0,1058,3979,0,1,1,0,1,0,0,1,1,1,0,0,0.006626228801906109
4,50,10,100,4103533176,9,conj,glucose42,MT19937-RandomState,5.137454718351364e-05,00000011000010101000101100111000100000100100000010010011000001110001101000010000000011000100101000110100111010011100000100100101001010111000010100000010100111000110111100100011000010001000010011000100010000100011010101000000010100000010000000011010000000000011101001011010110100100100010100001000100000000001100000000100100010110011000010001001010000001101000111101010010000000011011000000010100000000000001001100100100001000110011010001110000010001000001001001111001000000100000010000010010110010101,df1eff786e850aa3af0b1e1b9c3d3da3d4b8e9f672323022ac41bf254d63381c,bernoulli,bernoulli|conj|p=0.3|zero=allow_iid|rng=MT19937-RandomState,0.3,allow_iid,0.0010935068130493164,7.839687168598175e-05,0.0014391886070370674,0.000987643375992775,0.012313885614275932,0.015918768011033535,0.0035987356677651405,32,824,1,6,SAT_unsat_identifiable,1,boolean_factorization,exclude_x,exclude_x,0,1528,5837,0,1,1,0,0,0,0,1,1,1,0,0,0.008091853931546211
4,50,10,100,4103533176,10,conj,glucose42,MT19937-RandomState,8.7713822722435e-05,10001000010000010010001011011000010010010000010000111011110010000001001010000010110101010101001000010011000000100110001001001000100110100000100000101110000011011100000101011000000001010010100000011100000100001110000101011101100000001000000000100000001110000011010000010000000011010100100000101101011101001010000100110000010000011111000001000000010010100000111001100010111001101100010010000000011000000100000000010000110010001010000000000110001110100000110100000101100000001011001010011000001010100011,ee4a0a12067b82fdb2d49a202fd43857af348d82417d096472f8b1c2fe1a4f2c,bernoulli,bernoulli|conj|p=0.3|zero=allow_iid|rng=MT19937-RandomState,0.3,allow_iid,0.001019367016851902,8.821021765470505e-05,0.0015262337401509285,0.0010346649214625359,0.012761425226926804,0.016436289064586163,0.0036684758961200714,34,673,1,6,SAT_unsat_identifiable,1,boolean_factorization,exclude_x,exclude_x,0,1796,6400,0,1,1,0,0,0,0,1,1,1,0,0,0.007991207763552666
4,50,10,100,4103533176,11,conj,glucose42,MT19937-RandomState,4.876777529716492e-05,00000111000010010101000010001000010000000000001010110000001110001010111000000011100001101111000010101000100001001001000111000000000100001010110001000101000011001100101011000100010000100011100100000110110011011000100011100010001100110101110011000000011010000101010000111011001001110011000000101000000000010101110101010110011000000100000000011000010001000001100000010011000010100010000100001010010100010101100000001010000010000000010000001001001010001000100001110010011110000010001000000101100000000010,588d407d944acd0d06b7a619aa9f554c49fffcde09dc9100251ba1620721e54d,bernoulli,bernoulli|conj|p=0.3|zero=allow_iid|rng=MT19937-RandomState,0.3,allow_iid,0.0009678341448307037,8.447188884019852e-05,0.0012783855199813843,0.0009998222813010216,0.00869624875485897,0.012032702565193176,0.003330513834953308,28,699,1,6,SAT_unsat_identifiable,1,boolean_factorization,exclude_x,exclude_x,0,1342,5096,0,1,1,0,0,0,0,1,1,1,0,0,0.007187625393271446
4,50,10,100,4103533176,12,conj,glucose42,MT19937-RandomState,4.728883504867554e-05,00001000000000001001011100101010000000101000000011010010000100010100111110110100101001111010000010010001100110001100000010001001000110001001100000000000100000000010000000000100000000000100000011100100001000000110011000010001010110111100001000100101100000010010110000000100000011000001000010000000101000000100000010100000000001000000000111000101100100000011100001010001001000000011101001100000001110000101100101101010001000000000010011100110111101000010001100100010000000000000011010100001100000000100,9fa7ccf47ba3e551583148f00fb5d9a09bc9bf589862da83a5631eac0cadd5ca,bernoulli,bernoulli|conj|p=0.3|zero=allow_iid|rng=MT19937-RandomState,0.3,allow_iid,0.0008245296776294708,7.098633795976639e-05,0.001129819080233574,0.0010005384683609009,0.012371398508548737,0.015403680503368378,0.003025873564183712,24,784,1,6,SAT_unsat_identifiable,1,boolean_factorization,exclude_x,exclude_x,0,1176,4377,0,1,1,0,0,0,0,1,1,1,0,0,0.007031984627246857
4,50,10,100,4103533176,13,conj,glucose42,MT19937-RandomState,5.063600838184357e-05,10000010101110010101000100000100101010000010100100100101000000000010011010000110010000000001011010010101001100001010101010111010100100101010000001000000000000010100000100011001000001011000100000000000010000100111000000000011100000001010000010100100000000110001100100000000010100010011101101110011000010000000101000110101000010110010000000000010011011111110111000111000100100001110110011110101011000100000000110000001100000100011001110110000100000101010000110011001101011000001000000010000001010000000,36929b7fa9797e07e23b42d85aff229d1897b3fd4ee6b5e4c9676db7a43f89ef,bernoulli,bernoulli|conj|p=0.3|zero=allow_iid|rng=MT19937-RandomState,0.3,allow_iid,0.0010039806365966797,8.42604786157608e-05,0.0013747327029705048,0.0010200254619121552,0.009256536141037941,0.012746973894536495,0.0034829992800951004,30,736,1,6,SAT_unsat_identifiable,1,boolean_factorization,exclude_x,exclude_x,0,1560,5604,0,1,1,0,1,0,0,1,1,1,0,0,0.007646452635526657
4,50,10,100,4103533176,14,conj,glucose42,MT19937-RandomState,5.225185304880142e-05,00101010001100001000011100111010100001100100100010000000000100110010100100000111011000100001000001100000000100011000100000000100001100000001000010010011000100000000010001101110110000010000100000000000000010000000000001000101000000001111000001001010100100110000000101101010001000001100000110000011111100100010000010001001010001100101100001001000010000000001000000000100001011000000011001000011110000110010001100010101100101011000001100001001000000000000101000010000001000100100010010011101111100110001,b19df375d3e67e9e9005e5a046192cd8faec7f1a203ff29b0d6f3b89a08e5673,bernoulli,bernoulli|conj|p=0.3|zero=allow_iid|rng=MT19937-RandomState,0.3,allow_iid,0.0007989546284079552,8.049048483371735e-05,0.001263621263206005,0.0010179663076996803,0.006605793721973896,0.009773040190339088,0.003161032684147358,27,717,1,6,SAT_unsat_identifiable,1,boolean_factorization,exclude_x,exclude_x,0,1343,4963,0,1,1,0,1,0,0,1,1,1,0,0,0.00732355285435915
4,50,10,100,4103533176,15,conj,glucose42,MT19937-RandomState,5.424860864877701e-05,00001100010101000100001010100001000000000100000111101000010010001000000010110100010100100110011000001000100100001010110101000010101000000001000000110100110000001000000110001000110000000010000000011010000010100000000010000010011110000000001110000010000100100000000000100000000000100000101011111011010100100010101000000000000000010000100011110011000010110100000010000100010010000011000010001110001101000110101000000110001011000100010010000000000000000100111000000101000010100010111100010110001000000001,cd09ba86a924991d87894275b95477987f3c1bff4cbc15057652d08b08401c56,bernoulli,bernoulli|conj|p=0.3|zero=allow_iid|rng=MT19937-RandomState,0.3,allow_iid,0.0008499836549162865,7.920525968074799e-05,0.0011823158711194992,0.0010328255593776703,0.006648104637861252,0.009798793122172356,0.003144330345094204,25,789,1,6,SAT_unsat_identifiable,1,boolean_factorization,exclude_x,exclude_x,0,1175,4510,0,1,1,0,0,0,0,1,1,1,0,0,0.007096368819475174
4,50,10,100,4103533176,16,conj,glucose42,MT19937-RandomState,4.7927722334861755e-05,00100000000110100011000000000001110000000100000000000001000001001011000010010100100100010001100010010100011000000000100000100100100101000000001011111100011000000000001100101000010101000000000000110000011100000000000110000000011000010001100011001000000100001010000001000000100100000101000000000100110000000000100000010110110101010011001011010111111000010100000000001000100001100101001100000000101110000100100000000000000110101000000000001100000010001001001000000010000010000000000011000100000011010001,40116e9ad8619d6b1b934a00db88fa6eb8793018028f5b072c774e08e45f9443,bernoulli,bernoulli|conj|p=0.3|zero=allow_iid|rng=MT19937-RandomState,0.3,allow_iid,0.0007018987089395523,7.133278995752335e-05,0.0010473206639289856,0.001005144789814949,0.005930081009864807,0.008760837838053703,0.0028256969526410103,22,732,1,6,SAT_unsat_identifiable,1,boolean_factorization,exclude_x,exclude_x,0,1008,3924,0,1,1,0,1,0,0,1,1,1,0,0,0.006636139005422592
4,50,10,100,4103533176,17,conj,glucose42,MT19937-RandomState,5.2527524530887604e-05,00010100010000110010010010101010110001100000001000000010010000000001000000000100100100000110011011101011000001001000000000100111000000100000110101010010010101000000101010000001000010111100010000010001111000101110001000100001010000110100000001110010001001000101101000100000010100000101100000000000000001000000000001000001011001010100000000101001010110101100111010000000110010010000001100010100000001010100000101100100010000100010000100010011010000000000110110000001100001011001000000110100111010011010,1f6a4efc09b1a332ea19fd85fe2667b8fdcc1201c9b683afacdd491bcc0088cd,bernoulli,bernoulli|conj|p=0.3|zero=allow_iid|rng=MT19937-RandomState,0.3,allow_iid,0.0007818397134542465,7.123593240976334e-05,0.0009197713807225227,0.0009844573214650154,0.00502474419772625,0.0077882735058665276,0.002757304348051548,19,799,1,6,SAT_unsat_identifiable,1,boolean_factorization,exclude_x,exclude_x,0,861,3360,0,1,1,0,1,0,0,1,1,1,0,0,0.006732468493282795
4,50,10,100,4103533176,18,conj,glucose42,MT19937-RandomState,4.770234227180481e-05,00000011010000000001010000100000011001000000000001010101001000001000000000010100011001000001000010010000000001011101101100000101000100100010001010010000000000010010010010111001001101011000110110111000000011011100100001100000110010000000111001000000101001011000011010001101010010010010010100010000110110100000011010000001000000000001001010010000010001001110000001001010010010010000110000101010011111000000011010110011100000000100001010001000001010010100000000000000010001111001010000100001000100001100,0d072df12600aa0630f008d7fbe31cf1454631cfea92bacdd8a9e44b3c2eafe0,bernoulli,bernoulli|conj|p=0.3|zero=allow_iid|rng=MT19937-RandomState,0.3,allow_iid,0.0007871352136135101,7.510185241699219e-05,0.001285245642066002,0.0009850328788161278,0.017764891497790813,0.020904102362692356,0.003132515586912632,28,485,1,6,SAT_unsat_identifiable,1,boolean_factorization,exclude_x,exclude_x,0,1482,5250,0,1,1,0,1,0,0,1,1,1,0,0,0.006657090038061142
4,50,10,100,4103533176,19,conj,glucose42,MT19937-RandomState,5.070678889751434e-05,01001010010000000101110100000010000011010000100011001100000011010100110000010110011010100101000000000101100100001100010000101111000010000000010000000010010010001101100000100100110101010100000001111011010111000001100111100100101010110000000010001001000010000010100000001000000000000001111010010100100111000000010000101000000000000110000001100010101000000100001001000000000000101010000000001011000010000101110011000000001000010010001101000010000010010010110001001000101000011011000011010000110000011110,3e87f7a80dc6c3c40db6341d713cd9a039a431491733cba9d35416bc49a79cf5,bernoulli,bernoulli|conj|p=0.3|zero=allow_iid|rng=MT19937-RandomState,0.3,allow_iid,0.0009460244327783585,8.594058454036713e-05,0.0014037108048796654,0.0010051503777503967,0.008069583214819431,0.011516222730278969,0.0034408261999487877,31,639,1,6,SAT_unsat_identifiable,1,boolean_factorization,exclude_x,exclude_x,0,1569,5748,0,1,1,0,1,0,0,1,1,1,0,0,0.007330127060413361
4,50,10,100,4103533176,20,conj,glucose42,MT19937-RandomState,6.948783993721008e-05,00011011110101100000000000001100010110110111101001010001000010010010000001100110101110110101000000000101000101110000010011110010010100000011010001111001101010001000011001000010000001001000110110110100100000100001000010010000000011000001000100110001000000000000111011000100011010100011000001100010100010000001000110100100000100001101011100000100011000110000010101000000001101010100000100000100000000100010100000010000001000100000011011001101100001011100101100001010000000011010000000000010010001001000,5605538c0f76264f0e75235afecb08ef073070d0be162593ff57c3cb4723e3db,bernoulli,bernoulli|conj|p=0.3|zero=allow_iid|rng=MT19937-RandomState,0.3,allow_iid,0.0009126178920269012,7.96029344201088e-05,0.0011759158223867416,0.0010227058082818985,0.007072209380567074,0.010269871912896633,0.00319084245711565,25,679,1,6,SAT_unsat_identifiable,1,boolean_factorization,exclude_x,exclude_x,0,1245,4587,0,1,1,0,1,0,0,1,1,1,0,0,0.00674600712954998
4,50,10,100,4103533176,21,conj,glucose42,MT19937-RandomState,5.153380334377289e-05,11010000010110000001010100000000010000100100000000000100001000100101001010100010111000010100000011000100000001000100000100001011000110001100101000000100101010000010110110000010010100101000011100100100010000011010000010100001000100100100001110011101111000001100000011011000100010000000100000000000010110000001100000000000111101000100000000110011011000000000001001010111000011001101000110100000000000011000010001010101010100110010001010000111000001000011010000001001011001011000001101010001100010000011,4292a375137fe5f9f0867f9c378843b76cd8869df78b124dae57fd6c2706606f,bernoulli,bernoulli|conj|p=0.3|zero=allow_iid|rng=MT19937-RandomState,0.3,allow_iid,0.0009697536006569862,7.749814540147781e-05,0.0013527348637580872,0.0009836498647928238,0.008643146604299545,0.012032699771225452,0.003383636474609375,30,780,1,6,SAT_unsat_identifiable,1,boolean_factorization,exclude_x,exclude_x,0,1460,5494,0,1,1,0,1,0,0,1,1,1,0,0,0.007777923718094826
4,50,10,100,4103533176,22,conj,glucose42,MT19937-RandomState,5.417782813310623e-05,01000000001111000000110000000010010000010001100000110100000110100110000000111000101011000000000010110000001010110101000001010101001010000000100000000000000010110001000011011100101010011100000010101000000010010011001010110000000110101101101000000000001000110000000001110100010000110000000000001010100000000100000010000000000010111100100011010000101000101001100100000010000100000011000000000100101000000010010101000001001100100111101010000010001000111010000000010000011101000010000010101100011000100000,a5c68d8750ef9a6ec97c423d9755065d6971167c93d26c94e160bb442e00f6aa,bernoulli,bernoulli|conj|p=0.3|zero=allow_iid|rng=MT19937-RandomState,0.3,allow_iid,0.0008314857259392738,7.12815672159195e-05,0.001124420203268528,0.0009871646761894226,0.009076817892491817,0.01209823414683342,0.003014352172613144,24,805,1,6,SAT_unsat_identifiable,1,boolean_factorization,exclude_x,exclude_x,0,1206,4410,0,1,1,0,1,0,0,1,1,1,0,0,0.007181928493082523
4,50,10,100,4103533176,23,conj,glucose42,MT19937-RandomState,5.1958486437797546e-05,00000000110010011000101110010001010100101010000001010101101000001100110010100100000101000101100010000110100100010010101000111010010000001010001000000111001001100111001000011000110010000010000100010110100010000000010100100000010001000010001000100000000101101111001001110000000000011000100000001000011100010110000000000000001010100001100100100000000011100000001011101001000001001010111000111110100001000010000001001000010101010000101000110000010010000111010000100000100101111100110100000001000101101110,baec9c01e9d20961fdab3a885ab89fa20a5ddee065cd3e09d670f4b3f03fddcf,bernoulli,bernoulli|conj|p=0.3|zero=allow_iid|rng=MT19937-RandomState,0.3,allow_iid,0.0009617330506443977,9.182468056678772e-05,0.0014452086761593819,0.001012994907796383,0.008593986742198467,0.012112149968743324,0.0035117613151669502,32,651,1,6,SAT_unsat_identifiable,1,boolean_factorization,exclude_x,exclude_x,0,1648,5969,0,1,1,0,1,0,0,1,1,1,0,0,0.007505834102630615
4,50,10,100,4103533176,24,conj,glucose42,MT19937-RandomState,5.572568625211716e-05,10001010010000100010110110101000000001000001000101000000100100000101000110100010010101001000000000100001000110000001111010001111000000101100010100000010001010000001010100011100010000101011000010001010001001000100001010100010001000101110000000110000000001101010101101000001011010000000000110011010000001111000000010001010111110011100011000100000000001001100011011000000000001000001000001100101100011110000100000011110000000100000000100011100001000001011000010001001101010100000100100000110010010000110,4986f9807c7a5da9fe3814fb07d12c1dafb06f0bf375375e99b6a5e2c67dd365,bernoulli,bernoulli|conj|p=0.3|zero=allow_iid|rng=MT19937-RandomState,0.3,allow_iid,0.0009709838777780533,8.620321750640869e-05,0.001357903704047203,0.0010071499273180962,0.00803715456277132,0.011465133167803288,0.003422240726649761,30,698,1,6,SAT_unsat_identifiable,1,boolean_factorization,exclude_x,exclude_x,0,1490,5527,0,1,1,0,0,0,0,1,1,1,0,0,0.007414804771542549
4,50,10,100,4103533176,25,conj,glucose42,MT19937-RandomState,4.915706813335419e-05,01000101000001110001001100110100010001000000010001001110000010001001010011100000000001000101000011010001001010010001011000110100000110110001100011000001000000100011000000100101101000011000001100010100101000101100000011100000101110010000110101101011101100001110101111100000001010111010100000000010100000010000100000011100000011000000110100011110100000010000100000101000010001110001000110001000001000100000000000010000100010010100000011100010000110100100001100100000010101000010100000010100010011001001,3c4f8249c5a6065a050bd87dd7d2893b5a03254160fe831de640d309a424b3d2,bernoulli,bernoulli|conj|p=0.3|zero=allow_iid|rng=MT19937-RandomState,0.3,allow_iid,0.000829547643661499,7.974915206432343e-05,0.0014484096318483353,0.0010019000619649887,0.010737155564129353,0.014102937653660774,0.0033596064895391464,32,562,1,6,SAT_unsat_identifiable,1,boolean_factorization,exclude_x,exclude_x,0,1728,6057,0,1,0,1,1,0,0,1,1,1,0,0,0.007280183956027031
4,50,10,100,4103533176,26,conj,glucose42,MT19937-RandomState,5.0224363803863525e-05,00000000010111000101001111000001011000000100000000011011000000001000001100000000000100011010000110000000000100011000000000001100000100111000000000000001000011000000001000001100001110100100000001100000001000100101000100001010010100111000010000000001001001001000010100010011101000001011001000000010100001000000001011000000001000010010010001010011100110000000001001000001110001110100000011100110110001000000101000000001101000000001010000000110000110011000000001000011001000100000000110100000000001000100,b225b01b114dc8c9dec3154f919ee9dc504518dee1a704655ee5d1488a742d2b,bernoulli,bernoulli|conj|p=0.3|zero=allow_iid|rng=MT19937-RandomState,0.3,allow_iid,0.0008017364889383316,7.14985653758049e-05,0.0011274991557002068,0.0009994162246584892,0.0068383049219846725,0.00984377134591341,0.0030001504346728325,24,861,1,6,SAT_unsat_identifiable,1,boolean_factorization,exclude_x,exclude_x,0,1086,4278,0,1,1,0,1,0,0,1,1,1,0,0,0.0073623983189463615
4,50,10,100,4103533176,27,conj,glucose42,MT19937-RandomState,4.696287214756012e-05,00110000100110001101000110111000000100010010100000000000000000101001111001110000010000010000010011000000100010000001110000101000001000101000000001100010010100100001001101100001000001110000001000100010010100000000000001000000010001000010001100100010000000100000011000000001001001110000100110010101000000011010110100010010101101000011100001000100010100100101101001000000000000000010001000000110110001100000100000010010001000100001000000101000000000001101100000010100101100000101000010111100000110000010,022e278665e90ea793f6067600c3232be08f1a04628db31d92f4045c1e3c0187,bernoulli,bernoulli|conj|p=0.3|zero=allow_iid|rng=MT19937-RandomState,0.3,allow_iid,0.0008659819141030312,7.632281631231308e-05,0.001239946112036705,0.001008298248052597,0.007993646897375584,0.011190205812454224,0.0031905490905046463,27,777,1,6,SAT_unsat_identifiable,1,boolean_factorization,exclude_x,exclude_x,0,1293,4908,0,1,1,0,1,0,0,1,1,1,0,0,0.007397320121526718
4,50,10,100,4103533176,28,conj,glucose42,MT19937-RandomState,4.628300666809082e-05,10010110011100000000010001000000001000100000000010001000011001001101011000011000010011010000100001010000010001011000000100010001000001011001000100000111000110110000001100000001000011100101001100000000001110110101010010001000000010000000100000100010011011000010001000001000001000000010000000100000000010001110000000000000001011000001100010101100100010000001111100001001100011010000101001010010010000100000001100001001100001011000000000000000000010100110000000000001101001000000000000010000001110010101,7c3742cf1c750c37737846e1ebed46d0886d6ed6986ae845417cb5291ecfa730,bernoulli,bernoulli|conj|p=0.3|zero=allow_iid|rng=MT19937-RandomState,0.3,allow_iid,0.0008442485705018044,6.838422268629074e-05,0.001124042086303234,0.0010103033855557442,0.007131076417863369,0.0101839704439044,0.0030469782650470734,24,886,1,6,SAT_unsat_identifiable,1,boolean_factorization,exclude_x,exclude_x,0,1106,4300,0,1,1,0,1,0,0,1,1,1,0,0,0.007374520413577557
4,50,10,100,4103533176,29,conj,glucose42,MT19937-RandomState,5.809403955936432e-05,00111100111100000001010000000100000000010000000000110010000001010000100000011000000000101100010000001000001100011100000000100101001100110001000001010000000000000100010110100000010100001001100000100011100101010111101010001110101010110010000000011101100010100100000000000000101000100111000011001000110011000000010001001000000010000000110100001000000000000100010000110000001100000000000100101010001000010010100100010000111010000000110000001001010100000011111000010010100000001000100001101001001000010110,7571d0f38f8381af34885045ccbde4a4fbdb0e590b0e6e55244e576322d3acd6,bernoulli,bernoulli|conj|p=0.3|zero=allow_iid|rng=MT19937-RandomState,0.3,allow_iid,0.0009913770481944084,9.229220449924469e-05,0.0014799870550632477,0.0010139737278223038,0.009059613570570946,0.012643108144402504,0.0035776300355792046,33,781,1,6,SAT_unsat_identifiable,1,boolean_factorization,exclude_x,exclude_x,0,1587,6036,0,1,1,0,1,0,0,1,1,1,0,0,0.00805441103875637
4,50,10,100,4103533176,30,conj,glucose42,MT19937-RandomState,6.988551467657089e-05,00101000011000001110010001000000100000101010010000010010001011000011011100010000000000000001100110110100000001100000100110010000100001110001000000110000001010000110100001100001000000000000110001001100111110000000100100000000000000000000000000000000100000001101110001100101100110011001011000100000100010000110100101000010000000011000000011101101101100101110000000000000100001100000101001010110111000000001010010000100001000010000001001010100110000010100000011010010000101000101011011000010010010000000,57daf216a0dd49dc1c67d2e50518f3d0e0dc3766d6f5512e6f50b6f8073839e8,bernoulli,bernoulli|conj|p=0.3|zero=allow_iid|rng=MT19937-RandomState,0.3,allow_iid,0.000872843898832798,7.821619510650635e-05,0.0012789005413651466,0.0009895963594317436,0.014517293311655521,0.017743367701768875,0.0032195569947361946,28,709,1,6,SAT_unsat_identifiable,1,boolean_factorization,exclude_x,exclude_x,0,1422,5184,0,1,1,0,1,0,0,1,1,1,0,0,0.007411510683596134
4,50,10,100,4103533176,31,conj,glucose42,MT19937-RandomState,5.230400711297989e-05,10000000000000000010111001010101000001100000000010001000110000111010011000000000000101100000110001001110011011010011000011011010000010001111010100100111000000000101011000000010000010101000011011000010111000000101000101001001000100001000000001100001000110100010001010101001001000100011000101011000001101100001011000011000010010010000110101101100000100000100001001101111110010100000010100101010111110001000000000000000111001010011111110010000000010001001100001100001000010001110000001010101011100000000,d8a7fee9e9f610f3509241c60c89f8f3e0871bd3d04f43436991f3f5b6767c37,bernoulli,bernoulli|conj|p=0.3|zero=allow_iid|rng=MT19937-RandomState,0.3,allow_iid,0.0009799497202038765,9.371619671583176e-05,0.0015855487436056137,0.0010082712396979332,0.011888177134096622,0.015561860054731369,0.003667485900223255,35,496,1,6,SAT_unsat_identifiable,1,boolean_factorization,exclude_x,exclude_x,0,1915,6665,0,1,1,0,0,0,0,1,1,1,0,0,0.007336624898016453
4,50,10,100,4103533176,32,conj,glucose42,MT19937-RandomState,5.391612648963928e-05,01101001000000111011000010011011000101100101111001001100101000110000011001001100000111010100010101110011010001010000000110010000000001100000000000001100011111000000000000100000000100001100010101000011000101000000001000110000100110000100000100100000100101010000011101100000100001000101000100101010101100001101001010001001000010010000110000101100110000011010100011010000000111000000000011010000111000101000000000000000101100010000010100100000100100010000000000000000000100010111101010000001000100000010,1eab3a8ccbaa16d14fc4545b6d0a19244cf469ccabf4733096ec9518fb635f27,bernoulli,bernoulli|conj|p=0.3|zero=allow_iid|rng=MT19937-RandomState,0.3,allow_iid,0.0009399019181728363,9.670574218034744e-05,0.0015816716477274895,0.00101575069129467,0.010722964070737362,0.014363358728587627,0.0036340299993753433,35,619,1,6,SAT_unsat_identifiable,1,boolean_factorization,exclude_x,exclude_x,0,1825,6566,0,1,1,0,1,0,0,1,1,1,0,0,0.007729707285761833
4,50,10,100,4103533176,33,conj,glucose42,MT19937-RandomState,5.184020847082138e-05,01010010110000100000100001000110010110100010001000001000000110010010011001011000000010010000001000010000000000100110010000000100100100001100000100000011010010101111100000100011100000010000011000010100100000010101011100001000110000010011110000100000111100110010000000100100000110011001110100101010011000001001100100000000000000000100001000001100000001001101011001010001000110100001000000010000000100000101000100000001111010101001000101100100100100000101011011001100001101100100000000011000000001000101,416803b9f9a4663aa30376c9ccac793f9faf02b2d74fd5cea5dfac13eb4d77b2,bernoulli,bernoulli|conj|p=0.3|zero=allow_iid|rng=MT19937-RandomState,0.3,allow_iid,0.0009078830480575562,7.764529436826706e-05,0.0012429067865014076,0.0010085497051477432,0.007641872391104698,0.010884815827012062,0.003236984834074974,27,721,1,6,SAT_unsat_identifiable,1,boolean_factorization,exclude_x,exclude_x,0,1373,4996,0,1,1,0,1,0,0,1,1,1,0,0,0.007394390180706978
4,50,10,100,4103533176,34,conj,glucose42,MT19937-RandomState,4.790443927049637e-05,00000001100001001101011100001101100000100001010011000000010000001010001100100110000000001000100001000101000001000000000001010000000101100101100000011010011101110011000101001000000100100010101001101000011000100010001011000000010000010010000000001000010010000001000001100010001001000000100100000000001100000010000110010010000100000000010101000000100001110001000000110000010010100000000010000000100001001101000000011110000000000010000001011101110000000101010100000100001000100101000001010100010010100111,aa0c15eafc7843972ea52e3d523197a53c3b57ea05f622ff79a16251fb4625d4,bernoulli,bernoulli|conj|p=0.3|zero=allow_iid|rng=MT19937-RandomState,0.3,allow_iid,0.0008244859054684639,9.154155850410461e-05,0.0012273099273443222,0.0010091448202729225,0.006270882673561573,0.009430832229554653,0.0031524822115898132,26,826,1,6,SAT_unsat_identifiable,1,boolean_factorization,exclude_x,exclude_x,0,1194,4665,0,1,1,0,1,0,0,1,1,1,0,0,0.007378420792520046
4,50,10,100,4103533176,35,conj,glucose42,MT19937-RandomState,5.11612743139267e-05,01110000011001000110001000000111000000000010100000010110100000000001110100011100101000101010110100010001110000000001000000000010010100000100010110100001101000100010111100000010011000010000100100000000010001010010000010000000100000010010101000000011111001011000110010100001001110000000010011110111100100010111000001100000001000011101100000011001000001000101000000001000101100011000001001100110100000100011110100010001001101010001000011011000110001000000001010000000001100010001000000110010010010100111,3687b2bf7e0d76ff5f3c5eb7dfa64af5316757f42d2ada5d08ee511485fd42fd,bernoulli,bernoulli|conj|p=0.3|zero=allow_iid|rng=MT19937-RandomState,0.3,allow_iid,0.0009538298472762108,8.900463581085205e-05,0.0012179864570498466,0.001008281484246254,0.010410032235085964,0.013685652986168861,0.0032691024243831635,26,742,1,6,SAT_unsat_identifiable,1,boolean_factorization,exclude_x,exclude_x,0,1254,4731,0,1,1,0,0,0,0,1,1,1,0,0,0.007064098492264748
4,50,10,100,4103533176,36,conj,glucose42,MT19937-RandomState,5.301833152770996e-05,00000000100101001100000110001110101000001001001000101000000011011000100100001011001110000001000000000111001100001000001001111010000100011001010000010001100111000010010000010110110000100001010010000001010100000000000011010000000000010100100101001111000010000010110010000110101011010100011101101000111010010110000000010000011100001000101000100001011100000000011011010100001101000001101000001000100000100100100000000000000000000100010100010010010001101100000010010101000000000001010011000000101001000011,d4d2b57eb04e46a8921fec4c5226f87834302b5c688c00fc23359e840246c867,bernoulli,bernoulli|conj|p=0.3|zero=allow_iid|rng=MT19937-RandomState,0.3,allow_iid,0.0009471932426095009,9.41343605518341e-05,0.0014900360256433487,0.0010057203471660614,0.013485681265592575,0.01702937763184309,0.003537083975970745,33,627,1,6,SAT_unsat_identifiable,1,boolean_factorization,exclude_x,exclude_x,0,1717,6179,0,1,1,0,1,0,0,1,1,1,0,0,0.007632778957486153
4,50,10,100,4103533176,37,conj,glucose42,MT19937-RandomState,5.8298930525779724e-05,10110010000000001000010111000010100110000000001100001000100000010000010001110001001110010001000001100010000001000000001010000000010110000000100110000000110101010001111010010001110000100000000101100001011000001110000110110100010100100000101000111110011000100001001000010100000010000000000110010010100001100000101011000011010010000110000111000000000000100000000000010000000000011000001000100100110001100000001000110100000010100010011000000100000000110000000011000010110000000100100011000010000100100001,f55129158e707fb67a7286b8058c918a020cf74daa0a28279b6fff2c247f8dac,bernoulli,bernoulli|conj|p=0.3|zero=allow_iid|rng=MT19937-RandomState,0.3,allow_iid,0.0008825091645121574,8.880533277988434e-05,0.0013150423765182495,0.0010214457288384438,0.010900227352976799,0.014214997179806232,0.003307802602648735,28,721,1,6,SAT_unsat_identifiable,1,boolean_factorization,exclude_x,exclude_x,0,1362,5118,0,1,1,0,1,0,0,1,1,1,0,0,0.007494071498513222
4,50,10,100,4103533176,38,conj,glucose42,MT19937-RandomState,5.0176866352558136e-05,00100100100100000010100001011000000000100100100001100000100000101101000000100000001000100010001110001010001110111000000010000000000001110000001100010000010001000000001010110101010101010001000000001010000000100000100000001000000100011000000000100011000100000100101110000111000000100001000001000000100110100101101010010001000011100011000000111111110110000000001010001010001010101100101011000100010100011000001011010010000010010000100000000101100011100000110010100010001011101000100000010000010010000101,1e28d65146cf8540af44f78ce95fb9b98949100463dee469f14031d1f24c5f46,bernoulli,bernoulli|conj|p=0.3|zero=allow_iid|rng=MT19937-RandomState,0.3,allow_iid,0.0009212298318743706,8.890219032764435e-05,0.0012239841744303703,0.001031302846968174,0.0077203018590807915,0.010996601544320583,0.0032654190436005592,26,766,1,6,SAT_unsat_identifiable,1,boolean_factorization,exclude_x,exclude_x,0,1234,4709,0,1,1,0,0,0,0,1,1,1,0,0,0.007432697340846062
4,50,10,100,4103533176,39,conj,glucose42,MT19937-RandomState,5.4066069424152374e-05,11101001010011001001000011011100001001010100000001010010011001000000011100110000101001000000010010001100001100000000000101100000100000000100000000110010000010001110011111001000010100000100110000010100011000100101010010001010010001010100000000010000100111000111001000010000000011100001000000010000110111100010001101010010010100000000000000000000100000001000010001000111001011110100000101001000011000011100000000000100110110010100111110000011000100001001011000000110000110001001001101100100010010101001,882694ce5801184de453858c54c6dc21e3eecf1b02de19d3333290b25139d37e,bernoulli,bernoulli|conj|p=0.3|zero=allow_iid|rng=MT19937-RandomState,0.3,allow_iid,0.0009200749918818474,8.437316864728928e-05,0.0013008834794163704,0.0010353075340390205,0.008346441201865673,0.011694393120706081,0.0033406391739845276,28,694,1,6,SAT_unsat_identifiable,1,boolean_factorization,exclude_x,exclude_x,0,1412,5173,0,1,1,0,1,0,0,1,1,1,0,0,0.007334603928029537
4,50,10,100,4103533176,40,conj,glucose42,MT19937-RandomState,8.357688784599304e-05,10000100000010010101010100110000000010010110101111000000000001010100000011100000100010000000101000011001000111000001001010000001010101000100100001101100000010001010101001011000100100100000010010100101110100010000101000000100101000010010000111000000001000010000001000000001000100100100000111000001110000100100000100100101000011000010000000000011100000010000000010000000011000001100000001000110000000000000100100100000000010000111100101010100011001000101000001110000110001111110000100001011101000000100,710412804b9305a364fddafba659e10ef4cbedf3f7d7512b63a575d365338ebe,bernoulli,bernoulli|conj|p=0.3|zero=allow_iid|rng=MT19937-RandomState,0.3,allow_iid,0.0008813822641968727,7.869862020015717e-05,0.0011924086138606071,0.0009878771379590034,0.008900744840502739,0.012048119679093361,0.0031403666362166405,26,625,1,6,SAT_unsat_identifiable,1,boolean_factorization,exclude_x,exclude_x,0,1224,4698,0,1,1,0,1,0,0,1,1,1,0,0,0.007000607438385487
4,50,10,100,4103533176,41,conj,glucose42,MT19937-RandomState,4.547368735074997e-05,00001000100000110001000100101001011100000011000001110000000110001000001000000000110000000000000000101000101000100100100001010110001100000001010000100111000010001010010111110000011100010010111011100100001001000001010000000010100110100010111000011000001001010000010011110011010101001000001110001000110110011001010101001000100000001000000110000100010000010001110001000010101000000100000011000011010100111000100100010001001011000001000001000000110001000101010000000000100110010100101100010100011000011000,1e9ab2ad5bf3d14bf3202c305422157e2ccb0ed89cc464f1bdd62b1006eb37ee,bernoulli,bernoulli|conj|p=0.3|zero=allow_iid|rng=MT19937-RandomState,0.3,allow_iid,0.0010555079206824303,8.725840598344803e-05,0.0015472276136279106,0.0010065427049994469,0.008552702143788338,0.012255508452653885,0.0036965366452932358,34,639,1,6,SAT_unsat_identifiable,1,boolean_factorization,exclude_x,exclude_x,0,1726,6323,0,1,1,0,0,0,0,1,1,1,0,0,0.007859117351472378
4,50,10,100,4103533176,42,conj,glucose42,MT19937-RandomState,4.960782825946808e-05,00000000001101000000010101010000100000111010011111000001111000000010010000000100000000010000001001100001010000000100000000001100010100000011100101001100000010001010001011111100100000010100110000001001001100101000011100000101101000000000010001001001000101001001000000100000000001100010000001100111000001000000001100010001000000100010101001000001010101000011000110011001100000111001001001000110000100001000011000110010000010100001110001010100000100011001011000110000101011010010110010000000100000100000,c0ebec78a43f844209fe71f5fb6977c8540d2a49b91905e814e7ecc9f2f6d0f0,bernoulli,bernoulli|conj|p=0.3|zero=allow_iid|rng=MT19937-RandomState,0.3,allow_iid,0.0008172858506441116,0.00010078400373458862,0.001168128103017807,0.0009861728176474571,0.013790378347039223,0.016869092360138893,0.0030723707750439644,25,664,1,6,SAT_unsat_identifiable,1,boolean_factorization,exclude_x,exclude_x,0,1255,4598,0,1,1,0,1,0,0,1,1,1,0,0,0.006867730990052223
4,50,10,100,4103533176,43,conj,glucose42,MT19937-RandomState,4.8873014748096466e-05,00000001000011011100110111010101100100110010100010101000000010101010001010001000000010100100000100010010010010000000100100100010010000001000100001001000000110000000111100000111001000101000100001000000000011010101000000000010001001100101000000100010000001100101010000000001010110000000110110100111000000111010001001010101100100110000000110000010001100001100100000100110000000000110000000101010110000000010011000111000110101011000001000010000000010000000000001010100000100000000000000100101001000111000,d75c25715ecde1db46913213aa2b4d73e86ca2a0d6f291564cad5aabf36fa266,bernoulli,bernoulli|conj|p=0.3|zero=allow_iid|rng=MT19937-RandomState,0.3,allow_iid,0.0008195117115974426,9.640399366617203e-05,0.0010194582864642143,0.0010115038603544235,0.01255031954497099,0.015503919683396816,0.0029468778520822525,21,768,1,6,SAT_unsat_identifiable,1,boolean_factorization,exclude_x,exclude_x,0,969,3747,0,1,1,0,1,0,0,1,1,1,0,0,0.006589080207049847
4,50,10,100,4103533176,44,conj,glucose42,MT19937-RandomState,4.602130502462387e-05,00000110000010000010100101010001100001000000010100010001100001100011100000010000001000000000010000100000001001110000000001000000101110101111000010010000000000010010000000001011000000000000100010000000101011001000111000111001111000000100100010000000011001110110010000000001011010000100000001001100001000010100001001011010000001000101001100000010001000010100000110010011001000000001100100100100000100000101000110000001100000011001010001001001100110000110010010000000100000000000010000010011101000010100,b76a3dcfaa702401381268b182fdc1ab7aea4a58eb4469c6a2c6607867c8a97c,bernoulli,bernoulli|conj|p=0.3|zero=allow_iid|rng=MT19937-RandomState,0.3,allow_iid,0.0007949927821755409,6.82072713971138e-05,0.0010049957782030106,0.0010128552094101906,0.006241204217076302,0.00912803877145052,0.002881051041185856,21,897,1,6,SAT_unsat_identifiable,1,boolean_factorization,exclude_x,exclude_x,0,949,3725,0,1,1,0,0,0,0,1,1,1,0,0,0.007040053606033325
4,50,10,100,4103533176,45,conj,glucose42,MT19937-RandomState,4.640035331249237e-05,01000000001101001000111000010000000010000000000000001110100010100100001000111110001000110101111010001110010010000000000010101001001011101010000000000001011000000100100101010001000000011001000000000001010011011001011010000010000000001000000000111010011001001000000010001000110011000001111100000000100101001001000010001001101000000001000001110000010000001000000100100100100110000101100000100111010111010000111000000110011000000100010000110000100000101000100100000010101001100010000011100000011001101000,03de958e49557ca62a7da95508fd67b7aabb1bf20ac7a3c46d1eb2366ec8e438,bernoulli,bernoulli|conj|p=0.3|zero=allow_iid|rng=MT19937-RandomState,0.3,allow_iid,0.0008211331441998482,7.866974920034409e-05,0.0012318473309278488,0.0010199127718806267,0.00773970689624548,0.010897599160671234,0.0031515629962086678,26,596,1,6,SAT_unsat_identifiable,1,boolean_factorization,exclude_x,exclude_x,0,1384,4874,0,1,1,0,1,0,0,1,1,1,0,0,0.006793745793402195
4,50,10,100,4103533176,46,conj,glucose42,MT19937-RandomState,5.006883293390274e-05,10001101000110110010001000001001000010001000011001000000100000000101001010011101001110000000100101011000110100000111100100111000000000101100101110011010011001000000000000100010100110101010000000100101000000100001000010000101000101100000000000010110000000010000110001000000100011100000110111000000101000000010010000011000000000000001100100001000100010001010010011000000010001010000101001000010100001010000100001000000100001100011101100100010111001111000001010000000000100000010000111110011010100100100,226725d8bbee82cd8019bcc268a2b331b6a378043f37d95f30039cf21f97e03a,bernoulli,bernoulli|conj|p=0.3|zero=allow_iid|rng=MT19937-RandomState,0.3,allow_iid,0.0008074361830949783,7.935520261526108e-05,0.0013106931000947952,0.0010315021499991417,0.007566333748400211,0.010802329517900944,0.0032289866358041763,28,664,1,6,SAT_unsat_identifiable,1,boolean_factorization,exclude_x,exclude_x,0,1432,5195,0,1,1,0,1,0,0,1,1,1,0,0,0.00731924083083868
4,50,10,100,4103533176,47,conj,glucose42,MT19937-RandomState,5.55478036403656e-05,00000000001000010000110101000110100000000000100000000000000010101000000000100100000010000001001010000100000110000010110010111110000000011100001011010010110010100011011100000000000001000000100000010001011000100000111001010000001000100010000101000010000001000011100111000110000000100000000100000100000010010000000000111010001110100001100011000000000000001100001001100010000110000111100000000010001000100000010100010000000101000000111001110100000010001100000100100100101100010100000011100011000101110010,0b0c575bde1dada32d786f763b73f6b79f12f64ea6be167dbac8d918ddcea1fd,bernoulli,bernoulli|conj|p=0.3|zero=allow_iid|rng=MT19937-RandomState,0.3,allow_iid,0.0008523482829332352,7.918942719697952e-05,0.0011626267805695534,0.0010226182639598846,0.00782164465636015,0.010944362729787827,0.0031167827546596527,25,806,1,6,SAT_unsat_identifiable,1,boolean_factorization,exclude_x,exclude_x,0,1205,4543,0,1,1,0,1,0,0,1,1,1,0,0,0.007117630913853645
4,50,10,100,4103533176,48,conj,glucose42,MT19937-RandomState,4.6193599700927734e-05,00000000000001000010011000000110100100100010010000001001111000011001000000011010100000101100001001000000001100101000000100010100100000010000110001011000100110011100000001010101110011100001000000000001000101000010001000001010010110010001000001000000100101000011010100110011100001011000111001001000100000011001010011001000010010000010001000100001000000000000010100110000000000000111000010000001010001011001100000100001001010010010001000011100000001010100010001010001000011000010000000001110001000001011,f2397b1182f07cd5818c2057363f957ac610ea5269efefe539a1b919d6a780ef,bernoulli,bernoulli|conj|p=0.3|zero=allow_iid|rng=MT19937-RandomState,0.3,allow_iid,0.0008937995880842209,8.153542876243591e-05,0.0014094077050685883,0.0010026227682828903,0.007791961543262005,0.011185847222805023,0.0033873654901981354,31,804,1,6,SAT_unsat_identifiable,1,boolean_factorization,exclude_x,exclude_x,0,1519,5693,0,1,1,0,1,0,0,1,1,1,0,0,0.00802279356867075
4,50,10,100,4103533176,49,conj,glucose42,MT19937-RandomState,5.003996193408966e-05,00100010001110000000101100101000000000011011111100110000100000111001001100111001100010000000011101001001011000000000001110110000000000100000010011000000110000000010000000101001000000010000000010001100010000101111101100000000000000010001010000010010010010010010101000100100000101000001011010000010000100000000010000000000000001000101011010001000010000000001001000001100100000100110001000100011001100011011001011000100010100010010000001000000010010110101100110000100000101000110011010010110010001001101,d68993c1a26279d56fff4ec8fc230cc49a5b2ec3570573a8a0a9c44f046bb42f,bernoulli,bernoulli|conj|p=0.3|zero=allow_iid|rng=MT19937-RandomState,0.3,allow_iid,0.0008769864216446877,8.189119398593903e-05,0.001279846765100956,0.0010130209848284721,0.009586287662386894,0.012844370678067207,0.0032517453655600548,28,689,1,6,SAT_unsat_identifiable,1,boolean_factorization,exclude_x,exclude_x,0,1402,5162,0,1,1,0,1,0,0,1,1,1,0,0,0.007215837016701698
4,50,10,100,4103533176,50,conj,glucose42,MT19937-RandomState,7.882900536060333e-05,01001010000001101001101001110000011010100000011000110011001110110100100011000000000011000101000001000000011000100011000001000000001000010000000010001100001101000000000010011111001101001000000000001001100000000100001111001000000010010110000010001010100000100101000000000101000000111000100011101001010011001001000110001010000010000000000011000110110000001000000000110110000100110001100011101000000010000000010000100011001001000010111101101011001000000000000000001000100000000010000011100000100000011101,f7c428a6b8acdd3056f21a23b2b39cc3ae223969ea286c3d52ad33689a0220c9,bernoulli,bernoulli|conj|p=0.3|zero=allow_iid|rng=MT19937-RandomState,0.3,allow_iid,0.0008408837020397186,7.17751681804657e-05,0.0009744465351104736,0.0010013943538069725,0.0054913051426410675,0.008385341614484787,0.0028884997591376305,20,783,1,6,SAT_unsat_identifiable,1,boolean_factorization,exclude_x,exclude_x,0,900,3537,0,1,1,0,1,0,0,1,1,1,0,0,0.006621580570936203
4,50,10,100,4103533176,51,conj,glucose42,MT19937-RandomState,5.169212818145752e-05,10001111000010110000000000001011011001000110110001010000000000000110101000001100001000001001100010000000100001000000110000001001001100000111000101110000000000010000001001111001111100001101101100001000101001010100001010001010101100010000010000000100100000000010000001001100010001101000001001001000010000001000010000010000010100010111100000011010000001100000101000000000001100001011001010000101000000000010000001000001000101010000100000010001110101100000000100001001000000010010010000000000100000010001,aa0b023270fa042d3b3fbfa49a39d394cf34c690b385f3927f0e41c72e153a77,bernoulli,bernoulli|conj|p=0.3|zero=allow_iid|rng=MT19937-RandomState,0.3,allow_iid,0.0008516944944858551,8.168444037437439e-05,0.00123639777302742,0.0010006874799728394,0.006941046565771103,0.010117153637111187,0.003170464187860489,27,729,1,6,SAT_unsat_identifiable,1,boolean_factorization,exclude_x,exclude_x,0,1283,4897,0,1,1,0,1,0,0,1,1,1,0,0,0.007302033714950085
4,50,10,100,4103533176,52,conj,glucose42,MT19937-RandomState,4.7394074499607086e-05,00010000000010000001010001001000111000001110111000000011010000100110000011101000010100000010100000100000000100011010110000010110000111001101100000010001110001000000110110001010000000000010000110000000000000100101000100101000000010100000010111000001000000000000111001011000110011000000000000000000000110000000111000001010001010000100110000010000100101011111110000000101101011110001001010001000010000000001011000000000000101010010110100000100011010001010000000100000000100010000000110110000000000010010,110401defcd0d5c7698c764bd0b193aceea4889a8411300d595a636190c0796e,bernoulli,bernoulli|conj|p=0.3|zero=allow_iid|rng=MT19937-RandomState,0.3,allow_iid,0.0007757255807518959,6.994232535362244e-05,0.0011549107730388641,0.0009972602128982544,0.006803357042372227,0.009806942194700241,0.002997838892042637,25,644,1,6,SAT_unsat_identifiable,1,boolean_factorization,exclude_x,exclude_x,0,1245,4587,0,1,1,0,1,0,0,1,1,1,0,0,0.0068130213767290115
4,50,10,100,4103533176,53,conj,glucose42,MT19937-RandomState,4.923064261674881e-05,11001000000110000000000010010010001000001001100100000011000010000100010110110000000000110000000011000111000101000000000000000000000001101000001010100000000111001000001000010100010101000110001010000110110100000100000100100110001001000000001000000010000110010111001101111000001101010001001100110000100110001101101010000100001000100001000000010110100010011010000000001000010110100000011100001000110100010000110000000000001000101010011100000100000000110000000000111000000010100010101000011001110101101100,dc724b1e7f0a6a2a37342151e2b832dd8d899debbb3b089ff857ed434adf24f8,bernoulli,bernoulli|conj|p=0.3|zero=allow_iid|rng=MT19937-RandomState,0.3,allow_iid,0.0008844388648867607,8.32676887512207e-05,0.001452081836760044,0.0010164501145482063,0.009320955723524094,0.012762821279466152,0.003436238504946232,32,675,1,6,SAT_unsat_identifiable,1,boolean_factorization,exclude_x,exclude_x,0,1628,5947,0,1,1,0,1,0,0,1,1,1,0,0,0.007627478800714016
4,50,10,100,4103533176,54,conj,glucose42,MT19937-RandomState,5.0241127610206604e-05,00000000001101110010001011001011001010000000001000111110011100000010101000010100100001000011000000101100010000110100011000000101000000000010000010101110001100010000010101010000001011100110000000010001101001000001010110010010011001001101000000100000000100010110010110000001010011000000011000001000100001110000001000000000001000000100000101010100001001000000100001110000010000001101000000010000001000100110000000000001000000110000100000100000000111000110000000001001010010010100110101100000101100000000,e9715bbf8737ef87218c2e5344cedd0ffa28d40b8c316d52952f63588c03afe4,bernoulli,bernoulli|conj|p=0.3|zero=allow_iid|rng=MT19937-RandomState,0.3,allow_iid,0.00087001733481884,8.021853864192963e-05,0.0011234711855649948,0.0009901411831378937,0.0066868895664811134,0.00975718628615141,0.003063848242163658,24,788,1,6,SAT_unsat_identifiable,1,boolean_factorization,exclude_x,exclude_x,0,1166,4366,0,1,1,0,1,0,0,1,1,1,0,0,0.007049277424812317
4,50,10,100,4103533176,55,conj,glucose42,MT19937-RandomState,4.9334950745105743e-05,00100000000001110000010100001000000100110001000000011000100000110000010110100011000011010010000000101100000000100111000100100010000101010100000001010011000111100010000010101000000001111010010000100011100001000110010101000100000000010000100110000000010100111000000100100101010000101110100101110001001100001101110100110001101100000000011100010010000101001101001000101010110000100100000100011000001100000100010111010101001010100000010001000000011000101001001001100111101001100100110000100000010100000101,73b3f8608aebf233cccb15a9b62cccda843dcc3f1e9383a3d633f1f8b791b9a2,bernoulli,bernoulli|conj|p=0.3|zero=allow_iid|rng=MT19937-RandomState,0.3,allow_iid,0.0009557008743286133,9.682029485702515e-05,0.0014633936807513237,0.0009913118556141853,0.01873659435659647,0.022250091657042503,0.0035072267055511475,32,687,1,6,SAT_unsat_identifiable,1,boolean_factorization,exclude_x,exclude_x,0,1648,5969,0,1,1,0,0,0,0,1,1,1,0,0,0.007696021348237991
4,50,10,100,4103533176,56,conj,glucose42,MT19937-RandomState,5.1138922572135925e-05,00000100100000011000100010101010001010101100000001000001001000000000000010100000100011111010001000000101011101000000101010110000000000000101011010110000000100010010011000011100000000100000000010001100010010011001101000000100010011001000100010000000110100010001100011000000011101100010010100100001100000111001000010100001000100010000010100000010000010001011010000010000010010100011000100000011000010001100010000101111101110000100000010100000001001001000000111100000000001001000000000000010100001010010,6b8a1689b386b6b158e5074071e5bb959530cfed90f2bdccd8e8e3083d55e505,bernoulli,bernoulli|conj|p=0.3|zero=allow_iid|rng=MT19937-RandomState,0.3,allow_iid,0.000871255062520504,7.72867351770401e-05,0.0012688469141721725,0.001003393903374672,0.010539423674345016,0.013766716234385967,0.0032207826152443886,28,729,1,6,SAT_unsat_identifiable,1,boolean_factorization,exclude_x,exclude_x,0,1332,5085,0,1,1,0,1,0,0,1,1,1,0,0,0.007200146093964577
4,50,10,100,4103533176,57,conj,glucose42,MT19937-RandomState,4.877801984548569e-05,01101001110010000000000111001100000001000100001001000000010010110010100001000010000000000111010100000000010010000000001000001001100110000110000001000001010000100010100010001001100100110110000101010000000100100000000101001101000011001000001000010100010000000100100001111101010000110011010000000000100000100010000000101000111010011000111101001110000010110010110010101000011010010000001001000000000100010001100011101001001000000000010010000001000001000001000010101000010110000010000001010010000000110000,9f67968fb3c228185a3d72877309445ea71d6ceca742d8fe1302662548d1a717,bernoulli,bernoulli|conj|p=0.3|zero=allow_iid|rng=MT19937-RandomState,0.3,allow_iid,0.0007765321061015129,7.704272866249084e-05,0.0011616889387369156,0.0010003391653299332,0.006585483439266682,0.009607340209186077,0.0030156029388308525,25,648,1,6,SAT_unsat_identifiable,1,boolean_factorization,exclude_x,exclude_x,0,1275,4620,0,1,1,0,0,0,0,1,1,1,0,0,0.006913004443049431
4,50,10,100,4103533176,58,conj,glucose42,MT19937-RandomState,4.621967673301697e-05,01000011000000100000001011101110110000101111111001000110000000000010001000001010000011100101100110000001010100000000100001100000000000001100001001101000000101010110000100000111000011010001000010110010000011011000000001001101010000011001011110001000100001000000000101000000101010010000010000000111000000010101000100100000001101101001000100010001000001000000001011101001000000000000011010000000010001010000000100000010000000100110011000000000001101000000100110001001001010001101110101000010110010001000,700748425a7da8131c8879f3a5a9dfd54bfd2e06c59ef98ac782e81a0a87a885,bernoulli,bernoulli|conj|p=0.3|zero=allow_iid|rng=MT19937-RandomState,0.3,allow_iid,0.0007948046550154686,6.880145519971848e-05,0.0010811705142259598,0.0009939661249518394,0.006160336546599865,0.009104348719120026,0.0029387427493929863,23,798,1,6,SAT_unsat_identifiable,1,boolean_factorization,exclude_x,exclude_x,0,1127,4189,0,1,1,0,1,0,0,1,1,1,0,0,0.006911753676831722
4,50,10,100,4103533176,59,conj,glucose42,MT19937-RandomState,5.125906318426132e-05,01101010011011101000100010010000000000010001000000000100010000100000000100100001010001101001010000101001001000000011100111000000000111100000100100010000110010001000100111111100000100010000000100011011000010001000100110010000100011000000110000100000111001001001000100110010011001011101000010001011001011001000000100010000000010010011110010110010000000100100010001010001110011000000010010000011001000111100001100011001111000001111010001100010000101010010001000001100111001011110100010100100001101010000,6f05a75c3e7c0f79e2cc926a4e86f919ef166e540a973c5f579a2cc629c8cccb,bernoulli,bernoulli|conj|p=0.3|zero=allow_iid|rng=MT19937-RandomState,0.3,allow_iid,0.0008628964424133301,7.383152842521667e-05,0.0010883854702115059,0.001002044416964054,0.006499089300632477,0.009531833231449127,0.0030271578580141068,23,650,1,6,SAT_unsat_identifiable,1,boolean_factorization,exclude_x,exclude_x,0,1147,4211,0,1,1,0,0,0,0,1,1,1,0,0,0.006597861647605896
4,50,10,100,4103533176,60,conj,glucose42,MT19937-RandomState,9.251758456230164e-05,00101011000001011010101100110000000010101010010100000010100001000101100000000000000010000000010100010001000000000100001110000100000001001000000101100000101101100000001001011000001000110100101101000010000110000000000111000011010100000010101100110111100100100000000010000110000010000010010110010100100000000101000010000011000010001111001101000100000100110000100000100000000000001000000001111000000011011011110000000000000100100100000010001010000000001000111000011000000011000100011000000000100001000101,f92e264ae300c628e6898bfb7d4a4f0cf3d6f0b7c81bb1a3abb3333991be0123,bernoulli,bernoulli|conj|p=0.3|zero=allow_iid|rng=MT19937-RandomState,0.3,allow_iid,0.000807764008641243,7.679499685764313e-05,0.0011345967650413513,0.001004442572593689,0.0067884670570492744,0.009818928316235542,0.0030235983431339264,24,818,1,6,SAT_unsat_identifiable,1,boolean_factorization,exclude_x,exclude_x,0,1136,4333,0,1,1,0,1,0,0,1,1,1,0,0,0.007186450995504856
4,50,10,100,4103533176,61,conj,glucose42,MT19937-RandomState,5.043298006057739e-05,00000011001100101000000000010001000010000000000010110110100000010000110000000000010000000110000100000100110100101000101010000010111000000000110101000101000110100010000000101100010011011000000100100010000001000001001110000000001010000010100011100010110100011001100000001100100000011000000101000000000000100000001000100001000110000010100101010001011000101001000000000100000000001000000100011000010000111100001111000000100010100001010111000011001001010010001110100011010000010000101001000100001100100100,6ac3c485961e47d28a33c386d84735e7be99f0b833e1774ae35d393999488b63,bernoulli,bernoulli|conj|p=0.3|zero=allow_iid|rng=MT19937-RandomState,0.3,allow_iid,0.0008381791412830353,8.730869740247726e-05,0.0011793654412031174,0.0010153735056519508,0.006658731959760189,0.00978468544781208,0.0031202267855405807,25,806,1,6,SAT_unsat_identifiable,1,boolean_factorization,exclude_x,exclude_x,0,1205,4543,0,1,1,0,1,0,0,1,1,1,0,0,0.007378817535936832
4,50,10,100,4103533176,62,conj,glucose42,MT19937-RandomState,5.4601579904556274e-05,00001101001001001010110000010000111000100100010010100000000010000000001011100000100110001101000000000000001000110000001000010000100111000010001010001101010001001000001110011000000100010000000110010000001010100000011000010100001000010011001101000111010000000011011010010010000001010110001000011000010000000001011000001100001000011111111110010000001010000010100010010001000000000000010101001001010000001000100100000010000101010110010000101001001101110000000100000000111101011001001000111011000000011000,05be8f29956453ccc34a8ef65406e1ef4d35c7c4d0c03c56781093db879ced5a,bernoulli,bernoulli|conj|p=0.3|zero=allow_iid|rng=MT19937-RandomState,0.3,allow_iid,0.0009947484359145164,9.208079427480698e-05,0.0015015443786978722,0.0010113203898072243,0.010928896255791187,0.014534513466060162,0.00359969399869442,33,753,1,6,SAT_unsat_identifiable,1,boolean_factorization,exclude_x,exclude_x,0,1677,6135,0,1,1,0,1,0,0,1,1,1,0,0,0.008090742863714695
4,50,10,100,4103533176,63,conj,glucose42,MT19937-RandomState,5.0377100706100464e-05,01001010000100011001000010111000011000010010010110000100010000100100110000010010000000001100010010001000010001000000000000001010010101101010101000001000000011010010000001110011110001000101000010100010111111000001101000100100010000000001000000000011000000101000011010010110010000011100000100110100010010100001000000011001001101000100100010000010000000100100011001100001000000011111100000000101000000010010000000101101001001000000101000000000010100000000001010101100010110000000000000011000000000000100,7212660281c88e82588818eddeaf5dd4f6fa51984a1d34ecb127d82801ca8e0d,bernoulli,bernoulli|conj|p=0.3|zero=allow_iid|rng=MT19937-RandomState,0.3,allow_iid,0.0010204408317804337,8.341018110513687e-05,0.0014926521107554436,0.0010138154029846191,0.01101854257285595,0.014635780826210976,0.0036103185266256332,33,852,1,6,SAT_unsat_identifiable,1,boolean_factorization,exclude_x,exclude_x,0,1557,6003,0,1,1,0,1,0,0,1,1,1,0,0,0.008418221957981586
4,50,10,100,4103533176,64,conj,glucose42,MT19937-RandomState,5.621742457151413e-05,01000000101010101000000000000011100101100001000110000000000011000001000101001001001000100001101000010011010000000011000101110110110000000000100110010001110100000100000000001001000001100010000000000001000001000110000001011001000000010101000100000001100100100010101011100000100000010000010000101111000000100100000011001101001100001010000110000000100000000110000000000011000000000110001010000101110110000001100001010011000001010010010001101101011000010111000000000011000011100111001011100010000000100100,22c72b6373378fe2835768774bbec02639b4b26684cd9a7770e8622e44f7bead,bernoulli,bernoulli|conj|p=0.3|zero=allow_iid|rng=MT19937-RandomState,0.3,allow_iid,0.0008387481793761253,7.447600364685059e-05,0.001209666021168232,0.0010028574615716934,0.00731707364320755,0.010449028573930264,0.0031257476657629013,26,743,1,6,SAT_unsat_identifiable,1,boolean_factorization,exclude_x,exclude_x,0,1274,4753,0,1,1,0,1,0,0,1,1,1,0,0,0.0072480496019124985
4,50,10,100,4103533176,65,conj,glucose42,MT19937-RandomState,4.867278039455414e-05,10000000110011000100100001001000101000110001000000110000010000000001000101000000110101000100000010000000100000000100100000100100000010001001110010010000001010000000110100011101010110001010010110000000000010000000100010010000010010000000100001010111100010100001011000001000100110101001110100111010101000010010001000010001010001000011001010110100100010010011100011001110100100000010110010000110010000001010101000001100011000000100000000000000010010110010010000000000000100101010010001100111000010010000,dc8fe9944e82e5d03876080ba820dc918d4cfd4ba393489570a4dd179a5e3e69,bernoulli,bernoulli|conj|p=0.3|zero=allow_iid|rng=MT19937-RandomState,0.3,allow_iid,0.0008025998249650002,7.71665945649147e-05,0.0012488290667533875,0.0009925765916705132,0.007089926861226559,0.010216934606432915,0.0031211720779538155,27,703,1,6,SAT_unsat_identifiable,1,boolean_factorization,exclude_x,exclude_x,0,1353,4974,0,1,1,0,1,0,0,1,1,1,0,0,0.007283122278749943
4,50,10,100,4103533176,66,conj,glucose42,MT19937-RandomState,5.1889568567276e-05,01100100011000100000000010110100100001000010100100001000000001011000100100111101110000001100010011000010011000100000000100100000000100010000100001000000000101000000101100000110000000010001000100000000000000000100100000001010011001000010011000001000000000100101001000011100001001101001110010110101010000101000010000000000011100001010011000000000001100100101000000100000100000001000010111100000100000001000001011111001110001010001000000100101000110111000000101010011101000001000000000000100011010000010,b0d9ae2ac3ae6a28e723cecf539c05dc40e57df8b2793c2392c46fb65de93502,bernoulli,bernoulli|conj|p=0.3|zero=allow_iid|rng=MT19937-RandomState,0.3,allow_iid,0.0008241226896643639,7.60592520236969e-05,0.001223304308950901,0.0010215425863862038,0.010001176036894321,0.013152697123587132,0.0031450288370251656,26,773,1,6,SAT_unsat_identifiable,1,boolean_factorization,exclude_x,exclude_x,0,1224,4698,0,1,1,0,1,0,0,1,1,1,0,0,0.0073646316304802895
4,50,10,100,4103533176,67,conj,glucose42,MT19937-RandomState,4.947371780872345e-05,01000000010011001000001100000100000100100000100000110100001110010101000001101000011001010001111010100001010000000100110000000001010101000110011001000000000110100000010000000100000001011001100010010000101010100101001100101011001001110010011100000100000000000000001100000001111001100001000011010100000010000000000001001000000100010001000100011011001100000000110000000000100110000110000001000000000110001100010001000110000000001110000000100000000000010000100000000000000011010000011010001100000110010111,da6a83a68cbad7ebda4e553e6ac0589aa68f111f2eaa37ae435a5b046f8d4b9a,bernoulli,bernoulli|conj|p=0.3|zero=allow_iid|rng=MT19937-RandomState,0.3,allow_iid,0.0008050231263041496,6.534438580274582e-05,0.0009275320917367935,0.0009854640811681747,0.00939327385276556,0.012183413840830326,0.0027833636850118637,19,873,1,6,SAT_unsat_identifiable,1,boolean_factorization,exclude_x,exclude_x,0,851,3349,0,1,1,0,1,0,0,1,1,1,0,0,0.006703398190438747
4,50,10,100,4103533176,68,conj,glucose42,MT19937-RandomState,4.6010129153728485e-05,00100100101000000011000000000100000001110010000110100000000001001000011100101000000110010010010010101010000010000010001011001000100110100000011000001101000000011010000010000000000001100000100000001100001100010010000010000110001001000010110001000001010000000000010101100100101101001100010001100101000000100000000110000000111000000010111000000011000100000000010110010101100000001011010000000100000100010000010000001111000101001100100010000111000000000011110000000000101000000100000001100000010000110000,7d3cb19941b66209e0316d858248abe3fc0609ba3fe0ff696d1af33214194568,bernoulli,bernoulli|conj|p=0.3|zero=allow_iid|rng=MT19937-RandomState,0.3,allow_iid,0.0009225392714142799,8.202996104955673e-05,0.0014774361625313759,0.0010267002508044243,0.01117559615522623,0.014690157026052475,0.003508705645799637,33,809,1,6,SAT_unsat_identifiable,1,boolean_factorization,exclude_x,exclude_x,0,1647,6102,0,1,1,0,1,0,0,1,1,1,0,0,0.008349909447133541
4,50,10,100,4103533176,69,conj,glucose42,MT19937-RandomState,5.4385513067245483e-05,11011001100100010010110001000000100000000101100110000100010000000010000001000110111101010000001011000010000010000000001100010111011100010000001000001110110000100000000101000000000010100100000000000000000100100111011010000010000010000100000000000010001010111100000000100100000010011001100000000001000001100000001000001000000000010001100000111010010000011110010011000011000101000100000010000101110001000001100000000001100000010100000000000100010000101010000000000000000001100010000011101100001000010100,0fc59b5569eb15d8bf1110476db36a62ad2c00e474ed3224f19127aae4141197,bernoulli,bernoulli|conj|p=0.3|zero=allow_iid|rng=MT19937-RandomState,0.3,allow_iid,0.0007516201585531235,6.728246808052063e-05,0.0009982846677303314,0.0009958017617464066,0.005951170809566975,0.008770390413701534,0.002812989056110382,21,852,1,6,SAT_unsat_identifiable,1,boolean_factorization,exclude_x,exclude_x,0,959,3736,0,1,1,0,1,0,0,1,1,1,0,0,0.013696604408323765
4,50,10,100,4103533176,70,conj,glucose42,MT19937-RandomState,8.713826537132263e-05,11110100000101000010000000100000000100000111000101101000010001001000101110001100000011011000010010100000000100010100000000010000000101001001000100010111000010011110000010000010001010011000011001000010010000001101101100010101000100011000000000100011010011101110001100010000000100100100000100101100000000101001100010101100110110101001000000100000010110110110110011000010110001001000010010110001000001010000001000000101001001000011000000000000110001001010100110100000111010111011010000000001100010100010,e7cca75e5b0afeb4e523d0f5c42aba1b27ccc871b975fcf51eff04305383bfa3,bernoulli,bernoulli|conj|p=0.3|zero=allow_iid|rng=MT19937-RandomState,0.3,allow_iid,0.000989736057817936,9.987596422433853e-05,0.0014571696519851685,0.0010307841002941132,0.010793687775731087,0.014378467574715614,0.003577565774321556,32,593,1,6,SAT_unsat_identifiable,1,boolean_factorization,exclude_x,exclude_x,0,1698,6024,0,1,1,0,1,0,0,1,1,1,0,0,0.007444525137543678
4,50,10,100,4103533176,71,conj,glucose42,MT19937-RandomState,5.000550299882889e-05,00100110001000100101111100000001100001000000001000010000000110000000001000010110010000100000010000101110101011000000000010000000100110110000100110010010000000000000001101010000100000101010010000101010010100001011010010100110000100110100010001100000100011011000001001000001100001101000100010100100000100000110100010111000010011110100000001000010000010100100001000000001010101100101100101001010111010010001101001011100001100001010111000010000000000010000010001001000001010001001000010010000000000011101,f16f45d270ea20471b9b6b908ee00df0088eafebf8022dae872d6eb504e06043,bernoulli,bernoulli|conj|p=0.3|zero=allow_iid|rng=MT19937-RandomState,0.3,allow_iid,0.0009585116058588028,8.671265095472336e-05,0.0014820825308561325,0.000987253151834011,0.011081063188612461,0.014602120965719223,0.0035145599395036697,33,650,1,6,SAT_unsat_identifiable,1,boolean_factorization,exclude_x,exclude_x,0,1717,6179,0,1,1,0,1,0,0,1,1,1,0,0,0.007657311856746674
4,50,10,100,4103533176,72,conj,glucose42,MT19937-RandomState,4.795286804437637e-05,00000000100000000100100010001000000011000001000011000110100100011100000000100010000010011000000011010010100101000000000010000100100000001000001000101000111100101000001000010010000011111001010000010011001000000010100001001000000001000000100111000000010000000000001000100101001101001110010110010111010100001000011100001000000100010010110000010000000110011010000001011010110010000000000001010100000011100000111000000010000001100000101100000101000010011000001101100000100110000000000010000011010000111000,c3de588e98c3fed9f60046cb223d5eb6e808658bd1d838de30769f6bcba8192c,bernoulli,bernoulli|conj|p=0.3|zero=allow_iid|rng=MT19937-RandomState,0.3,allow_iid,0.000788622535765171,7.287226617336273e-05,0.001199129968881607,0.000981796532869339,0.007969379425048828,0.011017645709216595,0.00304242130368948,26,680,1,6,SAT_unsat_identifiable,1,boolean_factorization,exclude_x,exclude_x,0,1254,4731,0,1,1,0,1,0,0,1,1,1,0,0,0.007015397772192955
4,50,10,100,4103533176,73,conj,glucose42,MT19937-RandomState,5.2325427532196045e-05,00001110000011000000000000000000110011000000000000001111010110011000010100101000000000001100101000000010101000110000000100101100001100100000100001000101000001011000000110101000100010001000011010101011000001110010000100000000001000001001111000111001100000010010100000000011000010000000100001000110010001010001011000000110000011000100000111000000000001000100000001000001100000000100000000011000100100110011000011010101100111111101000100000101010000000000011000100100110000100100101010100000110010000100,a8f080577444317c805337db71ca5c96d827023581086329fa8c3fc751759278,bernoulli,bernoulli|conj|p=0.3|zero=allow_iid|rng=MT19937-RandomState,0.3,allow_iid,0.0009446069598197937,7.938407361507416e-05,0.0012854281812906265,0.0010212566703557968,0.009239752776920795,0.012576107867062092,0.003330675885081291,28,877,1,6,SAT_unsat_identifiable,1,boolean_factorization,exclude_x,exclude_x,0,1322,5074,0,1,1,0,1,0,0,1,1,1,0,0,0.007760060019791126
4,50,10,100,4103533176,74,conj,glucose42,MT19937-RandomState,4.8220157623291016e-05,11010010110011100100000001100001000001001011111001000100000100110001000100000110000001011110000001000000001001011100010100000110000000000100000000110100001100000100101010100001000000000110110000010010000000011100011000111000000000010110010001110100100000000101000000000000001000001101001100000111001101100010000000010001000010000000101010100001100001000101001011011001101000010010001000001001011010010000001010100110010100100001000000001100001000010001000010100100011000001001000101001000000100001001,7c2f16e1221f268820314dde051c0912913026f0764ecd4aa595c1502924fe33,bernoulli,bernoulli|conj|p=0.3|zero=allow_iid|rng=MT19937-RandomState,0.3,allow_iid,0.000973953865468502,8.090957999229431e-05,0.0013691270723938942,0.0010116789489984512,0.010297488421201706,0.013744745403528214,0.003435669466853142,30,762,1,6,SAT_unsat_identifiable,1,boolean_factorization,exclude_x,exclude_x,0,1430,5461,0,1,1,0,1,0,0,1,1,1,0,0,0.007664934732019901
4,50,10,100,4103533176,75,conj,glucose42,MT19937-RandomState,4.919152706861496e-05,00000001111000000001000010101001010101101011001000010000000010000101100100000100001000100100000001100100100000000100000001101111001000100001010010000000101000000010011000001000100000001010010000001010101010000000101100000101000101001110000011000000110001001101000101010000000000100110101000110000100011000100000110000110010011001000000101000101000000010010000000110110100000011011000000001100110100100001000000000100011000000110000000101001110001000010000110011000011000000001011000010001101110000000,9ccfccd6f37ec77dd089cb646d87dd8f043d3648e6845b3bc1e1744ff2cf29d9,bernoulli,bernoulli|conj|p=0.3|zero=allow_iid|rng=MT19937-RandomState,0.3,allow_iid,0.0008438145741820335,9.038485586643219e-05,0.0013892343267798424,0.0010156352072954178,0.008647129870951176,0.01199292577803135,0.003339068964123726,30,727,1,6,SAT_unsat_identifiable,1,boolean_factorization,exclude_x,exclude_x,0,1480,5516,0,1,1,0,0,0,0,1,1,1,0,0,0.007623310200870037
4,50,10,100,4103533176,76,conj,glucose42,MT19937-RandomState,4.772469401359558e-05,00001001010101001101010010011010111100000000010000001000000100110101110011010000001100000000000010100100001010110010110100000100000100001001000111100000110100010000100000100100010001100001000010101000001100001010011000001110000010001000000101100100000011100001000010000000011000011010000110000000111111000010011010110000111100000010110000001010001100000100110110000001100011100011000000011011000000001000001001010001000001100001011111000000001010000101001100000000000100110100011000001100000000100010,e5096246d2ecf81f2310ba851203d800719f857b75b53d56dd159e566118a1c0,bernoulli,bernoulli|conj|p=0.3|zero=allow_iid|rng=MT19937-RandomState,0.3,allow_iid,0.0009359633550047874,8.605793118476868e-05,0.0014093751087784767,0.001002180390059948,0.008929875679314137,0.012369068339467049,0.003433576785027981,31,672,1,6,SAT_unsat_identifiable,1,boolean_factorization,exclude_x,exclude_x,0,1569,5748,0,1,1,0,0,0,0,1,1,1,0,0,0.007540608756244183
4,50,10,100,4103533176,77,conj,glucose42,MT19937-RandomState,5.762279033660889e-05,10010001000100000000111000000001100101001010110001100110110000001000100110000100000000000011001010101011101111000101001100011010000010010010110001100001100110000000000001011100100000100000010100010010000101101000000000111001000001110000001000001111101000101100000100011000111100100001010011011011010000011011100011000001010100000011110000101101001011100001100010011110000111010000011000000001000000000100010000000010000000011011101000000001010001001101010101100000000100000000010010011010001000101101,bbeced311c0812fcc562865643c7e84868b44ef6066dbdf83ee789e730367f78,bernoulli,bernoulli|conj|p=0.3|zero=allow_iid|rng=MT19937-RandomState,0.3,allow_iid,0.0009662900120019913,9.664706885814667e-05,0.0014509549364447594,0.001007850281894207,0.010489080101251602,0.014016402885317802,0.0035217422991991043,32,619,1,6,SAT_unsat_identifiable,1,boolean_factorization,exclude_x,exclude_x,0,1688,6013,0,1,1,0,1,0,0,1,1,1,0,0,0.007515963166952133
4,50,10,100,4103533176,78,conj,glucose42,MT19937-RandomState,4.6362169086933136e-05,01000010000001100100000011010100000000100000101110000010001000010000010010010000010100000000001100010110000000100000000000000000000000000000000001001000000000000100111000010100000000101010010100010000000000000000001000000000110111010101001000101011000000010001100100000000011000101100000000100000010001110001000100000000010001001000000010101000101001011010010100000100101000001011000110110010010000000001000010110010100000011011000100011100010000011000001001010100010010000000111000011000000110010011,119d1876df0ab6085780088d70878ad02474640661eeebc55030af20412ea862,bernoulli,bernoulli|conj|p=0.3|zero=allow_iid|rng=MT19937-RandomState,0.3,allow_iid,0.0007740920409560204,8.047092705965042e-05,0.00129692442715168,0.0009856140241026878,0.007534957490861416,0.010678095743060112,0.0031371014192700386,28,733,1,6,SAT_unsat_identifiable,1,boolean_factorization,exclude_x,exclude_x,0,1332,5085,0,1,1,0,1,0,0,1,1,1,0,0,0.0073104919865727425
4,50,10,100,4103533176,79,conj,glucose42,MT19937-RandomState,5.171727389097214e-05,00101000001001001011000000000010000010000011000111000000010010000000000000000000101011110000000101110000000001011110001000000100101010111000001111101000110010000000100111001010100101111000000001000010010101000101100010000010110000000000110000000100010000001001010010011000101000010000000100000110000000100100110110001010101010010000010000010100010110001001011000001000000001111000010111110101101011000001001001000000000000010000000010100000000000000001000010100010000100100000000001101000011001100001,c6ea4f9ce02afd46ce239db2480dfb97caace5f998550fba2972c5c42aba830f,bernoulli,bernoulli|conj|p=0.3|zero=allow_iid|rng=MT19937-RandomState,0.3,allow_iid,0.0008399635553359985,7.948093116283417e-05,0.0011803321540355682,0.0010036453604698181,0.006569082848727703,0.009678528644144535,0.003103422001004219,25,662,1,6,SAT_unsat_identifiable,1,boolean_factorization,exclude_x,exclude_x,0,1225,4565,0,1,1,0,1,0,0,1,1,1,0,0,0.006753489375114441
4,50,10,100,4103533176,80,conj,glucose42,MT19937-RandomState,8.222181349992752e-05,10001001100000001000000100010000010110001000010000101100000011100000111000100000100001100111011000001000001001000100000100010100110010000000100000001100010001101110000010010010010000100000000001000111000000100011100100000100000000000010001100011000100000000100010010000010111001001010010000000010011000000001100000000000010000000000000101000001001000100101101101100010100001001110001100001010010100000001000100100011100101100100010000001000000010000100000011000010000000101010001000000110100100100001,c2884e44b28f881e59d2500c1981c93771b90960018b36e3aed7d794d1f7b420,bernoulli,bernoulli|conj|p=0.3|zero=allow_iid|rng=MT19937-RandomState,0.3,allow_iid,0.0008656559512019157,8.1636942923069e-05,0.0013201935216784477,0.0010163094848394394,0.011252588592469692,0.014543366618454456,0.003283795900642872,29,782,1,6,SAT_unsat_identifiable,1,boolean_factorization,exclude_x,exclude_x,0,1411,5306,0,1,1,0,1,0,0,1,1,1,0,0,0.007659655995666981
4,50,10,100,4103533176,81,conj,glucose42,MT19937-RandomState,4.9987807869911194e-05,10000111000100100000100101011001000010000001000010010110000000110010000000000010010000010011000010000000100011101001001011011101000010000010000100000011000001110000000010000011010001010011001001011110001000001010000010110001001100110110010001010000000001000000000000101100111110000011001001100101000000010000100001000010001000000010010001000000101000100000000010010000110000000110001000100100000110000000001100000110100000010111000000010000010100110110001001111001011100000000001110000011000101110000,738d7d3480fdb5c1415d435cf408b84c8cd43a105bf5f07127e7ad1840c27f95,bernoulli,bernoulli|conj|p=0.3|zero=allow_iid|rng=MT19937-RandomState,0.3,allow_iid,0.0008638948202133179,7.364153861999512e-05,0.0010088523849844933,0.00100785493850708,0.017201505601406097,0.020162692293524742,0.0029542436823248863,21,744,1,6,SAT_unsat_identifiable,1,boolean_factorization,exclude_x,exclude_x,0,959,3736,0,1,1,0,0,0,0,1,1,1,0,0,0.006694581359624863
4,50,10,100,4103533176,82,conj,glucose42,MT19937-RandomState,6.0082413256168365e-05,10001000000010100000100100011000000000100001010000010010000000011111001101101010110100100010010100000000010000001000000000001010001100101001100000000011100100000110000000000000100101000000000001110010000000110100000011100111011101111110000010011000010111000010101100100000100100110100000000101100000011100001100010011001010101001010101010010100000110111100100100010000000001000001010110001100100010000001001010000100010001010100000000001111000111000101000001001010101010000010011101001001100000100101,f99d804ffbb9665ea1192590d651770be72968176405d90d3084e2ef8fc90514,bernoulli,bernoulli|conj|p=0.3|zero=allow_iid|rng=MT19937-RandomState,0.3,allow_iid,0.0009965850040316582,8.272286504507065e-05,0.00110628642141819,0.0010684318840503693,0.008906587958335876,0.012167008593678474,0.003254026174545288,23,846,1,6,SAT_unsat_identifiable,1,boolean_factorization,exclude_x,exclude_x,0,1057,4112,0,1,1,0,0,0,0,1,1,1,0,0,0.00711979903280735
4,50,10,100,4103533176,83,conj,glucose42,MT19937-RandomState,4.891771823167801e-05,01001000100000100001000000001000101000101000100000000001000101010010001100000011000000100100010000000000000100000000000100100011100010010100010011000010000001010000010110000001000001000001110100101000100001001000000011100000100000101001000100001101011100000000000100010101000100100101001001000000000000000010100100000001100010000110100110000010000001000001111010000010101001100111010011000001110000010011110001010001101000000011010001000010010001110000001000000000010001000000010100001111101000101110,7605e17fe7ce4cc43b8a65b541e8b6e4271db111b43f6ad9a540679621fcdd99,bernoulli,bernoulli|conj|p=0.3|zero=allow_iid|rng=MT19937-RandomState,0.3,allow_iid,0.0008090650662779808,7.929932326078415e-05,0.0012153126299381256,0.000997951254248619,0.007541133090853691,0.010649721138179302,0.0031016282737255096,26,807,1,6,SAT_unsat_identifiable,1,boolean_factorization,exclude_x,exclude_x,0,1234,4709,0,1,1,0,1,0,0,1,1,1,0,0,0.007495981641113758
4,50,10,100,4103533176,84,conj,glucose42,MT19937-RandomState,5.118269473314285e-05,00111001000000101000000110011010000100000000011001000001000000110100101001011010110100010000001011010010011000000010110011010110101110111001000010111001010000000101000000100100100010100000000010111100001000001100101000001000010001000011001011000000001000101010000010010000000000001010100001000100010000010101001010101000000101011110100000010010111010011000101001110000011001000110110011100000001110100101000001010011001001000000010000100000000000000000100000111010100101010000000010110100110001001001,933bdcadb1259e896588860f8b2fa8c49fda6d1e1505a3b8d5a2625b22de6d18,bernoulli,bernoulli|conj|p=0.3|zero=allow_iid|rng=MT19937-RandomState,0.3,allow_iid,0.000949464738368988,8.478201925754547e-05,0.001372569240629673,0.0010175956413149834,0.008915823884308338,0.012346572242677212,0.00342441163957119,30,621,1,6,SAT_unsat_identifiable,1,boolean_factorization,exclude_x,exclude_x,0,1540,5582,0,1,1,0,1,0,0,1,1,1,0,0,0.007431414909660816
4,50,10,100,4103533176,85,conj,glucose42,MT19937-RandomState,5.037523806095123e-05,10100101000111000000100001001011100110000001100011001010000100010000000100000000110001010001000001010010011011000010000101101000100101000000010011000000110110101011000010001000101001000101000000000100000000110001001110101100001000001010100000001010000000000000100000001011010001001000000001110001011100000010110111000010001001000010000000011000010011000001001000010010100010100010000110001001101000100000010000010000000101010001000010111011001010110001101000100000000010000000010000001000000110100010,152dfd5e896b62000f6256c23db58196eb5bdd71e0cd95c3b18042e7961533fa,bernoulli,bernoulli|conj|p=0.3|zero=allow_iid|rng=MT19937-RandomState,0.3,allow_iid,0.0008308785036206245,7.63358548283577e-05,0.0011871792376041412,0.001050538383424282,0.007538869045674801,0.010690458118915558,0.0031449319794774055,25,816,1,6,SAT_unsat_identifiable,1,boolean_factorization,exclude_x,exclude_x,0,1175,4510,0,1,1,0,1,0,0,1,1,1,0,0,0.0072930799797177315
4,50,10,100,4103533176,86,conj,glucose42,MT19937-RandomState,4.7276727855205536e-05,01000100100010001111010001110000001000000110110000010000010100100100011000000100110001101000100010000001000000000000000001100001000101000000100000000100000000010010000100010101010000000001101000100100010000000110000011101010111001100100100001010000001010011010010000000101110010010010010000100100110100011000000011001001001001000000010111101010000000010000100001100100000011010011000001000000000000101000001010110000010000010001000100000101010100000010000111000000000000100010000110100100100001100100,9abcb292457dd33ecb97089f7cdfc04d9f1da752be710518f79a7c95cdaa5af0,bernoulli,bernoulli|conj|p=0.3|zero=allow_iid|rng=MT19937-RandomState,0.3,allow_iid,0.0008259322494268417,7.463432848453522e-05,0.0012080902233719826,0.0010117879137396812,0.006849335506558418,0.009975636377930641,0.0031204447150230408,26,858,1,6,SAT_unsat_identifiable,1,boolean_factorization,exclude_x,exclude_x,0,1204,4676,0,1,1,0,1,0,0,1,1,1,0,0,0.007624397054314613
4,50,10,100,4103533176,87,conj,glucose42,MT19937-RandomState,4.930049180984497e-05,11110000000000100001010000001000010010001000000010000011000011000010000000000110000000100111000011100000000000111001001000100000010000110001011010110010000000010000000001011010011010100001000100011001010000110010000001010101000000010011100001100001100010000101010011101000001000000110000001000000100000110100010111010000101101001010101000100001101000001000000001000011000110100100000001010110100100010001001000100101001000100001000001010000000000001101000000100110101000000100110100001000010000001000,1c581921ecb4262c3e57ab15896d62719628e6b63c52abef0b7fb046064a3774,bernoulli,bernoulli|conj|p=0.3|zero=allow_iid|rng=MT19937-RandomState,0.3,allow_iid,0.0008327718824148178,7.65109434723854e-05,0.0012674480676651,0.0009976224973797798,0.007447156123816967,0.010626871138811111,0.003174353390932083,28,753,1,6,SAT_unsat_identifiable,1,boolean_factorization,exclude_x,exclude_x,0,1382,5140,0,1,1,0,1,0,0,1,1,1,0,0,0.007492850534617901
4,50,10,100,4103533176,88,conj,glucose42,MT19937-RandomState,4.7247856855392456e-05,00100110000100100101100000000001010110001100001000010100001110001000010001000000000100110000001001000100100000100000010001100001100100001000000100110101000001110000000000001000001000110001100000010000010011000000010001010010010010100011101010000010010000100100000001000011000011000000100010000111000001100011111000000100110000001100000000001111110001000101100011000010001010000000000000010100000000010011010000000010000100001110000011000100100100011110010000001000001010011010100100010000110010000000,401cc1c9dc84b926e9940ed8ad7319286335ebdf688081d1d7e8f6acb08c32a8,bernoulli,bernoulli|conj|p=0.3|zero=allow_iid|rng=MT19937-RandomState,0.3,allow_iid,0.0008620163425803185,7.541012018918991e-05,0.0011951485648751259,0.0009952764958143234,0.007155123166739941,0.010289415717124939,0.0031278515234589577,26,799,1,6,SAT_unsat_identifiable,1,boolean_factorization,exclude_x,exclude_x,0,1234,4709,0,1,1,0,1,0,0,1,1,1,0,0,0.007245931774377823
4,50,10,100,4103533176,89,conj,glucose42,MT19937-RandomState,4.599243402481079e-05,01000011101000001000100000010000101001001011100100000100100000000101000100011010001000010000110000010000000000010000110101101001110010100010000011000010010001001010100000011001001000110001100000110000110010100010101000000000000000101001010101110000000010000010110000010101000100100010000000111100010100101010111000100010110110001001010000101001110001101000100100100000011101000010001010100000001001011000100000100001000110100101110010010100000000001010000000001010000100100011001000000000001001101011,953a62ed5710ebcd0eb94bdc3e7f4e95c59336323904997b8e5edc8f03d9b2fa,bernoulli,bernoulli|conj|p=0.3|zero=allow_iid|rng=MT19937-RandomState,0.3,allow_iid,0.0009333491325378418,7.922854274511337e-05,0.0013733049854636192,0.0009956322610378265,0.008809460327029228,0.012196860276162624,0.003381514921784401,30,614,1,6,SAT_unsat_identifiable,1,boolean_factorization,exclude_x,exclude_x,0,1570,5615,0,1,1,0,1,0,0,1,1,1,0,0,0.007283248007297516
4,50,10,100,4103533176,90,conj,glucose42,MT19937-RandomState,7.685273885726929e-05,10011111010000010000010000101100100001000000110110000000101110001100111000011010000000000000000100001101000000000000010010000000111000000000010011010010001110001010001100000011111010101100001000101010000111001101001010001000000010000001001100000000000000001010011011010000000000010000010000000100010001000001101100000100000000101101001000100010010000011000000100000011010000000000010001000000010110001100000000001100000100011001001000100000010100000000100101100010101100010000011000001000100001000110,5aae4bfd645a3b50006fd60dc22b6695f642c98db5232c025f81c585ad85cd5a,bernoulli,bernoulli|conj|p=0.3|zero=allow_iid|rng=MT19937-RandomState,0.3,allow_iid,0.0009059179574251175,8.400995284318924e-05,0.001374230720102787,0.0009901616722345352,0.01075812242925167,0.01411894429475069,0.003354320302605629,31,756,1,6,SAT_unsat_identifiable,1,boolean_factorization,exclude_x,exclude_x,0,1519,5693,0,1,1,0,1,0,0,1,1,1,0,0,0.007800796069204807
4,50,10,100,4103533176,91,conj,glucose42,MT19937-RandomState,4.4801272451877594e-05,00011000001000100100000000001001000011001010000000010101011110000001010110001011000101001010100000100000100000100001100000001010100000000001000100011000000000100100101000100000100000000010110000010010010000010011011010000001101000101000110001000010100101000001001100010100100010001000010100100000010000000000000010011000100000000100100000110000010001010100000000000001000000000000010000101110100100001010000000001001010000010000010010001001000000010000001000000000101011001110111101100001000001010000,413dea5b60578fb7cbbd6f2847f015b08135d8616d5accacf257a17524322b24,bernoulli,bernoulli|conj|p=0.3|zero=allow_iid|rng=MT19937-RandomState,0.3,allow_iid,0.000927826389670372,7.995869964361191e-05,0.0014045173302292824,0.0009875930845737457,0.008032239973545074,0.011438273824751377,0.003399895504117012,31,813,1,6,SAT_unsat_identifiable,1,boolean_factorization,exclude_x,exclude_x,0,1429,5594,0,1,1,0,1,0,0,1,1,1,0,0,0.007933489978313446
4,50,10,100,4103533176,92,conj,glucose42,MT19937-RandomState,4.7398731112480164e-05,11000000001001100010000100100001010010111100100000011110000001000000011100101001011110000000101000000000010011100010100000000101000001010101000110010000000001011100001010001000110000000010011000000001000110001000001001001011100000010010110001000001000000001000001100010000101110100100001000110000000111101011000010000101000000000001100100001000001001011001001000010100001000001000010000001001100001110101101001101010001001000000000000100110101101000000000000000000101000001000001000100000000010000010,1db45183bdc0a72c3fc72a3f330b474013802eb9439561bba058446661db06b0,bernoulli,bernoulli|conj|p=0.3|zero=allow_iid|rng=MT19937-RandomState,0.3,allow_iid,0.0009972881525754929,8.783023804426193e-05,0.0014560148119926453,0.001005740836262703,0.014314824715256691,0.017867710441350937,0.003546874038875103,32,796,1,6,SAT_unsat_identifiable,1,boolean_factorization,exclude_x,exclude_x,0,1528,5837,0,1,1,0,1,0,0,1,1,1,0,0,0.008193990215659142
4,50,10,100,4103533176,93,conj,glucose42,MT19937-RandomState,5.0650909543037415e-05,00110001000100100000010000001000001000010000000000000010010100010000111001100000111100010001101010000001010000010000000010001101000110001000000100000010000100110000101000101011100010000000010000011000010000010010101000110000010010000000001100110011001010000000000110000110001000010101100011000100000010011000010110100011000000010111000000100010001000001010001010010000111010100000000001001000110000111101000000000001000001010001000110010010000100100001000010101000000101010100001100000000000000000001,6a6521d51529b323e8512c27fa271b030e1c82e763a093fa033efe41cc3c0303,bernoulli,bernoulli|conj|p=0.3|zero=allow_iid|rng=MT19937-RandomState,0.3,allow_iid,0.0008932417258620262,7.549580186605453e-05,0.0012461552396416664,0.0010097324848175049,0.007955939508974552,0.011186064220964909,0.003224625252187252,27,802,1,6,SAT_unsat_identifiable,1,boolean_factorization,exclude_x,exclude_x,0,1243,4853,0,1,1,0,1,0,0,1,1,1,0,0,0.0075532421469688416
4,50,10,100,4103533176,94,conj,glucose42,MT19937-RandomState,4.918500781059265e-05,01000101000010000000111000001100000000000101001100000000000000000001000000000011010000101001001001100000000100100000001000000100000001001100000000110101000000011001010110001011011000000101000101000000100000000001011001000000001000000001000010000111001000000000100100110000011001111010000001101001000000001100000010000011000000101110110010010000010100111101100001010001000000011010010010111101000101100100011001010000001000001000010000001000011001100000010000011100100001101110001000010000001000001011,a93234dbb86692233bb12b0eceac38ec3c984b7b2364b1c1091ace0a6189d897,bernoulli,bernoulli|conj|p=0.3|zero=allow_iid|rng=MT19937-RandomState,0.3,allow_iid,0.000807005912065506,7.557496428489685e-05,0.0010807961225509644,0.00099970493465662,0.013617753982543945,0.016586643643677235,0.002963081933557987,23,850,1,6,SAT_unsat_identifiable,1,boolean_factorization,exclude_x,exclude_x,0,1097,4156,0,1,1,0,1,0,0,1,1,1,0,0,0.007189416326582432
4,50,10,100,4103533176,95,conj,glucose42,MT19937-RandomState,4.6681612730026245e-05,00000100100110101111000000100110000110000100011000001000000100000010001000110100010010011001110100010000010010001100000100000100000000101010010100000100000011000010000010000111001011100000011010101000011001110010110000001101010100000000010001110000100000001110000100110111001000001010000101010110010010011000000100100000110000101110000010000011001100100000001000010010100000101010001000100000000000100011001000011000111111001000110001000000000001110010001010101000001111011000000001000010010001000100,0195c5028e7f79798b259f9ef6f39a63242f10c3c4ea892a139fecea5d52a0c7,bernoulli,bernoulli|conj|p=0.3|zero=allow_iid|rng=MT19937-RandomState,0.3,allow_iid,0.0008508656173944473,7.3947012424469e-05,0.0012341123074293137,0.0009934799745678902,0.006709364242851734,0.009867710992693901,0.00315240491181612,27,758,1,6,SAT_unsat_identifiable,1,boolean_factorization,exclude_x,exclude_x,0,1333,4952,0,1,1,0,0,0,0,1,1,1,0,0,0.007441859692335129
4,50,10,100,4103533176,96,conj,glucose42,MT19937-RandomState,4.8714689910411835e-05,01001000100000000100011001010100000000100000110101000111010101100101000100101000000010001011001000000000110110010010000110000111000000001010011000000000000110000001100000000001000010000001010000011000101000111010010001100001100001001000000011000000100110100010100000000100001100000000010001010110010100010000100011000110010100010110111001100101001010001001111000110001001000011101000010000100010100010100001110010101000001000100110010010000100010100010101000000100001000010000010100000010000010001111,9eb66a23e0ac488cd4365f90d9e0114c2b4d46263d804f1d8ebfb0bd134def78,bernoulli,bernoulli|conj|p=0.3|zero=allow_iid|rng=MT19937-RandomState,0.3,allow_iid,0.0009484663605690002,8.762627840042114e-05,0.0014219768345355988,0.0010091448202729225,0.007667439989745617,0.011141069233417511,0.0034672142937779427,31,829,1,6,SAT_unsat_identifiable,1,boolean_factorization,exclude_x,exclude_x,0,1509,5682,0,1,1,0,0,0,0,1,1,1,0,0,0.008105682209134102
4,50,10,100,4103533176,97,conj,glucose42,MT19937-RandomState,4.621036350727081e-05,01101000010100000000110011100100000010100010001011010111000010000100010000000011110010001001001110010001001010110010010000000000001000101001100111001000110111110001000011100101000000001001010001100110001101001000000100000001101000000010000000100001010000010000000111001110010000110001000010110000000000010010000000101000010000110101001000100000001100000111101010000011111100000010100101001011000100000101000100000010001010001000000101000000000010000000010001000011011000001010001000010000000010010000,01041a222bffefff1def3d052ed496a6c9e12bb44c1a3c96b2e3cbc34f21e5df,bernoulli,bernoulli|conj|p=0.3|zero=allow_iid|rng=MT19937-RandomState,0.3,allow_iid,0.0009459313005208969,8.260924369096756e-05,0.0013287384063005447,0.000996059738099575,0.007909596897661686,0.011268545873463154,0.0033533386886119843,29,716,1,6,SAT_unsat_identifiable,1,boolean_factorization,exclude_x,exclude_x,0,1431,5328,0,1,1,0,1,0,0,1,1,1,0,0,0.007544457912445068
4,50,10,100,4103533176,98,conj,glucose42,MT19937-RandomState,5.582254379987717e-05,10000110000101100000000001000010000100011010001100110000010010000000011111110001100001000000100001010000101111101000011000000100001010010001101101000000000011000110100111000000110100000000001110000000010000000101010011001000101110101110000000110000001011001010110110010010000010001000100011000101000101100111101100110000010101001101001000001001100110101111010010000011010011000011101001001110000010110111100111011011000110010001111100100000010100001001010010100011010001100000000000101010000111100100,bb18f8326bfc2151631372a351f44b41767882990ca1b991b06532037c485221,bernoulli,bernoulli|conj|p=0.3|zero=allow_iid|rng=MT19937-RandomState,0.3,allow_iid,0.0010593226179480553,9.812228381633759e-05,0.0016437284648418427,0.00103713758289814,0.011409156955778599,0.01525440625846386,0.0038383109495043755,36,526,1,6,SAT_unsat_identifiable,1,boolean_factorization,exclude_x,exclude_x,0,2104,7007,0,1,1,0,1,0,0,1,1,1,0,0,0.007740209810435772
4,50,10,100,4103533176,99,conj,glucose42,MT19937-RandomState,5.1565468311309814e-05,00010001000111000010010000100001100000110000010100010000001001100010001100000100001011000000001000000000010100100001111100011000100110000111011101011000000010100000001010100011111101000110011011101011100100000011010000001001101000000000001000100000001000100100100000010000000010101000000000000111000100011100100100100101011100001010100010101011001000001101000000100110100110101110000000010001100010000100110000101000000000010001011110000001000001000010011100101001111010100000001010101000001010100101,0372d8b212764b1825be85f0f7664b4d536dc775f84b2dddc378a9cfc67d38c2,bernoulli,bernoulli|conj|p=0.3|zero=allow_iid|rng=MT19937-RandomState,0.3,allow_iid,0.0008678389713168144,8.547399193048477e-05,0.0013070711866021156,0.0010196501389145851,0.007250736467540264,0.010537355206906796,0.003280034288764,28,665,1,6,SAT_unsat_identifiable,1,boolean_factorization,exclude_x,exclude_x,0,1472,5239,0,1,1,0,0,0,0,1,1,1,0,0,0.007291787303984165
