schema_version,J,K,N,seed,sim,operator,solver_name,rng_engine,generation_time,q_bitstring,q_sha256,design,design_id,p,zero_row_policy,basis_time,identity_check_time,two_col_check_time,three_col_check_time,sat_time,algorithm_time,preprocess_time,J_basis,M_basis,identifiable,branch,branch_label,sat_called,sat_formulation,sat_cardinality_encoding,cardinality_encoding_requested,maximal_candidate_requested,sat_variables,sat_clauses,identity_original,not_complete_original,has_pure_node_original,no_pure_nodes_original,has_zero_row_original,two_col_violation_original,three_col_violation_original,two_column_pass_original,both_necessary_checks_pass_original,I_3c,identity_basis,two_col_violation_basis,diagnostics_time
4,50,10,100,2539984093,0,conj,glucose42,MT19937-RandomState,0.000163898803293705,01000110000000000000010000000010100000000101010000010100001100001011010001001000000011010001111000000000011100010000100000100000100000100000100101110001101000101010000010000010001001111010100010000001000001000011000101100000010001100101101100001001001010000010000010010001100000010000000100000000101100011010111000010110000000000110001001010100000111101111001101001001001010010110101000000001001101011000001110011100100100100000000001000100011100010000010100100000000000000010010010000000010000000000,acc6021a9bd8b3413304e6a24a35c0636af894fe48dddd410576912a634d32d1,bernoulli,bernoulli|conj|p=0.3|zero=allow_iid|rng=MT19937-RandomState,0.3,allow_iid,0.0008526677265763283,0.00010929256677627563,0.001194121316075325,0.0010814350098371506,0.02344268187880516,0.026688178069889545,0.0032375166192650795,24,782,1,6,SAT_unsat_identifiable,1,boolean_factorization,exclude_x,exclude_x,0,1166,4366,0,1,1,0,1,0,0,1,1,1,0,0,0.007324761711061001
4,50,10,100,2539984093,1,conj,glucose42,MT19937-RandomState,5.7513825595378876e-05,01010010000000100010000000111001100100001000100000000000000010010110001000111000000010000010001010001100000011000100000001000010001111000001010001100001000001000000001010111101010001100100010000000000011000000100001001000101000010111001101001001010100001010001010011110001000101000001100100001101001000100101000010001001000000101000000100000100010000101010000010001010001100100010001100001110110001000000100000000000100110000001101000000100000000001100000000000111000010000000001100000000001000100101,51ab2bcce607f8eb9c412a228090bf02cad29bf4db3ed3f07d01cff2370b5a56,bernoulli,bernoulli|conj|p=0.3|zero=allow_iid|rng=MT19937-RandomState,0.3,allow_iid,0.0008928300812840462,0.00010284688323736191,0.001579095609486103,0.0010485202074050903,0.012153910472989082,0.015785456635057926,0.0036232927814126015,33,723,1,6,SAT_unsat_identifiable,1,boolean_factorization,exclude_x,exclude_x,0,1687,6146,0,1,1,0,1,0,0,1,1,1,0,0,0.008355566300451756
4,50,10,100,2539984093,2,conj,glucose42,MT19937-RandomState,5.127117037773132e-05,01000000000000100010101101010100001010000011010000000000110000001101000001000011001000001110100000110001000100000110100011000100100000100001000011100001100000101100110000000100000110000100100100000000100110000000000000010000010000001100101110000110000000100000011011000010100000001011100001100000000010000100000010010011001100001110101001001001001000100011000111100000101001010000010101001000010000000001101101000000110011011000010000011100000100110000000100100000000100000000110101110000001100000000,ef2d5a9b86dadc27ca863e2dd8aecffa9d357288e26f6099ba62b725f1de5a3e,bernoulli,bernoulli|conj|p=0.3|zero=allow_iid|rng=MT19937-RandomState,0.3,allow_iid,0.0008321655914187431,7.710419595241547e-05,0.0010554539039731026,0.0010223397985100746,0.0065558552742004395,0.009549500420689583,0.002987063489854336,21,820,1,6,SAT_unsat_identifiable,1,boolean_factorization,exclude_x,exclude_x,0,969,3747,0,1,1,0,0,0,0,1,1,1,0,0,0.007070689462125301
4,50,10,100,2539984093,3,conj,glucose42,MT19937-RandomState,6.208289414644241e-05,10011110001100100100100001001000110001111100110000000010010100000101100000000000011010100100001001100000000011000101000000110000010000000000000000000000000000010001000010010000100010010101000010001000001110001101101001001000101000110000111001010010000001100010001001000000110100000100100001000100011001010100000000101001010100100010000100110000001000000000000000000100100010000110000010100101010100101010001010111001001001000001000000011100010000000001100000000001000000000001000000010001000000000001,24439fdc1d0a85a32bd7c774c1c3429a332b6c4267fd29a16267b176f12f11ca,bernoulli,bernoulli|conj|p=0.3|zero=allow_iid|rng=MT19937-RandomState,0.3,allow_iid,0.0008979504927992821,9.562168270349503e-05,0.0014450149610638618,0.0010663103312253952,0.013040647841989994,0.016553613357245922,0.003504897467792034,30,680,1,6,SAT_unsat_identifiable,1,boolean_factorization,exclude_x,exclude_x,0,1460,5494,0,1,1,0,1,0,0,1,1,1,0,0,0.007709872908890247
4,50,10,100,2539984093,4,conj,glucose42,MT19937-RandomState,5.413219332695007e-05,10011000000010110011010101010111111100011101001000000000001100010000010010010011000000101111100010001000000001010100000001101000100010001000000001000000000001000001000001000100000111010000001000100100100110000000100001101010010001001000110000011110110100011000000000100000011010000001000101001100010000001000010001100001000010010010101100100001000100000111010000011010001010000100001000000000000011001010000000110100000001001000001000000000001110000000101100011000100001000000000010000000100001000111,d9f379b11ae7a4cc64e5e6a7a82adf0fc2f3362c75a6822f9e28834b2fea535d,bernoulli,bernoulli|conj|p=0.3|zero=allow_iid|rng=MT19937-RandomState,0.3,allow_iid,0.0007450580596923828,7.19977542757988e-05,0.0010922858491539955,0.0010377513244748116,0.005851875990629196,0.008805878460407257,0.0029470929875969887,22,789,1,6,SAT_unsat_identifiable,1,boolean_factorization,exclude_x,exclude_x,0,1028,3946,0,1,1,0,1,0,0,1,1,1,0,0,0.007092206738889217
4,50,10,100,2539984093,5,conj,glucose42,MT19937-RandomState,5.521811544895172e-05,00000001110001000100101001000011100010000100100011001001110000100100100000000000101010001010001101111001010000101101101001000100010110000100101110000010001010000000111000111001000000010001000101101101010000110101000010000001010110011101000000100101000010010011100101010000100000001110111000100000010010001000000011011011100110100000101000101000000001000010001001011000011000000100000000111100000001110000001100011000000010000111010001010010000100000000000001101001110000000110000100110010111100011001,d707133e605f90cac213b4a416b8284c5dad37f8721c078fa7bbab3e943c892c,bernoulli,bernoulli|conj|p=0.3|zero=allow_iid|rng=MT19937-RandomState,0.3,allow_iid,0.0009770868346095085,9.6137635409832e-05,0.001515100710093975,0.001039266586303711,0.015561824664473534,0.019197365269064903,0.0036275917664170265,32,667,1,6,SAT_unsat_identifiable,1,boolean_factorization,exclude_x,exclude_x,0,1698,6024,0,1,1,0,1,0,0,1,1,1,0,0,0.007818212732672691
4,50,10,100,2539984093,6,conj,glucose42,MT19937-RandomState,5.430635064840317e-05,11011100000011000001010000000101000110100001011001111001000100101000000010100000010100100001010110000100011010110000010000100011000100000010000000001010010010000010010000001100010000010001000000101110101111100001100100010111000000001000000000000100000010100100000000010000010100000010001100000000000000001110010000001011000100000000110100001000001000000000011100000000001100000000100001100001101000010111101010011010000101001010000100010100001100100101010001010011010000011010000000000010100101001010,7b7fc7dcc95e6e8a3f3f11cdd87618a304d70a881c0eb6e3a4852e34edc7c5a7,bernoulli,bernoulli|conj|p=0.3|zero=allow_iid|rng=MT19937-RandomState,0.3,allow_iid,0.0008210940286517143,0.00010036304593086243,0.0011894591152668,0.0010438961908221245,0.008939121849834919,0.012101824395358562,0.003154812380671501,25,686,1,6,SAT_unsat_identifiable,1,boolean_factorization,exclude_x,exclude_x,0,1225,4565,0,1,1,0,1,0,0,1,1,1,0,0,0.006904128938913345
4,50,10,100,2539984093,7,conj,glucose42,MT19937-RandomState,5.732756108045578e-05,00101001010000010100000100001000000010100011001100000000001001000010000000010000010000000000101100000010111100100000101101010000010101000110010100011111000111100010110000000011010100110100000000001001010100010001001000000110010100000010010011010000010010100000011000001101000001000010001100000000110000000101110111000000110110001000001000100001011001011001010000100000000101001001000100011000001000100000000010010010100000000010000101100010100001000000000100001000011000000000000100110000000000000000,9dc4627620273e42974ed4f0f2ffef16a3a5da764337c4e32748ac9038211a46,bernoulli,bernoulli|conj|p=0.3|zero=allow_iid|rng=MT19937-RandomState,0.3,allow_iid,0.0008035534992814064,7.536821067333221e-05,0.0011331019923090935,0.0010270345956087112,0.006219050846993923,0.009266424924135208,0.0030390582978725433,23,756,1,6,SAT_unsat_identifiable,1,boolean_factorization,exclude_x,exclude_x,0,1057,4112,0,1,1,0,1,0,0,1,1,1,0,0,0.0070130480453372
4,50,10,100,2539984093,8,conj,glucose42,MT19937-RandomState,5.2522867918014526e-05,00100010001011011001000001000100101000110011001110101001010101100000001010011011000011001110000000001000000011111010000001000000000010000010001000001011110010000011000100111010001001010010001010000000000011001010000001101100011000010011100010000000000110000100000100010100100100001010000000100100111110001010000010010110010000000010011010000000010011001000101100101000011000111000100101001000000101000100010010000010001000000011111100000100000001001000000001010001110010000001000100100001000000000101,e5aa5c1f47212c29f4f1345fde0978795d7d6d0cc0588f799711309597124b6b,bernoulli,bernoulli|conj|p=0.3|zero=allow_iid|rng=MT19937-RandomState,0.3,allow_iid,0.0008781487122178078,9.056646376848221e-05,0.0014895759522914886,0.001022813841700554,0.01058244053274393,0.0140695134177804,0.0034811049699783325,31,635,1,6,SAT_unsat_identifiable,1,boolean_factorization,exclude_x,exclude_x,0,1589,5770,0,1,1,0,0,0,0,1,1,1,0,0,0.007700866088271141
4,50,10,100,2539984093,9,conj,glucose42,MT19937-RandomState,5.162041634321213e-05,10000110000001001100100100101001011110010011000010010000000100000101001000010100000011011100011101000100000010011010001010110000011000010010000111000010001000100010110000010101000000001100000010100001000011010011100001010001101100000100001010001000110000100000000001110011011100100111010000010111000010101000000001010010010001110111010000010000101100001101000100010000111010000001110000111000100000000011000001100111000000010010010000000000100000000000100111001000100100100001001000000000111001000110,410b1b1a8cef98cf1ef1f8841647d0e3ee9caa78815d3c006c7e0250c7942099,bernoulli,bernoulli|conj|p=0.3|zero=allow_iid|rng=MT19937-RandomState,0.3,allow_iid,0.0008966848254203796,9.388662874698639e-05,0.0013786228373646736,0.0010470813140273094,0.014808819629251957,0.018230549059808254,0.003416275605559349,29,619,1,6,SAT_unsat_identifiable,1,boolean_factorization,exclude_x,exclude_x,0,1481,5383,0,1,1,0,1,0,0,1,1,1,0,0,0.0074310461059212685
4,50,10,100,2539984093,10,conj,glucose42,MT19937-RandomState,9.531434625387192e-05,01000110000010001111101000100011100001000000000000000000010001010000000000100000000010100000100110100100000110000000000001001000000000000000101001110011101000011101000110001000001000100001100010100101100110111000000110010100001100000000000110000000000011010110000110010010100000001010010011010110101000001000010100001000000110000000001010100001100110010011010000000010000100010100100100001100100000000000000000000000000000001110101111000101100010000001100101000000001000101100100010010010101000000101,084cb47be3823d427bf6d59525405e4807467f6e31a0280b46ed92ea02c0ede9,bernoulli,bernoulli|conj|p=0.3|zero=allow_iid|rng=MT19937-RandomState,0.3,allow_iid,0.0008493326604366302,8.344464004039764e-05,0.0012573981657624245,0.0010409867390990257,0.006970425136387348,0.010208881460130215,0.003231162205338478,26,680,1,6,SAT_unsat_identifiable,1,boolean_factorization,exclude_x,exclude_x,0,1334,4819,0,1,1,0,1,0,0,1,1,1,0,0,0.007133804261684418
4,50,10,100,2539984093,11,conj,glucose42,MT19937-RandomState,4.664994776248932e-05,10010000100000000000010010111010010000100000001001001000000100000000111010100001000100100101010000001101001001000110010100001101010000000110000110011101000100100010000000001100001001100000000001010001011000000010000110101100110000001010001010101100000001100000000111001101010010111001010000001110010000000011010001000110011001010011110000011111000001011001010000010110001010000010100000110000010001000010000100010000000100001010110000010000000011000000010000100000101110110000000010110100010000000100,43e44d22134e68a36c92ff3e86a4012bd25c6596559e9bc4db1fcbf953ba48b4,bernoulli,bernoulli|conj|p=0.3|zero=allow_iid|rng=MT19937-RandomState,0.3,allow_iid,0.0009328247979283333,8.88332724571228e-05,0.0015118205919861794,0.001027379184961319,0.009376096539199352,0.01294284500181675,0.0035608578473329544,32,756,1,6,SAT_unsat_identifiable,1,boolean_factorization,exclude_x,exclude_x,0,1578,5892,0,1,1,0,1,0,0,1,1,1,0,0,0.008102597668766975
4,50,10,100,2539984093,12,conj,glucose42,MT19937-RandomState,5.3427182137966156e-05,00001100000100001100100000000001010001100110011001011100000001010011011000000000000111100000100010100011010010011000001101110100000000110011001000001001010010101000000110000110001010011000001000110000000010001000000100000101101000010001101100100010010111000101100100001000100101001001000011100001011001111100010001000010010011000000001001010110010000101110000100000010100011000001101001100011010000011000001001000001010001000000000000000001010011111000000000100000000011000001000011010100001001010000,49a8e65f51cc93865f5eae5b99826cb5511c728b9798a395f60bd587af1b07ce,bernoulli,bernoulli|conj|p=0.3|zero=allow_iid|rng=MT19937-RandomState,0.3,allow_iid,0.0009570391848683357,8.166953921318054e-05,0.0013834331184625626,0.0010404782369732857,0.007145230658352375,0.010614362545311451,0.0034626200795173645,29,755,1,6,SAT_unsat_identifiable,1,boolean_factorization,exclude_x,exclude_x,0,1451,5350,0,1,1,0,0,0,0,1,1,1,0,0,0.007736477069556713
4,50,10,100,2539984093,13,conj,glucose42,MT19937-RandomState,6.145797669887543e-05,01100000100010000010010000100000011000110000000001000001000000100001000001010000000000001100011000000000001011001001011100001101111010110000011110001001100010000000001000001001000110000000000000011100000010000010000100000101010000000100110110011000010000100001001000110100011000010000010000000000000001110100101000000000101000010000001110000100000000010001011000100100000010100000100010010000001111110100111001011000010010001001101000001100000101011000100000000001011000001100110000010110111100001000,93d59fdcfe83de7ce6e31374803bbc4c4f1d7c54b996cc9c49b338c7fc454eae,bernoulli,bernoulli|conj|p=0.3|zero=allow_iid|rng=MT19937-RandomState,0.3,allow_iid,0.0008150395005941391,9.68175008893013e-05,0.0010574236512184143,0.001010797917842865,0.005802287720143795,0.008788203820586205,0.0029800785705447197,21,778,1,6,SAT_unsat_identifiable,1,boolean_factorization,exclude_x,exclude_x,0,1009,3791,0,1,1,0,1,0,0,1,1,1,0,0,0.006859565153717995
4,50,10,100,2539984093,14,conj,glucose42,MT19937-RandomState,5.2490271627902985e-05,00000011000100110000111000000011100101110110001000001000000000000110000000011000000000001110011000000000000000010001001010010000000100001000010011001000010000101000001000000010000000100000100101110001011001000100010010001000000000001010010100001110000010100110000100000100100001010010100010000100000010110000101101100000110000110010000011010100011000010000000001101001100111001010001000000000100001000001000000000100011000011001110110101000000000101111011000101001010011000000010110000110010010000100,c17a8d5540bb7ddc497e06596b32d3db6232156bf7ae908b5053c13286075dea,bernoulli,bernoulli|conj|p=0.3|zero=allow_iid|rng=MT19937-RandomState,0.3,allow_iid,0.0008783740922808647,7.977988570928574e-05,0.001160111278295517,0.001050565391778946,0.007405892014503479,0.010580439120531082,0.0031688306480646133,23,770,1,6,SAT_unsat_identifiable,1,boolean_factorization,exclude_x,exclude_x,0,1057,4112,0,1,1,0,1,0,0,1,1,1,0,0,0.00713761243969202
4,50,10,100,2539984093,15,conj,glucose42,MT19937-RandomState,5.328282713890076e-05,00101001000001011000111000010100101010100000000100010000000010110000001100010010100001001000000110000000101101000010001110001011010000000101001001101100011010011101101000001000111010111010011100000000101100001100001110000000010111110011100000010010100001100100000000000001110010000000010100000100100111001000000000100011010010000000110101110000001001101100100000000010000100111010110011000001000001000000010110000001011000001111000101000000000001000010000110010001110000100000010010101100011001101000,fa9f02949d60e6aeebb6681116297ac6ac87158b7d1d80079c6969c61ec74683,bernoulli,bernoulli|conj|p=0.3|zero=allow_iid|rng=MT19937-RandomState,0.3,allow_iid,0.0010344041511416435,9.843707084655762e-05,0.0016215331852436066,0.0010683508589863777,0.00959980022162199,0.013428575359284878,0.0038227252662181854,34,609,1,6,SAT_unsat_identifiable,1,boolean_factorization,exclude_x,exclude_x,0,1826,6433,0,1,1,0,1,0,0,1,1,1,0,0,0.00781012699007988
4,50,10,100,2539984093,16,conj,glucose42,MT19937-RandomState,4.7604553401470184e-05,00010000000011010101001100000010010000001001001010101000101010100110010000011000001001010001000101010100000000010001101001101001000000001100001100010111100110010001001000100010101001000000001101000001000100010101100000010001100110000100101010111000000000101010101000000111100110010000000010000011010011000000111001000001000100100111111000001100011101010000110010011110010100100011101100001011101000110000101000110000010010000111000000100101001100000001000000000101010000000001110000011001010010000010,1c0d748be15ceceb38df6a977674d09aef5deb4d77b885b02e1209224584b4e5,bernoulli,bernoulli|conj|p=0.3|zero=allow_iid|rng=MT19937-RandomState,0.3,allow_iid,0.0008976729586720467,7.711537182331085e-05,0.0013619279488921165,0.0010067103430628777,0.008756257593631744,0.012105573900043964,0.0033434266224503517,29,653,1,6,SAT_unsat_identifiable,1,boolean_factorization,exclude_x,exclude_x,0,1481,5383,0,1,1,0,0,0,0,1,1,1,0,0,0.0076116397976875305
4,50,10,100,2539984093,17,conj,glucose42,MT19937-RandomState,5.6832097470760345e-05,01101010110000010010000000000000110010001100011000101000110000010000010000100000000000000000000000011111001110111000010110000110000111100000000000000000101000111000010010010000010101011011110010000000000000000001001100000111101001000010001000000010101110000000001010010110001110010110000001101010001100000010000001110111010100000000001000000000001111000001101100000101000101000000100001100000001001000110001100011010110000000100110010100000101110010001010000000000000001000101101110101011010100100000,faf67c9a046a317190f9c289274365610e72435ba43d8fead194d454fa2e2873,bernoulli,bernoulli|conj|p=0.3|zero=allow_iid|rng=MT19937-RandomState,0.3,allow_iid,0.0007925350219011307,7.783155888319016e-05,0.0012384876608848572,0.0010632341727614403,0.006848757155239582,0.010026632808148861,0.0031720884144306183,25,616,1,6,SAT_unsat_identifiable,1,boolean_factorization,exclude_x,exclude_x,0,1245,4587,0,1,1,0,1,0,0,1,1,1,0,0,0.0069463783875107765
4,50,10,100,2539984093,18,conj,glucose42,MT19937-RandomState,5.344673991203308e-05,00001110111011000010101010010011000011000000000001110001000110010100001000000000000000010101000001000001000101010000100011010000000000000100101100001000010101100100010011010111000000011000010010000000110111001000011000001010000000010110111000011010011010000001010010101010001111100010000100001001000011000111101000010110000000010000000000000100010001101010011001101101100100110000101100100000011010111101000000110101010100000011101010100100000110101100111000100110010000001011110100000000100000000001,3cb92657b6f2d1a0635aada298ff68539766702dd792237144cde140787942dd,bernoulli,bernoulli|conj|p=0.3|zero=allow_iid|rng=MT19937-RandomState,0.3,allow_iid,0.0008348170667886734,7.770583033561707e-05,0.0012716948986053467,0.0010513197630643845,0.013986223377287388,0.017228225246071815,0.0032355375587940216,26,633,1,6,SAT_unsat_identifiable,1,boolean_factorization,exclude_x,exclude_x,0,1384,4874,0,1,1,0,1,0,0,1,1,1,0,0,0.007067816331982613
4,50,10,100,2539984093,19,conj,glucose42,MT19937-RandomState,5.222391337156296e-05,11010101000100100010000000000000100010001011011000011010001001100000110001010110110001101000010000011110100000000110101001000000001011001100100000101100011000010101110000011001100000000001000110011000010000000110010110101101000000010000010011110000011000010011001000011101110000000011011100001000000000000101010010000100000000010010010111000111100010000010001010001001000000000001111101000000010001100110010000010000110100001100000001100000000001000000000000101001010000100000010000010000000110010000,77601ed7e35991754674b0e6b75f620ec40a6afda41ff31b435eda4380959d58,bernoulli,bernoulli|conj|p=0.3|zero=allow_iid|rng=MT19937-RandomState,0.3,allow_iid,0.0008075172081589699,7.077958434820175e-05,0.0011187735944986343,0.0010362174361944199,0.005969947203993797,0.009009161964058876,0.003033287823200226,23,746,1,6,SAT_unsat_identifiable,1,boolean_factorization,exclude_x,exclude_x,0,1147,4211,0,1,1,0,1,0,0,1,1,1,0,0,0.007097231224179268
4,50,10,100,2539984093,20,conj,glucose42,MT19937-RandomState,7.032696157693863e-05,00001000010000010100100100100001110111111010000001000100100000011000010000110001100111001010000110100110001001011110010100001000101001001110100101010001000100101001100000000100010000000000001111001100000000010001110000000000000000000000000000000000000100000000111001000100000110000111000001110110101110011000111000001000111000001001000110100010011000011010110100000000000100000010000100001000010100000011000000000000100100000000011010000000100101110010001100100011100000000110110011000001101000000000,ac1d07bec64f21874fc2005a7b01fd853df91bb3a191f7f40eb1ff046dfd7b29,bernoulli,bernoulli|conj|p=0.3|zero=allow_iid|rng=MT19937-RandomState,0.3,allow_iid,0.0009991973638534546,8.423347026109695e-05,0.0013294769451022148,0.0010157991200685501,0.008129840716719627,0.011566150933504105,0.0034287068992853165,28,798,1,6,SAT_unsat_identifiable,1,boolean_factorization,exclude_x,exclude_x,0,1322,5074,0,1,1,0,1,0,0,1,1,1,0,0,0.0076019540429115295
4,50,10,100,2539984093,21,conj,glucose42,MT19937-RandomState,4.788395017385483e-05,01111000000010001010100101100000100101000110101000110001001000000111110001000010000110101010011010010001100111000000000010000000011001100100110000000111100010100000000010010010100000001110001010000001100110011000010000010000000000010111010010000000100001010100000000100010000000010000100010000000001010010001101000100000000111001010010100000000000000010000101001001010100110100110000100100010010001001010010000110100001000000001010000011011111010110001101000110010010000000111000000001000000100110011,42cd683a4e4faeb1f9e4b539b2b680783c3c2a6b92219cd5c388191f04bd6941,bernoulli,bernoulli|conj|p=0.3|zero=allow_iid|rng=MT19937-RandomState,0.3,allow_iid,0.000921543687582016,9.190384298563004e-05,0.001550794579088688,0.0010349415242671967,0.009936309419572353,0.013541391119360924,0.0035991836339235306,33,621,1,6,SAT_unsat_identifiable,1,boolean_factorization,exclude_x,exclude_x,0,1737,6201,0,1,1,0,1,0,0,1,1,1,0,0,0.007761095650494099
4,50,10,100,2539984093,22,conj,glucose42,MT19937-RandomState,5.3524039685726166e-05,10000000010000000010100010001101000010010110000000010100010100110101000001111000101100000001000001001010010001000010010010000001000000001100001010000000010000011000010000000100110001101000010001010001010010011100001001111010000001011011010000011001001001011100010100001001000100100000000110000000000111000001101100010100000000000001010001100000001010111000010111001000100100000101000000111101100101000000100001000100100000101001100000011110000011001110000000011000001011010000001010001010001100001000,87d3d8ed3ae803e71fc23776e7f29af88cd7bc102d1cf107888a7f277bb74559,bernoulli,bernoulli|conj|p=0.3|zero=allow_iid|rng=MT19937-RandomState,0.3,allow_iid,0.000986909493803978,8.734408766031265e-05,0.0014719432219862938,0.0010260706767439842,0.009928034618496895,0.013506588526070118,0.0035722674801945686,31,767,1,6,SAT_unsat_identifiable,1,boolean_factorization,exclude_x,exclude_x,0,1499,5671,0,1,1,0,1,0,0,1,1,1,0,0,0.007936296053230762
4,50,10,100,2539984093,23,conj,glucose42,MT19937-RandomState,5.09386882185936e-05,00000001010000110100001000000000101010110011101111000100000000000001000100100000100000000000000100001000000001010100001100000000110000001010100010000010010001001001000000000010100100010000101110010001000001010101110100100100001000000010011000010001000111100000101000000100000111000000000000000111010100000000001000010011100000101000100000001100011101011001001000011001011000000100000001000010000100100011000100111001000001111110010110011100100010110001000101100000001101000011101010011000010010111000,ec8d79f96947efb46fed6bd8d55ae135ca71ba997f2f1e2d53c3101d9c2baa7a,bernoulli,bernoulli|conj|p=0.3|zero=allow_iid|rng=MT19937-RandomState,0.3,allow_iid,0.0009337384253740311,8.529238402843475e-05,0.0012958496809005737,0.0010359156876802444,0.008450336754322052,0.01180737279355526,0.003350796177983284,27,797,1,6,SAT_unsat_identifiable,1,boolean_factorization,exclude_x,exclude_x,0,1323,4941,0,1,1,0,1,0,0,1,1,1,0,0,0.007576699368655682
4,50,10,100,2539984093,24,conj,glucose42,MT19937-RandomState,4.604179412126541e-05,00100000101000110011001000010000001000100010000100011000000000011010011110111001000110001001110001111110100010010010001000000100110000100010000010000001000000010000101000111100001000000000100010000000000001100001010000111000000001100000011000010101100001100010101001001000100000000100110000001000001010101010010101100000001011100000000000001000000111110000010000001000110001010000000001100000000001101010100000010101110000000000010101100001000001100000010110011110000000000100000000100100111001000000,ae0d0adfa61dcc836b472a77ab5720fd94175950eda8daca3a5090afad0362e9,bernoulli,bernoulli|conj|p=0.3|zero=allow_iid|rng=MT19937-RandomState,0.3,allow_iid,0.0007710056379437447,7.209274917840958e-05,0.0011892803013324738,0.0010286523029208183,0.006783737801015377,0.009850581176578999,0.0030610309913754463,24,711,1,6,SAT_unsat_identifiable,1,boolean_factorization,exclude_x,exclude_x,0,1116,4311,0,1,1,0,1,0,0,1,1,1,0,0,0.007163066416978836
4,50,10,100,2539984093,25,conj,glucose42,MT19937-RandomState,4.7519803047180176e-05,10001110000000000100001100011000011110000100000010100010001010000010010000001111010100000000011010010100110000110100100010010000110101000110100000011101100010000010000101010000101010000000010010000000100101110000001001010001100000001011101101000000110001001101010010010001000100011000101000000000011100000000111100001100100111000001001110000010111100010001100010000100100010001000011011000001000001010001000101010000000010010000010000001000001010010101100000001100100101010000000110010011100001000101,e57f6b42354ee492237c6293000ae9e4a6c889c3779249c40c0eeacdf5b72124,bernoulli,bernoulli|conj|p=0.3|zero=allow_iid|rng=MT19937-RandomState,0.3,allow_iid,0.0009277407079935074,9.382516145706177e-05,0.001509382389485836,0.001025552861392498,0.010811589658260345,0.014373892918229103,0.003556501120328903,32,688,1,6,SAT_unsat_identifiable,1,boolean_factorization,exclude_x,exclude_x,0,1688,6013,0,1,1,0,0,0,0,1,1,1,0,0,0.007943005301058292
4,50,10,100,2539984093,26,conj,glucose42,MT19937-RandomState,4.854239523410797e-05,00000100100001001000101010000100011000001001010000001000000000000100000111110000000001100011001011000100001010000011000010100001000001101000000000100101101100101001001001000000010000011100011001000011000000000000000000000110000000100000001001101000010001001110010001010111001110100100111001111010110001001100010100100010001100000000100010010010010000000100001001111110110111101010000010001110001110010010000010100000000100000000000010010001000100000000100010001100011000010000100100111010100001000010,296149381564f6720e4aac09a54b1b4b7c6fa39201ed538afe2d044042aa1e8c,bernoulli,bernoulli|conj|p=0.3|zero=allow_iid|rng=MT19937-RandomState,0.3,allow_iid,0.0009668683633208275,8.096825331449509e-05,0.0014109443873167038,0.0010438449680805206,0.0073493411764502525,0.010857786051928997,0.003502625972032547,30,782,1,6,SAT_unsat_identifiable,1,boolean_factorization,exclude_x,exclude_x,0,1450,5483,0,1,1,0,1,0,0,1,1,1,0,0,0.00797787494957447
4,50,10,100,2539984093,27,conj,glucose42,MT19937-RandomState,4.902295768260956e-05,00000110000000000011011001110101100100100000000001101101010000000000111101100000001001110111000011010001010011010000000000000000001000010000010010000010010010110000000000000000100100010010000101000000000000100001000100010010010001000001000001100010001100100110001001100101010010000000110001000000000110101011010001110000000000100000010000001000001000000100101000010100011000000000100001100001001100101000011000001000000000100000100000000000110111100000011000001010100110011000010010011001101000001001,1fca4e5ede1ac065f3f73615325e2ed4efca44ed82a11478228ba4e37f310e5c,bernoulli,bernoulli|conj|p=0.3|zero=allow_iid|rng=MT19937-RandomState,0.3,allow_iid,0.0007337275892496109,7.144734263420105e-05,0.001096850261092186,0.0010327436029911041,0.009064116515219212,0.012004796415567398,0.002934768795967102,22,635,1,6,SAT_unsat_identifiable,1,boolean_factorization,exclude_x,exclude_x,0,1158,4089,0,1,1,0,1,0,0,1,1,1,0,0,0.006684909574687481
4,50,10,100,2539984093,28,conj,glucose42,MT19937-RandomState,4.7421082854270935e-05,10000100000101001010010111000100100001101010000000001001100101110011101001101000111001111000000011000010000000010011001000000110110000000100101001011000010100101000101001000000100100001000001010001100101000101111101000010010100000001001000000100001000011010111000100100000001100110100101000000010000110010100001000000100101001001000111000011011010000001000000100001000000000001000110010111001010101010010010001010000000011101000000100011000000100000000100011000101000100001111100110011100000100101100,4e93bbefde5b2f12e452e3320c20e720af4a7277f453426b2684db2f461cc182,bernoulli,bernoulli|conj|p=0.3|zero=allow_iid|rng=MT19937-RandomState,0.3,allow_iid,0.0009601330384612083,7.843319326639175e-05,0.0013303738087415695,0.0010375985875725746,0.01035727746784687,0.0137709341943264,0.0034065386280417442,27,726,1,6,SAT_unsat_identifiable,1,boolean_factorization,exclude_x,exclude_x,0,1393,5018,0,1,1,0,0,0,0,1,1,1,0,0,0.007600877434015274
4,50,10,100,2539984093,29,conj,glucose42,MT19937-RandomState,4.689674824476242e-05,01100001000001101000001111011101010100000000110001100100000001101010000000001001010000000010000101000001000010000011000000011100010010110101000001100010000000000011000000000000001110000011100010000110100001000100110000000010010001000000000000000000110100010010011110001101000100000100010000010010001000001000101100110001110000010001000101011100100100010110010000011001000010000100100111000001110010010010000101000111000100010011000100001110010100010001000001101000001010100000000000000010011010100000,163724809d61e05b8e47da6512f33e77ad906d12fba6605af2d0195f431486ad,bernoulli,bernoulli|conj|p=0.3|zero=allow_iid|rng=MT19937-RandomState,0.3,allow_iid,0.0009003980085253716,8.38572159409523e-05,0.0015826765447854996,0.0010385755449533463,0.009072677232325077,0.012683926150202751,0.0036055073142051697,34,767,1,6,SAT_unsat_identifiable,1,boolean_factorization,exclude_x,exclude_x,0,1686,6279,0,1,1,0,1,0,0,1,1,1,0,0,0.008538631722331047
4,50,10,100,2539984093,30,conj,glucose42,MT19937-RandomState,8.102227002382278e-05,01000000100011011000100010010101110000000010110100000101000100010001110000001110101001100000000111100100011000001100000000010110000100001011111100110000001100001100110000001100101000000100100001010101010000011000001000101001000100000100100110100100100100011100100000100100000000010100010101001010010000000101100010000001011010100100001000000000111010111010010000011011100000000000010010110101111011110110010000000001000000111011000000001000000001010010110110000011101100000000011001100010000000110000,536fd40561a69b68f1f97b9ebd3d5a887c9ece3921e803d58c3d6aaacfd607af,bernoulli,bernoulli|conj|p=0.3|zero=allow_iid|rng=MT19937-RandomState,0.3,allow_iid,0.0009422153234481812,8.9976005256176e-05,0.0014715753495693207,0.0010379515588283539,0.016261248849332333,0.01981096714735031,0.0035417182371020317,31,651,1,6,SAT_unsat_identifiable,1,boolean_factorization,exclude_x,exclude_x,0,1599,5781,0,1,1,0,1,0,0,1,1,1,0,0,0.007573912851512432
4,50,10,100,2539984093,31,conj,glucose42,MT19937-RandomState,5.254056304693222e-05,00010000010000011010010010010000000100011001000001000000100100001100010000001111000010001001001010000000001001000001011000011110011000011000101000110000001000110000100101000000000010100000000100001100000000010000000000001000000010010000001111001000000100001000000010000011100100001000100100100000000101100100011001001001111001101001000011000001001100001100000100000011000001001100000000000010110001001011100110000010010000100101001001001000000010011000110000110000101000000100010100100000001011001100,3f192a8614faccddcc8b61478b69cb41a39ca2bd64953bca3492054e54d93707,bernoulli,bernoulli|conj|p=0.3|zero=allow_iid|rng=MT19937-RandomState,0.3,allow_iid,0.0008867653086781502,7.940921932458878e-05,0.0014170454815030098,0.0010415147989988327,0.013178054243326187,0.016608892008662224,0.0034247348085045815,30,725,1,6,SAT_unsat_identifiable,1,boolean_factorization,exclude_x,exclude_x,0,1460,5494,0,1,1,0,1,0,0,1,1,1,0,0,0.0077148666605353355
4,50,10,100,2539984093,32,conj,glucose42,MT19937-RandomState,5.1655806601047516e-05,10010010100010000100000001000000000000000010000100000010001001110000000100010000010000000011000000100001000000100001011001000000011001000000000100000100001000000000110001111000100101000111000101000000000000010001001100101001000000100001001000111000001101000000100111000100001111001010001000101001001000010011000000011010110001000001000101000000000100011000100000000000000000110000110000000010111000000010011100001100101000011000000001001111100000000011000100011001001000001000000110000100000010000000,2bd58a665ad050f64ba4b20606b922dcf920ae3350a6cee7a75de24762856d6b,bernoulli,bernoulli|conj|p=0.3|zero=allow_iid|rng=MT19937-RandomState,0.3,allow_iid,0.000870872288942337,8.112099021673203e-05,0.0012394022196531296,0.001020633615553379,0.007448309101164341,0.01066700741648674,0.0032120291143655777,25,776,1,6,SAT_unsat_identifiable,1,boolean_factorization,exclude_x,exclude_x,0,1215,4554,0,1,1,0,1,0,0,1,1,1,0,0,0.007368289865553379
4,50,10,100,2539984093,33,conj,glucose42,MT19937-RandomState,4.969630390405655e-05,00010001101011001100001100110000001001001001100000000100010101100010010000110000000101000001010100000001000000001011010000110010000100000001000011000100100010000000001001000001010001100001100110011000100010110010000111000000110100000000011001010011010011101000010000010010000001010000100001000010000001000100100100010000010010010011000100100000001100001010000000010001000110000000000001001010010001010100000000010111000010011000011100111100000001110000000010100001000100000100100000000100001000000000,1fb8a47039ddbbfc492ef71873d3d3c8615d652f1bc8b9bf626295e352e0f606,bernoulli,bernoulli|conj|p=0.3|zero=allow_iid|rng=MT19937-RandomState,0.3,allow_iid,0.0009335242211818695,7.105059921741486e-05,0.0011052517220377922,0.0010631121695041656,0.01075700018554926,0.01393583882600069,0.0031729387119412422,22,870,1,6,SAT_unsat_identifiable,1,boolean_factorization,exclude_x,exclude_x,0,928,3836,0,1,1,0,0,0,0,1,1,1,0,0,0.00721399113535881
4,50,10,100,2539984093,34,conj,glucose42,MT19937-RandomState,5.3919851779937744e-05,01001010000010000100000001101000101001101001110100010001000111000000111000010101010000000100001000101101000000111001100101010010010110000100010001000000100000000101000100001100010001000000000010011001000000000000110011001010100100101011100010110000001011000100001010001010000000000010010000011101010101001100000000010010000100000000000100100100010000001000001000000010110010000000011101000001000010000000010101100001000001100000111011100000000100100000110101100000010000000010111000001010000001011101,398e9f0f02011b042319369bc31788ce518e36ad42e1decd014c7eb502f6edea,bernoulli,bernoulli|conj|p=0.3|zero=allow_iid|rng=MT19937-RandomState,0.3,allow_iid,0.0008923821151256561,8.304324001073837e-05,0.0011782338842749596,0.001027468591928482,0.011685971170663834,0.014873341657221317,0.003181127831339836,24,703,1,6,SAT_unsat_identifiable,1,boolean_factorization,exclude_x,exclude_x,0,1166,4366,0,1,1,0,1,0,0,1,1,1,0,0,0.00700126588344574
4,50,10,100,2539984093,35,conj,glucose42,MT19937-RandomState,5.228724330663681e-05,11100010100000001100100001000010001100010000101101000010000010000100000100001000000011000010100001000010000010101001000000000100011001010011110011110001000000100010011010000000000100000000000000001100100000001010001100011101010010011100001000100000000000011000010010010000000000110100000101100100010100100000000001000000000111000000100001000110000000001001010000001100110101001000000001000001000100000000010101000000010011110001100000010100101001000000011110010110100011000010100010010011100000100100,154b063bb6d88bc793cfe7837f33b79ffa2dfc47a8d60db5bcbbe0601f180d6f,bernoulli,bernoulli|conj|p=0.3|zero=allow_iid|rng=MT19937-RandomState,0.3,allow_iid,0.0007718121632933617,7.407180964946747e-05,0.0010669706389307976,0.0010141097009181976,0.007242979481816292,0.010175987146794796,0.0029269643127918243,21,872,1,6,SAT_unsat_identifiable,1,boolean_factorization,exclude_x,exclude_x,0,909,3681,0,1,1,0,1,0,0,1,1,1,0,0,0.007254734635353088
4,50,10,100,2539984093,36,conj,glucose42,MT19937-RandomState,5.031377077102661e-05,00001110000000010000100001010110000101000110100000100011000000001011100000000000000000010000111100100011110010100100000000011000010000000111000001000000001010100001001011111010100000011000100001000000100010101101000100001000000000100001010000000001000101100010001100010001111000000001111010001010000101110001100000110010101010110100000011110000000100100111001101000011100011111100010000001011101110001111100010110000001101000010000100011101000101111001001001001011011100010011001101010011000010000011,60e01d28f8381b7c9ddcbe2a99911d941bf8e4535306761eb3788040fa342e91,bernoulli,bernoulli|conj|p=0.3|zero=allow_iid|rng=MT19937-RandomState,0.3,allow_iid,0.000925934873521328,8.627958595752716e-05,0.001464972272515297,0.0010602260008454323,0.012074107304215431,0.015618822537362576,0.0035374127328395844,30,591,1,6,SAT_unsat_identifiable,1,boolean_factorization,exclude_x,exclude_x,0,1660,5714,0,1,1,0,1,0,0,1,1,1,0,0,0.007511426694691181
4,50,10,100,2539984093,37,conj,glucose42,MT19937-RandomState,5.140528082847595e-05,00000010010010000000000001000000010100100001101000100110110000100001000100000010111000100000001000110000100101000010100000000011010001001000110100000111000000001000000100000100100000000010000000000000101111000010000000000110000010010010000011010000011011000010011000001000000001000001110011010101010010010100010111000000010100000100000010001101101100010000010001101010111000101010111000100101000010101100000011100001010000000100010001000000000001000010000110010011010000001011100001010101011001001100,344bc378eb48ba501a9d90df31a906dd55d3ca1a7617741b98dd23079b90e016,bernoulli,bernoulli|conj|p=0.3|zero=allow_iid|rng=MT19937-RandomState,0.3,allow_iid,0.0007976517081260681,7.585901767015457e-05,0.0011145491153001785,0.001072700135409832,0.007889731787145138,0.01095731370151043,0.003060759976506233,22,797,1,6,SAT_unsat_identifiable,1,boolean_factorization,exclude_x,exclude_x,0,1038,3957,0,1,1,0,1,0,0,1,1,1,0,0,0.007187757641077042
4,50,10,100,2539984093,38,conj,glucose42,MT19937-RandomState,5.342066287994385e-05,00000010001000101000010010000000000100010100010000111000000111000000010000110010001110101011000010010000000000100111000010100000101000101000111111101100100000101100101100000001111000010001000001000010000111101000001000101011001010011011100001100000010001010110010100010001100110010000010001001001000001000111001000010100010000010001011001010100000000000000001000100100010000111100000101100000001100010100000000110101000000110000110000100000000001000010000100000000000111110000000001000110001100000000,5c7207655f29f5272d0ce82251cb7f1353f2c4a82c25fe13ff971d0f9aeafe14,bernoulli,bernoulli|conj|p=0.3|zero=allow_iid|rng=MT19937-RandomState,0.3,allow_iid,0.0009000971913337708,8.779019117355347e-05,0.0012970101088285446,0.0010356483981013298,0.007276884280145168,0.01060478389263153,0.0033205458894371986,26,741,1,6,SAT_unsat_identifiable,1,boolean_factorization,exclude_x,exclude_x,0,1264,4742,0,1,1,0,1,0,0,1,1,1,0,0,0.00744257215410471
4,50,10,100,2539984093,39,conj,glucose42,MT19937-RandomState,5.4026953876018524e-05,00001101001010000100000100000000011001001011100000001010101100110111000011101000010111000111110000010001100001100000101010010100001100001100100000001001001100000100100000000110010000010001000001010000000000100001001000011010001000000010100000100000000100100011100011001000000000001001001001001001101010000000010000100101000011010001000000111011000010110101001101011010101110010000001000001100010001000101000011011001010100000000100100000010000000011000100011101000000011001110100001000010000001001010,e6a15aac57379f840eaba85e5161bfbb0c0a3a916ff97926cb096615e61f4231,bernoulli,bernoulli|conj|p=0.3|zero=allow_iid|rng=MT19937-RandomState,0.3,allow_iid,0.0009073512628674507,9.213481098413467e-05,0.001505112275481224,0.0010509369894862175,0.009067375212907791,0.012629751116037369,0.003555535338819027,31,736,1,6,SAT_unsat_identifiable,1,boolean_factorization,exclude_x,exclude_x,0,1539,5715,0,1,1,0,1,0,0,1,1,1,0,0,0.008037271909415722
4,50,10,100,2539984093,40,conj,glucose42,MT19937-RandomState,8.990149945020676e-05,00001000000001010100000000000011100100100000001110000000000110000011010001101000001001000000000000000000000000000000010000000000111010000000010000001000001100000000010010010011001000010010101011101000010011000000000110000000010010001010111100010001001000111000101011000110100000010100000111110010100101000011000110000000001001110110011000110001000000100000000000011000000101000010000100000011110000001010001000110000000011011001010000000000000010011000001001010010011011000110000010001000000001111011,d3ce29d029d06e0173ca177f691aff4a4df30756a1382a86b51bbbcea94435b6,bernoulli,bernoulli|conj|p=0.3|zero=allow_iid|rng=MT19937-RandomState,0.3,allow_iid,0.0008596256375312805,8.653942495584488e-05,0.001229490153491497,0.0010417606681585312,0.006635140627622604,0.009859185665845871,0.0032174158841371536,25,837,1,6,SAT_unsat_identifiable,1,boolean_factorization,exclude_x,exclude_x,0,1195,4532,0,1,1,0,1,0,0,1,1,1,0,0,0.007481991313397884
4,50,10,100,2539984093,41,conj,glucose42,MT19937-RandomState,4.7925859689712524e-05,11100100100001110100000010110001011000010000000000001001000011101100110101100010011000000000110000110101111000100101011001000000010001010000000000100000000000000000000000100100011000010001110000000100000001010000000000001010011011001000110100000011000010101000000000000000001100111001001010000000100001000001000000000010000101000000001101000000000011000011000010010010100000000000011000001001010010110100101001001110011000111000100000000000000101101010001101100001101101000010111000010000000101000010,75f3b243a50ad983075b14d210000de01079d8026d574f57fcfe70f742192b2f,bernoulli,bernoulli|conj|p=0.3|zero=allow_iid|rng=MT19937-RandomState,0.3,allow_iid,0.0007655201479792595,7.954239845275879e-05,0.0002545621246099472,0.0,0.0,0.001108846627175808,0.0010996246710419655,28,487,0,2,two_column_check_failed,0,,,exclude_x,0,0,0,0,1,1,0,1,1,0,0,0,0,0,1,0.0038759745657444
4,50,10,100,2539984093,42,conj,glucose42,MT19937-RandomState,4.168786108493805e-05,00001001100000001000000000001101100011010001111100011000000001111100100100101000100111000110010100011110001001110101011101101000000101100010010000110010000000001000000010001011100010000000000001101101000001111110100001001100000010000000010100001000000001000001000010000000000101100000000000000000010010000000001101000110001001000010011001100001110010000000010010000001100100110101100000000110000101010000100101010010000000010010000010110000010000001110000000011101010010000001110001011000000000101000,fa15eb5d7ec69e08125eb7e4282354c7bcc3e510264c08a5abc82bc9b7c56d29,bernoulli,bernoulli|conj|p=0.3|zero=allow_iid|rng=MT19937-RandomState,0.3,allow_iid,0.0008765561506152153,8.424744009971619e-05,0.0014190562069416046,0.0010705022141337395,0.010224307887256145,0.013681174255907536,0.0034503620117902756,29,677,1,6,SAT_unsat_identifiable,1,boolean_factorization,exclude_x,exclude_x,0,1471,5372,0,1,1,0,1,0,0,1,1,1,0,0,0.0076088672503829
4,50,10,100,2539984093,43,conj,glucose42,MT19937-RandomState,5.307607352733612e-05,00000100100001010001110000011101010000011000011000100000001000000000010100000000100001000000000010010000000000111010101111000000010000110000001000010000001000000010101010110111100010000001000000000100000010000001000100000000000110000010000010110100110000000010110001010011010000000100010000000100000000010100001101011000100001000000001011010100101010010100100000000000000000000011011011000011110000100010000000001011011000101001000101011100000100100110110010101011100000010110100100000010001000010011,1b3cad24521da8b40e922da3ce10a57a28c7ad54267e10bddeb1507e7f569d1d,bernoulli,bernoulli|conj|p=0.3|zero=allow_iid|rng=MT19937-RandomState,0.3,allow_iid,0.0007553026080131531,7.355213165283203e-05,0.0009557558223605156,0.001042230986058712,0.0056505706161260605,0.0084839453920722,0.0028268415480852127,18,972,1,6,SAT_unsat_identifiable,1,boolean_factorization,exclude_x,exclude_x,0,762,3117,0,1,1,0,1,0,0,1,1,1,0,0,0.007017390802502632
4,50,10,100,2539984093,44,conj,glucose42,MT19937-RandomState,5.510449409484863e-05,00010001111100001100111000011010001000000101100001100011100100010010010010111000000000000010101100111010000000110100000010000000010011010011010000000011010100011000010110011001111100000001100000101000000100000000000000100010100000000000100000000100001000100101000100001010100000000000000010000001010100010000010000001000011000001111010001111000010011010101001100000100000100100010100100101001011000001001001010000110110011010010010100000010000110011010000001000000011110010000000001000011010010100010,afc45c1c1448547135b585c0a14ccbaf5dac70e5387a10957f5263c7c4289d2e,bernoulli,bernoulli|conj|p=0.3|zero=allow_iid|rng=MT19937-RandomState,0.3,allow_iid,0.0007951147854328156,7.040798664093018e-05,0.001146824099123478,0.0010323002934455872,0.009640617296099663,0.012691142037510872,0.003044647164642811,23,766,1,6,SAT_unsat_identifiable,1,boolean_factorization,exclude_x,exclude_x,0,1117,4178,0,1,1,0,1,0,0,1,1,1,0,0,0.00699226651340723
4,50,10,100,2539984093,45,conj,glucose42,MT19937-RandomState,4.551280289888382e-05,10010001100100101100000010000000100100001000000110010000000010011000000111010011100000001111000001000000000001000000000000011000000000001001000001011000110000010001110010101000000001001000010110011000100000000000111000011101001010101000100100000000000010100100001100110000100000001010001000011000100010100111001100010110010001000000000001000101100100010100000001000001100001101100110011000100000000100000001000001000001110100010000101100010101000100100000110000100000100110010101111000000010001101011,99b3ceb7d9e276cd02bef09d5e8b503fbd409af85fdfe20e58affa7cdee41676,bernoulli,bernoulli|conj|p=0.3|zero=allow_iid|rng=MT19937-RandomState,0.3,allow_iid,0.000817163847386837,6.418582051992416e-05,0.0009357482194900513,0.0010161716490983963,0.011710289865732193,0.01454939041286707,0.0028332695364952087,18,914,1,6,SAT_unsat_identifiable,1,boolean_factorization,exclude_x,exclude_x,0,802,3161,0,1,1,0,1,0,0,1,1,1,0,0,0.0067560309544205666
4,50,10,100,2539984093,46,conj,glucose42,MT19937-RandomState,4.749651998281479e-05,01000000100000010001111000010110000001100000100010001110010001010100100100000100000101100001001100000001100010000000000001110001000011101010110100011001111000101100010001100010100110010010000001100000010100000100111001101000011000000110000001000010001111010010010000000001000001100010001001000100001110001000000000011001000100010010100101110100000000100101000010100000000100000010000010101101000000000000000100100010000111001000101001000000100000100110000110100000011000100000001011101011000001000110,b6445ec07042556c8b2bcf3b13179baa4dd0e55954407b4b2167310cb5e5c2e2,bernoulli,bernoulli|conj|p=0.3|zero=allow_iid|rng=MT19937-RandomState,0.3,allow_iid,0.0009154854342341423,9.156018495559692e-05,0.0015319734811782837,0.0010248646140098572,0.008801702409982681,0.012371809221804142,0.00356388371437788,32,690,1,6,SAT_unsat_identifiable,1,boolean_factorization,exclude_x,exclude_x,0,1628,5947,0,1,1,0,1,0,0,1,1,1,0,0,0.007911079563200474
4,50,10,100,2539984093,47,conj,glucose42,MT19937-RandomState,4.5583583414554596e-05,00000100001111000111010000000100001100100011001000000101000000011011000101100001010000000000100000001000100010000101000000010000000001100000000100001010010000100100011101010000000000011000100001000001010000011000000101110100000000100110010100100000000100100100001000001110000000001010100100001001001000000100010010000001000111100000000000111101111110100000001011001001010101000010110100011100100000000011011000001000011101101000110001011110010010100111000100000010010100010100001100011100000100000011,cb8b2475b3afb94d546340e4ec7c143ac15ef183d9998be60f3394c16ea24c06,bernoulli,bernoulli|conj|p=0.3|zero=allow_iid|rng=MT19937-RandomState,0.3,allow_iid,0.000956888310611248,8.59089195728302e-05,0.001446569338440895,0.0010104067623615265,0.009253795258700848,0.012759947218000889,0.0034997733309865,30,587,1,6,SAT_unsat_identifiable,1,boolean_factorization,exclude_x,exclude_x,0,1530,5571,0,1,1,0,0,0,0,1,1,1,0,0,0.007286778651177883
4,50,10,100,2539984093,48,conj,glucose42,MT19937-RandomState,5.2206218242645264e-05,00010000000100001110000010011000100100000100000010000100001001100000001111000000000000000000000000000011111100001110010000000111000000000101000010010000000010010001001011001001100000000010000100001000001011101010001000000001000110010100010001000100000001000010000001001100101011000001101000101000000010000000000000000101010100100001110100011000000100110000001001000011100110111110000100100001000010101000000011010001000000001000101010010110001000010010001011010000001101000000000000101010100110110010,7becd2f898525b9e3f7073bc10a9a7c21883a19c74faa3c0c1e25448bf6b8e8b,bernoulli,bernoulli|conj|p=0.3|zero=allow_iid|rng=MT19937-RandomState,0.3,allow_iid,0.0008250381797552109,8.360296487808228e-05,0.0013056164607405663,0.0010279780253767967,0.009810280986130238,0.013059237040579319,0.003242235630750656,27,790,1,6,SAT_unsat_identifiable,1,boolean_factorization,exclude_x,exclude_x,0,1283,4897,0,1,1,0,1,0,0,1,1,1,0,0,0.007670330815017223
4,50,10,100,2539984093,49,conj,glucose42,MT19937-RandomState,4.511792212724686e-05,00001011001000001100101110010010111010001010110010000000010010101101111000100001000001001100000010010000001000000000001000111100000101000110110011000010000000100011000000010001110011111000010001000100110010011000100011000010010001001000101010010000000100001010010000001000010000010010000000000000000001110010001010011100000000010000010001001100000010010000001010110001000110100100010101001000001100001000000100011010000001001010000000011000011010000000001000001010001000000100100101101000001000001100,caa32290b67270352ae8dad712b6a71c98382926650393bb7d140bcf95736b1d,bernoulli,bernoulli|conj|p=0.3|zero=allow_iid|rng=MT19937-RandomState,0.3,allow_iid,0.000840749591588974,7.2418712079525e-05,0.001212247647345066,0.0010257093235850334,0.006421486847102642,0.009578329510986805,0.0031511252745985985,25,777,1,6,SAT_unsat_identifiable,1,boolean_factorization,exclude_x,exclude_x,0,1165,4499,0,1,1,0,1,0,0,1,1,1,0,0,0.007363910786807537
4,50,10,100,2539984093,50,conj,glucose42,MT19937-RandomState,6.31045550107956e-05,01011010011011100110000111000011110001101000000111010010101000010010001010000000000000100000001111000010001010110100100000000010001000000001001000110010000000110000000000000000011000010010001000100010011011101110000100001001001000110110100101110100011100101011000110001000000010100010000101000000110010000100000001001000000110000001000011100001000111010101000100000110010011000100001011111101001010000101000101100001000000010000010010100001000001001001000110011101110000001000010000010000100100100010,e2d8455f36cebf84844d53f13f7fad50a4bf6f64394aade899611a36369739d6,bernoulli,bernoulli|conj|p=0.3|zero=allow_iid|rng=MT19937-RandomState,0.3,allow_iid,0.0009356280788779259,8.720997720956802e-05,0.0015314379706978798,0.0010134577751159668,0.011337521485984325,0.014911990612745285,0.0035677338019013405,33,638,1,6,SAT_unsat_identifiable,1,boolean_factorization,exclude_x,exclude_x,0,1707,6168,0,1,1,0,1,0,0,1,1,1,0,0,0.007811924442648888
4,50,10,100,2539984093,51,conj,glucose42,MT19937-RandomState,4.621315747499466e-05,00001000000100100101010000000000100000000010001010000001100000100100010001100001110000001001000000101000110001000111011000100000001000011110011110010111100011011111100100000110110000100000100101100100010000100010110101000001110010001110001011100001001000010010010000010010000100110100101000101010101000000100100001001101000000001000111100001000100100000010001101001000001000110000000100000000001000000010001110100100010100010001110110000100011000000000010011100100000001010110001100010110000010001011,853d77028ab519590f49d4c992de1dc4f91ffe6bd56c80a26f70c32538d35a7e,bernoulli,bernoulli|conj|p=0.3|zero=allow_iid|rng=MT19937-RandomState,0.3,allow_iid,0.0010017519816756248,8.778367191553116e-05,0.0015468057245016098,0.0010390346869826317,0.010821064934134483,0.014503704383969307,0.0036753760650753975,33,682,1,6,SAT_unsat_identifiable,1,boolean_factorization,exclude_x,exclude_x,0,1757,6223,0,1,1,0,0,0,0,1,1,1,0,0,0.007971225306391716
4,50,10,100,2539984093,52,conj,glucose42,MT19937-RandomState,5.133822560310364e-05,11000110110000010010100000010000001110001000000000110000110101001000000000101000101000011110011011010001000001111010100100010001000010000001011101001110100111000000000000010000100101000000110000010001000101110001000000000100000100101001000010110000001100100001000000001010000010010010000000001000000101010100001100010000010000000100001100000100111000101001000010000001011010010000000000010010100000000011001101100100001001000000100000101001010100000000000100110111000011000000000100110010100000001000,235e0ac7060fae7d3c13aca39fe917345ac8ae70cc79795f842c2aaa6995f74c,bernoulli,bernoulli|conj|p=0.3|zero=allow_iid|rng=MT19937-RandomState,0.3,allow_iid,0.000849100761115551,7.298961281776428e-05,0.0011082841083407402,0.0010296078398823738,0.00686547439545393,0.009931131266057491,0.0030599823221564293,22,906,1,6,SAT_unsat_identifiable,1,boolean_factorization,exclude_x,exclude_x,0,978,3891,0,1,1,0,1,0,0,1,1,1,0,0,0.00739953201264143
4,50,10,100,2539984093,53,conj,glucose42,MT19937-RandomState,4.814658313989639e-05,10000000010000010010010000001100000010000010000110000000110101000000000000111010000110001010011011111101000000000001000000011100000111010110000101000000001010110001001000110100100011100001000000011000001000101000000000011000100001100000000100000100010000001000001000001000001101001101100100000000000000001000001100000110001010101100101000101101000000000001011001000010100110100000100000100000000000000100100110000000000001000010010000100010001010001010101100001000000110010001000000001001001011100010,2bc377521518d92b0dcc071eaf7c88e5e1f3604547f970f6c15209c890ec7518,bernoulli,bernoulli|conj|p=0.3|zero=allow_iid|rng=MT19937-RandomState,0.3,allow_iid,0.0007845154032111168,7.505156099796295e-05,0.0012312782928347588,0.0010345568880438805,0.008247973397374153,0.011379442177712917,0.003125402145087719,25,713,1,6,SAT_unsat_identifiable,1,boolean_factorization,exclude_x,exclude_x,0,1185,4521,0,1,1,0,1,0,0,1,1,1,0,0,0.007210451178252697
4,50,10,100,2539984093,54,conj,glucose42,MT19937-RandomState,4.926417022943497e-05,10001000010101000100110011000000000001100000000010000001001010000000000000010010000000001011000000101000001000000100100010010000100100000000000000100000000100000000011101000001010010000110010110000000111100011101010001111011011110000000000000100000000101010000101110000100000000000001000000100000000001010100111001010010101000110010010100000011010001100000000100000000000000011000010000100011000000011010110010000110000100001001111010000000100001010001001010000000011001000000000100011001111000000000,34f879a2df77b454d72156250ef65e363926eb213d2be993759011945b41b0bf,bernoulli,bernoulli|conj|p=0.3|zero=allow_iid|rng=MT19937-RandomState,0.3,allow_iid,0.0007288539782166481,6.430130451917648e-05,0.0009321244433522224,0.0010446468368172646,0.00749633926898241,0.010272282175719738,0.0027699265629053116,18,760,1,6,SAT_unsat_identifiable,1,boolean_factorization,exclude_x,exclude_x,0,852,3216,0,1,1,0,1,0,0,1,1,1,0,0,0.0066126007586717606
4,50,10,100,2539984093,55,conj,glucose42,MT19937-RandomState,4.804041236639023e-05,10000100100000000100100110010010010010001001100000000100000000010100000000100100000000011000101100001001000100011001000010010000010010100000000000000100001110000100100110000000010100000000100001100000101001100111010000011001101001100010010110011000000010000000011101100010000100100000010100001000000000000010000000001101000101110001000000000001110101110000001001001000010011001000111101000011000010000010000000000001001100000000000110000000001011001110100010101001001000000110000000100000101100100000,9e85290a59aa8d6e650c3f9b123c1d43cb9f7015fa3e72470bf734b3dd4a2b31,bernoulli,bernoulli|conj|p=0.3|zero=allow_iid|rng=MT19937-RandomState,0.3,allow_iid,0.0008125742897391319,9.259022772312164e-05,0.0013916566967964172,0.0010262047871947289,0.007944772019982338,0.011273217387497425,0.0033230260014533997,29,882,1,6,SAT_unsat_identifiable,1,boolean_factorization,exclude_x,exclude_x,0,1391,5284,0,1,1,0,1,0,0,1,1,1,0,0,0.008363159373402596
4,50,10,100,2539984093,56,conj,glucose42,MT19937-RandomState,5.4819509387016296e-05,00010100000000000010100011101000101000110100000001001101001100000100111000101010001000010111000000110000100000010000110000000101001001010101000100000100001001001000100000010001110010010110001110000001110000000101000110001000001000110000111110001000001000001001100111000000101010000000001101000010010101010000110000100001000100110000000000100000010111000011110001011000000100001000000001000100001000001110010011000000100101100110000000001011010011000000000000010100011000001001011000010011001100101000,d21ea6de3f2610979211ae4b8a499d2534853aaa0b6ee9e8bf77e1bc7b999b38,bernoulli,bernoulli|conj|p=0.3|zero=allow_iid|rng=MT19937-RandomState,0.3,allow_iid,0.0009090472012758255,9.69795510172844e-05,0.0014224713668227196,0.0010306388139724731,0.008679662831127644,0.01214519515633583,0.0034591369330883026,30,659,1,6,SAT_unsat_identifiable,1,boolean_factorization,exclude_x,exclude_x,0,1520,5560,0,1,1,0,0,0,0,1,1,1,0,0,0.007495047524571419
4,50,10,100,2539984093,57,conj,glucose42,MT19937-RandomState,4.772096872329712e-05,10100011111100000011000101000111110110100100100000110000011100001000000111000010100001000010001000110001000000000010000101000100010000110101000000001110001000001001100010001101000000001000000010100001000000001000010101000110110011010001000000010111011110110000001000010010000000001100010001110100010100010000010110001100010110000001000001011010001010111100000000000100011001001000110001000001000000000000000100101000000010100010000010100000000111000100100101010100000110000010000001000101010010000000,5dbf5805194e66ef083ad67e1c5e0b8fbc9b3b74c923b0ce9148a7d3f204374d,bernoulli,bernoulli|conj|p=0.3|zero=allow_iid|rng=MT19937-RandomState,0.3,allow_iid,0.0008901692926883698,8.080713450908661e-05,0.001022391952574253,0.0010212259367108345,0.006587575189769268,0.00960824266076088,0.003014594316482544,20,713,1,6,SAT_unsat_identifiable,1,boolean_factorization,exclude_x,exclude_x,0,910,3548,0,1,1,0,0,0,0,1,1,1,0,0,0.006557559594511986
4,50,10,100,2539984093,58,conj,glucose42,MT19937-RandomState,4.681292921304703e-05,10000001100100100111100000000000000000001001000000000111001010110111000000000000000000000010110001000011001110010000010010000000010100100100100010010010001011000101000010011100000011000000010011001001000000010000000111010000110110011101011100000110000000100000000101000010000101100111001010100000100000001011000100010101000000010011010001001100010110010000111001000001010000011011001101000000000000000001000001100010011001000000001100010000100000010000000100100000000001100001000000000001110001101010,3cd097532be2c74b45452f9342b39414c62597e3c079ca106d50a6768229fd38,bernoulli,bernoulli|conj|p=0.3|zero=allow_iid|rng=MT19937-RandomState,0.3,allow_iid,0.0008743638172745705,8.027628064155579e-05,0.0005026552826166153,0.0,0.0,0.00146531593054533,0.0014572953805327415,25,624,0,2,two_column_check_failed,0,,,exclude_x,0,0,0,0,1,1,0,1,1,0,0,0,0,0,1,0.004816037602722645
4,50,10,100,2539984093,59,conj,glucose42,MT19937-RandomState,4.1935592889785767e-05,00101000100100100001010010100100010110110111001010000110000001001000101001010101000100010001001000000000110000000010000101001001010011010111000010000001100100000100010000001000110001001010110110100000010001100000001100001001110000100000000100000110000111001010100000100100000100010010010101010110000001000100000000100010000010001000001010010001001001000000000011010000100000010000010000100100010101000000100101001001000000101000000011000010000101001100100000001100011010000000010001000100000101100010,3b158b5bac8fb86730ddb477f0e0a5087c677a99d2d190c163e16f5837c71045,bernoulli,bernoulli|conj|p=0.3|zero=allow_iid|rng=MT19937-RandomState,0.3,allow_iid,0.000797380693256855,7.14864581823349e-05,0.0011631445959210396,0.001043415628373623,0.014465478248894215,0.017546631395816803,0.0030754273757338524,24,608,1,6,SAT_unsat_identifiable,1,boolean_factorization,exclude_x,exclude_x,0,1176,4377,0,1,1,0,1,0,0,1,1,1,0,0,0.006720385514199734
4,50,10,100,2539984093,60,conj,glucose42,MT19937-RandomState,8.026044815778732e-05,00100000001000010100001010000000001010001000000000010000000100100100000100010000000000111000010100011010100000000000000110100000000000001100101000000001000000100100010101010000011110010000000001001010000011000010011011101001000110011000001010011100001011000001000010100010000100011011010010110000010010001011000110000010000001011000110010101100100001101101001101011000000000001000000001111000110000000001000101000100111100100100100010000000000001000000000000110000100100000000100111000000011000000011,d2906ce9e0518651f6f9dd09434a58f09b67eca4e10f6712d9eadeebdc846103,bernoulli,bernoulli|conj|p=0.3|zero=allow_iid|rng=MT19937-RandomState,0.3,allow_iid,0.000968501903116703,8.465629070997238e-05,0.0013852836564183235,0.0010420382022857666,0.01147003099322319,0.014957426115870476,0.0034804800525307655,29,864,1,6,SAT_unsat_identifiable,1,boolean_factorization,exclude_x,exclude_x,0,1351,5240,0,1,1,0,0,0,0,1,1,1,0,0,0.008151456713676453
4,50,10,100,2539984093,61,conj,glucose42,MT19937-RandomState,4.690699279308319e-05,01001001010100001001000000001000000001101010000110011000001101010101000001000000011000001000110000001110010011101001001000001001111000010000010010000001001010100100100000000001000010010001000000100100101100100000001010010001001010100000010001010010100100001101110000101100010100001010100000111000111001100001000001010111011011100000000011100000011001110000000000010010010000000110010101000000000110011001000000100000000100001100100101101000011100000001000001110000010100100000101100110010100000000000,ec42f7f1b80c900222981d6c441750fa3beb4234e324081845ad7687fa32458c,bernoulli,bernoulli|conj|p=0.3|zero=allow_iid|rng=MT19937-RandomState,0.3,allow_iid,0.0010550115257501602,0.00010351650416851044,0.0018190722912549973,0.001048545353114605,0.009652004577219486,0.013685625046491623,0.004026145674288273,39,701,1,6,SAT_unsat_identifiable,1,boolean_factorization,exclude_x,exclude_x,0,2011,7307,0,1,1,0,1,0,0,1,1,1,0,0,0.00872339028865099
4,50,10,100,2539984093,62,conj,glucose42,MT19937-RandomState,5.7013705372810364e-05,00010000000001000110100010100010001101100000000100111100000011100110000001000000100010010100100100000100000001011010001001010100010010010010010000010100011000100000000000010001100000010110011011101010000110010000000100100000001110001010010110110000000100000101010000000001010001000100110001100000100100011000110110111010000000100110001000010000100000100001111100010000100000000110100100000010001000100110000110001000010001010000000101110100010000000000000110000010001000101110000101101011000000001101,73518637d349b36a37a0e3c790f71fdc4d16422e4e16ee6d2efdaff54332f4f2,bernoulli,bernoulli|conj|p=0.3|zero=allow_iid|rng=MT19937-RandomState,0.3,allow_iid,0.0008889278396964073,7.984507828950882e-05,0.0013066316023468971,0.001050163060426712,0.010074270889163017,0.013406882993876934,0.0033255675807595253,27,747,1,6,SAT_unsat_identifiable,1,boolean_factorization,exclude_x,exclude_x,0,1333,4952,0,1,1,0,1,0,0,1,1,1,0,0,0.007636694237589836
4,50,10,100,2539984093,63,conj,glucose42,MT19937-RandomState,5.018245428800583e-05,11101110100101001001100111000011000000000001100000110101000001000000000101101111010100000010001011000100000110000000110011001000101000000001010100011100110001111000001011110010000001000010100000000101000010000110000101100000000000000111001011001100001010100000100000011010000101000101011000000010101110011001000001010000101001100010000000000100100111010000100110000000000100000011000101000101011100000000111111000010001100101101000011001010011000000110011100000011001000101010111011100010010101100101,f9ba4db4f14152d8874cdbf212dff2b42fe8997a0ab6472a9f3b51182c0149ee,bernoulli,bernoulli|conj|p=0.3|zero=allow_iid|rng=MT19937-RandomState,0.3,allow_iid,0.0010410547256469727,9.465403854846954e-05,0.0015905369073152542,0.0010360591113567352,0.01074298471212387,0.014511100016534328,0.0037623047828674316,34,589,1,6,SAT_unsat_identifiable,1,boolean_factorization,exclude_x,exclude_x,0,1816,6422,0,1,1,0,1,0,0,1,1,1,0,0,0.007871913723647594
4,50,10,100,2539984093,64,conj,glucose42,MT19937-RandomState,5.7668425142765045e-05,10010101000100000110000011001000101100111010000011001000101000100000011000010001010001000110000000010011010010010001010100000100001100000010011100100010100010001010110000001100000001011000000010100100101100000000100101011101010000000000011100010000000010010001001010111100010001000011111000011100000000001011010111110000011000110010000000000001011001001011000001010000100001010000100000101000000010001000001000000000000001000011010001000000000100100100001010000010011100100001000000000100011000100001,611e88c9942258135b5ede41baf180f023f7d6a55d2d6385a28b24ae32c39068,bernoulli,bernoulli|conj|p=0.3|zero=allow_iid|rng=MT19937-RandomState,0.3,allow_iid,0.001003422774374485,8.463393896818161e-05,0.0015871087089180946,0.0010363534092903137,0.011124399490654469,0.014841703698039055,0.003711518831551075,34,718,1,6,SAT_unsat_identifiable,1,boolean_factorization,exclude_x,exclude_x,0,1716,6312,0,1,1,0,1,0,0,1,1,1,0,0,0.008283471688628197
4,50,10,100,2539984093,65,conj,glucose42,MT19937-RandomState,5.7676807045936584e-05,01100000100000000000110010101001000000000000110000100000000000101111010010110000100101101110100001010000010000011100110000000011100000000011001000010000010000100001000011000000000000000010000000001010000001000110100000010100100000000000010001000101010101100000010000001101010110001100000000001100000010100000000001000011000010000010001010001100010100000001000100000000100000010000100100000000000001110001111000000110000010001010001001001001100101001001001100000100001000001000000011000100000001000100,1b5e4af436afbe596a5c5e4a2b003b4817cbef5b0078515b1292ff5dda64c84b,bernoulli,bernoulli|conj|p=0.3|zero=allow_iid|rng=MT19937-RandomState,0.3,allow_iid,0.000742228701710701,6.718654185533524e-05,0.0009393244981765747,0.001040775328874588,0.005627056583762169,0.00842278078198433,0.002789515070617199,18,926,1,6,SAT_unsat_identifiable,1,boolean_factorization,exclude_x,exclude_x,0,772,3128,0,1,1,0,1,0,0,1,1,1,0,0,0.0069196633994579315
4,50,10,100,2539984093,66,conj,glucose42,MT19937-RandomState,4.847440868616104e-05,10000100101110001101000101100001100000001101000000100010011000010001000010010010011000011001000000101101001000111001110000101100110100010010101011100001010000000100101010010001100000101010010101001001100001110101100011000000110100000010000110100010000010110100000000000100000000011110000000110101010101000101000110011101000100000000000100000000001101010011010000000000001000000000101001000000100100001000001100011100111001000000000010101101000000000010101010000100011010111000111010011110000000000001,11690fd49a2f138fe83b721a6c85155f5e345c76ec028dace6419e3e175cb186,bernoulli,bernoulli|conj|p=0.3|zero=allow_iid|rng=MT19937-RandomState,0.3,allow_iid,0.0009429436177015305,7.99344852566719e-05,0.0013392781838774681,0.00102975033223629,0.01058867760002613,0.013987683691084385,0.0033919066190719604,28,640,1,6,SAT_unsat_identifiable,1,boolean_factorization,exclude_x,exclude_x,0,1422,5184,0,1,1,0,1,0,0,1,1,1,0,0,0.007368598133325577
4,50,10,100,2539984093,67,conj,glucose42,MT19937-RandomState,5.268305540084839e-05,00000000000010000000001110010111000000000010000100100010111110000000100100001110001000100000100000000000000001101010011001000001010111000010000001000000100000001011000100100001000010000001000011000100000001010000010000110111110000011100011010000011000010110000100101010001100000010001010101000000110100001011100001010010100000000010000000000100100001011001100011000100000000000001000100101001000101000000000010010000010001100001000011000100110000000010100100101000101101101001001001010000100100100101,aa909970c6dbff6d43cda641f96225c663fdba2625e241f04caba1667603ec5a,bernoulli,bernoulli|conj|p=0.3|zero=allow_iid|rng=MT19937-RandomState,0.3,allow_iid,0.0008816653862595558,9.162817150354385e-05,0.0014381827786564827,0.0010443292558193207,0.011580589227378368,0.015042947605252266,0.003455805592238903,30,605,1,6,SAT_unsat_identifiable,1,boolean_factorization,exclude_x,exclude_x,0,1540,5582,0,1,1,0,1,0,0,1,1,1,0,0,0.007406044751405716
4,50,10,100,2539984093,68,conj,glucose42,MT19937-RandomState,4.760175943374634e-05,11000100011001010000110000000001011001000010110000101101000001000001001000000100100000011000100000110010101010000000010110000001001101100000110010011101010000110100101000010000010110010010101000000001000001110000000110000001010110110110100101000100101000001001000000100010110010001000000100011010110101000110000000101100000110000001000101100010010000010000001000011000011011100001000011100000000001010101000100001000111010000011010100010010010000000010000000011110010101001001101100110000000010000000,77264bc2d786881cf733eee5c6ed90f1f0997be32edce5ce6edc20576ce49ac8,bernoulli,bernoulli|conj|p=0.3|zero=allow_iid|rng=MT19937-RandomState,0.3,allow_iid,0.0009715724736452103,9.657815098762512e-05,0.0015225661918520927,0.0010499777272343636,0.011072332970798016,0.014719035476446152,0.0036406945437192917,32,697,1,6,SAT_unsat_identifiable,1,boolean_factorization,exclude_x,exclude_x,0,1608,5925,0,1,1,0,0,0,0,1,1,1,0,0,0.008057723753154278
4,50,10,100,2539984093,69,conj,glucose42,MT19937-RandomState,5.8727338910102844e-05,00010001000010110000100000010000011000000111010011010001011111100010000111101000010100100000110011001110000001100110100010001010000001000001001110010100000001100010000011011000010100100110010100111000001100000000001010010000000011001101011010110000000001100001000000110000111110100010100000010000010000000000001001000010101000000000011001000000010010111100010011111100101010001001110001000000000110010000100000001011001001000010111010000011000000000000100010010000000001001111000010001111110011110000,083a9fe6b7578c879c83a17adf93b950715e2f255660d3141ed65b3c1c2e18e8,bernoulli,bernoulli|conj|p=0.3|zero=allow_iid|rng=MT19937-RandomState,0.3,allow_iid,0.0009771184995770454,9.139999747276306e-05,0.0014243731275200844,0.0010231481865048409,0.007735908031463623,0.011258460581302643,0.0035160398110747337,30,710,1,6,SAT_unsat_identifiable,1,boolean_factorization,exclude_x,exclude_x,0,1520,5560,0,1,1,0,1,0,0,1,1,1,0,0,0.007696554064750671
4,50,10,100,2539984093,70,conj,glucose42,MT19937-RandomState,7.927045226097107e-05,00110010000001000110000000100100000000100101101100000100101000100100001000000110111001000001000100010100000000111000100001001000001011111100000001000000101011010000001000111010000010000000001101100001100001000010011010001100000011001010001000000010010110100000001100100010000011001110000010011000101101010100010000100000000111110010001001100000001000011100000010111001010000011010001001000010000010001011001001101111000011010001100000011001100000000111110001100001110001000000011000011000100000000000,8903fc326c5226514f1aea31eaad03fbb143eb3d670b81733d6a98ca58539713,bernoulli,bernoulli|conj|p=0.3|zero=allow_iid|rng=MT19937-RandomState,0.3,allow_iid,0.0009765280410647392,8.450355380773544e-05,0.0014610299840569496,0.0010205227881669998,0.01651829108595848,0.020068028941750526,0.003542584367096424,31,670,1,6,SAT_unsat_identifiable,1,boolean_factorization,exclude_x,exclude_x,0,1659,5847,0,1,1,0,1,0,0,1,1,1,0,0,0.007745965383946896
4,50,10,100,2539984093,71,conj,glucose42,MT19937-RandomState,5.004182457923889e-05,01100011100101110011000010110001000001100000011100101001110010000100100110000011100000011010100111010010011111001010010100000001010000100100100000000001011000000001110011000010100000100000110000100001100000100011000001110001000110110000001000000000100001000111100101010000010100000000000000000010001001100101000000001010010000010011111101111101010100001110000000000100000010110100101000010101000000000000010111000011010000011000000000000000010001000000000000000010000100010010110111010000000000100000,a139508ec3cbc17a5d8e283ad1a78ccb88bfcc320d0b54a05fc8a846c0ca17fd,bernoulli,bernoulli|conj|p=0.3|zero=allow_iid|rng=MT19937-RandomState,0.3,allow_iid,0.0008750427514314651,7.093511521816254e-05,0.0011084182187914848,0.0010171029716730118,0.0072493040934205055,0.01032713707536459,0.0030714990571141243,22,751,1,6,SAT_unsat_identifiable,1,boolean_factorization,exclude_x,exclude_x,0,988,3902,0,1,1,0,1,0,0,1,1,1,0,0,0.0068345870822668076
4,50,10,100,2539984093,72,conj,glucose42,MT19937-RandomState,4.773307591676712e-05,00001100001011001000000010110000000000010000000100001110101011011001010110000000000101000000011010010110010000001101000001000001100000010000001110010000001010000010011000100111011011000010000000101001001101001011110110000000000010000011011111010011100000001000010000001001001000000101000100100001010000010000001001001001111100010100001001000000000000010000000100000100100011111010001001000000111000000000111000110100000010111011000001100000100001001000000001000011001001010000010000000000010100001000,3c7d84733aac2c79cc7caf83e2b429680b7cced4a857707ba16938e770b4ff1f,bernoulli,bernoulli|conj|p=0.3|zero=allow_iid|rng=MT19937-RandomState,0.3,allow_iid,0.0008843354880809784,7.384736090898514e-05,0.001207931898534298,0.0010123644024133682,0.006642933934926987,0.009826895780861378,0.0031784791499376297,25,802,1,6,SAT_unsat_identifiable,1,boolean_factorization,exclude_x,exclude_x,0,1125,4455,0,1,1,0,1,0,0,1,1,1,0,0,0.007419498637318611
4,50,10,100,2539984093,73,conj,glucose42,MT19937-RandomState,5.1711685955524445e-05,01100111100000001000010110010010010010000100111100011000000000110000001000110000000100011000010010001011110101111101011010110010100011000001011001000011011101111010000010001000100101000010110001000100000010101100100010000001000000010010000000000000011100100011100000000000000001000010001000100001000100000110100000100110010000000000000100111100011100000000000001000100010010001100100101000001011011100010000000100000000011000101000001010101000000100000001000100001011000100010010101010001101100000010,5fb72e3863d528d49e32bfbdc99de2b6cce88918b284d2cb718e913cae461578,bernoulli,bernoulli|conj|p=0.3|zero=allow_iid|rng=MT19937-RandomState,0.3,allow_iid,0.0008792513981461525,8.178781718015671e-05,0.0012219622731208801,0.0010117469355463982,0.006813066080212593,0.010013912804424763,0.0031947484239935875,25,806,1,6,SAT_unsat_identifiable,1,boolean_factorization,exclude_x,exclude_x,0,1225,4565,0,1,1,0,1,0,0,1,1,1,0,0,0.00745403952896595
4,50,10,100,2539984093,74,conj,glucose42,MT19937-RandomState,4.670582711696625e-05,00000000001000101100000000100000001110100000000010001010011110000000111001001000000011000000000010001011001000000001001000100010001000010110010100000010000100100000000000100011010010000001000010100010000011101101101000110000110000111000001000011100000001100111101100110001010111100000101000000110001000000100100101110100010010001100000001010001000101100000000000110100110101001101001100001010110010100110011111001011100000000100000000010011100000011100000100110000100100010100000001000000110000100111,2b67a93c295875491f5191f0b531082612e4f1d091c3c0a3363ce2fbbd8b64c7,bernoulli,bernoulli|conj|p=0.3|zero=allow_iid|rng=MT19937-RandomState,0.3,allow_iid,0.0008016247302293777,7.165595889091492e-05,0.0011470876634120941,0.0010374179109930992,0.00851703342050314,0.011581339873373508,0.003057786263525486,23,570,1,6,SAT_unsat_identifiable,1,boolean_factorization,exclude_x,exclude_x,0,1127,4189,0,1,1,0,1,0,0,1,1,1,0,0,0.006588316522538662
4,50,10,100,2539984093,75,conj,glucose42,MT19937-RandomState,5.461089313030243e-05,10010000011011011110000010000101101001000001000010000010110000011010110000000011000110011010100000000000101000101011000000110010000110110100000001101100000010000000100100010000001001010001100010000100101100001001001000001000000000100110000001000001000100001000001000000000100001000001000011000000001001000101101000110001010011110011001110000001010101001101001000011001011110010000000100110010101000100000010000001000100010001001000001011000000010110010001110000000000100010011010100010000100100000010,2916b48566eacf37bfa13b375423ac475101c50306bd03162ec0197991e5855d,bernoulli,bernoulli|conj|p=0.3|zero=allow_iid|rng=MT19937-RandomState,0.3,allow_iid,0.000884748063981533,8.032191544771194e-05,0.0012441622093319893,0.0010430198162794113,0.006997272372245789,0.010256020352244377,0.0032522520050406456,25,845,1,6,SAT_unsat_identifiable,1,boolean_factorization,exclude_x,exclude_x,0,1165,4499,0,1,1,0,0,0,0,1,1,1,0,0,0.007599761709570885
4,50,10,100,2539984093,76,conj,glucose42,MT19937-RandomState,4.931911826133728e-05,00010000101110001101110001101110110100010110110010000001010000000001000001000001000110100001001100101001001100000110000000001000010000000010011000101110001001010101101000000000010110000001010000011010001011110010000001010001000001001010010100011001000100100010010110000000000000000000110001110111000001000001000000110100000000011100000001000010010010001000100001000010000000000000010100001010101000001001100010101110101000110010000101001001101111010000101010001001011001000101000100110000000000110000,34a01ed77a0fa759015c094b5c539f71a1cf724a2c4aa6690bfacc9f47ad8cc1,bernoulli,bernoulli|conj|p=0.3|zero=allow_iid|rng=MT19937-RandomState,0.3,allow_iid,0.0009062523022294044,7.922947406768799e-05,0.001489272341132164,0.0010368460789322853,0.007458163425326347,0.01097572036087513,0.0035116001963615417,31,641,1,6,SAT_unsat_identifiable,1,boolean_factorization,exclude_x,exclude_x,0,1609,5792,0,1,1,0,1,0,0,1,1,1,0,0,0.007656300440430641
4,50,10,100,2539984093,77,conj,glucose42,MT19937-RandomState,5.0761736929416656e-05,01000100001010001000010110010000001000000001000011100001010110100001001001010100010000010001101000000011001010000001010000000100100000000011100001000001000011000000011000100000001110000110001100000000010011000100010000100000110000000100000100100000001001000000110110000101001010001000001010000100001101100101010010000111100000000001010010101001000000101110100000000100000010100100011110011100001110100000100101000000000000000000010001010001000010110100110001110110100001010001000000100110000010000110,19795bea62650836901cda25ecee0541c7b20f36444ffe3ef33ac4aeb1eb5043,bernoulli,bernoulli|conj|p=0.3|zero=allow_iid|rng=MT19937-RandomState,0.3,allow_iid,0.0009164577350020409,8.715782314538956e-05,0.0013481350615620613,0.001053202897310257,0.010417026467621326,0.013828297145664692,0.0034049535170197487,28,826,1,6,SAT_unsat_identifiable,1,boolean_factorization,exclude_x,exclude_x,0,1312,5063,0,1,1,0,1,0,0,1,1,1,0,0,0.007769551128149033
4,50,10,100,2539984093,78,conj,glucose42,MT19937-RandomState,5.2636489272117615e-05,10100100100001000000000000111000000000000101001000000001101000011001100000101110001001000010001001010110000001000101010010001011000000001000111000100100000010100000000000100110110101100100000010010010101010000000000010100000010001011000100101101001000100010000100101001000000000000000100000000100100001000001110100001100000000000011000001000010000100001010100000100100010100000001000000001101001101001101001101100101010000100100100001110000100010001110000001000100000100001000010000100001110000011100,f6708ce2c00cfbc1a4d267d24345beee402070b28db993cce6ead585399b9cc3,bernoulli,bernoulli|conj|p=0.3|zero=allow_iid|rng=MT19937-RandomState,0.3,allow_iid,0.0008413000032305717,9.469781070947647e-05,0.0013409731909632683,0.0010471204295754433,0.00848304945975542,0.011812937445938587,0.0033240914344787598,28,715,1,6,SAT_unsat_identifiable,1,boolean_factorization,exclude_x,exclude_x,0,1392,5151,0,1,1,0,1,0,0,1,1,1,0,0,0.007581519894301891
4,50,10,100,2539984093,79,conj,glucose42,MT19937-RandomState,4.8313289880752563e-05,10000001001011000001000001000100100100010000000000000000000000001000010000001000001000010100011010010001010100010100001000011100010010000000100000010000000101000000000101100000010000000000100000001100110001101000000000110100000000001010010010000000110000000101100000010000001000010010000000001011001100001000010000101000010001011100010000011010000000001001000000000110001001010011000000001010000001010001010101010110110001101101010000010100010101010000001110000111110010000000101000000100010110000000,76004f6316a5b9c257f02adc727f05028482c45e66a4fe3ba679e3ed1bbc2b1a,bernoulli,bernoulli|conj|p=0.3|zero=allow_iid|rng=MT19937-RandomState,0.3,allow_iid,0.0006979284808039665,7.282011210918427e-05,0.001154390163719654,0.001041630282998085,0.009250201284885406,0.01222239900380373,0.00296676903963089,23,735,1,6,SAT_unsat_identifiable,1,boolean_factorization,exclude_x,exclude_x,0,1097,4156,0,1,1,0,1,0,0,1,1,1,0,0,0.006989547982811928
4,50,10,100,2539984093,80,conj,glucose42,MT19937-RandomState,7.979199290275574e-05,00000101001100001000100110111100110100001000110000000010000001010000011110111010000101101000101001100110000000000000001010100010000110000000111100011000100000000000111010100101000000001010000010011100000011010110000000001000111001010100100100011101000010000000100010110100100010010000100100000110001110000001101000001110101100000100111010000010000100110101000100100000000000000000000010010000001010110100100101000011100000101000011111110000101000011100100100010100001101001110100001100001000000010101,182c671dd49f194a5bd93cf6c212eec88edf192a1148047092a6c89a96654564,bernoulli,bernoulli|conj|p=0.3|zero=allow_iid|rng=MT19937-RandomState,0.3,allow_iid,0.0009893225505948067,9.423401206731796e-05,0.0016688229516148567,0.001094249077141285,0.014909054152667522,0.018763039261102676,0.0038466285914182663,36,624,1,6,SAT_unsat_identifiable,1,boolean_factorization,exclude_x,exclude_x,0,1934,6820,0,1,1,0,1,0,0,1,1,1,0,0,0.00822221115231514
4,50,10,100,2539984093,81,conj,glucose42,MT19937-RandomState,5.459878593683243e-05,01000000010100000000100100000110101000000000000000101001000001100110110000010001001001101010000000000100000010100000010110010110000000101001000100011010100111011010000011100100010011000100000000001010001000010110000000101000000010010100000001000000100100011010000101110000001000000100110100100000110011000111001100101100000001100010010001011010001001100000000000001001000100100000001110010011010100111001000110001001011100111000000000001101000110010010100000000101001100010000000000101000100001010000,df61b22112700e9c8f2a50f17497250ed8dfa6a7923989db24d3dc42d9236f60,bernoulli,bernoulli|conj|p=0.3|zero=allow_iid|rng=MT19937-RandomState,0.3,allow_iid,0.0009860489517450333,9.96813178062439e-05,0.0015659378841519356,0.001042158342897892,0.010903292335569859,0.014603718183934689,0.0036938264966011047,33,752,1,6,SAT_unsat_identifiable,1,boolean_factorization,exclude_x,exclude_x,0,1637,6091,0,1,1,0,1,0,0,1,1,1,0,0,0.008435001596808434
4,50,10,100,2539984093,82,conj,glucose42,MT19937-RandomState,5.462672561407089e-05,10011100000001000111010000001001010001001111100110000001010010100010000000000000110100010001100001000001001100000101100010000000010110001000000110000000000000110000101010001010000010100010000111110000001001001111010000000011011000010000010001010010011100000001000011100010110000100100000101100100000000101000000100000000001000000000000100001000001000100110000100100111010100000010010010000110001000001011010111100000001000000000000000000000000100010010000000000001000000001100110010100000000110010111,1fdb4ee23880fec6c20ef2cad4cb18f798ea27aef006390a61bb7825d91d52d8,bernoulli,bernoulli|conj|p=0.3|zero=allow_iid|rng=MT19937-RandomState,0.3,allow_iid,0.000894409604370594,8.069351315498352e-05,0.0012867767363786697,0.0010671010240912437,0.010826499201357365,0.014161907136440277,0.003328980877995491,25,800,1,6,SAT_unsat_identifiable,1,boolean_factorization,exclude_x,exclude_x,0,1145,4477,0,1,1,0,1,0,0,1,1,1,0,0,0.007482845336198807
4,50,10,100,2539984093,83,conj,glucose42,MT19937-RandomState,5.269050598144531e-05,11000111000001011000010000101001101000000000011100000101000000000000100000000001100000000000001000001100011000000010100000100000001000000001100000101110000000010000001110110000001001000000000011111001100010000000000011000100001000010100001101100001100000001000000010001000110000110011000110000110101101100010000000100100100101000001000100000000010000000000010010001000110100011010000010100010000000001011000000100101101000001001011000111001100000000000000011010010001000000010001000000010000100000000,4c66fe7c37b55af3db61ba673f3ae898a380d50e7c7a2dc6dfec64d90d3bb569,bernoulli,bernoulli|conj|p=0.3|zero=allow_iid|rng=MT19937-RandomState,0.3,allow_iid,0.0006638495251536369,6.380025297403336e-05,0.0008091209456324577,0.0010240944102406502,0.004091865383088589,0.006659065373241901,0.002560865134000778,15,876,1,6,SAT_unsat_identifiable,1,boolean_factorization,exclude_x,exclude_x,0,695,2641,0,1,1,0,0,0,0,1,1,1,0,0,0.00644681416451931
4,50,10,100,2539984093,84,conj,glucose42,MT19937-RandomState,5.116406828165054e-05,01110100000000000000100001010000000000100010001000000101000100010100000000100011000110000000001010100001100000000010010011000010001000000001000110000001000010100000101100011110101000000000010110100001111010110000100000110000000000010000110100100000001111000010001000110100001010010000001010001011011000100000100010010011000011010000001011110011000100000100110000011001110010000000001010101000000011000100100110010000000000010000000000010110001000100000011110010100000001000100000110000001000110110100,14fe3273ff5eb06ce02b44e52d578c81c688e5dbe7408b932eab1ee44b58a4d2,bernoulli,bernoulli|conj|p=0.3|zero=allow_iid|rng=MT19937-RandomState,0.3,allow_iid,0.0008203405886888504,7.64383003115654e-05,0.001175999641418457,0.0010391343384981155,0.006483323872089386,0.009601027704775333,0.0031119128689169884,24,761,1,6,SAT_unsat_identifiable,1,boolean_factorization,exclude_x,exclude_x,0,1136,4333,0,1,1,0,1,0,0,1,1,1,0,0,0.007189711555838585
4,50,10,100,2539984093,85,conj,glucose42,MT19937-RandomState,5.258992314338684e-05,00000101110000000101110000100100010001100000001001010001001000100100000100100100100000000000001000011110000011111001110000100010000011100000000010100000010010000001101110001010000001000100010001011010000110000001100000000000001100011100000110001000100011001010001000000101101001001100000101100001000000000000100100001100100000110010000110001100110000000000010000010100010000000011001010100100000000001100001000000110011100000101001101010000010011010111100101000111101110010110000001000010010000011100,d7e8469e8fa8fa094882292afa4b13e786f5f48777c930da74cedc604bd7a80a,bernoulli,bernoulli|conj|p=0.3|zero=allow_iid|rng=MT19937-RandomState,0.3,allow_iid,0.0010730307549238205,8.915457874536514e-05,0.0015956098213791847,0.0010603144764900208,0.01759952772408724,0.021429209038615227,0.003818109631538391,34,874,1,6,SAT_unsat_identifiable,1,boolean_factorization,exclude_x,exclude_x,0,1606,6191,0,1,1,0,1,0,0,1,1,1,0,0,0.008747406303882599
4,50,10,100,2539984093,86,conj,glucose42,MT19937-RandomState,5.475431680679321e-05,00100000001010101010000110000011001110001001010010000000001011010101000010010000001000000001100001000100000000000010000010101000100011001011010000010000100100000010100000000010000101010100010000101000011011001111100110000000010001000100011001000011000111010100100000110010000000010101010010110100100110110010110111100101000010101000000001000000010011111011110001100000000101101111110000011000100101011100110010001000000000000011001101100000100001001000000101011101010010000000110000001100000110110101,e773d2b433141fb851d5a502eae3c315f7cacfbd3ca7c16c3233a6f99fbffa30,bernoulli,bernoulli|conj|p=0.3|zero=allow_iid|rng=MT19937-RandomState,0.3,allow_iid,0.0008881036192178726,8.892640471458435e-05,0.0013327160850167274,0.0010437890887260437,0.00934393797069788,0.0127040920779109,0.003353535197675228,28,707,1,6,SAT_unsat_identifiable,1,boolean_factorization,exclude_x,exclude_x,0,1472,5239,0,1,1,0,0,0,0,1,1,1,0,0,0.007541287690401077
4,50,10,100,2539984093,87,conj,glucose42,MT19937-RandomState,4.7637149691581726e-05,00111000010100101000110000001000010000100110000000000001010010010111000000101000110111000101100101000111000000101000001100101100010101000101100000000000001100000000000000001000010100010010110101110101000000100000001011010100000000000100010000010000001001010000000000110100010001000011000010010000010100001100000110100101000000001001010010110000000010000010000000101010000000100000100100000001001000000000000110101100000000011010001011000100000000100000000010000000000011110000001001000100001010000001,fdb50001beea1ab5df4ba0efe6f27ebacaa887c8070876a0ae8e74acc27981d7,bernoulli,bernoulli|conj|p=0.3|zero=allow_iid|rng=MT19937-RandomState,0.3,allow_iid,0.000780053436756134,7.165130227804184e-05,0.0011779377236962318,0.0010241111740469933,0.011921267956495285,0.014981073327362537,0.003053753636777401,24,809,1,6,SAT_unsat_identifiable,1,boolean_factorization,exclude_x,exclude_x,0,1136,4333,0,1,1,0,1,0,0,1,1,1,0,0,0.007257914170622826
4,50,10,100,2539984093,88,conj,glucose42,MT19937-RandomState,4.8374757170677185e-05,00000101000001001011000010010000111010010111010001000110011010000011010010100010001100001000011100010110100111001001010010011001100100010011010010010000001001000000001010100001000000010010010000010011001111010011010111100100000010010000001000010100001010001100100001000001000010101001110101000001100001000010110000100001000010011010100100001000110001110000010010001110000100000011100010000100000001001000000000000010000001010010100000010111000010001000000000000010100000101000000011010110100010000000,2c3196c5dddfc79914cd4290cc49d5a4f24c5986c8e4f7c5eaff84100ba8e7fc,bernoulli,bernoulli|conj|p=0.3|zero=allow_iid|rng=MT19937-RandomState,0.3,allow_iid,0.000814586877822876,7.397215813398361e-05,0.0011337539181113243,0.001041308045387268,0.008739730343222618,0.011809085495769978,0.003063620999455452,23,661,1,6,SAT_unsat_identifiable,1,boolean_factorization,exclude_x,exclude_x,0,1127,4189,0,1,1,0,1,0,0,1,1,1,0,0,0.006786089390516281
4,50,10,100,2539984093,89,conj,glucose42,MT19937-RandomState,4.790164530277252e-05,00000011100001100100101000000000001100001011101011101100000001100000110010010110000101110010000011000000110101001100001100001111001111011101000000001110010110101000101000111001100000001011001000000000100000100011000100010000010101011010010000100000001000100110010000000101001000100000101010010001001000110000100000001011100000100000011110011110010000101010111100010110100100000000010001000011001000001000011100010011000010001011001110001100110001000001010110000101010000000011000000000001000000010001,6e2ece772abc9d5121768734fc584495b23bd2dba628f78ac2c9802aa899bdd3,bernoulli,bernoulli|conj|p=0.3|zero=allow_iid|rng=MT19937-RandomState,0.3,allow_iid,0.0010118503123521805,8.97236168384552e-05,0.001428576186299324,0.001046028919517994,0.014761106111109257,0.01834309846162796,0.0035761790350079536,30,685,1,6,SAT_unsat_identifiable,1,boolean_factorization,exclude_x,exclude_x,0,1520,5560,0,1,1,0,0,0,0,1,1,1,0,0,0.007627479732036591
4,50,10,100,2539984093,90,conj,glucose42,MT19937-RandomState,6.895605474710464e-05,00000010010011000010101001001000000000010100001000000000000100011001100110100000010001010010110000010111110100101000001000100000001000001010000110111010000000010110000110000000100011010010100000000100100110000001010100000101010110000101000000010000001100000010001100000111001001011100101001001100000100001000001101010001001001001011110110000000000001010000100001100100000000110000100011010011110000001110011101001000110101011010000000011000001000101000100001010000000000000100000000100010010111001000,b30e56b61d5cfc89e8c83dbf2753cc444168dd2eec93238e5899170c6446b4a0,bernoulli,bernoulli|conj|p=0.3|zero=allow_iid|rng=MT19937-RandomState,0.3,allow_iid,0.000890091061592102,8.329376578330994e-05,0.0013589775189757347,0.0010289615020155907,0.007760775275528431,0.011128445155918598,0.0033613238483667374,28,738,1,6,SAT_unsat_identifiable,1,boolean_factorization,exclude_x,exclude_x,0,1382,5140,0,1,1,0,1,0,0,1,1,1,0,0,0.007757188752293587
4,50,10,100,2539984093,91,conj,glucose42,MT19937-RandomState,4.901085048913956e-05,10010010001101000000110100001000100100101100001001000000100001000001000100000110101100101000000011010100001100000000111101010000000010100101010100000101110000000000011010000001000010000010100001110001110101000111001000000000000000100011100011000011000100000010000000011000000110110000010101011000001001001000000011110011010100010101010010011011110010001000000010000001100100010011010000101001110000101111100010001000001110001010010001100010001100110000000101000010011000001001011000010000110010011000,6b058921ee9781277069a01d6ee80308c7b3880573955f2b9a31d2a1561c38e3,bernoulli,bernoulli|conj|p=0.3|zero=allow_iid|rng=MT19937-RandomState,0.3,allow_iid,0.000998321920633316,8.636992424726486e-05,0.0015225103124976158,0.0010416582226753235,0.013286050409078598,0.016941169276833534,0.00364886038005352,32,672,1,6,SAT_unsat_identifiable,1,boolean_factorization,exclude_x,exclude_x,0,1668,5991,0,1,1,0,1,0,0,1,1,1,0,0,0.007888849824666977
4,50,10,100,2539984093,92,conj,glucose42,MT19937-RandomState,4.974193871021271e-05,01010110000010011010010001101000001000001110011000100100010010100001000010101100000000100010111000000001110011100000001111110001000011010000000000000010100010001100000100100000100100000100101110000000000000001000000000110001010000001000000001010000011010001000001101011010100000010011000100100001001110010000000000000000100000000010000010011000100111000000000000111100101100001000000001001100000100100000010110001101000000010010000000000000010101011101010010000000000011010110110010000001010010100111,e20bb5ba63c7b5f4d519a0870d4e70812e2efcf3475a57e81a6f3126f300de48,bernoulli,bernoulli|conj|p=0.3|zero=allow_iid|rng=MT19937-RandomState,0.3,allow_iid,0.0007960870862007141,8.01384449005127e-05,0.001309409737586975,0.0010329578071832657,0.009008816443383694,0.012233271263539791,0.0032185930758714676,27,650,1,6,SAT_unsat_identifiable,1,boolean_factorization,exclude_x,exclude_x,0,1353,4974,0,1,1,0,1,0,0,1,1,1,0,0,0.00730848778039217
4,50,10,100,2539984093,93,conj,glucose42,MT19937-RandomState,5.1011331379413605e-05,01001001010101000101001000000001000000000000101000111000000100111011001011010001011001100101011010101000101000110001000100100001101110100000111100000000000001011100000010000010100100110000100100000000110111001011010000000111000001100100001000010001000010110000001000010000000100011100000001000001001011010000001011001011000100010000001011000000101010011000000001000000000010100000101000100100000001000001100010001010000100000010100000100100010101011110000000010010000000000101010100100010001000010010,cbd10724f357e23713b06a3a2a2ec613c449f032b98c411cbdeb2b52d313eb26,bernoulli,bernoulli|conj|p=0.3|zero=allow_iid|rng=MT19937-RandomState,0.3,allow_iid,0.0008781533688306808,8.200947195291519e-05,0.0013167867437005043,0.0010303277522325516,0.008323926478624344,0.011637827381491661,0.003307277336716652,27,698,1,6,SAT_unsat_identifiable,1,boolean_factorization,exclude_x,exclude_x,0,1303,4919,0,1,1,0,0,0,0,1,1,1,0,0,0.007383773103356361
4,50,10,100,2539984093,94,conj,glucose42,MT19937-RandomState,5.209818482398987e-05,00010000010000010000011011010010000010100100001100000001001000100001001010011011000100010000000000001101000011010001101000110000110000000000000001101110101011101001010100000000110100010001100000011110000000000011001010010011011000000000000101111001011011111100001000100100000100010110001100010100101110010010000010000100101010100000100000011000000000000100010001010000110000000000100110011000001000101000110100000010001010010010101000000000100011000000001000001001000000101011000000100010011000001100,472fdb9f15c71b4b8e7434354e313426a038a88db6b4651b9520cf30264d932d,bernoulli,bernoulli|conj|p=0.3|zero=allow_iid|rng=MT19937-RandomState,0.3,allow_iid,0.000895993784070015,8.870288729667664e-05,0.0014482969418168068,0.0010207286104559898,0.009811894036829472,0.013272135518491268,0.0034537222236394882,31,573,1,6,SAT_unsat_identifiable,1,boolean_factorization,exclude_x,exclude_x,0,1649,5836,0,1,1,0,1,0,0,1,1,1,0,0,0.007361672818660736
4,50,10,100,2539984093,95,conj,glucose42,MT19937-RandomState,4.906393587589264e-05,00010011100000010010011000110111000000101110101101001001111001010010000000001000101010000010000100101000100000101000000110000110001000011010001111010110001010100100101001111000110000001100000100000001100000011010001000011001001100010010000010000101110000000000100011000001000110000001000000111000001011010111010110010001111111000001000111110011000000010001100010001101101000100100010000010010000001000000100000101000000011010100000101001000001000000010101001001100101000100000101000000001000101000001,a7c95ad35391a3a41688a0a9f77686cf76b93b8e743bd3d4498d66f3d2f08f61,bernoulli,bernoulli|conj|p=0.3|zero=allow_iid|rng=MT19937-RandomState,0.3,allow_iid,0.0009702341631054878,7.603038102388382e-05,0.001312662847340107,0.0010612579062581062,0.007054193876683712,0.010480977594852448,0.003420185297727585,27,703,1,6,SAT_unsat_identifiable,1,boolean_factorization,exclude_x,exclude_x,0,1323,4941,0,1,1,0,1,0,0,1,1,1,0,0,0.007454698905348778
4,50,10,100,2539984093,96,conj,glucose42,MT19937-RandomState,4.844553768634796e-05,10100100100001100010000011100000000101001001000000101011110001000000010010001000000100000101001010011001001100000010100111010000010000011000001001000000011100011001000110101100001101000110000101000100000001110000010000001100110110110010001110001100011101100000010001010000100010010010100100000001001001010000010000101000001001001000010111000001011000000100001000001010100101000000010000001000000110100000010000000000010001100010001001111000010000100110000110010000001011001010110001100001001100001101,21d7fc0106ac5df4353f5f2004a33a3c4c610a13e3e589fd91d55844cd662dfe,bernoulli,bernoulli|conj|p=0.3|zero=allow_iid|rng=MT19937-RandomState,0.3,allow_iid,0.0010270224884152412,8.890870958566666e-05,0.0016669966280460358,0.0010380372405052185,0.013744757510721684,0.017572280950844288,0.003820965066552162,36,679,1,6,SAT_unsat_identifiable,1,boolean_factorization,exclude_x,exclude_x,0,1874,6754,0,1,1,0,0,0,0,1,1,1,0,0,0.008514494635164738
4,50,10,100,2539984093,97,conj,glucose42,MT19937-RandomState,5.211867392063141e-05,10000100000000100010000001000000000000101100001111000001000000000000000000001111000001011010000101000001000010001010100000011000010000000000010010100101100010010111100000110000001000000000001000000001101000010101010100000100010000010001001100000011010001000001001010101000110000000010110010000100001101010011111000101100100110000101000001011110010010010001010000000010010001110001111000100000001000010000001001010000000010010011000001000000111010010110001100010100000100000000110000100001000000000110,184a117800e2965d27380a296a5cb547944865de6cb194c150cb47dce2fdfe6a,bernoulli,bernoulli|conj|p=0.3|zero=allow_iid|rng=MT19937-RandomState,0.3,allow_iid,0.0008348589763045311,7.983576506376266e-05,0.0013209804892539978,0.0010304907336831093,0.01450178399682045,0.01777439657598734,0.003266165964305401,27,750,1,6,SAT_unsat_identifiable,1,boolean_factorization,exclude_x,exclude_x,0,1323,4941,0,1,1,0,1,0,0,1,1,1,0,0,0.0075761014595627785
4,50,10,100,2539984093,98,conj,glucose42,MT19937-RandomState,4.66248020529747e-05,01110000010100100000000000100011000100001000010000110000001110011001000001100000001000000000000011001000001001110111010101000001000010001000011100010000000100101100000011001100011011001001100000001000110001000010101000001000111100010000000000010000011000001000001001101001100110000000000001111101101100001100001010000110111110000000100000000000000110110100000000001000000000100011001000111000000011000000011100101101001000001000100000010100010000110010000100100010000000000100001000100010100000110000,5f8f56b442d20a52d4a005ac717ef1caa5d74b767088d550ba0054be0edcd152,bernoulli,bernoulli|conj|p=0.3|zero=allow_iid|rng=MT19937-RandomState,0.3,allow_iid,0.0008457517251372337,7.61495903134346e-05,0.001254684291779995,0.0010294970124959946,0.011921042576432228,0.015133731998503208,0.003206082619726658,26,876,1,6,SAT_unsat_identifiable,1,boolean_factorization,exclude_x,exclude_x,0,1224,4698,0,1,1,0,0,0,0,1,1,1,0,0,0.007802048698067665
4,50,10,100,2539984093,99,conj,glucose42,MT19937-RandomState,5.674920976161957e-05,00001100111101001001100000000111000001011100010110000011110011101000110100001100100101000010001000010100000000010000000011100000010001101101000100010010001010000010000100100001100010010000011000010010001100110001100010100000001010000011000000010000001001011011010000101010000110010000001001100000111000110001110000000001000010000001000010000000000001101000101000010000000100000001000001110000010000010001001010000101100011101010101000000000000001001010000000001000111010000000100001100000010100000000,76559006d7dfdb06836f24428ccd5029f7df6b958f4a4a6fbce3bc45866ce1d1,bernoulli,bernoulli|conj|p=0.3|zero=allow_iid|rng=MT19937-RandomState,0.3,allow_iid,0.0008119586855173111,7.335562258958817e-05,0.0011791875585913658,0.0010323980823159218,0.0081979651004076,0.011301533319056034,0.003096899949014187,24,682,1,6,SAT_unsat_identifiable,1,boolean_factorization,exclude_x,exclude_x,0,1216,4421,0,1,1,0,0,0,0,1,1,1,0,0,0.007071817293763161
