schema_version,J,K,N,seed,sim,operator,solver_name,rng_engine,generation_time,q_bitstring,q_sha256,design,design_id,p,zero_row_policy,basis_time,identity_check_time,two_col_check_time,three_col_check_time,sat_time,algorithm_time,preprocess_time,J_basis,M_basis,identifiable,branch,branch_label,sat_called,sat_formulation,sat_cardinality_encoding,cardinality_encoding_requested,maximal_candidate_requested,sat_variables,sat_clauses,identity_original,not_complete_original,has_pure_node_original,no_pure_nodes_original,has_zero_row_original,two_col_violation_original,three_col_violation_original,two_column_pass_original,both_necessary_checks_pass_original,I_3c,identity_basis,two_col_violation_basis,diagnostics_time
4,100,5,100,590964048,0,conj,glucose42,MT19937-RandomState,0.00015602540224790573,11010111111111111101111111111111111011110111111101111111111111111101111111111111101111111011101101101111011111111111111111111111111111111011111100111111111111111101111111110111111111111111110111111111110111111111111110111111111111111111111011111111101111111101111111111111111111110111111111111111111111110101111111111011111111111111111110111111101111101111111111111111101111011111101111111111111111111111111111111111011111111111111111111111110111111111011111001111100111111111111111111111111111111111,270b06a9a54b4e7306a1f7ce3696a4063057caee4e02522536f0f0bf0a529100,bernoulli,bernoulli|conj|p=0.9|zero=allow_iid|rng=MT19937-RandomState,0.9,allow_iid,0.00032227393239736557,5.622394382953644e-05,0.00013285037130117416,8.623767644166946e-05,0.0,0.0006084516644477844,0.0005975859239697456,7,11,0,3,three_column_check_failed,0,,,exclude_x,0,0,0,0,1,0,1,0,0,1,1,0,0,0,0,0.0014598900452256203
4,100,5,100,590964048,1,conj,glucose42,MT19937-RandomState,3.85800376534462e-05,11111111111111110111111111111111111111111111111111111101101111111111111111111111111110111111111111111111011101111111111011111111111111111111111101111111011111101111011111111111111110111111111100111111011111101110001111111111111111111111110111111111111101101110111111111001111111010111111111111111111110111011010111111111111111111111110111101011101110110111111111111111111011111111111110110111111111111111101111110111111110111111111111101111111111110111111111011111110111111111111110111111111111111101,9129a4bd520eb19abad316919d6379daf0d2dae1569e3a0693a9e44112adad1e,bernoulli,bernoulli|conj|p=0.9|zero=allow_iid|rng=MT19937-RandomState,0.9,allow_iid,0.0003588274121284485,3.9919279515743256e-05,0.00012069288641214371,0.00010650046169757843,0.012992668896913528,0.014410250820219517,0.0006259400397539139,7,11,0,5,SAT_found_counterexample,1,boolean_factorization,exclude_x,exclude_x,0,203,478,0,1,0,1,0,0,0,1,1,1,0,0,0.0015090517699718475
4,100,5,100,590964048,2,conj,glucose42,MT19937-RandomState,4.3109990656375885e-05,11111011011111011011111111111111111111111011111111111111111111110111111111111111110111011111111111111011111011111111011111111111111101110111111111111111111111010111111111111111010011111101111111110101111111111111111111101111111101011111111101111111111101111111111111110111111111111111111011111011111111111110101111011011111111110111110011111011111100111110010111111111111111101111101111111110001110011111111111111010111110111111111111111110111111011111011111111011110110100111111111101100111111111111,485ca67edd8b09f5fa9053f742d807c4c70804319207d36dcc81b7b17a080609,bernoulli,bernoulli|conj|p=0.9|zero=allow_iid|rng=MT19937-RandomState,0.9,allow_iid,0.0004069330170750618,6.900914013385773e-05,0.00014685187488794327,0.00011230818927288055,0.0010479455813765526,0.0017889058217406273,0.0007351022213697433,10,17,1,6,SAT_unsat_identifiable,1,boolean_factorization,exclude_x,exclude_x,0,255,658,0,1,0,1,0,0,0,1,1,1,0,0,0.0015680007636547089
4,100,5,100,590964048,3,conj,glucose42,MT19937-RandomState,3.795884549617767e-05,11111111111000111101101111111111101111111101110111100111111111111101111110111110111111011110111110111101111111111111111111110111111111111111101111111111111111111111111011111110111111111111111111111111111011111111101111111111110111111111111111111111111111110111111111111111111111101011111110111111111111011111111111101110111111111111001111111011111111111111111011110111111111110111111111111011111011101100111111111101101111011011111111011011111111111111011111111111111111111111111111111110111011101111,1a9bb5a7b9021f00a5483b3fe4acbca11e0de39eb65e71f68379d00ce4ca2150,bernoulli,bernoulli|conj|p=0.9|zero=allow_iid|rng=MT19937-RandomState,0.9,allow_iid,0.00028580427169799805,3.854092210531235e-05,0.0001254519447684288,0.00010412745177745819,0.0009217672049999237,0.002254110760986805,0.0005539245903491974,8,11,0,5,SAT_found_counterexample,1,boolean_factorization,exclude_x,exclude_x,0,232,552,0,1,0,1,0,0,0,1,1,1,0,0,0.0015210704877972603
4,100,5,100,590964048,4,conj,glucose42,MT19937-RandomState,3.663916140794754e-05,11111111110011111111111111111111110111110111110111111111111111111011111111111101111111111111111111111111110111111111111111111111111111111110111111111111111110111111101111101111111111110111111101011111010111111111111111111110011101011110111111111001101111101111011111111111111101011111010101111110101111111111111111111111111111111101011111111011111111111111111110111111111111111111111011111111101011111011101111011111101110111011111111111111111111111111101111111011111111111101111111111011111111111111,4f5cafb92b39b44f7a8164316921daa4927b96f4da6e9b9e1f9d15477fa5c02e,bernoulli,bernoulli|conj|p=0.9|zero=allow_iid|rng=MT19937-RandomState,0.9,allow_iid,0.00028921663761138916,4.048086702823639e-05,0.00010994076728820801,0.00010270252823829651,0.0008264845237135887,0.0021253731101751328,0.0005423408001661301,6,13,0,5,SAT_found_counterexample,1,boolean_factorization,exclude_x,exclude_x,0,164,392,0,1,0,1,0,0,0,1,1,1,0,0,0.0014578970149159431
4,100,5,100,590964048,5,conj,glucose42,MT19937-RandomState,3.3709220588207245e-05,11111111111101101111111111111111110111111111110111011111111101111111111101111100111111111111011111111111110111111111111111001111111111111111111111111111111111111110011111111111111110111111101111111111111110111111011111111011111111111111111111111111111111111011101110111101111110101011111111110111111111111111101110111111111101111111111111111110111111011111111111101011111111111111111010111111011111111111111111111101111110110110111101111111111111111111111110111111011011111111111111111111111111101111,92c65a6582f66638f10f1b770b10b33d078c630d2aaa62ec072e8f49d9d692a5,bernoulli,bernoulli|conj|p=0.9|zero=allow_iid|rng=MT19937-RandomState,0.9,allow_iid,0.00027518346905708313,3.4768134355545044e-05,0.00010473094880580902,2.554338425397873e-05,0.0,0.000447077676653862,0.0004402259364724159,6,11,0,3,three_column_check_failed,0,,,exclude_x,0,0,0,0,1,0,1,0,0,1,1,0,0,0,0,0.0013562552630901337
4,100,5,100,590964048,6,conj,glucose42,MT19937-RandomState,3.3027492463588715e-05,11011111111111111111111111111111111110111011111111110110111111111111111011111111111110111001111111110111111111110111111111111111110101111111111101011111111111011111111111111111111111011111111111111111111111111111111111111111110111111111101011011111101111111110111111101111111111011110111011111111111111111101111111111111111111110111110011111110111111111111111111111110010111111111111110111101111101101010111111110110111110111111111111110101111111111111011011101011111111011111111111110111110111111111,f8545a37b491f3e2d84c2e5440c423040408d904f0e5ff956fdd13ca890a79c3,bernoulli,bernoulli|conj|p=0.9|zero=allow_iid|rng=MT19937-RandomState,0.9,allow_iid,0.00028806738555431366,3.6325305700302124e-05,0.00010678730905056,0.00010963622480630875,0.0008808663114905357,0.0022039031609892845,0.0005408162251114845,6,13,0,5,SAT_found_counterexample,1,boolean_factorization,exclude_x,exclude_x,0,169,398,0,1,0,1,0,0,0,1,1,1,0,0,0.0014388812705874443
4,100,5,100,590964048,7,conj,glucose42,MT19937-RandomState,3.6522746086120605e-05,10011110010111110111111111111111111111111101111111111111111111111111111101101111111010111101110111111011111111111111110111111111111111111111110111011101111111111110111110111111111111011111111111111111110111101111101111111111111110001011111111111111111111111011100111110111101111111111111011111011111110110110111111111111011111110111111111111111101101011111011101110111111111111111110111101111111111100110111111111111100011011110011111111111111111111111011111111110011111111111111110101110111111011111,687eb16d5b0c3220b512265f452f8cbf00d7c34efb5aa34a78e22019c4c991f0,bernoulli,bernoulli|conj|p=0.9|zero=allow_iid|rng=MT19937-RandomState,0.9,allow_iid,0.00032942183315753937,4.357658326625824e-05,0.00013219937682151794,0.00010085664689540863,0.0008859904482960701,0.0014981646090745926,0.0006060544401407242,9,16,1,6,SAT_unsat_identifiable,1,boolean_factorization,exclude_x,exclude_x,0,231,590,0,1,0,1,0,0,0,1,1,1,0,0,0.0015107793733477592
4,100,5,100,590964048,8,conj,glucose42,MT19937-RandomState,3.5560689866542816e-05,11010111111111111011101110111111111110110111111100110111111110111011011101111111111111111111111111111111011011010011101111110111111111111111111101111111111110111111111111111111111111011111111111110111111110111111111111111101111111110110101111111111101111111111111111111111010111111111111111111110111011111111111111011111101111110111111111111111111111111111111111111111111111111111111111111111111111011111110111011111111111111111111101111111111111101110111111110111111111111111111111111111011111111111,17c52e11cb5d226436eb429ce30280c7da33decbffdea9d15215019e22d876d6,bernoulli,bernoulli|conj|p=0.9|zero=allow_iid|rng=MT19937-RandomState,0.9,allow_iid,0.0002916082739830017,3.606453537940979e-05,0.00011402368545532227,0.00010090786963701248,0.000813240185379982,0.0021231388673186302,0.0005426043644547462,7,13,0,5,SAT_found_counterexample,1,boolean_factorization,exclude_x,exclude_x,0,193,466,0,1,0,1,0,0,0,1,1,1,0,0,0.001448456197977066
4,100,5,100,590964048,9,conj,glucose42,MT19937-RandomState,3.203563392162323e-05,10111001111111111111111011101111111111111111101111111111111111111110111011011111111111111110111111110011111110011111111111111011111111111111111111111111111111111101111110111111111111111111111111111111111101111111101111110111011111111101111111111111011101100111111111110111111101011111111111011101111111111111111101111111111111111011111110111111111011111111111111111111111111111111111111111111011111111110111111111001111111111111111111111111111111101111111111111111001111001111111111111111111110101111,9b8c57db67626bcc7f5e83e360ae07abc015aad28afca044e43662a85f424b75,bernoulli,bernoulli|conj|p=0.9|zero=allow_iid|rng=MT19937-RandomState,0.9,allow_iid,0.00028100889176130295,3.5886652767658234e-05,0.00010411720722913742,5.211494863033295e-05,0.0,0.0004785563796758652,0.00047312770038843155,6,12,0,3,three_column_check_failed,0,,,exclude_x,0,0,0,0,1,0,1,0,0,1,1,0,0,0,0,0.001385030336678028
4,100,5,100,590964048,10,conj,glucose42,MT19937-RandomState,4.7048553824424744e-05,01111111111111111111101111111111111111111111111111101111111011111011111111111111111111111111111111110111111101011111111111111111111111101111111101011111111111111111101111111011111111111111111111101111111111111110101111111111111111111011111111111111111101111111101111111011111110011100011101101111111101111110111001101111111111101111111111101111011110011111111111101111111111111011111101110110011111011111111111111111111011111111111110111111101111111111111110111111111011111111101101011111111111111111,4b1a523d568e9e2004acfb193a96cfa2c00e3ce0bb0051db13dcc5fd7cb8d531,bernoulli,bernoulli|conj|p=0.9|zero=allow_iid|rng=MT19937-RandomState,0.9,allow_iid,0.00028058793395757675,4.336051642894745e-05,0.00011693406850099564,4.499964416027069e-05,0.0,0.0004917951300740242,0.00048588216304779053,7,12,0,3,three_column_check_failed,0,,,exclude_x,0,0,0,0,1,0,1,0,0,1,1,0,0,0,0,0.0014113392680883408
4,100,5,100,590964048,11,conj,glucose42,MT19937-RandomState,3.268197178840637e-05,11011111110111111111111111111111111110111111110111111111111111111110111101111101111111111111111011111111111011111111111111111111111111010101111001111111111111011111111111111111010111111111111111111111111111111111101111111111111111111111111110111101111111111111111111111111111111111110111111011111111111111111111111111101101111111101100111110111110111101011111111111111111111101111111111010111111111111110111111111101111111111111111101011110111011111011111111111111111111101100111111111101111111111111,dc47ea9c48fd8dd048317e2a89bac5cbd176a22e69939554533b658c6eaf059e,bernoulli,bernoulli|conj|p=0.9|zero=allow_iid|rng=MT19937-RandomState,0.9,allow_iid,0.00029421597719192505,3.6618672311306e-05,0.00011307559907436371,2.4775974452495575e-05,0.0,0.00047356728464365005,0.00046868622303009033,7,12,0,3,three_column_check_failed,0,,,exclude_x,0,0,0,0,1,0,1,0,0,1,1,0,0,0,0,0.0013493811711668968
4,100,5,100,590964048,12,conj,glucose42,MT19937-RandomState,3.053061664104462e-05,11111111011111111111111111111011111111111111111111111111111111110111111111101111011111111111110111110111111111100111111111111111110111111011111111101011111101100111111111111111111111110110011111111111111110111111110111111111111111111110011111111111111011011111111011111101011111010110111110111111111111111111111110111111111111111110111111111111110111111111111011111111011111111111111010111111111111101111111111111101011101111111111111111111110011111111111111111111110011111110011111110111111111111111,60fe1d429e2d85c3a2a2b4a615da6bd7972f8a89d17253715f844301d92a7682,bernoulli,bernoulli|conj|p=0.9|zero=allow_iid|rng=MT19937-RandomState,0.9,allow_iid,0.0003065848723053932,3.891345113515854e-05,0.00011263508349657059,9.69739630818367e-05,0.0009252624586224556,0.00223417766392231,0.000555107370018959,7,14,0,5,SAT_found_counterexample,1,boolean_factorization,exclude_x,exclude_x,0,193,466,0,1,0,1,0,0,0,1,1,1,0,0,0.0014630798250436783
4,100,5,100,590964048,13,conj,glucose42,MT19937-RandomState,3.1946226954460144e-05,01111111111110101111111101111110111111110111011111101111110111111111111111110111111111111111111101111111011111111111111111111011011011011110111101111101110111101111111111101101111111101111111110101100111011111110111001011111011111110111111111111111111011111111111101111111011111111111111110101111111011111111111111111011111111101111111111111111111101110011111101111111111111111111111111001111111111111111111111111101111111111111111101111111111111101101111111111111111111011111111111111111111111111111,a69b08d4901c6c65133fa0f3fcdc6b07c28a25c59d83b78ed5f1c3f20805e0d2,bernoulli,bernoulli|conj|p=0.9|zero=allow_iid|rng=MT19937-RandomState,0.9,allow_iid,0.0003001345321536064,3.4188851714134216e-05,0.0001035984605550766,9.856466203927994e-05,0.0006236070767045021,0.001163550652563572,0.0005364865064620972,6,14,1,6,SAT_unsat_identifiable,1,boolean_factorization,exclude_x,exclude_x,0,159,386,0,1,0,1,0,0,0,1,1,1,0,0,0.0015001846477389336
4,100,5,100,590964048,14,conj,glucose42,MT19937-RandomState,3.229081630706787e-05,11101110111111111111101011111111110101111111111101111101111111110110101111111111111111101111111111111110111111111111111111111111111111111111101111011110111111111110111111011111111111111111110111110111111111111111111011111111011111111111110111111111111111111111111111111111111111111111111011101111110111101111001101111111111110111111111111111111111001111111111110101111111111111001011110110111111111111111111011111111111111111111111111111011111111111110111111111111111111111111110101111111111111110111,82f10d5be54808bf5bf1fc6e908f00d80f18288d7d775d792b1d79dda8018444,bernoulli,bernoulli|conj|p=0.9|zero=allow_iid|rng=MT19937-RandomState,0.9,allow_iid,0.0002804528921842575,3.40314581990242e-05,0.00011865794658660889,3.0621886253356934e-05,0.0,0.0004689004272222519,0.00046376418322324753,7,12,0,3,three_column_check_failed,0,,,exclude_x,0,0,0,0,1,0,1,0,0,1,1,0,0,0,0,0.0013648755848407745
4,100,5,100,590964048,15,conj,glucose42,MT19937-RandomState,3.06079164147377e-05,10111011101101111111101111011111011110110111111111111111111011110101111110111101101011111111111011111111111111111111111111011111011100111111111111111111111110111111111111111111011110111111111111111111111111111111111101111111111111111111111111111011111111110111101111101111101111111111111111111111011111111111011111111111011111111111101111111101011111111111111111111111111111101111001111111111111111111111111111111111011111111111011111111011111111111111110111111110111111111011111111111111011101101111,79da6575f34b47ce219fb5de3dcc3f6b1ec9c11d57c65af65a878bd3d12dd1fc,bernoulli,bernoulli|conj|p=0.9|zero=allow_iid|rng=MT19937-RandomState,0.9,allow_iid,0.00026954710483551025,3.215111792087555e-05,9.999703615903854e-05,0.00010366830974817276,0.0006924159824848175,0.0019523035734891891,0.0005053635686635971,5,12,0,5,SAT_found_counterexample,1,boolean_factorization,exclude_x,exclude_x,0,145,330,0,1,0,1,0,0,0,1,1,1,0,0,0.0014181695878505707
4,100,5,100,590964048,16,conj,glucose42,MT19937-RandomState,3.257114440202713e-05,11011101111111111111111111111111111111111111111111111111101111110011111010011010111111111111111111111111100111011111111111111011111111111111111111111111111111111111111111101111111111111111111101111111011111111001111011110001111110111111101111111110111111111011111011110111111111011011111111111111011101101101111101111111101110101111111111111111111111111111101111111111111110111111111111110111111110111111111101111100111111111111111111111101111101101111101101111110111111011110100111011011111111111101,034e27911794d2e20036bd08d91606389457efb4677cb5483dfcae6facf40211,bernoulli,bernoulli|conj|p=0.9|zero=allow_iid|rng=MT19937-RandomState,0.9,allow_iid,0.0002878531813621521,3.401748836040497e-05,0.0001028226688504219,9.234435856342316e-05,0.0,0.0005217976868152618,0.0005170376971364021,6,14,0,3,three_column_check_failed,0,,,exclude_x,0,0,0,0,1,0,1,0,0,1,1,0,0,0,0,0.0014068856835365295
4,100,5,100,590964048,17,conj,glucose42,MT19937-RandomState,3.183726221323013e-05,11011101011111111111111111110111111111111111111111111111011111111111011111011111111111111111111111111101111011111111111111110111111111111111110111111111011111111111111111101111100111111111111111111110111111111111101110111111001111111101111111111111111111101110111111111111101111111111111111111101111111111110111111111111010001101101111111111111111111111101111111111110111111111111111111111111111111111111011111101111111111011110111011111101011111111110111101111101111100111111111111111101111111011101,4b09fcf408cbd9d5d860b03c4eb5b08ea3b5113234e41efcf93770ebce11b1e0,bernoulli,bernoulli|conj|p=0.9|zero=allow_iid|rng=MT19937-RandomState,0.9,allow_iid,0.00029259640723466873,3.532692790031433e-05,0.00012079998850822449,0.00010112021118402481,0.0009317388758063316,0.002245417796075344,0.0005498435348272324,8,12,0,5,SAT_found_counterexample,1,boolean_factorization,exclude_x,exclude_x,0,222,540,0,1,1,0,0,0,0,1,1,1,0,0,0.001452488824725151
4,100,5,100,590964048,18,conj,glucose42,MT19937-RandomState,3.307778388261795e-05,11111111111111111111111111111111110101110111111101110111101101111111111111111101111111111111110111111111110111111111111110111111111111111110111111111111111111111111111010011111100111111011111111111111111111111110111111111101101111011111111111111111100111111111111111111111111111111111111111110111101111011011111111111011111011111111111111101111111111101111111111101111111111011011111111111110111111111111111111011100111111111111011011111111111111111111111111111111111111110111111110111111111101111111,ce954b29f7716bd0466fb5fb261d6a65a033fe7e790ae944510fe459f966bb5e,bernoulli,bernoulli|conj|p=0.9|zero=allow_iid|rng=MT19937-RandomState,0.9,allow_iid,0.00025466736406087875,3.302004188299179e-05,0.0001028161495923996,2.389773726463318e-05,0.0,0.0004193773493170738,0.0004144012928009033,6,10,0,3,three_column_check_failed,0,,,exclude_x,0,0,0,0,1,0,1,0,0,1,1,0,0,0,0,0.0013299854472279549
4,100,5,100,590964048,19,conj,glucose42,MT19937-RandomState,3.154389560222626e-05,11111111111111111111111111111110111101111111101111111111111111111111111111111111111101111111111011011111111111111111111111110100111111111111111111111111111111101111111011111111111111101111111111101101111111111111111111110111111111111011111111111111111111111111011110111111111111111011110101111111111111111111111111111011111111001111111111111111101111111111111111111111110001101010111111111111101111111111111111111111111111111111111111111111111111111111111111111011011111110111011111110001111110111101,7b971ee1e0b18521d3a236f242a26c705a7659dec998a452f70dce27b08e3497,bernoulli,bernoulli|conj|p=0.9|zero=allow_iid|rng=MT19937-RandomState,0.9,allow_iid,0.0002902783453464508,3.463681787252426e-05,0.00011117104440927505,9.843893349170685e-05,0.0007087979465723038,0.0012466320767998695,0.000534525141119957,7,15,1,6,SAT_unsat_identifiable,1,boolean_factorization,exclude_x,exclude_x,0,183,454,0,1,0,1,0,0,0,1,1,1,0,0,0.0014649247750639915
4,100,5,100,590964048,20,conj,glucose42,MT19937-RandomState,5.426816642284393e-05,11001111111111111111011111111111011111110011111011111111111111111111110111111111110111111011111111111111101111111111111111111111100111111111011111111111111101111111101111111111101111101111111111111111111110111111110111111011111111111111101111011111111011111111111111101111101111101101111011111101111111111111111011111011111111111111110101111100111111111111111101101111111111111111111111110111111011111111111011111111101111111111111111111010111111111111111111111111110111111111111111100111111111111111,4604b367457c15018e5a6ef2cc98bd3d5d040b6ca0793c1e4e4b1b26be1e17bc,bernoulli,bernoulli|conj|p=0.9|zero=allow_iid|rng=MT19937-RandomState,0.9,allow_iid,0.00028132926672697067,3.7076883018016815e-05,0.00010775215923786163,0.00010096840560436249,0.0008031930774450302,0.0020422330126166344,0.0005271267145872116,6,12,0,5,SAT_found_counterexample,1,boolean_factorization,exclude_x,exclude_x,0,174,404,0,1,0,1,0,0,0,1,1,1,0,0,0.0014177076518535614
4,100,5,100,590964048,21,conj,glucose42,MT19937-RandomState,3.2681040465831757e-05,11111111111111111111111111111111111111111111111111111011111111101111111011011111101111111111110111111111111111111111110111110110110111100110111111111011111111111111111111011101011111110111111111100111101010111111111011111110011111111111100111111101111111111110110110111111111011110111110011111101010111111111111111111111111111110110111110111111011110111111111111111111111111011011101111011111111111111011111111111111111110101111111101111111111111111111101111011011111101111111111111111011111111111001,8df93a1689f6596d7aadc6d8a678a97b359ac38315f9dbcb0f120b9c089b7a5d,bernoulli,bernoulli|conj|p=0.9|zero=allow_iid|rng=MT19937-RandomState,0.9,allow_iid,0.00029882509261369705,3.604590892791748e-05,0.00012699700891971588,9.880121797323227e-05,0.0009273970499634743,0.0022542690858244896,0.0005606692284345627,8,15,0,5,SAT_found_counterexample,1,boolean_factorization,exclude_x,exclude_x,0,212,528,0,1,0,1,0,0,0,1,1,1,0,0,0.0014437073841691017
4,100,5,100,590964048,22,conj,glucose42,MT19937-RandomState,3.160256892442703e-05,00011011111111111110110111111101111011111111111111111101111111111010011111111111111111111101111111111111111101111111100111101111111111111111111111111111011111101111111111111111110111111111111111111111111111111110010011111111111111111111111111101111011110111111111111111111111110111111111111111111111111111111111111011111111111111111111111111011111111110011110111111111111111111011111101101111111101111111011111111010110111011111111111111111111111101111111111111111011111111111110111111111111111111111,2651e8a5a1844ff5e7514d3e6bd8604c3091b218e611084d1aedd80962f26b9c,bernoulli,bernoulli|conj|p=0.9|zero=allow_iid|rng=MT19937-RandomState,0.9,allow_iid,0.0002729659900069237,3.4821219742298126e-05,0.0001112222671508789,9.856559336185455e-05,0.0007830103859305382,0.0020443005487322807,0.0005175750702619553,7,14,0,5,SAT_found_counterexample,1,boolean_factorization,exclude_x,exclude_x,0,188,460,0,1,0,1,0,0,0,1,1,1,0,0,0.0014257477596402168
4,100,5,100,590964048,23,conj,glucose42,MT19937-RandomState,3.258697688579559e-05,01011111111110110111111111110111111111111111111111111111111101111111111111111111011111111110111110111111111111111111111101111111111111111111111111110111001111111101111011111101111101111111111111111111111111111111111101011011111111111010111111111110111101111101101111011111111111111111111111110011111111111111111011111111111111111111011011111011111111111111011111111101111111111101111101110010111111010111111111111110111111101111111111111111101111111111111111011011111011111110111110111111111111110111,0848df1c94950ef08924ee5895072e216d43929bf777422af47ad33eb3491904,bernoulli,bernoulli|conj|p=0.9|zero=allow_iid|rng=MT19937-RandomState,0.9,allow_iid,0.00026643555611371994,3.569945693016052e-05,0.00011460855603218079,4.304945468902588e-05,0.0,0.00046469084918498993,0.00045979302376508713,7,11,0,3,three_column_check_failed,0,,,exclude_x,0,0,0,0,1,0,1,0,0,1,1,0,0,0,0,0.0013488419353961945
4,100,5,100,590964048,24,conj,glucose42,MT19937-RandomState,3.0967406928539276e-05,11111111111111111011111111111111111111111111111101111110111111101111111111111111101111111111111111111011111111011111111111111111101111111111111111111110111111010111111111111110111111111111111111001111111111111110110111110111111111011110111111111100111011111011111111110111111110111111111111111110111111111111111111011111011111111111111011111011111111111101011111111110111111111011111111110111111101111111111011111111101111111111011111111110111010101111001111111111110111111111111111111111110100101111,6912476cb00eceb70c922625ff215144da1bf854d96bbf0c043e6d0b1b5fe1d7,bernoulli,bernoulli|conj|p=0.9|zero=allow_iid|rng=MT19937-RandomState,0.9,allow_iid,0.00027269870042800903,3.638770431280136e-05,0.00012152362614870071,9.964033961296082e-05,0.0009114397689700127,0.002186151221394539,0.0005302503705024719,8,12,0,5,SAT_found_counterexample,1,boolean_factorization,exclude_x,exclude_x,0,227,546,0,1,0,1,0,0,0,1,1,1,0,0,0.0014426494017243385
4,100,5,100,590964048,25,conj,glucose42,MT19937-RandomState,3.6213546991348267e-05,11101111111111111111111111111111111101110111111111111110111111111101011111111111111111111111011110111111101010111111111100111011111111111111111011111011101111111101011010111111111111111111111111111101111101111111111111111111111111111011111111111111011111110101111111011110111111101111001110111111111111011001111111111110111111111111111111111111101111111101111111111111011111111111111111111111111111111111111111010111011111111111111111111111111111111111111111111111101111111111011011101111111111111011,cadeae684cf068fe2600c27a84c28b46c46692c0a5bcbe84ca27591d8c4f9edf,bernoulli,bernoulli|conj|p=0.9|zero=allow_iid|rng=MT19937-RandomState,0.9,allow_iid,0.00029299408197402954,3.581121563911438e-05,0.00012167077511548996,9.815208613872528e-05,0.000916789285838604,0.0022310661152005196,0.0005486281588673592,8,14,0,5,SAT_found_counterexample,1,boolean_factorization,exclude_x,exclude_x,0,217,534,0,1,0,1,0,0,0,1,1,1,0,0,0.0014522997662425041
4,100,5,100,590964048,26,conj,glucose42,MT19937-RandomState,3.2044947147369385e-05,11111110111111111111011111111110111111111111111101101110101110011111110111111111111111111110111111101111111111111111111111111111111111011111011011111111111110111011111111110111111111011011011111111110111111111110010111111110111111111111111100111111011111111111111111101111100111011110101111111111111110111111111101111111110111110111111110101111011111111011111111111111111111111111111111111111111101101101001111111111111111111001011111111111111111111001111111111111011111111101110111111111101111111111,ea42902cfd282ad38458797690b67d8464d6b6c6a2dde6c990379c471f6d6d48,bernoulli,bernoulli|conj|p=0.9|zero=allow_iid|rng=MT19937-RandomState,0.9,allow_iid,0.00032189860939979553,3.834906965494156e-05,0.00013176165521144867,9.933486580848694e-05,0.001120452769100666,0.0024850526824593544,0.0005913442000746727,9,16,0,5,SAT_found_counterexample,1,boolean_factorization,exclude_x,exclude_x,0,231,590,0,1,0,1,0,0,0,1,1,1,0,0,0.001474018208682537
4,100,5,100,590964048,27,conj,glucose42,MT19937-RandomState,3.215949982404709e-05,11111111111100111111111111111101101111110111111110111111111111101111110111111111111111111111111111110111111001111111111101011111111111011111110111111111111101111111111111110111110111111111111111111110111111111110101111110111111111111111111011110111110110111111111111111011111111111111011100111101101010111101111111010111111101111111011111111111111111111101111111101111111001111111111111011111111111111110111111111111111101111111111110100111111111111111111101111111111111111101111111111110111110111111,20a5aec74c72d053fdc8d9e2f704a308e81cc21ea134422310d73e37069eb40b,bernoulli,bernoulli|conj|p=0.9|zero=allow_iid|rng=MT19937-RandomState,0.9,allow_iid,0.0002953195944428444,3.5705044865608215e-05,0.0001231962814927101,9.963102638721466e-05,0.0008973553776741028,0.001454690471291542,0.0005538519471883774,8,15,1,6,SAT_unsat_identifiable,1,boolean_factorization,exclude_x,exclude_x,0,217,534,0,1,0,1,0,0,0,1,1,1,0,0,0.0014886558055877686
4,100,5,100,590964048,28,conj,glucose42,MT19937-RandomState,3.2073818147182465e-05,11111111111110111111111111111111111111111111111111111111111111111011101111111111101111100111111111111111111111111111110011111111111110111111101111111111110010111110111110111111111111111111111101110101111110111011111111101111111111111111111101011111111111111111111111111111110011111101111111111110111111111111111111111111111011011111111111111111110111111110111101111111111111111110111101111011111111111111111111111111111000110111101111111101111111111111111011111111111111111110011111111111111111101111,0dd0138f041cd3e2dd9c44b72b07ffba29abf36095af613cc4c2a020e105328a,bernoulli,bernoulli|conj|p=0.9|zero=allow_iid|rng=MT19937-RandomState,0.9,allow_iid,0.00028860755264759064,3.475509583950043e-05,0.0001134481281042099,9.868200868368149e-05,0.0008030664175748825,0.0020846882835030556,0.0005354927852749825,7,14,0,5,SAT_found_counterexample,1,boolean_factorization,exclude_x,exclude_x,0,188,460,0,1,0,1,0,0,0,1,1,1,0,0,0.0014469679445028305
4,100,5,100,590964048,29,conj,glucose42,MT19937-RandomState,3.1853094696998596e-05,11111111010111111111111011111111111011111111111111111011101111111111111101111111011111111110111111111011111111111110101011111111011111111111011111011111111111011111111111111111111111111111111111111111111011011011111111111110111111111111111111111111111111111110011101110111111111111110111111111111111111101011111111111111111111110111101111111110111111111111111111111111111111111111111111111111111111111111111111111111111111011111110111111111111111111111011111101111111111111111111101111111111101111100,537f3a3fddcd2c538db2ca24b0249477bc1fc4359227066a7757fcb54986ab8f,bernoulli,bernoulli|conj|p=0.9|zero=allow_iid|rng=MT19937-RandomState,0.9,allow_iid,0.0002704989165067673,3.5871751606464386e-05,0.00012087635695934296,3.4899450838565826e-05,0.0,0.00046727433800697327,0.00046214647591114044,8,11,0,3,three_column_check_failed,0,,,exclude_x,0,0,0,0,1,0,1,0,0,1,1,0,0,0,0,0.0014029443264007568
4,100,5,100,590964048,30,conj,glucose42,MT19937-RandomState,4.724971950054169e-05,11110111111111111111111111111111001011111111111111111111111110110111111111111100111001111111111111111111111011111111111111111111111111011011101111001100111011110111111111111111111111011101111111111111111110111111011111111101111111110111111111111111011111111111111101111011111111101100111111111111111011111111111111111111111111111111111111111111011111111110111011111111111111111110111001111111111111111111111111111111101110101111111111111111111111111111111111111011111111111111101111111011111111110111,c6942d3fa675127ffafa9bbcf4d18c50c90e62f0641a97e441ff2d895e0b6426,bernoulli,bernoulli|conj|p=0.9|zero=allow_iid|rng=MT19937-RandomState,0.9,allow_iid,0.00029044877737760544,3.688689321279526e-05,0.00012139696627855301,0.00010212976485490799,0.0009514810517430305,0.002239021472632885,0.0005508624017238617,7,14,0,5,SAT_found_counterexample,1,boolean_factorization,exclude_x,exclude_x,0,193,466,0,1,0,1,0,0,0,1,1,1,0,0,0.0014447756111621857
4,100,5,100,590964048,31,conj,glucose42,MT19937-RandomState,3.1395815312862396e-05,11111111111111111111111111011011111111111101011111011111101111110111010111111111111111101111111111111011110110101111111111011111111111101111111111111111101111111111111111111111101111111111011110101111111111110111111101101111111011111111111011111111111111110111111111111011111100111111111111110110111111101111111101111111111110111111110001110111111011111101101111111111111111110111111111100111110111011111111111111111111111101111110011110111101111101111111111111111111111110111111110101111111111111111,a6a4eb4e293c4aa64c7387226d420c2d36cbca86a89dd1c132bab45e6dbd8fb7,bernoulli,bernoulli|conj|p=0.9|zero=allow_iid|rng=MT19937-RandomState,0.9,allow_iid,0.0002804817631840706,3.4188851714134216e-05,0.00011165626347064972,6.785709410905838e-05,0.0,0.000505305826663971,0.0004941839724779129,7,13,0,3,three_column_check_failed,0,,,exclude_x,0,0,0,0,1,0,1,0,0,1,1,0,0,0,0,0.0013940520584583282
4,100,5,100,590964048,32,conj,glucose42,MT19937-RandomState,3.057997673749924e-05,11111111011110111111110111111111101111111111111101111101110011111011111111111111111111111111101111011111101011111111111111111111110111111110111111110111011111111100111011011111111111111111101011111111111111111101111111111011111111110111001111110111111111111111111111010111111111111111111111101111111111111111110111111111101111111110111011111111111111111111111111111111111101101111110111101111111001111111111111111111111111111111111111111111111111111110111111111110111111111111111110110111111110101111,30f303e999f19136c40899a3677121523204da163b2baf55485057a8bf2d50ef,bernoulli,bernoulli|conj|p=0.9|zero=allow_iid|rng=MT19937-RandomState,0.9,allow_iid,0.0002811271697282791,3.3590011298656464e-05,0.00012123957276344299,0.00010050181299448013,0.0008456055074930191,0.0021319910883903503,0.0005364585667848587,7,14,0,5,SAT_found_counterexample,1,boolean_factorization,exclude_x,exclude_x,0,193,466,0,1,0,1,0,0,0,1,1,1,0,0,0.0014277342706918716
4,100,5,100,590964048,33,conj,glucose42,MT19937-RandomState,3.329478204250336e-05,10111111111111111111111011111111111101111111101111101001110111111111111111111110111110111011111110101111111111111110111110111110111101111110111111011111011111111111111010111111011111101111111111111111111101111110111111110101101111111111111111111111111111111110111111110111011111111111111111111111110110111111111111111101101111111101110111111111111111111111011111101111111111111110011111111111011111111010111111111111111110011111111111111111101111110101111111111111110110000111011101111110110101111111,d87dffb92e2a6e6c3b6a602122c25cdb1e070304646588ea3c21fd56df868d7d,bernoulli,bernoulli|conj|p=0.9|zero=allow_iid|rng=MT19937-RandomState,0.9,allow_iid,0.0003108074888586998,3.709830343723297e-05,0.00013158656656742096,9.770505130290985e-05,0.0008938591927289963,0.0014747707173228264,0.0005771974101662636,9,15,1,6,SAT_unsat_identifiable,1,boolean_factorization,exclude_x,exclude_x,0,236,596,0,1,0,1,0,0,0,1,1,1,0,0,0.0015078242868185043
4,100,5,100,590964048,34,conj,glucose42,MT19937-RandomState,3.136042505502701e-05,11011111111111111111111111111111111101111111101111111011101110111111101111111111111111110111111011111111111010111111011111111111111111101111111110111110111111111111111111111110111111011111101111110111011111111111111111111101111111111111111101111111101111111111111111100111111111011111111111111110101111111011111111101111111110111110111111111111111111111011111111111111101111111111110111110111111111111111111111111101111111111111111110111111111111111111111111111111111110111110111111111101011111111111,c7f77bdcf1e4ce48ddcf0e23013ed1e4a3235bd041a2348ca97bbaa202ccb002,bernoulli,bernoulli|conj|p=0.9|zero=allow_iid|rng=MT19937-RandomState,0.9,allow_iid,0.00026882998645305634,3.39411199092865e-05,0.00011143460869789124,4.9540773034095764e-05,0.0,0.00046870671212673187,0.00046374648809432983,7,11,0,3,three_column_check_failed,0,,,exclude_x,0,0,0,0,1,0,1,0,0,1,1,0,0,0,0,0.0013868799433112144
4,100,5,100,590964048,35,conj,glucose42,MT19937-RandomState,3.008265048265457e-05,11111111111111111011111111111111011111111110111111111111111001110011111111111111111111111111111110111110110111111101101011111111111101111101111111111111111111111111111111111111111111111111111111111110111101111101100110111111110111111101011111111111111111101111111111111111110111111111111101111111011111111111111101110110111111110111111111111111011011111101101111111111101111011101111111110110111011111111110111111111111111111011111111111111111110111110111111101101111111111111111111101111110111011111,4aed0d052ad95d5da8a4ca8aa8298784d788b96158cdc6f7fa778aa72eaf9e01,bernoulli,bernoulli|conj|p=0.9|zero=allow_iid|rng=MT19937-RandomState,0.9,allow_iid,0.0002732137218117714,3.545265644788742e-05,0.00012787804007530212,2.501625567674637e-05,0.0,0.0004662098363041878,0.0004615606740117073,8,11,0,3,three_column_check_failed,0,,,exclude_x,0,0,0,0,1,0,1,0,0,1,1,0,0,0,0,0.0013756230473518372
4,100,5,100,590964048,36,conj,glucose42,MT19937-RandomState,3.041699528694153e-05,11001011111111111111111111111111011100111111111101101111111011111010111111111111111111101111110001101011111111111110111111111110101111111111111111011111111111111111111001111111011111111111111110111110111111111101111111010110111111111111111101001111101111111111111111111101011011111011110101011010111111111111011111011111101101111110111111111111111111101111111111111111011111111111111111111111111111111111101111111110111111011111111111011011111111111111011111111111111111111111011111111111111111111111,4ebb188a27b152dd78f0ce2795a5861b2e1387f20f70129f4f8868f293150970,bernoulli,bernoulli|conj|p=0.9|zero=allow_iid|rng=MT19937-RandomState,0.9,allow_iid,0.0003128219395875931,3.6774203181266785e-05,0.00012886617332696915,9.782612323760986e-05,0.0008465740829706192,0.0014264928176999092,0.0005762884393334389,9,16,1,6,SAT_unsat_identifiable,1,boolean_factorization,exclude_x,exclude_x,0,231,590,0,1,0,1,0,0,0,1,1,1,0,0,0.0015171309933066368
4,100,5,100,590964048,37,conj,glucose42,MT19937-RandomState,3.1429342925548553e-05,10110111011011111111011111111111111100111111110111111111101011010111111111111110111100111111111111111111110111111111111101111011111111111111011101111111111111110111111111111111111111111101111111110111111111001111111111111110111111111101110111111111111111111111010111111111111110111111111111111110110111111111111111110111110111111111111111111111111111111111111111111011111111111111111111111110111111111111111011110101101111111111111111111110101111111111111101101110111111011111111111111111111111111111,86a84a8bd05c0069b4fb951ee7c0b5c5326f99f0dc5ca2c315d88e127358b2fe,bernoulli,bernoulli|conj|p=0.9|zero=allow_iid|rng=MT19937-RandomState,0.9,allow_iid,0.00029032304883003235,3.6407262086868286e-05,0.00011478830128908157,0.00010057259351015091,0.0008907420560717583,0.0021955715492367744,0.0005420912057161331,7,13,0,5,SAT_found_counterexample,1,boolean_factorization,exclude_x,exclude_x,0,198,472,0,1,0,1,0,0,0,1,1,1,0,0,0.0014357268810272217
4,100,5,100,590964048,38,conj,glucose42,MT19937-RandomState,3.1949952244758606e-05,11101110111110111111111111011110111111101111011111111111111111111011111111111111111101110111111011101110101111111110111111111111111111111110110110111011111111111111110111001111011111111111111111111100011101001111111111011111111110111111011111111111111111101111111111101111111111110111000111111011111110111111101111111101110111111111111111111011111111111111111111111111111111111111111101111111111110111111111110111110111100111111111111111111111111110101111111111101111111011111111111111111111111111111,a26ec421241c360cf957d0c8b769823efd1fd9809b6378151769667d724c10eb,bernoulli,bernoulli|conj|p=0.9|zero=allow_iid|rng=MT19937-RandomState,0.9,allow_iid,0.0002650311216711998,3.384239971637726e-05,0.00010996218770742416,5.140341818332672e-05,0.0,0.0004651583731174469,0.00046023912727832794,6,11,0,3,three_column_check_failed,0,,,exclude_x,0,0,0,0,1,0,1,0,0,1,1,0,0,0,0,0.0013460954651236534
4,100,5,100,590964048,39,conj,glucose42,MT19937-RandomState,3.1935982406139374e-05,11111101111110101111110111111111111111111111011111111111111110101111110111111111101111111101110010111111111101111111110111111111111111101111111111111111111111111111111111111111111111111110111011111011111111111111111111011101110111111111100111111111111111111111111111110111110111001111011111111101111111111101110111111111111110111101110111111111111101111111111110111111111111110111111111001011101111101110111111111111110111111111111011110111110111011111011111001111110111111111111111111111111111101111,56010cb1c1aeb2902341fba1d1f18ce3cfa4f369ec0cabb8286d925e767f0059,bernoulli,bernoulli|conj|p=0.9|zero=allow_iid|rng=MT19937-RandomState,0.9,allow_iid,0.0002707280218601227,3.818422555923462e-05,0.00010425969958305359,8.423998951911926e-05,0.0,0.0005021188408136368,0.0004974119365215302,6,13,0,3,three_column_check_failed,0,,,exclude_x,0,0,0,0,1,0,1,0,0,1,1,0,0,0,0,0.0014219088479876518
4,100,5,100,590964048,40,conj,glucose42,MT19937-RandomState,6.270501762628555e-05,11101111011110111011111111110011111111111111011111111010101111111111111111100111011111111111101111011111111101111111111111011111111111111011111111111111111111111111111111111110111111111001111111111111111111111111101111111111111111111111101111111111111111111110111110110011111101111111111111111011111111111111111111111111110111111111111111111011011111110011111111111111111111101111111111111111011111011111111110111111111011111111111111101111111111111011011111111111111111111111111111111011111111111111,d874c2f421f0fcb72d73a51d35875020ed8087d0664ba0fb219e3c353064a119,bernoulli,bernoulli|conj|p=0.9|zero=allow_iid|rng=MT19937-RandomState,0.9,allow_iid,0.00028456375002861023,3.5839155316352844e-05,0.00010662619024515152,0.00011192262172698975,0.0008310768753290176,0.0020957645028829575,0.0005389517173171043,6,13,0,5,SAT_found_counterexample,1,boolean_factorization,exclude_x,exclude_x,0,164,392,0,1,0,1,0,0,0,1,1,1,0,0,0.0014035338535904884
4,100,5,100,590964048,41,conj,glucose42,MT19937-RandomState,3.2998621463775635e-05,11111111111111111111111111111111110111011111101011111011111111111101111111111111111111111111011111111101110111111111111001001111111111101111111111111011111111111101110011111111111110110111011011111111111111111111111111100011111101110111111111011111111110111111111110111111111111111111111111111111011111111111111001100101101111111101111101111111111011101111110111101111111111011011111001111111011111111110111111110111101111001111110111111111111111110111111111111111011111110111111111111110101011111111,aa4ff6b1cf18b621fc9b0ae2a3d598ed349cce0a7df0da8bf0131fb9a418f14c,bernoulli,bernoulli|conj|p=0.9|zero=allow_iid|rng=MT19937-RandomState,0.9,allow_iid,0.00031297747045755386,3.690924495458603e-05,0.0001301923766732216,9.806081652641296e-05,0.0008625518530607224,0.0014440882951021194,0.0005781399086117744,9,17,1,6,SAT_unsat_identifiable,1,boolean_factorization,exclude_x,exclude_x,0,231,590,0,1,0,1,0,0,0,1,1,1,0,0,0.0015102317556738853
4,100,5,100,590964048,42,conj,glucose42,MT19937-RandomState,3.1334348022937775e-05,11011110011111111111111111101111111111111011110000101111111111011111111111111110111011111110111111111111111110111111111111011111111111111111101001111111011111110011111111111111101111111111111111111111111111111111101111111111110010111111111011111111111111111111111111111011111111111111111101111111111101111110111111111110111111111111111111011111111111111111111110111111111111011110111110011110111111111111111111111111010101111111111101111111111110111111111111111011011111111111111111011111111110111111,2a88db07c985e4e2cbab9a294122f2318f8c78d26fb64011c6354734c54b906a,bernoulli,bernoulli|conj|p=0.9|zero=allow_iid|rng=MT19937-RandomState,0.9,allow_iid,0.0002933768555521965,3.530178219079971e-05,0.00012089591473340988,9.93562862277031e-05,0.0009460831061005592,0.0014982856810092926,0.0005489308387041092,8,14,1,6,SAT_unsat_identifiable,1,boolean_factorization,exclude_x,exclude_x,0,207,522,0,1,1,0,0,0,0,1,1,1,0,0,0.0014859847724437714
4,100,5,100,590964048,43,conj,glucose42,MT19937-RandomState,3.199279308319092e-05,01111111111111011111111111011111111111111111111111101111111111100111111111111111111111101111110111111111111101111110111110111111111011111111111111111111111111111111111110111110111111111011110111110111111111011101111010111111111111011111101111101111111111111111111111111101111111110011111111111111110111011111110111111110111011110101101111111111101101111111111111110111111111111111111111111111110111111111111111101111111111111111101101111010111100111111111111111111111001111111101111111111111111111111,72a53ca64fa888c94bd0d17aa3c23f8f92f7f1b9d693ee6cae55ad2feb6e8ae7,bernoulli,bernoulli|conj|p=0.9|zero=allow_iid|rng=MT19937-RandomState,0.9,allow_iid,0.00027655065059661865,3.5070814192295074e-05,0.00011796504259109497,9.906478226184845e-05,0.0008189976215362549,0.0020880401134490967,0.0005286512896418571,7,13,0,5,SAT_found_counterexample,1,boolean_factorization,exclude_x,exclude_x,0,198,472,0,1,0,1,0,0,0,1,1,1,0,0,0.0014546848833560944
4,100,5,100,590964048,44,conj,glucose42,MT19937-RandomState,3.210734575986862e-05,11111111111111111111110011111111111111111111111111111111111110111010111011111111101111111111111111110111111111111110111111111111111001111111011111111111111111111111111111111101111111111101111111111111111111111011111011111111111101011010111111111110111111110111111111001111111111111111111011111101011111011101111111111111111111101110111010111111011111101111111111111011011111111111111111101111010111111111011101111111111111111011111101110111011111111101111110111011111111111110110111111101111110111101,1f49adbee98e5c37d6e6ef4713a96020fcfc209140fd86294fe219ba16256dd2,bernoulli,bernoulli|conj|p=0.9|zero=allow_iid|rng=MT19937-RandomState,0.9,allow_iid,0.00026928912848234177,3.484543412923813e-05,0.00011445581912994385,4.30447980761528e-05,0.0,0.00046757981181144714,0.00046163517981767654,7,12,0,3,three_column_check_failed,0,,,exclude_x,0,0,0,0,1,0,1,0,0,1,1,0,0,0,0,0.001376258209347725
4,100,5,100,590964048,45,conj,glucose42,MT19937-RandomState,2.9663555324077606e-05,11111111111111011101111111111011111111111111011111111111111111111111111111111111111111111110111110111111111111011111111111111111111111111111111111111111111111111011111111111111111111111111111111111011111110111111111111111111111111011111111110111111111111111111111111101111111101111111111110111101011111111110111111111111111111101111111111111111110111111111110111101110111111111111111110111111111011111111111110111111111111110110111101111111111111111111111111111111101111111111111111110111111111110111,d37dc4b2893647974b2240e274392692d878a70ad4fb5bc3a60f92075b84866a,bernoulli,bernoulli|conj|p=0.9|zero=allow_iid|rng=MT19937-RandomState,0.9,allow_iid,0.00023332424461841583,3.201048821210861e-05,9.263679385185242e-05,2.420041710138321e-05,0.0,0.000386703759431839,0.00038217194378376007,5,7,0,3,three_column_check_failed,0,,,exclude_x,0,0,0,0,1,0,1,0,0,1,1,0,0,0,0,0.0013221772387623787
4,100,5,100,590964048,46,conj,glucose42,MT19937-RandomState,3.0285678803920746e-05,11111111011111111110111111111110111110111101111101111111011111111011110111101100011111111111101111111111111111001111111011011111110111111011111010111111111110111111111111111011111111111111101111111111111111011111111011101110011111011011111111111111111110111111111111111110011011101111101111011111101111110111111111111111101011111111011110111110101111111111111111111111111111011111111111111110111111111111111111111111110011111101101111111111111111111111111111101111011111111111111111111111101111111101,8413a5a83337b82259617def8d61b8a76de091da1803fe82f2dcb5b09718b317,bernoulli,bernoulli|conj|p=0.9|zero=allow_iid|rng=MT19937-RandomState,0.9,allow_iid,0.0003013601526618004,3.578420728445053e-05,0.00012943055480718613,9.866058826446533e-05,0.0009811222553253174,0.00154968723654747,0.0005652355030179024,9,15,1,6,SAT_unsat_identifiable,1,boolean_factorization,exclude_x,exclude_x,0,241,602,0,1,0,1,0,0,0,1,1,1,0,0,0.0014872178435325623
4,100,5,100,590964048,47,conj,glucose42,MT19937-RandomState,3.096461296081543e-05,11111111111101111110111111111110111111111100111111101111011001110110111111111111111111110111111111111111111111111111101111111111111011001110111111011110111111111111111111110111111111111111110111111111111111111111111111111111111110110101111111111111010111111111111111111111111111111111111110111111111111111111111011111111111111111111111111111111111110111111110111111111111111111101111111111111111011111111111111111111110111011111111111110001011111111111111001111101111111101111111110111110110111111111,60e654d988690f0f592ef78af43485144160033ef4c04ff31166952f746c1134,bernoulli,bernoulli|conj|p=0.9|zero=allow_iid|rng=MT19937-RandomState,0.9,allow_iid,0.0002740854397416115,3.4059397876262665e-05,0.00011781882494688034,9.90554690361023e-05,0.0008575813844799995,0.0021310774609446526,0.0005250191316008568,7,13,0,5,SAT_found_counterexample,1,boolean_factorization,exclude_x,exclude_x,0,193,466,0,1,0,1,0,0,0,1,1,1,0,0,0.0014442270621657372
4,100,5,100,590964048,48,conj,glucose42,MT19937-RandomState,3.194529563188553e-05,11111111111111111001111110111110111110111111111111111111111111111111011111011110111111111110111111111111010111111111101111101111111111111010111110111111111111011110101111111111100011111011100111111111111111111111110111111101111111011111111111011111111111101111111111111111111101111111111111111111111111111111111111111011111111111011111111111011111111111111111101111111001011111011111111111111110111111111110111111111101111111111110111111101111111101111111101111111011111111010011110011111111111111101,be7752fcb6d8a43e9b81a3958c538f769792d7005002d5ad60484e780463ddb5,bernoulli,bernoulli|conj|p=0.9|zero=allow_iid|rng=MT19937-RandomState,0.9,allow_iid,0.0002849530428647995,3.4702010452747345e-05,0.00011266395449638367,9.699072688817978e-05,0.0008110674098134041,0.0020812246948480606,0.0005293097347021103,7,14,0,5,SAT_found_counterexample,1,boolean_factorization,exclude_x,exclude_x,0,188,460,0,1,0,1,0,0,0,1,1,1,0,0,0.0014408892020583153
4,100,5,100,590964048,49,conj,glucose42,MT19937-RandomState,3.29362228512764e-05,11111101111101110101111110111111111111111111111111101111111111111101111111111111111111100111101110101111111111011111111011111110111111111111111011111111111111111111111111111111100111110101111111100111111111111111111111011111111111111101111111111111011110111111111111011111111111111111011111111101011111110111011111111111111111111111011111011111110111111111101111111101111111100011111011011111111101111111110111101011111111111111111010111111110101111111111110111111111111111111111111111101111011111111,caaca7f8dd2a668e812f2f3e348e9691f444d77433d554d855e082241d765902,bernoulli,bernoulli|conj|p=0.9|zero=allow_iid|rng=MT19937-RandomState,0.9,allow_iid,0.000272948294878006,3.406219184398651e-05,0.00011290982365608215,6.653741002082825e-05,0.0,0.0004912251606583595,0.0004864577203989029,7,12,0,3,three_column_check_failed,0,,,exclude_x,0,0,0,0,1,0,1,0,0,1,1,0,0,0,0,0.0014235032722353935
4,100,5,100,590964048,50,conj,glucose42,MT19937-RandomState,4.6275556087493896e-05,11111110110111111111011111110111111101110110111111111011101111111101111111111111011111111101110111111111111011111111111111101111111111111111110011111111111111011111111111111111111011111111111001111100111111111111111111110111111111111111111011111111101111110110111111111111111111100101101110101111111100101111111111001111111100011111111110111110011111111111111111111001111110111111110110111111111111101111111101111111111011111111111110111111110111111111111111111011111111111111111111111111010101111111,ae9f7ed531c8805af35f7a0328e1df72070b7fb4c116856d773ac51bff8c29ac,bernoulli,bernoulli|conj|p=0.9|zero=allow_iid|rng=MT19937-RandomState,0.9,allow_iid,0.00032563600689172745,4.0366314351558685e-05,0.00013405736535787582,0.00010176748037338257,0.0009107626974582672,0.0015164278447628021,0.0006018271669745445,9,16,1,6,SAT_unsat_identifiable,1,boolean_factorization,exclude_x,exclude_x,0,236,596,0,1,0,1,0,0,0,1,1,1,0,0,0.0015314705669879913
4,100,5,100,590964048,51,conj,glucose42,MT19937-RandomState,3.256089985370636e-05,11111111111111111011111111111111111111111111111101111111111111111111111111011111111111110111111111111111111101111111111111111110111101111111111111111111001111110111111111011011111111111101111011111110111111111111111101111111110111111111111101111110111110011110111111111111111111111111111111111111111111111111111111111011101111111111111111111111111111111111111111111111110111101111011111111111111111101011101111111111111111110011111111111111111111110111111010111011111111111011111111111111111111111111,c2ab5f90e0a7aa4d1a658a11cacc8d01b1f5c5c21e74fcc08a6eea879fd77501,bernoulli,bernoulli|conj|p=0.9|zero=allow_iid|rng=MT19937-RandomState,0.9,allow_iid,0.00026622042059898376,3.425218164920807e-05,0.00010483060032129288,4.3742358684539795e-05,0.0,0.0004539657384157181,0.0004490455612540245,6,11,0,3,three_column_check_failed,0,,,exclude_x,0,0,0,0,1,0,1,0,0,1,1,0,0,0,0,0.0013738851994276047
4,100,5,100,590964048,52,conj,glucose42,MT19937-RandomState,3.0502676963806152e-05,11111110111101011111111010111111111111111111101111111111111011111111111111111111111111111111101111111011111101111111111101111111111111111111111111111111111101111111111111111111111111111111111110111111111111011101111110111111111111111111111111101111111111111011101111110111111111111101111111111101111111111100111111101110111111111111111111111111101111111111111111111111111111111111111111111101010110111111111011111011111111111110111111101101111101111111100111110101101110111110011101111111111111111011,a9446a64c52946f0abe38a83b689fee193ff3d4c53aeb1c0580f8e1e642149ce,bernoulli,bernoulli|conj|p=0.9|zero=allow_iid|rng=MT19937-RandomState,0.9,allow_iid,0.0002975780516862869,3.5420991480350494e-05,0.00012138485908508301,9.754486382007599e-05,0.000959356315433979,0.002268673852086067,0.0005519287660717964,8,15,0,5,SAT_found_counterexample,1,boolean_factorization,exclude_x,exclude_x,0,212,528,0,1,0,1,0,0,0,1,1,1,0,0,0.001436370424926281
4,100,5,100,590964048,53,conj,glucose42,MT19937-RandomState,3.250781446695328e-05,11111011111101111111111111111101101111111011111101011011111111110111111011111111111001111111111111101111111111111011101111111001010111111011111101111110111111011111111111101111111111111111111111111111111111110111111111111111111101111010010111111011111111110111111110011111111111111111111110000111111011111111011010111011101011111111111111111111101111011111111111111011011111111111111111111111101111111110111111110101111111011110111111111111111101111111101111111111111111101111011111111110111111111110,2899c97cdfe5bfe02c5fbf622a31747fa5f38ec0eb8844290870dedc2c1de673,bernoulli,bernoulli|conj|p=0.9|zero=allow_iid|rng=MT19937-RandomState,0.9,allow_iid,0.000283658504486084,3.3921562135219574e-05,0.00010499544441699982,9.80086624622345e-05,0.0007281051948666573,0.0019722506403923035,0.0005205841735005379,6,14,0,5,SAT_found_counterexample,1,boolean_factorization,exclude_x,exclude_x,0,159,386,0,1,0,1,0,0,0,1,1,1,0,0,0.001428377814590931
4,100,5,100,590964048,54,conj,glucose42,MT19937-RandomState,3.153551369905472e-05,11111111111111111111111111111111111111111111111111111111111101111111111101111111111111011111110110110011010011111111111111111111011111111111110011111111111110111111111011111011111111111111111111111111111111101101111111111011111111111011111111011111111111111011111111111101111111111111101011111111111111101111011111011111111111111101111111111111111101110111110111110111111111111111111011011111111111001111111111111011111110101111011101000011111111111111101111111111101111111011111111111011111111111111,f79b3baa5067359218362f961fdb751b638240cef177cd549b3969aa377f1696,bernoulli,bernoulli|conj|p=0.9|zero=allow_iid|rng=MT19937-RandomState,0.9,allow_iid,0.0003102896735072136,3.724545240402222e-05,0.00012781284749507904,0.00010047946125268936,0.000780411995947361,0.0013600196689367294,0.0005758274346590042,8,16,1,6,SAT_unsat_identifiable,1,boolean_factorization,exclude_x,exclude_x,0,207,522,0,1,0,1,0,0,0,1,1,1,0,0,0.001485401764512062
4,100,5,100,590964048,55,conj,glucose42,MT19937-RandomState,3.098323941230774e-05,11111111001111111110011111111111001101111101111111111111011011101111001111111111111110111111111111111111111111111111011111010111111111111101111111101111111111111111111101111101111111111101110111110111011111111111111111111111110111111101101111111111101111101110111101111111111111101111101011111111111111111111111111111111111011111111111111111111111101011111111111100011111011111111011111111111111111111111011111111101011011111101111111101111111011111111111111100111001111111011111111111110110011111101,46cf37d4394f0e367d8fd2ead7f517efb325cd6d278ff0d91201bfcab38638be,bernoulli,bernoulli|conj|p=0.9|zero=allow_iid|rng=MT19937-RandomState,0.9,allow_iid,0.00030067749321460724,3.598816692829132e-05,0.0001124255359172821,9.779445827007294e-05,0.000881037674844265,0.0021633505821228027,0.0005468856543302536,7,14,0,5,SAT_found_counterexample,1,boolean_factorization,exclude_x,exclude_x,0,193,466,0,1,0,1,0,0,0,1,1,1,0,0,0.00144155602902174
4,100,5,100,590964048,56,conj,glucose42,MT19937-RandomState,3.183819353580475e-05,11111111111111111011111111101111101111111111111111111111111101101111011101111011111111111111111110111111111010111111111111111111111111111111111111111111101111111110111101111111111111110111101111111111111101111111111011111111111111111011111111111111111111111111111101111111111111011111111111111111110111111111111011011111111011111101111111111111111111111111111011111101111111111101111101011111111111110111110111111111110111101111111111110111111011111111111111111101111111111011110101111111111011110111,007e7fd499e9c14ebd8fb77aa1204cf92b285add016dd9407e7776af5ed90c68,bernoulli,bernoulli|conj|p=0.9|zero=allow_iid|rng=MT19937-RandomState,0.9,allow_iid,0.0002681361511349678,3.489106893539429e-05,0.00011891592293977737,2.4993903934955597e-05,0.0,0.0004519755020737648,0.00044693704694509506,7,10,0,3,three_column_check_failed,0,,,exclude_x,0,0,0,0,1,0,1,0,0,1,1,0,0,0,0,0.0013559171929955482
4,100,5,100,590964048,57,conj,glucose42,MT19937-RandomState,2.993084490299225e-05,11111111111111111111111111111111101111111111111111111110111111111011111111111011011110011111110111111111111111111111111011111101100101111111111111111110101100111111111111101111111111111111111111110011111111111111111101010111111101111111110111111111111111111101111111111111111011101111111101111111111111111111111110111111111111111111111111111111111011111111111110111110101111111111111111111111111111110111111111011111111111111111101111111111111101111111111111111011110111111110111111111110110111011101,5c07919660e529168573218ea162714f3e01d9604ce40cb5aad666eda9930864,bernoulli,bernoulli|conj|p=0.9|zero=allow_iid|rng=MT19937-RandomState,0.9,allow_iid,0.0002863304689526558,3.5832636058330536e-05,0.00012813881039619446,9.742937982082367e-05,0.0009546726942062378,0.0022686906158924103,0.0005477312952280045,8,14,0,5,SAT_found_counterexample,1,boolean_factorization,exclude_x,exclude_x,0,222,540,0,1,0,1,0,0,0,1,1,1,0,0,0.0014878399670124054
4,100,5,100,590964048,58,conj,glucose42,MT19937-RandomState,3.188569098711014e-05,10111111101111111111111111111111101111111111111111111111111111111111111111101111111011111111111111111111111111111111111111111111111110111111101111111111111111111111111111011111111111111111111111111111111111111101111111111110111111111111011011101011111110111011111111111111110111111111011111111111111110111110111111111111101011011101111111110111111111101111010111011111011111101111111111111111111111101111111110101111111101111101111101111111111110111111111111011111011111111111111111111111110011111111,6342d8efd565c0e229c8d89024f892848efe848a8f64c9ae270fe90096d54499,bernoulli,bernoulli|conj|p=0.9|zero=allow_iid|rng=MT19937-RandomState,0.9,allow_iid,0.0002583777531981468,3.422051668167114e-05,0.00011913292109966278,5.147140473127365e-05,0.0,0.00046845804899930954,0.0004632025957107544,7,10,0,3,three_column_check_failed,0,,,exclude_x,0,0,0,0,1,0,1,0,0,1,1,0,0,0,0,0.0014007100835442543
4,100,5,100,590964048,59,conj,glucose42,MT19937-RandomState,3.256741911172867e-05,11111111111111111101110111111101111011111111111111101111101111111111111111101111110011111111111111111110111111111111110111110111111111011111100111101111110111111111111111111111111111111111111111111111111111111011111111111111111111111101101111111111111111111101111101011101110011111111111111111111111111011111100111111111111111001111110110111111011111110110111111111111011111100111111111011111111111111111111111011111111111111111111101111111110111111110111111111111111111110111110011111111111101101111,41332764cc30548e713d36866fc557006f7782b79f309bb0875ec227d7b53052,bernoulli,bernoulli|conj|p=0.9|zero=allow_iid|rng=MT19937-RandomState,0.9,allow_iid,0.00028469786047935486,3.689806908369064e-05,0.00010020937770605087,0.00010106153786182404,0.000669822096824646,0.0019238684326410294,0.0005228668451309204,5,12,0,5,SAT_found_counterexample,1,boolean_factorization,exclude_x,exclude_x,0,145,330,0,1,0,1,0,0,0,1,1,1,0,0,0.0014519505202770233
4,100,5,100,590964048,60,conj,glucose42,MT19937-RandomState,4.465226083993912e-05,10111111111111111111111111111111011111110111111110111111110111111111111111111111011111101111111011111101111110111101111011111111111111101111111111111111111110101111011110111111011111111111111111110101011111111111111111111111111111011111111100111111110110111011101111110110111111111111111111111111111111111111111111101110111111111110111110111111111111111101111111111111111111111011111111110111011110111011111101111111111111111111111111111111110111111111111111101111110111110111101111111111101111111111,563c985155d374231244b8502abf89984fa0f0021de1d98553a09125c421fc38,bernoulli,bernoulli|conj|p=0.9|zero=allow_iid|rng=MT19937-RandomState,0.9,allow_iid,0.0002783769741654396,3.5150907933712006e-05,0.00010758452117443085,0.00010215397924184799,0.0008362727239727974,0.002082293853163719,0.0005232663825154305,6,12,0,5,SAT_found_counterexample,1,boolean_factorization,exclude_x,exclude_x,0,174,404,0,1,0,1,0,0,0,1,1,1,0,0,0.001421281136572361
4,100,5,100,590964048,61,conj,glucose42,MT19937-RandomState,3.782100975513458e-05,11101111111111111111011111111110101011101111111111111101111111111111111111111111111111111111111011011111011111111111111111111111111111111111111111111111111111111111111111011111111110111111110111111111111111111111111111111101111111111111110111111111111111111111111111111111111111111111111111011111101011110111111111111111111111111101110101111111110111110111111111111111111011111111101101111110101111101111111101111111011111111111111111111111111111011111111110101111111111111111111111111101111011111111,186cac0e09f7141418d000e1f9a1d0fd2a87b54b3a99be49fb1f2fd2f9ac2d58,bernoulli,bernoulli|conj|p=0.9|zero=allow_iid|rng=MT19937-RandomState,0.9,allow_iid,0.0002644117921590805,3.398768603801727e-05,0.00010925997048616409,2.583954483270645e-05,0.0,0.00043878238648176193,0.0004334989935159683,6,12,0,3,three_column_check_failed,0,,,exclude_x,0,0,0,0,1,0,1,0,0,1,1,0,0,0,0,0.001329994760453701
4,100,5,100,590964048,62,conj,glucose42,MT19937-RandomState,3.513414412736893e-05,11111101111111101111111110111111010111111111011110111101111101111111111111111101111111011111111111111111111111111111110100111111111111111111111111011111111101101111111111111101111111111111111111101111111111111111111110111111111111111111111011111111111111111110111010111010111111111110111111110111111111111111101011111111111111111111111111111111111011111111111101111011111111111111111111111111011111111111111111011111111111111111111111111111011101111111111110111110111111111011111110111111111111110111,3a37ee3f0a570584573df679b870feee7b67793f88ffd0fb4da634e6ea107f19,bernoulli,bernoulli|conj|p=0.9|zero=allow_iid|rng=MT19937-RandomState,0.9,allow_iid,0.0002577574923634529,3.297347575426102e-05,0.00010278169065713882,5.0895847380161285e-05,0.0,0.00044908933341503143,0.00044440850615501404,6,11,0,3,three_column_check_failed,0,,,exclude_x,0,0,0,0,1,0,1,0,0,1,1,0,0,0,0,0.001354476436972618
4,100,5,100,590964048,63,conj,glucose42,MT19937-RandomState,3.709830343723297e-05,11111101110111111110101111101111111111111110110111111111111111111100111111111110111111011111111101111111111101111111111111101101111111111011111111111111111111111101111111111111111111101010111111111011111111111111110110111110111111101111011111111111111111111111111111111111101111111111111111111011111111111111001111110111110111111111111111111111111011111011111111011111111111111101111111111110110111111111111111001111111111111111111110111111111111111111110111111111110111110111111101111111111110110111,16df6766c459661f2cb9d2c95d88241c98242717b5e2fcf6df0925bc42f499d4,bernoulli,bernoulli|conj|p=0.9|zero=allow_iid|rng=MT19937-RandomState,0.9,allow_iid,0.00026264600455760956,3.3668242394924164e-05,0.00010357983410358429,9.690038859844208e-05,0.0008055483922362328,0.0020218640565872192,0.0004967944696545601,6,12,0,5,SAT_found_counterexample,1,boolean_factorization,exclude_x,exclude_x,0,174,404,0,1,0,1,0,0,0,1,1,1,0,0,0.0014288714155554771
4,100,5,100,590964048,64,conj,glucose42,MT19937-RandomState,3.239978104829788e-05,11111111110111111111111111111111111111111011100111111110111111111111111111111111011110111111111101111111111111111111111101011111111111111111111101111101111111111111100101111111110111111111011101111111111111111111111010111101111111111110111111111110111111011111011111101111011111111111111111111111011111011111111111111101111111111111111111101110111111110111111101111111111111111111111111111111101110111011110111111111111111111111111111110111111111110011111111111111101111110111101111111111111111111111,5c2328ab504af887bc2bed4734e42ff1ab17959f097f27c4bffc8b2ae129f1ec,bernoulli,bernoulli|conj|p=0.9|zero=allow_iid|rng=MT19937-RandomState,0.9,allow_iid,0.00026493798941373825,4.229508340358734e-05,0.00011292006820440292,8.392985910177231e-05,0.0,0.0005091438069939613,0.0005040830001235008,7,11,0,3,three_column_check_failed,0,,,exclude_x,0,0,0,0,1,0,1,0,0,1,1,0,0,0,0,0.0014181211590766907
4,100,5,100,590964048,65,conj,glucose42,MT19937-RandomState,3.035459667444229e-05,11101001111111111111111111111011111011111111101111111101111111111111111111111111110111111111111111111101111111111111101101111111111111111111111111111111111110111100111011111111101111011111111101011111111111011110111111111101011111111111111111111111111111110111111111110111111011110101111110111111011111111111101111111111111100111111111111111111011111110111111111110111111111111111110111111111011111011111111100101111111101111101111111111111111111110110111111111111111111111111001111011111111111101110,8d2a51c08d86128136c901349d197ad4440b033326629824df01804e75f66a93,bernoulli,bernoulli|conj|p=0.9|zero=allow_iid|rng=MT19937-RandomState,0.9,allow_iid,0.0002894056960940361,3.502890467643738e-05,0.0001123473048210144,0.00010000448673963547,0.0009409179911017418,0.002237520180642605,0.0005367863923311234,7,14,0,5,SAT_found_counterexample,1,boolean_factorization,exclude_x,exclude_x,0,193,466,0,1,0,1,0,0,0,1,1,1,0,0,0.00145742017775774
4,100,5,100,590964048,66,conj,glucose42,MT19937-RandomState,3.210175782442093e-05,11111111101111111110111111111111111111111111111111111111111111111111111111111110111110011100111111111111101110111111111110110111111111110011111110110111111110110111101111111111111110111111111111111111111111111111111011110111011111111111111111111010111111111101011111111111111111111111111011111111101111101111111111111111111111111111111111000111111111111101111111111111111111111111111111111111111111111111101111111111111110111111011111111110111111111111101111111111110111111111101011111110111111111111,e3abc79ff27e48d573e3a6cea3f2765cafddd5e7a9137dee1fff48126289ada9,bernoulli,bernoulli|conj|p=0.9|zero=allow_iid|rng=MT19937-RandomState,0.9,allow_iid,0.0003021806478500366,3.610178828239441e-05,0.00012095365673303604,9.973067790269852e-05,0.0009212791919708252,0.0014837877824902534,0.0005589667707681656,8,15,1,6,SAT_unsat_identifiable,1,boolean_factorization,exclude_x,exclude_x,0,217,534,0,1,0,1,0,0,0,1,1,1,0,0,0.0015179552137851715
4,100,5,100,590964048,67,conj,glucose42,MT19937-RandomState,3.147497773170471e-05,11111110111111110111111011111111111110101111111101111111101111101110111111111111111111101101011111111111111111110111111111111111111111111111111011011110111111011111111111111111111101111111111110111001111111111111111111111101111111111110111101101111111110111011111111101111101111111111111111011110111111110111101111111111111111101111111111111111111111111110111110111111111110111111111111110101101111100110111101110111111111011101011001110111110011011111111111111111111110011101111111111011101111111101,5aefc836b9c482b11d6f4711b0f50e854dd8108137fb11cf236233ad74d3908d,bernoulli,bernoulli|conj|p=0.9|zero=allow_iid|rng=MT19937-RandomState,0.9,allow_iid,0.0002968544140458107,3.5429373383522034e-05,0.00011369306594133377,9.844638407230377e-05,0.0009168209508061409,0.0022043492645025253,0.0005444232374429703,7,14,0,5,SAT_found_counterexample,1,boolean_factorization,exclude_x,exclude_x,0,193,466,0,1,0,1,0,0,0,1,1,1,0,0,0.001455090008676052
4,100,5,100,590964048,68,conj,glucose42,MT19937-RandomState,3.2580457627773285e-05,11111111111111111111111111111111110111111101111111111111111111111110011111110110111110111111111111110110111111111111111111111011111111111110101111111111111101111111111110111111101111111101011111100110111111111011111111011111101111111111111011111111111111111011011110011111111111111111011111111011111111111111111011111111101001111111110110110111110111111111011101111111101111111111011110111111111110110111010101111110111100111111111111111111110101011110111111111111111111111110111110111111111111111110,8700356acb776e77be520df62fccd6d3a8443b183a81b2f4e659d5b3f3a634cf,bernoulli,bernoulli|conj|p=0.9|zero=allow_iid|rng=MT19937-RandomState,0.9,allow_iid,0.00031804386526346207,3.762636333703995e-05,0.0001222928985953331,9.991414844989777e-05,0.0007578050717711449,0.0013394104316830635,0.0005778772756457329,8,16,1,6,SAT_unsat_identifiable,1,boolean_factorization,exclude_x,exclude_x,0,207,522,0,1,0,1,0,0,0,1,1,1,0,0,0.001511950045824051
4,100,5,100,590964048,69,conj,glucose42,MT19937-RandomState,3.342796117067337e-05,11111111101111101001111111111111111111111111101101111111111111101011111111111111111110111111111111111111111111111111101111110101111111111111111111111011111111111111111101111111111111111111111111111101101111111111111111111101111111111111011111111111111110101111111001111110111111101101111111111111111011010111111111111111111111111111111111111111011111110111001111111011101111111111111111111111101111011111111111111111111111111011111101111111111111011011111111111111111111111111111111111111111101011111,6ac048153bbc97b36c1fcdc2e11064a374dbe1daccadebe28b4c1b253a7b2c3f,bernoulli,bernoulli|conj|p=0.9|zero=allow_iid|rng=MT19937-RandomState,0.9,allow_iid,0.0002955859526991844,3.543868660926819e-05,0.00011311192065477371,9.86764207482338e-05,0.0007185358554124832,0.0012650331482291222,0.0005428129807114601,7,14,1,6,SAT_unsat_identifiable,1,boolean_factorization,exclude_x,exclude_x,0,188,460,0,1,0,1,0,0,0,1,1,1,0,0,0.001504591666162014
4,100,5,100,590964048,70,conj,glucose42,MT19937-RandomState,4.466809332370758e-05,11111111111111110111101111111110111111111101111111011111111111111111111110111111111011011101111011111111111111110111111111111010111111110111110111111111111101111101111110111111111101111111111111011111111111111111111111111011110111101111011111111111111111111111111110111101111111011111111110111111111111111111111111111111111111111111111111011111111101111111111111110110110111011111111111111111111111111101111101111111111111111111111111111110110101111011111111111111111111111111111111111101111111111111,15574eb15528a0e9312f2d8151278273a68d4304003c3c56dc99c3614190c98f,bernoulli,bernoulli|conj|p=0.9|zero=allow_iid|rng=MT19937-RandomState,0.9,allow_iid,0.0002658013254404068,3.5410746932029724e-05,0.00010197889059782028,4.398822784423828e-05,0.0,0.00045289844274520874,0.0004471791908144951,5,10,0,3,three_column_check_failed,0,,,exclude_x,0,0,0,0,1,0,1,0,0,1,1,0,0,0,0,0.001321687363088131
4,100,5,100,590964048,71,conj,glucose42,MT19937-RandomState,3.1303614377975464e-05,11111111111100101111111111111111011100111111111111111111111001111111111111111011110111111110011110111111101011111111111111111111111001111111111111011110101111110111111111111101111111011111111111111111111111111111111101111111111111111101111111101111111111111111111110011111111111111011111111111111111111111111111011111111111110111111111111111111110111111111111101001111111111111111101111111111101111111111111111111111111111111111111111110111111111111011101111111111011111111111111111101111011111111110,12cd0ccc27dcc14e7ddc186ebf9dc6d0e211c3b54cdbe5a1b73092683118fbbe,bernoulli,bernoulli|conj|p=0.9|zero=allow_iid|rng=MT19937-RandomState,0.9,allow_iid,0.0002873670309782028,3.532320261001587e-05,0.00012241210788488388,0.00010005291551351547,0.0008641229942440987,0.0021619368344545364,0.000545155256986618,7,13,0,5,SAT_found_counterexample,1,boolean_factorization,exclude_x,exclude_x,0,193,466,0,1,0,1,0,0,0,1,1,1,0,0,0.0014499826356768608
4,100,5,100,590964048,72,conj,glucose42,MT19937-RandomState,3.295205533504486e-05,11111111111110110110101011111111111111101111111111111111110101011011011111110111011111111111111111111111111111111111001111111011011111110111111111111111111111111111111011111011111111111011111111111111111111111111110111101111110111111111111111111111111011111111011111111111101111110111111111110111111101011101111110111111111111111101111110111111111111110111101111111111111111111011111111111111011111101111111111111011111111110111111111111111111111111111111111111111110111111111011111111111111111011111,354c079bbd0de43fac85e164a7d4d2e8b35b51f728059d96a02e5a91e3b0a591,bernoulli,bernoulli|conj|p=0.9|zero=allow_iid|rng=MT19937-RandomState,0.9,allow_iid,0.0002730628475546837,3.3321790397167206e-05,0.00010620430111885071,9.993184357881546e-05,0.0,0.0005178516730666161,0.0005125207826495171,6,12,0,3,three_column_check_failed,0,,,exclude_x,0,0,0,0,1,0,1,0,0,1,1,0,0,0,0,0.0014123814180493355
4,100,5,100,590964048,73,conj,glucose42,MT19937-RandomState,3.130175173282623e-05,01111111111101111011111111111111110101111111111101110011111111111111111111110111111111101101111101111111111111111111110111111101111111110110111111111111111010111111011101011111101110111011111110110101111111111101111110111101111110111111011111111111101111111011111111111011011111110110111111111111111111111111111111111111101110101110111111011111111110111011111111111111101111111011111011111111111111111111111111010111011111001111111111111110110111111111110111111011111111111111111111111111110111111111,7f665cc19dafd65eea4d57a3800b5e25a6cb8938589fdc4a3f8c27994daac84b,bernoulli,bernoulli|conj|p=0.9|zero=allow_iid|rng=MT19937-RandomState,0.9,allow_iid,0.0002647070214152336,3.3768825232982635e-05,0.00010361149907112122,0.00010885018855333328,0.000777488574385643,0.002021797001361847,0.0005109375342726707,6,12,0,5,SAT_found_counterexample,1,boolean_factorization,exclude_x,exclude_x,0,174,404,0,1,0,1,0,0,0,1,1,1,0,0,0.0014286143705248833
4,100,5,100,590964048,74,conj,glucose42,MT19937-RandomState,3.374181687831879e-05,10111111111111111110111111111111111111101111111111101111111011111111101111111111011101011100111101110111111111111111101011111111101110111111111001111111111111111111111011111101111011111111111111111111101111111111111011111111111111111111011111011111110111111111111111111111110111111111111111101011101111111101110111111010111111111111111111110110111111111011111111011111111011110111111111111111111110111111111111101111111111111111111111101111111111111011111111111110111111111010110011011111110111111111,e3ba91809c2ad33e774a5ba5a1d60da1bc881cf8047dd2a14eac130c4781bcd6,bernoulli,bernoulli|conj|p=0.9|zero=allow_iid|rng=MT19937-RandomState,0.9,allow_iid,0.00029226765036582947,3.6288052797317505e-05,0.0001268722116947174,0.00010039657354354858,0.0009713200852274895,0.0022865328937768936,0.000555824488401413,8,14,0,5,SAT_found_counterexample,1,boolean_factorization,exclude_x,exclude_x,0,217,534,0,1,0,1,0,0,0,1,1,1,0,0,0.0014980221167206764
4,100,5,100,590964048,75,conj,glucose42,MT19937-RandomState,3.258697688579559e-05,11111111110111011011010011111111111101111111110111011011111111111111111011111111101111111111111011111111111110010111111111111111111111111101111111111011111110111111111110111111111110111111111111111111011011111101111111010101111111111111101111001111111111111110101101111011111111111111111111111111111101111111111111111111111111111111111111111111111111111111101111111111110111110011111111111010111111111111111111111111111111111111111111101101111110111111111111111111011111111111110111111111101001111111,12a0a2a06233c1e2123c431bdf1e70927abdf7bc4d34f6709f330ac8dd106b34,bernoulli,bernoulli|conj|p=0.9|zero=allow_iid|rng=MT19937-RandomState,0.9,allow_iid,0.0002908976748585701,3.456138074398041e-05,0.00011786073446273804,0.00010050088167190552,0.0008064908906817436,0.002118314616382122,0.0005438206717371941,7,14,0,5,SAT_found_counterexample,1,boolean_factorization,exclude_x,exclude_x,0,188,460,0,1,0,1,0,0,0,1,1,1,0,0,0.001438031904399395
4,100,5,100,590964048,76,conj,glucose42,MT19937-RandomState,3.622658550739288e-05,00111101111111111111111111111111111111111011111111110100011111111111100111111111111011111111111110111111111111111111111011011111111111111111110111111111111101110011011111111111111111111111010110111111111111111111111011111111011110111111111111111111101111011111111111111111111111011101111111101111111111100111111111111111111111111111111111101110111111011111111111111011111111100111111111101111110111111111111111111111111111111111111011101110110111111111111101111111111101111011111110100111111101111111,2ee47452e1dbe3bda2ec94eddb6c68b65f4daf6d5ad2ba423cfeb9a309b07aa4,bernoulli,bernoulli|conj|p=0.9|zero=allow_iid|rng=MT19937-RandomState,0.9,allow_iid,0.00029174424707889557,3.5793520510196686e-05,0.0001226291060447693,9.874626994132996e-05,0.000920148566365242,0.002238389104604721,0.0005489131435751915,8,15,0,5,SAT_found_counterexample,1,boolean_factorization,exclude_x,exclude_x,0,212,528,0,1,0,1,0,0,0,1,1,1,0,0,0.0014609014615416527
4,100,5,100,590964048,77,conj,glucose42,MT19937-RandomState,3.2257288694381714e-05,11111111111111111111111101111001111111110110111111111111110111111111111111011111110111111111111111011111100111111111111011011111111111111111111111111111000111111111011111111111111111111011101111111111111001111111111111111111111111111111111111111011111111010111111111111111101111111101111111111111101111111110011111111111111111111111111110010111110111111111111101111111101111111111111111011111111111011111111111111111111111011111111111111111111111111111011011111111111111111111101011111101111011111110,0b12bd475a2e6ce75870ae2e93c0004fcce58009ed89c1812a65443ad3d34272,bernoulli,bernoulli|conj|p=0.9|zero=allow_iid|rng=MT19937-RandomState,0.9,allow_iid,0.0002979543060064316,3.6627985537052155e-05,0.00012152642011642456,0.00010133069008588791,0.0009646611288189888,0.0022923722863197327,0.0005574394017457962,8,14,0,5,SAT_found_counterexample,1,boolean_factorization,exclude_x,exclude_x,0,217,534,0,1,0,1,0,0,0,1,1,1,0,0,0.0014679497107863426
4,100,5,100,590964048,78,conj,glucose42,MT19937-RandomState,3.2153911888599396e-05,11111111101111111111111111111111111111111111111111111111111011111101101111111111111111111111011111111111110111111111111110011111110001011101111111001111111111101011111101111011110111110111111111111111111111011111111111111011011101111111111111111111111111111101110111011011111111111111111101111010111101101101111111111111111011011111111101101111111111111111101111111111111111010111011111111101101111111110111111011111110111111111110111111111111111110111101111111111111111111111111111111111111101110111,efec7ccb31b6c00e7657138438d5327c44c690aea962f1ebcbb12083f636a10d,bernoulli,bernoulli|conj|p=0.9|zero=allow_iid|rng=MT19937-RandomState,0.9,allow_iid,0.0002770181745290756,3.51443886756897e-05,0.00011279154568910599,5.8836303651332855e-05,0.0,0.0004891771823167801,0.00048379041254520416,7,11,0,3,three_column_check_failed,0,,,exclude_x,0,0,0,0,1,1,0,0,0,1,1,0,0,0,0,0.0013977177441120148
4,100,5,100,590964048,79,conj,glucose42,MT19937-RandomState,3.144890069961548e-05,11111101111111111111101101111011111111110011111111111101111111111101111111011110111111111111111111111111111111111111111111111111011111111111101111111011111110111111110111111111111101111111011011111111111111111110110011111101011111111111011111110110111111111111111011011111111111111111111101101111110111111111111111111110011101111111111101111111110110111111111101011111111111011100111110101111011111111111111111110110101011010111111111111110111111011111111111010111111111111110011111111101111111111111,61051adedffe78b194763d211703dde90518d99f94691f0dcefa3b4869d72ad9,bernoulli,bernoulli|conj|p=0.9|zero=allow_iid|rng=MT19937-RandomState,0.9,allow_iid,0.00028804782778024673,3.5647302865982056e-05,0.00011979416012763977,7.601361721754074e-05,0.0,0.0005241064354777336,0.0005195029079914093,8,14,0,3,three_column_check_failed,0,,,exclude_x,0,0,0,0,1,0,1,0,0,1,1,0,0,0,0,0.0014447765424847603
4,100,5,100,590964048,80,conj,glucose42,MT19937-RandomState,5.0963833928108215e-05,10111001111111011111111110111111110110111111111000111101111111111111111111111101111111111111111111111011111111111111100111111011111111101101111111111111111001111101111111111101011111111111111111011111111110111011111111111111001111111111101101111110111111111110111111111111101111101111110111111011010111110111110100111111111111111111111111111111111101011111111111111101101111111111110111111111111111111110111111111101111111011011111111101111111111111111111111111101111111111101110111101111111111111110,450ff7ae7855d28023a883d6482d716a693c1f3c2b8342cb257adf9a1ca8c217,bernoulli,bernoulli|conj|p=0.9|zero=allow_iid|rng=MT19937-RandomState,0.9,allow_iid,0.00031367596238851547,4.1496939957141876e-05,0.0001309989020228386,0.00010223127901554108,0.0009472444653511047,0.0015399474650621414,0.000588403083384037,8,15,1,6,SAT_unsat_identifiable,1,boolean_factorization,exclude_x,exclude_x,0,212,528,0,1,0,1,0,0,0,1,1,1,0,0,0.0014872848987579346
4,100,5,100,590964048,81,conj,glucose42,MT19937-RandomState,3.209710121154785e-05,11011111111111101111111101111111111111111011111111111111111111110101111101111111111111111111111111111101111101111111111111111101111011111111111111111111101111011111111111110111111110110111111111110111111110111111111110111111111111111111111111011101111111111011101111111111110111111111111111111111111111111111110101111001111111111111011111111111111111111110011111111111111111111111111111011111111111111111111110111111111111101111111111111111111111111111111011111101111111111111111101111111111111011111,322ab0a3bc6a98bdd2bc290a54f9a2dd16f2f0bc4d829ea66ac849754515dcaa,bernoulli,bernoulli|conj|p=0.9|zero=allow_iid|rng=MT19937-RandomState,0.9,allow_iid,0.00026502832770347595,3.53008508682251e-05,0.00011121109127998352,6.807129830121994e-05,0.0,0.00048520974814891815,0.0004796115681529045,6,11,0,3,three_column_check_failed,0,,,exclude_x,0,0,0,0,1,0,1,0,0,1,1,0,0,0,0,0.0013831565156579018
4,100,5,100,590964048,82,conj,glucose42,MT19937-RandomState,3.1528063118457794e-05,11111111011111011110011111110111111111111111111111111111111101111111111110111111001111111111111101111111111111010111100111111111010111111111111011011111111101111101101111111101110011111110101101101111111111111011110111111001111110011011111010111111111111111101111111111111111111110111111111110111011101111111111101111111111111111101111111011111111111111111111111111111111111111111111111011111101101111111110111111010111111111101110001101111011111111111101110111111111110110111111111111111111011001111,5a509b342e05267b6e4fb36090b7d0f7de36e9d4262b8c819b8d34ab5932523b,bernoulli,bernoulli|conj|p=0.9|zero=allow_iid|rng=MT19937-RandomState,0.9,allow_iid,0.00031877774745225906,3.784149885177612e-05,0.0001358604058623314,0.00010023918002843857,0.0009647607803344727,0.0023282747715711594,0.0005927188321948051,9,16,0,5,SAT_found_counterexample,1,boolean_factorization,exclude_x,exclude_x,0,236,596,0,1,0,1,0,0,0,1,1,1,0,0,0.0014809928834438324
4,100,5,100,590964048,83,conj,glucose42,MT19937-RandomState,3.251712769269943e-05,10111111011111011110111111111111101111111111110110111111111111011110111011111011111111111111111111110111111111111111111111110111111111111111111111111111111110011111111111111111101111101011110111110111111111111111110111110111111111111111111111111101111111111111111111101111110011111111111111101111111011111111111110010111111111111111111111001111111111010011111110111101011111111111111111110110111110101111111111111110111111110111101111111111011111101111111111111111111111111101111101101111111101101111,b9696e20441e139d5a7ec2be3b561291fd85eaac00d8245abab9de7d66ec834c,bernoulli,bernoulli|conj|p=0.9|zero=allow_iid|rng=MT19937-RandomState,0.9,allow_iid,0.00030125584453344345,3.7692487239837646e-05,0.00012138672173023224,9.983498603105545e-05,0.0009218761697411537,0.002242138609290123,0.0005601700395345688,8,14,0,5,SAT_found_counterexample,1,boolean_factorization,exclude_x,exclude_x,0,217,534,0,1,0,1,0,0,0,1,1,1,0,0,0.001457134261727333
4,100,5,100,590964048,84,conj,glucose42,MT19937-RandomState,3.316905349493027e-05,11101111111111111111101101111111111101111111111101011110101011111011111111011111111111110101111011111110111111100011111111111111110111111111111110111111111111111111111111111111101011111111111111111111011011101111111011111111101111111111111111111111111111111111110111101111111111110101111111111111111111111111111011111110111111111111111110111011111111111011111110111101111111111111111111111111111111111111111111011111111111111111101011101111111111111111111100111111111111111111101111111110111111111111,a56c0a11f5c98c69322572025e4cedaa2fd6059563ba0cc8f0327787168d3eb5,bernoulli,bernoulli|conj|p=0.9|zero=allow_iid|rng=MT19937-RandomState,0.9,allow_iid,0.0002989238128066063,3.622565418481827e-05,0.00011407770216464996,0.00010005291551351547,0.000813421793282032,0.002106967382133007,0.00054928008466959,7,14,0,5,SAT_found_counterexample,1,boolean_factorization,exclude_x,exclude_x,0,183,454,0,1,0,1,0,0,0,1,1,1,0,0,0.0014482596889138222
4,100,5,100,590964048,85,conj,glucose42,MT19937-RandomState,3.301817923784256e-05,11111101110111111111111111101110110111111111111110111111111101111111111111111111111111110111111111111111101111111111111111111111110111111011111110111111111110111011111111111111111110110011111111111111111111111111111111111111111111011111111111111111111111101111111001111111111011111101111100111111111111111111111011111110111101111111111111111011111111111111111111111110111101001011101111111111111101111111011111111110111111110111111111111110111111111111111111111111111111111101111111111111111111111111,157359610a75e2ca59886094371fd51d37abf27b3ee7b4bba94516ac298aa512,bernoulli,bernoulli|conj|p=0.9|zero=allow_iid|rng=MT19937-RandomState,0.9,allow_iid,0.00026422739028930664,3.378652036190033e-05,0.00011293776333332062,4.1379593312740326e-05,0.0,0.0004575718194246292,0.0004523312672972679,7,11,0,3,three_column_check_failed,0,,,exclude_x,0,0,0,0,1,0,1,0,0,1,1,0,0,0,0,0.001356394961476326
4,100,5,100,590964048,86,conj,glucose42,MT19937-RandomState,3.0473805963993073e-05,01110111111111010101111011111110011110111111111111111111110111111010110101101101111111111111111111111111111110111111111111111111111111111110111111111111111111111111111111111111111111111101011111111011111111111111111111111111100111111111111111010111111111111111111111101111111111111011111111101110111011111111111111111111101111111111111111111111111111011111111111111111110101011111111111111111011101011101111011000111011111111111111110111011111111111111111111101111111111111111111111111111111111111111,f1772464b6190e49c9f8042efe4cc34fd927560a0e6393d7ac6c6ea535e90711,bernoulli,bernoulli|conj|p=0.9|zero=allow_iid|rng=MT19937-RandomState,0.9,allow_iid,0.0003067953512072563,3.4899450838565826e-05,0.0001270035281777382,0.00010008830577135086,0.0008769743144512177,0.0022113490849733353,0.0005687866359949112,8,16,0,5,SAT_found_counterexample,1,boolean_factorization,exclude_x,exclude_x,0,207,522,0,1,0,1,0,0,0,1,1,1,0,0,0.0014875652268528938
4,100,5,100,590964048,87,conj,glucose42,MT19937-RandomState,3.32491472363472e-05,01101110011111111111111111110010110010111111111111111110001011011111111111111111111011111111111111111110111111111111110111111111111111101111111111111011101110111011111111101111111111001111111111111111110111111110110111111111111101110101111111011110111011111111011111111100101011101101111101111111111011110111111111111011111111111101111110111111111111111111111101011110110111111111011111111111111111111110111111110111111111011111111011111111101111111111111111111111111111000111111111111111111011001111,8724354abefb020d330b0532b8093ed6b8e9b9b754c660c9c9ee7dad16d4361f,bernoulli,bernoulli|conj|p=0.9|zero=allow_iid|rng=MT19937-RandomState,0.9,allow_iid,0.0003350190818309784,4.348158836364746e-05,0.00014443602412939072,0.00010019168257713318,0.000908978283405304,0.001535666175186634,0.0006231283769011497,10,18,1,6,SAT_unsat_identifiable,1,boolean_factorization,exclude_x,exclude_x,0,245,646,0,1,1,0,0,0,0,1,1,1,0,0,0.001545608974993229
4,100,5,100,590964048,88,conj,glucose42,MT19937-RandomState,3.1742267310619354e-05,10111101111111111110111111111111111111111111111111111101111111110111111111111111111111111011110111111101011111111111110110111111111111111111111111010111111111111111111111111011111111111111101011101111111111101111110111010111111111111111101111111111111111110101111101111111100110111111111111111111111111111111111111011111111111110111111111111111011111011111111111011111011110111110101111111111111111111101111101111111011111111111111011111111111111111111111011100111111011111111111111011111111111111001,27850750146891b086bc5c6cd2c44a1060baed02e7cf9b0fc94698255eb4a8ad,bernoulli,bernoulli|conj|p=0.9|zero=allow_iid|rng=MT19937-RandomState,0.9,allow_iid,0.00027872342616319656,3.566686064004898e-05,0.00011804979294538498,2.6112422347068787e-05,0.0,0.00046360772103071213,0.0004585525020956993,7,12,0,3,three_column_check_failed,0,,,exclude_x,0,0,0,0,1,0,1,0,0,1,1,0,0,0,0,0.001361810602247715
4,100,5,100,590964048,89,conj,glucose42,MT19937-RandomState,3.112107515335083e-05,10111101110111111110101111111011111111111111111110101111111111111111111111111101111011111111111111111101111111111111110111111111111011011101101101111111111011111111111011111111111111111111101111111011110111111111111111110111111111111111111111111111011111111111111111111111111111111111111111111111111111111110111001111111111111011111111111111111111111110111101011011101111110111110111111111111111011111111011111111111111111111111111101111101111111110011111111111111111111101011010001111111111111111111,d21f8e9d9153ffd7d06e966b4b26a121c31c1c9f67bf83828d87f1a7a55f801f,bernoulli,bernoulli|conj|p=0.9|zero=allow_iid|rng=MT19937-RandomState,0.9,allow_iid,0.00030176714062690735,3.468431532382965e-05,0.00011288002133369446,5.235522985458374e-05,0.0,0.0005066255107522011,0.0005016867071390152,7,13,0,3,three_column_check_failed,0,,,exclude_x,0,0,0,0,1,0,1,0,0,1,1,0,0,0,0,0.0013931961730122566
4,100,5,100,590964048,90,conj,glucose42,MT19937-RandomState,4.564691334962845e-05,01111011111011111111111110111111110101111101110110111111111110111111111111111111111111111111101111111101111111110011111111111111111111111101111110101111111111101111101011111110111111110101111111111111111111111111111111111111111111111111111011111111101100111101111111111111110111111111111111101111111111111111111101111011111101111111000111111111111101111011111111111111111111111110111101111000111111111111111110111101111111110111111101101111110011111111011111011111111111101011111111110111111111101111,eeee21ab9571245a0df0d8294261e1385eb6fa6d59b7ef44c04d4be5b548d001,bernoulli,bernoulli|conj|p=0.9|zero=allow_iid|rng=MT19937-RandomState,0.9,allow_iid,0.0002811681479215622,3.57162207365036e-05,0.00011175870895385742,0.00010275561362504959,0.000809941440820694,0.0020782267674803734,0.0005313986912369728,6,13,0,5,SAT_found_counterexample,1,boolean_factorization,exclude_x,exclude_x,0,164,392,0,1,0,1,0,0,0,1,1,1,0,0,0.0014323648065328598
4,100,5,100,590964048,91,conj,glucose42,MT19937-RandomState,3.268849104642868e-05,11011111111111110111111011111111101110111111111111111111111111111010011110111110111111111111110111111111011111111011110101111111110111111111111111111111111111111111011111111111101110111101111111111111111101111111111111111110111111111101101101111111111111111101011111011111111111110111111011111111111111111110111110111111111110110110111111111111111111111111111111101111111111111111111101111111110111011111111111111101111111110001111101111111111111111111111111111111111111111111101111101110011111111111,8cdb2dfe640e5963bdda1e0d6aabd9fad5ce187f2a5e22693564ca3f1e082c7e,bernoulli,bernoulli|conj|p=0.9|zero=allow_iid|rng=MT19937-RandomState,0.9,allow_iid,0.000266343355178833,3.4574419260025024e-05,0.00011366698890924454,8.36830586194992e-05,0.0,0.00050344318151474,0.0004982678219676018,7,11,0,3,three_column_check_failed,0,,,exclude_x,0,0,0,0,1,0,1,0,0,1,1,0,0,0,0,0.0014114193618297577
4,100,5,100,590964048,92,conj,glucose42,MT19937-RandomState,3.145262598991394e-05,11111111111011111111111101111111111111111111111111111111111101111111111111111111101111111110111101111111110111011101111111111111111111111110111101011111111111111110111110111111111111111111111111101111011111101111101111111101101011111111101110111111011111011111111111011111110110111111111111111111111101111110010101111111111111111011111011111111101111111111111011111111101111111111111111111111111111111111111111111111111111111111110011111011110111111101111101111111011111111101111111011111111011111111,74d85193c1755f6c35251fa8793d5290c590284f04918609f49ad4e93903be83,bernoulli,bernoulli|conj|p=0.9|zero=allow_iid|rng=MT19937-RandomState,0.9,allow_iid,0.0002591041848063469,3.4091994166374207e-05,0.00011299736797809601,8.304603397846222e-05,0.0,0.0004938486963510513,0.0004892395809292793,7,11,0,3,three_column_check_failed,0,,,exclude_x,0,0,0,0,1,0,1,0,0,1,1,0,0,0,0,0.0014113131910562515
4,100,5,100,590964048,93,conj,glucose42,MT19937-RandomState,3.0197203159332275e-05,11111101011111111011111111111101111111101110111011111111111111111111111111111111110111111111111111111111111011111111111111111111111111111111111111110111111111111110111111011011110111111111111111111111111110111111111111111111111111111111110111111110111111110111111101111111111011111111111111111111011011111011111111111111011111111111111111011111110111011011111101111111111110011101101111111110111110111111111111111101101101111111101011111011111111111101111110111111111111111111011011111111111111101110,f87ecfc2620d9b62b44f79a1d3cedfa9d4b3dd37ccc984f2ed4a823a61c5e8f0,bernoulli,bernoulli|conj|p=0.9|zero=allow_iid|rng=MT19937-RandomState,0.9,allow_iid,0.0002658311277627945,3.307405859231949e-05,0.00010878592729568481,3.60710546374321e-05,0.0,0.00044833216816186905,0.0004437621682882309,6,12,0,3,three_column_check_failed,0,,,exclude_x,0,0,0,0,1,0,1,0,0,1,1,0,0,0,0,0.0013538580387830734
4,100,5,100,590964048,94,conj,glucose42,MT19937-RandomState,3.0265189707279205e-05,11111111111100011111110000111111101111111001111101100111111111111111111111111111111111011111111111110111110111101111111111101101111101111111111111110111111111011111111111111111111111011101110111111111110111111111111111111011101101111011111101111111101111111111111111101111111111111101111111111111111011111111111111111111110110111011111111111011111101101111111111100111111011111111111111111111111101101101111111110011111111111111111111011111111111111101101111111111111111011111111111110110111111111101,aa47d0bc40fcddf50b3c83b7573d82a5b7d313d6e179544cb1bfe00c8a35bcac,bernoulli,bernoulli|conj|p=0.9|zero=allow_iid|rng=MT19937-RandomState,0.9,allow_iid,0.0002819141373038292,3.415253013372421e-05,0.00011903885751962662,9.913370013237e-05,0.0009470013901591301,0.002222782000899315,0.00053423922508955,7,14,0,5,SAT_found_counterexample,1,boolean_factorization,exclude_x,exclude_x,0,188,460,0,1,0,1,0,0,0,1,1,1,0,0,0.001447419635951519
4,100,5,100,590964048,95,conj,glucose42,MT19937-RandomState,3.314856439828873e-05,11111111110111111111111111110111111111111101011111111111111111101111101111101111111111111111111111111111001111111011111111111111111111111111111111111111111101111111101111111011010110111111011111111011111111111111111111111110111101110111111111111111111011111111111111101101101011011101111111001111001111111001101101111111110111111111111111111111111101111111111111111111011011011100111111111111111111101111111111111111111111111111111111111111111111111100111111111111111110111111111111110110111101111111,32d800934bc37afc3c18aa083607839c4b54b6ee0566e4fe4598fe95ca3f9cd9,bernoulli,bernoulli|conj|p=0.9|zero=allow_iid|rng=MT19937-RandomState,0.9,allow_iid,0.0003011738881468773,3.5896897315979004e-05,0.0001222267746925354,0.00011621788144111633,0.0008313162252306938,0.0014103809371590614,0.000575515441596508,8,15,1,6,SAT_unsat_identifiable,1,boolean_factorization,exclude_x,exclude_x,0,212,528,0,1,0,1,0,0,0,1,1,1,0,0,0.0014945128932595253
4,100,5,100,590964048,96,conj,glucose42,MT19937-RandomState,3.369618207216263e-05,11111111111111011111111111111111111111111111110111011111110111101111111111111111101111111111111111111111010101111111111111001110011111101011111111101111111111101110111110111111111111111111111111111111110111101111100100111111111111111111111110111111011111101111111111111111111111111011111111110110100111101111111111111111011111111110011111111111111111101111111111111111111111111101111111011111111111111111111111111111111101011111111111111111011111111111101011011011101111111111111111111101111111111111,f7e524cc5c6910799309a4a38981a1392fa7320014b0be3a9762a23af4d14608,bernoulli,bernoulli|conj|p=0.9|zero=allow_iid|rng=MT19937-RandomState,0.9,allow_iid,0.0002859262749552727,3.558304160833359e-05,0.00012950506061315536,4.393327981233597e-05,0.0,0.0004998724907636642,0.0004949476569890976,8,14,0,3,three_column_check_failed,0,,,exclude_x,0,0,0,0,1,0,1,0,0,1,1,0,0,0,0,0.00140342116355896
4,100,5,100,590964048,97,conj,glucose42,MT19937-RandomState,3.0374154448509216e-05,11111111111111111110111111111101111111111111111111111111111111111111011011111111111111101111111111010111111111111111101111110111111111111110111110010111111011011111111111111111111111111111111111111111101111111101111111111111111101110111111111111111111111111001110011111011111111011111101111111111110111111111111111011111111011110111101111110111101111111111111111101111110111111111111111110111111111110111111011111111111111101111111111111111101111101110111111111111111111111101101111011111101110111111,9b92b7ea4aeb3226775bc1ef20da7f6502c2676c8fc488f91b2c04bdde52d01e,bernoulli,bernoulli|conj|p=0.9|zero=allow_iid|rng=MT19937-RandomState,0.9,allow_iid,0.0002564042806625366,3.361981362104416e-05,0.00011862069368362427,5.926564335823059e-05,0.0,0.00047260988503694534,0.00046791043132543564,7,10,0,3,three_column_check_failed,0,,,exclude_x,0,0,0,0,1,0,1,0,0,1,1,0,0,0,0,0.0013968395069241524
4,100,5,100,590964048,98,conj,glucose42,MT19937-RandomState,3.0028633773326874e-05,11011010111111111111111111111111111111111011011111011111111111111011110111111111011111111111111111111010101111111011111101110111101100111111111111011111110111111111111101111111100111111111111111111011110111110111111111110101111111111111111101001111111101111011111111111111111111111111111111001111110111111111110101111111111111101111111101111111111111011111010011110101101111111111111111111111011111111111111111111111111111111111111111111110111111111111111101111111111111111101111111111111001111101110,beca81cc9c0d27955055d15772054d18bcaa35c67f318c650cc3a7e5b7aa09a9,bernoulli,bernoulli|conj|p=0.9|zero=allow_iid|rng=MT19937-RandomState,0.9,allow_iid,0.0003163134679198265,3.7126243114471436e-05,0.00012850482016801834,9.854137897491455e-05,0.0009222030639648438,0.0015064245089888573,0.0005804859101772308,9,16,1,6,SAT_unsat_identifiable,1,boolean_factorization,exclude_x,exclude_x,0,231,590,0,1,0,1,0,0,0,1,1,1,0,0,0.0015298714861273766
4,100,5,100,590964048,99,conj,glucose42,MT19937-RandomState,4.030205309391022e-05,11111111111111111111111110111111111111111111111111111111111111111011111111110111111111111111111111111111011111111110111111110110111111111111111111111111111101111111110111111011101111111111111111111111011111110111111011111111111111111110110110111111111011111111111111111111010111111111111111011111111111111011101011111011011111111101111011111111011110111110111111111001111101110111111111011110111111011111111111111011110111111111111111111111111110110110111000111111101111111110111111111111111011111111,1572bc353a46285c6f0ed22552f4ecee602ad3f12fd72141349600c06dd05219,bernoulli,bernoulli|conj|p=0.9|zero=allow_iid|rng=MT19937-RandomState,0.9,allow_iid,0.00027409009635448456,3.5041943192481995e-05,0.0001119375228881836,9.18172299861908e-05,0.0,0.0005176551640033722,0.0005128867924213409,7,12,0,3,three_column_check_failed,0,,,exclude_x,0,0,0,0,1,0,1,0,0,1,1,0,0,0,0,0.0014550229534506798
