schema_version,J,K,N,seed,sim,operator,solver_name,rng_engine,generation_time,q_bitstring,q_sha256,design,design_id,p,zero_row_policy,basis_time,identity_check_time,two_col_check_time,three_col_check_time,sat_time,algorithm_time,preprocess_time,J_basis,M_basis,identifiable,branch,branch_label,sat_called,sat_formulation,sat_cardinality_encoding,cardinality_encoding_requested,maximal_candidate_requested,sat_variables,sat_clauses,identity_original,not_complete_original,has_pure_node_original,no_pure_nodes_original,has_zero_row_original,two_col_violation_original,three_col_violation_original,two_column_pass_original,both_necessary_checks_pass_original,I_3c,identity_basis,two_col_violation_basis,diagnostics_time
4,100,5,100,1846474768,0,conj,glucose42,MT19937-RandomState,0.00013543013483285904,11111101001011100111111101111101111111110111101111111111100110111110111111111111011111111111101011001011111111111011101111111100111111011110111111111111110011110111111111110111100011111111111111110111111111111111111111011111111111111111111111111111111111111111111110011011101111110111010111111111111011111111111101111111111111111101111111111011111111111101111111111110111111011011111111011111111111111110011011111111111111111111101111110111111110111111011101111011111110111011111111111111111111111111,d4db71d000e6e040cc3363e41d1f1884dbbfcee052d03cac7f888cb2cbc41ecd,bernoulli,bernoulli|conj|p=0.9|zero=allow_iid|rng=MT19937-RandomState,0.9,allow_iid,0.00034428946673870087,5.396362394094467e-05,0.0001301569864153862,0.00014405511319637299,0.013630102388560772,0.014309813268482685,0.0006724651902914047,7,17,1,6,SAT_unsat_identifiable,1,boolean_factorization,exclude_x,exclude_x,0,173,442,0,1,0,1,0,0,0,1,1,1,0,0,0.001589551568031311
4,100,5,100,1846474768,1,conj,glucose42,MT19937-RandomState,4.638358950614929e-05,11111111111111101011111111111111011111011101111111101111001111111111111111101111011111111111111111111111111111111101011101111111111101111100101111111101111111110111111111111111111110111111111111111111111111011101111111111111111110110111111111111011111111111111110111111111111010111111111111101111011111111111111111111111111111111111111111111110111111111111111101111111111010111111111111110111111011111111111111111110111111111111011111111111111101111111011111111111101111110101111111111111110011100011,628ccd2e2da0139b3318b527ec9093b05512ca971da00bfa7fd02836cf53d105,bernoulli,bernoulli|conj|p=0.9|zero=allow_iid|rng=MT19937-RandomState,0.9,allow_iid,0.0003031417727470398,5.3427182137966156e-05,0.00011946633458137512,0.00010483898222446442,0.0010278522968292236,0.0024098707363009453,0.0005808742716908455,7,14,0,5,SAT_found_counterexample,1,boolean_factorization,exclude_x,exclude_x,0,188,460,0,1,0,1,0,0,0,1,1,1,0,0,0.0014998642727732658
4,100,5,100,1846474768,2,conj,glucose42,MT19937-RandomState,3.828294575214386e-05,11111111110110111111111111011111111111111001111111111101111111111111111110111111111111111111111001111111111111111111101111101111111111011111111011111111011111010111111111111111111111111001111111111111101011111111111111111011111110111111110101111111111111111111011101111111111110111111111111111111111111111111111100111111111111111110111000111001111111111111011101110111111111111100111011111111111011011100111111101111111110011111111111011111111111111111111111110110111111111111110101110111111110111111,27c74f3a05edcece442e73017a3b7b313709b3b8e4925c0ee68901e88acbce5c,bernoulli,bernoulli|conj|p=0.9|zero=allow_iid|rng=MT19937-RandomState,0.9,allow_iid,0.0003312462940812111,4.16487455368042e-05,0.0001304391771554947,0.00010322127491235733,0.0008642710745334625,0.0014760373160243034,0.0006065554916858673,8,15,1,6,SAT_unsat_identifiable,1,boolean_factorization,exclude_x,exclude_x,0,212,528,0,1,0,1,0,0,0,1,1,1,0,0,0.001560288481414318
4,100,5,100,1846474768,3,conj,glucose42,MT19937-RandomState,3.749411553144455e-05,11111111111111011111111111110111111111111111011111101111110111111111111111111111111111101111111111001001011111111111101111101111011110111111111101111111101011111111111110010111111111111011111111101111111111111111011011111111111011101111111110111011111111001111111111111111111111111101011111101111011111111111111101111111101101111111111111110111111111111111011101110101101111111111111111111111111011111110101111111111111011111111110001011101111110111111111111111111111111101111111101110111111111110111,a790fb01fdc5dcc7de87829d1b75c9959264adffe420b03cd74202fb11d58940,bernoulli,bernoulli|conj|p=0.9|zero=allow_iid|rng=MT19937-RandomState,0.9,allow_iid,0.0003250725567340851,4.477798938751221e-05,0.0001366669312119484,0.00010960828512907028,0.0008999984711408615,0.0015213126316666603,0.000616125762462616,9,14,1,6,SAT_unsat_identifiable,1,boolean_factorization,exclude_x,exclude_x,0,236,596,0,1,1,0,0,0,0,1,1,1,0,0,0.001569550484418869
4,100,5,100,1846474768,4,conj,glucose42,MT19937-RandomState,3.401562571525574e-05,01111100100111111111111111111111011011111110111111110111111111011111111111111111101111111111011111011101110111111111111111101111111111111111111111101111110011101111011111001111101111111011111111111111111111111110111111110111111111111111111111011111111111111111110101111111111111111011111110111111111111111111111111111111111111111111111101101111101111111111111111100111111111111111101110111111111111110100111111111111111110111111111101111111111111111111111111111111101100111111111111110111111111111011,d824fde0f5af3f694f71dbeb08b0ebf6a86da56b8a010b4686a8855646d5bc7e,bernoulli,bernoulli|conj|p=0.9|zero=allow_iid|rng=MT19937-RandomState,0.9,allow_iid,0.00031229201704263687,3.658607602119446e-05,0.0001231646165251732,9.925477206707001e-05,0.000834466889500618,0.001410546712577343,0.0005712974816560745,8,16,1,6,SAT_unsat_identifiable,1,boolean_factorization,exclude_x,exclude_x,0,202,516,0,1,0,1,0,0,0,1,1,1,0,0,0.0015208804979920387
4,100,5,100,1846474768,5,conj,glucose42,MT19937-RandomState,3.304518759250641e-05,11111111110111011111111111111111111111011111111111111101111111111111111110111011111111111111111111101111111111111110111111111111101111101011011111111111111111111111111111011111111111111111111110111111111101111101111111101101111111111111101110111111110111111111111111111110111111111111111111111111101111111101101111111111111111110010011111111111111111111111111111111111011111111111111011111111110111111111011111111111111111111111111111111111111111110111011111111111101111111110111111111111111110011111,ce876243005c290a0dfeaa9de0429fef1b696139abca9dc41d24a0caaa486d09,bernoulli,bernoulli|conj|p=0.9|zero=allow_iid|rng=MT19937-RandomState,0.9,allow_iid,0.00027558673173189163,3.6504119634628296e-05,0.00010757334530353546,4.454236477613449e-05,0.0,0.0004709046334028244,0.0004642065614461899,6,12,0,3,three_column_check_failed,0,,,exclude_x,0,0,0,0,1,0,1,0,0,1,1,0,0,0,0,0.0013633165508508682
4,100,5,100,1846474768,6,conj,glucose42,MT19937-RandomState,3.3993273973464966e-05,11011111110110111111101111011111011111111111110111110111111101111111111111110111111111111110111111111111101111110111111111111111111111111010111111111011111111011111111111111111111111111111111111101100101111011111111110111001111111101110101110110110111111111110111000111111111111111111111101111110101111110011110111111111110101111111111111111111001111111111101111111011110111111011111111111101111111111111111110111111011101011011111111111111111111111111111010111111011111111111111110110111111111111101,cfd0b0068ceb53a8439c2e1df653ebbcc9ecc04c5af078adf97132bd0dd2f722,bernoulli,bernoulli|conj|p=0.9|zero=allow_iid|rng=MT19937-RandomState,0.9,allow_iid,0.00029927585273981094,3.5779550671577454e-05,0.00012133270502090454,0.00010027457028627396,0.0009034182876348495,0.0022241342812776566,0.0005566626787185669,7,14,0,5,SAT_found_counterexample,1,boolean_factorization,exclude_x,exclude_x,0,188,460,0,1,0,1,0,0,0,1,1,1,0,0,0.0014130044728517532
4,100,5,100,1846474768,7,conj,glucose42,MT19937-RandomState,3.6762095987796783e-05,11111111110011111110111111111111111111111101111111011111110111111111111111111111011011111011111111111111111111111111111111111111001111111101111111111010111111111111111111111011111111001111011111110111110111111011111111110110111111111011111111111111011110111111111111111111111110111111111111101110111111110111111110111111111111111101111101010111111110111111011111110111110111110111111111111111011011011111111111111100111111111110111111110110111111101111111111111111111111111111111111110111111111110111,fad651962288c888004a7aa8b6dc2912dbb0fd6dde57dc764dd948c77fbfc8ca,bernoulli,bernoulli|conj|p=0.9|zero=allow_iid|rng=MT19937-RandomState,0.9,allow_iid,0.0002877945080399513,3.665965050458908e-05,0.00011529959738254547,6.678048521280289e-05,0.0,0.0005137408152222633,0.0005065342411398888,7,13,0,3,three_column_check_failed,0,,,exclude_x,0,0,0,0,1,0,1,0,0,1,1,0,0,0,0,0.001370912417769432
4,100,5,100,1846474768,8,conj,glucose42,MT19937-RandomState,3.261864185333252e-05,11111111111111111111101111111111110111101111111111001011111011111111111111111111111111111101111111111111111111111111101111111111111101111111011110111111111111111101110111110011111111111111100111111111111111101111111111111000111111111011111111011111111101111111111111110111111111101111111111111111111011101111111111111111111011111101111111111110111111101111111111111111111111011111111101111111111111111111111101111111111111111111111011111011111101110111111110011111101111111111111101111111000110111111,d9724eec287c1c13a0ea58a25a219df0005a93e791f7917c981071125590068e,bernoulli,bernoulli|conj|p=0.9|zero=allow_iid|rng=MT19937-RandomState,0.9,allow_iid,0.00028703082352876663,3.7282705307006836e-05,0.00013888347893953323,7.189717143774033e-05,0.0,0.0005399817600846291,0.000535094179213047,9,13,0,3,three_column_check_failed,0,,,exclude_x,0,0,0,0,1,0,1,0,0,1,1,0,0,0,0,0.0013975603505969048
4,100,5,100,1846474768,9,conj,glucose42,MT19937-RandomState,3.1395815312862396e-05,11111111111111111101111011101111111111011110111110111111110110111011011101111101111001111111111111111111110111111111111111100111111110011111101111111111101111111111111111111111101111111011111111111111111111111110111111111111111111111011111111111011111101111111111111010111111111111101011111111111111111111111111101101100111111111111110111110111111111111011111111111011011101111111111111111011111111111111111111111111010111111111011111010111111111111111101111111111111111111111111111111111110110111001,45b8a92af085e7e1d765999f898bfdf26102324d4b98bbb8d5343cdcc56a8506,bernoulli,bernoulli|conj|p=0.9|zero=allow_iid|rng=MT19937-RandomState,0.9,allow_iid,0.0002995738759636879,3.6745332181453705e-05,0.00012285541743040085,2.5434419512748718e-05,0.0,0.0004892135038971901,0.00048460904508829117,8,13,0,3,three_column_check_failed,0,,,exclude_x,0,0,0,0,1,0,1,0,0,1,1,0,0,0,0,0.0013480521738529205
4,100,5,100,1846474768,10,conj,glucose42,MT19937-RandomState,5.366560071706772e-05,11111111111111110011111111011111111111110101111111110111111101110111111101111111101111011011110111111111111111101111111111101010011111111011111110011011110111111111101110110011000111111111111110111111111111111111111111111111111111111101111110111111011111111111111111111111111111111111110110111111111101111011111111111111111111101111101110111110111111101111111111111111111011111111111111110101110110110111111110111111110110111111111101111110111110111111111111111111101111100111111111111110111111111111,d4a5fa02f2edd9eb848ac66c6df94216df6fa6916363d11b5c37dfc6f2c755b8,bernoulli,bernoulli|conj|p=0.9|zero=allow_iid|rng=MT19937-RandomState,0.9,allow_iid,0.0003187693655490875,3.856513649225235e-05,0.0001253550872206688,0.0001006079837679863,0.0008124569430947304,0.0014010602608323097,0.000583297573029995,8,15,1,6,SAT_unsat_identifiable,1,boolean_factorization,exclude_x,exclude_x,0,207,522,0,1,0,1,0,0,0,1,1,1,0,0,0.001499926671385765
4,100,5,100,1846474768,11,conj,glucose42,MT19937-RandomState,3.303401172161102e-05,11111111111111101110110111110111111111110111111111111111111111111111111100110111101101111111111111111111111111111111111111111101111111111111110111111111111111111101111111111111111011111111111111111111111111111111011011111111111111111111111011011111101101111111110111111100111110111101111111101111111111111111111011111101111111111101111111111111111111111111111010111111111111101111010111111111111111111111111111111111111111111111110111111111111111111011111111111111111111110111111111101111111100111111,1660c5a8259ee736c7f346d89fa87b95d483b676ecc685ac4c4e406848f5db24,bernoulli,bernoulli|conj|p=0.9|zero=allow_iid|rng=MT19937-RandomState,0.9,allow_iid,0.0002812827005982399,3.54573130607605e-05,0.00010508671402931213,9.754206985235214e-05,0.0008395938202738762,0.0021268175914883614,0.0005193687975406647,6,12,0,5,SAT_found_counterexample,1,boolean_factorization,exclude_x,exclude_x,0,174,404,0,1,0,1,0,0,0,1,1,1,0,0,0.0014050649479031563
4,100,5,100,1846474768,12,conj,glucose42,MT19937-RandomState,3.236159682273865e-05,11111111111101111111011111111101111111010111111111111111111110111111001111111111111111111111111111110111111111111111111110111111111111111111111111110101011111111111111111110101111111111101111111111111111111111111011110111101101110111101111111111111111110111110010111110111111111110111111111111111110111110111111111111111111001011100111111111111110111111111111111011101111101110111110101111111111111111110111011101111111111111111111111111111111111111111111111011011111110101110111111001111111110110111,2b21daba2b8ddb122867c082585c1a6d45be23e23ee215962a55d866f943f7ab,bernoulli,bernoulli|conj|p=0.9|zero=allow_iid|rng=MT19937-RandomState,0.9,allow_iid,0.00028929300606250763,3.54694202542305e-05,0.00012095831334590912,9.802170097827911e-05,0.0008548414334654808,0.0021598227322101593,0.0005437424406409264,7,13,0,5,SAT_found_counterexample,1,boolean_factorization,exclude_x,exclude_x,0,198,472,0,1,0,1,0,0,0,1,1,1,0,0,0.0014362549409270287
4,100,5,100,1846474768,13,conj,glucose42,MT19937-RandomState,3.268010914325714e-05,11101101011111111111111111111111111111111111111111111111110111111101001111011101101111111101111111011111111111111110011111111011111111111111110111111110111101111111111111001111111111101110100111111111111111011111111101111111111111111111111111011111111111111111110111111111011111110111111111111111111110101110111111111111001111011111111111110111011101111111111111111111111101111111111100111111111111111101111111110110111111111111111111110101111111110111101111111111111111011111111111101111110011111011,76e263dbf499661f431a07d43b9119a48e50af828aeb7e35d82297be3fc71dab,bernoulli,bernoulli|conj|p=0.9|zero=allow_iid|rng=MT19937-RandomState,0.9,allow_iid,0.0002804398536682129,3.5244040191173553e-05,0.00011345837265253067,5.171727389097214e-05,0.0,0.00048561859875917435,0.00048085954040288925,7,12,0,3,three_column_check_failed,0,,,exclude_x,0,0,0,0,1,0,1,0,0,1,1,0,0,0,0,0.0014032423496246338
4,100,5,100,1846474768,14,conj,glucose42,MT19937-RandomState,3.2356008887290955e-05,11111111111111111111111110111111110101111111111101110111111101111111011111101110011111111111101111111111111111011111110111101101111111111011111011111111001011110111111111111001111111110011111111011111011111111011100111111111111011110111111011101111111111110111011111111111111111110101111111111111111111111111111111110111111111111111101111111111111101111011111111111111011011111011111111111111111111100010111111111111110111011101111111100111111111111111101011111011101011001111111111111111110111111111,c796bc1838af8bdc6b09c984c03153f27ae2da55ad90431b3169ffc7bcf6c34b,bernoulli,bernoulli|conj|p=0.9|zero=allow_iid|rng=MT19937-RandomState,0.9,allow_iid,0.00028477422893047333,3.900658339262009e-05,0.00012009218335151672,8.416175842285156e-05,0.0,0.0005325311794877052,0.0005280347540974617,7,13,0,3,three_column_check_failed,0,,,exclude_x,0,0,0,0,1,0,1,0,0,1,1,0,0,0,0,0.0013868901878595352
4,100,5,100,1846474768,15,conj,glucose42,MT19937-RandomState,3.0366703867912292e-05,01111101111111111111111011011111111111110111011111111100111111111111111111111010111011111111111111111111110111111111111111111111111111111110111101111111111111111111110111111111111111111111111011111111011111111010101011011111111110111111111101111101111111101111110010101111111111111111111111111111111101101111111111111111111101111111110011011110111111011101111111111111111111110111111111110111111111111111111111111011111111010111110010111110111111111101111011111101111111111111110010111111101111011111,a42bd64f7b947aa86726fddd9d63c0261a53388d58ed460a7ca3d6c0471eebce,bernoulli,bernoulli|conj|p=0.9|zero=allow_iid|rng=MT19937-RandomState,0.9,allow_iid,0.00031473301351070404,3.765895962715149e-05,0.00013059936463832855,0.00010383781045675278,0.0008999351412057877,0.0014904700219631195,0.0005868291482329369,9,15,1,6,SAT_unsat_identifiable,1,boolean_factorization,exclude_x,exclude_x,0,241,602,0,1,0,1,0,0,0,1,1,1,0,0,0.0014800960198044777
4,100,5,100,1846474768,16,conj,glucose42,MT19937-RandomState,3.269687294960022e-05,11111111111111111111011111111001011111111111010111111010111111111111111111111111110101111011011111111111111111111011111111110111011101101111111111111110111111111111111101111111111111011111111011111111011111011111110111111111110110111111001111111110101111111111111011011011001111111111111101111111111111111111111111111111111011111111111111111111111111111111111110111110011111111111111111111111111110111111001110101111100111111111111111111111111111111111011111110101111111111011111111111111111111101011,e6b8a60242d67fd05238fc6a193cad93465824bacc3cdbdab729389dabbea1b8,bernoulli,bernoulli|conj|p=0.9|zero=allow_iid|rng=MT19937-RandomState,0.9,allow_iid,0.00028753746300935745,3.654230386018753e-05,0.00011354312300682068,3.458186984062195e-05,0.0,0.0004769349470734596,0.0004722047597169876,7,13,0,3,three_column_check_failed,0,,,exclude_x,0,0,0,0,1,0,1,0,0,1,1,0,0,0,0,0.0013490645214915276
4,100,5,100,1846474768,17,conj,glucose42,MT19937-RandomState,3.17329540848732e-05,11101111111111011001111111111111111110110111111111110111110001111111001111111111111011111111111111111111111111111111111011101111111111111111111111111111001111111111110111111110101111100111111011111111111111111111111001111011111111111111011111011111111110111011111111111111111101111111011011111111111111111111111111111111101101011111111111110111111111110111111111111111111111011111111011111101111111111100111111111111111111111111111101111111111111111101111111111111111111111110111111101100111111111111,0c381a1cbb9170495580792804b53c83a84006c98353c996f3451d54a93d1e06,bernoulli,bernoulli|conj|p=0.9|zero=allow_iid|rng=MT19937-RandomState,0.9,allow_iid,0.00029349327087402344,3.423914313316345e-05,0.00010458193719387054,9.861215949058533e-05,0.0007911743596196175,0.002054656855762005,0.0005309265106916428,6,13,0,5,SAT_found_counterexample,1,boolean_factorization,exclude_x,exclude_x,0,169,398,0,1,0,1,0,0,0,1,1,1,0,0,0.0014156131073832512
4,100,5,100,1846474768,18,conj,glucose42,MT19937-RandomState,3.251712769269943e-05,01111111111111110011111111101111111111111111111111011111111110111111111110111111011111101011011111111111011111111110111111101101111111111111111110111111111111111111111110111011111111111111111111110111011111111111111101111111101111111111111111111111111011111011111111111111111111111111111010101111111111111111101011111111101111111111111111011110110111111110011111111111011111111111111111010011111110111111111111000111111111101111111101011111110111111011111110111011110111111111111111111111111011111011,c7f149884cabdfcc02282292c05fb6ee961427be8fe4829ca41d6d15bbdeb9f9,bernoulli,bernoulli|conj|p=0.9|zero=allow_iid|rng=MT19937-RandomState,0.9,allow_iid,0.0002814801409840584,3.485381603240967e-05,0.00011881627142429352,9.286124259233475e-05,0.0,0.0005328049883246422,0.0005280114710330963,7,12,0,3,three_column_check_failed,0,,,exclude_x,0,0,0,0,1,0,1,0,0,1,1,0,0,0,0,0.001418878324329853
4,100,5,100,1846474768,19,conj,glucose42,MT19937-RandomState,3.3054500818252563e-05,11011111110111001111111111111111111111111111111111111111111111111111111111111111111110111111010100101011111111101111011111111111111111011111111111111110111111111011111110111011111101111111011111111111110111111111111011111111101111110111111011101111111111111111111011111111011100111111111110111111111111111011111111111111111111111111111111111101111111111011011111111101111111101101110111111101111111111111010011111111111011111111111111011111111111111111011111111111111011111101111111111111111111111111,5d385e23002268e713fe1274b4f1cf84e5ec312dc3383787a49c0c98a606979d,bernoulli,bernoulli|conj|p=0.9|zero=allow_iid|rng=MT19937-RandomState,0.9,allow_iid,0.00028330273926258087,3.503262996673584e-05,0.00011438131332397461,9.916815906763077e-05,0.0008392594754695892,0.002118190750479698,0.0005318848416209221,7,12,0,5,SAT_found_counterexample,1,boolean_factorization,exclude_x,exclude_x,0,198,472,0,1,0,1,0,0,0,1,1,1,0,0,0.0014440733939409256
4,100,5,100,1846474768,20,conj,glucose42,MT19937-RandomState,4.789978265762329e-05,11111111111111111001011111111111011011110111010110111111111111111111111111111011111010111101100011111111111111011010111111111111011011111111111111111011111111111111011111101101111011111011111111110111111111111011101111111111010011111111010110111111111111111111111110111111111111110111110111111111111111111111111111011111111111111111111111101111111011110110111111111111111111111111110111111111111101101111111111111111111110111111111111111111111111111111111111111011111111110111111101011111111111111111,7362af97faeae4f17b19bb5b798a049000eebc697ac57c2f3d928338d623f4e5,bernoulli,bernoulli|conj|p=0.9|zero=allow_iid|rng=MT19937-RandomState,0.9,allow_iid,0.00031289923936128616,3.886781632900238e-05,0.00012561026960611343,9.995605796575546e-05,0.0010099401697516441,0.0023656263947486877,0.0005773333832621574,8,15,0,5,SAT_found_counterexample,1,boolean_factorization,exclude_x,exclude_x,0,212,528,0,1,0,1,0,0,0,1,1,1,0,0,0.00148707814514637
4,100,5,100,1846474768,21,conj,glucose42,MT19937-RandomState,3.289803862571716e-05,11111111111111001111110111111111111111111111111111010011111111111111101111110111111111011101111111111111111101111111111110111001111111111111101111111011111111011101111111111101111111110111111111111111111111111110111111110111110001111110111111110111111111111011111111111101111111111111111111011110111101111110111111111011110110110111111111111110111111011111111111111111101111111111111111111111111110111101111111111111011111111111110111101101111110111111011111111111111111110010111111010111111011111011,13f12e89934e989153f32ed9baf9e55332838b7fa461d73b8df27e285c70ffc0,bernoulli,bernoulli|conj|p=0.9|zero=allow_iid|rng=MT19937-RandomState,0.9,allow_iid,0.00029020849615335464,3.388989716768265e-05,0.00010591093450784683,9.832624346017838e-05,0.000733635388314724,0.001979443244636059,0.0005283355712890625,6,13,0,5,SAT_found_counterexample,1,boolean_factorization,exclude_x,exclude_x,0,164,392,0,1,0,1,0,0,0,1,1,1,0,0,0.0014266856014728546
4,100,5,100,1846474768,22,conj,glucose42,MT19937-RandomState,3.237277269363403e-05,11111011111111111111111111111111111111111101111101111111110111111101100111111101111111101010111111111111111111111111111111111111011111111101111111111111111011110111101100011111111111111111110111111111111111101101101101111111111111111111111111111111011101110111111111101111111101111101111111111110111111111111111011011111011111111111111111111101111111111111111010111111101111111110111110111111111111111111111111111110111111111110110111111111110101101111111111111111111111111111111101111111111111111110,439f9abb0d0f58c9947d7ddba4f726e91d90468cfc4b12a3826f00e2212857fc,bernoulli,bernoulli|conj|p=0.9|zero=allow_iid|rng=MT19937-RandomState,0.9,allow_iid,0.0002727862447500229,3.586616367101669e-05,0.0001228339970111847,2.4925917387008667e-05,0.0,0.00046149734407663345,0.00045641232281923294,8,11,0,3,three_column_check_failed,0,,,exclude_x,0,0,0,0,1,0,1,0,0,1,1,0,0,0,0,0.0013457592576742172
4,100,5,100,1846474768,23,conj,glucose42,MT19937-RandomState,3.154948353767395e-05,01111111011011111101100111111111111111111110111011111111111111011111111101111101111011111011110011111111111111111011110111011110111111111011111111111111101111011111111011111111010011101011011111111110111111110111100111111111001011111011001111111111111111011111011111111101111111111111111111101111111111011111110111111111111111101111111111111111111111011111111100111101001011111111111111111111111111111111111111111110111111111111101111111111111111111111011111111111001110011110111111111111101011111111,64319c21b0a8cc87b5b6f7e519f728020b8c4a306e7180dd6766bcf5677a1b63,bernoulli,bernoulli|conj|p=0.9|zero=allow_iid|rng=MT19937-RandomState,0.9,allow_iid,0.0002866489812731743,3.4106895327568054e-05,0.00011343695223331451,9.918864816427231e-05,0.0008818386122584343,0.0014186743646860123,0.0005333814769983292,7,14,1,6,SAT_unsat_identifiable,1,boolean_factorization,exclude_x,exclude_x,0,188,460,0,1,0,1,0,0,0,1,1,1,0,0,0.0014762580394744873
4,100,5,100,1846474768,24,conj,glucose42,MT19937-RandomState,3.1888484954833984e-05,11111101111111111111111111111111011111111111111111101111111111111101110111110111111111111111011111111110111111111110111111111101111111111111110110111111111011111111011110101111111101110101110111111011111111001111111111111011111111111111111111111111101101111111111101100111111111110111110010111111101111111111111011110111111111111111011111111111111111111111111111111111111101111011111111011111101111011111111111111101111101111011111011101111101111110110111111111111111111111111111111011111111111111111,f5e5049c9a93bc248972de167ed4aaa23a3ab12349ae39850a7ca0f2064e41e5,bernoulli,bernoulli|conj|p=0.9|zero=allow_iid|rng=MT19937-RandomState,0.9,allow_iid,0.00027141813188791275,3.3562071621418e-05,0.0001125941053032875,3.469269722700119e-05,0.0,0.00045742467045783997,0.00045226700603961945,7,11,0,3,three_column_check_failed,0,,,exclude_x,0,0,0,0,1,0,1,0,0,1,1,0,0,0,0,0.0013365857303142548
4,100,5,100,1846474768,25,conj,glucose42,MT19937-RandomState,3.0211172997951508e-05,10111111111111111111111111111101111111111111111111111111111110101110110111111011111111011011111111111111111111011101101111101111111110111001111111011111011111111111011111111111110110111101111110101101101111111111111111111011111111001111111111111111011111111011011111111111111110110111011111111111111111111110111111011111011101111111110111111111111111011111101011111111111111111111111111111101111111110111111111011111111111111111111111110111111111111111111111111101111111111111111110110111101111111111,69276efa9e0ae36cb281a246871a096ae28f745ba368a4326f8eaf239804de2e,bernoulli,bernoulli|conj|p=0.9|zero=allow_iid|rng=MT19937-RandomState,0.9,allow_iid,0.0003296518698334694,3.764685243368149e-05,0.00012181047350168228,9.87248495221138e-05,0.0008490988984704018,0.0021924739703536034,0.000587834045290947,7,14,0,5,SAT_found_counterexample,1,boolean_factorization,exclude_x,exclude_x,0,193,466,0,1,0,1,0,0,0,1,1,1,0,0,0.0014457711949944496
4,100,5,100,1846474768,26,conj,glucose42,MT19937-RandomState,3.291759639978409e-05,10111111111110101111111111111110011111111111110111011111111111111111001110111111111111111111101111101111111110111111111111111111111111110111110111100111111111111110111111010111111111111111111101111111111011111111111111101111101111111111111111111111111110111111111101111111101111111111111111111111011011111111111111111111111111111011111111111111111111111111101111110111110111111101110111111111111111001111101101111111110111111111111011111111111111111111111111111111111111111101111111111111111111111111,2c1e07559dfe3aa8ecc1252e64efb86f532ee3586d3588b75b7e5c6244f04d5c,bernoulli,bernoulli|conj|p=0.9|zero=allow_iid|rng=MT19937-RandomState,0.9,allow_iid,0.00027451571077108383,3.318767994642258e-05,0.00010389741510152817,9.718257933855057e-05,0.0008525745943188667,0.0020990967750549316,0.0005087833851575851,6,13,0,5,SAT_found_counterexample,1,boolean_factorization,exclude_x,exclude_x,0,169,398,0,1,0,1,0,0,0,1,1,1,0,0,0.0014392314478754997
4,100,5,100,1846474768,27,conj,glucose42,MT19937-RandomState,3.2561831176280975e-05,11100111101111011011111101111111111111111110111111111011111111111011111111111111100011111111111111011111111111111011111111111110111111111111111100111111111111111111111111010111111110111111111101111111111110111111111111111111011111101111111111111111111101111111111111111111111111110111111111111101101011101111111111111110111111111111111111100111111111111111011111111101111111111111011111111111111101111111111011111100111111111111111011111101111111111011111111111101110111111111111111111111101110111111,9c2afa7e87c6010bf73680ecd21b543845c69e7623a97b9891380807717988d7,bernoulli,bernoulli|conj|p=0.9|zero=allow_iid|rng=MT19937-RandomState,0.9,allow_iid,0.0002714619040489197,3.254413604736328e-05,0.00010399334132671356,4.2224302887916565e-05,0.0,0.0004549529403448105,0.0004502236843109131,6,11,0,3,three_column_check_failed,0,,,exclude_x,0,0,0,0,1,0,1,0,0,1,1,0,0,0,0,0.001360192894935608
4,100,5,100,1846474768,28,conj,glucose42,MT19937-RandomState,3.103725612163544e-05,11111110111111111101111111011111111111111111111111111111111111111111101111011111111111111011111111111110111011101101101111111111111101111111111110111111111111111111100111111111111111111111110101111111111111111111111111011111111111111111111101101111111101011111111101111111111111111111111111011111001111111111111111111111111111110111001101111011111011100111111111111111111110101111110111111111111111111011111111011001111111111101111111111111111111110111111101110101111111011111111111111111111011011111,55999735eb681c12c9c5a80974c8c3b042af9c757708360e6843e4636465c37d,bernoulli,bernoulli|conj|p=0.9|zero=allow_iid|rng=MT19937-RandomState,0.9,allow_iid,0.00029866863042116165,3.507360816001892e-05,0.0001224251464009285,9.916722774505615e-05,0.0008653514087200165,0.0014244113117456436,0.0005553346127271652,8,15,1,6,SAT_unsat_identifiable,1,boolean_factorization,exclude_x,exclude_x,0,212,528,0,1,0,1,0,0,0,1,1,1,0,0,0.001500457525253296
4,100,5,100,1846474768,29,conj,glucose42,MT19937-RandomState,3.230944275856018e-05,10101111111111111111111001111110111111111111111111101111111111111111111111111111011111111101111101111111110111111111111001101111111111111011111111111111111110111111111101111111111111101111111111111101111111111111111111011111111111111111111111111111111111111111111111111101111111111111011111111111111101111101111111101111110111101111111111111011111111111011011111110111111011111111111111111111111111110111011111111101110111110111111111111011110111110111011111001111111110111111111111111001111101111111,b6380b9f3ff5e061f5f546fc550811bf40de49f9c0219b5909ab9d52db9934e9,bernoulli,bernoulli|conj|p=0.9|zero=allow_iid|rng=MT19937-RandomState,0.9,allow_iid,0.00026896316558122635,3.376603126525879e-05,0.00010426528751850128,8.423440158367157e-05,0.0,0.0004960140213370323,0.000491228885948658,6,12,0,3,three_column_check_failed,0,,,exclude_x,0,0,0,0,1,0,1,0,0,1,1,0,0,0,0,0.0014184331521391869
4,100,5,100,1846474768,30,conj,glucose42,MT19937-RandomState,4.97112050652504e-05,11111111111111111101111010111111111111111111111011111111111111111111110111011111111110111011111101111111111111101111111111011111110111111111111111111111111011111101100111001110111011111110111111111111101111111111111111111111111101111111111111111111011111111111111111111111011111111111111111011111111111111111011111111111101011001111110111111111111111111111111111111111111111111111111110110111111111110111111111111111111111111111110111111111111101111011111110111111111111111101111010111111110111111111,8c94aa1162a591beaa069c5267eee7fbc8bf690c80ee47a808432fc9a400f514,bernoulli,bernoulli|conj|p=0.9|zero=allow_iid|rng=MT19937-RandomState,0.9,allow_iid,0.00027749594300985336,3.6821700632572174e-05,0.00011652801185846329,0.0001089777797460556,0.0,0.0005451366305351257,0.0005398234352469444,7,12,0,3,three_column_check_failed,0,,,exclude_x,0,0,0,0,1,0,1,0,0,1,1,0,0,0,0,0.0014048842713236809
4,100,5,100,1846474768,31,conj,glucose42,MT19937-RandomState,3.194063901901245e-05,10111111111110111111111111011111101111011111110111111111110011111111111111111111111111011111111011111111111111111011111111111100111111111111111011011111010111111111001011111111011111111111011111111111101011111111111111111111111110101111111111111111111111101111111011101111111010111110111101111111011111101111111111111011111011111111111111111111110110111111111111111111011111111111111111111001011111111111111111111111110010111101111111111111111111111101111101101111111111111011111111111011111101111111,f2cba5ee423cc2c8ac10137236f71335fc7433384b0db2b4d4894c9a2f0ac16e,bernoulli,bernoulli|conj|p=0.9|zero=allow_iid|rng=MT19937-RandomState,0.9,allow_iid,0.0002818973734974861,3.9676204323768616e-05,0.00011327303946018219,9.904894977807999e-05,0.0008402615785598755,0.0021221451461315155,0.0005338955670595169,7,13,0,5,SAT_found_counterexample,1,boolean_factorization,exclude_x,exclude_x,0,198,472,0,1,0,1,0,0,0,1,1,1,0,0,0.0014196932315826416
4,100,5,100,1846474768,32,conj,glucose42,MT19937-RandomState,3.352947533130646e-05,11110111111110011111101111111011111111111110111011011111111111111111111111111110111111111111111111111111111110110111110110111111111111111111111111111111111111110111011111110111111111101111111011110011111111101100111111111111110110111111111111111111111111111011111111111111111111011111111110101111111111111111111111111111111111110111111111111111111111110101111011111111111110101111111100111011011110111111011111101111110111011111111111011111111011101011111111111111110011101111111011111111111111011011,aca36423988f4acfa5ee9102a8f40a49fc99011aef3763d8d1888168d46fe69e,bernoulli,bernoulli|conj|p=0.9|zero=allow_iid|rng=MT19937-RandomState,0.9,allow_iid,0.0002767583355307579,3.4718774259090424e-05,0.0001136530190706253,5.1052309572696686e-05,0.0,0.0004810420796275139,0.0004761824384331703,7,13,0,3,three_column_check_failed,0,,,exclude_x,0,0,0,0,1,0,1,0,0,1,1,0,0,0,0,0.001347172074019909
4,100,5,100,1846474768,33,conj,glucose42,MT19937-RandomState,3.135111182928085e-05,11111111111111110101111011111110111111111011111111111111101111111111111111011110111111110011111111111111111110111010101111111111111111111101111101111111101111110110110111011111110111111111111111101111101111110111011011111111111110111111011111111111110111011111111111101111111011111011111111101101110111111111111111111011111111111111111111111011111111101111111111111011011111111101010110111111111110111111101111011111111111111111111111111011111111111111111111011111111101111111111101111110101111111111,8e1bfdba321866ba533c20059594d43c8f71071c881d6ca4c354cf4e4c0ac789,bernoulli,bernoulli|conj|p=0.9|zero=allow_iid|rng=MT19937-RandomState,0.9,allow_iid,0.00028180330991744995,3.386009484529495e-05,0.00011456478387117386,0.00010443106293678284,0.0009402250871062279,0.0022333934903144836,0.0005346592515707016,7,14,0,5,SAT_found_counterexample,1,boolean_factorization,exclude_x,exclude_x,0,193,466,0,1,0,1,0,0,0,1,1,1,0,0,0.0014303699135780334
4,100,5,100,1846474768,34,conj,glucose42,MT19937-RandomState,3.2689422369003296e-05,11111011111111011111111011111110110001111101111111111110111111111111111111111101101000100111101111111111111111111111110111111100111111110101111111111111111111111111011111111011111111111010111111111010111110111111111111111111111111111111111101111111111111111111111111111110111101011111110111111111111111111111111101111110111111111110101111111111001111111111110111111111110111101101011111111111111101011111111111110011110111111111111111111110111111111111111101111110111111111011101010111011111111111111,92ce6e1b783de4df0687c9b6283291c3f2316ac805b187f4f8447c6a00ff02bb,bernoulli,bernoulli|conj|p=0.9|zero=allow_iid|rng=MT19937-RandomState,0.9,allow_iid,0.00032695941627025604,3.816187381744385e-05,0.0001406930387020111,9.925942867994308e-05,0.0011473018676042557,0.0017559835687279701,0.0006050737574696541,10,17,1,6,SAT_unsat_identifiable,1,boolean_factorization,exclude_x,exclude_x,0,255,658,0,1,0,1,0,0,0,1,1,1,0,0,0.0015126336365938187
4,100,5,100,1846474768,35,conj,glucose42,MT19937-RandomState,3.185216337442398e-05,11101111101111011111011011111111001011111111111101111111111111111111111111110111111111111101111111111111110111111111011111111111111111111111110111111111111101111111111101011011111111111110110101110111011110101111111101101110110111111111111111111111111101111101101011111111111110011111111111111110011111111011111111111111111101111011111111111111111111111101111111111111111111101010101110111111111111111111111111111111011111110111111111110111111101111111011111110110111111111111111111110110101111111111,cd8e7245a4b2e056b56dc82fc58b3b7a08f41f1b87fc4d31726e94633ac1f661,bernoulli,bernoulli|conj|p=0.9|zero=allow_iid|rng=MT19937-RandomState,0.9,allow_iid,0.0003044493496417999,3.633368760347366e-05,0.00012164656072854996,9.668059647083282e-05,0.00089227594435215,0.002218480221927166,0.0005591101944446564,8,15,0,5,SAT_found_counterexample,1,boolean_factorization,exclude_x,exclude_x,0,212,528,0,1,0,1,0,0,0,1,1,1,0,0,0.0014307228848338127
4,100,5,100,1846474768,36,conj,glucose42,MT19937-RandomState,3.181584179401398e-05,11111110101111101111110111111111111111111111111111101111110110111111111111111111111111111111111101111101111110111111111111111111111111110110111111111101010111111111111111111111111101111111111111111111111111001111101111111011110111111111101111111111111101111111111111111111111011001111111111111111111100101011111111111111010111111111111111111111111111101111111101111011101111111110111111111111011111111111111111111111111111110100111101111111101111011111111111011111111011111011111110111111111011111111,c9e543c12acb40186752f483ef726af9f1e660c747208f69ad5e408b27324097,bernoulli,bernoulli|conj|p=0.9|zero=allow_iid|rng=MT19937-RandomState,0.9,allow_iid,0.00031071342527866364,3.7085264921188354e-05,0.00012240279465913773,9.882263839244843e-05,0.0007432755082845688,0.0013161078095436096,0.0005690241232514381,8,16,1,6,SAT_unsat_identifiable,1,boolean_factorization,exclude_x,exclude_x,0,207,522,0,1,0,1,0,0,0,1,1,1,0,0,0.0014587314799427986
4,100,5,100,1846474768,37,conj,glucose42,MT19937-RandomState,3.173481673002243e-05,11111111011111101111111111111111111111111011111111111001111111100111111111110111011111110101011111111111100111011111111101101111111111111111111111111111111111111111111111111111111111111111011101100111111111111101111111011011110111111111100111010111101011111111111111011111011111101110111111111010111111111110111111101111111111111101111101111111111111111101011111101111111111011100111111111101111111111011111111110111110011111111011111111111111011111111111110111111111111101111111111011111111110111111,3f0ce10e7a853930e26d3d429db998b98d10e84151fc95bc4fbdf17c812ce9a0,bernoulli,bernoulli|conj|p=0.9|zero=allow_iid|rng=MT19937-RandomState,0.9,allow_iid,0.0002803187817335129,4.052836447954178e-05,0.00011324509978294373,9.862054139375687e-05,0.000819038599729538,0.0020818980410695076,0.0005327127873897552,7,13,0,5,SAT_found_counterexample,1,boolean_factorization,exclude_x,exclude_x,0,198,472,0,1,0,1,0,0,0,1,1,1,0,0,0.0014350833371281624
4,100,5,100,1846474768,38,conj,glucose42,MT19937-RandomState,3.247708082199097e-05,01111011101111111111111110111111111011111111111111110111011111111111111010111101111111111111111111111111111111110110111111101111111111111111111111111111111111111111101101011111011111111111001111111111111011011011111011111111101111110101111111111111011111111111111111010111111111111011011111111111111111110111111111111101111110111111111111111111111111111111111111111111110111111111111111111111111111111111111110111110111111111001111111111111111111111111111111111101111101111111111111101111111111111111,9d29f1355818e2b4efaea8502331fde30ce3c4c3fe7787491045f22e8a6ebd96,bernoulli,bernoulli|conj|p=0.9|zero=allow_iid|rng=MT19937-RandomState,0.9,allow_iid,0.00029119662940502167,3.5111792385578156e-05,0.00012174714356660843,9.886827319860458e-05,0.0009726453572511673,0.0022841449826955795,0.0005469238385558128,8,14,0,5,SAT_found_counterexample,1,boolean_factorization,exclude_x,exclude_x,0,222,540,0,1,0,1,0,0,0,1,1,1,0,0,0.001440589316189289
4,100,5,100,1846474768,39,conj,glucose42,MT19937-RandomState,3.269128501415253e-05,11111111111111111111111011111111111011111111111111111111111101111101111111110011111111111111111111111101011111011111111111111111111111111111101111111111111111011101011111111111111111111011110011111111111111111011110111111111111110101111111111011111011111111111111111101111111101111111101111111111111111111110101111111111111111111111111111111111110110111111111111111111011111011111111111111111111111111111111111101101111010011111011111111101101110011101111011111111111111111011111111111111111110111111,92270d1b875aac867e2f3421555f4bb0f6439bdea9b60bce941e627b050b6864,bernoulli,bernoulli|conj|p=0.9|zero=allow_iid|rng=MT19937-RandomState,0.9,allow_iid,0.00026445742696523666,3.3610500395298004e-05,0.00010395143181085587,5.0620175898075104e-05,0.0,0.0004574982449412346,0.00045263953506946564,6,11,0,3,three_column_check_failed,0,,,exclude_x,0,0,0,0,1,0,1,0,0,1,1,0,0,0,0,0.0013525458052754402
4,100,5,100,1846474768,40,conj,glucose42,MT19937-RandomState,4.4898129999637604e-05,01111111111111111111011111111011111000101111111111101111111111010111111111111111111111111011110111111111100001111111111111111111111011110111111111111111111111111110111110111111111111111111011101110111111111111111111111111111111111011111111111111101110111111111111110110101111111111111011111011111111111111101111111111110111111111111111111111111111111111111010111111111111111111111111011111111101111111111111111111110111111111111101111111111111101111011111011111111111111111110101111011111111111111011,e396b17fe117f3226a97dab1b959706130914c7a46041822fe1372146833219f,bernoulli,bernoulli|conj|p=0.9|zero=allow_iid|rng=MT19937-RandomState,0.9,allow_iid,0.0002935212105512619,3.700610250234604e-05,0.00011654756963253021,0.00010093953460454941,0.0006631799042224884,0.0012148339301347733,0.0005480144172906876,7,14,1,6,SAT_unsat_identifiable,1,boolean_factorization,exclude_x,exclude_x,0,178,448,0,1,1,0,0,0,0,1,1,1,0,0,0.0014759758487343788
4,100,5,100,1846474768,41,conj,glucose42,MT19937-RandomState,3.223307430744171e-05,11111111111111111111111101111011011111111111111111111111111111011111001111111111011111111101111111111110111101111111111111111111111111111111101111111111111111011111110111011111111111111111111110101111111111111111111111101111111111011111100111111111111011111111111111111111111111111111111101111111111111111110101101111111111111100111110111111111111111011101111111111111111011111111111111101110101011111111111111111111001111111111111111111011111111101111101111111110111111110110111111011111111111111111,b1bdae0c5d324507871925c9ca3aaa730c7521c90e4d8f8603965b37a3161d88,bernoulli,bernoulli|conj|p=0.9|zero=allow_iid|rng=MT19937-RandomState,0.9,allow_iid,0.0002846047282218933,3.393460065126419e-05,0.00011280085891485214,9.828805923461914e-05,0.0008504707366228104,0.0021337931975722313,0.0005296282470226288,7,13,0,5,SAT_found_counterexample,1,boolean_factorization,exclude_x,exclude_x,0,198,472,0,1,0,1,0,0,0,1,1,1,0,0,0.001420518383383751
4,100,5,100,1846474768,42,conj,glucose42,MT19937-RandomState,3.242678940296173e-05,11111111111011111111110111111111111111101110111111111011110110111111111111111111011111011111111101111101110110111011000110111010111111111111111111011111100111101110101111111111101101111111111111111111111111101111011111111111111111111111111011110111001101111010111111111110101111111111111111111111111111111101101111011111111010111111111111010111111111111111111011111111011111111011111111111111111011111100111000111111101111111110111111111111111111111111011111111111111111111101111111101111111111110111,6cb3ad5a32a5999663b058a24348d029c17b4a1c18c9af7fd860eab67411ab80,bernoulli,bernoulli|conj|p=0.9|zero=allow_iid|rng=MT19937-RandomState,0.9,allow_iid,0.00031413696706295013,3.6425888538360596e-05,0.00012269243597984314,0.00010003894567489624,0.0009048767387866974,0.002240506000816822,0.0005732942372560501,8,15,0,5,SAT_found_counterexample,1,boolean_factorization,exclude_x,exclude_x,0,212,528,0,1,0,1,0,0,0,1,1,1,0,0,0.0014469260349869728
4,100,5,100,1846474768,43,conj,glucose42,MT19937-RandomState,3.235321491956711e-05,11111111111111101111111111011111111111111101111111111111110111111001111001111111111010111111111111100111101111111111110101110111111111111110101100111111111111110111111100111000111111101111111101101111101111101111111011111110111111111111011101111111111111111111111111111111111011101011111111011111111111111111111111111111001001111111111111111111111111111111111101111111111100111111111111111111111111111111110110110111111111011110111111111011111111111111110110011110111110111110111111110111110111111110,df94706583c12951acc0d1ca863619fea1b8312b8b3cfab93a9a3f9a79b46635,bernoulli,bernoulli|conj|p=0.9|zero=allow_iid|rng=MT19937-RandomState,0.9,allow_iid,0.00030030496418476105,3.603193908929825e-05,0.00011405162513256073,9.759608656167984e-05,0.0006928471848368645,0.0012442227452993393,0.0005479846149682999,7,14,1,6,SAT_unsat_identifiable,1,boolean_factorization,exclude_x,exclude_x,0,183,454,0,1,1,0,0,0,0,1,1,1,0,0,0.0014493130147457123
4,100,5,100,1846474768,44,conj,glucose42,MT19937-RandomState,3.217998892068863e-05,11100111111111111111011111111111111111111111001101111111111111111001011111111111111111111111111101111111001111111111111101111111111111111111111111110110111110111111111011101111111110111111111011111110111111111111101111111111111011101111101111111111110110111111111111111111111101100111111111011111110111111101101111111101101111011110001111111110111111111111011111001101111001101111111111111111111101111111101111111011110111111111111111110111101111111111111111111111111111111111110110101111111111111111,00f08f65a084df27c643612d1cf86c3f3cc6918f2aecab60163c3f71a787f8d4,bernoulli,bernoulli|conj|p=0.9|zero=allow_iid|rng=MT19937-RandomState,0.9,allow_iid,0.0003099357709288597,3.660563379526138e-05,0.00012389011681079865,5.9927813708782196e-05,0.0,0.0005355319008231163,0.0005303593352437019,8,15,0,3,three_column_check_failed,0,,,exclude_x,0,0,0,0,1,0,1,0,0,1,1,0,0,0,0,0.0013878578320145607
4,100,5,100,1846474768,45,conj,glucose42,MT19937-RandomState,3.080535680055618e-05,11111111111111111111011111111111111111111111111111111111111111011111111111111111111011110111111111111111101111111111111011111111111111111111101111111101111111111111101111111011111111111111101111111111011111111111110111111111111111101111111111101111011011101111111111111111111111111111111101111111111110111111111111111111111101111111111111111111011111111010111111101111111111111011111111111111111111111110111110111110111111111111111110111111110111111111111111110101111111111111110111110111111111111111,4f1a30d78d1bcdbfbd4211041c6bf3188f6ca7c1d00289a2ac04b4fa480952b4,bernoulli,bernoulli|conj|p=0.9|zero=allow_iid|rng=MT19937-RandomState,0.9,allow_iid,0.00024948548525571823,3.350246697664261e-05,0.0001039355993270874,3.505591303110123e-05,0.0,0.000426524318754673,0.00042197946459054947,6,8,0,3,three_column_check_failed,0,,,exclude_x,0,0,0,0,1,0,1,0,0,1,1,0,0,0,0,0.0013177283108234406
4,100,5,100,1846474768,46,conj,glucose42,MT19937-RandomState,3.0127353966236115e-05,01111111111111111111111111110011011011111111111111111111111111111111111111111111011111111011111010101111111101111111111111111111111111011111101101111110111110111011011111111110111111110111111101101111111111011011110111111111101111010111111111111111101111111110111011111111111010111111111111110111111111111101111111111111101111111111111111111101111111111111101010011111110011111101111110111111011111111111100010111111111111111111111111110111011101111111001111111111111111111111111111111111111111111111,54284bf0586be3261b7ba8ec607d5f678dbe1d4c75903fa2b8360949a3ce31a4,bernoulli,bernoulli|conj|p=0.9|zero=allow_iid|rng=MT19937-RandomState,0.9,allow_iid,0.0003449171781539917,3.8917176425457e-05,0.00013960804790258408,9.796954691410065e-05,0.0008994340896606445,0.0015247156843543053,0.0006214119493961334,10,17,1,6,SAT_unsat_identifiable,1,boolean_factorization,exclude_x,exclude_x,0,250,652,0,1,1,0,0,0,0,1,1,1,0,0,0.001494796946644783
4,100,5,100,1846474768,47,conj,glucose42,MT19937-RandomState,3.29362228512764e-05,11110111111101111111100101111111111101101111111000111111111101111111111111111111111111111110110111111101111110111111111111111111111011111111110111011111010111111111111111111100110101111111111111111111111111111101111101111111111111111011101011111111111110111111111101011110111111100111111111111111111111101011111111001111101111111111110101111111101101111111111101010110111111111110111111011111111111111110111101111111110111111111111111111101111111010111000111111110111011111111111111111011111111111110,eac6a7c26edfe9cae93925d66c0cfd95010c6ac970e566f3a9e8f8477cd2a6a2,bernoulli,bernoulli|conj|p=0.9|zero=allow_iid|rng=MT19937-RandomState,0.9,allow_iid,0.0002934373915195465,3.5208649933338165e-05,0.00011426303535699844,0.00010031554847955704,0.0007145144045352936,0.0012611635029315948,0.0005432246252894402,7,14,1,6,SAT_unsat_identifiable,1,boolean_factorization,exclude_x,exclude_x,0,183,454,0,1,0,1,0,0,0,1,1,1,0,0,0.001474243588745594
4,100,5,100,1846474768,48,conj,glucose42,MT19937-RandomState,3.2306648790836334e-05,10011111111111011111111111111011111110111111111101111101111111111111110111011111111111111111111111110111111111101111111101111110111111111111111101011100111111111111111101010111111111101111111111111100110111111111101111111111010111111111111111111111111111111111111111111111111111101111110111111111111111111111111111111101111111111111111111111111011110111111101101011001111111111111111111111111111111111111101111111111111111111111111111101111111111111111111111111110111011111111111111111101111111111111,ea3b2fc05fd79d6924dfe2bc2c909cfd2282c78d20633ad4113784f721e19e56,bernoulli,bernoulli|conj|p=0.9|zero=allow_iid|rng=MT19937-RandomState,0.9,allow_iid,0.00026679597795009613,3.355741500854492e-05,0.0001046871766448021,9.920261800289154e-05,0.0007943287491798401,0.0020345263183116913,0.0005042431876063347,6,12,0,5,SAT_found_counterexample,1,boolean_factorization,exclude_x,exclude_x,0,174,404,0,1,0,1,0,0,0,1,1,1,0,0,0.0014214040711522102
4,100,5,100,1846474768,49,conj,glucose42,MT19937-RandomState,3.2636336982250214e-05,11111111111110111111111111111111111111111111010111111111111111111110111111111111111011101110111111110111111111110111111001111101111111111111111111111111111101100111111011111111111111111110111111111011101111111110111111111111111111111111111111111111111110111111011111111011101111111111111111111111111110111101111011111111111111111111111110111101111011011111111111111111111101111111111111011111111110111111111111111101111111111111111110111111111010110111111111111100111011110111111011001111111111110111,121c4ff81b2070d9ad1f4a69ae323474d533efd8b78346a09ebabbb502c14e63,bernoulli,bernoulli|conj|p=0.9|zero=allow_iid|rng=MT19937-RandomState,0.9,allow_iid,0.00026662368327379227,3.4593045711517334e-05,0.00011366885155439377,2.47834250330925e-05,0.0,0.00044438987970352173,0.00043966900557279587,7,10,0,3,three_column_check_failed,0,,,exclude_x,0,0,0,0,1,0,1,0,0,1,1,0,0,0,0,0.0013275286182761192
4,100,5,100,1846474768,50,conj,glucose42,MT19937-RandomState,5.237758159637451e-05,11110111111111111111111111111111110111111111111111110111111111111101111011111110011111001111111110111010111111111111111111111111111101111111111111111111111111111111111111111111111101111111111111111110111111111111111110111111111111111010100111111111111101111111111111111111001111101110111101111111111111111111111111111111111111111111111110101111111111111111101111101111111101011111111110011111110101111111101111111111111110111111111111111101111111101111111111111111110111101111111010111111110111110111,73a1b0fba56d501382b9cd8c766238fbcbe1b83896f8f2d47b76c9d516ed74b2,bernoulli,bernoulli|conj|p=0.9|zero=allow_iid|rng=MT19937-RandomState,0.9,allow_iid,0.00028590112924575806,3.6193057894706726e-05,0.0001173531636595726,0.00010100007057189941,0.0009011896327137947,0.002196749672293663,0.0005404474213719368,7,13,0,5,SAT_found_counterexample,1,boolean_factorization,exclude_x,exclude_x,0,193,466,0,1,0,1,0,0,0,1,1,1,0,0,0.0014058500528335571
4,100,5,100,1846474768,51,conj,glucose42,MT19937-RandomState,3.2179057598114014e-05,11111101111111111110111110111010111111111110111111111111110111111111111111111111101111111111111111101111111111101011110110011111111101111111111110111111100111111111111110110011111111111111111111111011111011101101011110111111111111110111111110011100110011111111101111110111111111111111111111011100111111110111110111100111111101111111111111111111111111111111111111111111111111111111111111111011111011111111111111111111101111101111010110111110111111111111111111111111111111111111101100101111111101111101,078291980d3579f091ae917490935553be63e3dad4aa1c8e0cd6b8fef7fb8585,bernoulli,bernoulli|conj|p=0.9|zero=allow_iid|rng=MT19937-RandomState,0.9,allow_iid,0.00032189395278692245,3.7618912756443024e-05,0.0001313788816332817,9.86047089099884e-05,0.0008980864658951759,0.0014911582693457603,0.0005894964560866356,9,16,1,6,SAT_unsat_identifiable,1,boolean_factorization,exclude_x,exclude_x,0,236,596,0,1,0,1,0,0,0,1,1,1,0,0,0.00147970300167799
4,100,5,100,1846474768,52,conj,glucose42,MT19937-RandomState,3.259442746639252e-05,11111111111111001101111110101111111111111101111001110111110111011110111111111111111111111111111111111011111111011111111111111111110111101101111001110011111111111111110101111111111110111011101111111111011111111110011111111111111111111111111111111111111111111111011111111111111111111110111111101111111111111111011011111111111111111111111111111111111101111111110111011111111111111111111111111111101111111111111111111111011011111101111101111111111111110111111111110111111111111111111011110011111011111111,1e7d2426dc119f8225f18e70aceda880f812fb1ebc3e20fc40634acde4955888,bernoulli,bernoulli|conj|p=0.9|zero=allow_iid|rng=MT19937-RandomState,0.9,allow_iid,0.00029468070715665817,3.514345735311508e-05,0.00012262258678674698,0.00010044407099485397,0.0009389976039528847,0.0022609680891036987,0.0005528908222913742,8,15,0,5,SAT_found_counterexample,1,boolean_factorization,exclude_x,exclude_x,0,217,534,0,1,0,1,0,0,0,1,1,1,0,0,0.0014375187456607819
4,100,5,100,1846474768,53,conj,glucose42,MT19937-RandomState,3.1647272408008575e-05,01111111101000100111111101101111011111111111111111111110110011111111110111111111110111111111111101101111111111111011111111101111111111111111011111111111111110111111111111110111111111101111111111111111111111111111110011111111011111111111111111101111110011111101111111111111111111111111110111111111111111111111111111001111111011111101111011111111111111111111111111111101011111111111111111111011111111111111111110111111111111111011111111111111111111111111110111111111111101111111111111101111011111111111,b73d005e0cbe8ca21400f765017f20546e4b0a6ede48d60ac1ee8edb47266421,bernoulli,bernoulli|conj|p=0.9|zero=allow_iid|rng=MT19937-RandomState,0.9,allow_iid,0.00027304328978061676,3.8232654333114624e-05,0.000105246901512146,6.826221942901611e-05,0.0,0.0004897555336356163,0.0004847850650548935,6,12,0,3,three_column_check_failed,0,,,exclude_x,0,0,0,0,1,0,1,0,0,1,1,0,0,0,0,0.001365499570965767
4,100,5,100,1846474768,54,conj,glucose42,MT19937-RandomState,3.167986869812012e-05,10011111111011111111111101101111111001110111011111111111111111011111111011111100111111111111101111111111110111110110111111111111111111111111111111111111111011111111111111111111110101111111111011111101011111111111111110111111101111111011111111111111111111111011010111111111111101101111111010111111111111111111111011101111111110001111111111111111110111111111111111111111011011111111111111110111111111111111111111111110111011111011111111111000101111111111111101111111111111101111111111011101111111111110,f59e903a0b77d505f5aa5b2f23584f6b27a38d987668dc4c557fcefde03efdf0,bernoulli,bernoulli|conj|p=0.9|zero=allow_iid|rng=MT19937-RandomState,0.9,allow_iid,0.00031727179884910583,3.778096288442612e-05,0.00013963039964437485,9.757373481988907e-05,0.0010311873629689217,0.0016272449865937233,0.0005922568961977959,10,16,1,6,SAT_unsat_identifiable,1,boolean_factorization,exclude_x,exclude_x,0,260,664,0,1,0,1,0,0,0,1,1,1,0,0,0.001495812088251114
4,100,5,100,1846474768,55,conj,glucose42,MT19937-RandomState,3.179255872964859e-05,11111111111111111111111111110111111111011111111111110111101111110111111110111111111111111111111111011110111111111011111111111111101110101111110111111111110111110111111111110111111111111111101111110111111111111111111111111111111111110111111011010111111101111100101111111111101111111111111111101111101111111111111111111111111111111111111111111111111111011111110111111111111111110111011111111111111111111111111111101111111111111111111101111101110101111111111111100111111111101111010111110011110111111111,1a448a9a0853eb25a3808a515b71b489ef2adbc8352fa9ecd5ead1736c9d1ba0,bernoulli,bernoulli|conj|p=0.9|zero=allow_iid|rng=MT19937-RandomState,0.9,allow_iid,0.0002630744129419327,3.421120345592499e-05,0.00010508578270673752,2.4401582777500153e-05,0.0,0.0004314575344324112,0.00042677298188209534,6,10,0,3,three_column_check_failed,0,,,exclude_x,0,0,0,0,1,0,1,0,0,1,1,0,0,0,0,0.0013284478336572647
4,100,5,100,1846474768,56,conj,glucose42,MT19937-RandomState,3.090500831604004e-05,11110111110111110101111101111111110111111111011111111111111111101111111111111111111111111111101111100111111011110101111101111111111111111111001111111101111111111011001111110111110111111111111111111111101111111111111111011110110111111111011101111111110111110111011111110110101111111111111111111111101111111111111111111111110111111101111111111111111111111111111111111011011111111111111111111111011111101111110111111111111111111110111111111110111111111111111111111111011110111111111110111111111111111111,68f73b8edc79707e6f3a3b993e89b0992656bf32bf645f65417449f9b173617d,bernoulli,bernoulli|conj|p=0.9|zero=allow_iid|rng=MT19937-RandomState,0.9,allow_iid,0.0002655079588294029,3.354717046022415e-05,0.00010438170284032822,9.862799197435379e-05,0.0008023642003536224,0.0020447149872779846,0.0005020648241043091,6,12,0,5,SAT_found_counterexample,1,boolean_factorization,exclude_x,exclude_x,0,174,404,0,1,0,1,0,0,0,1,1,1,0,0,0.001409638673067093
4,100,5,100,1846474768,57,conj,glucose42,MT19937-RandomState,3.2772310078144073e-05,01111111101010111111111111111111111111011111111111111111111100111011101111111111111111111111111111110111111111111111101111111111111111111111111111110101111111111111101111111111111111111111111110111111101110111111111111111111111111111111111111111111101111101111111111101101111111101111011011101110111111011111111111101111111101110111111111111111101110111110111111111110111111111110111111110111111111111011111111111111111111111111111111111111011111111110111101111101111011101011011111111111111110111110,70c2391952ec2f0f242f62fad0e7b28af25768e641b0e5ffaf55901fb899246d,bernoulli,bernoulli|conj|p=0.9|zero=allow_iid|rng=MT19937-RandomState,0.9,allow_iid,0.0002558361738920212,3.355741500854492e-05,0.00010404828935861588,5.11854887008667e-05,0.0,0.00044960156083106995,0.0004446273669600487,6,10,0,3,three_column_check_failed,0,,,exclude_x,0,0,0,0,1,0,1,0,0,1,1,0,0,0,0,0.001343466341495514
4,100,5,100,1846474768,58,conj,glucose42,MT19937-RandomState,3.147684037685394e-05,11101111111111111111111111111111101111111111111110111110110111101111111111111111111101011110111111111111011111101110110011111111111111111111111110111111111101101111011111111111111111111011110111111111111111111111111101111111110111111111111111111111110101011111111111011111111111111111110111111111011101111111111111111111101111111111011101111111111111111111111111111111111111111101011111111110111111111111111101110111111111111011111111111111111111111111111111111110111110101111111111011011111111101111,009226a94b76b578dac6c33888b618bb1c77e4b482c78d5dcc3c70293dd673fb,bernoulli,bernoulli|conj|p=0.9|zero=allow_iid|rng=MT19937-RandomState,0.9,allow_iid,0.0002670520916581154,3.424566239118576e-05,0.00011313427239656448,7.449276745319366e-05,0.0,0.0004934743046760559,0.0004889247938990593,7,12,0,3,three_column_check_failed,0,,,exclude_x,0,0,0,0,1,0,1,0,0,1,1,0,0,0,0,0.0013828491792082787
4,100,5,100,1846474768,59,conj,glucose42,MT19937-RandomState,3.161095082759857e-05,11111111101111011111001111101110111111111011101111111111111111011111011010111101111111110111110111111111110111111111111111111110111111111110111111110111101111111111111111011111111111111111111111111111101110101111111111111111111111111111111111111111111111011111111111101110111111001110111111111111111101111111111111111111111111111111111111111111011111110111111111110111111010101111111111111110011111111111101111111111111111111111111110111111110011111111111101111110100011111110111111111111111111111111,f63a884a53684698e87517ab69c553d1de5d6e28218ba85348430df85d5fbdfa,bernoulli,bernoulli|conj|p=0.9|zero=allow_iid|rng=MT19937-RandomState,0.9,allow_iid,0.00029475893825292587,3.606267273426056e-05,0.00012231897562742233,9.762682020664215e-05,0.0008647274225950241,0.002184065990149975,0.0005507674068212509,8,14,0,5,SAT_found_counterexample,1,boolean_factorization,exclude_x,exclude_x,0,217,534,0,1,0,1,0,0,0,1,1,1,0,0,0.0014895237982273102
4,100,5,100,1846474768,60,conj,glucose42,MT19937-RandomState,5.1359646022319794e-05,11111111110111111111111111011111011111101111111111111111111101111111111110011111111111111111111011110111111111011111011101111111011111111101111101111111111111111001111011111111111111111111111111011111111011111111111111111111001111111111111111110111111111110111111111111011111110011111111101110011101110111111111111111111111010111111111111111110111111101011111111110111100110111111111011111100110111011111101101011111111111111101111111111111111110011111111111110111111111111111111111111111111111111111,393df8ef4115f2cc5718682ad79726d0ced32044a88fdf1390dd4392e20523c4,bernoulli,bernoulli|conj|p=0.9|zero=allow_iid|rng=MT19937-RandomState,0.9,allow_iid,0.00030610617250204086,3.729667514562607e-05,0.00011754687875509262,9.975489228963852e-05,0.0007879128679633141,0.0013523027300834656,0.0005607046186923981,7,14,1,6,SAT_unsat_identifiable,1,boolean_factorization,exclude_x,exclude_x,0,188,460,0,1,0,1,0,0,0,1,1,1,0,0,0.0014782827347517014
4,100,5,100,1846474768,61,conj,glucose42,MT19937-RandomState,3.2504089176654816e-05,11011111101111111111111011111111111000101011111011100111111111011111111111101110111111111111111111001111101111111110111111111111111111111111111111111111110110111101111111111111111011110111111101111111111111111111111111111111111111111111111111111101111111111111111111110111111111111011110111111111111111111011101101111111111111111111111111111111110011111111111111110111111111111111111110111111111010111111111111011111111110111111111111111111101001111111111111110111110111111111101101111111111111111111,bad297cc39743aaf7ecdf444e0daa153a226ae45aa9f88d61f60d910ffdc613d,bernoulli,bernoulli|conj|p=0.9|zero=allow_iid|rng=MT19937-RandomState,0.9,allow_iid,0.00029706116765737534,3.447383642196655e-05,0.00011358596384525299,9.777303785085678e-05,0.0007865093648433685,0.0020863860845565796,0.0005428940057754517,7,14,0,5,SAT_found_counterexample,1,boolean_factorization,exclude_x,exclude_x,0,183,454,0,1,1,0,0,0,0,1,1,1,0,0,0.0014486610889434814
4,100,5,100,1846474768,62,conj,glucose42,MT19937-RandomState,3.247242420911789e-05,11110111011110111111111111111111111010111111110111111111111111111111111101111111111111111111110111011111111111111111011111110111111111111111101101110111110111111111111111101111111110011111100011111110011111111101101111111111111111111111111111111111011111111111111111111111101101111111111111011111111111011111110111111111111111111010110111111011111110111111101111111111111111111111111111111111111011111110111101111111110010111111011110111111111111111011011101111111111111111101110111011111111110111111,1edc0be373c6118fb92babf6b3b89628c367ea934cc39b515404066d12e53372,bernoulli,bernoulli|conj|p=0.9|zero=allow_iid|rng=MT19937-RandomState,0.9,allow_iid,0.00027410034090280533,3.89833003282547e-05,0.00010395143181085587,9.947177022695541e-05,0.0007841214537620544,0.002028016373515129,0.0005165068432688713,6,13,0,5,SAT_found_counterexample,1,boolean_factorization,exclude_x,exclude_x,0,169,398,0,1,0,1,0,0,0,1,1,1,0,0,0.0014207763597369194
4,100,5,100,1846474768,63,conj,glucose42,MT19937-RandomState,3.354903310537338e-05,11111111111111101110111111111011110110101110111111111110111111111111111111111011111011111111111111111011111111111011111111111101010111111111111011110110111111111111111111111100111111101011111111111111110101111111111111111110011111111111110110110111111111110101111111111101111111111111110111111111110011011111111111111111111111011111111111101111111111111110111111111101111011101111111110111111111111111111111011111101111111101111111101111111111111111100110111111101011011111001001111111111111111101111,bb8c6597684b2d130fa3daa401cbdb82bf8fd50875532d96c01e233bd7c94ef5,bernoulli,bernoulli|conj|p=0.9|zero=allow_iid|rng=MT19937-RandomState,0.9,allow_iid,0.0002942131832242012,3.611575812101364e-05,0.00012233387678861618,5.2669085562229156e-05,0.0,0.0005101095885038376,0.0005053319036960602,8,14,0,3,three_column_check_failed,0,,,exclude_x,0,0,0,0,1,0,1,0,0,1,1,0,0,0,0,0.0013872217386960983
4,100,5,100,1846474768,64,conj,glucose42,MT19937-RandomState,3.199651837348938e-05,11111111111110011111111111111111101111111001101111111111111001111111110111111011111111110111111011111111111011111011111111111111111111011011111111111111111111111001111111111111111111011111110011111111111110111110111010111111111111111101111111111111011100111111111111111111111111101101101111111111111110000111111111110111111111111111101111111011111110111111111111111111101111111111111111111111111101110011111111111111111111010111111111111111111111011111101111111110111110111111110111111010111011111011,c25a270e9cb1249d5e55d5cf21ef031ed1e4c67bcf801e81c9437dc72a10c691,bernoulli,bernoulli|conj|p=0.9|zero=allow_iid|rng=MT19937-RandomState,0.9,allow_iid,0.0002868259325623512,3.41879203915596e-05,0.00011330284178256989,0.0001069679856300354,0.0008023185655474663,0.0013471515849232674,0.0005412846803665161,7,14,1,6,SAT_unsat_identifiable,1,boolean_factorization,exclude_x,exclude_x,0,183,454,0,1,1,0,0,0,0,1,1,1,0,0,0.0014929752796888351
4,100,5,100,1846474768,65,conj,glucose42,MT19937-RandomState,3.1536445021629333e-05,11111110110101111110111111011111011111111111101101110111110111111111111101011111111111110111111111111011111111111111111111111111101111111111111111110111111111101111111111110111111111011111111111111111110110110101011101111111111111111011111111011111011011111101111111111111111111111111111110111111111111111111111101111111111011111111111111111111111111110111011111111111111011111111111111111110111011111111111111111111111111111111111111111101111111111111111111111111111111011011111111111111111101111111,47121a690e42142e63968b2aded573a69b8f81f0d3082399aff75f2e302643bb,bernoulli,bernoulli|conj|p=0.9|zero=allow_iid|rng=MT19937-RandomState,0.9,allow_iid,0.0002551749348640442,3.375951200723648e-05,0.00010594446212053299,4.3919309973716736e-05,0.0,0.00044350698590278625,0.0004387982189655304,6,10,0,3,three_column_check_failed,0,,,exclude_x,0,0,0,0,1,0,1,0,0,1,1,0,0,0,0,0.0013490580022335052
4,100,5,100,1846474768,66,conj,glucose42,MT19937-RandomState,3.226008266210556e-05,11111111111111111110110110111110111011001011110111111111111110101111111110111111111111110110001111111111111111110011111111111100111111111111111011111111111111111110111110111101001111101111111110110101111101111111111011111100111111111111111111101111111011111111111111111001110111111111111011101111011110111111111111111111101111011111111111111111101100011110111011101011101011111111111011111101111111111111111101011110111111111101111111110111110101111111111111111111011111110111110111011111111111111111,98c3f5a1dd27f856d99ba69c78be36d475dcb9fe2c8cc4216fe6a2e9aec4ff8c,bernoulli,bernoulli|conj|p=0.9|zero=allow_iid|rng=MT19937-RandomState,0.9,allow_iid,0.000295836478471756,3.5672448575496674e-05,0.00013774726539850235,0.00010038353502750397,0.0009186770766973495,0.0022346628829836845,0.000569639727473259,8,14,0,5,SAT_found_counterexample,1,boolean_factorization,exclude_x,exclude_x,0,212,528,0,1,0,1,0,0,0,1,1,1,0,0,0.0014637978747487068
4,100,5,100,1846474768,67,conj,glucose42,MT19937-RandomState,3.2708048820495605e-05,11110111111001111111110111100101011111010111111001111111111111111111111111110111111111111111111111111111111111111111111101101101111111111111101111111111110011101111111111010111111111011101111111111111111111111111111111111110111111111111111111111111101111111111101111101111111111111101111111111111111111111111111101111111111101101110111111111111111111111111111111111111111111111101111111101111111111101111111111011110111101111111111111111111111111101111111111011111111111111111010101111111101111111111,25cb51ef6938a34cf312346dcb561e49c6783af2fb536fdbb36369a411f59139,bernoulli,bernoulli|conj|p=0.9|zero=allow_iid|rng=MT19937-RandomState,0.9,allow_iid,0.0002784309908747673,3.411434590816498e-05,0.000115223228931427,0.00010707508772611618,0.0008460097014904022,0.0021341927349567413,0.0005348436534404755,7,13,0,5,SAT_found_counterexample,1,boolean_factorization,exclude_x,exclude_x,0,198,472,0,1,0,1,0,0,0,1,1,1,0,0,0.001434297300875187
4,100,5,100,1846474768,68,conj,glucose42,MT19937-RandomState,3.3239834010601044e-05,01111111101111111101011101111111111001110011111111111111111011111111011111111111111001110110111111101111111110111110111111111111111111111101111111101111111111111111110111111111111111110101111111101111111001111111111111111101111110001110111111110100111011111101111111111110111101111111111111111011111111111111111011111111110111111111111111111111110111101111111111111101110111111110111011110111111111111111111011101111111110101111111010111111111101111111111101111111111111111111111111111111011111101111,18246ba7881789e121e1526b72d173a85f5db75c57b5fb2fbae60618a4636653,bernoulli,bernoulli|conj|p=0.9|zero=allow_iid|rng=MT19937-RandomState,0.9,allow_iid,0.0002723345533013344,3.3200718462467194e-05,0.00010467413812875748,5.2043236792087555e-05,0.0,0.00046751461923122406,0.0004622526466846466,6,12,0,3,three_column_check_failed,0,,,exclude_x,0,0,0,0,1,0,1,0,0,1,1,0,0,0,0,0.0013554533943533897
4,100,5,100,1846474768,69,conj,glucose42,MT19937-RandomState,3.244075924158096e-05,01111011111111111111111111011111111111111111110111111011111111111111111010111111111111111111011111111101111111111101111111011111010011111111101111111111111111111101111111111111101111111111111111111111111101101111011111111011011111111111111111110111101111111110110111111110111111111011101011111111111111111010111111111111111111111111111111111111111111111111111111111111111111111111111011111011111111111111111110111011111011111111111111111111111011111111110111101110110111110111111111011111110111101111,fc3a3686fa88a6f44851cd5bea573bed3265aa98cc6e6a7f8e0d43a99ccb2c51,bernoulli,bernoulli|conj|p=0.9|zero=allow_iid|rng=MT19937-RandomState,0.9,allow_iid,0.0002631600946187973,3.3389776945114136e-05,0.00011256057769060135,6.660353392362595e-05,0.0,0.0004803882911801338,0.00047571398317813873,7,11,0,3,three_column_check_failed,0,,,exclude_x,0,0,0,0,1,0,1,0,0,1,1,0,0,0,0,0.0014121038839221
4,100,5,100,1846474768,70,conj,glucose42,MT19937-RandomState,5.2002258598804474e-05,11111111111011011111111111111110111111110111111011111111111111111100111111111111111111101111111111111111011110111011111111101110111101011011111111111111111110111111111111101110111111110001111111110111111001110111011111111111111111111111111111110111111111111111111110011111110111111111111111111111111011111111111111111011111110111111111111010101101111110111111111111111111111111101011111111110111110110011011111011111111110111111011110110111100111111111111101011111111010101111111111110111111111111111,db381289d2fd00fc41f73d2728f1f2878d911338e1b072969a79789b2c200e27,bernoulli,bernoulli|conj|p=0.9|zero=allow_iid|rng=MT19937-RandomState,0.9,allow_iid,0.0003112396225333214,3.8798898458480835e-05,0.00012499187141656876,0.00010888185352087021,0.0008361972868442535,0.0014241384342312813,0.0005839122459292412,8,15,1,6,SAT_unsat_identifiable,1,boolean_factorization,exclude_x,exclude_x,0,212,528,0,1,0,1,0,0,0,1,1,1,0,0,0.001506386324763298
4,100,5,100,1846474768,71,conj,glucose42,MT19937-RandomState,3.2135285437107086e-05,11111111111111111111111111111111111111011111111111110111110111111111101111111111101111111111111111111101110111111101111111101110110111111111111001111111111011111011111111111111111101111111111111111110111110010111111111111111111111010111111111111111111111111100101011111111101111111011111111101111111111111111111111011110110111111011111110111111111111011111111111111111111111111111111111111111101110111111101111111111011111111111101111110111111111101111111100111111111111111111111111111111111111111111,809a3cedabf668f3eed839e55f1917425e8b1ca46c817a87d295fae6f0e25b8a,bernoulli,bernoulli|conj|p=0.9|zero=allow_iid|rng=MT19937-RandomState,0.9,allow_iid,0.00027080345898866653,3.2803975045681e-05,0.00010538008064031601,0.00010479800403118134,0.0007457928732037544,0.001993762329220772,0.0005137855187058449,6,12,0,5,SAT_found_counterexample,1,boolean_factorization,exclude_x,exclude_x,0,169,398,0,1,0,1,0,0,0,1,1,1,0,0,0.0014036232605576515
4,100,5,100,1846474768,72,conj,glucose42,MT19937-RandomState,3.2046809792518616e-05,10111111111111111111111111110111111111111111111111011111101111010111111111111111110111110011111111111111111110011111111111111111111111101111111111101101111111110111110111111111111011111111111111101111111101101111111101111110101011111010100111111111111111101111111111010111111111111111111011111111111111111111111110111011111111111111111111100111111111111111111111110011111111110111111111111111111011111111111110111110101011111111111111111111011111110111111111111111111111111111111111011110011110111111,f3c439c074e6387baf742a5c213dca138a40d5d55a7251892168e302f9d55f5c,bernoulli,bernoulli|conj|p=0.9|zero=allow_iid|rng=MT19937-RandomState,0.9,allow_iid,0.00029339641332626343,3.642681986093521e-05,0.00012301001697778702,9.765010327100754e-05,0.0007930304855108261,0.0013470211997628212,0.0005504833534359932,8,14,1,6,SAT_unsat_identifiable,1,boolean_factorization,exclude_x,exclude_x,0,217,534,0,1,0,1,0,0,0,1,1,1,0,0,0.001470637507736683
4,100,5,100,1846474768,73,conj,glucose42,MT19937-RandomState,3.267824649810791e-05,11111110111111111111111111111011111111110111111111111111111101111111111011011111111111111111111111111111011111111111111100111110110110111101011111111110111111111111111111111111111111111110111111111111011111001111111111111101111111111110111111101111111111001110111111111111111011111111111111110011111101011111111111111111111111111111111011010111011101111110010110111111111111111111111110111111111111101111111011110111111111111111101111111101111111011111111111011111011010111111111111111111111111100111,1115eb917287f56d2c7d5826c1601455f0a3f07971855b990e29a6d4f837c1ac,bernoulli,bernoulli|conj|p=0.9|zero=allow_iid|rng=MT19937-RandomState,0.9,allow_iid,0.0003162827342748642,3.6609359085559845e-05,0.00013209879398345947,9.827222675085068e-05,0.0008543124422430992,0.0014411881566047668,0.0005832631140947342,9,16,1,6,SAT_unsat_identifiable,1,boolean_factorization,exclude_x,exclude_x,0,236,596,0,1,0,1,0,0,0,1,1,1,0,0,0.0014939671382308006
4,100,5,100,1846474768,74,conj,glucose42,MT19937-RandomState,3.2776035368442535e-05,11111111111111111111011111011110101111111101111101111111111111111111111111011111111110111110111111111011111111111111111111101101111111111111111111111111111111111110111111111111011111110111111011111111111111111111111110011111111111011111111011111111111100111111011111111111110110111111111111111111111111111111111111011111011011111111111111111111111111110101110111111111011111111111111110111111111100011111110111011111111110111110110111011111111101011111111111111111111111111111111111011101011111111011,5bb420dc803ee8ef77a04529bac959312fbbee92075fa75f1787abb8f94056b0,bernoulli,bernoulli|conj|p=0.9|zero=allow_iid|rng=MT19937-RandomState,0.9,allow_iid,0.0002827933058142662,3.535207360982895e-05,0.00011429842561483383,9.764917194843292e-05,0.0008693225681781769,0.0021474137902259827,0.0005300929769873619,7,13,0,5,SAT_found_counterexample,1,boolean_factorization,exclude_x,exclude_x,0,193,466,0,1,0,1,0,0,0,1,1,1,0,0,0.0014316430315375328
4,100,5,100,1846474768,75,conj,glucose42,MT19937-RandomState,3.22265550494194e-05,10111111111011101101111111111110111110111111111011111111111111111111111111111011111111111101110111111111110110111101111111111101111111111111001111111111111111111111111111111111111101111111111110011111111110101110111111111111111111111011111111111110111110111111001111111111111111111111111111111111111111101111111111110101111111111111111101111110101111111110111111111111111111110111111110111111111101111011111111111111111110111111111011111111010101111111111010111111111111111110111111101101111111111101,633cd43d4a10bd687ea01f4b6060b89be706a9ab298964a1a877a0b4a826a727,bernoulli,bernoulli|conj|p=0.9|zero=allow_iid|rng=MT19937-RandomState,0.9,allow_iid,0.00030523352324962616,3.739353269338608e-05,0.0001317337155342102,9.769480675458908e-05,0.000930439680814743,0.0015060510486364365,0.0005720555782318115,9,15,1,6,SAT_unsat_identifiable,1,boolean_factorization,exclude_x,exclude_x,0,241,602,0,1,0,1,0,0,0,1,1,1,0,0,0.0015091458335518837
4,100,5,100,1846474768,76,conj,glucose42,MT19937-RandomState,3.210548311471939e-05,11111111011101011111110111111111001111111111111111111111110111111110111111111111111110111111111010111111110111111111011111111111101111111111111111111110110110101111111111111111110111011111110111111110110111011111111110001111111111101111111111111111111011111111111111111111111111111111111111011010101111111110111111111111101101111111101111111011111110111111111111111111111111011101111111111011011101111101110101010111111111111111111111111111011110111111111111111111111111110111111111011111111111111111,4e9a24559c2a71b23ebb255371f0d493a07aae054980a7218ad2ad31ffdc95bc,bernoulli,bernoulli|conj|p=0.9|zero=allow_iid|rng=MT19937-RandomState,0.9,allow_iid,0.00028737355023622513,3.47774475812912e-05,0.00011444650590419769,9.912997484207153e-05,0.0008601704612374306,0.002165042795240879,0.0005357274785637856,7,14,0,5,SAT_found_counterexample,1,boolean_factorization,exclude_x,exclude_x,0,188,460,0,1,0,1,0,0,0,1,1,1,0,0,0.0014317343011498451
4,100,5,100,1846474768,77,conj,glucose42,MT19937-RandomState,3.299582749605179e-05,11111111110110111111110111100111111101111111111111111111111111111101111011111100111111111111111111111111111110011111111111111111110110111111111111111111101111111111111111111111111111101111111111111111011011011111111101111111111111111111101111111111101101011101011111111111011101100111111110111011001111111111111110111110111101111111111111011111001111111111011111101111111111111111101111111111111110111111111111100110111010011111110111111011111111111101111111111111111101111111010110111101111111111111,e74b6f93cc993ab27f93646ea3ec58b6436914a7ed983b09517e9ea850028ed0,bernoulli,bernoulli|conj|p=0.9|zero=allow_iid|rng=MT19937-RandomState,0.9,allow_iid,0.00029935501515865326,3.564637154340744e-05,0.00012213457375764847,9.939540177583694e-05,0.0009148465469479561,0.0014749737456440926,0.0005565313622355461,8,15,1,6,SAT_unsat_identifiable,1,boolean_factorization,exclude_x,exclude_x,0,217,534,0,1,0,1,0,0,0,1,1,1,0,0,0.001499301753938198
4,100,5,100,1846474768,78,conj,glucose42,MT19937-RandomState,3.227498382329941e-05,11111111111111111011111111111101111111011111111111111111111111111111111011111111111111111111111111111101111111101100111011111011111101111111111111111111111111111111111111111101111111101111111111111110011110111111011110111111111111111111111111111111110111111111111111111111110011111111111111011101111111111111111111111111001111011111111111111101101111111111011101111111111101111110110111111111110111011111111111101111011100001111011101111011111111110111111111101111111111111111111101011111111101111111,53b3882981e4774b2600bf5f32f4d0189d707baebc14e2d9adf6f7502b806621,bernoulli,bernoulli|conj|p=0.9|zero=allow_iid|rng=MT19937-RandomState,0.9,allow_iid,0.0002778703346848488,3.47895547747612e-05,0.00011401064693927765,7.472187280654907e-05,0.0,0.0005068844184279442,0.0005013924092054367,7,12,0,3,three_column_check_failed,0,,,exclude_x,0,0,0,0,1,1,0,0,0,1,1,0,0,0,0,0.0013834964483976364
4,100,5,100,1846474768,79,conj,glucose42,MT19937-RandomState,3.1392090022563934e-05,11101111101111111101011101011111111111101111111110011111111111111111111111111111111110111111111111111110111111111111101111111111011101011111011011111101111111110111111101111101011111011111111111111111111111111101111111110111111110011111110111000111111011111011101111110111110111111111011111111111111111111111111111111111011111111111111100110101110111101111111111110111111110011111111111011111111111111101111111111111111011111111111111111111111011011111111110111111111111110111111111111111101111111111,8e2175eca51f7ac7cb769cdc83f7de4524aac3fd0fa7666ba8cfe7aa850fd18e,bernoulli,bernoulli|conj|p=0.9|zero=allow_iid|rng=MT19937-RandomState,0.9,allow_iid,0.00029186997562646866,3.506708890199661e-05,0.00012095831334590912,0.00010405108332633972,0.0009525297209620476,0.0022569792345166206,0.0005519464612007141,8,14,0,5,SAT_found_counterexample,1,boolean_factorization,exclude_x,exclude_x,0,217,534,0,1,0,1,0,0,0,1,1,1,0,0,0.0014531714841723442
4,100,5,100,1846474768,80,conj,glucose42,MT19937-RandomState,6.719771772623062e-05,11111111111111111001111111111111011111111100101110111111011111101011111011111011111111111100111111111111111111111111111111111111111111111111111111101111111111111111011111111111111111111111101100111111101111101111111110101111111011111101110111011111111111111011110111101111111111111111111111111100101011011111111111111111111111111111111111101111111111111111111111111110111111110100111111101111111111111111111111111111111111111111111101101111111111110011111111111111101111111111011111111111111111111111,e6e2f19927a84ee125678fa2512b880c81f3ecaf461fcb8c71be05b12c67bd1d,bernoulli,bernoulli|conj|p=0.9|zero=allow_iid|rng=MT19937-RandomState,0.9,allow_iid,0.00030612945556640625,3.787782043218613e-05,0.00011766329407691956,0.00010070390999317169,0.000911216251552105,0.0022330284118652344,0.0005623744800686836,7,14,0,5,SAT_found_counterexample,1,boolean_factorization,exclude_x,exclude_x,0,183,454,0,1,0,1,0,0,0,1,1,1,0,0,0.0014395033940672874
4,100,5,100,1846474768,81,conj,glucose42,MT19937-RandomState,3.3037737011909485e-05,01011011101111101111111111110011111111011011111111111111111111101111011111111111011111111111100110110111101111111111111110111111111111010111111100111111110101010111011111001111111111101111111111111111111111111111011111111111111111111111110111111111110111111111111100111011111111110111111111111111111111111110111111111111011111111111111111101111111111111111111111111111111111101111111111111110111111111111111111100111111111110101111111111111110100011111111111111111110111110111111110111111111111110111,998bdaac0f6e104850e77aa006d7df54e09fa32f6ebcfc31f062e8cc53cab298,bernoulli,bernoulli|conj|p=0.9|zero=allow_iid|rng=MT19937-RandomState,0.9,allow_iid,0.0002932129427790642,3.5229139029979706e-05,0.0001153256744146347,9.75094735622406e-05,0.000852818600833416,0.0021361513063311577,0.0005412772297859192,7,14,0,5,SAT_found_counterexample,1,boolean_factorization,exclude_x,exclude_x,0,193,466,0,1,0,1,0,0,0,1,1,1,0,0,0.0014473572373390198
4,100,5,100,1846474768,82,conj,glucose42,MT19937-RandomState,3.2316893339157104e-05,11111111111111111111111111111111111111110110111111111111101011111111111111111011111111011111101101111111011011111011101111111001100111111101111110111111111111110111110111111110111111101111011111111111110111111111111111011111111011111111111111101111011111101101111111111111111111111001111111110111111111111100111111100111111110111111111110111101111111111111110101111111111111101111111101111011111111111110111110101111111111011111111001100111111111111101111111000111111111111111111011111111111111111111,611493dc312d17bad1447cb30ad9218ff69fdf0fb9fc37953e69212e2ef24e0a,bernoulli,bernoulli|conj|p=0.9|zero=allow_iid|rng=MT19937-RandomState,0.9,allow_iid,0.00028895679861307144,3.503449261188507e-05,0.0001066494733095169,0.00010515842586755753,0.0007603568956255913,0.002031724900007248,0.0005357991904020309,6,13,0,5,SAT_found_counterexample,1,boolean_factorization,exclude_x,exclude_x,0,164,392,0,1,0,1,0,0,0,1,1,1,0,0,0.00141800194978714
4,100,5,100,1846474768,83,conj,glucose42,MT19937-RandomState,3.2988376915454865e-05,11111111111110101111111110011011111110101110011110111111111111101111101111110111111111111101111101111111110001111111111111101101111111111111111111111111111111111111110011111111101101111111111111111011011110111111111011111111111111100011111011111110111111111111111111111111111111101111111111111111101111111111001111101110111111111111111111111110101011111011111111110111111111111111011111101011110111111111011111101111111111111111111110111111111111111101111111111011111111111111111111111111111111101101,c618271e9a1025e79c7da92a1dd788c95f5560fb3c25d49413a41895c4541faa,bernoulli,bernoulli|conj|p=0.9|zero=allow_iid|rng=MT19937-RandomState,0.9,allow_iid,0.0003066873177886009,3.60170379281044e-05,0.00012279674410820007,9.881332516670227e-05,0.0008179666474461555,0.0013857735320925713,0.0005643144249916077,8,15,1,6,SAT_unsat_identifiable,1,boolean_factorization,exclude_x,exclude_x,0,207,522,0,1,0,1,0,0,0,1,1,1,0,0,0.001483268104493618
4,100,5,100,1846474768,84,conj,glucose42,MT19937-RandomState,3.3223070204257965e-05,11111111101111111111111110111111111111111111011110111101110110111111111111110111111111001101111111011111111111111111111111101111110111110111010111111111111111111111111111111111111111111111111111111111111111011111111011111110111111111111101001111111111101011111111110111111110111110101011111110111101111111110111111110111111111111111111111110111111110111111110110111111111111111011101101110111011111111111111111111111111011111111101101100100111011110111111111111111110111111011111111111011111111111111,051cab0bbb918f1d8eeb195b1fc943087f1c02bf58ca9ad275501067cfe80d4a,bernoulli,bernoulli|conj|p=0.9|zero=allow_iid|rng=MT19937-RandomState,0.9,allow_iid,0.00028681661933660507,3.499537706375122e-05,0.00011351797729730606,3.495160490274429e-05,0.0,0.00047566182911396027,0.00047028157860040665,7,14,0,3,three_column_check_failed,0,,,exclude_x,0,0,0,0,1,1,0,0,0,1,1,0,0,0,0,0.0013619158416986465
4,100,5,100,1846474768,85,conj,glucose42,MT19937-RandomState,3.079138696193695e-05,11111111111111110111110101111111111011111111101111111111111111011111111110111111111111111111111111111011111111111111101111111111111111111110110111110111111111111111111111111101111111101111111101111101101111111111111111111101010101011111110101111111111111111100011111111111110111101101111011110101110111111111111111101111111111011111011111100111111111111111111111111011111111110111111111111111011111111111110111111111111101111101011111111111111111111111111111111111111111111111110101101101011111111111,272d6a032af9bf6ff052c0d4beda29da0cd5902c9ffc57391c48a7fa9d80a95d,bernoulli,bernoulli|conj|p=0.9|zero=allow_iid|rng=MT19937-RandomState,0.9,allow_iid,0.00027054455131292343,3.5167671740055084e-05,0.00011333730071783066,2.5544315576553345e-05,0.0,0.0004495037719607353,0.0004445938393473625,7,11,0,3,three_column_check_failed,0,,,exclude_x,0,0,0,0,1,0,1,0,0,1,1,0,0,0,0,0.0013393685221672058
4,100,5,100,1846474768,86,conj,glucose42,MT19937-RandomState,3.049522638320923e-05,11111111110111111111011111111101111111111111110111111010111111111111011101111111111110111111111111101111111111111111110111111111101111111111111111110111111111111111111010111001101111111101111111111111111111111111010111011111111111110010111111111111111110101111111111111111111111111111101111111111111111111111111111111011111011111111111110111101101111111011111111111111111011101110111111111111111011111111111111111011111111111011111111011111101111111111111111111111001011111111111111111011011111111111,9d381b6b451f153b6e2e4c04eabb3fdff689e207932ab48459e7c76cf1fdb969,bernoulli,bernoulli|conj|p=0.9|zero=allow_iid|rng=MT19937-RandomState,0.9,allow_iid,0.0002789366990327835,3.525335341691971e-05,0.000112864188849926,9.763706475496292e-05,0.0009140204638242722,0.00219731405377388,0.0005246913060545921,7,13,0,5,SAT_found_counterexample,1,boolean_factorization,exclude_x,exclude_x,0,198,472,0,1,0,1,0,0,0,1,1,1,0,0,0.0014343168586492538
4,100,5,100,1846474768,87,conj,glucose42,MT19937-RandomState,3.3292919397354126e-05,11111111111111101111101111111111101111011110110111111111111111011101111111111011111111101111111111111111111111111111111111110011111011111111111111111111101111111111111111011111111111111111111011111111111111111011111111111110111111110011111110111111111111111110111111111111111111111111111111110111111110111111111111110011011111111111111111111111111111111100111110111111111001111111110111111111001111111111111111101111111110111111111111111101011111111011111111111101111110111011111111111111011111001111,22d67a8265599718b2045c4ff44783c62c960d6a4ed4711ae1a31b03a8046215,bernoulli,bernoulli|conj|p=0.9|zero=allow_iid|rng=MT19937-RandomState,0.9,allow_iid,0.000256270170211792,3.4127384424209595e-05,0.00010488927364349365,3.3756718039512634e-05,0.0,0.0004338901489973068,0.0004290435463190079,6,9,0,3,three_column_check_failed,0,,,exclude_x,0,0,0,0,1,0,1,0,0,1,1,0,0,0,0,0.001354713924229145
4,100,5,100,1846474768,88,conj,glucose42,MT19937-RandomState,3.0798837542533875e-05,11111110100011111111111011101110111111110111111111011100111111111111111110111111001011111111111111111111111111111111111111111111111111111111111111101111111010111111111111111111111111101111111111111111111111111101101111111111111111111111111111111110111101110110111111111111011111111111111111011111111011111111111111111111010111111011111111001111111111101111110111111111110101111110111110111111111111111111111111110101111111111111111111111011111101111111111111111111111111111111111110110111111111110111,bc57aa21a8fb7027ab2ba0cb36cc7d81d10701e98f54b0682ef7d79868fbb35e,bernoulli,bernoulli|conj|p=0.9|zero=allow_iid|rng=MT19937-RandomState,0.9,allow_iid,0.0003012418746948242,3.609992563724518e-05,0.00012285448610782623,9.838584810495377e-05,0.0008050594478845596,0.0013671470806002617,0.0005585821345448494,8,15,1,6,SAT_unsat_identifiable,1,boolean_factorization,exclude_x,exclude_x,0,212,528,0,1,0,1,0,0,0,1,1,1,0,0,0.0014666607603430748
4,100,5,100,1846474768,89,conj,glucose42,MT19937-RandomState,3.32733616232872e-05,11101111111111010111101011111111101111110111110111111111110101111011101111111111101111101111111111111111011011111111111101111111111111111111111111011111111111111111111111111111111111111111111111111111111111111101111111111111111111111100011111111111111111111011101111111101111111111111001111111111111111111101111011111111111110111111111110111111111010101111111101100111111111111111011011110111111111111111111110111011111111111111111101010111111111111111110111111111111111111111111110011111111111111111,d0a1f90dba959b0e062d81c2579ae4df99fe50b793420cade8558e9ed9281942,bernoulli,bernoulli|conj|p=0.9|zero=allow_iid|rng=MT19937-RandomState,0.9,allow_iid,0.0002900492399930954,3.501866012811661e-05,0.00011483486741781235,9.865686297416687e-05,0.0008655516430735588,0.00216648168861866,0.0005385596305131912,7,14,0,5,SAT_found_counterexample,1,boolean_factorization,exclude_x,exclude_x,0,188,460,0,1,0,1,0,0,0,1,1,1,0,0,0.0014326442033052444
4,100,5,100,1846474768,90,conj,glucose42,MT19937-RandomState,5.4107047617435455e-05,11111011111111110111101111111011110111111011011101111111111111111111111111111111001111111111001111111111110111101111111111111101011111110100111011101111111111111110111111101111111111111111111101111111111111011111111111111111110111111111111111111111111111111111111110111111111111101111110111111111111011111111011101110011111111111111101110110111111111111110111111101111101011101110111110111101111110111111101111111111111111111111111111111011111111111111111111110111111111111111101111111110111111111111,e46380ea13d0c68cadaa1d7491905c8e0ab563459fb42b2bb2e82a15d8473c45,bernoulli,bernoulli|conj|p=0.9|zero=allow_iid|rng=MT19937-RandomState,0.9,allow_iid,0.0002980940043926239,3.777630627155304e-05,0.00012235436588525772,0.00010204873979091644,0.0009151333943009377,0.0022193817421793938,0.0005602734163403511,7,14,0,5,SAT_found_counterexample,1,boolean_factorization,exclude_x,exclude_x,0,188,460,0,1,0,1,0,0,0,1,1,1,0,0,0.0014323927462100983
4,100,5,100,1846474768,91,conj,glucose42,MT19937-RandomState,3.261305391788483e-05,11111111101001111111111111111011111111111111111111111111101110111111111111111111110111111111111111101000111111111111111111110111111111111101100011111111111110011111110111001111111111111111111111111111111110010111111101111111111110111111111011111111111111111011110111011111111110101100110111110111111111111101101111111101111111101111111111111111110111111111111111111111111111111111101011111111111111111111111111111110110111101111111111111111111111111011111111111111011011111111111110001111011111111111,60b8f614a00184911c70d7d712d8f2cf0ef9e2feaa10b8402f78c2325e2b370f,bernoulli,bernoulli|conj|p=0.9|zero=allow_iid|rng=MT19937-RandomState,0.9,allow_iid,0.00030623190104961395,3.5529956221580505e-05,0.0001215105876326561,0.00010494515299797058,0.0008381335064768791,0.0021719764918088913,0.0005682175979018211,8,16,0,5,SAT_found_counterexample,1,boolean_factorization,exclude_x,exclude_x,0,207,522,0,1,0,1,0,0,0,1,1,1,0,0,0.0014480724930763245
4,100,5,100,1846474768,92,conj,glucose42,MT19937-RandomState,3.303308039903641e-05,11111111111111110111111111111111100011111100101111111111111111111111111111111111110111111111111111110111111110011111111111111101111111110110111111111111011111111111111101100111011111001111111111111111111111011110101111011111111011111111111011111111111101111111111111110101101111111111111111111111111111110111111111111111111011111110111110111111111110111011110111111100111111101111111111111111111110111111111111101111111111111111111011110011111110111011111110111111111111111011101111111111111111111111,1a56621c7e1f802f38882bc1f6c38a15395ad265003dfb1b92087c4845e3df53,bernoulli,bernoulli|conj|p=0.9|zero=allow_iid|rng=MT19937-RandomState,0.9,allow_iid,0.00028784945607185364,3.499817103147507e-05,0.00011388957500457764,9.972695261240005e-05,0.0009255586192011833,0.0022133011370897293,0.0005364641547203064,7,14,0,5,SAT_found_counterexample,1,boolean_factorization,exclude_x,exclude_x,0,193,466,0,1,0,1,0,0,0,1,1,1,0,0,0.0014531072229146957
4,100,5,100,1846474768,93,conj,glucose42,MT19937-RandomState,3.2434239983558655e-05,11111111111101011111110101101111111111101111110011111111010111110001110011111111111111111111111110111111101111011111111111111011111011111111111111111111111110110111111111111111011111111111111101111111111101111111111111111111111011111111111111110111111111111111111111111111111111111111111101101100111111100111111111110111111101110111111111111111111001111111101111111101111111111011111111111111101111111111111111111111111101111111111011111111111111110110111111111111111011111101111111111111111101111111,2c3ce01800b08f61d42ac141527bb5f7d5f520065232e6832077004b0b40d39d,bernoulli,bernoulli|conj|p=0.9|zero=allow_iid|rng=MT19937-RandomState,0.9,allow_iid,0.0002937372773885727,3.648456186056137e-05,0.00012146122753620148,9.858515113592148e-05,0.0009301071986556053,0.0022495537996292114,0.000550268217921257,8,14,0,5,SAT_found_counterexample,1,boolean_factorization,exclude_x,exclude_x,0,222,540,0,1,0,1,0,0,0,1,1,1,0,0,0.0014388486742973328
4,100,5,100,1846474768,94,conj,glucose42,MT19937-RandomState,3.29846516251564e-05,11111111111101111111111110101110111111001111101011111111111101111111101111111111111111111111111110011111111111111111111100111111111111111110111010110111111110110001111111111011111111111011011100111111111111110011111111111111111111111111111111111011111100111101111111111011111111011111111011111111111111111111101111111111111111011111101111111111111111111101111111111011111111110111111101110111011111111111111111111010111111111111111011111011101011111111111111111111111111111111111110011110111110011111,76c8a5af41ded21cbc677046c6993f06cd0ccfbf1163d9574909c6ed7b02fb2a,bernoulli,bernoulli|conj|p=0.9|zero=allow_iid|rng=MT19937-RandomState,0.9,allow_iid,0.0003100931644439697,3.7241727113723755e-05,0.00013161823153495789,0.00010099168866872787,0.0009137522429227829,0.0014973115175962448,0.0005799448117613792,9,15,1,6,SAT_unsat_identifiable,1,boolean_factorization,exclude_x,exclude_x,0,241,602,0,1,0,1,0,0,0,1,1,1,0,0,0.0015047108754515648
4,100,5,100,1846474768,95,conj,glucose42,MT19937-RandomState,3.193691372871399e-05,11110111111101111111110111111111111111111111111111011111111110111111111101111111011111011111111111111111111001111111111111111101111111111111111111101111111111111111111110111110111111111111111111111111111111111111111111111111111111111111101101111111111111101110111111110111111111111111111111111011111111111101111110101111111111111011111111011101111111011111111101111111111101111111111111111111101101110101111111111110111111111011011101111011111111111111111110111111011111111001111111111110101111111111,ef5cbd6b9c76eb551cefc232eb51724a1f2a102d309fbfeb372fc48464bedddb,bernoulli,bernoulli|conj|p=0.9|zero=allow_iid|rng=MT19937-RandomState,0.9,allow_iid,0.000280977226793766,3.5208649933338165e-05,0.00011387746781110764,9.855348616838455e-05,0.0008968710899353027,0.0021773651242256165,0.0005286168307065964,7,13,0,5,SAT_found_counterexample,1,boolean_factorization,exclude_x,exclude_x,0,198,472,0,1,0,1,0,0,0,1,1,1,0,0,0.001441323198378086
4,100,5,100,1846474768,96,conj,glucose42,MT19937-RandomState,3.2111071050167084e-05,11111111111100111110111011111111111101110111110111111011111111111111111111111111111111111101110111011111110111011111111101111111111110111111111111111110111111101111111111111111111111111111011111111111111111111111111111111111111011111111011111111111011111111111110111111111011111110111111110101111111011111111111111111111111110111001111111101011101111111111011111010111111111111111111110111111111111111111011101111111101111111111111111111110111111111111111111111111111111111011111111101111111110111111,dc03b68d09e481fcfae7b321ca0e5dd940c20147e379358a1fa91b9135104a85,bernoulli,bernoulli|conj|p=0.9|zero=allow_iid|rng=MT19937-RandomState,0.9,allow_iid,0.00026023946702480316,3.3336691558361053e-05,0.00010729953646659851,2.623721957206726e-05,0.0,0.0004324009642004967,0.00042711291462183,6,10,0,3,three_column_check_failed,0,,,exclude_x,0,0,0,0,1,0,1,0,0,1,1,0,0,0,0,0.0013369601219892502
4,100,5,100,1846474768,97,conj,glucose42,MT19937-RandomState,3.1317584216594696e-05,11111111111111111111111111111111101110110111111111111110111111010111111101111111111111111111011111111111110111111111101111011111111111110110011111111111011111111101111111110111101110111100111111111101111110111101011111111011011011111101011001111111101111111101111110111011111111101111111111111011111101011111111111111111101111111111111110111111010101111111111011111111111011111011111011111011110111111110111111111111111111111011111111111111111111111110110101111111111111010111111001111101111111111011,a128d129d45c09a69e27fc8ee892dcb6c9ed2d650b08e95d1c3fffb9345502a9,bernoulli,bernoulli|conj|p=0.9|zero=allow_iid|rng=MT19937-RandomState,0.9,allow_iid,0.00028006453067064285,3.426428884267807e-05,0.00011469516903162003,0.00010063033550977707,0.0009039836004376411,0.002191537991166115,0.000529654324054718,7,13,0,5,SAT_found_counterexample,1,boolean_factorization,exclude_x,exclude_x,0,198,472,0,1,0,1,0,0,0,1,1,1,0,0,0.0014412403106689453
4,100,5,100,1846474768,98,conj,glucose42,MT19937-RandomState,3.3561140298843384e-05,01111110101111011111111011110111111111111101111111111111111011111111111111111100111111110011111101101111111010111011111111111101111111111111011011111111111111110111111111111111111110011011111011111111110110111111111110111110101111111111111111111011111111111011111111111111111110111101111101011111011111101111011111111111111111101111001011111111111111111111111111111101111111111101101111111111111111111111111111011111111110111111111111101111111111111111111101111111111111101111111111101111111101110101,f51bf29f3df37af735f8bde94ca527a46659beb716054974f3b91cd2bf6e0c16,bernoulli,bernoulli|conj|p=0.9|zero=allow_iid|rng=MT19937-RandomState,0.9,allow_iid,0.0002964707091450691,3.7183985114097595e-05,0.00012286193668842316,9.906478226184845e-05,0.0009130202233791351,0.0022323792800307274,0.0005555814132094383,8,14,0,5,SAT_found_counterexample,1,boolean_factorization,exclude_x,exclude_x,0,222,540,0,1,0,1,0,0,0,1,1,1,0,0,0.0014672121033072472
4,100,5,100,1846474768,99,conj,glucose42,MT19937-RandomState,3.417953848838806e-05,11101111111111110111110111111111101111111111111111111111110111111011111101111101111111111011111111111011111011110111111101101111111111111100111111000111111011111000111111111111111011110110111111111110111110111011111111111111111011011111111111111111111101111111101111111110111111111111111011011110111111111111111110111110111111111111011111111111111100111111111111111111010111111111011111111111111111111111111111111111110110111111111111111111111111111111111101111111111011011111110111111111111111101110,f38546724015999b21440be26b7705b5584337f81411ba1ddb606fe593c8222d,bernoulli,bernoulli|conj|p=0.9|zero=allow_iid|rng=MT19937-RandomState,0.9,allow_iid,0.0002755364403128624,3.503728657960892e-05,0.00010718591511249542,7.756892591714859e-05,0.0,0.0005009844899177551,0.0004953285679221153,6,11,0,3,three_column_check_failed,0,,,exclude_x,0,0,0,0,1,0,1,0,0,1,1,0,0,0,0,0.0013912729918956757
