schema_version,J,K,N,seed,sim,operator,solver_name,rng_engine,generation_time,q_bitstring,q_sha256,design,design_id,p,zero_row_policy,basis_time,identity_check_time,two_col_check_time,three_col_check_time,sat_time,algorithm_time,preprocess_time,J_basis,M_basis,identifiable,branch,branch_label,sat_called,sat_formulation,sat_cardinality_encoding,cardinality_encoding_requested,maximal_candidate_requested,sat_variables,sat_clauses,identity_original,not_complete_original,has_pure_node_original,no_pure_nodes_original,has_zero_row_original,two_col_violation_original,three_col_violation_original,two_column_pass_original,both_necessary_checks_pass_original,I_3c,identity_basis,two_col_violation_basis,diagnostics_time
4,100,5,100,3510003015,0,conj,glucose42,MT19937-RandomState,0.00019721686840057373,11111111111111101111111111111111111111111111111111111111111111111111111111111000101111111111111101111111001111110111111111111111111111100111111111111111111111011111111111111111111111111111111111111111111111111111111111111011001111111100111111111111011110111111110111011111111011111111011111111111111111111111110111111111111111011111111111111101111111111111111011101101111101111111111111101011111101110111011111111111011111111111111101110111111111111111111111111011111111100111111111111101111101111101,b629adb076a9ac8336801d4c6ee9378065f20f5e11c3bd52289c017421152eef,bernoulli,bernoulli|conj|p=0.9|zero=allow_iid|rng=MT19937-RandomState,0.9,allow_iid,0.0003530029207468033,7.206015288829803e-05,0.00013650301843881607,0.00014097802340984344,0.015539178624749184,0.01707547716796398,0.0007025441154837608,7,13,0,5,SAT_found_counterexample,1,boolean_factorization,exclude_x,exclude_x,0,193,466,0,1,0,1,0,0,0,1,1,1,0,0,0.001667897216975689
4,100,5,100,3510003015,1,conj,glucose42,MT19937-RandomState,6.080418825149536e-05,11111101110111111111111111111111111111110101111011111010110111110111011111111111110111111111110111111111101111111110111111111111111111111011111111111111010110111111111111101111011111111101111010011111111111111011111111010111011111111111111011101111111111111111111011111111011111111111111111111111111111011111111110111011111111111111111111011111110111001111111011011111111111111111111111111111011110111111101111111011011111111111111001111100111111110001111111111111111101111011111111111111111111111111,dd3be16597301beccba5f0e397a4aed43c0cf9d751c57da319340d9727140fdd,bernoulli,bernoulli|conj|p=0.9|zero=allow_iid|rng=MT19937-RandomState,0.9,allow_iid,0.0003946945071220398,5.262251943349838e-05,0.00013490580022335052,0.00010945834219455719,0.0010779313743114471,0.0017764605581760406,0.0006916811689734459,8,15,1,6,SAT_unsat_identifiable,1,boolean_factorization,exclude_x,exclude_x,0,212,528,0,1,0,1,0,0,0,1,1,1,0,0,0.001597115769982338
4,100,5,100,3510003015,2,conj,glucose42,MT19937-RandomState,4.61433082818985e-05,11111111111111111101110111111111111111001011111111111110111111111111111111111111111111111111111111111111111111111011111101111111111111111111111111111111111111100011111011111111111111111111111111111111111111111111111111111111110111111101111111110111111111111111111111110101111110101111101111111111111111110111111111111111111111111110101101011011111111111111111101111111111111111111111111111111111111010111111011111111111111111111111011111111011101110110111111111111111110011101011111111111111101111111,3f3b77b257fae5e969c5aae56f94fe412a3800d27b850334eec64bc98dd58807,bernoulli,bernoulli|conj|p=0.9|zero=allow_iid|rng=MT19937-RandomState,0.9,allow_iid,0.0003306521102786064,4.6096742153167725e-05,0.00011238642036914825,5.7481229305267334e-05,0.0,0.0005553634837269783,0.0005466165021061897,6,12,0,3,three_column_check_failed,0,,,exclude_x,0,0,0,0,1,0,1,0,0,1,1,0,0,0,0,0.0014814343303442001
4,100,5,100,3510003015,3,conj,glucose42,MT19937-RandomState,4.1173771023750305e-05,11111111111111110111110111111111111111111111111111111111111111111111111111111011110111111111101111110101111111111100111101110111111111111111111011111110111111111111111111001111111111111111111111110111111011101101111011111111111111111011011111111100111111111111111111111111111111111111111111111111111111111011101111111101111011111101111111111111111111111111111111111111111111111111111011111100011111111111111111110111101111101111111111111011111111111101001110111111111011111111111110111110101111111111,fab4b481e16d561de4dec267c441e3844218808bd2131cde66a23a9abdd34596,bernoulli,bernoulli|conj|p=0.9|zero=allow_iid|rng=MT19937-RandomState,0.9,allow_iid,0.00031164754182100296,4.035700112581253e-05,0.00012107007205486298,0.00010103918612003326,0.0,0.0005804914981126785,0.0005741138011217117,7,14,0,3,three_column_check_failed,0,,,exclude_x,0,0,0,0,1,0,1,0,0,1,1,0,0,0,0,0.001562211662530899
4,100,5,100,3510003015,4,conj,glucose42,MT19937-RandomState,4.226062446832657e-05,11111111101111111111111111011101111110101111110111111111111111111110111110111111111111111111011011111011111101111111011111111111111111111110111111101111111111111111111111011111110011111111100111101111111111011111111011011111111110111111110010111111111110011111111111101111111011111111111111111111111111111111111101101111111011111111111010111111011111111111111111111111111110111111111111111111111110110111111111111111111111111111111111111110111111101111010111111111111101011101111001111111111111110110,72615d94c6665988a2dcb80f0eefb85eb5e40923744966a2a23a4cf4a1e2429b,bernoulli,bernoulli|conj|p=0.9|zero=allow_iid|rng=MT19937-RandomState,0.9,allow_iid,0.0003053788095712662,4.014745354652405e-05,0.0001285932958126068,8.419808000326157e-05,0.0,0.0005649654194712639,0.0005583176389336586,7,13,0,3,three_column_check_failed,0,,,exclude_x,0,0,0,0,1,0,1,0,0,1,1,0,0,0,0,0.001507749781012535
4,100,5,100,3510003015,5,conj,glucose42,MT19937-RandomState,3.819260746240616e-05,11111111011110011111111111111111111111111111111111111011011011110111111110111111111111111111011110111101111111101110111011111111111111101111101101101111111110111111111101111011111111011111111111111111111111101111111011111111110111111111011111111111111111111111111011111111111111111111111111111011010111011101111111111011110011111111111111111101101111111111001111111111111110110111101111111111111111111111111110111111111111110110111111111100111011111111111111111101111111111101111111101110111111110111,e7449074f23cb3cec5661f422989866dc2a282e2716f613abbdf258b2d1d0717,bernoulli,bernoulli|conj|p=0.9|zero=allow_iid|rng=MT19937-RandomState,0.9,allow_iid,0.0003155414015054703,4.250183701515198e-05,0.00012500211596488953,0.00010760966688394547,0.0010829856619238853,0.0024385256692767143,0.0005906550213694572,7,13,0,5,SAT_found_counterexample,1,boolean_factorization,exclude_x,exclude_x,0,198,472,0,1,0,1,0,0,0,1,1,1,0,0,0.0015387991443276405
4,100,5,100,3510003015,6,conj,glucose42,MT19937-RandomState,4.9008987843990326e-05,11111111110101011111111111110111111111011111111111011111111100111111111101111111111111011111111111111111111111111111111110111111111010111111111111111101111111111111111111111110111111111111111111111111111111111111111011111111111111111111111111011111011111111101110111111111110011111111111111111100111111100110101110111111111101111111111111110111111011111110011111011111101011111111111111111111111110011111101111110011111111111111111111111110111111111111111111110111111111001101111111111111111111111111,3de3ede630581c96d7dc4303cfe609e8530dbd113e5d9d5b5b4c23a8dfb5b58f,bernoulli,bernoulli|conj|p=0.9|zero=allow_iid|rng=MT19937-RandomState,0.9,allow_iid,0.00031727366149425507,4.3822452425956726e-05,0.0001217154785990715,0.00010815635323524475,0.0009185466915369034,0.0022971993312239647,0.000590967945754528,7,15,0,5,SAT_found_counterexample,1,boolean_factorization,exclude_x,exclude_x,0,183,454,0,1,0,1,0,0,0,1,1,1,0,0,0.0015493575483560562
4,100,5,100,3510003015,7,conj,glucose42,MT19937-RandomState,4.9309805035591125e-05,11111111111111111100111111111110111011110111110101111110111111111111111111111011111111111111001111111111011111111111111111111111111111111011111101111111111111111111111111101110111111101111111011111011011111111011101111111111111111111111111111111111111111011111111111111111111110111111101111111111111011111111111111011111111101111111111111111111111101111111111111111111111111111111000111111111111111011111111001111101101110111101111111111011101111111111111101001111011111111110111111111111111111111111,8cd4657d3d1a45202977bdbc6859aad095b18864a753debe5c0c8598dadc7d56,bernoulli,bernoulli|conj|p=0.9|zero=allow_iid|rng=MT19937-RandomState,0.9,allow_iid,0.00031220540404319763,4.676729440689087e-05,0.00012846942991018295,3.287382423877716e-05,0.0,0.0005289651453495026,0.0005203159525990486,7,12,0,3,three_column_check_failed,0,,,exclude_x,0,0,0,0,1,0,1,0,0,1,1,0,0,0,0,0.0014493996277451515
4,100,5,100,3510003015,8,conj,glucose42,MT19937-RandomState,4.2974017560482025e-05,11111101111111111110111111111111111111111111111111111111110111011111111111111111111111101011011111111011111111011011111111011111111111101011011111110111111111011111110011111111111111001111010111011111111110111111111101111111011111111111111111111111111111110111111111111111111111111111111111111111110111111111111111111111110111111110011111111011111111111111000111010111111111111111111110111111111111111110110011111111111010101111111111011111111110111111111111111111111111011111111111111111111111111111,bbd6f2e6a5f2605f7e9466abbcd211822b8b0e9ed585a9f675a4b93fea8a4857,bernoulli,bernoulli|conj|p=0.9|zero=allow_iid|rng=MT19937-RandomState,0.9,allow_iid,0.000314466655254364,4.3579377233982086e-05,0.00013108272105455399,0.00012629665434360504,0.0011625122278928757,0.0026170890778303146,0.0006154254078865051,8,15,0,5,SAT_found_counterexample,1,boolean_factorization,exclude_x,exclude_x,0,212,528,0,1,0,1,0,0,0,1,1,1,0,0,0.0015510721132159233
4,100,5,100,3510003015,9,conj,glucose42,MT19937-RandomState,3.97777184844017e-05,11111111111111111111110111111111011111111111111111111111101011111101101111111111111111111111111111101101111111111101111111011011111111110111111011111111111111111111111111111011111011011011111111111111101111111111111111110110110111111111111011111111111111111111111111111111111111111101111011111110111111100111111111111111111111110111111111111111111111010111111111110111101111111111111111111111111111111111111011011111111111111111110111111111111111011111111100111011111101111110110111111111111110111111,8a48e0957eb1bf3e6d4e1e1a93cff5c3c9ad18f81db6a8a5d7dfeb96d65ee791,bernoulli,bernoulli|conj|p=0.9|zero=allow_iid|rng=MT19937-RandomState,0.9,allow_iid,0.0003070533275604248,4.203803837299347e-05,0.00011300574988126755,0.00010966416448354721,0.0009276419878005981,0.0022384589537978172,0.000571761280298233,6,13,0,5,SAT_found_counterexample,1,boolean_factorization,exclude_x,exclude_x,0,169,398,0,1,0,1,0,0,0,1,1,1,0,0,0.0015522530302405357
4,100,5,100,3510003015,10,conj,glucose42,MT19937-RandomState,7.887277752161026e-05,11111111111111111111111111111101111111101111111111111111111111111111111111110111110111011110111111111111111110111111111111111111011111111110111111111111111111111111101110111111111111111110111111110111111110111101111111111111011101111111111111111111111111111110011111111111111111111111111111111101111101111111101111111110111101111111111111111111111111111111101111111111111011111111111111111111111111111111111111111111111111111111110101111111110111111111111111111111111111110111101111111111111111111011,4e7bf54c2b944026a6fd42c6c829671be7539679451b853326d5789a051a0d50,bernoulli,bernoulli|conj|p=0.9|zero=allow_iid|rng=MT19937-RandomState,0.9,allow_iid,0.0002811802551150322,4.3684616684913635e-05,0.00011367443948984146,4.264991730451584e-05,0.0,0.00048860814422369,0.00048118922859430313,6,9,0,3,three_column_check_failed,0,,,exclude_x,0,0,0,0,1,0,1,0,0,1,1,0,0,0,0,0.001397574320435524
4,100,5,100,3510003015,11,conj,glucose42,MT19937-RandomState,4.2430125176906586e-05,01111111111111111101111111011111111011111111110010111110111011111111111111111101111111111011011111111101101111110111011101100110101111111111111101111111011111111101111101111110011111111111111011111111010011111010101111111111101111111111111111111111110111111111111111011111111110111111111111111111111111101111111111110111111111111110111101111111111111111111011111011111111111011110111111110111111111111111110101111111111111111011111111110111111101111111011111111111111110111111111111111011111110101111,9f6ed433ea61b4cc2e997ccd4a4f804e7dd85657ea17c5098e87093eda8dea5e,bernoulli,bernoulli|conj|p=0.9|zero=allow_iid|rng=MT19937-RandomState,0.9,allow_iid,0.00032634660601615906,4.666391760110855e-05,0.00012405868619680405,0.00010923296213150024,0.0008944971486926079,0.0015066107735037804,0.0006063021719455719,7,15,1,6,SAT_unsat_identifiable,1,boolean_factorization,exclude_x,exclude_x,0,178,448,0,1,0,1,0,0,0,1,1,1,0,0,0.0016388874500989914
4,100,5,100,3510003015,12,conj,glucose42,MT19937-RandomState,4.406832158565521e-05,11110111110011111111111111100101011110110110111111111111111111111111111111101111011101111111111111111101111111111111110111111011111111111111111111011111111011111111111111111111101111111101111111111111111111101111111111111111111111110111111111110111110111111011111111111111011111111111111111111110111101101111111111111111111111111111111101111101111111111111111111111111111111111111111111111011111111110111111111011111111111111110111111111111111011011111111111111010111110111111111111110111111011111110,33f8115e9ebb713f9ebe3e36359fc02ee99637e6cab227106dbd686942647d3c,bernoulli,bernoulli|conj|p=0.9|zero=allow_iid|rng=MT19937-RandomState,0.9,allow_iid,0.00031478144228458405,4.13060188293457e-05,0.00012799818068742752,9.179487824440002e-05,0.0,0.000584181398153305,0.0005758805200457573,7,13,0,3,three_column_check_failed,0,,,exclude_x,0,0,0,0,1,0,1,0,0,1,1,0,0,0,0,0.0015130145475268364
4,100,5,100,3510003015,13,conj,glucose42,MT19937-RandomState,4.047248512506485e-05,11111111111111111100110101011111111111011011111111111111111111111111111111110111111111111011011111110111111110111011111111110011111100011111111111111111111111111111111111111111111111111101111101111111111111111111111011111111111111111111111100111000011001110111111110111111111111111111111011110111111101111111101111110101111111111101110111111111111101111111111111111111111111111110110111111111111111110111111111111111111111110111111110111111111111111111111011111111111111111111101011111111111111111111,69197de5887868836d926dc05e44dc25bc07e5efaa2f86e00049f8fcd02e0875,bernoulli,bernoulli|conj|p=0.9|zero=allow_iid|rng=MT19937-RandomState,0.9,allow_iid,0.00034386757761240005,4.1865743696689606e-05,0.0001309337094426155,0.00010600965470075607,0.000924406573176384,0.001551654189825058,0.0006226766854524612,8,16,1,6,SAT_unsat_identifiable,1,boolean_factorization,exclude_x,exclude_x,0,202,516,0,1,1,0,0,0,0,1,1,1,0,0,0.0015775728970766068
4,100,5,100,3510003015,14,conj,glucose42,MT19937-RandomState,4.4648535549640656e-05,00111111101111111011111111111101111111110011111111111111111111111111111111110111110111111111111111111110101011011111011111111111111111111111111011101111111110110111111111111110111111111111111101110111111111111111101101111111111111111111111111111111111111111111111111011111111111111011101111111011111110111101111111111111101111111101111110111111111111111011110111101111111111111111111111111111111111110011111111111111111111110111111111111101011111101101111111111111111010111111110111111111111101101111,7eed3089627317986d731d1d2d4bba64000848870156672d88fe0f755ceb654a,bernoulli,bernoulli|conj|p=0.9|zero=allow_iid|rng=MT19937-RandomState,0.9,allow_iid,0.00029043015092611313,3.7952326238155365e-05,0.00011053401976823807,7.200054824352264e-05,0.0,0.0005171438679099083,0.0005109170451760292,6,10,0,3,three_column_check_failed,0,,,exclude_x,0,0,0,0,1,0,1,0,0,1,1,0,0,0,0,0.0015636663883924484
4,100,5,100,3510003015,15,conj,glucose42,MT19937-RandomState,4.559289664030075e-05,11111111111111111101111111111111111111111111111111111111111111111111101111110101111011110011101100111111111111111111111111111111111111111111101111111111111111101111111111111101111111101111111111110110110011110111101110111111111111111111111111111111011111010110111101111111111111111111110111111111101111111111001111111111111111011011111101010111111111111111111111111011111110100111011100111011111111111110111111111111111111111111111011111110111111111111111111111111111111111111111111111101111111111101,80c536191a2a0f9b67b380d1af6b6ac6322057691f4af27b7bf0cfd072cd83e2,bernoulli,bernoulli|conj|p=0.9|zero=allow_iid|rng=MT19937-RandomState,0.9,allow_iid,0.0003167446702718735,4.9198977649211884e-05,0.00012358929961919785,0.00010386854410171509,0.001040549948811531,0.002433222718536854,0.0005934014916419983,7,14,0,5,SAT_found_counterexample,1,boolean_factorization,exclude_x,exclude_x,0,193,466,0,1,0,1,0,0,0,1,1,1,0,0,0.0016086185351014137
4,100,5,100,3510003015,16,conj,glucose42,MT19937-RandomState,5.3542666137218475e-05,01111111111111110111111111111111110111111111111001111111110111111111101111011011111111110011111110111111111111010111111111100111110111011111111111111011111111111111111111101111011011111011111011101110111111111111111111111111111111110111111111111111111111101111111111111111111111111111101111111111111111111111111111100111101111111111111011111111101111011011011111011111110011111111111111100111111111011111111111111111110101011111111111111101101111110111111101111111111111111111111111111111111111110111,4c9e98210f02d84f79683009b4843896b7b58069cc5a2a550e60066bfd00afc5,bernoulli,bernoulli|conj|p=0.9|zero=allow_iid|rng=MT19937-RandomState,0.9,allow_iid,0.00033057574182748795,4.889257252216339e-05,0.00013150926679372787,0.00011520832777023315,0.0010559763759374619,0.0024815229699015617,0.0006261859089136124,7,14,0,5,SAT_found_counterexample,1,boolean_factorization,exclude_x,exclude_x,0,193,466,0,1,0,1,0,0,0,1,1,1,0,0,0.0016548214480280876
4,100,5,100,3510003015,17,conj,glucose42,MT19937-RandomState,4.751700907945633e-05,11111111111111101111111011001111111011111111111110111111110111011111111010111011111111111111111110101111110111111111110110101111110111101110111111111011111110110111111111111101111111111111111111111111111111111101011101111111111111111111101111111011111111111111111111111101111111111111111111110111110111111011111111011110111011101111011111111101111111111011111110110111111011111111101111000110111111111111010011111100111111111111111111111111111111110111101111111111111111111101111111011111111101111111,4f4f8c4cde7edf8b820a4c526dcf91b5735eb292a68265748f9c82dae0b9928d,bernoulli,bernoulli|conj|p=0.9|zero=allow_iid|rng=MT19937-RandomState,0.9,allow_iid,0.00033984333276748657,4.901830106973648e-05,0.0001318724825978279,0.00011798646301031113,0.001163979060947895,0.0025752410292625427,0.0006387205794453621,8,14,0,5,SAT_found_counterexample,1,boolean_factorization,exclude_x,exclude_x,0,217,534,0,1,0,1,0,0,0,1,1,1,0,0,0.0015297429636120796
4,100,5,100,3510003015,18,conj,glucose42,MT19937-RandomState,4.7274865210056305e-05,01111111101111111111010111111111011111111011101111111111111111111101111111101111111111111111111111101111111111111011111111111111101111111101111111111111011111111111111111111111111111111111111110111011110111111111111111111111111111010110111111111111111110111011111111101101111101111111111111111111110011110111111011111111111111101111111111111111111111011111111111101011111111111111111111111111111111111111111110111110111111111111111111101110111111111111111111110111111111111111111111101101111011110111,3865714d027823e47796056a1227f6227785f3f4b7973f13e8c38edc80f0fd0a,bernoulli,bernoulli|conj|p=0.9|zero=allow_iid|rng=MT19937-RandomState,0.9,allow_iid,0.00028615444898605347,4.0432438254356384e-05,0.00011419598013162613,3.984849900007248e-05,0.0,0.00048831757158041,0.00048063136637210846,6,10,0,3,three_column_check_failed,0,,,exclude_x,0,0,0,0,1,0,1,0,0,1,1,0,0,0,0,0.00140288844704628
4,100,5,100,3510003015,19,conj,glucose42,MT19937-RandomState,4.189182072877884e-05,11111111111011011111101111111111110011111111111110101111111110111111111111111101111011111111111110111011111000111111110111111111111110011011111111111011111111111111111111010101011111001111111111111111111111111110011111111111111111111111101111111110101111111111111111111011111111111111101111111111110110111011101110111111110110111111111111111111111111111110111111111111111111111011111111011111111111111111111101111111111110111111111111111110011100111111111111111111111111111111111111111111111110011111,d5feda42bfd7769de403db03828b74d561b97a05a048315db1db0cc16df81b19,bernoulli,bernoulli|conj|p=0.9|zero=allow_iid|rng=MT19937-RandomState,0.9,allow_iid,0.0003312034532427788,4.52408567070961e-05,0.00013029295951128006,3.8866885006427765e-05,0.0,0.0005516465753316879,0.0005456041544675827,8,15,0,3,three_column_check_failed,0,,,exclude_x,0,0,0,0,1,0,1,0,0,1,1,0,0,0,0,0.0014667985960841179
4,100,5,100,3510003015,20,conj,glucose42,MT19937-RandomState,8.65524634718895e-05,11111111111111111111011100101111111101101011011001111101111011111111111111111111111111001111101111111011111111111111111111111111111111111101111101111111111111111111111111110110111111111111111111111111111101111111111111111110111101111111111011111111110111111011101010111111011111111011111111111111111111111101111111100111011110111101111111011111111101111111111000111111111011111111111110111111111111011111110111111111111101111111111111011111111111111111111111111111111111011111001111101110110111111111,0478b3fc28b3b10192fd1a5b3cf3aa3b1997c9d378f085cabb21e34a7324fc1a,bernoulli,bernoulli|conj|p=0.9|zero=allow_iid|rng=MT19937-RandomState,0.9,allow_iid,0.00033828336745500565,4.554353654384613e-05,0.0001230454072356224,0.00010516121983528137,0.0010785739868879318,0.0024527031928300858,0.0006120335310697556,7,14,0,5,SAT_found_counterexample,1,boolean_factorization,exclude_x,exclude_x,0,193,466,0,1,0,1,0,0,0,1,1,1,0,0,0.0015452001243829727
4,100,5,100,3510003015,21,conj,glucose42,MT19937-RandomState,5.143415182828903e-05,01110111111101111111111011111111111111111111111011111011111111110110111110111111111111101111011101111111011011101111011101110111001110011111101111011111111111111111111111011111111111111111111111011111111111111111111111111110001011111111111011111111111111111111111101111111110000111110111111111111110111111111111111111011111111111011110111111111110111111111111110011011111101111011101111111111011111111111111111111111111111111111111111111111111111011111111111111010111111111111111111111111111111111011,cd04734032769aae5671d78250ce355fc19b99b276f6cd93db70c499c4ce87ad,bernoulli,bernoulli|conj|p=0.9|zero=allow_iid|rng=MT19937-RandomState,0.9,allow_iid,0.00031339656561613083,4.532281309366226e-05,0.00011617038398981094,0.0001083100214600563,0.0008490122854709625,0.0021947678178548813,0.0005831997841596603,6,13,0,5,SAT_found_counterexample,1,boolean_factorization,exclude_x,exclude_x,0,164,392,0,1,0,1,0,0,0,1,1,1,0,0,0.0015208953991532326
4,100,5,100,3510003015,22,conj,glucose42,MT19937-RandomState,4.3179839849472046e-05,11110101111111111101111110111111111111111110111111111111111111011111111111111111111111011111111111111111111111100101111111111111111111111011111111111111111110111111011111111111011101011111010111011111111111111111111111111111111111111110111111111111110111111100111111111111101111111101111111111111111111111011110111101111011111111111100011111111111011110011111111111111111111111111111111110111011111111111111111111111111101111101011111111111111111111110101110111111111111111111011111111111111111011111,4005b45be38088940da30a552e2e1704fa0ba2a0eda394e9f94dca4d3c5039c9,bernoulli,bernoulli|conj|p=0.9|zero=allow_iid|rng=MT19937-RandomState,0.9,allow_iid,0.00029630400240421295,4.6290457248687744e-05,0.00011645164340734482,9.385962039232254e-05,0.0,0.0005609961226582527,0.000552905723452568,6,13,0,3,three_column_check_failed,0,,,exclude_x,0,0,0,0,1,0,1,0,0,1,1,0,0,0,0,0.0014861524105072021
4,100,5,100,3510003015,23,conj,glucose42,MT19937-RandomState,4.1365623474121094e-05,11101011111011110011111000111111110111111111111111111111011111111111111111011111111010111111110101111111101111011011111111011111111111111111111110111111111111111111111111111111111111111111111111011111111111111111111111111111111111110111101111111111111101111101111111111111111111111111101111011111111111111111111111011111111110111111101111111111111111111111111110101111011111111111111111111111111111111111111011110011101111111111110111111111111011110111111110111111011111111111011111111111111111111111,d6a12e4f846b426facefccb5f801bc9c28145494a7708e231277c03b8caa7db3,bernoulli,bernoulli|conj|p=0.9|zero=allow_iid|rng=MT19937-RandomState,0.9,allow_iid,0.0002945130690932274,4.192441701889038e-05,0.00012179277837276459,4.7437846660614014e-05,0.0,0.0005117747932672501,0.0005056681111454964,7,12,0,3,three_column_check_failed,0,,,exclude_x,0,0,0,0,1,0,1,0,0,1,1,0,0,0,0,0.0014670807868242264
4,100,5,100,3510003015,24,conj,glucose42,MT19937-RandomState,3.7457793951034546e-05,11011111111111111111111111111101111110111111011111101111111111101101111110110111101111111111111111111111111001011111111110111111011111011110011111111111111101110111111111111111111010111100101011101111111111101110111111111111111111111111111111111011111111101111111111011111101101101101101111110111111111011110100111111111011111011111111111111111111111110111111111111101111101010111111111111111110111111111111110011111101111110111111111111011111111111001111111111101111111110010111110011111111111101111,b174807c60e70549a2c745bda1d6dff873c80c93b00fed67f4b8313ceb2876c6,bernoulli,bernoulli|conj|p=0.9|zero=allow_iid|rng=MT19937-RandomState,0.9,allow_iid,0.0002856338396668434,5.355197936296463e-05,0.00012117531150579453,3.882497549057007e-05,0.0,0.0005048559978604317,0.0004991861060261726,7,12,0,3,three_column_check_failed,0,,,exclude_x,0,0,0,0,1,0,1,0,0,1,1,0,0,0,0,0.001466904766857624
4,100,5,100,3510003015,25,conj,glucose42,MT19937-RandomState,3.848690539598465e-05,11111111101111111111111010011111111111111111111111111111101111111111111111111111111111111111111111111111111111111111111110111010111111110101111111110111111110111111111111111111011110111111111111111111110111111101101111101111111111111011111110111111011111111111111111111111011111111011111111111111111111111111111101110111111111101111111111111111111111111101111011101001110111111111111111011111111111111011110111111111111111111111111111111111111111111111111111101111111110111111111110111101101111111111,0bc5710e7485fce83f1f9189ea31b459cf513b7d36bf124c27051f594dcdb5e6,bernoulli,bernoulli|conj|p=0.9|zero=allow_iid|rng=MT19937-RandomState,0.9,allow_iid,0.0002940036356449127,4.077982157468796e-05,0.00012008938938379288,0.00010948628187179565,0.0,0.0005704630166292191,0.0005643591284751892,7,12,0,3,three_column_check_failed,0,,,exclude_x,0,0,0,0,1,0,1,0,0,1,1,0,0,0,0,0.0015126708894968033
4,100,5,100,3510003015,26,conj,glucose42,MT19937-RandomState,3.595743328332901e-05,11111111101111111111111111111011111111011110111110111011111101101111111110111110111111111111010111111111011111111111111111111111111110111011111111111111111111111101111111011101111111111110111111111111111111111111110111111111111111111111110111111111111111111111111110111111000101111110101101111111111111111111111111111110010011111111111111111111011111111011111011111101111111111111111111101101111111111111101111111111111111101101111111111111111111111011111111111110110111111001111101101111111110111111,ec6f94af048c9fa77fd854357b54fa564377573037ac2b76061c1b2f2490588b,bernoulli,bernoulli|conj|p=0.9|zero=allow_iid|rng=MT19937-RandomState,0.9,allow_iid,0.00029838457703590393,3.756675869226456e-05,0.00011906679719686508,0.00010946672409772873,0.0010216590017080307,0.002385662868618965,0.0005644848570227623,7,14,0,5,SAT_found_counterexample,1,boolean_factorization,exclude_x,exclude_x,0,188,460,0,1,0,1,0,0,0,1,1,1,0,0,0.0015681982040405273
4,100,5,100,3510003015,27,conj,glucose42,MT19937-RandomState,4.614144563674927e-05,11111111111111111111110011111111111111111111111111111111111111100111111111101111111111111111111111010110111111111110111011111111111111111111111011111111111111111111111111111111011011111110111111110111111010111111111111111101011111101111111111111111111111111111101111110101011111101111111100111111111100111111111110111111111111110111111101111101111111111011111101110111011111111110111111010111111011111111100111111111111110111111111111111111011111111011111111011111011001111111110100111111011111011111,1ef5c8aceed0d02d91b3c7e289c207bd0c406a093bf1203b9db417494d7aea6f,bernoulli,bernoulli|conj|p=0.9|zero=allow_iid|rng=MT19937-RandomState,0.9,allow_iid,0.00033889710903167725,4.569254815578461e-05,0.00013857614248991013,0.00011451262980699539,0.0010802438482642174,0.0017228322103619576,0.0006376784294843674,9,16,1,6,SAT_unsat_identifiable,1,boolean_factorization,exclude_x,exclude_x,0,241,602,0,1,0,1,0,0,0,1,1,1,0,0,0.0016012955456972122
4,100,5,100,3510003015,28,conj,glucose42,MT19937-RandomState,4.149135202169418e-05,01111111111011110111111111111011111111111111111111111111111111111111011111111111111111011111111111111111101111111111111111111001111111111111111111111111111111110101111111111111111111011110011101111110111111111111111111111111111110111110101111111111111111111111110101101111111111111111111111111111010101111110101110011111111111111111111111110111111111111111110111111111111111111111110111110101011111111111111001111111011111111111011111110111111111111111111111111111111111111111111111111110111111111111,35d084da6bc760f7fa2cc47ade426a6fe0580c08b256532dd54206c3a7e0bb90,bernoulli,bernoulli|conj|p=0.9|zero=allow_iid|rng=MT19937-RandomState,0.9,allow_iid,0.00029254984110593796,3.9556995034217834e-05,0.00011454522609710693,0.00011132843792438507,0.0008950205519795418,0.002225601114332676,0.0005579805001616478,6,13,0,5,SAT_found_counterexample,1,boolean_factorization,exclude_x,exclude_x,0,169,398,0,1,0,1,0,0,0,1,1,1,0,0,0.0015053823590278625
4,100,5,100,3510003015,29,conj,glucose42,MT19937-RandomState,4.468485713005066e-05,11111111110111111111111111111111111111011110110101111111111111111111111111111111111111011111101011011111111011111111111111111111111111111101111011111111110111111111111111111011111111111011101111111111111110111010111111011101110111111111101111111111111110111111111111111111111111110110111111111111111111111111111111111111101111111111011110111110101011111111111010011111110111111111111111111111011111111111111111111011111111111111111110111110111111010111111101111111110111111111111111111111100111111111,61f88eeb4f4adc6445f8bde7bbdc71669fe085314efd411037488fa1c9844575,bernoulli,bernoulli|conj|p=0.9|zero=allow_iid|rng=MT19937-RandomState,0.9,allow_iid,0.00028384942561388016,3.799423575401306e-05,0.00011247768998146057,0.0001097237691283226,0.0,0.0005517126992344856,0.0005440451204776764,6,12,0,3,three_column_check_failed,0,,,exclude_x,0,0,0,0,1,0,1,0,0,1,1,0,0,0,0,0.0015151593834161758
4,100,5,100,3510003015,30,conj,glucose42,MT19937-RandomState,0.00010370370000600815,11111111111111111111110111011111111111111111111110111111111011011101011111111111111111101011111111111110111111111101111101100111111111111011101111111101111111111011111111111111011111111011111011011011111011111111111011111111110111110111111111101011111111111011111111111111111111011111111111111111111111111111111111111111111111111111111101111111011111111111110111111111111100111111101111010001111101111111111111111111111011110011111111111111111111111011111011111111111111111101111101101111111111111111,4ff0f7505266bccc9513d98490177d69c653bb07a4342316804d0bbc35c8d912,bernoulli,bernoulli|conj|p=0.9|zero=allow_iid|rng=MT19937-RandomState,0.9,allow_iid,0.0003436235710978508,5.2060000598430634e-05,0.00013465341180562973,3.383029252290726e-05,0.0,0.0005742665380239487,0.0005641672760248184,8,15,0,3,three_column_check_failed,0,,,exclude_x,0,0,0,0,1,0,1,0,0,1,1,0,0,0,0,0.0013624867424368858
4,100,5,100,3510003015,31,conj,glucose42,MT19937-RandomState,4.922598600387573e-05,11011111111111111111011111101111111110111110110110110111111011111111111111111111110110111110111111111111110110111111110110111111101101110110111111101001111110111101111111111010110111111110101111111101100011111111111011111111111111111111101111111111111111111110111111111011111110111111111101111101111111111111111111011111111101111110111111111110111111111111111111111111111111111111111111111111111111111110111111111111111111001111111011111111101010111111111111111111111111110110111111111111111110111110,f3aa1e0b18fada5b3dd17728cc2ec674343be72ece56937ea18b4350c265e019,bernoulli,bernoulli|conj|p=0.9|zero=allow_iid|rng=MT19937-RandomState,0.9,allow_iid,0.0002914825454354286,3.680866211652756e-05,0.00011569913476705551,9.877979755401611e-05,0.001053481362760067,0.002431785687804222,0.0005427701398730278,7,13,0,5,SAT_found_counterexample,1,boolean_factorization,exclude_x,exclude_x,0,193,466,0,1,0,1,0,0,0,1,1,1,0,0,0.001560230739414692
4,100,5,100,3510003015,32,conj,glucose42,MT19937-RandomState,5.753524601459503e-05,10110011111111111111111111111111111111111111111111111011111110111111011011111101111111111111111111111101111001111111101101110111111111111111011111111111111111111010111111111111111111110111011111110111010111110110111111111111011111111111111111111111111111111111101101110111101111101110111111111111111111110111111110101111111110111111111111010111111111111111111111101110111111011111111111011111111110011111111111111011111111011101111111111111111111101111111100111111111110111101101111101111110111111101,ed13151f85e680f7c316092724421e6c44f85fd5f7b98e08acfc8037b339211b,bernoulli,bernoulli|conj|p=0.9|zero=allow_iid|rng=MT19937-RandomState,0.9,allow_iid,0.00031891558319330215,4.5386143028736115e-05,0.00011869892477989197,0.00010834075510501862,0.0009536333382129669,0.002403375692665577,0.0005913414061069489,6,13,0,5,SAT_found_counterexample,1,boolean_factorization,exclude_x,exclude_x,0,169,398,0,1,0,1,0,0,0,1,1,1,0,0,0.0015533994883298874
4,100,5,100,3510003015,33,conj,glucose42,MT19937-RandomState,4.9073249101638794e-05,11111011111111110111111111111111111111111111111111011111110111111101101111111111111110111111001111001110111111011111111111111110111111111111111111010111111111111111111111101011101001111101111111110111100111111111110111111111110111111111111111111011111111111111111111101111111111111111111101001111111101001111101001111111111111111101111101111111111011111111111111110111111111110101011011110111011111111111111111101011111111111111111111111010111111111101111111111111111111101111110110111111111111111111,9f0cd25b01fdb03fab2c8a5c91851a3e86524d99e2647fcb05f04e187ee9db80,bernoulli,bernoulli|conj|p=0.9|zero=allow_iid|rng=MT19937-RandomState,0.9,allow_iid,0.0003511812537908554,5.1674433052539825e-05,0.00015455298125743866,0.00010809116065502167,0.0012599518522620201,0.0019312091171741486,0.0006654998287558556,9,16,1,6,SAT_unsat_identifiable,1,boolean_factorization,exclude_x,exclude_x,0,236,596,0,1,0,1,0,0,0,1,1,1,0,0,0.0016088029369711876
4,100,5,100,3510003015,34,conj,glucose42,MT19937-RandomState,4.720780998468399e-05,11110110111111111111111111111111111110111111111111111111111110101111111111011111111111011111111111111111111111111111111111111101111111111011111111111111110111111111111111111111111111011110111111111110011010111110111011111111111101111101111111011111111111111110111110111111111111101111111111111111111111011111111111111111111111111111111111111111111111111010111111111111101111110111111111111111111111111101111111111110111111011111101110111111111111111111111111110111111110111111111110110111111111111111,3dde90e9267891b74c1d90a495db71417977c3643ce06cf3b0210551e1b38463,bernoulli,bernoulli|conj|p=0.9|zero=allow_iid|rng=MT19937-RandomState,0.9,allow_iid,0.0002805013209581375,3.907643258571625e-05,0.00011078082025051117,2.7429312467575073e-05,0.0,0.0004656706005334854,0.00045778788626194,6,10,0,3,three_column_check_failed,0,,,exclude_x,0,0,0,0,1,0,1,0,0,1,1,0,0,0,0,0.0014520296826958656
4,100,5,100,3510003015,35,conj,glucose42,MT19937-RandomState,3.721751272678375e-05,01111011110111111111111111111111111101101111011111101111111110110111111111111111111111111111111110111111111110011111110011110111110111111111111101111111101111111011111101111111111111011110111110111111101011011111111101111111111111111101111111111111001111111111111011111111111111100111111101111111111111111111111111111111111011111101111111111101101111101111111111111011111111111111101111111111111111111111011101111101111111111111101010111111111111111111111111111111111111101101111101111101101111111110,f1ef913fddbdc21d56c937f1c311d9c48b10b58fb872b40a33a0883e2699335d,bernoulli,bernoulli|conj|p=0.9|zero=allow_iid|rng=MT19937-RandomState,0.9,allow_iid,0.00027180276811122894,3.993045538663864e-05,0.00010350719094276428,2.9705464839935303e-05,0.0,0.0004505729302763939,0.00044494587928056717,5,10,0,3,three_column_check_failed,0,,,exclude_x,0,0,0,0,1,0,1,0,0,1,1,0,0,0,0,0.001382085494697094
4,100,5,100,3510003015,36,conj,glucose42,MT19937-RandomState,4.222150892019272e-05,11111111111110111100111111011111111011111111111101111111111101110101011111111111111111111101111111111111101101111011111111111011111111101111111101111101111111111111111111111101111011111111111111111111111111101011111111111011111111111111111111110111011111101111101111111111101111111111101111111111111111101110110101101010011110110111111111111111111111011101111111111111111111110111111111110111111101111101111110011111111111111111011111111111111111111111111111111111111111100011111111111111111111111111,b4e638a96315005dffdf1eb476198e57935b93cbe59c1daf2470c5e103c462da,bernoulli,bernoulli|conj|p=0.9|zero=allow_iid|rng=MT19937-RandomState,0.9,allow_iid,0.00032659247517585754,5.308445543050766e-05,0.00014396198093891144,0.00011009536683559418,0.0010135425254702568,0.0016520731151103973,0.0006337342783808708,9,15,1,6,SAT_unsat_identifiable,1,boolean_factorization,exclude_x,exclude_x,0,236,596,0,1,0,1,0,0,0,1,1,1,0,0,0.0015999739989638329
4,100,5,100,3510003015,37,conj,glucose42,MT19937-RandomState,4.324875771999359e-05,11111111111111111111010111111110110111111111111111111111011111111101111111111011111111111110111111111111111110111110111101111111101111111111111111111110111111111101111111111011111111111101111111111110111111110111111110010110110111111110110011111111111110101111111111111110111111110111110111101111111111111111111111111111111111111111001111111111101010111111101101111111111001111111111111111110011011111101111111111110011111111111011111110101111110111111111111111111111111101111111111111111011111011110,d2b7d8d62dc89b85569d60641fd4680419fb6c19e67d538c09504dbab4fbec5c,bernoulli,bernoulli|conj|p=0.9|zero=allow_iid|rng=MT19937-RandomState,0.9,allow_iid,0.00033844728022813797,4.3672509491443634e-05,0.00014418363571166992,0.00011963583528995514,0.0010297950357198715,0.0016809897497296333,0.0006459392607212067,9,17,1,6,SAT_unsat_identifiable,1,boolean_factorization,exclude_x,exclude_x,0,231,590,0,1,0,1,0,0,0,1,1,1,0,0,0.0016286680474877357
4,100,5,100,3510003015,38,conj,glucose42,MT19937-RandomState,4.127528518438339e-05,11111111111111111011111111111010111111111111111111111111111101011111101101110111111111111101111010110111111111101111111111111101111111100111111110111011011110110111011111111111100111111110111111110111111111111111101111111111111111111110101011111111111101011111101101111111111111110111111101011111111111111101111111101111111111111111111111111110101111011110011111111110111111110111111111111111111100011111110111000111111111111111111111111111110111011111110011110111111111111110110111111111111111111111,e3d604eb44fa3f4742491e2f1a96f78bb10ef5c6f0ed9f4bfe39b0535947bedd,bernoulli,bernoulli|conj|p=0.9|zero=allow_iid|rng=MT19937-RandomState,0.9,allow_iid,0.00035373400896787643,4.5639462769031525e-05,0.00014386512339115143,0.00010708719491958618,0.0009404774755239487,0.0015965942293405533,0.0006503257900476456,9,18,1,6,SAT_unsat_identifiable,1,boolean_factorization,exclude_x,exclude_x,0,226,584,0,1,0,1,0,0,0,1,1,1,0,0,0.0016128886491060257
4,100,5,100,3510003015,39,conj,glucose42,MT19937-RandomState,4.441104829311371e-05,00111111111101111111111111111011111111111111111111111001101111111111100111111111110111111111111110111111111101110111110111011011011001111101101111111001001110111111101111111110111111111111111111111111111111110111111111111111111111111001101111010111111011111111111111011111111111111111111111111111110111011111111111111111100111111111111011111111110111111111111111111111111111111111111111111111111111011111111111111110111111111011111100111101011111111111011111010001011111111111111011111101101111111111,fbc76c6c87abaa820aaf714050f536eeb2f8737c75e23343795ae8b71c0d65fb,bernoulli,bernoulli|conj|p=0.9|zero=allow_iid|rng=MT19937-RandomState,0.9,allow_iid,0.0003443751484155655,5.0737522542476654e-05,0.00014348700642585754,0.00011038035154342651,0.0008706394582986832,0.001524629071354866,0.0006489800289273262,9,17,1,6,SAT_unsat_identifiable,1,boolean_factorization,exclude_x,exclude_x,0,226,584,0,1,1,0,0,0,0,1,1,1,0,0,0.0015677809715270996
4,100,5,100,3510003015,40,conj,glucose42,MT19937-RandomState,7.855799049139023e-05,11111111111101111111111111011111111111111111111111111111111110111111111111111011111111011111111111011111010111111111011111111111110111011101111111111111111111101111111111100011110111111111111111111111111111111111011111111111111111011111111111111111111111011111111101110111111111111111111101111010111111111111110110001111110111011111101111111111111011111111111110111110111111110111111110111111011111111111111111111111111111111111111111011111111111111111111111111110101111101111111111110101111101101111,454d07341681747f772d4b24dc4a8ba171cb9be9b64720f7b4d713ba2802ea86,bernoulli,bernoulli|conj|p=0.9|zero=allow_iid|rng=MT19937-RandomState,0.9,allow_iid,0.0002926727756857872,4.4386833906173706e-05,0.00012319348752498627,8.40257853269577e-05,0.0,0.0005525117740035057,0.0005442788824439049,7,10,0,3,three_column_check_failed,0,,,exclude_x,0,0,0,0,1,0,1,0,0,1,1,0,0,0,0,0.001466142013669014
4,100,5,100,3510003015,41,conj,glucose42,MT19937-RandomState,4.258193075656891e-05,11110111101111111111111111111111110111010111111011111111111111110111111111111111101110110111111111111110111111110111111111111111111111111111111111110111111111111111111111111111111111111111111111111111101011010111111111111110111110111111111111111111111111111101111111111111111111101111111111111111111111111111110111111111111101111111111011111101111111110110111111111111111011111111101011111111111111111110111111111111111011111011110011111111101111111111111111111111111111111111110111111110111111110111,c061430f1f29c4d23be4e79eb05d0f1e92482e36303c96ad6664be5da774f47f,bernoulli,bernoulli|conj|p=0.9|zero=allow_iid|rng=MT19937-RandomState,0.9,allow_iid,0.00026298314332962036,3.944896161556244e-05,0.00010829232633113861,6.73951581120491e-05,0.0,0.0004848763346672058,0.0004781195893883705,5,10,0,3,three_column_check_failed,0,,,exclude_x,0,0,0,0,1,0,1,0,0,1,1,0,0,0,0,0.001399768516421318
4,100,5,100,3510003015,42,conj,glucose42,MT19937-RandomState,3.6378391087055206e-05,01111111111111111111011111110011111101110111110111011111101111111010111111111111111101111111111111101111101111111111110111111111111111111111111101110111110111111111111111111111111011111111111111111111111111010111111111110111111111111111111111110111111101111111011101111111111101111111111101111111111001111111011111111111111111111111111111110110111101111111111111110111111111111101111111111101111111101110111111110111111111111110111111111111101101011110111101111011111111111111110111111110111110111110,058db78cf92f8165d81d6a2d5310ea923fc743dad3167792391a4887257a3ee5,bernoulli,bernoulli|conj|p=0.9|zero=allow_iid|rng=MT19937-RandomState,0.9,allow_iid,0.00028345268219709396,3.912486135959625e-05,0.00011672358959913254,0.00010278820991516113,0.0009940126910805702,0.002272026613354683,0.0005420893430709839,7,13,0,5,SAT_found_counterexample,1,boolean_factorization,exclude_x,exclude_x,0,198,472,0,1,0,1,0,0,0,1,1,1,0,0,0.0015045907348394394
4,100,5,100,3510003015,43,conj,glucose42,MT19937-RandomState,4.3577514588832855e-05,11101111011111111111111101111011101111111111111111111111111111111111101111111111111111111110101011111111010011111111111111111111110101101101111111111111111101010101111101101111011111111111111111110111111110111111110111111111111111110101111111111111111111111111011111111111111111111010101110110111101111110111111111111111111111001111111111111111101011110111111111111111111011111111011111111111111111111111111111111111111111011111111111111111111111101110111111111111111111111111111111100110011110111111,6ee11d6117bcbbccc3015cd96a32103b965a2cf1d333cc0b855785d2d791e360,bernoulli,bernoulli|conj|p=0.9|zero=allow_iid|rng=MT19937-RandomState,0.9,allow_iid,0.00032101571559906006,4.597753286361694e-05,0.00013138633221387863,0.0001061437651515007,0.001077837310731411,0.0016873693093657494,0.0006045233458280563,8,15,1,6,SAT_unsat_identifiable,1,boolean_factorization,exclude_x,exclude_x,0,217,534,0,1,0,1,0,0,0,1,1,1,0,0,0.0015979204326868057
4,100,5,100,3510003015,44,conj,glucose42,MT19937-RandomState,4.30988147854805e-05,11111111111111111110111111111111111111011111111110110111111111111111111111101111111011111111111111111111111111110111101101110111011111111010111111111101111101111101111111111110111111111111111111011111111111111101101111111111111111110111111111111111111111111111111111111111111101111111111011111111010111111110111111111101111111110111111111111111111111111011110111111110111111111111111111111111111011111111101111110111110111011110110111111111111110111111111110111111111111111110111001110111111111111111,a1ae513ef68365357c8248c596ff8d89411e2d190d4615a8faa8711d5412784b,bernoulli,bernoulli|conj|p=0.9|zero=allow_iid|rng=MT19937-RandomState,0.9,allow_iid,0.0003014989197254181,4.4114887714385986e-05,0.00011274777352809906,2.9256567358970642e-05,0.0,0.0004953481256961823,0.0004876181483268738,6,11,0,3,three_column_check_failed,0,,,exclude_x,0,0,0,0,1,0,1,0,0,1,1,0,0,0,0,0.001427769660949707
4,100,5,100,3510003015,45,conj,glucose42,MT19937-RandomState,3.752298653125763e-05,11111111111111111111111110111111101111111111101111101111111010111101111111011111111111111111110111111111111111110111110101110011111111110111111111111111111111111111011111111111011000111010111101111111111111111111111111111111101011110011111111111111111111111111111111111111111111111111111111111111110111110110111111111111111101101101111110111111111111111111010110001111111111111111111011111111111101111111111110111111101010010111011111111111111111111111111111101111011111101101111011101111101101111111,b4696748457a49851d3767dd15062bd556805f76e450ca542d59f5aef99865e0,bernoulli,bernoulli|conj|p=0.9|zero=allow_iid|rng=MT19937-RandomState,0.9,allow_iid,0.00034449808299541473,4.926789551973343e-05,0.00014650262892246246,0.00011671334505081177,0.0011358633637428284,0.0017985012382268906,0.0006569819524884224,9,17,1,6,SAT_unsat_identifiable,1,boolean_factorization,exclude_x,exclude_x,0,231,590,0,1,0,1,0,0,0,1,1,1,0,0,0.001607402227818966
4,100,5,100,3510003015,46,conj,glucose42,MT19937-RandomState,4.1107647120952606e-05,11111111111111111111110110111110111011111111111101111111111111011110111111111110111111111011111011111011111101111111111111101111111111111110111110111101111111111110011110111111011111111111111111011111111111111101111111111111111111111111111111111111111111101111011111101111111110111111011111111011111101111011111111101101111111011111111111110111110111101110111111111110111111111111010111111111111111111111101111111111101111111110111111111111111111111111111111011111111011111111110111111101111111111101,5b64b1cb68a76149c75f08fd6cddbf833dfba5a511f85230dc1e4788d4dc2c54,bernoulli,bernoulli|conj|p=0.9|zero=allow_iid|rng=MT19937-RandomState,0.9,allow_iid,0.0002752132713794708,4.0114857256412506e-05,0.00010795611888170242,4.4887885451316833e-05,0.0,0.00047524459660053253,0.0004681721329689026,6,10,0,3,three_column_check_failed,0,,,exclude_x,0,0,0,0,1,0,1,0,0,1,1,0,0,0,0,0.001455412246286869
4,100,5,100,3510003015,47,conj,glucose42,MT19937-RandomState,3.595184534788132e-05,10111110111111111111111111111111111111111111110111101111111111111111111101110111101111111111011111111011111111111111111111111111111111011111111111111111111111111111111111111111111011111111011101011111111111111110111111111111111111111111111001111111111011111011011111101110111111111101101111111110111110111111111111111110111101111111111101111111111101111111011111111111111110111011110111111111111111111111111111111011111111111011111111111111111101110111111111111001111111111111111111111111111111111110,5a62798848b935c2b5fd296006a2221e6ecc5ff63412e953c5ad0c67b06b5cca,bernoulli,bernoulli|conj|p=0.9|zero=allow_iid|rng=MT19937-RandomState,0.9,allow_iid,0.00026875175535678864,3.806501626968384e-05,0.00012306589633226395,4.292093217372894e-05,0.0,0.00047848932445049286,0.00047280360013246536,6,9,0,3,three_column_check_failed,0,,,exclude_x,0,0,0,0,1,0,1,0,0,1,1,0,0,0,0,0.001415148377418518
4,100,5,100,3510003015,48,conj,glucose42,MT19937-RandomState,4.113838076591492e-05,11111111111100110111111111111111111111111111111111111111111111111111001101001101110111101111101101101101110111111111110111101111111111111111111111111111111011111100111111011111111011011111101111101101111111111111111111011111111111101011111111011111111111111111011111111111111111111111111111111101111111111111111111111111011111111111110110111111111111111111111001111111111111011111111111101111111100111111011111111111110111001111111110111111111111111111111110111111011111111111111111111101111101111111,2141530946416ad273806c729360a8804bd7e5e1a8b0fcce7169ea2532048bea,bernoulli,bernoulli|conj|p=0.9|zero=allow_iid|rng=MT19937-RandomState,0.9,allow_iid,0.0003219088539481163,4.4288113713264465e-05,0.00013308972120285034,0.00011405535042285919,0.0010578334331512451,0.002467261627316475,0.0006133420392870903,8,14,0,5,SAT_found_counterexample,1,boolean_factorization,exclude_x,exclude_x,0,222,540,0,1,0,1,0,0,0,1,1,1,0,0,0.0015697469934821129
4,100,5,100,3510003015,49,conj,glucose42,MT19937-RandomState,4.4689513742923737e-05,11111101111111111111111111111111101111111011111111111111101101111111111101101111011111111111011111111011111010111011111111110111111111111111111111111101111111101111011011011111111111111111101111101111011111011111111110111111111111111111111111111111111111111111111111111111111111010111111110111111111111110111111011011111111111111111111111011111110101111010100111111111111111111111010111111111111011011111110111111111111111111110111111111111111100111101111111111111011111111111101101111111111111111111,4596807a2c3a3f9ec671ec345ce499445c01675025ce7faad8588db9b2fcacdc,bernoulli,bernoulli|conj|p=0.9|zero=allow_iid|rng=MT19937-RandomState,0.9,allow_iid,0.00030498113483190536,4.540290683507919e-05,0.00011572707444429398,0.00011054705828428268,0.0008614044636487961,0.002211424522101879,0.0005766581743955612,6,13,0,5,SAT_found_counterexample,1,boolean_factorization,exclude_x,exclude_x,0,164,392,0,1,0,1,0,0,0,1,1,1,0,0,0.0015368824824690819
4,100,5,100,3510003015,50,conj,glucose42,MT19937-RandomState,9.372550994157791e-05,11111101111111111111111111111111111111111011111011111111111011111111011110111111111111111111111111111111111111111111111111111011110111111111011011111111111111011111110111111111111111111111111111111101011111111111111111111111110111101111111111110111011111111111111111111111111111111111111111111101111111111101111011111111011111111101111111111011011111011101111110111010111111011111111111111110011111111111111011111111111111111101111111111111111111011110111111111111011111111111111111011111111111011111,dfcfa7c736b2101f233d71d3be4be81a1d2bcff18abd08aad3d5c53996964eb4,bernoulli,bernoulli|conj|p=0.9|zero=allow_iid|rng=MT19937-RandomState,0.9,allow_iid,0.00031437352299690247,5.882978439331055e-05,0.0001198016107082367,0.00011476501822471619,0.0,0.0006177937611937523,0.0006077699363231659,6,12,0,3,three_column_check_failed,0,,,exclude_x,0,0,0,0,1,0,1,0,0,1,1,0,0,0,0,0.0014812629669904709
4,100,5,100,3510003015,51,conj,glucose42,MT19937-RandomState,4.719104617834091e-05,11101111111111111111111011111111101111111111111111111111111101111111111111100111111111111111111011111111111011111111101111111101111010111111111111111111111111011111111111111110111111111011111111111111111111111111111111111110111111111111111110111101111111111011101111011111101111110111111001111111111111111111111111111111111111111111111111111101111111111111111111111110110111111111101101100101111110111100111111111111111111111111111111111111111111111111111111111111110111111111111111001111111011111111,4c012901861561be033177e57061e4a8f1d8b1a924aed01f7a1a45eab877ca41,bernoulli,bernoulli|conj|p=0.9|zero=allow_iid|rng=MT19937-RandomState,0.9,allow_iid,0.0002643950283527374,3.7143006920814514e-05,8.781813085079193e-05,0.0,0.0,0.00039539486169815063,0.00038935616612434387,6,10,0,2,two_column_check_failed,0,,,exclude_x,0,0,0,0,1,0,1,0,1,1,0,0,0,0,1,0.0011016959324479103
4,100,5,100,3510003015,52,conj,glucose42,MT19937-RandomState,3.506802022457123e-05,11011100111111111111111111011110101011011111111111111111011111111111110111111110111111110111111011111011111111111011111111111101111111011111111101111111011111111110011111111111111111111111111111111111111111110111111111111111111111111110101111101111111111011111111010111111111101111111011110111111111111111011111111111011001111111110111111111111110111111111110111111111111111111111111111110011111111111111100010111101110111111111111101111101111011110111110011011111111011111111111111111111110011111111,d7684920affea02107a1a4e370fba6be7304a88bb104f2f6762015025f8cd605,bernoulli,bernoulli|conj|p=0.9|zero=allow_iid|rng=MT19937-RandomState,0.9,allow_iid,0.00030196551233530045,3.733951598405838e-05,0.00011567864567041397,0.00010713562369346619,0.001028665341436863,0.0023518940433859825,0.000562119297683239,7,14,0,5,SAT_found_counterexample,1,boolean_factorization,exclude_x,exclude_x,0,183,454,0,1,1,0,0,0,0,1,1,1,0,0,0.0015146071091294289
4,100,5,100,3510003015,53,conj,glucose42,MT19937-RandomState,5.0766393542289734e-05,11111111111111111111111101011111111101111111111101111111111010111111111111111011111111111111111111111111110011101101111111111111111111111111111111111101111111011111111111111111101111111111110110111111111111111111111111111011111111111111111110011111111111111111111111111111111111111010111111010110111111111101111111111111111001010111111111111110101110011110111111111101011011111110101111101111111110101110111101101110111111110111111111101111111110111111111111111110001111111111111111110111111111111111,8fe08dd78e3d01bd52cd63f73cb404a430f64edc54317a5d330eb4138110b642,bernoulli,bernoulli|conj|p=0.9|zero=allow_iid|rng=MT19937-RandomState,0.9,allow_iid,0.00032318849116563797,4.302617162466049e-05,0.000142010860145092,0.00011337734758853912,0.0011357618495821953,0.0025416174903512,0.0006216028705239296,8,15,0,5,SAT_found_counterexample,1,boolean_factorization,exclude_x,exclude_x,0,217,534,0,1,0,1,0,0,0,1,1,1,0,0,0.0015648575499653816
4,100,5,100,3510003015,54,conj,glucose42,MT19937-RandomState,4.684366285800934e-05,11111111110111111110011111111111111100111111111111111111111111111111011101111111111110111010110111111001101111110101011111111110111011111011111111111101111111111111111111111111111111111111101011111011111110100011110111111111110111111111111110111101111111111110111110111111111110111111111111111111110111111110111011111111111111001111101110101111101111111111111011111111101111111111111101110111111111111111111111111110111111111111111111111111111101101101111111111111111111101111111111111110111110110111,d6f60c976ebdde3b57cc0c14dd4eeec79e189550f1ba129bc510303bbc243196,bernoulli,bernoulli|conj|p=0.9|zero=allow_iid|rng=MT19937-RandomState,0.9,allow_iid,0.0003084847703576088,4.460848867893219e-05,0.00012419652193784714,5.962792783975601e-05,0.0,0.0005442649126052856,0.0005369177088141441,7,12,0,3,three_column_check_failed,0,,,exclude_x,0,0,0,0,1,1,0,0,0,1,1,0,0,0,0,0.0014446983113884926
4,100,5,100,3510003015,55,conj,glucose42,MT19937-RandomState,3.959890455007553e-05,10111011111111111111111101011110111111110111100111110111111100111111111111111110111011111111111111111001111101111111111111111111111101101111111111110111101111111111111111101111111111011111110011111111111110111111111111111111001101111111001111011111111101110111111111010111111110111111111111111111101111111111111011111111111110111111111111111111111111111101111111111111101111011111101111111110111111111111111111111111111111111111111111111011111011111111111111101111110111011111101111111111111101111111,d4b21fbb06d8f681f862cc6a96f3978112902ca23b647f9a1d50f160a666fdd1,bernoulli,bernoulli|conj|p=0.9|zero=allow_iid|rng=MT19937-RandomState,0.9,allow_iid,0.00029294006526470184,4.305131733417511e-05,0.0001183878630399704,6.929133087396622e-05,0.0,0.0005301032215356827,0.0005236705765128136,6,11,0,3,three_column_check_failed,0,,,exclude_x,0,0,0,0,1,0,1,0,0,1,1,0,0,0,0,0.0015014223754405975
4,100,5,100,3510003015,56,conj,glucose42,MT19937-RandomState,3.875698894262314e-05,11111110011110111111110111111111111111111111110110001111111101101111111111111011111011111111111111111111111111111111111111111011101111111111111111111111011100111101111110111111111111011111111111111110111111111111111111011111111111111111111111111111110011111111111111111110111111111111110110111111111111101111111111111111110111111111101111111011101011111101110111111111111111111011111111111111111111001111111111110111101101111101101111111111111111111111111101111101111111111111111111111111110111110111,3e6439d3f4a96fee43f5a3aa608ab3b411b31336dd4bad36f3d2efe43c3fb37a,bernoulli,bernoulli|conj|p=0.9|zero=allow_iid|rng=MT19937-RandomState,0.9,allow_iid,0.00030905846506357193,4.23165038228035e-05,0.00013177841901779175,0.00010677892714738846,0.0011134939268231392,0.002457049675285816,0.0005899323150515556,8,15,0,5,SAT_found_counterexample,1,boolean_factorization,exclude_x,exclude_x,0,217,534,0,1,0,1,0,0,0,1,1,1,0,0,0.001539492979645729
4,100,5,100,3510003015,57,conj,glucose42,MT19937-RandomState,3.6067329347133636e-05,11111110111111111101111111101111111110111111111111111111111111111111111111111011111111011111111111111111111111111101101111111111111111111111111111111011110111111011110011101111111111110111011011111111111111001111001111110101111110111111011111111101110110111111110111111110011111111111111111111111111111110101111111111111111111111111111111111111111101111101111111111111111111111111111101111110110111111111111111111111111011111111101111111111111111111110111111111110111111101111111111111101101111111111,ba75b36ef384fea2a7ab7b8d6d17a3553bd9bc7941555f6e000a1dbfc5a784de,bernoulli,bernoulli|conj|p=0.9|zero=allow_iid|rng=MT19937-RandomState,0.9,allow_iid,0.0002841213718056679,3.772228956222534e-05,0.0001206323504447937,0.00011397805064916611,0.0009180307388305664,0.00220358744263649,0.000556454062461853,6,12,0,5,SAT_found_counterexample,1,boolean_factorization,exclude_x,exclude_x,0,174,404,0,1,0,1,0,0,0,1,1,1,0,0,0.0015115989372134209
4,100,5,100,3510003015,58,conj,glucose42,MT19937-RandomState,4.171859472990036e-05,11111111111111011101111111111111100011101111111111111011111111111111111111111111111110111111011111111101111111111111111111111111111111111111111111111111111111111111111111111101111111111111111111011111111111111101111111111111011111111011110111111111111111110110111111011111001111111011110111111111111011111001100111111111111111111111111111111111111111101111101111111001111111011111110011111111111101111011111111011101111110111111111110111111111111111111111111101011111101101111101111111111110111111111,53fc3a01b885df30a70b784dfb70ddf688f4573a7df7683e6cceb749e31c354d,bernoulli,bernoulli|conj|p=0.9|zero=allow_iid|rng=MT19937-RandomState,0.9,allow_iid,0.00030409079045057297,4.087015986442566e-05,0.00014743581414222717,0.00010815076529979706,0.0008920952677726746,0.0022366801276803017,0.0006005475297570229,7,13,0,5,SAT_found_counterexample,1,boolean_factorization,exclude_x,exclude_x,0,193,466,0,1,0,1,0,0,0,1,1,1,0,0,0.001501578837633133
4,100,5,100,3510003015,59,conj,glucose42,MT19937-RandomState,4.5818276703357697e-05,11111111111111110111111111111011111111110111111111110011111101110111111101111111111110111111111111111111011111111011111111111111111110111111110111110110111100111111111111111111101111101111111111011111110111111111111111110111111111111111011111111101111111111110111111111111111111111111111011101111111101100111111111111111111111111101111111111111111011111111111111111110111111111111111111111110111111111111111111101110111101111111111111111111111111110101110011101111111111101111111011111111111111111111,bded64b0e50d71b0fb9360ae449dab8137f31397217a7e26a52b8d5d57164e03,bernoulli,bernoulli|conj|p=0.9|zero=allow_iid|rng=MT19937-RandomState,0.9,allow_iid,0.00029348209500312805,4.000682383775711e-05,0.00012687314301729202,0.00011477619409561157,0.0009732097387313843,0.0023117102682590485,0.0005751382559537888,7,11,0,5,SAT_found_counterexample,1,boolean_factorization,exclude_x,exclude_x,0,203,478,0,1,0,1,0,0,0,1,1,1,0,0,0.0015300409868359566
4,100,5,100,3510003015,60,conj,glucose42,MT19937-RandomState,8.339155465364456e-05,11111111111111111101101111111111110111111110110111111111101111111111111110111111011111111111111111111011111110011111111111011111110111111111111001111101011111111111101111111110111111111111111111111111111110111011011111111111111011111111110010111111111101111111011111111101111111111111101111111111111101101010111111101111111111011111111111111111011110111001111111111111111111111111110111011010111100101111110111001111111111011111111111111111111001111110111111110111111111111111111111111111110111111110,6a8adc42205e319f5e8b237afdd56ce0cfa26dd44e5aa09c3945b0ac4271c68f,bernoulli,bernoulli|conj|p=0.9|zero=allow_iid|rng=MT19937-RandomState,0.9,allow_iid,0.0003180773928761482,5.562976002693176e-05,0.00013171881437301636,0.00010813120752573013,0.0009818943217396736,0.0016013430431485176,0.0006135571748018265,7,14,1,6,SAT_unsat_identifiable,1,boolean_factorization,exclude_x,exclude_x,0,188,460,0,1,0,1,0,0,0,1,1,1,0,0,0.001502184197306633
4,100,5,100,3510003015,61,conj,glucose42,MT19937-RandomState,4.3645501136779785e-05,11101111110111111111111111101111111111111111111111111110011110111111110111111110111111111111111100111111011111111111111110111111011110111111111111011111111111111111111111011111110111110110111111011011111101111110111111110110111111111111111111111101111111111111111111111111011111111111111110111100111111011111111111111111111011111111110111111101111111111111111110111111111110011101111111111111001111001110111111111111101111100111111111111110110111101111101111110111111111111110111111101111111111111111,329da17c6fe246656274416628e8d88fadc1231eeab3b473f2852ed3384205f1,bernoulli,bernoulli|conj|p=0.9|zero=allow_iid|rng=MT19937-RandomState,0.9,allow_iid,0.00028703082352876663,3.6356039345264435e-05,0.00010980386286973953,6.877351552248001e-05,0.0,0.0005100816488265991,0.0005019642412662506,6,12,0,3,three_column_check_failed,0,,,exclude_x,0,0,0,0,1,0,1,0,0,1,1,0,0,0,0,0.001407647505402565
4,100,5,100,3510003015,62,conj,glucose42,MT19937-RandomState,4.216190427541733e-05,11111111111011111111111111111111011111111111111111111111111011111111111110111111111110111111110011111111111101111111100011111111111111111111111100111111111111110111110101111111111111101111111111111111111111111111111011111111011111111111111101111111101111111111110011101111111111101111110110111111111111111011111101111111111110110111111111111111101111111111111110111111111111111111011111111111111111111111111111111111111111011111111111110111111111011111111111111111111101111111111111111111111111011111,8f5bb0336e8a27879abc5b92b013f4b40f69edef2ca5944ba4db2732e17cc7cb,bernoulli,bernoulli|conj|p=0.9|zero=allow_iid|rng=MT19937-RandomState,0.9,allow_iid,0.0002922024577856064,4.098378121852875e-05,0.00012036226689815521,2.7064234018325806e-05,0.0,0.00048675481230020523,0.00048061273992061615,7,12,0,3,three_column_check_failed,0,,,exclude_x,0,0,0,0,1,0,1,0,0,1,1,0,0,0,0,0.0013688234612345695
4,100,5,100,3510003015,63,conj,glucose42,MT19937-RandomState,3.732554614543915e-05,11111111111111110111111111011101011111111111111111011111111111111110101110110111111110111111110111111101111111101101110111110111111111111111011111011111111111101111000111110111111111111111011111111111111111111111111110111111110111101111111101111111110111111111111111111111101111111111111110111111111111011011110111111111011111111101110111111111011111111111111010110011101101111011111111111101111111110111110011111011111011011111111101100111111011111111011111111111111111101111111011011111111111111111,637b186528045f33bbbce92310ed48113865a7863cae17c4edf36c560a36b4b8,bernoulli,bernoulli|conj|p=0.9|zero=allow_iid|rng=MT19937-RandomState,0.9,allow_iid,0.0002955431118607521,3.8380734622478485e-05,0.00011789891868829727,0.00010362360626459122,0.001035003922879696,0.0023648152127861977,0.0005554463714361191,7,13,0,5,SAT_found_counterexample,1,boolean_factorization,exclude_x,exclude_x,0,198,472,0,1,0,1,0,0,0,1,1,1,0,0,0.001521567814052105
4,100,5,100,3510003015,64,conj,glucose42,MT19937-RandomState,4.482269287109375e-05,11111111101111111111111111111111111111111111011111101111101111111111101111111111011111111111101011111111111101011111111111101111111111011111111111111111111111110111111111111110110100101111111111111111111111111111011111110111011010111111111111111111111111111011101111111111111111111111111111111111111111111111101101111111110111111111111111111111111111011111111111111111111110101111101101111111110111111111001111111111111111110111110101101111111111111111101111110111111111111111111111111111111111011111,1a593ebdc232fd57eda4e2d1f7cdd06980952dcb7b0fec5b212fd68bfdb19eeb,bernoulli,bernoulli|conj|p=0.9|zero=allow_iid|rng=MT19937-RandomState,0.9,allow_iid,0.0003097737208008766,4.548206925392151e-05,0.00011892523616552353,0.00010599195957183838,0.0010097669437527657,0.0023731496185064316,0.00058017298579216,7,13,0,5,SAT_found_counterexample,1,boolean_factorization,exclude_x,exclude_x,0,193,466,0,1,0,1,0,0,0,1,1,1,0,0,0.0015403730794787407
4,100,5,100,3510003015,65,conj,glucose42,MT19937-RandomState,4.3069012463092804e-05,11111111011111111110111011110111111110111111111111111111011111111011101011111111111111011111111101111111111111111111111011111101111111111111110110110111111011111111111110111110111111101110100111111111111101111111111111111111111111111111111111101111111101011111111110111111111111111111111111111101011111111111110111101101111101111111111010111110111111111111110111111101111011111111101111111111101111100101111111110111111101111111101111111111111111101111111111110111111110101111011101111111111111111111,3f51a161a5066d76d79216d226a7946e0539063e3d2e3e5ff424c13d7e17e9e8,bernoulli,bernoulli|conj|p=0.9|zero=allow_iid|rng=MT19937-RandomState,0.9,allow_iid,0.0002848990261554718,4.034955054521561e-05,0.00011430121958255768,9.26777720451355e-05,0.0,0.0005398010835051537,0.0005322275683283806,6,11,0,3,three_column_check_failed,0,,,exclude_x,0,0,0,0,1,0,1,0,0,1,1,0,0,0,0,0.001490856520831585
4,100,5,100,3510003015,66,conj,glucose42,MT19937-RandomState,4.1219405829906464e-05,11111100110111111111101110011111101111111111110111111111111111111111111101111111111111110111111101111111111111111111111111111111111111111111111111111111111111101111111111111111111101111111111101111011101111011111111111111111111010111111111111111101111111110111111101111111101011111111111101111111111111110111111111111111111111111111101111111111111111111111111001111101111110111011101111101111111111101111111111111110101110111111110011111111111111101111011111111111110101111110110011111111111111111111,c6e647b1776ac06a6e5a6fe0b00af207ec414b3b42bf11267a0b93eae23ca8ef,bernoulli,bernoulli|conj|p=0.9|zero=allow_iid|rng=MT19937-RandomState,0.9,allow_iid,0.00031690578907728195,4.664715379476547e-05,0.00011327769607305527,7.426552474498749e-05,0.0,0.0005580335855484009,0.0005510961636900902,6,13,0,3,three_column_check_failed,0,,,exclude_x,0,0,0,0,1,0,1,0,0,1,1,0,0,0,0,0.0015075001865625381
4,100,5,100,3510003015,67,conj,glucose42,MT19937-RandomState,4.059635102748871e-05,10111111110111111111101011111010111100111111111011111110111111111111111111111111110111011111111111111111111111111111101111111110111111111101011111111111111111111111111011011111111111101111111001101111111111101111111111111111111110011101111111110111111111111111110111111101101111111111111111110111111111111111011101111011101111111111001111111111111101111111111110111111111111111111111111111111111110111110111111111111111111111111111111111100011111110111111111110011110010111111111110101111111111111111,3424601e5bf3e8a5db4c0e6949b1563d95529e8d5586fe1c8ae6388e6b0b3656,bernoulli,bernoulli|conj|p=0.9|zero=allow_iid|rng=MT19937-RandomState,0.9,allow_iid,0.00032754242420196533,5.3578056395053864e-05,0.0001386767253279686,0.00011278688907623291,0.001046472229063511,0.0016846470534801483,0.0006325840950012207,8,15,1,6,SAT_unsat_identifiable,1,boolean_factorization,exclude_x,exclude_x,0,212,528,0,1,0,1,0,0,0,1,1,1,0,0,0.0016095014289021492
4,100,5,100,3510003015,68,conj,glucose42,MT19937-RandomState,5.155429244041443e-05,11111110011000111111111110111111011111111011111111111111111111111101111011111111111001011011101111111111111110111111111110111111111111111111111111111111011111111111111110111111111111111111111111111111111011011111111111111101111101101111111100110111111011111111110111111111111011111111101111011111111010111111111111111111111111011111111111111011111111111111111111111111111011110111111111111111111111111111110111111111111101111111001111111110111111111111111111111111111111011111111111111011111111111001,476668ee497bc976f16cff9fd0320a68ecf46f165378351e1261cd0962b18e5f,bernoulli,bernoulli|conj|p=0.9|zero=allow_iid|rng=MT19937-RandomState,0.9,allow_iid,0.0003202734515070915,5.7104043662548065e-05,0.00013252347707748413,0.00011363346129655838,0.0009971018880605698,0.0024043014273047447,0.0006235344335436821,7,12,0,5,SAT_found_counterexample,1,boolean_factorization,exclude_x,exclude_x,0,193,466,0,1,0,1,0,0,0,1,1,1,0,0,0.0015464592725038528
4,100,5,100,3510003015,69,conj,glucose42,MT19937-RandomState,5.12516126036644e-05,11101111111111111111111101111111111111111011111010111101101111111111111111111111111111111111111111111111111111111111111111110110111111111111111110111111001111111111111111011110011011111011111111110111111101111011111111111111110111011111111111111111111101111111111111001111111110110001111111111111110111011101111011111111011111011111111111011101011111111110010111111111111111010101111111111111111111101111111111111111011111111101101111111111011100111111111111111111111111111111111011111011111111111011,7fc22996559ef5be23e01fae439408d490400cf636e15454015bfe1c2fd14cab,bernoulli,bernoulli|conj|p=0.9|zero=allow_iid|rng=MT19937-RandomState,0.9,allow_iid,0.0003552772104740143,4.8296526074409485e-05,0.0001382073387503624,0.00010436121374368668,0.0009579723700881004,0.0016098087653517723,0.0006461422890424728,9,17,1,6,SAT_unsat_identifiable,1,boolean_factorization,exclude_x,exclude_x,0,226,584,0,1,0,1,0,0,0,1,1,1,0,0,0.0016404502093791962
4,100,5,100,3510003015,70,conj,glucose42,MT19937-RandomState,8.201692253351212e-05,11110111111111111111111111111111101111111111101111111111101111111011111011011111110111011011110111111111111111111111111101111100110111111111101011111111111110111111111111111101111111111111111111111111111111111011111111111111111110111111111111111111011010011111111111111111111011101001111101011111111111111111011010111111111111111110111111111111111011111111111111101111101111111111111111111011111111111110111111111011110111111111111110011111111111111111111111100111111111011111111111111111111111111111,eb817ddc4b39ae689b78656d94a8e4b21c690d206778ab640618b72efa5926fd,bernoulli,bernoulli|conj|p=0.9|zero=allow_iid|rng=MT19937-RandomState,0.9,allow_iid,0.00033190567046403885,5.490798503160477e-05,0.00013954751193523407,6.521027535200119e-05,0.0,0.000601327046751976,0.0005915714427828789,8,13,0,3,three_column_check_failed,0,,,exclude_x,0,0,0,0,1,0,1,0,0,1,1,0,0,0,0,0.0014835763722658157
4,100,5,100,3510003015,71,conj,glucose42,MT19937-RandomState,5.374010652303696e-05,01111111111101111111110111111111101010111111011111011111011111011111111111111111111111101110011011111111111111011111111110110111111111111111111111011111111111111111111111111011111111111111111111110110101111111111110111111111111110110111111111111111110111111110111111011110110111111111111111111111110111111111111110111111111111111111110111111111011101111110111111111111101111011110111111011111111011111001011110111001010111111101110101111101111111111111101111111111111111101111111111111111111110111110,b69e79849e10000f1976fd51cb92e53495290ba5125518a5c6c036c438fc8033,bernoulli,bernoulli|conj|p=0.9|zero=allow_iid|rng=MT19937-RandomState,0.9,allow_iid,0.0003029666841030121,4.257727414369583e-05,0.00011765211820602417,0.00010201148688793182,0.0009810570627450943,0.002297746017575264,0.0005652075633406639,7,13,0,5,SAT_found_counterexample,1,boolean_factorization,exclude_x,exclude_x,0,193,466,0,1,0,1,0,0,0,1,1,1,0,0,0.0014332244172692299
4,100,5,100,3510003015,72,conj,glucose42,MT19937-RandomState,4.235096275806427e-05,11111111011111101111101101111110111111111111110101111111111111111111110011111111111101011111111101011111101111111111111110110111111111111101010101101111011010111111111111111111111111111101011111111111111001011111111111110111111111101111111111111111111111111111111111111111111111110110101111111111111111111111111111111111101101111111111101110111111111111110111111111110011111111111111111111110100101011111101011100111110111011111111011111111111110111111111111111101111111111101101111100110111111111111,1eb10ed7b0a9c463cb69054e648da80ed780f693a25caa271ee59872cd626de0,bernoulli,bernoulli|conj|p=0.9|zero=allow_iid|rng=MT19937-RandomState,0.9,allow_iid,0.0003442307934165001,4.139542579650879e-05,0.0001419978216290474,9.89297404885292e-05,0.0011100200936198235,0.001741638407111168,0.0006265537813305855,10,17,1,6,SAT_unsat_identifiable,1,boolean_factorization,exclude_x,exclude_x,0,255,658,0,1,0,1,0,0,0,1,1,1,0,0,0.0015708617866039276
4,100,5,100,3510003015,73,conj,glucose42,MT19937-RandomState,4.555750638246536e-05,10110111110011111111111111111110111110111111111111111111100111111111111110111111111111111111010110011111111111111111111101111111111111111111101111111111111110111111110011011111111011111111111111111011111111111111101100111111111111111111011111111101111111111111110111111101110111111111011111101011111110111110111111111111011110010111111111111111111011111111101111111111111111111111111101111011101111111111011011101111101110001010111011110111111111111111110111101111111111111111111111011111111101111111,84c578b806f450d001998ecccfa268ba1e7b2de310929d62ea10086abfc45347,bernoulli,bernoulli|conj|p=0.9|zero=allow_iid|rng=MT19937-RandomState,0.9,allow_iid,0.00035770051181316376,4.504527896642685e-05,0.00014086812734603882,0.00010873377323150635,0.000946911983191967,0.0016056308522820473,0.0006523476913571358,9,17,1,6,SAT_unsat_identifiable,1,boolean_factorization,exclude_x,exclude_x,0,231,590,0,1,0,1,0,0,0,1,1,1,0,0,0.0015744837000966072
4,100,5,100,3510003015,74,conj,glucose42,MT19937-RandomState,5.016103386878967e-05,00101111111101111111101111001111111111111011111111111110101101111111111101111111111111110111111101111111111101111111111101111111111111111110110011111111111111110111110010011111111110111111111011111111110111111100001111111111111110111111111111111111111111101111111101111111111011111111111111111101101111101111011011111111010111101111111110111111111111110110100111111111111110111011111111111111101010111111111011111101111111111111111111111111111111111111111111111011111111111111111010111011111111111111,0b20a4948ac9a80ee47ed1486f5040b94c3b038a2a8183eb440176b070c8bb99,bernoulli,bernoulli|conj|p=0.9|zero=allow_iid|rng=MT19937-RandomState,0.9,allow_iid,0.0003198273479938507,4.322174936532974e-05,0.00011954642832279205,0.00010976660996675491,0.0007674191147089005,0.0013651764020323753,0.0005923621356487274,7,15,1,6,SAT_unsat_identifiable,1,boolean_factorization,exclude_x,exclude_x,0,173,442,0,1,1,0,0,0,0,1,1,1,0,0,0.0015548449009656906
4,100,5,100,3510003015,75,conj,glucose42,MT19937-RandomState,4.617404192686081e-05,11111101111011111110111111110111111111111111111111111111111110111101111111111110111111111111111111111111011011111111111111111001011111101101011111101111111111111111111111111111111011011111011111011111111101111111111111111111110110111111111110110111111111111111011111101111111111011111110101111101111011111111111111011111111111011111111111111101111111101011111111111111011111110111101111111110111111100111111111111111111110111111111111111111111111111111011111111101111101011101111111011111111111101111,d19ed3afc1c29b9e2fbacd96d9353470e865360c57623c9fda5f7ec009f4bfa4,bernoulli,bernoulli|conj|p=0.9|zero=allow_iid|rng=MT19937-RandomState,0.9,allow_iid,0.000289098359644413,4.2203813791275024e-05,0.00011461414396762848,0.00011463649570941925,0.0,0.0005675610154867172,0.0005605528131127357,6,12,0,3,three_column_check_failed,0,,,exclude_x,0,0,0,0,1,0,1,0,0,1,1,0,0,0,0,0.0014840522781014442
4,100,5,100,3510003015,76,conj,glucose42,MT19937-RandomState,4.2756088078022e-05,11111111110111111010111101111111101100111111111011111111111111111111111111011111111010111101111111110111101111111011111011111111011111111111111111111111110011111111111111111111111111110111011111111111111110111111111111111111110111111011111111111111101111111111111111111111111111001111111111011101111111111111111111111111111011011111111101111111111101111111110111111111111111111111011111110111111110111011011111011111101111111111111111110111111111111111111111111111111110011111111111111111111101111111,792634fa41830c7aa85381d3896bbac7479f1da72dce87c716e551f784b986f2,bernoulli,bernoulli|conj|p=0.9|zero=allow_iid|rng=MT19937-RandomState,0.9,allow_iid,0.00031624920666217804,4.894286394119263e-05,0.00012457836419343948,3.890134394168854e-05,0.0,0.000535271130502224,0.0005286717787384987,7,12,0,3,three_column_check_failed,0,,,exclude_x,0,0,0,0,1,0,1,0,0,1,1,0,0,0,0,0.001431470736861229
4,100,5,100,3510003015,77,conj,glucose42,MT19937-RandomState,3.585219383239746e-05,11111111101111111111110111011111111111101111111011111111111011111110111111101110101101011111111111111111111111111111001111111111111111110111111111111111111111111011111111111011111111111111111111111111111110111111111111111111111111111111101111111111111111111111111111111110101011111111111111111101101111111111111111110111111111111111101111111011111110110000010111111101111111111111111111011111111111111111111111011111111101111111110111111111011111111101011111111110110111111101111111111111011111101111,16c6bcea58afba420b83c28022d2dcd43e49320effef885cc4c2b8145a2f9d5d,bernoulli,bernoulli|conj|p=0.9|zero=allow_iid|rng=MT19937-RandomState,0.9,allow_iid,0.0003092298284173012,3.8174912333488464e-05,0.00011716410517692566,0.00010360311716794968,0.0,0.000574854202568531,0.000568171963095665,7,14,0,3,three_column_check_failed,0,,,exclude_x,0,0,0,0,1,0,1,0,0,1,1,0,0,0,0,0.0015115393325686455
4,100,5,100,3510003015,78,conj,glucose42,MT19937-RandomState,3.7853606045246124e-05,11111011111111111110111011111111111111111111111011101111111111111111111111111111111111100101111111110111111111111111111111011111111110110111101111101111111011111111111101111111110111011111111110111111111101111111111101111110110110101111110101110011011111111110111111011111111110111111111111110111111111111011111111111111111101111111111101111111111111110111111101101111111001111111111111111111110111111111111111111111111111111111111011111111111111101011110001111111111111110111111011111111111111111101,a981c103c7233f948a6cd7c80437c34063e301e1e32b25ee39c3d93fe1b57f1a,bernoulli,bernoulli|conj|p=0.9|zero=allow_iid|rng=MT19937-RandomState,0.9,allow_iid,0.00030298810452222824,4.0685757994651794e-05,0.000125090591609478,0.00011460389941930771,0.0011597229167819023,0.0025116559118032455,0.0005833683535456657,7,14,0,5,SAT_found_counterexample,1,boolean_factorization,exclude_x,exclude_x,0,193,466,0,1,0,1,0,0,0,1,1,1,0,0,0.0015292912721633911
4,100,5,100,3510003015,79,conj,glucose42,MT19937-RandomState,4.570186138153076e-05,11111111010111101101111110111100100111111111111111101110101110111111111101101111111111111111111110111111110111111111111111101111110111111111111010111111111111111111111111111111110111111111111001011111101111111111111111101111110011111110111101101111111111111111111111111111111111111101011111111111101110111111111111101111111111111111111111111111111111111111111111111110111111111111110111011111111101111111111011010001011111111111111111111111111111001001111111111111010111111011111011111111111111111101,acf97df12772cc079f3388199170316a28db6713a3e425912acf5eaee2e8c62f,bernoulli,bernoulli|conj|p=0.9|zero=allow_iid|rng=MT19937-RandomState,0.9,allow_iid,0.00031421519815921783,4.019588232040405e-05,0.00012728478759527206,0.00010439194738864899,0.0007455358281731606,0.0013359971344470978,0.0005860878154635429,7,16,1,6,SAT_unsat_identifiable,1,boolean_factorization,exclude_x,exclude_x,0,173,442,0,1,1,0,0,0,0,1,1,1,0,0,0.0015898924320936203
4,100,5,100,3510003015,80,conj,glucose42,MT19937-RandomState,8.434895426034927e-05,11111111111110111111011111111111111111101111100111111110111111111111111111111111111011111111111111111111111111111110111101111111110111111111111111111111111011111111111001111111111111101111101111111111111111111111111111111111101100101101111111111101111110101111111111100111111011111111101011111101011111111111110111111111101111110111111110111111111111111111110011100111111111111111001111111111111111111111110111011101111111111101110111111111111101111111111101111111111111110011111111111111101011111111,79e775da2dfd8de493b007c1b51991605e7a910a9d0ccd7639f52e1e1c9114f4,bernoulli,bernoulli|conj|p=0.9|zero=allow_iid|rng=MT19937-RandomState,0.9,allow_iid,0.00033275410532951355,5.5895186960697174e-05,0.00013635866343975067,0.00012236833572387695,0.0010732561349868774,0.0025143949314951897,0.0006473762914538383,7,14,0,5,SAT_found_counterexample,1,boolean_factorization,exclude_x,exclude_x,0,188,460,0,1,0,1,0,0,0,1,1,1,0,0,0.0015136953443288803
4,100,5,100,3510003015,81,conj,glucose42,MT19937-RandomState,5.047209560871124e-05,11111111111011111111111011111111111111111110110111111101111110111011111111111001111111111111111111110111111111111111110101111110111100011111011111111110111101111110101101111111111111101100011111111111111111011111011111110011110111111111111111111111011111111111111111111111111111011111111111101101111111111111111101111111111111111111111111111111111111111110111111111111011111111111111111101111111111111110101101111111010001111111110011011111111101111111111111110111101110111111101110111111111101110111,e234b47be3b7b73fe594d940e9a36e10f28357386b4c26c6087994c1e5656a6e,bernoulli,bernoulli|conj|p=0.9|zero=allow_iid|rng=MT19937-RandomState,0.9,allow_iid,0.00035033468157052994,4.964228719472885e-05,0.00013683736324310303,0.00011108256876468658,0.0009604990482330322,0.0016135228797793388,0.0006478969007730484,8,18,1,6,SAT_unsat_identifiable,1,boolean_factorization,exclude_x,exclude_x,0,202,516,0,1,0,1,0,0,0,1,1,1,0,0,0.0015280377119779587
4,100,5,100,3510003015,82,conj,glucose42,MT19937-RandomState,4.3400563299655914e-05,11111111011111111111111111111101111111111111111111111111111101111111111011101111110101110111111111110110111111111111111101101111111110101110110111111101011011011011111111111111111111111111111110111111111011111101101111111111001101111111110111111111111011111110101111111111111111111110111111111111111111111110111101101111111111111010011111111111111010111111011111111111111011101111111111111111111111111011111111111111111111111111111011110111011111110111111111111001110111111101011110111011011111111111,cb0d62527b89d4726e3822e3b43de1e71542ca360516e46fabb1c0332a114431,bernoulli,bernoulli|conj|p=0.9|zero=allow_iid|rng=MT19937-RandomState,0.9,allow_iid,0.00029135309159755707,3.702845424413681e-05,0.0001142965629696846,9.39350575208664e-05,0.0,0.0005449345335364342,0.0005366131663322449,7,12,0,3,three_column_check_failed,0,,,exclude_x,0,0,0,0,1,0,1,0,0,1,1,0,0,0,0,0.0014361068606376648
4,100,5,100,3510003015,83,conj,glucose42,MT19937-RandomState,3.4096650779247284e-05,01111111111111111111111111011111111111111101001111111111111111111111111111111111101111111111111111111111111111111011111111111110111111111111000011111111111111110011111111111111111101011111111111111111101111111111111111011111111111111111011111101111111111111111101111111011111111111111110101110111111111111111111111111011111111111111111111111011101111111101111110111111111111111111111111011011111111110111111111111111111111110111111111111101111111111111011101111111111111111111111111111011111111010111,0b0479c4c482421cca19dfa8817702387e6de77aabce5519ae2b11935934839c,bernoulli,bernoulli|conj|p=0.9|zero=allow_iid|rng=MT19937-RandomState,0.9,allow_iid,0.00028580427169799805,3.3911317586898804e-05,0.00011401157826185226,9.680166840553284e-05,0.0009351996704936028,0.002204153686761856,0.000530528835952282,7,13,0,5,SAT_found_counterexample,1,boolean_factorization,exclude_x,exclude_x,0,188,460,0,1,1,0,0,0,0,1,1,1,0,0,0.001543920487165451
4,100,5,100,3510003015,84,conj,glucose42,MT19937-RandomState,4.9182213842868805e-05,11111111011111111111110111111101111110011111111111111111111101110111010111111111111111101111111111111011111011111111111001101111111101111101111111111011111111111111010111111101110011110111111111101111111001111111101011111111001111111111111111111101111111101111111111111011001111111111111101111111111111111111011111111110111111111101111110111111101111001111110111010111111111111111110101111101111111011111111111101110111111111111111111111101111111010111111111111111110111111111111111111111111111011111,001fd658c6f76cd49351ee43c5c1f3e9f61599de88ada85fb6260c81d63c5fa0,bernoulli,bernoulli|conj|p=0.9|zero=allow_iid|rng=MT19937-RandomState,0.9,allow_iid,0.0003120182082056999,4.135165363550186e-05,0.00011768657714128494,0.00013553258031606674,0.0010447148233652115,0.0024359291419386864,0.0006065890192985535,7,14,0,5,SAT_found_counterexample,1,boolean_factorization,exclude_x,exclude_x,0,193,466,0,1,0,1,0,0,0,1,1,1,0,0,0.0015483526512980461
4,100,5,100,3510003015,85,conj,glucose42,MT19937-RandomState,4.2926520109176636e-05,01101111101111111101101111101111111111110111111111101111111111111111111111111111110111111111111111111101111111001111111111111111111111111111111111111101111011011011111110011111111111011101110111101111111111101111111110111111111111110111111111111111011111011111111111111111111111011111111110111111111111111111101111111101111111111111111111011111101111111101111110111111111011011011111111111111111111110111111111111010111101111101111111110011110101111111111111111111111110111111111111111111110111111111,b64bd179173298b3a646f5b9e5ebeb4d9f67247d9eae2fc4295179e3ecf1b6b9,bernoulli,bernoulli|conj|p=0.9|zero=allow_iid|rng=MT19937-RandomState,0.9,allow_iid,0.0002925153821706772,5.103088915348053e-05,0.00012376997619867325,0.00012243539094924927,0.0009951088577508926,0.0023758625611662865,0.0005897516384720802,6,12,0,5,SAT_found_counterexample,1,boolean_factorization,exclude_x,exclude_x,0,174,404,0,1,0,1,0,0,0,1,1,1,0,0,0.0015236502513289452
4,100,5,100,3510003015,86,conj,glucose42,MT19937-RandomState,5.526561290025711e-05,11111111111111111111111111110001111101111111111110111101111111111111111111011111111101111111011111111111101111111111011111111110111111011011111111111111111111111111111011111111010011111101111111111011111111101111111111111111111101111111110111101111111111110111111111111111110011111100111111111110111111111111111110111101111111111101111111101111111110111111111111100001111111111111110110111011111111111111110111111111111111111111110111111111111111111111111110011111011111111111111111111011111111111111,f2d00486e2d7f6ed172a77cbdd3a2e2375c9b15a1da8a8138d8b9e337dac6d0a,bernoulli,bernoulli|conj|p=0.9|zero=allow_iid|rng=MT19937-RandomState,0.9,allow_iid,0.00031045451760292053,4.579219967126846e-05,0.00011591706424951553,0.00012024864554405212,0.0009890208020806313,0.00235791876912117,0.0005924124270677567,6,12,0,5,SAT_found_counterexample,1,boolean_factorization,exclude_x,exclude_x,0,169,398,0,1,0,1,0,0,0,1,1,1,0,0,0.0015350375324487686
4,100,5,100,3510003015,87,conj,glucose42,MT19937-RandomState,6.489921361207962e-05,11111111110111111111110101101111111111111010101111111111011101011111111111111111111111101111111111111111101011110011111111111111110111111111111111111111111111011111111111111111111101110111111011111101110111111100111101111111110111111111111101111010111101111111111111111111111111111111011101101111111111111111110111111111111111111111111101111011011111111111111111111111111111111111111111101111111111111111111111111111111111111111111111111111111111111111111111111101111101111111111111110111111111111111,888a808af6d85bb7d146ee052e5bbf387c6f823c9ccf53b1026596e9bbba7dab,bernoulli,bernoulli|conj|p=0.9|zero=allow_iid|rng=MT19937-RandomState,0.9,allow_iid,0.0003177560865879059,4.576425999403e-05,0.00012098345905542374,0.00010494701564311981,0.0010611433535814285,0.0024545611813664436,0.0005894508212804794,7,14,0,5,SAT_found_counterexample,1,boolean_factorization,exclude_x,exclude_x,0,193,466,0,1,0,1,0,0,0,1,1,1,0,0,0.0015564123168587685
4,100,5,100,3510003015,88,conj,glucose42,MT19937-RandomState,4.581734538078308e-05,11110111111111101110111111111111110111111111111101101111111101111101111111111101011111111101001111111111111111111111111111111111110111111111111111111110110011111111011011100010001101111111111111110111111110111111111111001111011110111111111111111010110111111110111111111111111111111101011111111101111100101101111111111111111111111111111111110111111111111111111111111111111011111101111111101111111111101111111101111111111101111111111111111111111111010111101111011011111111111111111111111101111111111111,6b4c205a46851d1236bdda6ccf55bf2ea6bef233ac6f4c18b57a1fcc8a734cd4,bernoulli,bernoulli|conj|p=0.9|zero=allow_iid|rng=MT19937-RandomState,0.9,allow_iid,0.00034685246646404266,4.7623179852962494e-05,0.0001398446038365364,0.00011417083442211151,0.000852903351187706,0.0015071388334035873,0.0006484910845756531,8,21,1,6,SAT_unsat_identifiable,1,boolean_factorization,exclude_x,exclude_x,0,197,510,0,1,0,1,0,0,0,1,1,1,0,0,0.0016321716830134392
4,100,5,100,3510003015,89,conj,glucose42,MT19937-RandomState,4.795752465724945e-05,11111111111111111111111111110111111111111111110111111111111011111110111111111111111111111111111111110111111111111111111101111111111111010111111101011100111111111111111111111111101111110111111111111010111111111111011110111111111111111111111111111111111101111111101111011111111111111111111111110110111111111101111110110101111011111111111111110111111101011110111111111101001111111110111111110111111111111101111111110111111110110111101111010101111111101011111011111111111111111111111111111111100111111111,5f129a866d6ae5d7ad8091a8f23a967d5813a22a403487edf20ff1e20baa15c0,bernoulli,bernoulli|conj|p=0.9|zero=allow_iid|rng=MT19937-RandomState,0.9,allow_iid,0.0003184499219059944,4.59868460893631e-05,0.00013310089707374573,5.852896720170975e-05,0.0,0.00056404247879982,0.000556066632270813,8,12,0,3,three_column_check_failed,0,,,exclude_x,0,0,0,0,1,0,1,0,0,1,1,0,0,0,0,0.0014698076993227005
4,100,5,100,3510003015,90,conj,glucose42,MT19937-RandomState,8.683372288942337e-05,11111111010111101111111111101101101111111111111111111110111101011111111101111111111111111111111111111111111101111011111101111111011111111111110010111011111111111110111111111101111111111111101111110111111111111111011011111111101101011001111111111111101111111111111110111111111111111111111111111111011111111111111111111111111111111111111111101111111111110111100111111111111111111110111111111001111111111111111110111011011111111110111111011111110111111101111101111111111111111110111111011111111111101100,2ecf236983ad04475cd5f2ecf10891b2fd7ae972d497f2ef469b4710cabbb057,bernoulli,bernoulli|conj|p=0.9|zero=allow_iid|rng=MT19937-RandomState,0.9,allow_iid,0.0003069927915930748,4.662945866584778e-05,0.00012525171041488647,9.290315210819244e-05,0.0,0.0005799317732453346,0.0005717771127820015,7,12,0,3,three_column_check_failed,0,,,exclude_x,0,0,0,0,1,0,1,0,0,1,1,0,0,0,0,0.0014880411326885223
4,100,5,100,3510003015,91,conj,glucose42,MT19937-RandomState,4.150811582803726e-05,11111111110111111101111111111111111111111111011001111110111111111111111111111111111101111110111111011110111101011111101111110111111011111101101111111110111111111111111010111111111111111111111101111111111111111111111110111101111111111111111111111111111111111111010111111111111111111111111110111110111110111111111111111111111111011111111111111110111111111111111111111111111011111111110111111101111111111111101111011111111111111011111110111111110011111111111111011111111111111011111111111111111111111011,4437c66cff47d27b404e5ced28d4c81b643e2db574dca08006970e8a8fdb8243,bernoulli,bernoulli|conj|p=0.9|zero=allow_iid|rng=MT19937-RandomState,0.9,allow_iid,0.0002678893506526947,3.724917769432068e-05,0.00011991430073976517,3.788154572248459e-05,0.0,0.00046889763325452805,0.00046293437480926514,7,10,0,3,three_column_check_failed,0,,,exclude_x,0,0,0,0,1,0,1,0,0,1,1,0,0,0,0,0.0013899533078074455
4,100,5,100,3510003015,92,conj,glucose42,MT19937-RandomState,3.5548582673072815e-05,11101111111111111101111111111111111111111111111111011101110111111111111110111110101111110111111111111110010111111111111111110111111111110101111110111110100111111011111101101111111111111111111110111111111111010111111111111111111111111101101110111011110110111111011111111111011111111110111111111111111111111111111111111111111111111101111111111111111111111111111011111011111011111111111111111111111111101111110111111111111111011111111111111110111111111111111111011111111011111110011101111111111011111111,a4222dda485c9d81ad2cecc02945b183f48c0c1deb1e67c2623d480e120be4c2,bernoulli,bernoulli|conj|p=0.9|zero=allow_iid|rng=MT19937-RandomState,0.9,allow_iid,0.0002881530672311783,3.787502646446228e-05,0.00012640468776226044,0.00010277889668941498,0.0011047888547182083,0.0023816265165805817,0.000555211678147316,7,13,0,5,SAT_found_counterexample,1,boolean_factorization,exclude_x,exclude_x,0,193,466,0,1,0,1,0,0,0,1,1,1,0,0,0.0015294719487428665
4,100,5,100,3510003015,93,conj,glucose42,MT19937-RandomState,5.129072815179825e-05,11111111111111111111111111111111111101111111111111111101111111111101011101111111111111101111110111111111111101111110011101111111111101111111111111111111111111111111111111111111011110111111111111011111111011101111111110111001111111111111111111111011111111111111101111111111111111011111111101101111011111011111111111101110111011111111111011111111111111111111111111111111111111110101111101111111111111111111111101111101110111111101111111111111011110111011111011111111111111111111011111111111111111110111,5ae162cfa19a1f71d4301a3015661ca2c031fec7d5a817064aae98ab243392b0,bernoulli,bernoulli|conj|p=0.9|zero=allow_iid|rng=MT19937-RandomState,0.9,allow_iid,0.0003082389011979103,4.839245229959488e-05,0.00012908130884170532,6.679724901914597e-05,0.0,0.0005600294098258018,0.0005525099113583565,7,11,0,3,three_column_check_failed,0,,,exclude_x,0,0,0,0,1,0,1,0,0,1,1,0,0,0,0,0.0014980891719460487
4,100,5,100,3510003015,94,conj,glucose42,MT19937-RandomState,4.425831139087677e-05,01111111101110111111111111111110111111111101111111111111111111111011111111101111110011111111111111111111011011111111011111111111111101111110101111011101111111111111011111111111111111111111111111101101110111111111111111111111101101101101111011111111111011111101111101011111110111111111111111111111111111011111111101011111111111011111111111111101111111111111111111111111111101110011111111111101111011111111111111101111110011111110011111111011001111011111110111010111111110011111101111011011111111101110,574ea828a5e639b9331be4a42a98729544801dba5e566e9d881120234d02ccbe,bernoulli,bernoulli|conj|p=0.9|zero=allow_iid|rng=MT19937-RandomState,0.9,allow_iid,0.0003210296854376793,4.281383007764816e-05,0.000134151428937912,0.00010671932250261307,0.0012014210224151611,0.002576977014541626,0.0006047142669558525,8,15,0,5,SAT_found_counterexample,1,boolean_factorization,exclude_x,exclude_x,0,217,534,0,1,0,1,0,0,0,1,1,1,0,0,0.0015637902542948723
4,100,5,100,3510003015,95,conj,glucose42,MT19937-RandomState,4.7487206757068634e-05,11011111111011111111111111111111111111111111011111111111111111111111101011111111111111101101111110111111110111111111111110011111111111111111111111111110011111111111011111111111101111101111111111111111101111111111111111111111110111110110111111111111111111110111111011111111111111111110111111111111011111111011111111111111111111111111111111111110111101011110111111011111111011111111111111110111111111111111001111111111111111111111111111111111111110111110110111111111111011111111111111110111111111111110,6b5f9fab774939d2a4bf3354f9394ada0009c08efdfac2772f6acdc79c61ccc4,bernoulli,bernoulli|conj|p=0.9|zero=allow_iid|rng=MT19937-RandomState,0.9,allow_iid,0.0002748388797044754,3.82913276553154e-05,0.00010999850928783417,3.6043114960193634e-05,0.0,0.0004661325365304947,0.0004591718316078186,6,9,0,3,three_column_check_failed,0,,,exclude_x,0,0,0,0,1,0,1,0,0,1,1,0,0,0,0,0.001421297900378704
4,100,5,100,3510003015,96,conj,glucose42,MT19937-RandomState,4.221498966217041e-05,11111111111111111111111111111111111101111111111111100111111111011111111111111111101111111111111111111111111111111111110011111111101110111111111111101111111111110111111111101110011101100011111111111111111111001111111111111110111111111111111111110110011111111111111111100111011111111111111111101011111111111011111111111111110111111111111011111111111101111101110111111011011111101101111111111011110011111111111111111111110111111111111111111111110101111110111110111111111111111111111111111011111101111111,979059219f9563c9818b374dbfb25efa71596a7ea655e2efb3f7daad27d38fe4,bernoulli,bernoulli|conj|p=0.9|zero=allow_iid|rng=MT19937-RandomState,0.9,allow_iid,0.0003245631232857704,5.059875547885895e-05,0.00013574212789535522,0.00011321436613798141,0.00122146587818861,0.0026441477239131927,0.000624118372797966,8,15,0,5,SAT_found_counterexample,1,boolean_factorization,exclude_x,exclude_x,0,212,528,0,1,0,1,0,0,0,1,1,1,0,0,0.0015338193625211716
4,100,5,100,3510003015,97,conj,glucose42,MT19937-RandomState,4.046037793159485e-05,11101111111111111111111101110111111110111111111111111111111011111111111010101111111111011111101111111011011110111111101111111111111111111111111101111111110111011010101111111111111111101101101101111111100101110111111111111001111111111111111111111110111111110101111111101110000110101111110111111111111111111111110110111111111011111111111110111101110111110110111111111011111111111111111111111111011110111111111111111111101111110111100101011111111011111111111111011111101111111011111111111111111011111111,a7c3319bbee1023a7ba0ef8d365a01c7ac962740ca3aabf615caf5d8c11788e0,bernoulli,bernoulli|conj|p=0.9|zero=allow_iid|rng=MT19937-RandomState,0.9,allow_iid,0.0003191782161593437,3.7775374948978424e-05,0.0001186709851026535,0.00010543875396251678,0.0007988521829247475,0.0013845060020685196,0.0005810633301734924,7,15,1,6,SAT_unsat_identifiable,1,boolean_factorization,exclude_x,exclude_x,0,173,442,0,1,1,0,0,0,0,1,1,1,0,0,0.0015730233862996101
4,100,5,100,3510003015,98,conj,glucose42,MT19937-RandomState,4.365947097539902e-05,11111111111111111111110111110111111111011101111111101111111110111111111011111111111111111110011110111111111100111111011111111101011111111111110111111111111111111111110111111110111111111110111111111111111011111111111111111111111110100111111110111110110111101111111111101110111111111111111111111111111111111111111111010101111111111111111111111111111111111110110111111111111111111111111111111111111111111111111110111111111111111110111111011011101111111101111111111111111111011011111011111110111110111111,56609d4da86086b38e23dec110d11b5a0794af3079065da79fff3fe576efa7f1,bernoulli,bernoulli|conj|p=0.9|zero=allow_iid|rng=MT19937-RandomState,0.9,allow_iid,0.0002864617854356766,3.946572542190552e-05,0.0001222621649503708,5.055684596300125e-05,0.0,0.0005065910518169403,0.0004987465217709541,7,11,0,3,three_column_check_failed,0,,,exclude_x,0,0,0,0,1,0,1,0,0,1,1,0,0,0,0,0.001425454393029213
4,100,5,100,3510003015,99,conj,glucose42,MT19937-RandomState,3.388337790966034e-05,11111111011111111111111111011111111111101110111111111111111111101111111101111111011101101011110111011111111111111111111011111111111111111111111101101111111111111011111011111111011111111111011111111100111111111011111011101111111111111111111111111111011101111111101111011101111111111101111110111111111111111011111111110110111111111011101111111110111011111111111111011110111111111111111111111111111101111111101111111111101111111111011011011110111111111100111101111110111101111111111101111111111111101111,20254c64a1f0f657dbeb79949688effa755745214bb478ffcd043fe6919a8593,bernoulli,bernoulli|conj|p=0.9|zero=allow_iid|rng=MT19937-RandomState,0.9,allow_iid,0.0002847537398338318,4.221964627504349e-05,0.00012277718633413315,5.5625103414058685e-05,0.0,0.0005114255473017693,0.0005053756758570671,7,12,0,3,three_column_check_failed,0,,,exclude_x,0,0,0,0,1,0,1,0,0,1,1,0,0,0,0,0.0014944225549697876
