schema_version,J,K,N,seed,sim,operator,solver_name,rng_engine,generation_time,q_bitstring,q_sha256,design,design_id,p,zero_row_policy,basis_time,identity_check_time,two_col_check_time,three_col_check_time,sat_time,algorithm_time,preprocess_time,J_basis,M_basis,identifiable,branch,branch_label,sat_called,sat_formulation,sat_cardinality_encoding,cardinality_encoding_requested,maximal_candidate_requested,sat_variables,sat_clauses,identity_original,not_complete_original,has_pure_node_original,no_pure_nodes_original,has_zero_row_original,two_col_violation_original,three_col_violation_original,two_column_pass_original,both_necessary_checks_pass_original,I_3c,identity_basis,two_col_violation_basis,diagnostics_time
4,100,5,100,154987637,0,conj,glucose42,MT19937-RandomState,0.00018164189532399178,11111111111111111111111111111111110111111011111111111111011101011111110101101111111111111111110111111111111111111111111111011111111011100111111101111111111111110111111111111101111111111111011011111111111111110111111111111111111111101111111111111111111111111111010111111111100111111111101110101111011111111111101111100111111111110111111111111111111111111111010111111111111111111111101111111111111111111111111111111111110111111111110111111111111111111111111111110111111111111111110111111111101111111101,dad690a4e1208ae5bd04a6d746ef3f8709ad132fd65543ac9450b086f1ff2bc6,bernoulli,bernoulli|conj|p=0.9|zero=allow_iid|rng=MT19937-RandomState,0.9,allow_iid,0.00033247796818614006,6.757909432053566e-05,0.00012561120092868805,0.00012565497308969498,0.0,0.0006623347289860249,0.0006513232365250587,6,12,0,3,three_column_check_failed,0,,,exclude_x,0,0,0,0,1,0,1,0,0,1,1,0,0,0,0,0.0014520888216793537
4,100,5,100,154987637,1,conj,glucose42,MT19937-RandomState,4.7832727432250977e-05,11111111110101111111111111111111100111111011101111111111111111111111111011111111110111110111110111111101111111111111111111111111111111111111111111111111111111111101111111111011011111111101111111101111111101111111101111111010111111111101111111111010111111111111111111110111111111111111110111111111111111111111111111111111111101111111111111111111011111111111111111111111111111110111111111111111111111101111111111011101110100111111111111111011101110111111111111111110101110101111111111111111111111110110,5136b16b4a2ecb6677d4d8eef8e52cc8b5a1585c6eba5b037efe7135913cd4f0,bernoulli,bernoulli|conj|p=0.9|zero=allow_iid|rng=MT19937-RandomState,0.9,allow_iid,0.0004490702413022518,5.2477698773145676e-05,0.00011750077828764915,0.00010579172521829605,0.02102012326940894,0.022601875010877848,0.0007248404435813427,7,13,0,5,SAT_found_counterexample,1,boolean_factorization,exclude_x,exclude_x,0,198,472,0,1,0,1,0,0,0,1,1,1,0,0,0.0014861803501844406
4,100,5,100,154987637,2,conj,glucose42,MT19937-RandomState,5.264580249786377e-05,11111111100111111111111111111111111111101111101111111111111111011111011101011111111111111111111111011111111111111111111111111001111111111111011110101111011011111111111010101111011011111111111111111111111111111111101001011111011101111111101110111101111111111111111111111011011111111110111100110111101100110111111011111110111111111111100111111101111111111111111111111111111111111111110111011111111111111110111111111111110111111110111101101111011111111111111111011111011101001111111110111111111110111111,202a3dc2a21cf9b81e58459a2eb95f39eff05976a71f653d47f1e7e6b956015f,bernoulli,bernoulli|conj|p=0.9|zero=allow_iid|rng=MT19937-RandomState,0.9,allow_iid,0.00036530522629618645,4.0458980947732925e-05,0.00011157337576150894,0.00010591978207230568,0.0007803528569638729,0.0014090510085225105,0.000623257365077734,6,14,1,6,SAT_unsat_identifiable,1,boolean_factorization,exclude_x,exclude_x,0,159,386,0,1,0,1,0,0,0,1,1,1,0,0,0.0014855079352855682
4,100,5,100,154987637,3,conj,glucose42,MT19937-RandomState,4.684599116444588e-05,00111111111111010111111111111111010011011111111111101111111111111111101111111111111111101111111111111101111111111111111111111111011111101110111001100111111111101111111111111101111111111111111111011111111110111111110110111110111111111111011111111110111110111111111111111111111011111111101111111111111110111111111111111111111111110111111111111111110111111111101111101111111111111111111111111111111111111111111111111111111010111111111111111111011111111111111011111111111111111111110111111111111111011111,ef1b23cd2da3c25ea49f6ed2b9023fe0425f39050bfff42688c226853d2e4e68,bernoulli,bernoulli|conj|p=0.9|zero=allow_iid|rng=MT19937-RandomState,0.9,allow_iid,0.0003041899763047695,3.695208579301834e-05,0.0001160898245871067,0.00010381359606981277,0.0010013580322265625,0.0023508481681346893,0.0005610454827547073,7,13,0,5,SAT_found_counterexample,1,boolean_factorization,exclude_x,exclude_x,0,198,472,0,1,0,1,0,0,0,1,1,1,0,0,0.001482257153838873
4,100,5,100,154987637,4,conj,glucose42,MT19937-RandomState,4.912400618195534e-05,01111011101111110111111111111111111110111111110111101111111111111001111111111111011111111111111111111111111101111111111111111111111111111111111111111111101111101011111111111111101111111111111111111111101111011111110101111011110110111111111111111111111111111111011111111111101111110111111111011111111111111111111111111111111111111111011111111111111111111111111111111101111111111111111111111111111111111111111111110011111110111111111011111011111110111111011011101110110011111111111111111111110111111111,347fd487de57deb3eef6b0b14aed9481fabb65fce42cc4d39788dc293ed5af15,bernoulli,bernoulli|conj|p=0.9|zero=allow_iid|rng=MT19937-RandomState,0.9,allow_iid,0.00029860762879252434,3.6422163248062134e-05,0.00011629704385995865,0.00010717427358031273,0.0009492724202573299,0.0022828071378171444,0.0005585011094808578,6,12,0,5,SAT_found_counterexample,1,boolean_factorization,exclude_x,exclude_x,0,174,404,0,1,0,1,0,0,0,1,1,1,0,0,0.001446019858121872
4,100,5,100,154987637,5,conj,glucose42,MT19937-RandomState,4.7029927372932434e-05,01111110111001111111111011111111111011111011101101110111011111111111111111111111111111100111011111111111111111101111111100111111111111011111111111011111110111111111111111111110111111111111110111111111101111111110111111111111111111111101111111111011011111110011111111111111111111111111111111101111111110111111111111011011111111111111111110111101111111111111110110111111111110111111111111111111111111110100111111011111111111111111111110101111011010111111101111101111111111111110111111111111111111110111,cd4d8658b828e7c66a085edc83be299723bf8b24be822157dfa04dbb1dcb5d82,bernoulli,bernoulli|conj|p=0.9|zero=allow_iid|rng=MT19937-RandomState,0.9,allow_iid,0.00029157521203160286,3.5259872674942017e-05,0.00010732421651482582,9.500188753008842e-05,0.0,0.000538242980837822,0.0005291611887514591,6,12,0,3,three_column_check_failed,0,,,exclude_x,0,0,0,0,1,0,1,0,0,1,1,0,0,0,0,0.0014359480701386929
4,100,5,100,154987637,6,conj,glucose42,MT19937-RandomState,3.80086712539196e-05,10101111111111011111111111111111111111101111111111111111111101101111111111111011111111111111111111111101110111111111111111110111111011111111111110111111101111011110101111111111110111111111111111111111111111111111111101101111111110010111100111101111111111111011101101111011111101011111011111111111111111111111111111111111111111011111110111111011111111110101111111111101011111111101111101111111111111111101111111111111111111111111111111011010001111111111111110111111110111101011101010111111111111110111,f506e4347e456854e435ca2111dc91e23cb5af82f31a8830ee55eda61fbba594,bernoulli,bernoulli|conj|p=0.9|zero=allow_iid|rng=MT19937-RandomState,0.9,allow_iid,0.0003045862540602684,3.671972081065178e-05,0.00012268312275409698,0.00010072905570268631,0.0010478701442480087,0.0023853001184761524,0.0005647181533277035,7,14,0,5,SAT_found_counterexample,1,boolean_factorization,exclude_x,exclude_x,0,193,466,0,1,0,1,0,0,0,1,1,1,0,0,0.0014719180762767792
4,100,5,100,154987637,7,conj,glucose42,MT19937-RandomState,4.4955871999263763e-05,11111101111111101111111111101111111101111101110111111110111110111111111010101111111111111111111111111111111111111110111111111001111011111101111110111111111111111111011111101101111111111110111110101111011110110111111111101111110011111111111111111111111101111111111111111111111111111111110011111111011011111111111111111111101101011111111101111111111111111111111111111101111111111111111111111111111111110110111001111111111101111111111101111111111101011111101101111111111011111111101111010111011111111110,dafb423a631dfa2cd784e429b2def0bcf3d943c3f8a783142093c4a535234184,bernoulli,bernoulli|conj|p=0.9|zero=allow_iid|rng=MT19937-RandomState,0.9,allow_iid,0.00033189868554472923,3.9554666727781296e-05,0.00011639203876256943,0.00010171718895435333,0.0009924168698489666,0.0023563778959214687,0.0005895625799894333,7,14,0,5,SAT_found_counterexample,1,boolean_factorization,exclude_x,exclude_x,0,193,466,0,1,0,1,0,0,0,1,1,1,0,0,0.0014726868830621243
4,100,5,100,154987637,8,conj,glucose42,MT19937-RandomState,4.244409501552582e-05,11111111111111110111111111011111111111111111111111111101111111111111111011111101110111111111011111101111111101110111111111111111111011111101111111111111111111111011111110111101110111111111101111111111111111110111111111111101111111111111111110101111111111111111111111111111111011111011111111111111111011111011111111111011111011111010111111111111111111110111111111101111111111111110101101111111111111111111111111111111111111111111101111011111111111111111111111101111111111101111010101111111111111111111,fd9e7621847ce6ae84347025ce9a399955c29121918c88ce61b674fc24411943,bernoulli,bernoulli|conj|p=0.9|zero=allow_iid|rng=MT19937-RandomState,0.9,allow_iid,0.0002830568701028824,3.668665885925293e-05,0.00010674586519598961,2.596108242869377e-05,0.0,0.0004602610133588314,0.0004524504765868187,6,9,0,3,three_column_check_failed,0,,,exclude_x,0,0,0,0,1,0,1,0,0,1,1,0,0,0,0,0.0013419082388281822
4,100,5,100,154987637,9,conj,glucose42,MT19937-RandomState,3.554997965693474e-05,11111111101111111110101111111111111111111111101111111111111111011111111011111111111111111111101111111111110111111110111010111101111111111111111110111111111111111111011111111111111111111111011111111110111111011111111111111110011010111011111011011111111110111111110111111111111111111111111111111111111111101111110111010011111111111111111111111111011111111111111111111111111111100111010111111111111111111110011111101110011111111111111111111111111111111111111111101111111111111110101101011110111111110011,6eaa4301fad975a48439dcff536eecd75f87895c07966db346159cc0df809f86,bernoulli,bernoulli|conj|p=0.9|zero=allow_iid|rng=MT19937-RandomState,0.9,allow_iid,0.00030036596581339836,3.5392120480537415e-05,0.00011484324932098389,0.00010506389662623405,0.0009863032028079033,0.0023153237998485565,0.0005556652322411537,7,13,0,5,SAT_found_counterexample,1,boolean_factorization,exclude_x,exclude_x,0,198,472,0,1,0,1,0,0,0,1,1,1,0,0,0.0014364821836352348
4,100,5,100,154987637,10,conj,glucose42,MT19937-RandomState,8.189026266336441e-05,11111101111111111111111111101111111111111111100110111011111111111111110101011110111111111111101111111111111111111111111011111001111111111110110111111111111111111111111111111111111111110111110111111100111111111111111101110111011111110111111101111111101110111111110101111111111111111111111111011011111111100111111111001111111111111111111111111111111111011111111110111011111111111111111111111111110111111111111111111111111111111001111111111110111111101011111111111111110111111111111111101111101111111111,01735d4691217aacf26f452f23a7064ab30ebe500072a2fffd52257af199b33f,bernoulli,bernoulli|conj|p=0.9|zero=allow_iid|rng=MT19937-RandomState,0.9,allow_iid,0.00034261494874954224,5.0457194447517395e-05,0.00013251975178718567,8.3989929407835e-05,0.0,0.0006195981986820698,0.0006095818243920803,8,14,0,3,three_column_check_failed,0,,,exclude_x,0,0,0,0,1,0,1,0,0,1,1,0,0,0,0,0.0014537111856043339
4,100,5,100,154987637,11,conj,glucose42,MT19937-RandomState,4.145503044128418e-05,11111111111111110111111011111111011111111111111111111111111111011101111111111101110111111111111111111110111111111111111111110111110111111111111111111111111111111111111111111011110111111111111111111111101101111111011110111111100111111101110111111111111111111111111011110110111110111010111111111111101111111111000111011111111111001111011111111111110110011011111111111111111101111101111011111111111111100110111111111111101111111011110111110111101111111011111011111111011011111111111111111111111111111111,ca0bb02cb480edf0f680225925d2515047be7ab201cfe137340b446be022794a,bernoulli,bernoulli|conj|p=0.9|zero=allow_iid|rng=MT19937-RandomState,0.9,allow_iid,0.000314103439450264,3.782520070672035e-05,0.00012425892055034637,0.00010017817839980125,0.0012219259515404701,0.002578248269855976,0.000576365739107132,8,14,0,5,SAT_found_counterexample,1,boolean_factorization,exclude_x,exclude_x,0,222,540,0,1,0,1,0,0,0,1,1,1,0,0,0.0015071420930325985
4,100,5,100,154987637,12,conj,glucose42,MT19937-RandomState,4.289485514163971e-05,11111111111111111111111111111111111111110111010111111011111111111111111111111101011111011111111110111111111111111111111111101111111001111111111111111101011111111111111111111111111111101111111111011111011101111111111011111111111101111110111110111111111110111111111011101011111111111111111100111101111111111101111011111111111111111111111111111111111011010111111100111011101111111011010111111111111111111111111111111111101111111011111111110111111111110111111011111111010111110011111101111111111111111111,b5423918a6d28a4883ca65928e8679332349dbddbc50563107b29a33dadc3f42,bernoulli,bernoulli|conj|p=0.9|zero=allow_iid|rng=MT19937-RandomState,0.9,allow_iid,0.0003158249892294407,3.578094765543938e-05,0.00012029428035020828,0.00010079983621835709,0.0010341862216591835,0.002395773306488991,0.0005727000534534454,7,14,0,5,SAT_found_counterexample,1,boolean_factorization,exclude_x,exclude_x,0,193,466,0,1,0,1,0,0,0,1,1,1,0,0,0.0014427327550947666
4,100,5,100,154987637,13,conj,glucose42,MT19937-RandomState,4.226202145218849e-05,11011111111111111111110111111111111111111111111111111111111111111101111111111111011111111101111011011111111111011110111111111111111110110111111111111111111111101101111111010101101111111111111100111101101111111110101011111111111011101111111111111111111111101101111111111111101111111111111111111011101111011111011111111011101101111111101011111100101111111111110101111111111111111111111111111111101111111111111111111111111111001010111001111001111111011011111111011111110111101111111101111111111110101111,95ee97fd9345b4a7f4b582f76d0ce6552e61e3239f56e53e4f14a32c3417de52,bernoulli,bernoulli|conj|p=0.9|zero=allow_iid|rng=MT19937-RandomState,0.9,allow_iid,0.00031131692230701447,3.657722845673561e-05,0.00011697737500071526,0.00010104803368449211,0.0008615767583250999,0.0021961089223623276,0.0005659195594489574,7,14,0,5,SAT_found_counterexample,1,boolean_factorization,exclude_x,exclude_x,0,188,460,0,1,0,1,0,0,0,1,1,1,0,0,0.0014504999853670597
4,100,5,100,154987637,14,conj,glucose42,MT19937-RandomState,3.8963742554187775e-05,11111011111111101111111110111111111111011111101111011111110111111101111101101111111111111111101111101111111111111111111111110111111111011011111111111101111101111111111111111111111111111111111110111111111010110111111111111111111010101011101111111110111111101110011111111111111111111111111111111011111111111111111111111101111111111111111111110111101111111011111110111111101111110111111011111111001111111101111111111111111111111111010101111111111111111111111111111111011111111111111111111111101111111111,169c15384d264db9132b61b3d2ccffeb5bd4c7690c5d0487d5a89c681d7498c5,bernoulli,bernoulli|conj|p=0.9|zero=allow_iid|rng=MT19937-RandomState,0.9,allow_iid,0.00029973220080137253,3.506196662783623e-05,0.00011952593922615051,0.00010113604366779327,0.0008876901119947433,0.0022149761207401752,0.0005554561503231525,7,13,0,5,SAT_found_counterexample,1,boolean_factorization,exclude_x,exclude_x,0,198,472,0,1,0,1,0,0,0,1,1,1,0,0,0.0014561167918145657
4,100,5,100,154987637,15,conj,glucose42,MT19937-RandomState,3.757188096642494e-05,11111101111111111111111111011011111111111111101111111110111111111111111111111111111111111111111110111101111111111110111101111111111111111101111111111010111101111111011111111111111111111111111111111101110011110111111111111111111011011111011111111111111111111111111111101111111111111111110111111111111111111101111111111111111111111110111111111110111111111011111111110111111101111111111111010111111110101011111101111111011110101101111111111011111111001110111111101111011111110111111111111111111110111111,e4dda3115149f7ef345d2132090e3dc43c02f441678e9bd7c86a40cce33f3e3b,bernoulli,bernoulli|conj|p=0.9|zero=allow_iid|rng=MT19937-RandomState,0.9,allow_iid,0.00028883619233965874,3.4751370549201965e-05,0.00010475004091858864,7.899384945631027e-05,0.0,0.0005156290717422962,0.0005073314532637596,6,12,0,3,three_column_check_failed,0,,,exclude_x,0,0,0,0,1,0,1,0,0,1,1,0,0,0,0,0.0013808570802211761
4,100,5,100,154987637,16,conj,glucose42,MT19937-RandomState,3.440910950303078e-05,11111111111111111111111111111101110111111111111111111111111110111111111111111111111111111111101111001101111111111110111111111101111111111111111111111110111111111111111111101110111111111111111011111011111111111111110111111111111111111111111111111100111011111110111111111111111111101111111110111001111111111101001111111010111111011101111111111111111111111111111011111011101011111101101111111111111111111111111111111111111111111111111111111111111111111111111111111111111111111111111111111101111111111011,e405815193c6e68fddeeec1c4bcd46833337d556acdf20e3b98faca1b1b9e01d,bernoulli,bernoulli|conj|p=0.9|zero=allow_iid|rng=MT19937-RandomState,0.9,allow_iid,0.0002880748361349106,3.4383032470941544e-05,0.00011928100138902664,5.20339235663414e-05,0.0,0.0004992298781871796,0.0004937727935612202,7,12,0,3,three_column_check_failed,0,,,exclude_x,0,0,0,0,1,0,1,0,0,1,1,0,0,0,0,0.0013793683610856533
4,100,5,100,154987637,17,conj,glucose42,MT19937-RandomState,3.3690594136714935e-05,11111111101111111101111101111111111011111111101111011110111111111111111111111110111101001111111111011111111111111110111011110111101101111101111100101111111000111111111111111111111011111111111111111111111111101111101111101111111111111111111101111111101101111111110111111111111001111111110111111011101111101101110101111111101110111011111110101111101111111110111111110111111101111111111111101111111111111110111110111110101101110111111110111111111101111111111111111111111111111111011111111111111111111111,f44d59aca506a074dbdbef88daefb70364ceaa1f857c51da791ac276659dbda1,bernoulli,bernoulli|conj|p=0.9|zero=allow_iid|rng=MT19937-RandomState,0.9,allow_iid,0.0003092619590461254,3.5340432077646255e-05,0.00011473894119262695,9.337207302451134e-05,0.0,0.0005577779375016689,0.00055271340534091,7,13,0,3,three_column_check_failed,0,,,exclude_x,0,0,0,0,1,0,1,0,0,1,1,0,0,0,0,0.00142584927380085
4,100,5,100,154987637,18,conj,glucose42,MT19937-RandomState,3.3881980925798416e-05,01101111101111111111111111111111101111111101011111010111111101111111111111111111111111111111111101111011111011111111111111111011110111101111010111111110111111011111111111111111101110110111111111011111111111111101111001111111111000111110111101111111111111101111111111111111111111110111010111110111111111111111110111111111111111111111101111111111111111111110111011110111111111111111111101011111011111111111111101111111111111111111111111101111111111110111111111111111111111111110011111111111110111110011,4eb76938289be6820cf00fa29629476fb7c8c08949b7a5b98107e3f625ad915d,bernoulli,bernoulli|conj|p=0.9|zero=allow_iid|rng=MT19937-RandomState,0.9,allow_iid,0.00031839776784181595,3.63420695066452e-05,0.0001224316656589508,9.881192818284035e-05,0.001026276033371687,0.0016069868579506874,0.0005759834311902523,8,15,1,6,SAT_unsat_identifiable,1,boolean_factorization,exclude_x,exclude_x,0,212,528,0,1,0,1,0,0,0,1,1,1,0,0,0.001518912147730589
4,100,5,100,154987637,19,conj,glucose42,MT19937-RandomState,3.7108082324266434e-05,11111111111111111101011111111111111111111011111111111101111111111111110000111111110111111111111111111111111101111111100110111111111110111111111111111110111110110111111111011111111111111111111111101111111011111111110111111101111111001111111111111101111111111111110111111111111111011111111111111111111111111111111111111011111111111111111111111111011111011111111111111111110011111111111111111111111110111111111010111011111111011111111111101111011111111111011101111111111111111011111101111110111011111111,22ee8ff452d3c304e9023e911585bc218acbbdbb28287ccec92362299ca0d00e,bernoulli,bernoulli|conj|p=0.9|zero=allow_iid|rng=MT19937-RandomState,0.9,allow_iid,0.0002830168232321739,3.554578870534897e-05,0.00012334901839494705,9.978096932172775e-05,0.0009752451442182064,0.0023002279922366142,0.0005416925996541977,8,11,0,5,SAT_found_counterexample,1,boolean_factorization,exclude_x,exclude_x,0,227,546,0,1,1,0,0,0,0,1,1,1,0,0,0.0014813109301030636
4,100,5,100,154987637,20,conj,glucose42,MT19937-RandomState,7.662177085876465e-05,11111111111111101110011111110111111110101101111010111111111111111111111111111111111011111111110111011111111111111111111111101111111111111111111011111111110111111111111111101111111111111111111111111111111111110010111111011101111111111111111111111111111111111111111111110110101111111111111101111111111111111111111111111111111111111111110111111111111111110100111110111111111111111111011111111111111111111110111111111111101111111111111101101111111111111110110011111111111111111111011111111111111111111111,72e98ce897cbc35705716dcfafeaad548a569f1fb43f2e13733417a9b8e4be75,bernoulli,bernoulli|conj|p=0.9|zero=allow_iid|rng=MT19937-RandomState,0.9,allow_iid,0.0003024870529770851,4.31709922850132e-05,0.0001225038431584835,3.057112917304039e-05,0.0,0.0005083722062408924,0.0004987330175936222,7,12,0,3,three_column_check_failed,0,,,exclude_x,0,0,0,0,1,0,1,0,0,1,1,0,0,0,0,0.0013906890526413918
4,100,5,100,154987637,21,conj,glucose42,MT19937-RandomState,4.173722118139267e-05,11111001011111011111101111111111011111111111001101111111101111101111111111111110111111111111111010111111111111111110111111111111111111111111111111111011111111111111111111101011111111111111010111111111111110011111111111111111111111111111101111111111111111110011011111111111111111111111110101011001111111111111111111111111111111111111111101111111111111101111111111111110111111111111111111111101111111111111111111111101111111111111111111111111111101111111111111011111011111101111111101111111111110111111,3be931fe75a14c96173120644f05d09c5a270f5eaba3206c7824a903558e060b,bernoulli,bernoulli|conj|p=0.9|zero=allow_iid|rng=MT19937-RandomState,0.9,allow_iid,0.0002977740950882435,3.4661032259464264e-05,0.00011498993262648582,0.00010850979015231133,0.0009285090491175652,0.0022533992305397987,0.0005559348501265049,7,14,0,5,SAT_found_counterexample,1,boolean_factorization,exclude_x,exclude_x,0,188,460,0,1,0,1,0,0,0,1,1,1,0,0,0.00143918814137578
4,100,5,100,154987637,22,conj,glucose42,MT19937-RandomState,4.418892785906792e-05,11011111111100111110111111111011111111111110111111111111110111111101111101011110111111011111111111111111111001110111111110111111111111110111011011111111111111101111111111111111111101011111110111111111111011111111111111101111011110111111111111101111111011101111111111111111111101110011111111111111111111110011111111111111111111111001111111111111111111111111101011111111111111001101110101111111110111100111111111101110111111111111110111111111111111101111111111111111111111111111111111111111111011101011,14ecced0306c61f162a163c15f70e0d3e6d2ca774a6ed835c26a341e83fcb360,bernoulli,bernoulli|conj|p=0.9|zero=allow_iid|rng=MT19937-RandomState,0.9,allow_iid,0.0002936958335340023,3.6524608731269836e-05,0.00011542486026883125,0.00010399892926216125,0.0,0.000558946281671524,0.0005496442317962646,7,12,0,3,three_column_check_failed,0,,,exclude_x,0,0,0,0,1,0,1,0,0,1,1,0,0,0,0,0.001413390040397644
4,100,5,100,154987637,23,conj,glucose42,MT19937-RandomState,3.566313534975052e-05,11111111111111111111111111111101111111011111101111101111111111111111111111111111101111111101111011101111111011111111110111111111110111111110111111111111111111111111111111111111111111110111111110111011111111111111101101111110111101111111111011111111100101111110010111111011011101111111111111111111111111111111111011101001110111111111111111110111111111101111111111111111111111101111111111111011101111111101111111111111111111111101111011110111110111110011011111111101111111111111011111111111111111111111,4fea66e78090edf34d3f9897d314f59eaf1085f4d72899561d73daee42b4f14c,bernoulli,bernoulli|conj|p=0.9|zero=allow_iid|rng=MT19937-RandomState,0.9,allow_iid,0.00027313316240906715,4.0440354496240616e-05,0.00010686507448554039,8.654128760099411e-05,0.0,0.000513054896146059,0.0005069798789918423,6,11,0,3,three_column_check_failed,0,,,exclude_x,0,0,0,0,1,0,1,0,0,1,1,0,0,0,0,0.0013864710927009583
4,100,5,100,154987637,24,conj,glucose42,MT19937-RandomState,3.396300598978996e-05,11011111111111111111111111111101111111111111111111111101111111111111111111111111111110110111111111111011111111101101111111111111111111101111111111101111111111101111111110111111111110111011111111110111111111111011011111110111111110011110111111111111111111111110111111111111111111111111111111111111111111111111111111111111111110011111111111111111111101110111111111110111101111111111111101111110111101111111111111111111111111111111111111111111111111111111111111111111111011110111111111111101111111111111,3f22b522629df106a6081aed9fc29a6a0c6f0de76be388c828ae882567d3e95d,bernoulli,bernoulli|conj|p=0.9|zero=allow_iid|rng=MT19937-RandomState,0.9,allow_iid,0.000268775038421154,3.388384357094765e-05,0.00010573491454124451,5.978625267744064e-05,0.0,0.0004742550663650036,0.0004681800492107868,6,10,0,3,three_column_check_failed,0,,,exclude_x,0,0,0,0,1,0,1,0,0,1,1,0,0,0,0,0.0013561579398810863
4,100,5,100,154987637,25,conj,glucose42,MT19937-RandomState,3.416603431105614e-05,11111111010111111111111101111111101111101011011111111111111101111111111011111110001111111111011111111111111111111111001111111111111111111111111111101101111111111111111110111111111110111111110111111101111100111111111111111111111101111111111111111111110101111111111111111111111111010111111111111111111111110110111011101011111111101111101111111111111111111101111111101101111111111110111111101111111111111111111111111110111111111111111110111111111110111011101111111101111101011111111110111011110111111111,6e8cea7a4f9f23659ce3e0290ee168aa06a52f8b39fa807d1da8fe29727083ce,bernoulli,bernoulli|conj|p=0.9|zero=allow_iid|rng=MT19937-RandomState,0.9,allow_iid,0.0002782084047794342,3.4232623875141144e-05,0.000106077641248703,0.00010066013783216476,0.0,0.0005251923575997353,0.0005191788077354431,6,12,0,3,three_column_check_failed,0,,,exclude_x,0,0,0,0,1,0,1,0,0,1,1,0,0,0,0,0.0014081471599638462
4,100,5,100,154987637,26,conj,glucose42,MT19937-RandomState,3.5575125366449356e-05,11011111110110111111111111111111111111111101111111111111111111111111111110111111111111101111111111111111111111111111111111111111110111111001111110111111101111011111111101110101001111111111101011111111101111111111111111111111111101011111101110111110110111111110111111111111111111111001111011101111111111111110111111011111111111111111110111111111101111111001111111111111101111111111111101011111111011111111110011011100011111101111111111111111111111111101011111111111111101111011111111111111111111111101,24cfb865ce4ad7e7d9c449274c051b26c287a0e27af0a3e085bc94536885118a,bernoulli,bernoulli|conj|p=0.9|zero=allow_iid|rng=MT19937-RandomState,0.9,allow_iid,0.0003066668286919594,3.5658013075590134e-05,0.00012317020446062088,0.00010109785944223404,0.0010809930972754955,0.001652220729738474,0.0005665929056704044,8,15,1,6,SAT_unsat_identifiable,1,boolean_factorization,exclude_x,exclude_x,0,217,534,0,1,0,1,0,0,0,1,1,1,0,0,0.0015230081044137478
4,100,5,100,154987637,27,conj,glucose42,MT19937-RandomState,4.14741225540638e-05,11111011111111111101110011101111011111111111110111110111111111100111110111111111110111111010110111111011111111111111011110111111111111111111111111011110111111101111111111110111011011111011111111111110111110111111011111111111111111111111111111111111111111111110110110111111111111111111111111011111111111111111111111101110011111111111111111110111111111110111101111111101111111111111011111111111011111111001110001111111011111111111111111111111111111100111111101110111111111110111111011011111111111011111,e123e6fc473755838825867c92f06d2b814e6d7ffaf616e03f881b88786815bf,bernoulli,bernoulli|conj|p=0.9|zero=allow_iid|rng=MT19937-RandomState,0.9,allow_iid,0.0003031548112630844,3.53190116584301e-05,0.00011480366811156273,0.00010772701352834702,0.0010467790998518467,0.002364118117839098,0.0005610045045614243,7,13,0,5,SAT_found_counterexample,1,boolean_factorization,exclude_x,exclude_x,0,193,466,0,1,0,1,0,0,0,1,1,1,0,0,0.0014879880473017693
4,100,5,100,154987637,28,conj,glucose42,MT19937-RandomState,4.021031782031059e-05,11111111101111011111111101111110111111111111111111101111111111111111011111111111111110111111111111111111111111111111111110111011110111101111111111111111011111111101111111110110111111111111111111111110111111111111011010011111111101101111111011100111111011111101011111111110111111111011111111110111111011111111111111110111111111111110111111101111111011111111101011111101111111011101111111101111111111101111111111111110111111101111111111111011101111111111111111110111111111111011110111111111111111111010,653bbec6c665520a4061d61fa484b72872117790c608cd1664846ae590a0a919,bernoulli,bernoulli|conj|p=0.9|zero=allow_iid|rng=MT19937-RandomState,0.9,allow_iid,0.00027577299624681473,3.2650772482156754e-05,0.00010315189138054848,4.3972861021757126e-05,0.0,0.0004634680226445198,0.0004555485211312771,5,10,0,3,three_column_check_failed,0,,,exclude_x,0,0,0,0,1,0,1,0,0,1,1,0,0,0,0,0.0013559609651565552
4,100,5,100,154987637,29,conj,glucose42,MT19937-RandomState,3.468291833996773e-05,11111111111111111111111111111110111111111111111111111111110111111111111111111111111111111100111111101111111111101010111111111111111111111110111110110111111111111111111101101001111111110111111111111110101111111111111011111111111111110111111111110011111011111101011111101111111111111110111111111111111111111111111101110111111111111111111111101111111110111011111111011111111001011111111111111111111111111110111111111111111111111111111111111101001111111111111111101110101011111111011111111110111111010111,eb346059f3a5820998f0d6b591725f106618514dbb5c5f5de5b787fa65228e81,bernoulli,bernoulli|conj|p=0.9|zero=allow_iid|rng=MT19937-RandomState,0.9,allow_iid,0.0002891537733376026,3.9997976273298264e-05,0.00011504208669066429,0.00010082405060529709,0.000959690660238266,0.0022713281214237213,0.0005450178869068623,7,14,0,5,SAT_found_counterexample,1,boolean_factorization,exclude_x,exclude_x,0,188,460,0,1,0,1,0,0,0,1,1,1,0,0,0.0014455239288508892
4,100,5,100,154987637,30,conj,glucose42,MT19937-RandomState,8.23168084025383e-05,11111111111011011101111011111111111111111111111111011111111111010111111111011111110111111111111111111111101111111011011111111101110110111111011110111111110111111111101111011101111101111111111111111111010101111111111111111111011111101111101111011111111100111111111111111001110111111111111111111111011011111110111111101001111111111101111011101111111101011111010111111101111111111111111111111110011111111111111011111101011111111111111111111111110010111111111111011111111111111111111110111111111111111111,2f1efb2074ea3e44e0e01bb6f9212535d1c29dbbfdd36decc80b569d0f209087,bernoulli,bernoulli|conj|p=0.9|zero=allow_iid|rng=MT19937-RandomState,0.9,allow_iid,0.0003621010109782219,5.0726812332868576e-05,0.0001438390463590622,0.00010932795703411102,0.0011323359794914722,0.0026083681732416153,0.0006659948267042637,9,17,0,5,SAT_found_counterexample,1,boolean_factorization,exclude_x,exclude_x,0,231,590,0,1,0,1,0,0,0,1,1,1,0,0,0.0015148371458053589
4,100,5,100,154987637,31,conj,glucose42,MT19937-RandomState,4.5699067413806915e-05,11111111010111111110111011111011111111111111101101111111111111111111111111111111111111111110111111011111101111111111111111010110111110111111111111111111110111101100111011011111111111111111111111111111111111111111110110100111011111111111111101111111111111111111111111011111111111111111111111101111111111111011101101101111111111011111111111110111111111111110101111110011111111111101111011111011111111110111111111111111111111101111111110111111111011111011110111111110101011101111111111111110011111111111,bd997ba6f2ba1f431813beb4d76e6d68ea1faa4cad3e9b68a441fa12782d3b53,bernoulli,bernoulli|conj|p=0.9|zero=allow_iid|rng=MT19937-RandomState,0.9,allow_iid,0.00029009394347667694,3.514811396598816e-05,0.00010573910549283028,9.36468131840229e-05,0.0,0.0005331803113222122,0.0005246279761195183,6,12,0,3,three_column_check_failed,0,,,exclude_x,0,0,0,0,1,0,1,0,0,1,1,0,0,0,0,0.0014359732158482075
4,100,5,100,154987637,32,conj,glucose42,MT19937-RandomState,3.792298957705498e-05,11011111111010111111111111111111110111100110111011111110111111110111111111111111111111111111111111111111111011111111101101110111110111111011111111111111111111111111111011111011111111111111011111101111111111111111111111111111111110111111111111111110111101111011111111111111110111110111111101111110111110111100101111111111111111111111111111101111111110010101110111111111111111111111111111011111111011011111111111111011111110111111111111111011111110001111111111111111111111110011101111111111111111111111,a472f0f4c2bfbeff4aafdea39e45e4c6929dbd38cdffe633036b41838836e46f,bernoulli,bernoulli|conj|p=0.9|zero=allow_iid|rng=MT19937-RandomState,0.9,allow_iid,0.00029751379042863846,3.446685150265694e-05,0.00011567305773496628,9.905779734253883e-05,0.0007981602102518082,0.001348927617073059,0.0005467114970088005,7,17,1,6,SAT_unsat_identifiable,1,boolean_factorization,exclude_x,exclude_x,0,178,448,0,1,0,1,0,0,0,1,1,1,0,0,0.0014836378395557404
4,100,5,100,154987637,33,conj,glucose42,MT19937-RandomState,4.154816269874573e-05,11100111111111111111011111111111111111111111111011111111110011111101110111111111111111111110111111111000111111111111111111101111111011111111111111111111111111111111111111111111111100110111111111111111111111110111111111111111111111111110111111111101111111111111111111111111101111110111111111111111110101111110011111111111111101111111111111010011111111111011110101111111101111100110111111111111111111111010101101110111100111111111101011011111111111100100110111101000111111111111111101111111011111011111,48f1011958e7462e32cfb77410bb48c2286d3c0f73d632bc43bb3c3cb53264c0,bernoulli,bernoulli|conj|p=0.9|zero=allow_iid|rng=MT19937-RandomState,0.9,allow_iid,0.0003206213004887104,3.840494900941849e-05,0.00013221334666013718,0.00010188063606619835,0.0010547521524131298,0.0016523636877536774,0.0005931202322244644,9,15,1,6,SAT_unsat_identifiable,1,boolean_factorization,exclude_x,exclude_x,0,236,596,0,1,0,1,0,0,0,1,1,1,0,0,0.0015065423212945461
4,100,5,100,154987637,34,conj,glucose42,MT19937-RandomState,3.898702561855316e-05,10101110111111011111111101111111111011111111111111111011111111111101111111111101111111111111111111111111111110110111111111110111110110111111111111111111111111101011111101111111011111111111111111111111110101111111111111111111110111111111111111110111111111111110111111111111111011111111101111101111110101111110111111111111111011111111111011010111111110111111111111011111111111111011110001111111111111111110011011111111111111110110110111111111111111111111011101111111011111111100100111011111101111001111,68dcb3238c1528508d62a54d17150daed2ad55a65a3145ee8dcf936626f06511,bernoulli,bernoulli|conj|p=0.9|zero=allow_iid|rng=MT19937-RandomState,0.9,allow_iid,0.000307552982121706,3.620190545916557e-05,0.0001239301636815071,4.3150968849658966e-05,0.0,0.0005185590125620365,0.0005108360201120377,8,14,0,3,three_column_check_failed,0,,,exclude_x,0,0,0,0,1,0,1,0,0,1,1,0,0,0,0,0.0013818531297147274
4,100,5,100,154987637,35,conj,glucose42,MT19937-RandomState,3.284728154540062e-05,11111111111111111111111111111111111011101001111111111111101111111111111110111011111111111111110111111101110111110111011111111111111111111011111111011011111111111111111110111111111111011111101111111111111110111111111111111111111111111111111111110111111111110011111110111111111101110110111111111111111111111111111111111111111111111111011111111101111111111111110111101111111101111111010111111111111111111111111111111111111111111111111111111111111111111111101111111110110111111101111111111011111101111111,15f292245baeaa78ac5350848d13919c90f046a235b206ef0153f2d1a71222d3,bernoulli,bernoulli|conj|p=0.9|zero=allow_iid|rng=MT19937-RandomState,0.9,allow_iid,0.00027925288304686546,3.359280526638031e-05,0.0001055598258972168,0.000102275051176548,0.0,0.0005263290368020535,0.0005206805653870106,6,12,0,3,three_column_check_failed,0,,,exclude_x,0,0,0,0,1,0,1,0,0,1,1,0,0,0,0,0.0014111599884927273
4,100,5,100,154987637,36,conj,glucose42,MT19937-RandomState,3.303214907646179e-05,11111111111111111111111111111111101111111110111111111101111111111111111110111111011111111111111111111111111111011111111111111111111111111111111111111111001111111100101111111111111111111011111111111110111111111010011111110111111110111111111110111111101011001111111111111111111011111111111111111111101111111011101111111111111111111111111111101110101111111111111110101011111111110011111111111111111111111111111111100101110111110111111111111110011111111111111111111111110101111111111111111111111111011111,f5254bc22fe79d02386332887b9722c9a332e65274fef37fccfe3d21a6ef9c5e,bernoulli,bernoulli|conj|p=0.9|zero=allow_iid|rng=MT19937-RandomState,0.9,allow_iid,0.00029437290504574776,3.406498581171036e-05,0.00011370889842510223,0.00010056979954242706,0.0009785550646483898,0.0023087002336978912,0.0005427165888249874,7,13,0,5,SAT_found_counterexample,1,boolean_factorization,exclude_x,exclude_x,0,193,466,0,1,0,1,0,0,0,1,1,1,0,0,0.0014683026820421219
4,100,5,100,154987637,37,conj,glucose42,MT19937-RandomState,4.048319533467293e-05,11111011111111111111111111110110111111111111110110111111111111111111111111101111111111101111111111110011111101111101111111111110111111101111111101111111111111011111111111011111111111111111011111111111111011111111111111111111110111111111111111111011111111111111111110110101111111111111111111011111011011111111110111111111001001111111111111101111111110011110101111111111111110111111111111111111110101111101111101111111111111111111111111001111111101111111111100111111010111111011011111011111111111110110,37f66af87140d87d8a506bfb68cb92921f06bcd49cc1522f433a7c630cf30c03,bernoulli,bernoulli|conj|p=0.9|zero=allow_iid|rng=MT19937-RandomState,0.9,allow_iid,0.00030819838866591454,3.688689321279526e-05,0.00012465007603168488,9.991973638534546e-05,0.0009969589300453663,0.0023688701912760735,0.0005696550942957401,8,13,0,5,SAT_found_counterexample,1,boolean_factorization,exclude_x,exclude_x,0,217,534,0,1,1,0,0,0,0,1,1,1,0,0,0.0014941790141165257
4,100,5,100,154987637,38,conj,glucose42,MT19937-RandomState,4.272395744919777e-05,11111110001100111111111111111101110110111111111110111101011101111111111011111111100111111111101111101101111111110111111110111101111011111111111111111011111111111101111011111111011101110011111111111011101111101101111101111110111111111111111101111111101111101101101111111111110111101110111111111111101011111101011111111111111111111010111111000111111111111111111111011111110111111101111111111110011111101111010111111111111111111111111111101101111111111111011111011111111111111101011111111111111111111101,cff250115a77de1378dcb92e26a63c5e2f9a83c792472e563b11a79d18012b06,bernoulli,bernoulli|conj|p=0.9|zero=allow_iid|rng=MT19937-RandomState,0.9,allow_iid,0.0003190147690474987,3.624614328145981e-05,0.00012348266318440437,9.971391409635544e-05,0.0012634657323360443,0.0026016817428171635,0.0005784574896097183,8,15,0,5,SAT_found_counterexample,1,boolean_factorization,exclude_x,exclude_x,0,212,528,0,1,0,1,0,0,0,1,1,1,0,0,0.001491050235927105
4,100,5,100,154987637,39,conj,glucose42,MT19937-RandomState,4.34420071542263e-05,01111011011111111111111111101110111011111111101111111111111111111111111010111111111111111111111111111110111111011111111111111111111111110111111111111111111101111111111111111111111111111111111111011111101111011111111110111111110011111111111101011111111111011111101111111111111001111111111111101111111111111111101111111011111111111111111110101101111111111111111100101111111111111011111111111111011011111111011111111111111111111111110111111111110111001111111010111111111111111111111111111110111101111111,eb06df48a60a487fa01bd707fa1b9b499a81083e23a31d6d00ebb63eb2126b3b,bernoulli,bernoulli|conj|p=0.9|zero=allow_iid|rng=MT19937-RandomState,0.9,allow_iid,0.0003132675774395466,3.6461278796195984e-05,0.0001310841180384159,0.00010034814476966858,0.000981698278337717,0.002342534251511097,0.0005811611190438271,8,14,0,5,SAT_found_counterexample,1,boolean_factorization,exclude_x,exclude_x,0,217,534,0,1,0,1,0,0,0,1,1,1,0,0,0.0015004300512373447
4,100,5,100,154987637,40,conj,glucose42,MT19937-RandomState,8.094031363725662e-05,11011111111111110111111111110101111100111111111111111111111111110111111011111111110111111110111111011110111111111111011111111111011110111111111111110111111100111111110111101111111011111111111111111111111111111111111111111010111111111111111110111111111110111000111111101111110111111111111111111111111110111111111011111111110111111111111111111110111111110111111010111111111111110111011111111110011111111111111111111101111110111111111101101111111111111011011110101111111111111111001111111101101111111111,16e526491a5d9feaf96f1f29d33174f6ddeb4ceda1295c36d865aa9a6da5fdd2,bernoulli,bernoulli|conj|p=0.9|zero=allow_iid|rng=MT19937-RandomState,0.9,allow_iid,0.00030231522396206856,4.0946993976831436e-05,0.0001184600405395031,0.00010664109140634537,0.0008911117911338806,0.0022084852680563927,0.0005683633498847485,6,12,0,5,SAT_found_counterexample,1,boolean_factorization,exclude_x,exclude_x,0,169,398,0,1,0,1,0,0,0,1,1,1,0,0,0.0014644539915025234
4,100,5,100,154987637,41,conj,glucose42,MT19937-RandomState,4.3493229895830154e-05,11111101111101111101101111011011111111111111111100101101111111111111111011111111111101111111110111111110111011111101111111111111111111111111111111101111110111111111101111111111111111111111111011111111111111111011101111111111011111111100111111111111111111111111111111111111110111111111001110111110110111111111111111111011011111111111111101111101111111111100111111110011111111111111110011111011111111111111011111101111111011111111111111111101101111111111111101111111111011111111111011111011110111110110,6a420fb1e0c2de0614c0de1e3627c01ff07a772091961d136ea1ce54dc781c19,bernoulli,bernoulli|conj|p=0.9|zero=allow_iid|rng=MT19937-RandomState,0.9,allow_iid,0.00029172422364354134,3.52649949491024e-05,0.00011394498869776726,3.34898941218853e-05,0.0,0.00048241671174764633,0.0004744241014122963,7,12,0,3,three_column_check_failed,0,,,exclude_x,0,0,0,0,1,0,1,0,0,1,1,0,0,0,0,0.0013528820127248764
4,100,5,100,154987637,42,conj,glucose42,MT19937-RandomState,3.6197248846292496e-05,10111111111111111111101111011111111111111111111111111111011111110111111111111101111111111101111111011111111111111110111111111110111111011011111111111011110111111011101111101111110111111111111111101110111111111001111111111111111111111111111111111111110110011111001111111101101111111111111110111111111111110111111110111111111111111110111111111111111111111111111111101111100111011011111111111001111111111101111111011011111111111111111111111111111111111111101111111111111111111111110111111111111111111111,f6bd385519d3c77f7e1d535adc19060c38e00dc7171e900a1a30204313db8357,bernoulli,bernoulli|conj|p=0.9|zero=allow_iid|rng=MT19937-RandomState,0.9,allow_iid,0.0002752239815890789,3.481889143586159e-05,0.00013015978038311005,7.679872214794159e-05,0.0,0.0005227359943091869,0.0005170013755559921,8,11,0,3,three_column_check_failed,0,,,exclude_x,0,0,0,0,1,0,1,0,0,1,1,0,0,0,0,0.0014295638538897038
4,100,5,100,154987637,43,conj,glucose42,MT19937-RandomState,3.36342491209507e-05,11110011111111111101100111011101101110111111111111110011111111011111111111111111011111111111101111110111111101111111111111111111111111110110111111111111111111111110111111111101111001111111111001111111111110111111111111111110101111101110111111101111111111011111110111111111111101111111111110101111111111111011111111111111111111111111011111011110101111111111111111111111011111111111111111111111111011111111111111111111111111111111111111111111111111111110111111111111111101110111111110111111011110111111,018e3490ba7767ecb7ca0b4d9f3a66fa62b8e3cc11a1b3ebfaa51dbebc28f232,bernoulli,bernoulli|conj|p=0.9|zero=allow_iid|rng=MT19937-RandomState,0.9,allow_iid,0.000273670069873333,3.284774720668793e-05,0.00010472489520907402,5.908869206905365e-05,0.0,0.0004756352864205837,0.0004703314043581486,6,11,0,3,three_column_check_failed,0,,,exclude_x,0,0,0,0,1,0,1,0,0,1,1,0,0,0,0,0.0013788919895887375
4,100,5,100,154987637,44,conj,glucose42,MT19937-RandomState,3.301631659269333e-05,11110111111111010111111111111111110111111111111011110011111101111101101101111101111111111111100111111111111111111111111111111111110111111111111111111111011111110111111111110011110101101111111111101111111111111111111011111111111111111111111111111011111111111111111111111111111011111110111111101111111111111111111011111111111111011111011111110111000111101110111111111111111110111111111111111111111111101111001111111111111111111111111111101111011110111111110111011111111111111011111111011111111101011111,7171a8078a75ae21188755df2d91cfbc7d556907de962564d623e0785de280b2,bernoulli,bernoulli|conj|p=0.9|zero=allow_iid|rng=MT19937-RandomState,0.9,allow_iid,0.0003020758740603924,3.453204408288002e-05,0.00011428911238908768,9.876815602183342e-05,0.0010796901769936085,0.0024186577647924423,0.0005496651865541935,7,14,0,5,SAT_found_counterexample,1,boolean_factorization,exclude_x,exclude_x,0,193,466,0,1,0,1,0,0,0,1,1,1,0,0,0.001435631886124611
4,100,5,100,154987637,45,conj,glucose42,MT19937-RandomState,4.232209175825119e-05,11111111111011111111111111110110001111111101111111111101111111111101001110111111111111111111101101111110110111111111111101111111011111111011101111111111111110011111111101111111111111111011111111111111111111111111111101111111111011111111011101111011110111111111111111111111111111011011111111111111011011111111111111010111111110111111101111011111111111111111111111111111111110111111111011111011111011101111111111111111111111111111101111111111101101101111011101111111111111111111111111011111110111111111,6143542028b4b8e651e6002ea225989c5301682035b40a6e87aaa18b809fb655,bernoulli,bernoulli|conj|p=0.9|zero=allow_iid|rng=MT19937-RandomState,0.9,allow_iid,0.0003021988086402416,3.5834964364767075e-05,0.00011567678302526474,0.00010206084698438644,0.000921993050724268,0.002241529058665037,0.0005557714030146599,7,13,0,5,SAT_found_counterexample,1,boolean_factorization,exclude_x,exclude_x,0,193,466,0,1,0,1,0,0,0,1,1,1,0,0,0.0014387667179107666
4,100,5,100,154987637,46,conj,glucose42,MT19937-RandomState,4.454934969544411e-05,11011111111111111111111110101101111111111111111110010111111111111101111111111111111111111111101101111111111101111111101111101110111110111111110111111111101111111111111111111111111111111111111110111100101111111111111111111011111011110111110101111111111011111111111110101111111111011111111101111111111111111100111111111111110110111111111111111111110111011111111010101111111111111111101011101101111111111111111111111111111111111111011111110101111110111101111111111110111111111111111111111111111111111101,66757c294edc9087989055edd3e33f19952028e3756ab63a8dd2ad3b2e4928d5,bernoulli,bernoulli|conj|p=0.9|zero=allow_iid|rng=MT19937-RandomState,0.9,allow_iid,0.0002869251184165478,3.575719892978668e-05,0.0001073107123374939,4.48920764029026e-05,0.0,0.0004837270826101303,0.00047488510608673096,6,11,0,3,three_column_check_failed,0,,,exclude_x,0,0,0,0,1,0,1,0,0,1,1,0,0,0,0,0.0013646329753100872
4,100,5,100,154987637,47,conj,glucose42,MT19937-RandomState,4.207715392112732e-05,11111101111111101101110111111111111111111111111111101111111110111111111111011111111111111111111111101111100111111110111101111010110011111111111111111111100010101011111111111101110111101111111111111111110110111111111111111111111110111110111111111111111111111111111111111110111111011111111111111111111111111111111111111111111111011111111111111111111111110101101111111111111111111101011111111111111111111111111111111111110111011101111111111011111111111011111101110111110010111110011111111111111111111111,50dd6c589c87058fbee140874a308081c87de49404fbb0e6d1c0535e3ebee1e1,bernoulli,bernoulli|conj|p=0.9|zero=allow_iid|rng=MT19937-RandomState,0.9,allow_iid,0.0002902168780565262,3.3427029848098755e-05,0.00010556122288107872,9.908527135848999e-05,0.0007759919390082359,0.0013085650280117989,0.0005282904021441936,6,14,1,6,SAT_unsat_identifiable,1,boolean_factorization,exclude_x,exclude_x,0,159,386,0,1,0,1,0,0,0,1,1,1,0,0,0.0014602639712393284
4,100,5,100,154987637,48,conj,glucose42,MT19937-RandomState,4.055118188261986e-05,11011111111111011111111110111111111111111111111111111111011111111011111111111101001111111101111111101111111111111001111111101111111111111011111111011101111111111111101111110111111111111111111111111110111111111111101111111111111111111111111111111111111111101111110111111111111111111101111111111111111111111011011111111111111111111111111111111111110111101110111110111111111111001111111101111011111111111111111111111010111111111111111111111110111111111111111110111111111111111111111111110001111101111111,6c6a67b8a7930d745301cd601e043c2c342a13cd6da1d30e1044c6dd10cdffbf,bernoulli,bernoulli|conj|p=0.9|zero=allow_iid|rng=MT19937-RandomState,0.9,allow_iid,0.0002731778658926487,3.4032855182886124e-05,0.00010548532009124756,6.066169589757919e-05,0.0,0.00048063695430755615,0.00047335773706436157,6,10,0,3,three_column_check_failed,0,,,exclude_x,0,0,0,0,1,0,1,0,0,1,1,0,0,0,0,0.0013681850396096706
4,100,5,100,154987637,49,conj,glucose42,MT19937-RandomState,3.393413498997688e-05,11111111111111111011111111101110111110111111110011111111111111111111111111111111101111011101111111100111111101111101111111111111111110101111111111111011111111111110111111101101101111101111110111111111011111111111011111111111111111110111011111111110111101111111111101101111111111111111110101111111011111111101111101111111111111111101111111111111101111011111111110111111111111110111111111111111110011111110111111111111101111111111111111111111010111111010111111111111011101111101111111111111011111111111,277ced9e8c2f1e88c12eaf6293cd3ffd8a2972887914d75b193917f3e0c53dc4,bernoulli,bernoulli|conj|p=0.9|zero=allow_iid|rng=MT19937-RandomState,0.9,allow_iid,0.0002703811042010784,3.4646131098270416e-05,0.00011397711932659149,6.832601502537727e-05,0.0,0.0004927250556647778,0.0004873303696513176,7,11,0,3,three_column_check_failed,0,,,exclude_x,0,0,0,0,1,0,1,0,0,1,1,0,0,0,0,0.0014337492175400257
4,100,5,100,154987637,50,conj,glucose42,MT19937-RandomState,8.450541645288467e-05,11011111011111111111011111101110111101111111111111011111111011011011111111111111111111111111111111111110111111101111111101111111111111111111111110111111111111111111110101101111111111111111111111111111011000110111101111111111110101111101111111111111111011111111111111111111111110111101111111111111110111111111111100111011111111011101111001110111111111111111111111111111111111111111111111011110111011111111101111111111111111001111111111111111111110111011111101101111011111111111111111111111111110101111,d791bef2620212b539fdb694de22bea82f62b8c74aa71258068e7c8106af1488,bernoulli,bernoulli|conj|p=0.9|zero=allow_iid|rng=MT19937-RandomState,0.9,allow_iid,0.0003224024549126625,4.339776933193207e-05,0.00012999912723898888,0.00010512908920645714,0.00114911375567317,0.0025423760525882244,0.0006009284406900406,8,14,0,5,SAT_found_counterexample,1,boolean_factorization,exclude_x,exclude_x,0,217,534,0,1,0,1,0,0,0,1,1,1,0,0,0.0014944551512598991
4,100,5,100,154987637,51,conj,glucose42,MT19937-RandomState,4.350394010543823e-05,11111111110101111111111110111111111111111011111011110111011111111011101111111111111011111111111111111111111111111101111110111111111111111110111111111101111011111111111111111111111111110101111111111111111110101110111111111011110101110111111111111111111111110110110110101111111111111111111111111011111101101111111111111011011111111011111111111111111111111110111111111111111011111111111111111101101011111100111111011111111111111011111111111111111111101111111011110110111111011011111111101111101111011111,b014233203938bab526bdd3604bedaaccb34070e39c6f50935d771605faab1ea,bernoulli,bernoulli|conj|p=0.9|zero=allow_iid|rng=MT19937-RandomState,0.9,allow_iid,0.00029511842876672745,3.4091994166374207e-05,0.00010682176798582077,0.00010056886821985245,0.0009113037958741188,0.002208628226071596,0.0005366010591387749,6,13,0,5,SAT_found_counterexample,1,boolean_factorization,exclude_x,exclude_x,0,169,398,0,1,0,1,0,0,0,1,1,1,0,0,0.001467294991016388
4,100,5,100,154987637,52,conj,glucose42,MT19937-RandomState,4.352070391178131e-05,11111111111111011111111111010111111101111101111111111111111011011110111111011111011111111111110111110111111111110111111101101101111111101111111111111111111111111111111111011111011111111111111111111110111111111011111011111111111111111111111111101111111111111111111111111111110110111111111111111110111101111011110101111111111111111111111111111111011110111111111111111111111111110111111111011111111111111111110111111111110110111111111111111111110111111111011111011111111111111111111101011111111110111111,62a1c951a751e52ca335b2e083bd05b04acb748e16429365400cf7f06632bdbd,bernoulli,bernoulli|conj|p=0.9|zero=allow_iid|rng=MT19937-RandomState,0.9,allow_iid,0.00027552107349038124,3.433460369706154e-05,0.00010576192289590836,4.4255051761865616e-05,0.0,0.0004677050746977329,0.00045987265184521675,6,10,0,3,three_column_check_failed,0,,,exclude_x,0,0,0,0,1,0,1,0,0,1,1,0,0,0,0,0.0014026053249835968
4,100,5,100,154987637,53,conj,glucose42,MT19937-RandomState,3.734184429049492e-05,11110111011111111111111111011111111111111011101111111111111111001111111111110111111011101110110111111101011110111111111111111111111001111111111111111111111101110111111111100111111101111101111111111111110111111110111101110011111111110111111111111100111101111111111111111110111111111111111111110111011111111111101111111111101111111101111111101111011111111111111111111111111111111111111111111110111111111111111001001111111111111111111111111011011111111111111111111111011111111111111111111111111011111111,e8558ae53459c426ee204084cf2b4b2dbd37786b7488f4c3e606c20e7f9a2360,bernoulli,bernoulli|conj|p=0.9|zero=allow_iid|rng=MT19937-RandomState,0.9,allow_iid,0.0002822158858180046,3.385264426469803e-05,0.00011277571320533752,6.947200745344162e-05,0.0,0.0005054492503404617,0.0004983162507414818,7,12,0,3,three_column_check_failed,0,,,exclude_x,0,0,0,0,1,0,1,0,0,1,1,0,0,0,0,0.0014002150855958462
4,100,5,100,154987637,54,conj,glucose42,MT19937-RandomState,3.478396683931351e-05,01110111101111111111101111111101101111111111111111110111111101111111111111011101111111110111101011111111111011111101111111111111111111001111110111111101111111111111111100110111111111111011111111111010101101111110111111110011111101111110111110110111111111010111111111101111101110110111111111111111111111111111111111111111111111111111110111111101111111111111011111111110111110011111111111111111011111110110111101110111111111111111111111111111111111110111111110101111111111111111111111111111111111111111,6f0e6cffaeeb4c76beca077402bdf0f3dc6a89b5b8873d1d0038b61b3c4d4b10,bernoulli,bernoulli|conj|p=0.9|zero=allow_iid|rng=MT19937-RandomState,0.9,allow_iid,0.00028405990451574326,3.381306305527687e-05,0.00011292891576886177,8.362066000699997e-05,0.0,0.0005203709006309509,0.0005144225433468819,7,13,0,3,three_column_check_failed,0,,,exclude_x,0,0,0,0,1,0,1,0,0,1,1,0,0,0,0,0.0013945498503744602
4,100,5,100,154987637,55,conj,glucose42,MT19937-RandomState,3.3649150282144547e-05,11011111111011111101110111111101111111111111111111111111111111111111110111101110011101111011111111111010111111111111111101111101111111111111111111111101011101101110111111010111111111111111111111111111111111111111111111111111111111101111111111111110111111111011111111110111111111111011111010110111011110111111101111111101111111111111111111111111110111011011111011111111111111111011111111111111111111111101111111011111101111111111111111111011101111111111111111111110101111111111110111100111111111111111,f093c9832261617c8b283792a8d6f8dcc011885bb2a4993a7c0de9115f82b7ea,bernoulli,bernoulli|conj|p=0.9|zero=allow_iid|rng=MT19937-RandomState,0.9,allow_iid,0.0002869819290935993,3.367708995938301e-05,0.00012062583118677139,0.00010040681809186935,0.0010585039854049683,0.002392776310443878,0.0005416916683316231,7,14,0,5,SAT_found_counterexample,1,boolean_factorization,exclude_x,exclude_x,0,193,466,0,1,0,1,0,0,0,1,1,1,0,0,0.0014489470049738884
4,100,5,100,154987637,56,conj,glucose42,MT19937-RandomState,4.265736788511276e-05,11001011111111111111111111111101110111111111111101111111101111111111011111101011111101111101111111111011111011111111111101001111010111011110111111111111111110101111111111011111111111111111011111111111011111111011111111111011111111111110111111111110111111111111111110111101111111101111111111111110111111111111111111011111011111111111111111111111111111111111011111111011111111111101111110111111111111111101111101101111111011101111111111011111111111111111111111111111111111111111111111011111111101111111,b0208e5fc24d2d74abae463bdba090adcd0bf4269164d509e4f75e68d90706c8,bernoulli,bernoulli|conj|p=0.9|zero=allow_iid|rng=MT19937-RandomState,0.9,allow_iid,0.0002977140247821808,3.639189526438713e-05,0.00011550216004252434,9.441608563065529e-05,0.0,0.0005528428591787815,0.0005440241657197475,7,12,0,3,three_column_check_failed,0,,,exclude_x,0,0,0,0,1,0,1,0,0,1,1,0,0,0,0,0.001436654943972826
4,100,5,100,154987637,57,conj,glucose42,MT19937-RandomState,3.578886389732361e-05,11111111110011111111111111111111110111111111111111111111011011111011101111101110111111101111111111111111111111111111111111111111110111111111111111101111111111111111111111111111111011001111111111111111111111111111111111111111111110111111111111111101101111111111111110111101111111111111111111111111111111111111111111111011111111111111111111111111111011011111111111111111111111111111110011011101111111111110111111101011111111111101111111111110111111111111111111111111111011111111111111111110111101111111,798aaf5e716caebf208f8c07fef8cd0bd8e4c328fc0d800e0709fde42c194fcc,bernoulli,bernoulli|conj|p=0.9|zero=allow_iid|rng=MT19937-RandomState,0.9,allow_iid,0.000279097817838192,3.523007035255432e-05,0.00011029327288269997,0.0001013120636343956,0.0009726197458803654,0.002275609876960516,0.0005259332247078419,6,12,0,5,SAT_found_counterexample,1,boolean_factorization,exclude_x,exclude_x,0,174,404,0,1,0,1,0,0,0,1,1,1,0,0,0.0014292486011981964
4,100,5,100,154987637,58,conj,glucose42,MT19937-RandomState,4.259170964360237e-05,11101111111110111011111101111111111111010111111111011111011111111111111111111111110110111111111111111110110100101110111111111111111001111001011111111111111110101111111110111111011110111111101110111111111111101111111111111110111101111111111111111110111111111111111111111111111110111111001111011111111111111111111111111111111111111101111111111111111111100111111101111111011111111111110111111111111111111111111011111111011111111101111111010011111111111111111111111101111111111011011110111101111111101111,b0c1473e7a72212fc379ae2ad87cd9370b44846c077be7d64b4ae35f8125af2c,bernoulli,bernoulli|conj|p=0.9|zero=allow_iid|rng=MT19937-RandomState,0.9,allow_iid,0.00028111599385738373,3.34479846060276e-05,9.722495451569557e-05,9.342189878225327e-05,0.0,0.000513128936290741,0.0005052108317613602,5,11,0,3,three_column_check_failed,0,,,exclude_x,0,0,0,0,1,0,1,0,0,1,1,0,0,0,0,0.0013861432671546936
4,100,5,100,154987637,59,conj,glucose42,MT19937-RandomState,3.581726923584938e-05,11111111111111111111101111111111111111110111111111111110111111111111111011111111111111111111111101111111111111111111111111111111011110111111011101111110111111111111111111011111011111110011111111111111011111111110111111111111111111101111111111111111111111111111111110101111011111111110011110111111111111110111111111111111111101011111111111111111111111010111111111111111011111111101110111011111111101110111111111111111111011111111111111111011111011101111111110111111101110101101111111110111011101011111,b53d570601c9589ff3815247f40b80513d19c85201370d970ff331f2d107c4be,bernoulli,bernoulli|conj|p=0.9|zero=allow_iid|rng=MT19937-RandomState,0.9,allow_iid,0.0002777799963951111,3.481563180685043e-05,0.00011418387293815613,3.433693200349808e-05,0.0,0.0004668300971388817,0.0004611164331436157,7,12,0,3,three_column_check_failed,0,,,exclude_x,0,0,0,0,1,0,1,0,0,1,1,0,0,0,0,0.0013554217293858528
4,100,5,100,154987637,60,conj,glucose42,MT19937-RandomState,0.00010802317410707474,11111111111111001111111101111111101011111011110111111011111111111111110111111111111111111111111111111111111111111111111111111111111011101111111011111110111111101111110011111111111111111111110111011111111111111111111111111111101111111111011111101011011111111111111111111111111111111111111011110111011111001111110111111111111111110111111111101111111011110111111111001111111011111111111011111001101111111111110111001111111111110101111111111011111111110111101111101111111111111111111111111101111111001111,fcaa3ae17a7094191e3b2a63faefe165f84b6c07607962d3d36b1561ab40ea15,bernoulli,bernoulli|conj|p=0.9|zero=allow_iid|rng=MT19937-RandomState,0.9,allow_iid,0.00032016122713685036,5.755620077252388e-05,0.00011919066309928894,0.00010303594172000885,0.0,0.0006108242087066174,0.000599944032728672,6,12,0,3,three_column_check_failed,0,,,exclude_x,0,0,0,0,1,0,1,0,0,1,1,0,0,0,0,0.0014321408234536648
4,100,5,100,154987637,61,conj,glucose42,MT19937-RandomState,4.2493920773267746e-05,01101111111011111111111111111111111111111111111111111111111110111110110101011101111111101111101111111111111111011111111111111110111111110011001111111111001111111111111111111111001111011111101011111111100110101111101111111111111111111111111111011111111101111111111111111011111111101111111111111111111111111111111111111111110111111111011110111111001111011111111111110111101111111111111111111011111111111110111111011111110110111110101111111111111111110001111101111111111111111111111011111111111011111111,ec896db4d05d4359d90453bc4942a3b74e145398c7c43cbfcb4f2757b98080cf,bernoulli,bernoulli|conj|p=0.9|zero=allow_iid|rng=MT19937-RandomState,0.9,allow_iid,0.00031211134046316147,3.7276651710271835e-05,0.00012364424765110016,0.00010035606101155281,0.0010186857543885708,0.0015970747917890549,0.0005733883008360863,8,15,1,6,SAT_unsat_identifiable,1,boolean_factorization,exclude_x,exclude_x,0,212,528,0,1,0,1,0,0,0,1,1,1,0,0,0.0015437710098922253
4,100,5,100,154987637,62,conj,glucose42,MT19937-RandomState,4.234304651618004e-05,10111111111011111111101111010011111111111111011111111111111111111010110111111111111111111110111111111111011111101110111110111100111111111111111111111111111011111111111111111111101111111111111111101111111111111111111111111111101111110111111111110111111111101111111111111011101111111110101111110111111110111111111111111111111111101111111111111111111111111101101111111111111111111110110111111111111111111111111011111101111111101111111011111101111011111111111111100111111011111111111111111111111101011011,9a9dab145febce8d032a832b73bc32a215ceb5ca7162f2c62f8c57ccfac71806,bernoulli,bernoulli|conj|p=0.9|zero=allow_iid|rng=MT19937-RandomState,0.9,allow_iid,0.0002811211161315441,4.213722422719002e-05,0.00010699499398469925,0.00010005896911025047,0.0,0.0005389521829783916,0.0005303123034536839,6,11,0,3,three_column_check_failed,0,,,exclude_x,0,0,0,0,1,0,1,0,0,1,1,0,0,0,0,0.0014353478327393532
4,100,5,100,154987637,63,conj,glucose42,MT19937-RandomState,3.801891580224037e-05,11101111101011101111111111111111111101111111101111111011011110111111110110101111011111111011111111111111111111111111110101111100111111110111111111111011111111111111110111011111111111111111111011111111111101111111111111111111011111111111111111101111111111111111101111011110111111111111110111011111111111111111111011110111011111111111011111110111001111111111111111111111111011111111111111011111111111111111111111110111011111101111011111111011111101111011110111111111111111111111111111011111111111111111,b4d3e45ba4d5e91cfb941f978212d8253db89d366b04cfcd8791c0888f7951d2,bernoulli,bernoulli|conj|p=0.9|zero=allow_iid|rng=MT19937-RandomState,0.9,allow_iid,0.0002725599333643913,3.560073673725128e-05,0.00011435197666287422,9.315088391304016e-05,0.0,0.000522121787071228,0.000515663530677557,7,10,0,3,three_column_check_failed,0,,,exclude_x,0,0,0,0,1,0,1,0,0,1,1,0,0,0,0,0.0014578853733837605
4,100,5,100,154987637,64,conj,glucose42,MT19937-RandomState,3.8146041333675385e-05,10111000111111111111111111101111111111011011101111111111111111111111111111111111011111111101111111111111101111110111111011111111111111110111110111111111111111111001100111111111111011110011111111111111011111111111111111110101111111111111110111111111111111011111111111110111111111101111101111110111100111001111111111111110111111111111111110111111011111111111111111111111111111111111111111111111111111111111111111111111111111111111111111111001111111111111111111111111110111111110111111101111110111111111,69f2c2347892919155f9837d1ec275fef05836f29619efff33eab1adf228d84f,bernoulli,bernoulli|conj|p=0.9|zero=allow_iid|rng=MT19937-RandomState,0.9,allow_iid,0.00027982285246253014,3.448314964771271e-05,0.00011359108611941338,6.942125037312508e-05,0.0,0.0005032271146774292,0.0004973183386027813,7,12,0,3,three_column_check_failed,0,,,exclude_x,0,0,0,0,1,0,1,0,0,1,1,0,0,0,0,0.0014616809785366058
4,100,5,100,154987637,65,conj,glucose42,MT19937-RandomState,3.6957208067178726e-05,11111111111111111111111110111111111110111111111111111111111111111011111110111111011101111101101111011111111111111110111111101110111111111111111111101111111111101111111011101101101111111111111111110111110101110111111111111111011111110111111111111111111111111110111111111111111101110111111111111111111110111111111110110111111111111111101111111110111111101111011111110110111111011111111101111101111100111110111110111111111110111111111001111111111111111111111111111111111111111111111111111111111110011111,27892ca90ffb42eb81067866ab02e9c891b1db3c90d3203950d639c94dda59d8,bernoulli,bernoulli|conj|p=0.9|zero=allow_iid|rng=MT19937-RandomState,0.9,allow_iid,0.00028243986889719963,3.393692895770073e-05,0.00010573398321866989,0.00010071694850921631,0.0009696506895124912,0.002254428341984749,0.0005228277295827866,6,13,0,5,SAT_found_counterexample,1,boolean_factorization,exclude_x,exclude_x,0,169,398,0,1,0,1,0,0,0,1,1,1,0,0,0.0014356449246406555
4,100,5,100,154987637,66,conj,glucose42,MT19937-RandomState,4.231557250022888e-05,11011111101111111111101111111111111101111011010111111111111111011111111111110110111111011111111011110111111111111111111110111111111111110111111111111111011101111011011110111111111101110111111111111111111111111111111111111111111111111111111111110101111111011111111111110111111110101111111111011111111011110111001111111101111011011110111111111111111011111111111111101000111111101111111111111111111111110011111111111111111110111010111111111111111111111011111010111111111110111110111111111111111111001111,c3ad21fac15e3312f5ee7f2e4c92f9426bdaa00d7d452ea1df4c1d9d2b446e05,bernoulli,bernoulli|conj|p=0.9|zero=allow_iid|rng=MT19937-RandomState,0.9,allow_iid,0.0003085141070187092,3.648223355412483e-05,0.000123556237667799,0.00010032206773757935,0.0010431432165205479,0.0016160751692950726,0.0005688746459782124,8,14,1,6,SAT_unsat_identifiable,1,boolean_factorization,exclude_x,exclude_x,0,217,534,0,1,0,1,0,0,0,1,1,1,0,0,0.0015262928791344166
4,100,5,100,154987637,67,conj,glucose42,MT19937-RandomState,4.3520238250494e-05,11111110111111101101111111111111111111011011110111110111111111111111110111111111110111111101011111111111111111111111111111111011111111111111011101111111111111111111101110111101111111111111101011111111111111111111111111010111111111011111111111111111111011111111011011011111111111101111111111111111111111011111101101111111111111111111111110111111111101111111111111111111110111111111011111111111011101110111011110111111111111111111111111101111111110110111111111011011111111111010111111110111111111111111,7f213454c231b6b2fe2a4359cac2d7d56ea8c56994426d385b21905c66cb0c5a,bernoulli,bernoulli|conj|p=0.9|zero=allow_iid|rng=MT19937-RandomState,0.9,allow_iid,0.0002853493206202984,3.6485958844423294e-05,0.00011528469622135162,7.777335122227669e-05,0.0,0.0005259993486106396,0.00051489332690835,7,10,0,3,three_column_check_failed,0,,,exclude_x,0,0,0,0,1,0,1,0,0,1,1,0,0,0,0,0.0014059841632843018
4,100,5,100,154987637,68,conj,glucose42,MT19937-RandomState,3.695394843816757e-05,11111010111011111111111111111111011111111001011111011111111111111011011111111111100111111111111011101111101111111111111111111111111111011111111010111111111111111111111111111111111001111111111111111111111111111111111111111101111001111111111111111111111111101111111111111111101101111111111111111111111010011111110011110111101111111111111101111111011101111111111111111111111111011110111111111101111111101010111111011111111111111111111101101011100110111111111111111111111111111100111111111111111111111111,b4e4abbfc856ebf8c5165ded446e03f88d462bd401126e37fa2c7a3d801482b3,bernoulli,bernoulli|conj|p=0.9|zero=allow_iid|rng=MT19937-RandomState,0.9,allow_iid,0.00031627994030714035,3.6918092519044876e-05,0.00012394879013299942,0.00010416936129331589,0.001018111128360033,0.0016036969609558582,0.0005813161842525005,8,15,1,6,SAT_unsat_identifiable,1,boolean_factorization,exclude_x,exclude_x,0,212,528,0,1,0,1,0,0,0,1,1,1,0,0,0.0014879093505442142
4,100,5,100,154987637,69,conj,glucose42,MT19937-RandomState,4.145503044128418e-05,11111011111101111111111111101111111111111111111011111111111111111111110111111011111111101111111111111111111111101111111101111110111111111111110110111111101111101111111111011111110111111111111111111111111111111111111111101011111111111110111111111111111101111111011111111111011101111101111111111111111110110110111111111111111111100110111111101111111111111111111111111011111111111111111111111111111111110111011110111111111011111101111111111111111110111111111111111111111111011110111111111111111111011111,22c3f60eb3c2d5bef9af7fddc4ad84cef50c6850e37e5c2d28853dafb040c501,bernoulli,bernoulli|conj|p=0.9|zero=allow_iid|rng=MT19937-RandomState,0.9,allow_iid,0.0002871137112379074,3.646686673164368e-05,0.00011820113286376,2.5336164981126785e-05,0.0,0.00047863880172371864,0.00046711787581443787,7,10,0,3,three_column_check_failed,0,,,exclude_x,0,0,0,0,1,0,1,0,0,1,1,0,0,0,0,0.001349747646600008
4,100,5,100,154987637,70,conj,glucose42,MT19937-RandomState,9.304936975240707e-05,11101111111111111111100111111111111111111111111111111101111111111101111111011111111111101111111111111111111111111111111111111101111111111111011111111111111101111111111001111111111111111111111111110111111110101111110101111011111110111111111111111110110111111111111111111111111010111100011101111111111110111111101111110101111111011110111111111110111111110111011111111111101111111111111111111110111111110101001101111011111111111111111101111111111010111110101111111111111111111111101111111111111111111111,941552bbb13f2193023b90947856bfb5dd6583ebe8fe26d00c28fd8e279421b4,bernoulli,bernoulli|conj|p=0.9|zero=allow_iid|rng=MT19937-RandomState,0.9,allow_iid,0.00033189915120601654,5.1445793360471725e-05,0.00014767562970519066,0.00011160923168063164,0.0009625870734453201,0.001611161045730114,0.0006426298059523106,8,15,1,6,SAT_unsat_identifiable,1,boolean_factorization,exclude_x,exclude_x,0,212,528,0,1,0,1,0,0,0,1,1,1,0,0,0.001515671145170927
4,100,5,100,154987637,71,conj,glucose42,MT19937-RandomState,4.8341695219278336e-05,10111111111111111110111111111011111111111111111111111111111111111111111111111111110111111111110111111101111111111111101111111111011111011100111111111111011110101111010111111111111110110111101111111111111111111011111001011111111111111111111110110110111111110111111111111111111111101111111111111111110111111110111111111101101111110110111111111111111111111111111011111101111001111111111111111111111101111111111111110111111111111111111101101111111111101111111111111101111111111110110111011111111111111111,04bd3a83d5054733339e3836a1ddf2fc62c8b29498ec60a7ddedc2fcbee952b5,bernoulli,bernoulli|conj|p=0.9|zero=allow_iid|rng=MT19937-RandomState,0.9,allow_iid,0.0003170538693666458,3.724312409758568e-05,0.00011706817895174026,0.00010151881724596024,0.0009424998424947262,0.002320149913430214,0.000572883989661932,7,13,0,5,SAT_found_counterexample,1,boolean_factorization,exclude_x,exclude_x,0,193,466,0,1,0,1,0,0,0,1,1,1,0,0,0.001447679940611124
4,100,5,100,154987637,72,conj,glucose42,MT19937-RandomState,4.472024738788605e-05,11111110011101111111111111111011111010111111101110001111001111111111111111111110111111111111111101111111111111101111111111111111011111111011111111110110111111111111101111111111111111111101110111111011111111111111111111101011111111111111111111011111111101111111111111111111111101111101111111111111111111111111111111111111111111110111101111011111011111111101111110111111111111111011111111101111101111111111110111101111111101110110111011111111110000111111110011111101111111101111111110101111111010111011,b30eb39da692c95554316e0f7454e1a03289e671c16edbb3942addd7c6de02d5,bernoulli,bernoulli|conj|p=0.9|zero=allow_iid|rng=MT19937-RandomState,0.9,allow_iid,0.00031662872061133385,3.581680357456207e-05,0.00011529866605997086,9.994115680456161e-05,0.0009806491434574127,0.002318422310054302,0.0005676853470504284,7,14,0,5,SAT_found_counterexample,1,boolean_factorization,exclude_x,exclude_x,0,188,460,0,1,0,1,0,0,0,1,1,1,0,0,0.0014526420272886753
4,100,5,100,154987637,73,conj,glucose42,MT19937-RandomState,4.2662955820560455e-05,11111111011011111111111111111111111111111111101111111001011011011110111111110111111111111111101111111110111111111111111110111101111001111111111111111110111101111101111011111111111101111111010111111011111101111111111111111111111110111110111111111111011111101111110111101111111111111111111111101111111111101111111111111111111111111111111111111111111101111111111111111111111011111111111110111111111101111111111111111111111111111111011111111111111111111111111111111111111111100111111111111111111111110111,3bda1abbe056631c0329ede23eeb432e2330c9a724c284d9fcdb2719a962ef49,bernoulli,bernoulli|conj|p=0.9|zero=allow_iid|rng=MT19937-RandomState,0.9,allow_iid,0.00028634630143642426,3.4519005566835403e-05,0.00010573910549283028,3.512296825647354e-05,0.0,0.0004704277962446213,0.0004617273807525635,6,10,0,3,three_column_check_failed,0,,,exclude_x,0,0,0,0,1,0,1,0,0,1,1,0,0,0,0,0.001332589890807867
4,100,5,100,154987637,74,conj,glucose42,MT19937-RandomState,4.35621477663517e-05,10111111101111111011011011111111011011111101111111111111011111111111111111111111111111111111110110111111111111111111011111111011111110110111101111111111111111111011111111111110111111101111110111011111111111111111111111111111011111111111111111101111111101110101111111011101111101111101111111111111111111111111101111111111101111011101101101111111111111111111111111111111111111111111111111111111100111111111111011110111111111111111111111111111111010111111111110011111111111011101111101111111110111111111,279ec138bc1fe4854d99f90cc943bff06af345991a681e2f1c4c2147e7f30025,bernoulli,bernoulli|conj|p=0.9|zero=allow_iid|rng=MT19937-RandomState,0.9,allow_iid,0.0002845628187060356,3.3915042877197266e-05,0.00011295918375253677,2.446584403514862e-05,0.0,0.0004621143452823162,0.0004559028893709183,7,12,0,3,three_column_check_failed,0,,,exclude_x,0,0,0,0,1,0,1,0,0,1,1,0,0,0,0,0.0013603512197732925
4,100,5,100,154987637,75,conj,glucose42,MT19937-RandomState,3.7794001400470734e-05,11111111111111111111111111101111111111111111111111111111111111111111111111111110100111111101011011111111010111011101111111011111111111111011111111011111011110110111111111011111110111111011111111111111110110011111111111111111111110101111011111111111110111111111111011111111111110111111111111111011101111111101111111111111101011111111111111110101111111111111111111011111111111111111111111111111111111110001011111111011111111111111001011111101011101111111111011111111111110111111011111011111111111111111,e97a51dd32992931ac85165dce688d41b67dc7d073c451fbadbb62742e3b88d2,bernoulli,bernoulli|conj|p=0.9|zero=allow_iid|rng=MT19937-RandomState,0.9,allow_iid,0.00030342722311615944,3.4263357520103455e-05,0.00011397106572985649,0.00010032206773757935,0.000860349740833044,0.0014165779575705528,0.0005519837141036987,7,14,1,6,SAT_unsat_identifiable,1,boolean_factorization,exclude_x,exclude_x,0,183,454,0,1,1,0,0,0,0,1,1,1,0,0,0.0015068738721311092
4,100,5,100,154987637,76,conj,glucose42,MT19937-RandomState,4.0403101593256e-05,10011111111111111111110111010111110111111111111011101111110111111111110111011111111011111111101111111011111111111011111111101111111111111011010111111111111111111101111111111011111111111111111111111111111111111111111110111111110111111011111111111111111111111011011111111111111111111111111111110101111111111111110111111101110111110111110111101111110111111111111111111111101111111111110110111111111111111111111111111111101111101111111111111111111011111111110111111111111100111111101111111011011111111111,a68020df5cafe2465cbb6819b73a44f485be863dd160b37bc6450332a20a932a,bernoulli,bernoulli|conj|p=0.9|zero=allow_iid|rng=MT19937-RandomState,0.9,allow_iid,0.0003013322129845619,3.444822505116463e-05,0.00011422624811530113,0.0001005958765745163,0.0010063089430332184,0.002341457176953554,0.000550602562725544,7,14,0,5,SAT_found_counterexample,1,boolean_factorization,exclude_x,exclude_x,0,193,466,0,1,0,1,0,0,0,1,1,1,0,0,0.0014508571475744247
4,100,5,100,154987637,77,conj,glucose42,MT19937-RandomState,4.100799560546875e-05,11111111111011110110011111101110111111111100011111011111110101100111101111111111111111110110010011111101111111111111111111111111110111111111111111011111001111111111001110111110111111111101111111111111111111111111111111111111111111111111101111111111111111111111011111111111111111111111111011111111111111111111110111111111111110101111111111111111111111111111011111101101011101111111101101010111111011111111111111111111111111111111111111111111111001011011111111111111111111111111111111111111111111110111,58b452461bcca9d7d6eae71332851d61e97ce34c5e9d2eb93890e11edf616f1d,bernoulli,bernoulli|conj|p=0.9|zero=allow_iid|rng=MT19937-RandomState,0.9,allow_iid,0.0003261277452111244,3.8008205592632294e-05,0.00012533832341432571,0.0001005837693810463,0.0009105619974434376,0.0015047932974994183,0.0005900580435991287,8,17,1,6,SAT_unsat_identifiable,1,boolean_factorization,exclude_x,exclude_x,0,202,516,0,1,0,1,0,0,0,1,1,1,0,0,0.0014951461926102638
4,100,5,100,154987637,78,conj,glucose42,MT19937-RandomState,4.200125113129616e-05,11111111111110110111111101111111111111111111111110111011110101011111110111111111111111111011111111111111111111111111111111111101110111111111011111110111101111101111111101101101111101111110110111111111011111111111111111111111101111111111111110111101111111111111111011111111111111011100111111011111111110111111010111111101101101111111110111111111111111111111110011111101011111101101111111111101101111101111111011111111111001111110111111111111111111011111111111110011110111110101110111110111111111111111,de54ea4a073b48d26dd9cd4adac79217af5942412577a146023688b28731d093,bernoulli,bernoulli|conj|p=0.9|zero=allow_iid|rng=MT19937-RandomState,0.9,allow_iid,0.0003110840916633606,3.707315772771835e-05,0.00012988364323973656,0.00010010600090026855,0.001100397203117609,0.00246809097006917,0.0005781468935310841,8,15,0,5,SAT_found_counterexample,1,boolean_factorization,exclude_x,exclude_x,0,217,534,0,1,0,1,0,0,0,1,1,1,0,0,0.001460733823478222
4,100,5,100,154987637,79,conj,glucose42,MT19937-RandomState,4.4253189116716385e-05,11111011111111011111101111110111111111111111111111101111111111111010111111111111111111111011111111111011111111111111111111111011111111111100011111111111111111111011111110111110111111111111111111111111111111111111101111111111101111111111111011011110101111111111111111111011111111011111111111111111101111111111111111111011110111111111110111110111111110110011111111111111011111111111111111011111111111101110111111111111111111011111111011011111011001010111111111111111111111111101111101111100111111110111,be0103528ae9ccd23361f9014fe1c074916b0ed90c5b768de014adbd5033d5b2,bernoulli,bernoulli|conj|p=0.9|zero=allow_iid|rng=MT19937-RandomState,0.9,allow_iid,0.00032091932371258736,3.729201853275299e-05,0.00012374483048915863,0.00010007200762629509,0.0009883581660687923,0.0015749167650938034,0.0005820281803607941,8,15,1,6,SAT_unsat_identifiable,1,boolean_factorization,exclude_x,exclude_x,0,212,528,0,1,0,1,0,0,0,1,1,1,0,0,0.0015225773677229881
4,100,5,100,154987637,80,conj,glucose42,MT19937-RandomState,8.870428428053856e-05,11111101111011111111111011111111110011111111111111011111011111111011111111111111111101111110111111111111101111101011111111110011111011111111111111111111111111111111110111111111101111111011111111111111011111111100101111010101011101111111111111111111111111111111111111111110111011111111011001111111111111110111111111110101110111111110111111111111111111111100111111011100111111011111011111111111111111011111111111111111111101111111111110111111111111111110110111011111011111111111111110111111111111111111,1d20cb49a6b0e76e41b3711124f4f0ebc56e0246fa69f5b9855f843787917f94,bernoulli,bernoulli|conj|p=0.9|zero=allow_iid|rng=MT19937-RandomState,0.9,allow_iid,0.00031897565349936485,4.5206863433122635e-05,0.00011708633974194527,6.638001650571823e-05,0.0,0.0005567511543631554,0.000547648873180151,6,13,0,3,three_column_check_failed,0,,,exclude_x,0,0,0,0,1,0,1,0,0,1,1,0,0,0,0,0.0014039566740393639
4,100,5,100,154987637,81,conj,glucose42,MT19937-RandomState,4.0489714592695236e-05,11111111111111111111011111011110111111111101111111110111110101111111111111111111101111111111111111111011111111111011111111111101101111101111011111111111111001111111101111111111111011111101101110111111111111111111111111111111011101111110101111101101111111111111111110111111111111011000101111111111111111101111111111011111110111110111111111111111111111110111111111111111111111111111111111011111111111111101011111111110111111111011111111111111111111111111111111111111110011111110110111011111110111111101,23f0667f9c509eddb5a794aabb2e419654ed192fb0c65412705517ea02c0b904,bernoulli,bernoulli|conj|p=0.9|zero=allow_iid|rng=MT19937-RandomState,0.9,allow_iid,0.00030739884823560715,3.641005605459213e-05,0.00011475803330540657,0.00010087713599205017,0.0009672059677541256,0.0015309220179915428,0.000559444073587656,7,14,1,6,SAT_unsat_identifiable,1,boolean_factorization,exclude_x,exclude_x,0,188,460,0,1,0,1,0,0,0,1,1,1,0,0,0.0014557638205587864
4,100,5,100,154987637,82,conj,glucose42,MT19937-RandomState,4.6152155846357346e-05,11101101111111111111111111111111111111111111111111111111111111110011111110111011111111111011111110111111001111111111111101111011101110111110111111011111111111111111111111111111110101111111110111111111111111111111111110111111111111111111111111100111111111111111111111011111111111111111011111011111111110101111111110101111111111111011111111111011101111111111111111111011011111111111111111111111111101111101011011111011111111111111111111110111111111011111111100111111111111111111011111101101111111011111,49974f1e29e16f1ee0b71db4c466ae5df2d7d209ac6e6ba106f01e90feb4ca84,bernoulli,bernoulli|conj|p=0.9|zero=allow_iid|rng=MT19937-RandomState,0.9,allow_iid,0.00028858892619609833,3.435090184211731e-05,0.00010585924610495567,9.932601824402809e-05,0.0009131189435720444,0.0022145090624690056,0.0005281250923871994,6,13,0,5,SAT_found_counterexample,1,boolean_factorization,exclude_x,exclude_x,0,169,398,0,1,0,1,0,0,0,1,1,1,0,0,0.0014309589751064777
4,100,5,100,154987637,83,conj,glucose42,MT19937-RandomState,3.6221928894519806e-05,11111111111111010110101011111111110111111111101111101111110111011111111011111101111111111110111111111110111111111111111111111111111111111111111111110111101111111111111111111111111111111111111110101111111111111111111001101111111111110110011111011111111111111101111101111111111111111011111111111111111111111111111110111011110111111001111111111111111111010111100111111010111111111011101111111111111111111111111111111011111101111111111111111110111111111111111111111111111111111101111111111001111111101111,e8a1178c1eb5579b87a7f3e82430a2ad2556fcc9065729e0cbf07c8a9a8bd058,bernoulli,bernoulli|conj|p=0.9|zero=allow_iid|rng=MT19937-RandomState,0.9,allow_iid,0.00029985979199409485,3.6037061363458633e-05,0.00011481530964374542,9.967898949980736e-05,0.0008921087719500065,0.0022222832776606083,0.0005503911525011063,7,13,0,5,SAT_found_counterexample,1,boolean_factorization,exclude_x,exclude_x,0,193,466,0,1,0,1,0,0,0,1,1,1,0,0,0.001432719174772501
4,100,5,100,154987637,84,conj,glucose42,MT19937-RandomState,3.685895353555679e-05,01011111111110111111111111111111011111111111111111111101111111111011111111111111010111111111001111111110111111111110111111111111110111111111100111111111110111101111111111100111111111111110111111111111111111011111111111101111111111111110011111011111111100111111111111111111111111101111111110111111011111101111111111010111111111111011111101111111110111111101110111111001011111111111111111111111111111111100111010101111111111111110111111111111111111111111111111111111111111111111111110111111111011111111,3d043ed32605d216c7d73ee300eaffcf923a28fc977e7d9ff8f95b86c9fcd1cf,bernoulli,bernoulli|conj|p=0.9|zero=allow_iid|rng=MT19937-RandomState,0.9,allow_iid,0.00029609818011522293,3.5857781767845154e-05,0.0001144171692430973,0.00010047992691397667,0.0008596768602728844,0.0014104465954005718,0.0005468530580401421,7,13,1,6,SAT_unsat_identifiable,1,boolean_factorization,exclude_x,exclude_x,0,193,466,0,1,0,1,0,0,0,1,1,1,0,0,0.0014903582632541656
4,100,5,100,154987637,85,conj,glucose42,MT19937-RandomState,3.489712253212929e-05,10111111111110101111110111111101111110111111101111111111101111111111111111110001111110101111111111111101110111111111111111011111111011111111101111111111111011111111101111111111100110111111111110011111111111111111111111110110011111111111111111111011111111111111011111101111110111011111111111011111111111111111110011111111011011111111111111011111111111111111011111111111111111101111111111110111110101111111011111111111111111101111111111111111111101111111011101111111111110110111111111111011111110111111,949184e985434018f8cbfb50fcf3ffb9a9c7025cbdebb0901e7d7e48e94d733b,bernoulli,bernoulli|conj|p=0.9|zero=allow_iid|rng=MT19937-RandomState,0.9,allow_iid,0.0003612642176449299,3.7841033190488815e-05,0.0001224321313202381,9.972602128982544e-05,0.0009134011343121529,0.001538621261715889,0.0006212634034454823,8,14,1,6,SAT_unsat_identifiable,1,boolean_factorization,exclude_x,exclude_x,0,212,528,0,1,0,1,0,0,0,1,1,1,0,0,0.0015079197473824024
4,100,5,100,154987637,86,conj,glucose42,MT19937-RandomState,3.7359073758125305e-05,11111101111111111111111111111111111111011011111111111111111111111111110111111111111001101111111111111111111111111101111110101111111111111101111011111111111111111111011111111111111111111011111011110111111111111110101111111111110111111111011101111101110111110111101011111111111111111111111111101111111011111111111111111111111111111111111110100111111111111111111101011111011111111111111111011111111111101111111111111111111111111111111111111111111111111111011111111110111111110111011111101101111111111111,339f26290f31da87110fff6c9860a9f64887f5f4b6694a0958ae5c492725e464,bernoulli,bernoulli|conj|p=0.9|zero=allow_iid|rng=MT19937-RandomState,0.9,allow_iid,0.0002763723023235798,3.359699621796608e-05,0.00010652514174580574,4.346994683146477e-05,0.0,0.00046762172132730484,0.0004599643871188164,6,11,0,3,three_column_check_failed,0,,,exclude_x,0,0,0,0,1,0,1,0,0,1,1,0,0,0,0,0.0013696090318262577
4,100,5,100,154987637,87,conj,glucose42,MT19937-RandomState,3.28519381582737e-05,11111111111111011111111110110110111111111111110110111111111011111011111111111101111011111111111111111111111111111011111110111110111111111011111010111111011110111110111111111011110111111111111111111111011111111110101111111111101111111111110111111111111101011111111111110111111101111111111111111111111111111111101001111111111111110111010010011101111111111110011000111111111110111111111101111111101111100111111110111111111110110111110111111111111111111011111111111110111111111010111111111111101111111110,75300128e4813ec55b69d68d2a499a7d10f61299c0b8ff276de6bd58c12d3b4b,bernoulli,bernoulli|conj|p=0.9|zero=allow_iid|rng=MT19937-RandomState,0.9,allow_iid,0.0003067147918045521,3.4629832953214645e-05,0.00012334855273365974,9.959191083908081e-05,0.0008433489128947258,0.0014111120253801346,0.0005642850883305073,8,15,1,6,SAT_unsat_identifiable,1,boolean_factorization,exclude_x,exclude_x,0,207,522,0,1,0,1,0,0,0,1,1,1,0,0,0.0015005460008978844
4,100,5,100,154987637,88,conj,glucose42,MT19937-RandomState,3.3836811780929565e-05,01111111011111101111111101111111110111110111111111111111111111111111111111101111111110111111111111111111101011111111111011111111111111111011111110111111111111011111111111111111111111111111111111111111101111111111110011111111111111111111111111111110111111111110100111111101111111011111111111111110111111111110011111110101111111111110111111111111111111111111111111110111110011111110111111111111110111010111111111111111111111111111111111111110111111111111111111111111111111011111111111011111111111111001,feed7649de7232172931e25e448240947e69285e164cc79e13622642445683f8,bernoulli,bernoulli|conj|p=0.9|zero=allow_iid|rng=MT19937-RandomState,0.9,allow_iid,0.0002726009115576744,3.387685865163803e-05,0.00010504014790058136,6.943102926015854e-05,0.0,0.000489021185785532,0.00048094894737005234,6,12,0,3,three_column_check_failed,0,,,exclude_x,0,0,0,0,1,0,1,0,0,1,1,0,0,0,0,0.0013995436020195484
4,100,5,100,154987637,89,conj,glucose42,MT19937-RandomState,3.2532960176467896e-05,11111111011111111111111111111111111111111110111111111111011111011111111101111111111111111111111111111111111111111111111111111111111110111111111111111101111111111101111110111111111111011111111111111111111101111111011111111101111111111111111111111100111110111101111111111101111111111011111111111111111011111101111111111111111111011111111111011110110111011101110111011110101111111111111110111111111111011111101110111111110111111100101111111111111111111111111101110111011111110111111111111111111111101101,e5657d1ab13a4085b2b3858584bb26c496b57c98d9f557982f5745785510bc13,bernoulli,bernoulli|conj|p=0.9|zero=allow_iid|rng=MT19937-RandomState,0.9,allow_iid,0.0002765608951449394,3.361096605658531e-05,0.00011370563879609108,0.00010866206139326096,0.000936651136726141,0.002240748144686222,0.0005325395613908768,7,12,0,5,SAT_found_counterexample,1,boolean_factorization,exclude_x,exclude_x,0,198,472,0,1,0,1,0,0,0,1,1,1,0,0,0.001440123189240694
4,100,5,100,154987637,90,conj,glucose42,MT19937-RandomState,8.688308298587799e-05,11111111111111110110001111011111101111111111111111111111111111111101111111111111111111111111111111111111111101111111111111111111011111110110111111111111111111111111111111110011111111111111111101111011010111111010111011111111111111111011111110000110101011111111011111111111110111111111111111111111111011110111110111110111011111111111111111111011111111111111111111111111111111101111111111111111101111111011111111111111111101111111111111111111111101001111111011111111101110111011111110111011111111011011,419266829d18799472ebf8ada40426fc63515c69e80b94cd822f052352891c74,bernoulli,bernoulli|conj|p=0.9|zero=allow_iid|rng=MT19937-RandomState,0.9,allow_iid,0.0003500082530081272,4.9526337534189224e-05,0.0001412997953593731,0.00010988768190145493,0.0011948938481509686,0.001851499080657959,0.0006507220678031445,9,15,1,6,SAT_unsat_identifiable,1,boolean_factorization,exclude_x,exclude_x,0,236,596,0,1,1,0,0,0,0,1,1,1,0,0,0.0015298468060791492
4,100,5,100,154987637,91,conj,glucose42,MT19937-RandomState,4.605669528245926e-05,11111101111111111111111110111111111111110110111111111110111111111111111111011011111111111111111100111110111111111111111111111111111011111101111101111111101110111111111111111111111111111111111001111011111111010111111111110111111111111111110111111111111111111110111111111011111110011111110111111111111111111101110101111111111110111111111111111111111111111111111111101111111111111110111111111011111111111111111111111111110011101111101111011011110111111110111111101011001111111011101111111111101110111111,4a019a1d721c77465c5e7b252ccc286a2ce3bcb39fa44b70b57adfe32fdbcc0a,bernoulli,bernoulli|conj|p=0.9|zero=allow_iid|rng=MT19937-RandomState,0.9,allow_iid,0.00030284328386187553,3.693206235766411e-05,0.00011613080278038979,0.00010196631774306297,0.0010319962166249752,0.0023739850148558617,0.0005578724667429924,7,14,0,5,SAT_found_counterexample,1,boolean_factorization,exclude_x,exclude_x,0,193,466,0,1,0,1,0,0,0,1,1,1,0,0,0.001448988914489746
4,100,5,100,154987637,92,conj,glucose42,MT19937-RandomState,4.266807809472084e-05,11111110111111111011110111111111111111111111111111111101101111111111100111110111111111111111110101110110111111111111001111110111110111111111111101111111111010111111111111011111111111111111111111111111110111111111111111111110111111111111111110101111111111111111111111111111101111111111111111111111111111011101101111111111101111010111111111111011111111111011111111111111111101111111111111111111111111111111111101111111111111111110111111111110111111111111111111111111011111110111111111110111110111100111,57f89c3923415643ec78ccfcfadb3e4888ee1be1d66581bd5554544b45c13d81,bernoulli,bernoulli|conj|p=0.9|zero=allow_iid|rng=MT19937-RandomState,0.9,allow_iid,0.00029410189017653465,3.526778891682625e-05,0.00011513568460941315,0.000101529061794281,0.0,0.0005556419491767883,0.000546034425497055,7,13,0,3,three_column_check_failed,0,,,exclude_x,0,0,0,0,1,0,1,0,0,1,1,0,0,0,0,0.0014215102419257164
4,100,5,100,154987637,93,conj,glucose42,MT19937-RandomState,3.552110865712166e-05,11111011011111110111111011111111011111111010110111111110101111111011111011011011111111111111111110111111111101011111111110111101111111111111111111110011100111111001111111111111111111111111111011111111111111011101111111111111111011011101111111011111110101011111111111111111111111111111110111111111101111111111110011111111111111101110111111111101111111111111011111111101101111111111111111111111111110111111011111111110010110111111110111111111110111111110100111101111111111111111111110111111111011110111,1e8e3cde3d6392b12aa69ca50fff957705b68a75572e246c7e603907f2f865cd,bernoulli,bernoulli|conj|p=0.9|zero=allow_iid|rng=MT19937-RandomState,0.9,allow_iid,0.0003514746204018593,4.38992865383625e-05,0.00014019012451171875,0.00010065780952572823,0.0010598339140415192,0.0017002476379275322,0.0006362218409776688,10,18,1,6,SAT_unsat_identifiable,1,boolean_factorization,exclude_x,exclude_x,0,250,652,0,1,0,1,0,0,0,1,1,1,0,0,0.0015280460938811302
4,100,5,100,154987637,94,conj,glucose42,MT19937-RandomState,4.020519554615021e-05,11111110111111101111111111111111111111111111111111111011111111111111110111101011111111111111011111011111111111011111111111001111111111011101111111111111111111111111111111101111111111011111111111111111111110111111011111111111111111011111011011111111111111111111011011111111110011111111010101111110111110111111111111111101111111011111111111111111110111111111110111111111111100111111111111100101111111111111111111111111111011111111111111110111111111110101111011111111111111111111111101111111111101111111,0293f92f9314d9eb1995e7aa30e155b24978eca08bd01f8a1163136820ea869b,bernoulli,bernoulli|conj|p=0.9|zero=allow_iid|rng=MT19937-RandomState,0.9,allow_iid,0.00027796998620033264,3.476487472653389e-05,0.00010711373761296272,0.00010178191587328911,0.0008680205792188644,0.002136913128197193,0.0005216305144131184,6,12,0,5,SAT_found_counterexample,1,boolean_factorization,exclude_x,exclude_x,0,174,404,0,1,0,1,0,0,0,1,1,1,0,0,0.0014290851540863514
4,100,5,100,154987637,95,conj,glucose42,MT19937-RandomState,3.9052218198776245e-05,11110111111111111111110111111111010111111111111111111011111111111111111111111111111111101111111111111011111111110111110011111111111111111111111011111111111011111111111111111111111111111101011111011111111111101111111111111111111111111101110011111111111111111011111110111011101110111111111110111111111101011111101111111111111111101111111111111001101101101111111111111111111010101111111011111111111111111111111110111111111111111101011111111011101111111111110111111111111111101111111111101101111110110110,ef514a8a1102d94f18fdfcc9cb2a88ff0e40f3f276e764788d8af705c301a0f8,bernoulli,bernoulli|conj|p=0.9|zero=allow_iid|rng=MT19937-RandomState,0.9,allow_iid,0.0003362339921295643,3.847619518637657e-05,0.00012444425374269485,0.00010250182822346687,0.0010583349503576756,0.002457164227962494,0.0006016562692821026,8,15,0,5,SAT_found_counterexample,1,boolean_factorization,exclude_x,exclude_x,0,217,534,0,1,0,1,0,0,0,1,1,1,0,0,0.001469695009291172
4,100,5,100,154987637,96,conj,glucose42,MT19937-RandomState,4.3184030801057816e-05,11110111001111111111001000111111111111111111101111111111111111111111111101111111111010111111111111110111110111111110111111110111001111001111111111111111011011111111011111110111111011111111111111111111111011110111101111111111011111111111111111110011111111110111111101111111111101111111111111110111111111111010111111011111111111110111110111111101111111101111111011111111101111110111111111111111111111111111101011111101011111101111111111101111111011111111111111111011111111111110111001111111111111101011,06cf347d337695779fa569e6a2b09786ee1cd42c301ff09328ac7e1494a525ec,bernoulli,bernoulli|conj|p=0.9|zero=allow_iid|rng=MT19937-RandomState,0.9,allow_iid,0.00029246602207422256,3.6973971873521805e-05,0.00011608703061938286,3.5332050174474716e-05,0.0,0.000489033292979002,0.00048085907474160194,7,11,0,3,three_column_check_failed,0,,,exclude_x,0,0,0,0,1,1,0,0,0,1,1,0,0,0,0,0.0013608369044959545
4,100,5,100,154987637,97,conj,glucose42,MT19937-RandomState,3.6189332604408264e-05,11111110111111011111111111111111100111111111111111100111111011111111111111110101110111111111111111111111111111011101011111111001111110111111011111101101111111011111111111111111111111111111111111011101111011111101111011011110111111111111111110111111111111111111111111111111111100101111111110110111111111111011111111111111111110011111111111111111111111111111011111111111111101111100101110111110111101111111011111011110111111111011111101011111111101111111111111111110111110111011111111101111111111111111,8fa9af2e93daedb82bdd9f9860a2473757e0ad77ac7a393eea21b6305756ce60,bernoulli,bernoulli|conj|p=0.9|zero=allow_iid|rng=MT19937-RandomState,0.9,allow_iid,0.0003054230473935604,3.5532284528017044e-05,0.0001230691559612751,9.995698928833008e-05,0.0010321708396077156,0.0016005742363631725,0.0005639814771711826,8,15,1,6,SAT_unsat_identifiable,1,boolean_factorization,exclude_x,exclude_x,0,212,528,0,1,0,1,0,0,0,1,1,1,0,0,0.0015172408893704414
4,100,5,100,154987637,98,conj,glucose42,MT19937-RandomState,4.244968295097351e-05,11110111111111111111111111011111111111111111111101111111111110110101011111111111111111111111111111111111111110111111111111111111111011111101111111111111111111111111010111111111111111111011111111111101111111111111110111111111111111101111111111110111011111111111111111111111111011101111111111110111111101111101111111011101011111111101101111101011110101111111111101111111111011100111111111011101111111111111111111110110101110111110111111111010111111111101111101110111111111111011111101111111111111111110,3d03243747850a25b21d86c208409214dd9277dbe86ab93ae2b8a071a2ad475d,bernoulli,bernoulli|conj|p=0.9|zero=allow_iid|rng=MT19937-RandomState,0.9,allow_iid,0.00030386587604880333,3.5937875509262085e-05,0.0001239529810845852,0.00010156026110053062,0.0011224467307329178,0.002463210839778185,0.0005653169937431812,7,14,0,5,SAT_found_counterexample,1,boolean_factorization,exclude_x,exclude_x,0,193,466,0,1,0,1,0,0,0,1,1,1,0,0,0.0014521991834044456
4,100,5,100,154987637,99,conj,glucose42,MT19937-RandomState,4.3217092752456665e-05,10111111011111101111011111111101111110111101111111111111111111110111111111111011111111111011110111111110111101011111111111111110111111111111110111111111110100111111111111111011111101111111111111111011111111111111111110111110011111111111111111111111111111001111110111111111111110110111111011110101111111111111101111110111101111110111111111101001111100111111111011111111111111011111111111111111111110001001111111111111011111111111111101111111110111111111110111111111111011111110111111111111111110111111,406a7cae86465c5bf94e06ea536ca78afdeb2e54edb7ffbead9e963c83017cda,bernoulli,bernoulli|conj|p=0.9|zero=allow_iid|rng=MT19937-RandomState,0.9,allow_iid,0.0002944059669971466,3.6034733057022095e-05,0.00011452427133917809,3.540283069014549e-05,0.0,0.00048791104927659035,0.0004803678020834923,7,11,0,3,three_column_check_failed,0,,,exclude_x,0,0,0,0,1,0,1,0,0,1,1,0,0,0,0,0.0013568070717155933
